MH = 0.0  Teff = 8300 K  logg = 4.4  L/H = 1.25  Vturb = 2.0 km/s                         
          24 angles   1.00000000000000       0.900000000000000       0.800000000000000       0.700000000000000       0.600000000000000       0.500000000000000       0.400000000000000       0.350000000000000       0.300000000000000       0.250000000000000       0.220000000000000       0.200000000000000       0.170000000000000       0.150000000000000       0.120000000000000       0.100000000000000       9.000000000000000E-002  8.000000000000000E-002  7.000000000000001E-002  6.000000000000000E-002  5.000000000000000E-002  3.000000000000000E-002  2.000000000000000E-002  1.000000000000000E-002
   9.09000142606891       0.000000000000000E+000  0.000000000000000E+000  0.000000000000000E+000  0.000000000000000E+000  0.000000000000000E+000  0.000000000000000E+000  0.000000000000000E+000  0.000000000000000E+000  0.000000000000000E+000  0.000000000000000E+000  0.000000000000000E+000  0.000000000000000E+000  0.000000000000000E+000  0.000000000000000E+000  0.000000000000000E+000  0.000000000000000E+000  0.000000000000000E+000  0.000000000000000E+000  0.000000000000000E+000  0.000000000000000E+000  0.000000000000000E+000  0.000000000000000E+000  0.000000000000000E+000  0.000000000000000E+000
   9.35000169137598       0.000000000000000E+000  0.000000000000000E+000  0.000000000000000E+000  0.000000000000000E+000  0.000000000000000E+000  0.000000000000000E+000  0.000000000000000E+000  0.000000000000000E+000  0.000000000000000E+000  0.000000000000000E+000  0.000000000000000E+000  0.000000000000000E+000  0.000000000000000E+000  0.000000000000000E+000  0.000000000000000E+000  0.000000000000000E+000  0.000000000000000E+000  0.000000000000000E+000  0.000000000000000E+000  0.000000000000000E+000  0.000000000000000E+000  0.000000000000000E+000  0.000000000000000E+000  0.000000000000000E+000
   9.61000100300860       0.000000000000000E+000  0.000000000000000E+000  0.000000000000000E+000  0.000000000000000E+000  0.000000000000000E+000  0.000000000000000E+000  0.000000000000000E+000  0.000000000000000E+000  0.000000000000000E+000  0.000000000000000E+000  0.000000000000000E+000  0.000000000000000E+000  0.000000000000000E+000  0.000000000000000E+000  0.000000000000000E+000  0.000000000000000E+000  0.000000000000000E+000  0.000000000000000E+000  0.000000000000000E+000  0.000000000000000E+000  0.000000000000000E+000  0.000000000000000E+000  0.000000000000000E+000  0.000000000000000E+000
   9.77000182651065       0.000000000000000E+000  0.000000000000000E+000  0.000000000000000E+000  0.000000000000000E+000  0.000000000000000E+000  0.000000000000000E+000  0.000000000000000E+000  0.000000000000000E+000  0.000000000000000E+000  0.000000000000000E+000  0.000000000000000E+000  0.000000000000000E+000  0.000000000000000E+000  0.000000000000000E+000  0.000000000000000E+000  0.000000000000000E+000  0.000000000000000E+000  0.000000000000000E+000  0.000000000000000E+000  0.000000000000000E+000  0.000000000000000E+000  0.000000000000000E+000  0.000000000000000E+000  0.000000000000000E+000
   9.96000143351230       0.000000000000000E+000  0.000000000000000E+000  0.000000000000000E+000  0.000000000000000E+000  0.000000000000000E+000  0.000000000000000E+000  0.000000000000000E+000  0.000000000000000E+000  0.000000000000000E+000  0.000000000000000E+000  0.000000000000000E+000  0.000000000000000E+000  0.000000000000000E+000  0.000000000000000E+000  0.000000000000000E+000  0.000000000000000E+000  0.000000000000000E+000  0.000000000000000E+000  0.000000000000000E+000  0.000000000000000E+000  0.000000000000000E+000  0.000000000000000E+000  0.000000000000000E+000  0.000000000000000E+000
   10.2000012382537       0.000000000000000E+000  0.000000000000000E+000  0.000000000000000E+000  0.000000000000000E+000  0.000000000000000E+000  0.000000000000000E+000  0.000000000000000E+000  0.000000000000000E+000  0.000000000000000E+000  0.000000000000000E+000  0.000000000000000E+000  0.000000000000000E+000  0.000000000000000E+000  0.000000000000000E+000  0.000000000000000E+000  0.000000000000000E+000  0.000000000000000E+000  0.000000000000000E+000  0.000000000000000E+000  0.000000000000000E+000  0.000000000000000E+000  0.000000000000000E+000  0.000000000000000E+000  0.000000000000000E+000
   10.3800015686470       0.000000000000000E+000  0.000000000000000E+000  0.000000000000000E+000  0.000000000000000E+000  0.000000000000000E+000  0.000000000000000E+000  0.000000000000000E+000  0.000000000000000E+000  0.000000000000000E+000  0.000000000000000E+000  0.000000000000000E+000  0.000000000000000E+000  0.000000000000000E+000  0.000000000000000E+000  0.000000000000000E+000  0.000000000000000E+000  0.000000000000000E+000  0.000000000000000E+000  0.000000000000000E+000  0.000000000000000E+000  0.000000000000000E+000  0.000000000000000E+000  0.000000000000000E+000  0.000000000000000E+000
   10.5600018990402       0.000000000000000E+000  0.000000000000000E+000  0.000000000000000E+000  0.000000000000000E+000  0.000000000000000E+000  0.000000000000000E+000  0.000000000000000E+000  0.000000000000000E+000  0.000000000000000E+000  0.000000000000000E+000  0.000000000000000E+000  0.000000000000000E+000  0.000000000000000E+000  0.000000000000000E+000  0.000000000000000E+000  0.000000000000000E+000  0.000000000000000E+000  0.000000000000000E+000  0.000000000000000E+000  0.000000000000000E+000  0.000000000000000E+000  0.000000000000000E+000  0.000000000000000E+000  0.000000000000000E+000
   10.7700019666076       0.000000000000000E+000  0.000000000000000E+000  0.000000000000000E+000  0.000000000000000E+000  0.000000000000000E+000  0.000000000000000E+000  0.000000000000000E+000  0.000000000000000E+000  0.000000000000000E+000  0.000000000000000E+000  0.000000000000000E+000  0.000000000000000E+000  0.000000000000000E+000  0.000000000000000E+000  0.000000000000000E+000  0.000000000000000E+000  0.000000000000000E+000  0.000000000000000E+000  0.000000000000000E+000  0.000000000000000E+000  0.000000000000000E+000  0.000000000000000E+000  0.000000000000000E+000  0.000000000000000E+000
   11.0400015085230       0.000000000000000E+000  0.000000000000000E+000  0.000000000000000E+000  0.000000000000000E+000  0.000000000000000E+000  0.000000000000000E+000  0.000000000000000E+000  0.000000000000000E+000  0.000000000000000E+000  0.000000000000000E+000  0.000000000000000E+000  0.000000000000000E+000  0.000000000000000E+000  0.000000000000000E+000  0.000000000000000E+000  0.000000000000000E+000  0.000000000000000E+000  0.000000000000000E+000  0.000000000000000E+000  0.000000000000000E+000  0.000000000000000E+000  0.000000000000000E+000  0.000000000000000E+000  0.000000000000000E+000
   11.4000012156351       0.000000000000000E+000  0.000000000000000E+000  0.000000000000000E+000  0.000000000000000E+000  0.000000000000000E+000  0.000000000000000E+000  0.000000000000000E+000  0.000000000000000E+000  0.000000000000000E+000  0.000000000000000E+000  0.000000000000000E+000  0.000000000000000E+000  0.000000000000000E+000  0.000000000000000E+000  0.000000000000000E+000  0.000000000000000E+000  0.000000000000000E+000  0.000000000000000E+000  0.000000000000000E+000  0.000000000000000E+000  0.000000000000000E+000  0.000000000000000E+000  0.000000000000000E+000  0.000000000000000E+000
   11.7800013833129       0.000000000000000E+000  0.000000000000000E+000  0.000000000000000E+000  0.000000000000000E+000  0.000000000000000E+000  0.000000000000000E+000  0.000000000000000E+000  0.000000000000000E+000  0.000000000000000E+000  0.000000000000000E+000  0.000000000000000E+000  0.000000000000000E+000  0.000000000000000E+000  0.000000000000000E+000  0.000000000000000E+000  0.000000000000000E+000  0.000000000000000E+000  0.000000000000000E+000  0.000000000000000E+000  0.000000000000000E+000  0.000000000000000E+000  0.000000000000000E+000  0.000000000000000E+000  0.000000000000000E+000
   12.1300018138166       0.000000000000000E+000  0.000000000000000E+000  0.000000000000000E+000  0.000000000000000E+000  0.000000000000000E+000  0.000000000000000E+000  0.000000000000000E+000  0.000000000000000E+000  0.000000000000000E+000  0.000000000000000E+000  0.000000000000000E+000  0.000000000000000E+000  0.000000000000000E+000  0.000000000000000E+000  0.000000000000000E+000  0.000000000000000E+000  0.000000000000000E+000  0.000000000000000E+000  0.000000000000000E+000  0.000000000000000E+000  0.000000000000000E+000  0.000000000000000E+000  0.000000000000000E+000  0.000000000000000E+000
   12.4800012906458       0.000000000000000E+000  0.000000000000000E+000  0.000000000000000E+000  0.000000000000000E+000  0.000000000000000E+000  0.000000000000000E+000  0.000000000000000E+000  0.000000000000000E+000  0.000000000000000E+000  0.000000000000000E+000  0.000000000000000E+000  0.000000000000000E+000  0.000000000000000E+000  0.000000000000000E+000  0.000000000000000E+000  0.000000000000000E+000  0.000000000000000E+000  0.000000000000000E+000  0.000000000000000E+000  0.000000000000000E+000  0.000000000000000E+000  0.000000000000000E+000  0.000000000000000E+000  0.000000000000000E+000
   12.7100018187788       0.000000000000000E+000  0.000000000000000E+000  0.000000000000000E+000  0.000000000000000E+000  0.000000000000000E+000  0.000000000000000E+000  0.000000000000000E+000  0.000000000000000E+000  0.000000000000000E+000  0.000000000000000E+000  0.000000000000000E+000  0.000000000000000E+000  0.000000000000000E+000  0.000000000000000E+000  0.000000000000000E+000  0.000000000000000E+000  0.000000000000000E+000  0.000000000000000E+000  0.000000000000000E+000  0.000000000000000E+000  0.000000000000000E+000  0.000000000000000E+000  0.000000000000000E+000  0.000000000000000E+000
   12.8400019514324       0.000000000000000E+000  0.000000000000000E+000  0.000000000000000E+000  0.000000000000000E+000  0.000000000000000E+000  0.000000000000000E+000  0.000000000000000E+000  0.000000000000000E+000  0.000000000000000E+000  0.000000000000000E+000  0.000000000000000E+000  0.000000000000000E+000  0.000000000000000E+000  0.000000000000000E+000  0.000000000000000E+000  0.000000000000000E+000  0.000000000000000E+000  0.000000000000000E+000  0.000000000000000E+000  0.000000000000000E+000  0.000000000000000E+000  0.000000000000000E+000  0.000000000000000E+000  0.000000000000000E+000
   13.0500020189997       0.000000000000000E+000  0.000000000000000E+000  0.000000000000000E+000  0.000000000000000E+000  0.000000000000000E+000  0.000000000000000E+000  0.000000000000000E+000  0.000000000000000E+000  0.000000000000000E+000  0.000000000000000E+000  0.000000000000000E+000  0.000000000000000E+000  0.000000000000000E+000  0.000000000000000E+000  0.000000000000000E+000  0.000000000000000E+000  0.000000000000000E+000  0.000000000000000E+000  0.000000000000000E+000  0.000000000000000E+000  0.000000000000000E+000  0.000000000000000E+000  0.000000000000000E+000  0.000000000000000E+000
   13.2400016260014       0.000000000000000E+000  0.000000000000000E+000  0.000000000000000E+000  0.000000000000000E+000  0.000000000000000E+000  0.000000000000000E+000  0.000000000000000E+000  0.000000000000000E+000  0.000000000000000E+000  0.000000000000000E+000  0.000000000000000E+000  0.000000000000000E+000  0.000000000000000E+000  0.000000000000000E+000  0.000000000000000E+000  0.000000000000000E+000  0.000000000000000E+000  0.000000000000000E+000  0.000000000000000E+000  0.000000000000000E+000  0.000000000000000E+000  0.000000000000000E+000  0.000000000000000E+000  0.000000000000000E+000
   13.3900022192206       0.000000000000000E+000  0.000000000000000E+000  0.000000000000000E+000  0.000000000000000E+000  0.000000000000000E+000  0.000000000000000E+000  0.000000000000000E+000  0.000000000000000E+000  0.000000000000000E+000  0.000000000000000E+000  0.000000000000000E+000  0.000000000000000E+000  0.000000000000000E+000  0.000000000000000E+000  0.000000000000000E+000  0.000000000000000E+000  0.000000000000000E+000  0.000000000000000E+000  0.000000000000000E+000  0.000000000000000E+000  0.000000000000000E+000  0.000000000000000E+000  0.000000000000000E+000  0.000000000000000E+000
   13.6600017611360       0.000000000000000E+000  0.000000000000000E+000  0.000000000000000E+000  0.000000000000000E+000  0.000000000000000E+000  0.000000000000000E+000  0.000000000000000E+000  0.000000000000000E+000  0.000000000000000E+000  0.000000000000000E+000  0.000000000000000E+000  0.000000000000000E+000  0.000000000000000E+000  0.000000000000000E+000  0.000000000000000E+000  0.000000000000000E+000  0.000000000000000E+000  0.000000000000000E+000  0.000000000000000E+000  0.000000000000000E+000  0.000000000000000E+000  0.000000000000000E+000  0.000000000000000E+000  0.000000000000000E+000
   13.9800015007912       0.000000000000000E+000  0.000000000000000E+000  0.000000000000000E+000  0.000000000000000E+000  0.000000000000000E+000  0.000000000000000E+000  0.000000000000000E+000  0.000000000000000E+000  0.000000000000000E+000  0.000000000000000E+000  0.000000000000000E+000  0.000000000000000E+000  0.000000000000000E+000  0.000000000000000E+000  0.000000000000000E+000  0.000000000000000E+000  0.000000000000000E+000  0.000000000000000E+000  0.000000000000000E+000  0.000000000000000E+000  0.000000000000000E+000  0.000000000000000E+000  0.000000000000000E+000  0.000000000000000E+000
   14.3300019312949       0.000000000000000E+000  0.000000000000000E+000  0.000000000000000E+000  0.000000000000000E+000  0.000000000000000E+000  0.000000000000000E+000  0.000000000000000E+000  0.000000000000000E+000  0.000000000000000E+000  0.000000000000000E+000  0.000000000000000E+000  0.000000000000000E+000  0.000000000000000E+000  0.000000000000000E+000  0.000000000000000E+000  0.000000000000000E+000  0.000000000000000E+000  0.000000000000000E+000  0.000000000000000E+000  0.000000000000000E+000  0.000000000000000E+000  0.000000000000000E+000  0.000000000000000E+000  0.000000000000000E+000
   14.7200023292555       0.000000000000000E+000  0.000000000000000E+000  0.000000000000000E+000  0.000000000000000E+000  0.000000000000000E+000  0.000000000000000E+000  0.000000000000000E+000  0.000000000000000E+000  0.000000000000000E+000  0.000000000000000E+000  0.000000000000000E+000  0.000000000000000E+000  0.000000000000000E+000  0.000000000000000E+000  0.000000000000000E+000  0.000000000000000E+000  0.000000000000000E+000  0.000000000000000E+000  0.000000000000000E+000  0.000000000000000E+000  0.000000000000000E+000  0.000000000000000E+000  0.000000000000000E+000  0.000000000000000E+000
   15.1000024969333       0.000000000000000E+000  0.000000000000000E+000  0.000000000000000E+000  0.000000000000000E+000  0.000000000000000E+000  0.000000000000000E+000  0.000000000000000E+000  0.000000000000000E+000  0.000000000000000E+000  0.000000000000000E+000  0.000000000000000E+000  0.000000000000000E+000  0.000000000000000E+000  0.000000000000000E+000  0.000000000000000E+000  0.000000000000000E+000  0.000000000000000E+000  0.000000000000000E+000  0.000000000000000E+000  0.000000000000000E+000  0.000000000000000E+000  0.000000000000000E+000  0.000000000000000E+000  0.000000000000000E+000
   15.5200026320679       0.000000000000000E+000  0.000000000000000E+000  0.000000000000000E+000  0.000000000000000E+000  0.000000000000000E+000  0.000000000000000E+000  0.000000000000000E+000  0.000000000000000E+000  0.000000000000000E+000  0.000000000000000E+000  0.000000000000000E+000  0.000000000000000E+000  0.000000000000000E+000  0.000000000000000E+000  0.000000000000000E+000  0.000000000000000E+000  0.000000000000000E+000  0.000000000000000E+000  0.000000000000000E+000  0.000000000000000E+000  0.000000000000000E+000  0.000000000000000E+000  0.000000000000000E+000  0.000000000000000E+000
   15.8800023391800       0.000000000000000E+000  0.000000000000000E+000  0.000000000000000E+000  0.000000000000000E+000  0.000000000000000E+000  0.000000000000000E+000  0.000000000000000E+000  0.000000000000000E+000  0.000000000000000E+000  0.000000000000000E+000  0.000000000000000E+000  0.000000000000000E+000  0.000000000000000E+000  0.000000000000000E+000  0.000000000000000E+000  0.000000000000000E+000  0.000000000000000E+000  0.000000000000000E+000  0.000000000000000E+000  0.000000000000000E+000  0.000000000000000E+000  0.000000000000000E+000  0.000000000000000E+000  0.000000000000000E+000
   16.2000030325097       0.000000000000000E+000  0.000000000000000E+000  0.000000000000000E+000  0.000000000000000E+000  0.000000000000000E+000  0.000000000000000E+000  0.000000000000000E+000  0.000000000000000E+000  0.000000000000000E+000  0.000000000000000E+000  0.000000000000000E+000  0.000000000000000E+000  0.000000000000000E+000  0.000000000000000E+000  0.000000000000000E+000  0.000000000000000E+000  0.000000000000000E+000  0.000000000000000E+000  0.000000000000000E+000  0.000000000000000E+000  0.000000000000000E+000  0.000000000000000E+000  0.000000000000000E+000  0.000000000000000E+000
   16.6000027070787       0.000000000000000E+000  0.000000000000000E+000  0.000000000000000E+000  0.000000000000000E+000  0.000000000000000E+000  0.000000000000000E+000  0.000000000000000E+000  0.000000000000000E+000  0.000000000000000E+000  0.000000000000000E+000  0.000000000000000E+000  0.000000000000000E+000  0.000000000000000E+000  0.000000000000000E+000  0.000000000000000E+000  0.000000000000000E+000  0.000000000000000E+000  0.000000000000000E+000  0.000000000000000E+000  0.000000000000000E+000  0.000000000000000E+000  0.000000000000000E+000  0.000000000000000E+000  0.000000000000000E+000
   17.0300030724962       0.000000000000000E+000  0.000000000000000E+000  0.000000000000000E+000  0.000000000000000E+000  0.000000000000000E+000  0.000000000000000E+000  0.000000000000000E+000  0.000000000000000E+000  0.000000000000000E+000  0.000000000000000E+000  0.000000000000000E+000  0.000000000000000E+000  0.000000000000000E+000  0.000000000000000E+000  0.000000000000000E+000  0.000000000000000E+000  0.000000000000000E+000  0.000000000000000E+000  0.000000000000000E+000  0.000000000000000E+000  0.000000000000000E+000  0.000000000000000E+000  0.000000000000000E+000  0.000000000000000E+000
   17.3400025818685       0.000000000000000E+000  0.000000000000000E+000  0.000000000000000E+000  0.000000000000000E+000  0.000000000000000E+000  0.000000000000000E+000  0.000000000000000E+000  0.000000000000000E+000  0.000000000000000E+000  0.000000000000000E+000  0.000000000000000E+000  0.000000000000000E+000  0.000000000000000E+000  0.000000000000000E+000  0.000000000000000E+000  0.000000000000000E+000  0.000000000000000E+000  0.000000000000000E+000  0.000000000000000E+000  0.000000000000000E+000  0.000000000000000E+000  0.000000000000000E+000  0.000000000000000E+000  0.000000000000000E+000
   17.6800027820894       0.000000000000000E+000  0.000000000000000E+000  0.000000000000000E+000  0.000000000000000E+000  0.000000000000000E+000  0.000000000000000E+000  0.000000000000000E+000  0.000000000000000E+000  0.000000000000000E+000  0.000000000000000E+000  0.000000000000000E+000  0.000000000000000E+000  0.000000000000000E+000  0.000000000000000E+000  0.000000000000000E+000  0.000000000000000E+000  0.000000000000000E+000  0.000000000000000E+000  0.000000000000000E+000  0.000000000000000E+000  0.000000000000000E+000  0.000000000000000E+000  0.000000000000000E+000  0.000000000000000E+000
   18.0200029823102       0.000000000000000E+000  0.000000000000000E+000  0.000000000000000E+000  0.000000000000000E+000  0.000000000000000E+000  0.000000000000000E+000  0.000000000000000E+000  0.000000000000000E+000  0.000000000000000E+000  0.000000000000000E+000  0.000000000000000E+000  0.000000000000000E+000  0.000000000000000E+000  0.000000000000000E+000  0.000000000000000E+000  0.000000000000000E+000  0.000000000000000E+000  0.000000000000000E+000  0.000000000000000E+000  0.000000000000000E+000  0.000000000000000E+000  0.000000000000000E+000  0.000000000000000E+000  0.000000000000000E+000
   18.1700026218550       0.000000000000000E+000  0.000000000000000E+000  0.000000000000000E+000  0.000000000000000E+000  0.000000000000000E+000  0.000000000000000E+000  0.000000000000000E+000  0.000000000000000E+000  0.000000000000000E+000  0.000000000000000E+000  0.000000000000000E+000  0.000000000000000E+000  0.000000000000000E+000  0.000000000000000E+000  0.000000000000000E+000  0.000000000000000E+000  0.000000000000000E+000  0.000000000000000E+000  0.000000000000000E+000  0.000000000000000E+000  0.000000000000000E+000  0.000000000000000E+000  0.000000000000000E+000  0.000000000000000E+000
   18.6100032175553       0.000000000000000E+000  0.000000000000000E+000  0.000000000000000E+000  0.000000000000000E+000  0.000000000000000E+000  0.000000000000000E+000  0.000000000000000E+000  0.000000000000000E+000  0.000000000000000E+000  0.000000000000000E+000  0.000000000000000E+000  0.000000000000000E+000  0.000000000000000E+000  0.000000000000000E+000  0.000000000000000E+000  0.000000000000000E+000  0.000000000000000E+000  0.000000000000000E+000  0.000000000000000E+000  0.000000000000000E+000  0.000000000000000E+000  0.000000000000000E+000  0.000000000000000E+000  0.000000000000000E+000
   19.1000030573210       0.000000000000000E+000  0.000000000000000E+000  0.000000000000000E+000  0.000000000000000E+000  0.000000000000000E+000  0.000000000000000E+000  0.000000000000000E+000  0.000000000000000E+000  0.000000000000000E+000  0.000000000000000E+000  0.000000000000000E+000  0.000000000000000E+000  0.000000000000000E+000  0.000000000000000E+000  0.000000000000000E+000  0.000000000000000E+000  0.000000000000000E+000  0.000000000000000E+000  0.000000000000000E+000  0.000000000000000E+000  0.000000000000000E+000  0.000000000000000E+000  0.000000000000000E+000  0.000000000000000E+000
   19.3900021061276       0.000000000000000E+000  0.000000000000000E+000  0.000000000000000E+000  0.000000000000000E+000  0.000000000000000E+000  0.000000000000000E+000  0.000000000000000E+000  0.000000000000000E+000  0.000000000000000E+000  0.000000000000000E+000  0.000000000000000E+000  0.000000000000000E+000  0.000000000000000E+000  0.000000000000000E+000  0.000000000000000E+000  0.000000000000000E+000  0.000000000000000E+000  0.000000000000000E+000  0.000000000000000E+000  0.000000000000000E+000  0.000000000000000E+000  0.000000000000000E+000  0.000000000000000E+000  0.000000000000000E+000
   19.8400029321108       0.000000000000000E+000  0.000000000000000E+000  0.000000000000000E+000  0.000000000000000E+000  0.000000000000000E+000  0.000000000000000E+000  0.000000000000000E+000  0.000000000000000E+000  0.000000000000000E+000  0.000000000000000E+000  0.000000000000000E+000  0.000000000000000E+000  0.000000000000000E+000  0.000000000000000E+000  0.000000000000000E+000  0.000000000000000E+000  0.000000000000000E+000  0.000000000000000E+000  0.000000000000000E+000  0.000000000000000E+000  0.000000000000000E+000  0.000000000000000E+000  0.000000000000000E+000  0.000000000000000E+000
   20.1800031323317       0.000000000000000E+000  0.000000000000000E+000  0.000000000000000E+000  0.000000000000000E+000  0.000000000000000E+000  0.000000000000000E+000  0.000000000000000E+000  0.000000000000000E+000  0.000000000000000E+000  0.000000000000000E+000  0.000000000000000E+000  0.000000000000000E+000  0.000000000000000E+000  0.000000000000000E+000  0.000000000000000E+000  0.000000000000000E+000  0.000000000000000E+000  0.000000000000000E+000  0.000000000000000E+000  0.000000000000000E+000  0.000000000000000E+000  0.000000000000000E+000  0.000000000000000E+000  0.000000000000000E+000
   20.5000028719869       0.000000000000000E+000  0.000000000000000E+000  0.000000000000000E+000  0.000000000000000E+000  0.000000000000000E+000  0.000000000000000E+000  0.000000000000000E+000  0.000000000000000E+000  0.000000000000000E+000  0.000000000000000E+000  0.000000000000000E+000  0.000000000000000E+000  0.000000000000000E+000  0.000000000000000E+000  0.000000000000000E+000  0.000000000000000E+000  0.000000000000000E+000  0.000000000000000E+000  0.000000000000000E+000  0.000000000000000E+000  0.000000000000000E+000  0.000000000000000E+000  0.000000000000000E+000  0.000000000000000E+000
   21.0500021861006       0.000000000000000E+000  0.000000000000000E+000  0.000000000000000E+000  0.000000000000000E+000  0.000000000000000E+000  0.000000000000000E+000  0.000000000000000E+000  0.000000000000000E+000  0.000000000000000E+000  0.000000000000000E+000  0.000000000000000E+000  0.000000000000000E+000  0.000000000000000E+000  0.000000000000000E+000  0.000000000000000E+000  0.000000000000000E+000  0.000000000000000E+000  0.000000000000000E+000  0.000000000000000E+000  0.000000000000000E+000  0.000000000000000E+000  0.000000000000000E+000  0.000000000000000E+000  0.000000000000000E+000
   21.6200038681289       0.000000000000000E+000  0.000000000000000E+000  0.000000000000000E+000  0.000000000000000E+000  0.000000000000000E+000  0.000000000000000E+000  0.000000000000000E+000  0.000000000000000E+000  0.000000000000000E+000  0.000000000000000E+000  0.000000000000000E+000  0.000000000000000E+000  0.000000000000000E+000  0.000000000000000E+000  0.000000000000000E+000  0.000000000000000E+000  0.000000000000000E+000  0.000000000000000E+000  0.000000000000000E+000  0.000000000000000E+000  0.000000000000000E+000  0.000000000000000E+000  0.000000000000000E+000  0.000000000000000E+000
   21.9800026215666       0.000000000000000E+000  0.000000000000000E+000  0.000000000000000E+000  0.000000000000000E+000  0.000000000000000E+000  0.000000000000000E+000  0.000000000000000E+000  0.000000000000000E+000  0.000000000000000E+000  0.000000000000000E+000  0.000000000000000E+000  0.000000000000000E+000  0.000000000000000E+000  0.000000000000000E+000  0.000000000000000E+000  0.000000000000000E+000  0.000000000000000E+000  0.000000000000000E+000  0.000000000000000E+000  0.000000000000000E+000  0.000000000000000E+000  0.000000000000000E+000  0.000000000000000E+000  0.000000000000000E+000
   22.3000023612218       0.000000000000000E+000  0.000000000000000E+000  0.000000000000000E+000  0.000000000000000E+000  0.000000000000000E+000  0.000000000000000E+000  0.000000000000000E+000  0.000000000000000E+000  0.000000000000000E+000  0.000000000000000E+000  0.000000000000000E+000  0.000000000000000E+000  0.000000000000000E+000  0.000000000000000E+000  0.000000000000000E+000  0.000000000000000E+000  0.000000000000000E+000  0.000000000000000E+000  0.000000000000000E+000  0.000000000000000E+000  0.000000000000000E+000  0.000000000000000E+000  0.000000000000000E+000  0.000000000000000E+000
   22.6800034825740       0.000000000000000E+000  0.000000000000000E+000  0.000000000000000E+000  0.000000000000000E+000  0.000000000000000E+000  0.000000000000000E+000  0.000000000000000E+000  0.000000000000000E+000  0.000000000000000E+000  0.000000000000000E+000  0.000000000000000E+000  0.000000000000000E+000  0.000000000000000E+000  0.000000000000000E+000  0.000000000000000E+000  0.000000000000000E+000  0.000000000000000E+000  0.000000000000000E+000  0.000000000000000E+000  0.000000000000000E+000  0.000000000000000E+000  0.000000000000000E+000  0.000000000000000E+000  0.000000000000000E+000
   23.0000032222292       0.000000000000000E+000  0.000000000000000E+000  0.000000000000000E+000  0.000000000000000E+000  0.000000000000000E+000  0.000000000000000E+000  0.000000000000000E+000  0.000000000000000E+000  0.000000000000000E+000  0.000000000000000E+000  0.000000000000000E+000  0.000000000000000E+000  0.000000000000000E+000  0.000000000000000E+000  0.000000000000000E+000  0.000000000000000E+000  0.000000000000000E+000  0.000000000000000E+000  0.000000000000000E+000  0.000000000000000E+000  0.000000000000000E+000  0.000000000000000E+000  0.000000000000000E+000  0.000000000000000E+000
   23.4000028967981       0.000000000000000E+000  0.000000000000000E+000  0.000000000000000E+000  0.000000000000000E+000  0.000000000000000E+000  0.000000000000000E+000  0.000000000000000E+000  0.000000000000000E+000  0.000000000000000E+000  0.000000000000000E+000  0.000000000000000E+000  0.000000000000000E+000  0.000000000000000E+000  0.000000000000000E+000  0.000000000000000E+000  0.000000000000000E+000  0.000000000000000E+000  0.000000000000000E+000  0.000000000000000E+000  0.000000000000000E+000  0.000000000000000E+000  0.000000000000000E+000  0.000000000000000E+000  0.000000000000000E+000
   24.0000033623261       0.000000000000000E+000  0.000000000000000E+000  0.000000000000000E+000  0.000000000000000E+000  0.000000000000000E+000  0.000000000000000E+000  0.000000000000000E+000  0.000000000000000E+000  0.000000000000000E+000  0.000000000000000E+000  0.000000000000000E+000  0.000000000000000E+000  0.000000000000000E+000  0.000000000000000E+000  0.000000000000000E+000  0.000000000000000E+000  0.000000000000000E+000  0.000000000000000E+000  0.000000000000000E+000  0.000000000000000E+000  0.000000000000000E+000  0.000000000000000E+000  0.000000000000000E+000  0.000000000000000E+000
   24.6500030719193       0.000000000000000E+000  0.000000000000000E+000  0.000000000000000E+000  0.000000000000000E+000  0.000000000000000E+000  0.000000000000000E+000  0.000000000000000E+000  0.000000000000000E+000  0.000000000000000E+000  0.000000000000000E+000  0.000000000000000E+000  0.000000000000000E+000  0.000000000000000E+000  0.000000000000000E+000  0.000000000000000E+000  0.000000000000000E+000  0.000000000000000E+000  0.000000000000000E+000  0.000000000000000E+000  0.000000000000000E+000  0.000000000000000E+000  0.000000000000000E+000  0.000000000000000E+000  0.000000000000000E+000
   25.2400033071644       0.000000000000000E+000  0.000000000000000E+000  0.000000000000000E+000  0.000000000000000E+000  0.000000000000000E+000  0.000000000000000E+000  0.000000000000000E+000  0.000000000000000E+000  0.000000000000000E+000  0.000000000000000E+000  0.000000000000000E+000  0.000000000000000E+000  0.000000000000000E+000  0.000000000000000E+000  0.000000000000000E+000  0.000000000000000E+000  0.000000000000000E+000  0.000000000000000E+000  0.000000000000000E+000  0.000000000000000E+000  0.000000000000000E+000  0.000000000000000E+000  0.000000000000000E+000  0.000000000000000E+000
   25.6800039028647       0.000000000000000E+000  0.000000000000000E+000  0.000000000000000E+000  0.000000000000000E+000  0.000000000000000E+000  0.000000000000000E+000  0.000000000000000E+000  0.000000000000000E+000  0.000000000000000E+000  0.000000000000000E+000  0.000000000000000E+000  0.000000000000000E+000  0.000000000000000E+000  0.000000000000000E+000  0.000000000000000E+000  0.000000000000000E+000  0.000000000000000E+000  0.000000000000000E+000  0.000000000000000E+000  0.000000000000000E+000  0.000000000000000E+000  0.000000000000000E+000  0.000000000000000E+000  0.000000000000000E+000
   26.0000036425199       0.000000000000000E+000  0.000000000000000E+000  0.000000000000000E+000  0.000000000000000E+000  0.000000000000000E+000  0.000000000000000E+000  0.000000000000000E+000  0.000000000000000E+000  0.000000000000000E+000  0.000000000000000E+000  0.000000000000000E+000  0.000000000000000E+000  0.000000000000000E+000  0.000000000000000E+000  0.000000000000000E+000  0.000000000000000E+000  0.000000000000000E+000  0.000000000000000E+000  0.000000000000000E+000  0.000000000000000E+000  0.000000000000000E+000  0.000000000000000E+000  0.000000000000000E+000  0.000000000000000E+000
   26.4000033170889       0.000000000000000E+000  0.000000000000000E+000  0.000000000000000E+000  0.000000000000000E+000  0.000000000000000E+000  0.000000000000000E+000  0.000000000000000E+000  0.000000000000000E+000  0.000000000000000E+000  0.000000000000000E+000  0.000000000000000E+000  0.000000000000000E+000  0.000000000000000E+000  0.000000000000000E+000  0.000000000000000E+000  0.000000000000000E+000  0.000000000000000E+000  0.000000000000000E+000  0.000000000000000E+000  0.000000000000000E+000  0.000000000000000E+000  0.000000000000000E+000  0.000000000000000E+000  0.000000000000000E+000
   26.8500041430721       0.000000000000000E+000  0.000000000000000E+000  0.000000000000000E+000  0.000000000000000E+000  0.000000000000000E+000  0.000000000000000E+000  0.000000000000000E+000  0.000000000000000E+000  0.000000000000000E+000  0.000000000000000E+000  0.000000000000000E+000  0.000000000000000E+000  0.000000000000000E+000  0.000000000000000E+000  0.000000000000000E+000  0.000000000000000E+000  0.000000000000000E+000  0.000000000000000E+000  0.000000000000000E+000  0.000000000000000E+000  0.000000000000000E+000  0.000000000000000E+000  0.000000000000000E+000  0.000000000000000E+000
   27.3500042131205       0.000000000000000E+000  0.000000000000000E+000  0.000000000000000E+000  0.000000000000000E+000  0.000000000000000E+000  0.000000000000000E+000  0.000000000000000E+000  0.000000000000000E+000  0.000000000000000E+000  0.000000000000000E+000  0.000000000000000E+000  0.000000000000000E+000  0.000000000000000E+000  0.000000000000000E+000  0.000000000000000E+000  0.000000000000000E+000  0.000000000000000E+000  0.000000000000000E+000  0.000000000000000E+000  0.000000000000000E+000  0.000000000000000E+000  0.000000000000000E+000  0.000000000000000E+000  0.000000000000000E+000
   27.8500042831690       0.000000000000000E+000  0.000000000000000E+000  0.000000000000000E+000  0.000000000000000E+000  0.000000000000000E+000  0.000000000000000E+000  0.000000000000000E+000  0.000000000000000E+000  0.000000000000000E+000  0.000000000000000E+000  0.000000000000000E+000  0.000000000000000E+000  0.000000000000000E+000  0.000000000000000E+000  0.000000000000000E+000  0.000000000000000E+000  0.000000000000000E+000  0.000000000000000E+000  0.000000000000000E+000  0.000000000000000E+000  0.000000000000000E+000  0.000000000000000E+000  0.000000000000000E+000  0.000000000000000E+000
   28.4000035972827       0.000000000000000E+000  0.000000000000000E+000  0.000000000000000E+000  0.000000000000000E+000  0.000000000000000E+000  0.000000000000000E+000  0.000000000000000E+000  0.000000000000000E+000  0.000000000000000E+000  0.000000000000000E+000  0.000000000000000E+000  0.000000000000000E+000  0.000000000000000E+000  0.000000000000000E+000  0.000000000000000E+000  0.000000000000000E+000  0.000000000000000E+000  0.000000000000000E+000  0.000000000000000E+000  0.000000000000000E+000  0.000000000000000E+000  0.000000000000000E+000  0.000000000000000E+000  0.000000000000000E+000
   29.0000040628107       0.000000000000000E+000  0.000000000000000E+000  0.000000000000000E+000  0.000000000000000E+000  0.000000000000000E+000  0.000000000000000E+000  0.000000000000000E+000  0.000000000000000E+000  0.000000000000000E+000  0.000000000000000E+000  0.000000000000000E+000  0.000000000000000E+000  0.000000000000000E+000  0.000000000000000E+000  0.000000000000000E+000  0.000000000000000E+000  0.000000000000000E+000  0.000000000000000E+000  0.000000000000000E+000  0.000000000000000E+000  0.000000000000000E+000  0.000000000000000E+000  0.000000000000000E+000  0.000000000000000E+000
   29.6000045283386       0.000000000000000E+000  0.000000000000000E+000  0.000000000000000E+000  0.000000000000000E+000  0.000000000000000E+000  0.000000000000000E+000  0.000000000000000E+000  0.000000000000000E+000  0.000000000000000E+000  0.000000000000000E+000  0.000000000000000E+000  0.000000000000000E+000  0.000000000000000E+000  0.000000000000000E+000  0.000000000000000E+000  0.000000000000000E+000  0.000000000000000E+000  0.000000000000000E+000  0.000000000000000E+000  0.000000000000000E+000  0.000000000000000E+000  0.000000000000000E+000  0.000000000000000E+000  0.000000000000000E+000
   30.1000045983871       0.000000000000000E+000  0.000000000000000E+000  0.000000000000000E+000  0.000000000000000E+000  0.000000000000000E+000  0.000000000000000E+000  0.000000000000000E+000  0.000000000000000E+000  0.000000000000000E+000  0.000000000000000E+000  0.000000000000000E+000  0.000000000000000E+000  0.000000000000000E+000  0.000000000000000E+000  0.000000000000000E+000  0.000000000000000E+000  0.000000000000000E+000  0.000000000000000E+000  0.000000000000000E+000  0.000000000000000E+000  0.000000000000000E+000  0.000000000000000E+000  0.000000000000000E+000  0.000000000000000E+000
   30.8000035520456       0.000000000000000E+000  0.000000000000000E+000  0.000000000000000E+000  0.000000000000000E+000  0.000000000000000E+000  0.000000000000000E+000  0.000000000000000E+000  0.000000000000000E+000  0.000000000000000E+000  0.000000000000000E+000  0.000000000000000E+000  0.000000000000000E+000  0.000000000000000E+000  0.000000000000000E+000  0.000000000000000E+000  0.000000000000000E+000  0.000000000000000E+000  0.000000000000000E+000  0.000000000000000E+000  0.000000000000000E+000  0.000000000000000E+000  0.000000000000000E+000  0.000000000000000E+000  0.000000000000000E+000
   31.8000036921425       0.000000000000000E+000  0.000000000000000E+000  0.000000000000000E+000  0.000000000000000E+000  0.000000000000000E+000  0.000000000000000E+000  0.000000000000000E+000  0.000000000000000E+000  0.000000000000000E+000  0.000000000000000E+000  0.000000000000000E+000  0.000000000000000E+000  0.000000000000000E+000  0.000000000000000E+000  0.000000000000000E+000  0.000000000000000E+000  0.000000000000000E+000  0.000000000000000E+000  0.000000000000000E+000  0.000000000000000E+000  0.000000000000000E+000  0.000000000000000E+000  0.000000000000000E+000  0.000000000000000E+000
   32.8000038322394       0.000000000000000E+000  0.000000000000000E+000  0.000000000000000E+000  0.000000000000000E+000  0.000000000000000E+000  0.000000000000000E+000  0.000000000000000E+000  0.000000000000000E+000  0.000000000000000E+000  0.000000000000000E+000  0.000000000000000E+000  0.000000000000000E+000  0.000000000000000E+000  0.000000000000000E+000  0.000000000000000E+000  0.000000000000000E+000  0.000000000000000E+000  0.000000000000000E+000  0.000000000000000E+000  0.000000000000000E+000  0.000000000000000E+000  0.000000000000000E+000  0.000000000000000E+000  0.000000000000000E+000
   33.8000039723363       0.000000000000000E+000  0.000000000000000E+000  0.000000000000000E+000  0.000000000000000E+000  0.000000000000000E+000  0.000000000000000E+000  0.000000000000000E+000  0.000000000000000E+000  0.000000000000000E+000  0.000000000000000E+000  0.000000000000000E+000  0.000000000000000E+000  0.000000000000000E+000  0.000000000000000E+000  0.000000000000000E+000  0.000000000000000E+000  0.000000000000000E+000  0.000000000000000E+000  0.000000000000000E+000  0.000000000000000E+000  0.000000000000000E+000  0.000000000000000E+000  0.000000000000000E+000  0.000000000000000E+000
   34.8000041124333       0.000000000000000E+000  0.000000000000000E+000  0.000000000000000E+000  0.000000000000000E+000  0.000000000000000E+000  0.000000000000000E+000  0.000000000000000E+000  0.000000000000000E+000  0.000000000000000E+000  0.000000000000000E+000  0.000000000000000E+000  0.000000000000000E+000  0.000000000000000E+000  0.000000000000000E+000  0.000000000000000E+000  0.000000000000000E+000  0.000000000000000E+000  0.000000000000000E+000  0.000000000000000E+000  0.000000000000000E+000  0.000000000000000E+000  0.000000000000000E+000  0.000000000000000E+000  0.000000000000000E+000
   35.7000057643996       0.000000000000000E+000  0.000000000000000E+000  0.000000000000000E+000  0.000000000000000E+000  0.000000000000000E+000  0.000000000000000E+000  0.000000000000000E+000  0.000000000000000E+000  0.000000000000000E+000  0.000000000000000E+000  0.000000000000000E+000  0.000000000000000E+000  0.000000000000000E+000  0.000000000000000E+000  0.000000000000000E+000  0.000000000000000E+000  0.000000000000000E+000  0.000000000000000E+000  0.000000000000000E+000  0.000000000000000E+000  0.000000000000000E+000  0.000000000000000E+000  0.000000000000000E+000  0.000000000000000E+000
   36.6000036016681       0.000000000000000E+000  0.000000000000000E+000  0.000000000000000E+000  0.000000000000000E+000  0.000000000000000E+000  0.000000000000000E+000  0.000000000000000E+000  0.000000000000000E+000  0.000000000000000E+000  0.000000000000000E+000  0.000000000000000E+000  0.000000000000000E+000  0.000000000000000E+000  0.000000000000000E+000  0.000000000000000E+000  0.000000000000000E+000  0.000000000000000E+000  0.000000000000000E+000  0.000000000000000E+000  0.000000000000000E+000  0.000000000000000E+000  0.000000000000000E+000  0.000000000000000E+000  0.000000000000000E+000
   37.5000052536345       0.000000000000000E+000  0.000000000000000E+000  0.000000000000000E+000  0.000000000000000E+000  0.000000000000000E+000  0.000000000000000E+000  0.000000000000000E+000  0.000000000000000E+000  0.000000000000000E+000  0.000000000000000E+000  0.000000000000000E+000  0.000000000000000E+000  0.000000000000000E+000  0.000000000000000E+000  0.000000000000000E+000  0.000000000000000E+000  0.000000000000000E+000  0.000000000000000E+000  0.000000000000000E+000  0.000000000000000E+000  0.000000000000000E+000  0.000000000000000E+000  0.000000000000000E+000  0.000000000000000E+000
   38.5000053937314       0.000000000000000E+000  0.000000000000000E+000  0.000000000000000E+000  0.000000000000000E+000  0.000000000000000E+000  0.000000000000000E+000  0.000000000000000E+000  0.000000000000000E+000  0.000000000000000E+000  0.000000000000000E+000  0.000000000000000E+000  0.000000000000000E+000  0.000000000000000E+000  0.000000000000000E+000  0.000000000000000E+000  0.000000000000000E+000  0.000000000000000E+000  0.000000000000000E+000  0.000000000000000E+000  0.000000000000000E+000  0.000000000000000E+000  0.000000000000000E+000  0.000000000000000E+000  0.000000000000000E+000
   39.5000055338283       0.000000000000000E+000  0.000000000000000E+000  0.000000000000000E+000  0.000000000000000E+000  0.000000000000000E+000  0.000000000000000E+000  0.000000000000000E+000  0.000000000000000E+000  0.000000000000000E+000  0.000000000000000E+000  0.000000000000000E+000  0.000000000000000E+000  0.000000000000000E+000  0.000000000000000E+000  0.000000000000000E+000  0.000000000000000E+000  0.000000000000000E+000  0.000000000000000E+000  0.000000000000000E+000  0.000000000000000E+000  0.000000000000000E+000  0.000000000000000E+000  0.000000000000000E+000  0.000000000000000E+000
   40.5000056739253       0.000000000000000E+000  0.000000000000000E+000  0.000000000000000E+000  0.000000000000000E+000  0.000000000000000E+000  0.000000000000000E+000  0.000000000000000E+000  0.000000000000000E+000  0.000000000000000E+000  0.000000000000000E+000  0.000000000000000E+000  0.000000000000000E+000  0.000000000000000E+000  0.000000000000000E+000  0.000000000000000E+000  0.000000000000000E+000  0.000000000000000E+000  0.000000000000000E+000  0.000000000000000E+000  0.000000000000000E+000  0.000000000000000E+000  0.000000000000000E+000  0.000000000000000E+000  0.000000000000000E+000
   41.4000073258916       0.000000000000000E+000  0.000000000000000E+000  0.000000000000000E+000  0.000000000000000E+000  0.000000000000000E+000  0.000000000000000E+000  0.000000000000000E+000  0.000000000000000E+000  0.000000000000000E+000  0.000000000000000E+000  0.000000000000000E+000  0.000000000000000E+000  0.000000000000000E+000  0.000000000000000E+000  0.000000000000000E+000  0.000000000000000E+000  0.000000000000000E+000  0.000000000000000E+000  0.000000000000000E+000  0.000000000000000E+000  0.000000000000000E+000  0.000000000000000E+000  0.000000000000000E+000  0.000000000000000E+000
   42.2000066750296       0.000000000000000E+000  0.000000000000000E+000  0.000000000000000E+000  0.000000000000000E+000  0.000000000000000E+000  0.000000000000000E+000  0.000000000000000E+000  0.000000000000000E+000  0.000000000000000E+000  0.000000000000000E+000  0.000000000000000E+000  0.000000000000000E+000  0.000000000000000E+000  0.000000000000000E+000  0.000000000000000E+000  0.000000000000000E+000  0.000000000000000E+000  0.000000000000000E+000  0.000000000000000E+000  0.000000000000000E+000  0.000000000000000E+000  0.000000000000000E+000  0.000000000000000E+000  0.000000000000000E+000
   43.0000060241676       0.000000000000000E+000  0.000000000000000E+000  0.000000000000000E+000  0.000000000000000E+000  0.000000000000000E+000  0.000000000000000E+000  0.000000000000000E+000  0.000000000000000E+000  0.000000000000000E+000  0.000000000000000E+000  0.000000000000000E+000  0.000000000000000E+000  0.000000000000000E+000  0.000000000000000E+000  0.000000000000000E+000  0.000000000000000E+000  0.000000000000000E+000  0.000000000000000E+000  0.000000000000000E+000  0.000000000000000E+000  0.000000000000000E+000  0.000000000000000E+000  0.000000000000000E+000  0.000000000000000E+000
   44.1000046523951       0.000000000000000E+000  0.000000000000000E+000  0.000000000000000E+000  0.000000000000000E+000  0.000000000000000E+000  0.000000000000000E+000  0.000000000000000E+000  0.000000000000000E+000  0.000000000000000E+000  0.000000000000000E+000  0.000000000000000E+000  0.000000000000000E+000  0.000000000000000E+000  0.000000000000000E+000  0.000000000000000E+000  0.000000000000000E+000  0.000000000000000E+000  0.000000000000000E+000  0.000000000000000E+000  0.000000000000000E+000  0.000000000000000E+000  0.000000000000000E+000  0.000000000000000E+000  0.000000000000000E+000
   45.1000047924920       0.000000000000000E+000  0.000000000000000E+000  0.000000000000000E+000  0.000000000000000E+000  0.000000000000000E+000  0.000000000000000E+000  0.000000000000000E+000  0.000000000000000E+000  0.000000000000000E+000  0.000000000000000E+000  0.000000000000000E+000  0.000000000000000E+000  0.000000000000000E+000  0.000000000000000E+000  0.000000000000000E+000  0.000000000000000E+000  0.000000000000000E+000  0.000000000000000E+000  0.000000000000000E+000  0.000000000000000E+000  0.000000000000000E+000  0.000000000000000E+000  0.000000000000000E+000  0.000000000000000E+000
   46.0000064444583       0.000000000000000E+000  0.000000000000000E+000  0.000000000000000E+000  0.000000000000000E+000  0.000000000000000E+000  0.000000000000000E+000  0.000000000000000E+000  0.000000000000000E+000  0.000000000000000E+000  0.000000000000000E+000  0.000000000000000E+000  0.000000000000000E+000  0.000000000000000E+000  0.000000000000000E+000  0.000000000000000E+000  0.000000000000000E+000  0.000000000000000E+000  0.000000000000000E+000  0.000000000000000E+000  0.000000000000000E+000  0.000000000000000E+000  0.000000000000000E+000  0.000000000000000E+000  0.000000000000000E+000
   47.0000065845552       0.000000000000000E+000  0.000000000000000E+000  0.000000000000000E+000  0.000000000000000E+000  0.000000000000000E+000  0.000000000000000E+000  0.000000000000000E+000  0.000000000000000E+000  0.000000000000000E+000  0.000000000000000E+000  0.000000000000000E+000  0.000000000000000E+000  0.000000000000000E+000  0.000000000000000E+000  0.000000000000000E+000  0.000000000000000E+000  0.000000000000000E+000  0.000000000000000E+000  0.000000000000000E+000  0.000000000000000E+000  0.000000000000000E+000  0.000000000000000E+000  0.000000000000000E+000  0.000000000000000E+000
   48.0000067246522       0.000000000000000E+000  0.000000000000000E+000  0.000000000000000E+000  0.000000000000000E+000  0.000000000000000E+000  0.000000000000000E+000  0.000000000000000E+000  0.000000000000000E+000  0.000000000000000E+000  0.000000000000000E+000  0.000000000000000E+000  0.000000000000000E+000  0.000000000000000E+000  0.000000000000000E+000  0.000000000000000E+000  0.000000000000000E+000  0.000000000000000E+000  0.000000000000000E+000  0.000000000000000E+000  0.000000000000000E+000  0.000000000000000E+000  0.000000000000000E+000  0.000000000000000E+000  0.000000000000000E+000
   49.0000068647491       0.000000000000000E+000  0.000000000000000E+000  0.000000000000000E+000  0.000000000000000E+000  0.000000000000000E+000  0.000000000000000E+000  0.000000000000000E+000  0.000000000000000E+000  0.000000000000000E+000  0.000000000000000E+000  0.000000000000000E+000  0.000000000000000E+000  0.000000000000000E+000  0.000000000000000E+000  0.000000000000000E+000  0.000000000000000E+000  0.000000000000000E+000  0.000000000000000E+000  0.000000000000000E+000  0.000000000000000E+000  0.000000000000000E+000  0.000000000000000E+000  0.000000000000000E+000  0.000000000000000E+000
   50.0000070048460       0.000000000000000E+000  0.000000000000000E+000  0.000000000000000E+000  0.000000000000000E+000  0.000000000000000E+000  0.000000000000000E+000  0.000000000000000E+000  0.000000000000000E+000  0.000000000000000E+000  0.000000000000000E+000  0.000000000000000E+000  0.000000000000000E+000  0.000000000000000E+000  0.000000000000000E+000  0.000000000000000E+000  0.000000000000000E+000  0.000000000000000E+000  0.000000000000000E+000  0.000000000000000E+000  0.000000000000000E+000  0.000000000000000E+000  0.000000000000000E+000  0.000000000000000E+000  0.000000000000000E+000
   50.6000055630250       0.000000000000000E+000  0.000000000000000E+000  0.000000000000000E+000  0.000000000000000E+000  0.000000000000000E+000  0.000000000000000E+000  0.000000000000000E+000  0.000000000000000E+000  0.000000000000000E+000  0.000000000000000E+000  0.000000000000000E+000  0.000000000000000E+000  0.000000000000000E+000  0.000000000000000E+000  0.000000000000000E+000  0.000000000000000E+000  0.000000000000000E+000  0.000000000000000E+000  0.000000000000000E+000  0.000000000000000E+000  0.000000000000000E+000  0.000000000000000E+000  0.000000000000000E+000  0.000000000000000E+000
   51.2000079359019       0.000000000000000E+000  0.000000000000000E+000  0.000000000000000E+000  0.000000000000000E+000  0.000000000000000E+000  0.000000000000000E+000  0.000000000000000E+000  0.000000000000000E+000  0.000000000000000E+000  0.000000000000000E+000  0.000000000000000E+000  0.000000000000000E+000  0.000000000000000E+000  0.000000000000000E+000  0.000000000000000E+000  0.000000000000000E+000  0.000000000000000E+000  0.000000000000000E+000  0.000000000000000E+000  0.000000000000000E+000  0.000000000000000E+000  0.000000000000000E+000  0.000000000000000E+000  0.000000000000000E+000
   52.0000072850398       0.000000000000000E+000  0.000000000000000E+000  0.000000000000000E+000  0.000000000000000E+000  0.000000000000000E+000  0.000000000000000E+000  0.000000000000000E+000  0.000000000000000E+000  0.000000000000000E+000  0.000000000000000E+000  0.000000000000000E+000  0.000000000000000E+000  0.000000000000000E+000  0.000000000000000E+000  0.000000000000000E+000  0.000000000000000E+000  0.000000000000000E+000  0.000000000000000E+000  0.000000000000000E+000  0.000000000000000E+000  0.000000000000000E+000  0.000000000000000E+000  0.000000000000000E+000  0.000000000000000E+000
   53.0000074251368       0.000000000000000E+000  0.000000000000000E+000  0.000000000000000E+000  0.000000000000000E+000  0.000000000000000E+000  0.000000000000000E+000  0.000000000000000E+000  0.000000000000000E+000  0.000000000000000E+000  0.000000000000000E+000  0.000000000000000E+000  0.000000000000000E+000  0.000000000000000E+000  0.000000000000000E+000  0.000000000000000E+000  0.000000000000000E+000  0.000000000000000E+000  0.000000000000000E+000  0.000000000000000E+000  0.000000000000000E+000  0.000000000000000E+000  0.000000000000000E+000  0.000000000000000E+000  0.000000000000000E+000
   54.0000075652337       0.000000000000000E+000  0.000000000000000E+000  0.000000000000000E+000  0.000000000000000E+000  0.000000000000000E+000  0.000000000000000E+000  0.000000000000000E+000  0.000000000000000E+000  0.000000000000000E+000  0.000000000000000E+000  0.000000000000000E+000  0.000000000000000E+000  0.000000000000000E+000  0.000000000000000E+000  0.000000000000000E+000  0.000000000000000E+000  0.000000000000000E+000  0.000000000000000E+000  0.000000000000000E+000  0.000000000000000E+000  0.000000000000000E+000  0.000000000000000E+000  0.000000000000000E+000  0.000000000000000E+000
   55.0000077053306       0.000000000000000E+000  0.000000000000000E+000  0.000000000000000E+000  0.000000000000000E+000  0.000000000000000E+000  0.000000000000000E+000  0.000000000000000E+000  0.000000000000000E+000  0.000000000000000E+000  0.000000000000000E+000  0.000000000000000E+000  0.000000000000000E+000  0.000000000000000E+000  0.000000000000000E+000  0.000000000000000E+000  0.000000000000000E+000  0.000000000000000E+000  0.000000000000000E+000  0.000000000000000E+000  0.000000000000000E+000  0.000000000000000E+000  0.000000000000000E+000  0.000000000000000E+000  0.000000000000000E+000
   56.0000078454275       0.000000000000000E+000  0.000000000000000E+000  0.000000000000000E+000  0.000000000000000E+000  0.000000000000000E+000  0.000000000000000E+000  0.000000000000000E+000  0.000000000000000E+000  0.000000000000000E+000  0.000000000000000E+000  0.000000000000000E+000  0.000000000000000E+000  0.000000000000000E+000  0.000000000000000E+000  0.000000000000000E+000  0.000000000000000E+000  0.000000000000000E+000  0.000000000000000E+000  0.000000000000000E+000  0.000000000000000E+000  0.000000000000000E+000  0.000000000000000E+000  0.000000000000000E+000  0.000000000000000E+000
   57.0000079855244       0.000000000000000E+000  0.000000000000000E+000  0.000000000000000E+000  0.000000000000000E+000  0.000000000000000E+000  0.000000000000000E+000  0.000000000000000E+000  0.000000000000000E+000  0.000000000000000E+000  0.000000000000000E+000  0.000000000000000E+000  0.000000000000000E+000  0.000000000000000E+000  0.000000000000000E+000  0.000000000000000E+000  0.000000000000000E+000  0.000000000000000E+000  0.000000000000000E+000  0.000000000000000E+000  0.000000000000000E+000  0.000000000000000E+000  0.000000000000000E+000  0.000000000000000E+000  0.000000000000000E+000
   58.0000081256214       0.000000000000000E+000  0.000000000000000E+000  0.000000000000000E+000  0.000000000000000E+000  0.000000000000000E+000  0.000000000000000E+000  0.000000000000000E+000  0.000000000000000E+000  0.000000000000000E+000  0.000000000000000E+000  0.000000000000000E+000  0.000000000000000E+000  0.000000000000000E+000  0.000000000000000E+000  0.000000000000000E+000  0.000000000000000E+000  0.000000000000000E+000  0.000000000000000E+000  0.000000000000000E+000  0.000000000000000E+000  0.000000000000000E+000  0.000000000000000E+000  0.000000000000000E+000  0.000000000000000E+000
   59.0000082657183       0.000000000000000E+000  0.000000000000000E+000  0.000000000000000E+000  0.000000000000000E+000  0.000000000000000E+000  0.000000000000000E+000  0.000000000000000E+000  0.000000000000000E+000  0.000000000000000E+000  0.000000000000000E+000  0.000000000000000E+000  0.000000000000000E+000  0.000000000000000E+000  0.000000000000000E+000  0.000000000000000E+000  0.000000000000000E+000  0.000000000000000E+000  0.000000000000000E+000  0.000000000000000E+000  0.000000000000000E+000  0.000000000000000E+000  0.000000000000000E+000  0.000000000000000E+000  0.000000000000000E+000
   60.0000084058152       0.000000000000000E+000  0.000000000000000E+000  0.000000000000000E+000  0.000000000000000E+000  0.000000000000000E+000  0.000000000000000E+000  0.000000000000000E+000  0.000000000000000E+000  0.000000000000000E+000  0.000000000000000E+000  0.000000000000000E+000  0.000000000000000E+000  0.000000000000000E+000  0.000000000000000E+000  0.000000000000000E+000  0.000000000000000E+000  0.000000000000000E+000  0.000000000000000E+000  0.000000000000000E+000  0.000000000000000E+000  0.000000000000000E+000  0.000000000000000E+000  0.000000000000000E+000  0.000000000000000E+000
   61.0000085459121       0.000000000000000E+000  0.000000000000000E+000  0.000000000000000E+000  0.000000000000000E+000  0.000000000000000E+000  0.000000000000000E+000  0.000000000000000E+000  0.000000000000000E+000  0.000000000000000E+000  0.000000000000000E+000  0.000000000000000E+000  0.000000000000000E+000  0.000000000000000E+000  0.000000000000000E+000  0.000000000000000E+000  0.000000000000000E+000  0.000000000000000E+000  0.000000000000000E+000  0.000000000000000E+000  0.000000000000000E+000  0.000000000000000E+000  0.000000000000000E+000  0.000000000000000E+000  0.000000000000000E+000
   62.0000086860090       0.000000000000000E+000  0.000000000000000E+000  0.000000000000000E+000  0.000000000000000E+000  0.000000000000000E+000  0.000000000000000E+000  0.000000000000000E+000  0.000000000000000E+000  0.000000000000000E+000  0.000000000000000E+000  0.000000000000000E+000  0.000000000000000E+000  0.000000000000000E+000  0.000000000000000E+000  0.000000000000000E+000  0.000000000000000E+000  0.000000000000000E+000  0.000000000000000E+000  0.000000000000000E+000  0.000000000000000E+000  0.000000000000000E+000  0.000000000000000E+000  0.000000000000000E+000  0.000000000000000E+000
   63.0000088261060       0.000000000000000E+000  0.000000000000000E+000  0.000000000000000E+000  0.000000000000000E+000  0.000000000000000E+000  0.000000000000000E+000  0.000000000000000E+000  0.000000000000000E+000  0.000000000000000E+000  0.000000000000000E+000  0.000000000000000E+000  0.000000000000000E+000  0.000000000000000E+000  0.000000000000000E+000  0.000000000000000E+000  0.000000000000000E+000  0.000000000000000E+000  0.000000000000000E+000  0.000000000000000E+000  0.000000000000000E+000  0.000000000000000E+000  0.000000000000000E+000  0.000000000000000E+000  0.000000000000000E+000
   64.0000089662029       0.000000000000000E+000  0.000000000000000E+000  0.000000000000000E+000  0.000000000000000E+000  0.000000000000000E+000  0.000000000000000E+000  0.000000000000000E+000  0.000000000000000E+000  0.000000000000000E+000  0.000000000000000E+000  0.000000000000000E+000  0.000000000000000E+000  0.000000000000000E+000  0.000000000000000E+000  0.000000000000000E+000  0.000000000000000E+000  0.000000000000000E+000  0.000000000000000E+000  0.000000000000000E+000  0.000000000000000E+000  0.000000000000000E+000  0.000000000000000E+000  0.000000000000000E+000  0.000000000000000E+000
   65.0000091062998       0.000000000000000E+000  0.000000000000000E+000  0.000000000000000E+000  0.000000000000000E+000  0.000000000000000E+000  0.000000000000000E+000  0.000000000000000E+000  0.000000000000000E+000  0.000000000000000E+000  0.000000000000000E+000  0.000000000000000E+000  0.000000000000000E+000  0.000000000000000E+000  0.000000000000000E+000  0.000000000000000E+000  0.000000000000000E+000  0.000000000000000E+000  0.000000000000000E+000  0.000000000000000E+000  0.000000000000000E+000  0.000000000000000E+000  0.000000000000000E+000  0.000000000000000E+000  0.000000000000000E+000
   65.8000122701356       0.000000000000000E+000  0.000000000000000E+000  0.000000000000000E+000  0.000000000000000E+000  0.000000000000000E+000  0.000000000000000E+000  0.000000000000000E+000  0.000000000000000E+000  0.000000000000000E+000  0.000000000000000E+000  0.000000000000000E+000  0.000000000000000E+000  0.000000000000000E+000  0.000000000000000E+000  0.000000000000000E+000  0.000000000000000E+000  0.000000000000000E+000  0.000000000000000E+000  0.000000000000000E+000  0.000000000000000E+000  0.000000000000000E+000  0.000000000000000E+000  0.000000000000000E+000  0.000000000000000E+000
   66.5000093164452       0.000000000000000E+000  0.000000000000000E+000  0.000000000000000E+000  0.000000000000000E+000  0.000000000000000E+000  0.000000000000000E+000  0.000000000000000E+000  0.000000000000000E+000  0.000000000000000E+000  0.000000000000000E+000  0.000000000000000E+000  0.000000000000000E+000  0.000000000000000E+000  0.000000000000000E+000  0.000000000000000E+000  0.000000000000000E+000  0.000000000000000E+000  0.000000000000000E+000  0.000000000000000E+000  0.000000000000000E+000  0.000000000000000E+000  0.000000000000000E+000  0.000000000000000E+000  0.000000000000000E+000
   67.5000094565421       0.000000000000000E+000  0.000000000000000E+000  0.000000000000000E+000  0.000000000000000E+000  0.000000000000000E+000  0.000000000000000E+000  0.000000000000000E+000  0.000000000000000E+000  0.000000000000000E+000  0.000000000000000E+000  0.000000000000000E+000  0.000000000000000E+000  0.000000000000000E+000  0.000000000000000E+000  0.000000000000000E+000  0.000000000000000E+000  0.000000000000000E+000  0.000000000000000E+000  0.000000000000000E+000  0.000000000000000E+000  0.000000000000000E+000  0.000000000000000E+000  0.000000000000000E+000  0.000000000000000E+000
   68.5000095966390       0.000000000000000E+000  0.000000000000000E+000  0.000000000000000E+000  0.000000000000000E+000  0.000000000000000E+000  0.000000000000000E+000  0.000000000000000E+000  0.000000000000000E+000  0.000000000000000E+000  0.000000000000000E+000  0.000000000000000E+000  0.000000000000000E+000  0.000000000000000E+000  0.000000000000000E+000  0.000000000000000E+000  0.000000000000000E+000  0.000000000000000E+000  0.000000000000000E+000  0.000000000000000E+000  0.000000000000000E+000  0.000000000000000E+000  0.000000000000000E+000  0.000000000000000E+000  0.000000000000000E+000
   69.5000097367359       0.000000000000000E+000  0.000000000000000E+000  0.000000000000000E+000  0.000000000000000E+000  0.000000000000000E+000  0.000000000000000E+000  0.000000000000000E+000  0.000000000000000E+000  0.000000000000000E+000  0.000000000000000E+000  0.000000000000000E+000  0.000000000000000E+000  0.000000000000000E+000  0.000000000000000E+000  0.000000000000000E+000  0.000000000000000E+000  0.000000000000000E+000  0.000000000000000E+000  0.000000000000000E+000  0.000000000000000E+000  0.000000000000000E+000  0.000000000000000E+000  0.000000000000000E+000  0.000000000000000E+000
   70.5000098768329       0.000000000000000E+000  0.000000000000000E+000  0.000000000000000E+000  0.000000000000000E+000  0.000000000000000E+000  0.000000000000000E+000  0.000000000000000E+000  0.000000000000000E+000  0.000000000000000E+000  0.000000000000000E+000  0.000000000000000E+000  0.000000000000000E+000  0.000000000000000E+000  0.000000000000000E+000  0.000000000000000E+000  0.000000000000000E+000  0.000000000000000E+000  0.000000000000000E+000  0.000000000000000E+000  0.000000000000000E+000  0.000000000000000E+000  0.000000000000000E+000  0.000000000000000E+000  0.000000000000000E+000
   71.6000085050603       0.000000000000000E+000  0.000000000000000E+000  0.000000000000000E+000  0.000000000000000E+000  0.000000000000000E+000  0.000000000000000E+000  0.000000000000000E+000  0.000000000000000E+000  0.000000000000000E+000  0.000000000000000E+000  0.000000000000000E+000  0.000000000000000E+000  0.000000000000000E+000  0.000000000000000E+000  0.000000000000000E+000  0.000000000000000E+000  0.000000000000000E+000  0.000000000000000E+000  0.000000000000000E+000  0.000000000000000E+000  0.000000000000000E+000  0.000000000000000E+000  0.000000000000000E+000  0.000000000000000E+000
   72.6000086451573       0.000000000000000E+000  0.000000000000000E+000  0.000000000000000E+000  0.000000000000000E+000  0.000000000000000E+000  0.000000000000000E+000  0.000000000000000E+000  0.000000000000000E+000  0.000000000000000E+000  0.000000000000000E+000  0.000000000000000E+000  0.000000000000000E+000  0.000000000000000E+000  0.000000000000000E+000  0.000000000000000E+000  0.000000000000000E+000  0.000000000000000E+000  0.000000000000000E+000  0.000000000000000E+000  0.000000000000000E+000  0.000000000000000E+000  0.000000000000000E+000  0.000000000000000E+000  0.000000000000000E+000
   73.5000102971236       0.000000000000000E+000  0.000000000000000E+000  0.000000000000000E+000  0.000000000000000E+000  0.000000000000000E+000  0.000000000000000E+000  0.000000000000000E+000  0.000000000000000E+000  0.000000000000000E+000  0.000000000000000E+000  0.000000000000000E+000  0.000000000000000E+000  0.000000000000000E+000  0.000000000000000E+000  0.000000000000000E+000  0.000000000000000E+000  0.000000000000000E+000  0.000000000000000E+000  0.000000000000000E+000  0.000000000000000E+000  0.000000000000000E+000  0.000000000000000E+000  0.000000000000000E+000  0.000000000000000E+000
   74.5000104372205       0.000000000000000E+000  0.000000000000000E+000  0.000000000000000E+000  0.000000000000000E+000  0.000000000000000E+000  0.000000000000000E+000  0.000000000000000E+000  0.000000000000000E+000  0.000000000000000E+000  0.000000000000000E+000  0.000000000000000E+000  0.000000000000000E+000  0.000000000000000E+000  0.000000000000000E+000  0.000000000000000E+000  0.000000000000000E+000  0.000000000000000E+000  0.000000000000000E+000  0.000000000000000E+000  0.000000000000000E+000  0.000000000000000E+000  0.000000000000000E+000  0.000000000000000E+000  0.000000000000000E+000
   75.5000105773175       0.000000000000000E+000  0.000000000000000E+000  0.000000000000000E+000  0.000000000000000E+000  0.000000000000000E+000  0.000000000000000E+000  0.000000000000000E+000  0.000000000000000E+000  0.000000000000000E+000  0.000000000000000E+000  0.000000000000000E+000  0.000000000000000E+000  0.000000000000000E+000  0.000000000000000E+000  0.000000000000000E+000  0.000000000000000E+000  0.000000000000000E+000  0.000000000000000E+000  0.000000000000000E+000  0.000000000000000E+000  0.000000000000000E+000  0.000000000000000E+000  0.000000000000000E+000  0.000000000000000E+000
   76.5000107174144       0.000000000000000E+000  0.000000000000000E+000  0.000000000000000E+000  0.000000000000000E+000  0.000000000000000E+000  0.000000000000000E+000  0.000000000000000E+000  0.000000000000000E+000  0.000000000000000E+000  0.000000000000000E+000  0.000000000000000E+000  0.000000000000000E+000  0.000000000000000E+000  0.000000000000000E+000  0.000000000000000E+000  0.000000000000000E+000  0.000000000000000E+000  0.000000000000000E+000  0.000000000000000E+000  0.000000000000000E+000  0.000000000000000E+000  0.000000000000000E+000  0.000000000000000E+000  0.000000000000000E+000
   77.5000108575113       0.000000000000000E+000  0.000000000000000E+000  0.000000000000000E+000  0.000000000000000E+000  0.000000000000000E+000  0.000000000000000E+000  0.000000000000000E+000  0.000000000000000E+000  0.000000000000000E+000  0.000000000000000E+000  0.000000000000000E+000  0.000000000000000E+000  0.000000000000000E+000  0.000000000000000E+000  0.000000000000000E+000  0.000000000000000E+000  0.000000000000000E+000  0.000000000000000E+000  0.000000000000000E+000  0.000000000000000E+000  0.000000000000000E+000  0.000000000000000E+000  0.000000000000000E+000  0.000000000000000E+000
   78.5000109976082       0.000000000000000E+000  0.000000000000000E+000  0.000000000000000E+000  0.000000000000000E+000  0.000000000000000E+000  0.000000000000000E+000  0.000000000000000E+000  0.000000000000000E+000  0.000000000000000E+000  0.000000000000000E+000  0.000000000000000E+000  0.000000000000000E+000  0.000000000000000E+000  0.000000000000000E+000  0.000000000000000E+000  0.000000000000000E+000  0.000000000000000E+000  0.000000000000000E+000  0.000000000000000E+000  0.000000000000000E+000  0.000000000000000E+000  0.000000000000000E+000  0.000000000000000E+000  0.000000000000000E+000
   79.5000111377051       0.000000000000000E+000  0.000000000000000E+000  0.000000000000000E+000  0.000000000000000E+000  0.000000000000000E+000  0.000000000000000E+000  0.000000000000000E+000  0.000000000000000E+000  0.000000000000000E+000  0.000000000000000E+000  0.000000000000000E+000  0.000000000000000E+000  0.000000000000000E+000  0.000000000000000E+000  0.000000000000000E+000  0.000000000000000E+000  0.000000000000000E+000  0.000000000000000E+000  0.000000000000000E+000  0.000000000000000E+000  0.000000000000000E+000  0.000000000000000E+000  0.000000000000000E+000  0.000000000000000E+000
   80.5000112778021       0.000000000000000E+000  0.000000000000000E+000  0.000000000000000E+000  0.000000000000000E+000  0.000000000000000E+000  0.000000000000000E+000  0.000000000000000E+000  0.000000000000000E+000  0.000000000000000E+000  0.000000000000000E+000  0.000000000000000E+000  0.000000000000000E+000  0.000000000000000E+000  0.000000000000000E+000  0.000000000000000E+000  0.000000000000000E+000  0.000000000000000E+000  0.000000000000000E+000  0.000000000000000E+000  0.000000000000000E+000  0.000000000000000E+000  0.000000000000000E+000  0.000000000000000E+000  0.000000000000000E+000
   81.5000114178990       0.000000000000000E+000  0.000000000000000E+000  0.000000000000000E+000  0.000000000000000E+000  0.000000000000000E+000  0.000000000000000E+000  0.000000000000000E+000  0.000000000000000E+000  0.000000000000000E+000  0.000000000000000E+000  0.000000000000000E+000  0.000000000000000E+000  0.000000000000000E+000  0.000000000000000E+000  0.000000000000000E+000  0.000000000000000E+000  0.000000000000000E+000  0.000000000000000E+000  0.000000000000000E+000  0.000000000000000E+000  0.000000000000000E+000  0.000000000000000E+000  0.000000000000000E+000  0.000000000000000E+000
   82.5000115579959       0.000000000000000E+000  0.000000000000000E+000  0.000000000000000E+000  0.000000000000000E+000  0.000000000000000E+000  0.000000000000000E+000  0.000000000000000E+000  0.000000000000000E+000  0.000000000000000E+000  0.000000000000000E+000  0.000000000000000E+000  0.000000000000000E+000  0.000000000000000E+000  0.000000000000000E+000  0.000000000000000E+000  0.000000000000000E+000  0.000000000000000E+000  0.000000000000000E+000  0.000000000000000E+000  0.000000000000000E+000  0.000000000000000E+000  0.000000000000000E+000  0.000000000000000E+000  0.000000000000000E+000
   83.5000116980928       0.000000000000000E+000  0.000000000000000E+000  0.000000000000000E+000  0.000000000000000E+000  0.000000000000000E+000  0.000000000000000E+000  0.000000000000000E+000  0.000000000000000E+000  0.000000000000000E+000  0.000000000000000E+000  0.000000000000000E+000  0.000000000000000E+000  0.000000000000000E+000  0.000000000000000E+000  0.000000000000000E+000  0.000000000000000E+000  0.000000000000000E+000  0.000000000000000E+000  0.000000000000000E+000  0.000000000000000E+000  0.000000000000000E+000  0.000000000000000E+000  0.000000000000000E+000  0.000000000000000E+000
   84.5000118381897       0.000000000000000E+000  0.000000000000000E+000  0.000000000000000E+000  0.000000000000000E+000  0.000000000000000E+000  0.000000000000000E+000  0.000000000000000E+000  0.000000000000000E+000  0.000000000000000E+000  0.000000000000000E+000  0.000000000000000E+000  0.000000000000000E+000  0.000000000000000E+000  0.000000000000000E+000  0.000000000000000E+000  0.000000000000000E+000  0.000000000000000E+000  0.000000000000000E+000  0.000000000000000E+000  0.000000000000000E+000  0.000000000000000E+000  0.000000000000000E+000  0.000000000000000E+000  0.000000000000000E+000
   85.5000119782867       0.000000000000000E+000  0.000000000000000E+000  0.000000000000000E+000  0.000000000000000E+000  0.000000000000000E+000  0.000000000000000E+000  0.000000000000000E+000  0.000000000000000E+000  0.000000000000000E+000  0.000000000000000E+000  0.000000000000000E+000  0.000000000000000E+000  0.000000000000000E+000  0.000000000000000E+000  0.000000000000000E+000  0.000000000000000E+000  0.000000000000000E+000  0.000000000000000E+000  0.000000000000000E+000  0.000000000000000E+000  0.000000000000000E+000  0.000000000000000E+000  0.000000000000000E+000  0.000000000000000E+000
   86.5000121183836       0.000000000000000E+000  0.000000000000000E+000  0.000000000000000E+000  0.000000000000000E+000  0.000000000000000E+000  0.000000000000000E+000  0.000000000000000E+000  0.000000000000000E+000  0.000000000000000E+000  0.000000000000000E+000  0.000000000000000E+000  0.000000000000000E+000  0.000000000000000E+000  0.000000000000000E+000  0.000000000000000E+000  0.000000000000000E+000  0.000000000000000E+000  0.000000000000000E+000  0.000000000000000E+000  0.000000000000000E+000  0.000000000000000E+000  0.000000000000000E+000  0.000000000000000E+000  0.000000000000000E+000
   87.5000122584805       0.000000000000000E+000  0.000000000000000E+000  0.000000000000000E+000  0.000000000000000E+000  0.000000000000000E+000  0.000000000000000E+000  0.000000000000000E+000  0.000000000000000E+000  0.000000000000000E+000  0.000000000000000E+000  0.000000000000000E+000  0.000000000000000E+000  0.000000000000000E+000  0.000000000000000E+000  0.000000000000000E+000  0.000000000000000E+000  0.000000000000000E+000  0.000000000000000E+000  0.000000000000000E+000  0.000000000000000E+000  0.000000000000000E+000  0.000000000000000E+000  0.000000000000000E+000  0.000000000000000E+000
   88.5000123985774       0.000000000000000E+000  0.000000000000000E+000  0.000000000000000E+000  0.000000000000000E+000  0.000000000000000E+000  0.000000000000000E+000  0.000000000000000E+000  0.000000000000000E+000  0.000000000000000E+000  0.000000000000000E+000  0.000000000000000E+000  0.000000000000000E+000  0.000000000000000E+000  0.000000000000000E+000  0.000000000000000E+000  0.000000000000000E+000  0.000000000000000E+000  0.000000000000000E+000  0.000000000000000E+000  0.000000000000000E+000  0.000000000000000E+000  0.000000000000000E+000  0.000000000000000E+000  0.000000000000000E+000
   89.5000125386743       0.000000000000000E+000  0.000000000000000E+000  0.000000000000000E+000  0.000000000000000E+000  0.000000000000000E+000  0.000000000000000E+000  0.000000000000000E+000  0.000000000000000E+000  0.000000000000000E+000  0.000000000000000E+000  0.000000000000000E+000  0.000000000000000E+000  0.000000000000000E+000  0.000000000000000E+000  0.000000000000000E+000  0.000000000000000E+000  0.000000000000000E+000  0.000000000000000E+000  0.000000000000000E+000  0.000000000000000E+000  0.000000000000000E+000  0.000000000000000E+000  0.000000000000000E+000  0.000000000000000E+000
   90.5000126787713       0.000000000000000E+000  0.000000000000000E+000  0.000000000000000E+000  0.000000000000000E+000  0.000000000000000E+000  0.000000000000000E+000  0.000000000000000E+000  0.000000000000000E+000  0.000000000000000E+000  0.000000000000000E+000  0.000000000000000E+000  0.000000000000000E+000  0.000000000000000E+000  0.000000000000000E+000  0.000000000000000E+000  0.000000000000000E+000  0.000000000000000E+000  0.000000000000000E+000  0.000000000000000E+000  0.000000000000000E+000  0.000000000000000E+000  0.000000000000000E+000  0.000000000000000E+000  0.000000000000000E+000
   91.5000128188682       7.943469446541838E-014  7.327246980568156E-014  6.692738377110381E-014  6.037545587012543E-014  5.358461467936612E-014  4.650922250445069E-014  3.907814939408469E-014  3.519338846790519E-014  3.116415791386201E-014  2.695058171381215E-014  2.430793948159822E-014  2.248577849747353E-014  1.963884470869680E-014  1.764577247325797E-014  1.446397301690834E-014  1.217045018129112E-014  1.095591982859987E-014  9.686739982900928E-015  8.354670490794489E-015  6.951530537683786E-015  5.472200326283322E-015  2.350548212398728E-015  9.145985156648474E-016  6.684485025920062E-017
   92.5000129589651       2.930818809935612E-013  2.674961059074809E-013  2.416342925660160E-013  2.154467809825576E-013  1.888642301618520E-013  1.617838274012031E-013  1.340392757933979E-013  1.198317794735834E-013  1.053228759014988E-013  9.041180208617458E-014  8.120455677551981E-014  7.492384026533912E-014  6.522492782682560E-014  5.851829985874404E-014  4.794856875599139E-014  4.042169983334590E-014  3.645993068345950E-014  3.233161144682808E-014  2.800418944655920E-014  2.344072864417345E-014  1.860666857178936E-014  8.210366580903576E-015  3.256002145757483E-015  2.429718263896658E-016
   93.5000130990620       3.880808628601414E-013  3.539228925050500E-013  3.194624327818009E-013  2.846351714653304E-013  2.493506157142134E-013  2.134735257564785E-013  1.767835495271254E-013  1.580189903799938E-013  1.388706483660458E-013  1.192037682175458E-013  1.070643492549658E-013  9.878457987817481E-014  8.599906706326510E-014  7.715733111941731E-014  6.321891787088407E-014  5.328867787752624E-014  4.805999738954809E-014  4.261004948753562E-014  3.689579293031391E-014  3.086868304164724E-014  2.448398362071451E-014  1.076504563409309E-014  4.249175676856553E-015  3.131213780553927E-016
   94.5000132391589       5.244049311536281E-013  4.779695688649360E-013  4.311933280270441E-013  3.839887987853415E-013  3.362317073346310E-013  2.877344594291871E-013  2.381888717632307E-013  2.128618869975790E-013  1.870195387578553E-013  1.604740378069676E-013  1.440843093281386E-013  1.329029319464140E-013  1.156326191649610E-013  1.036875923602227E-013  8.486009455657233E-014  7.145747685137424E-014  6.440791625115592E-014  5.706809874116648E-014  4.938354319697247E-014  4.129313656795532E-014  3.274092922088527E-014  1.441509361361294E-014  5.709166816570316E-015  4.251607537798741E-016
   95.5000133792558       7.295414642118148E-013  6.651547974558753E-013  6.002931015577717E-013  5.348363966126179E-013  4.686151776643183E-013  4.013754363556300E-013  3.327031566162768E-013  2.976146693810084E-013  2.618300986828271E-013  2.250982402402302E-013  2.024360374281452E-013  1.869835105002178E-013  1.631278911309992E-013  1.466334319730911E-013  1.206284673860811E-013  1.020887369757610E-013  9.231644901607621E-014  8.211765146669490E-014  7.140303756136948E-014  6.006679701312944E-014  4.799912310775952E-014  2.168621364801383E-014  8.809847651146331E-015  6.920382130631333E-016
   96.5000135193528       9.615759159405611E-013  8.771448400165484E-013  7.920673504115862E-013  7.061764609507491E-013  6.192360757100028E-013  5.308923264579236E-013  4.405691710319008E-013  3.943669525376897E-013  3.472026888391913E-013  2.987324960994932E-013  2.687947456036953E-013  2.483653807538972E-013  2.168004326754625E-013  1.949574937589886E-013  1.604944383863848E-013  1.359112326065012E-013  1.229511930977421E-013  1.094249106852523E-013  9.521408260087636E-014  8.017700556070782E-014  6.416273557859921E-014  2.915155009395816E-014  1.190095672240725E-014  9.404409337341388E-016
   97.5000136594497       1.159223214079984E-012  1.060149832353850E-012  9.599720663241676E-013  8.584582733967267E-013  7.552843594179611E-013  6.499696181153981E-013  5.417390645657102E-013  4.861315920998370E-013  4.291720890036070E-013  3.704032654848393E-013  3.339691721768714E-013  3.090388494927783E-013  2.703957773782791E-013  2.435539583256100E-013  2.010037623930418E-013  1.704755812169702E-013  1.543143106987333E-013  1.373943808518850E-013  1.195596059457329E-013  1.006255576176506E-013  8.040221757079037E-014  3.614384893327814E-014  1.452527338545215E-014  1.097763191499813E-015
   98.5000137995466       1.513008934067185E-012  1.382769683429473E-012  1.251271906369461E-012  1.118220740338838E-012  9.832022452499868E-013  8.456005633396861E-013  7.044203229637353E-013  6.319753501496277E-013  5.578340787121970E-013  4.814079749728551E-013  4.340639334338977E-013  4.016851051475839E-013  3.515241659578308E-013  3.167021759392844E-013  2.615357633136010E-013  2.219799770504133E-013  2.010462016262949E-013  1.791329037821378E-013  1.560356665527439E-013  1.315109194710169E-013  1.053022681413285E-013  4.778653386951212E-014  1.945620398190176E-014  1.531515410097112E-015
   99.5000139396435       1.846350803323195E-012  1.689096821664495E-012  1.530129188353452E-012  1.369058725131980E-012  1.205338683864345E-012  1.038155015701864E-012  8.661920118937954E-013  7.777414426911159E-013  6.870406793091884E-013  5.933218185357743E-013  5.351351284412881E-013  4.952781018960829E-013  4.334265497689396E-013  3.904139813823234E-013  3.221616370173249E-013  2.731685280955543E-013  2.472370398573025E-013  2.201013177917156E-013  1.915220641978430E-013  1.612177941760528E-013  1.288983907958551E-013  5.827378462297450E-014  2.364862872372591E-014  1.844522496587170E-015
   100.500014079740       2.479239799852262E-012  2.270118520657427E-012  2.058544637556012E-012  1.843980101391109E-012  1.625672635283726E-012  1.402508184426284E-012  1.172695998681716E-012  1.054379248725522E-012  9.329704596096056E-013  8.074273924090612E-013  7.294261990784391E-013  6.759660000389133E-013  5.929399684899500E-013  5.351387321869456E-013  4.432520582248144E-013  3.770953857747985E-013  3.419807211249679E-013  3.051398889440626E-013  2.662103048697676E-013  2.247563740780414E-013  1.803112074742002E-013  8.218790664593159E-014  3.352295758694848E-014  2.630382434938819E-015
   101.500014219837       3.116185881302295E-012  2.856203145206456E-012  2.592894078355570E-012  2.325547173417187E-012  2.053168075482775E-012  1.774284619669175E-012  1.486530668995466E-012  1.338114767172439E-012  1.185592322831884E-012  1.027588307241204E-012  9.292444529215552E-013  8.617528688136315E-013  7.567729180665221E-013  6.835571846601415E-013  5.669166160980681E-013  4.827302856760896E-013  4.379719342999853E-013  3.909581954360864E-013  3.412192135384645E-013  2.881915449372827E-013  2.312725374882025E-013  1.054299595349409E-013  4.296432616742287E-014  3.348214053875482E-015
   102.500014359934       3.536097290445620E-012  3.250206067022395E-012  2.959508641395687E-012  2.663090087255695E-012  2.359678825716647E-012  2.047403136665815E-012  1.723272770472400E-012  1.555237691882531E-012  1.381870288182421E-012  1.201456855323554E-012  1.088696065833059E-012  1.011080398875596E-012  8.899456166208661E-013  8.051437013764306E-013  6.694466345163915E-013  5.710112089284672E-013  5.184992852633964E-013  4.632062107796907E-013  4.045587739052530E-013  3.418714304466400E-013  2.744150048419517E-013  1.248650662253636E-013  5.067759000357768E-014  3.909573067200623E-015
   103.500014500031       4.727033988942067E-012  4.340618832500931E-012  3.948397633153134E-012  3.549177809746705E-012  3.141301488093173E-012  2.722329405940483E-012  2.288369036502635E-012  2.063786634267673E-012  1.832380311492983E-012  1.591927060537043E-012  1.441846152883487E-012  1.338643273808000E-012  1.177753746849117E-012  1.065260939521021E-012  8.855099934638594E-013  7.553169713463169E-013  6.859274286684930E-013  6.129042229215380E-013  5.354869666884392E-013  4.527591568963260E-013  3.637307365221231E-013  1.660484255343969E-013  6.757788701578951E-014  5.217033385050623E-015
   104.500014640128       5.837112095782110E-012  5.364569655430971E-012  4.884499088090516E-012  4.395365113339417E-012  3.895028574267731E-012  3.380334198917019E-012  2.846235354524671E-012  2.569337103287523E-012  2.283594369109760E-012  1.986126838533174E-012  1.800122990504545E-012  1.672046755426386E-012  1.472072949704848E-012  1.332012044129765E-012  1.107775064996370E-012  9.450302351734259E-013  8.581883150574911E-013  7.667334292913737E-013  6.697184750099230E-013  5.660095345772545E-013  4.543960122182386E-013  2.068111559305881E-013  8.382900077999408E-014  6.376806164809569E-015
   105.500014780225       7.074443951352424E-012  6.508341663639057E-012  5.932549658233844E-012  5.345119557019325E-012  4.743337476418345E-012  4.123201243107903E-012  3.478309645661106E-012  3.143317338260841E-012  2.797069053075080E-012  2.435909003081597E-012  2.209649877559567E-012  2.053634663591443E-012  1.809630818628224E-012  1.638400602483479E-012  1.363618132332064E-012  1.163645508635329E-012  1.056743663418056E-012  9.440191410231611E-013  8.242901629479072E-013  6.961529645105517E-013  5.581350284540701E-013  2.521946998491838E-013  1.011522599852401E-013  7.440591218427521E-015
   106.500014920322       8.457486637279670E-012  7.786318727969111E-012  7.103098845243101E-012  6.405415869454956E-012  5.689910382182724E-012  4.951626606319356E-012  4.182636538082317E-012  3.782586029792123E-012  3.368587979692124E-012  2.936127645446198E-012  2.664825221683556E-012  2.477564877117631E-012  2.184367642104632E-012  1.978366477072544E-012  1.647350241181921E-012  1.406138272989179E-012  1.277098265473047E-012  1.140975206878618E-012  9.963504757291817E-013  8.415449476641329E-013  6.748059507938176E-013  3.053014524140505E-013  1.227771141951076E-013  9.116615228245435E-015
   107.500015060419       1.074765529593709E-011  9.897848522367159E-012  9.032642059978992E-012  8.148968703796597E-012  7.242565238046989E-012  6.307162379189054E-012  5.332772260735838E-012  4.825888050761579E-012  4.301406999252271E-012  3.753700440825285E-012  3.410233900355235E-012  3.173244148926141E-012  2.802337026464427E-012  2.541849493090051E-012  2.123413980952739E-012  1.818459513361811E-012  1.655217142744403E-012  1.482856084115290E-012  1.299446415423150E-012  1.102630157850113E-012  8.897814053695107E-013  4.123447309700419E-013  1.706248242301949E-013  1.380642400439284E-014
   108.500015200516       1.324915692096997E-011  1.220812121462205E-011  1.114765235753517E-011  1.006389719138259E-011  8.951505023656459E-012  7.802617113319437E-012  6.604735379875194E-012  5.981092016633651E-012  5.335410100006625E-012  4.660691941906661E-012  4.237337535919476E-012  3.945116231700046E-012  3.487584609562266E-012  3.166122252090299E-012  2.649470953216919E-012  2.272675114521830E-012  2.070852272982872E-012  1.857630456102344E-012  1.630555868957732E-012  1.386594891655425E-012  1.122287156085393E-012  5.261983115801024E-013  2.208351323608367E-013  1.861734269338301E-014
   109.500015340613       1.566519776038641E-011  1.444541444765357E-011  1.320166212809548E-011  1.192919668082459E-011  1.062142006181369E-011  9.268623502042858E-012  7.855335620385262E-012  7.118161186204436E-012  6.353727542119168E-012  5.553373693608812E-012  5.050260799537016E-012  4.702524535761631E-012  4.157268153046288E-012  3.773570993239426E-012  3.155928012692523E-012  2.704897733961156E-012  2.463213152581762E-012  2.207888804763873E-012  1.936090239311330E-012  1.644356716525255E-012  1.328819337929952E-012  6.203433801528899E-013  2.596175674918253E-013  2.181650033628620E-014
   110.500015480710       5.411576430341990E-011  5.002882190902224E-011  4.582703484454958E-011  4.149286388497417E-011  3.700302201282232E-011  3.232517293082824E-011  2.741153785800859E-011  2.484399046232832E-011  2.218466355525916E-011  1.941304944115539E-011  1.768382483793095E-011  1.649773427534277E-011  1.465883933946860E-011  1.338501823580696E-011  1.138180643774003E-011  9.965483202906466E-012  9.225477655391365E-012  8.459089606429484E-012  7.660823226875867E-012  6.823114004278358E-012  5.935227749169546E-012  3.938473825964216E-012  2.773354429900063E-012  1.460392323339674E-012
   111.500015620807       1.813787352145681E-010  1.675688863457934E-010  1.533433480954359E-010  1.386430402142307E-010  1.233923342497931E-010  1.074903055708952E-010  9.079429596554006E-011  8.208469651626565E-011  7.308471266654258E-011  6.374030733533693E-011  5.793693845188377E-011  5.397213822322398E-011  4.785774174121120E-011  4.365148256314565E-011  3.710120847699855E-011  3.253261694328881E-011  3.017199868126126E-011  2.775002497556253E-011  2.525568928777903E-011  2.267393410239583E-011  1.998324561710702E-011  1.412308638736340E-011  1.079548674595462E-011  6.895852358329355E-012
   112.500015760903       2.402566140948720E-010  2.221623180485930E-010  2.035000780340221E-010  1.841886404596064E-010  1.641243827246233E-010  1.431696381476178E-010  1.211309566304863E-010  1.096191422615971E-010  9.771309393264579E-011  8.534117460785613E-011  7.765305433564269E-011  7.239901397397983E-011  6.429457134225522E-011  5.871863081617490E-011  5.003587853080178E-011  4.398176189224855E-011  4.085471532233921E-011  3.764759896695050E-011  3.434637146695534E-011  3.093190033577533E-011  2.737698380610819E-011  1.965482187188272E-011  1.528705685809127E-011  1.015598568056794E-011
   113.500015901000       3.140862544538008E-010  2.904820255540226E-010  2.661389297212073E-010  2.409517601746382E-010  2.147864110983026E-010  1.874648342143651E-010  1.587371099141229E-010  1.437350085412372E-010  1.282225362240826E-010  1.121076282261364E-010  1.020964547473173E-010  9.525639026513354E-011  8.470840202037049E-011  7.745371505335108E-011  6.616179279031344E-011  5.829289001753894E-011  5.423026909167314E-011  5.006510906563210E-011  4.577949601300664E-011  4.134895573047500E-011  3.673848472583818E-011  2.672690621626729E-011  2.105148754001047E-011  1.431845571734297E-011
   114.500016041097       3.686830607744886E-010  3.412157442670461E-010  3.128741292492101E-010  2.835346332091339E-010  2.530396159663476E-010  2.211796545026435E-010  1.876606106731666E-010  1.701482915782384E-010  1.520340809101091E-010  1.332093884523787E-010  1.215109000689698E-010  1.135161118210153E-010  1.011841292941659E-010  9.269982949133525E-011  7.948893340039964E-011  7.027825097060895E-011  6.552105968846717E-011  6.064222912864706E-011  5.562031596177905E-011  5.042593417685708E-011  4.501688711998585E-011  3.325036439649359E-011  2.655753820047817E-011  1.855409997688324E-011
   115.500016181194       3.877569014057398E-010  3.590742340456931E-010  3.294741429407104E-010  2.988278939808559E-010  2.669713191429824E-010  2.336865032499233E-010  1.986677888889243E-010  1.803726365486221E-010  1.614498986859774E-010  1.417869932786175E-010  1.295689982594461E-010  1.212199161250758E-010  1.083427558790510E-010  9.948437657250484E-011  8.569262773329206E-011  7.607794008810996E-011  7.111221830834416E-011  6.601940985907874E-011  6.077678557959096E-011  5.535296175215077E-011  4.970237442420552E-011  3.738415774636308E-011  3.033316271975097E-011  2.177953473016368E-011
   116.500016321291       5.052154298068996E-010  4.682994696688376E-010  4.301813836372001E-010  3.906952046734690E-010  3.496296717096538E-010  3.067051163190593E-010  2.615307480812430E-010  2.379272586588929E-010  2.135147351565487E-010  1.881510305714349E-010  1.723944733269563E-010  1.616298434965339E-010  1.450325483456572E-010  1.336201151888291E-010  1.158634094853107E-010  1.034960096217295E-010  9.711349237025647E-011  9.057192379458867E-011  8.384329187761538E-011  7.688882918522628E-011  6.965186220938289E-011  5.390004016772718E-011  4.486453629393134E-011  3.366231033603147E-011
   117.500016461388       5.820304871952612E-010  5.398256970916175E-010  4.962648120702532E-010  4.511681330415823E-010  4.043083028526379E-010  3.553865883543424E-010  3.039893614347101E-010  2.771813360841990E-010  2.494968185408635E-010  2.207886518110802E-010  2.029879462098423E-010  1.908437593863567E-010  1.721498576410029E-010  1.593197115748774E-010  1.394014696175489E-010  1.255645414090852E-010  1.184364023465980E-010  1.111401733002119E-010  1.036456035407921E-010  9.591022881902135E-011  8.787063358081429E-011  7.037128430952740E-011  6.024029248244948E-011  4.712823324967343E-011
   118.500016601485       6.139513779899227E-010  5.691594664397306E-010  5.228067098329057E-010  4.746691638129450E-010  4.244570989399323E-010  3.717799252082138E-010  3.160801614011228E-010  2.868451830071484E-010  2.564908086467952E-010  2.248002936901809E-010  2.050175833728357E-010  1.914521930095969E-010  1.704428730388500E-010  1.559195690720889E-010  1.331701272297766E-010  1.171923136297352E-010  1.088957238123640E-010  1.003517876392543E-010  9.151641729840418E-011  8.232954631137809E-011  7.270545833082156E-011  5.153398840533994E-011  3.932859066038374E-011  2.467020281514955E-011
   119.500016741582       3.814576967872930E-010  3.523667109118528E-010  3.224363781503496E-010  2.915558646511681E-010  2.595805465496821E-010  2.263124869648633E-010  1.914615226118988E-010  1.733067799073480E-010  1.545557788024324E-010  1.350816522570330E-010  1.229733235628372E-010  1.146893925340482E-010  1.018855885289136E-010  9.304927675682991E-011  7.922313440211708E-011  6.951594131238620E-011  6.447375857381950E-011  5.927824198863323E-011  5.390028829243586E-011  4.829981389360851E-011  4.241884245707260E-011  2.939254981356793E-011  2.177983815576313E-011  1.241195136915935E-011
   120.500016881679       3.692809238881650E-010  3.409886383567417E-010  3.119282404845998E-010  2.819981901234380E-010  2.510634134017569E-010  2.189345661578394E-010  1.853266604149717E-010  1.678320839589398E-010  1.497654719401157E-010  1.309977912136394E-010  1.193227636794295E-010  1.113312165481124E-010  9.897068329436360E-011  9.043250819812350E-011  7.705544547827764E-011  6.764531321249186E-011  6.274862833546759E-011  5.769417969190996E-011  5.244932335534179E-011  4.696752747040044E-011  4.117851289047289E-011  2.812761201852505E-011  2.022500481329466E-011  1.019057601636885E-011
   121.500017021776       6.390060920478848E-011  5.914274550816283E-011  5.425370684926281E-011  4.920817405406143E-011  4.397047110187791E-011  3.848734839491148E-011  3.267282678713094E-011  2.959745484218833E-011  2.637171057088083E-011  2.294875980644880E-011  2.077090814937512E-011  1.925354662226287E-011  1.685553104568384E-011  1.515668994940989E-011  1.241346784951368E-011  1.041888760765336E-011  9.360436698729984E-012  8.255587262803928E-012  7.100550122886785E-012  5.893221757127321E-012  4.635962353801239E-012  2.051748713307298E-012  8.757570690498828E-013  1.038742056962422E-013
   122.500017161873       4.210219615358253E-010  3.893422257805196E-010  3.567736245211624E-010  3.231916764582364E-010  2.884292843558581E-010  2.522502448846249E-010  2.142965969733233E-010  1.944827696025933E-010  1.739697352380978E-010  1.525937616663127E-010  1.392547169782339E-010  1.301025840363113E-010  1.159066248234112E-010  1.060670472966873E-010  9.058235017059576E-011  7.962608071530875E-011  7.389874838121315E-011  6.796454770425218E-011  6.177905932676894E-011  5.527908306877815E-011  4.836995471873145E-011  3.260675066063544E-011  2.298051997266033E-011  1.096522661142526E-011
   123.500017301970       9.302533042420663E-010  8.623542268412472E-010  7.921444453428212E-010  7.193072188711674E-010  6.434307757990506E-010  5.639556168889367E-010  4.800713302918141E-010  4.361021123074770E-010  3.904825685974015E-010  3.428724344757785E-010  3.131467939755163E-010  2.927538106225175E-010  2.611419665207401E-010  2.392589464539255E-010  2.049068593906526E-010  1.807062137005504E-010  1.681090822491876E-010  1.551102058428330E-010  1.416355059898360E-010  1.275831208669535E-010  1.128055206258567E-010  7.998433857533352E-011  6.069646782674374E-011  3.661057261055486E-011
   124.500017442067       1.799877401786877E-009  1.685890562076581E-009  1.567905435874221E-009  1.445451290149487E-009  1.317970144553987E-009  1.184788553733985E-009  1.045071985453400E-009  9.724387790955894E-010  8.977385271279197E-010  8.207630162856973E-010  7.733755748788434E-010  7.412373336720911E-010  6.921356122731556E-010  6.587454503183423E-010  6.075214133837217E-010  5.724571368573384E-010  5.545816229638774E-010  5.364231210252569E-010  5.179143483795151E-010  4.989452307958191E-010  4.793196627046641E-010  4.360088537132968E-010  4.086512089057975E-010  3.631509141877858E-010
   125.500017582163       3.583298493432359E-009  3.369810084690461E-009  3.149178455801165E-009  2.920083617567267E-009  2.680964967253442E-009  2.429964521302108E-009  2.164868225454216E-009  2.026235956688664E-009  1.883078549583842E-009  1.735034189338977E-009  1.643720608097313E-009  1.581771340254366E-009  1.487211017895060E-009  1.423080411154317E-009  1.325297097624593E-009  1.259122942688570E-009  1.225772217418992E-009  1.192265215991692E-009  1.158616605370518E-009  1.124832858284709E-009  1.090888924508636E-009  1.021630438374380E-009  9.837289333853612E-010  9.297477235363640E-010
   126.500017722260       3.675757227049364E-009  3.445719948372826E-009  3.208938457124270E-009  2.963618502310026E-009  2.707578958081214E-009  2.438080172118908E-009  2.151559983916435E-009  2.000476243530476E-009  1.843191869767546E-009  1.678773554643243E-009  1.576229312011859E-009  1.506066137167397E-009  1.397870119716889E-009  1.323605333517587E-009  1.208680228829807E-009  1.129493672293327E-009  1.089067129461780E-009  1.048054275961916E-009  1.006428931647283E-009  9.641588591450762E-010  9.211952577011584E-010  8.325981912437144E-010  7.855418210026992E-010  7.288969078636916E-010
   127.500017862357       5.338516014259732E-009  5.007355705476363E-009  4.669926323883807E-009  4.322881937479841E-009  3.962344425613112E-009  3.583508503793258E-009  3.180086437164666E-009  2.966577367006509E-009  2.743416689669782E-009  2.508900290666588E-009  2.361887306578507E-009  2.260934085313077E-009  2.104656524441952E-009  1.996971164108692E-009  1.829735907862143E-009  1.714229872160432E-009  1.655254602168972E-009  1.595490312600060E-009  1.534994521257853E-009  1.473881191678141E-009  1.412362886731709E-009  1.289988440402410E-009  1.231021326920012E-009  1.173565739009618E-009
   128.500018002454       7.536481200545403E-009  7.021097883376157E-009  6.516985657235775E-009  6.012207731662759E-009  5.497329229799992E-009  4.963095852308415E-009  4.398564579830951E-009  4.100553661568149E-009  3.788981673290709E-009  3.460852823966775E-009  3.254484379602668E-009  3.112353647439722E-009  2.891483695533590E-009  2.738564382128647E-009  2.499634161050260E-009  2.333378376012816E-009  2.248039719738910E-009  2.161215629924825E-009  2.072952061534619E-009  1.983383820164401E-009  1.892815168064592E-009  1.711994077405948E-009  1.626278148785757E-009  1.552075081482041E-009
   129.500018142551       9.125263995822990E-009  8.480991855555138E-009  7.863989495499180E-009  7.252229467714941E-009  6.630663509660935E-009  5.986146920819753E-009  5.303820033003963E-009  4.942512662397474E-009  4.563522388032492E-009  4.162569940772978E-009  3.909182284998472E-009  3.734005926224145E-009  3.460514363753592E-009  3.270099813078931E-009  2.970440801602990E-009  2.760016834571459E-009  2.651255172489184E-009  2.539981409872479E-009  2.426120553921007E-009  2.309668995863623E-009  2.190780031434084E-009  1.948560482864110E-009  1.830236798141796E-009  1.726018726721861E-009
   130.500018282648       8.319531172010128E-009  7.721269068157307E-009  7.143945353641801E-009  6.568531757438935E-009  5.981540782517683E-009  5.370851597239640E-009  4.722446262716407E-009  4.378360743596866E-009  4.016839490012214E-009  3.633564529448606E-009  3.390794368293489E-009  3.222631477860764E-009  2.959391484112057E-009  2.775455345297162E-009  2.484417236796615E-009  2.278374823712795E-009  2.171104112299651E-009  2.060631330762458E-009  1.946617240090101E-009  1.828656332401680E-009  1.706257850896554E-009  1.445588253590280E-009  1.305531115849138E-009  1.155936724485939E-009
   131.500018422745       1.165735284991676E-008  1.074028016957779E-008  9.912940518112584E-009  9.118531891648098E-009  8.323949674703202E-009  7.505973274462826E-009  6.641851324211317E-009  6.183652870404881E-009  5.701648803838944E-009  5.189225502402366E-009  4.863534948621202E-009  4.637296994744786E-009  4.281927514868479E-009  4.032630210354395E-009  3.636349970588554E-009  3.354400628298395E-009  3.207166728971117E-009  3.055252694497481E-009  2.898222151132681E-009  2.735602298631732E-009  2.566920547665914E-009  2.210469863439506E-009  2.024939995029031E-009  1.845940737745986E-009
   132.500018562842       1.374061719323827E-008  1.262106621725871E-008  1.163761930136081E-008  1.070599302072760E-008  9.778979722333204E-009  8.825728152536358E-009  7.817632325652679E-009  7.282049757619488E-009  6.717475261800370E-009  6.115558174384483E-009  5.731841071041539E-009  5.464672322346538E-009  5.043809309017704E-009  4.747556500607208E-009  4.274572707726661E-009  3.936187625048837E-009  3.758744286855208E-009  3.575046348772922E-009  3.384416401187548E-009  3.186076565095516E-009  2.979160945122781E-009  2.536496046212207E-009  2.301602926201634E-009  2.069472858622789E-009
   133.500018702939       1.527599376903783E-008  1.399199712930893E-008  1.288653378249246E-008  1.184993095316786E-008  1.082181047363974E-008  9.764571565793469E-009  8.644906283450237E-009  8.049040346245313E-009  7.419941350888703E-009  6.747872770627866E-009  6.318543105082932E-009  6.019130006515971E-009  5.546523449031465E-009  5.213029273249840E-009  4.678847516159718E-009  4.295026334554343E-009  4.093063153043235E-009  3.883373995725112E-009  3.664998115098567E-009  3.436768940121781E-009  3.197260277355728E-009  2.677229006367330E-009  2.393139896449701E-009  2.096003312962983E-009
   134.500018843036       1.870153854271084E-008  1.699966922335063E-008  1.560260171525274E-008  1.433143754759667E-008  1.308984720726357E-008  1.182235105255381E-008  1.048459191471263E-008  9.773312116818471E-009  9.022148488906554E-009  8.218783030688345E-009  7.704759534692113E-009  7.345771411893005E-009  6.778074673393291E-009  6.376556769334292E-009  5.731487522856148E-009  5.266253407671969E-009  5.020774677543947E-009  4.765355546593806E-009  4.498705362447403E-009  4.219245747924962E-009  3.925031259238413E-009  3.282458009650862E-009  2.929311015359470E-009  2.561063168363640E-009
   135.500018983133       1.921451612474558E-008  1.751370215740646E-008  1.609994916413261E-008  1.480326708591662E-008  1.353046533865749E-008  1.222642149093842E-008  1.084568579074891E-008  1.010978846286272E-008  9.331264965398482E-009  8.496988127324506E-009  7.962201954480101E-009  7.588206667180975E-009  6.995820712225451E-009  6.576034418203532E-009  5.899926687354435E-009  5.410713519705322E-009  5.151916282133235E-009  4.882057520837790E-009  4.599591721013817E-009  4.302580374731787E-009  3.988542135712463E-009  3.295425731341025E-009  2.906917116902433E-009  2.486924355564522E-009
   136.500019123230       2.128478559837824E-008  1.938827312245997E-008  1.781420123026596E-008  1.637382705048853E-008  1.496250569213103E-008  1.351799528167189E-008  1.198910189814009E-008  1.117415185440611E-008  1.031170009323954E-008  9.386889979312575E-009  8.793593004706076E-009  8.378387293591259E-009  7.720110559915184E-009  7.253071095250989E-009  6.499601944648744E-009  5.953179704676207E-009  5.663593161996730E-009  5.361167345268731E-009  5.044024413681973E-009  4.709777083653160E-009  4.355310993784601E-009  3.567377519372269E-009  3.120038988439969E-009  2.625397509456817E-009
   137.500019263326       2.328839012322506E-008  2.127183001206712E-008  1.957196542818032E-008  1.800311205086764E-008  1.646014398886159E-008  1.487797659874412E-008  1.320078317775694E-008  1.230559269677434E-008  1.135718890721126E-008  1.033886067812056E-008  9.684724251786642E-009  9.226497540795983E-009  8.499170549730779E-009  7.982431882807215E-009  7.147315111184829E-009  6.540317733093610E-009  6.218067882215657E-009  5.881047040721267E-009  5.527015555231999E-009  5.153094743380502E-009  4.755472166250758E-009  3.865879659810873E-009  3.355016072752937E-009  2.779151628007208E-009
   138.500019403423       2.458086146404802E-008  2.270393118114547E-008  2.102017396356348E-008  1.940850288595101E-008  1.779375364713524E-008  1.612110792084062E-008  1.433529883990857E-008  1.337766259794355E-008  1.235999014694450E-008  1.126384628305868E-008  1.055784956092544E-008  1.006240048452678E-008  9.274412157430298E-009  8.713325374643158E-009  7.804105769685476E-009  7.141110662519447E-009  6.788294136814802E-009  6.418606762998344E-009  6.029403121730229E-009  5.617251070810778E-009  5.177548627413110E-009  4.186677978526550E-009  3.610863187187208E-009  2.949960415863502E-009
   139.500019543520       2.807247744736182E-008  2.593117162434911E-008  2.400855797867053E-008  2.217068514826432E-008  2.033282658647832E-008  1.843206249819426E-008  1.640441088900023E-008  1.531713678796486E-008  1.416127808794457E-008  1.291535795055984E-008  1.211214478329597E-008  1.154802607537677E-008  1.064991380293713E-008  1.000961952929228E-008  8.970365028927910E-009  8.210991214429461E-009  7.806257842667546E-009  7.381641570216491E-009  6.933957920078793E-009  6.459055640284589E-009  5.951334742804543E-009  4.801957995242908E-009  4.129395118534987E-009  3.350685144099096E-009
   140.500019683617       3.157705679537784E-008  2.895912823121604E-008  2.673182085656343E-008  2.466387095750664E-008  2.262050372131107E-008  2.051553682618836E-008  1.827237257285035E-008  1.706942817799001E-008  1.579001035993525E-008  1.440975999351081E-008  1.351907994715003E-008  1.289302887185671E-008  1.189531174336301E-008  1.118313995421984E-008  1.002541566465818E-008  9.177828707167420E-009  8.725423603656914E-009  8.250246528421028E-009  7.748587171003900E-009  7.215589837257074E-009  6.644670715945630E-009  5.346899255169655E-009  4.582550561423618E-009  3.688818933986724E-009
   141.500019823714       3.382871738499157E-008  3.070791515965254E-008  2.820805458837706E-008  2.596970881822988E-008  2.379150901153648E-008  2.155846025903281E-008  1.918240474919193E-008  1.790900090806143E-008  1.655515492653953E-008  1.509516095934968E-008  1.415330290619522E-008  1.349139718037123E-008  1.243670621597733E-008  1.168395475793455E-008  1.046029467017911E-008  9.564312582137393E-009  9.085965959917246E-009  8.583405977984107E-009  8.052622506116276E-009  7.488337623214375E-009  6.883338817921623E-009  5.504177004899839E-009  4.686770864468366E-009  3.718628598484875E-009
   142.500019963811       3.779618741099533E-008  3.427613119900939E-008  3.148510683465809E-008  2.900097239599141E-008  2.658916375731653E-008  2.411783977657232E-008  2.148745583814177E-008  2.007684321670785E-008  1.857602264699279E-008  1.695583065201104E-008  1.590945204613140E-008  1.517344212544581E-008  1.399940200981110E-008  1.316039177792983E-008  1.179429408872252E-008  1.079201132636490E-008  1.025611983541586E-008  9.692442452620243E-009  9.096305656211483E-009  8.461538194149469E-009  7.779672989367926E-009  6.219059689857327E-009  5.288748535479339E-009  4.179495157158358E-009
   143.500020103908       3.809174742326233E-008  3.476091556932208E-008  3.203255458097340E-008  2.955216999751151E-008  2.711837521055356E-008  2.461214926649350E-008  2.193702946084120E-008  2.050011214244550E-008  1.896985174589642E-008  1.731637894398449E-008  1.624772594107093E-008  1.549568251453652E-008  1.429541478622295E-008  1.343713234927010E-008  1.203856799360503E-008  1.101143467987949E-008  1.046181848143774E-008  9.883313664657485E-009  9.270985193855151E-009  8.618285001563682E-009  7.916173363607139E-009  6.303639899502841E-009  5.336416197971068E-009  4.171605118899309E-009
   144.200017150218       4.467872002439287E-008  4.042128187557928E-008  3.708589338413573E-008  3.414810241843595E-008  3.131261441756051E-008  2.841399037694600E-008  2.533068892126880E-008  2.367696239952621E-008  2.191680945934926E-008  2.001540232213075E-008  1.878644297942364E-008  1.792143886863661E-008  1.654046075621844E-008  1.555251857783128E-008  1.394163187549033E-008  1.275754468895990E-008  1.212352520652171E-008  1.145583128917144E-008  1.074867635367519E-008  9.994378764599610E-009  9.182327564517531E-009  7.314362294113391E-009  6.191576441416965E-009  4.836253869007398E-009
   144.700017220266       4.703403921430460E-008  4.269637502425563E-008  3.925322030926908E-008  3.619197429764297E-008  3.322336600601611E-008  3.018245196081578E-008  2.694359219490329E-008  2.520455913287325E-008  2.335187412411577E-008  2.134812198702384E-008  2.005148138864769E-008  1.913803317365902E-008  1.767820383208543E-008  1.663262236996262E-008  1.492535605090391E-008  1.366838180892070E-008  1.299457444797856E-008  1.228437715544502E-008  1.153150486226421E-008  1.072760934581090E-008  9.861152862816953E-009  7.863756105454346E-009  6.660050257288378E-009  5.203414453117605E-009
   145.500020384102       5.308780488470320E-008  4.783687431815337E-008  4.378959011253151E-008  4.028653904681982E-008  3.694768893055499E-008  3.355852655218222E-008  2.996607521967023E-008  2.804142712457072E-008  2.599289732287110E-008  2.377844217989920E-008  2.234554693043994E-008  2.133596150383718E-008  1.972195300622948E-008  1.856534189822383E-008  1.667527570063183E-008  1.528219727445207E-008  1.453479714941396E-008  1.374649639819935E-008  1.291017318693007E-008  1.201636138361768E-008  1.105196819295525E-008  8.824178398687464E-009  7.478023256321947E-009  5.844949745541713E-009
   146.500020524199       5.425187427239588E-008  4.891748206683833E-008  4.479211767269856E-008  4.122308148943817E-008  3.782280670020972E-008  3.436740662652803E-008  3.069746629732981E-008  2.872837587168548E-008  2.663069531917037E-008  2.436135966864109E-008  2.289215663936303E-008  2.185666355743548E-008  2.020072008281146E-008  1.901367336418210E-008  1.707311890106616E-008  1.564210291207991E-008  1.487402431250390E-008  1.406360741262680E-008  1.320340091333677E-008  1.228346283886026E-008  1.128997235698133E-008  8.989225834066148E-009  7.592053061483261E-009  5.881857381715682E-009
   147.500020664296       5.953650939994666E-008  5.369880933189750E-008  4.918855799962675E-008  4.529243981176922E-008  4.158344033645244E-008  3.781379850983090E-008  3.380728562353452E-008  3.165592716762502E-008  2.936249265863174E-008  2.687923274523137E-008  2.527015767160731E-008  2.413535411754190E-008  2.231920531299629E-008  2.101615473363371E-008  1.888358670980937E-008  1.730883474208387E-008  1.646276499044763E-008  1.556935992146331E-008  1.462022094659840E-008  1.360412637160458E-008  1.250544927825714E-008  9.954676517415260E-009  8.399787037576035E-009  6.485943570019635E-009
   148.500020804393       6.569120173992646E-008  5.923339439299919E-008  5.425794952176248E-008  4.997472685179894E-008  4.590756538133356E-008  4.177909647278830E-008  3.739238283980993E-008  3.503615078679444E-008  3.252305958891236E-008  2.979984927660654E-008  2.803378266945333E-008  2.678741228344842E-008  2.479104304568094E-008  2.335726844747019E-008  2.100782631807478E-008  1.927027024533796E-008  1.833567902192335E-008  1.734792393530374E-008  1.629747874922609E-008  1.517158783099838E-008  1.395244198102402E-008  1.111341586866874E-008  9.375222039035177E-009  7.224351076318687E-009
   149.500020944490       7.377219688615546E-008  6.642209946911567E-008  6.080145356124961E-008  5.599549906021570E-008  5.145286733148367E-008  4.685361725650025E-008  4.197293985347603E-008  3.935229665294800E-008  3.655687735073511E-008  3.352641086412854E-008  3.155985510345242E-008  3.017122141219524E-008  2.794536253692969E-008  2.634533175762326E-008  2.372037629885285E-008  2.177621552244307E-008  2.072936344199024E-008  1.962202057806569E-008  1.844325796538420E-008  1.717842616044760E-008  1.580705007573343E-008  1.260539587961077E-008  1.063870570879261E-008  8.196596886056917E-009
   150.500021084586       8.110604534096188E-008  7.308858585277223E-008  6.693559903824286E-008  6.166537776325540E-008  5.668191665622113E-008  5.163645981633752E-008  4.628185409987576E-008  4.340604615322585E-008  4.033752898629393E-008  3.700954972411113E-008  3.484891500291609E-008  3.332267199834178E-008  3.087512502883166E-008  2.911478574214589E-008  2.622484767574482E-008  2.408259674611778E-008  2.292833995395682E-008  2.170675378516557E-008  2.040558658593789E-008  1.900838191667494E-008  1.749207756747601E-008  1.394452491146201E-008  1.175794127069515E-008  9.030970756894401E-009
   151.200018130896       8.153857278393984E-008  7.399875695403648E-008  6.803030868338430E-008  6.279460219129670E-008  5.777586649216991E-008  5.266144772687514E-008  4.721529599359614E-008  4.428535245766818E-008  4.115632585118902E-008  3.776032217750387E-008  3.555453814487012E-008  3.399604803804977E-008  3.149631003956141E-008  2.969813869890308E-008  2.674563532093618E-008  2.455662123787513E-008  2.337699914029417E-008  2.212840287008587E-008  2.079822945017055E-008  1.936952301382369E-008  1.781847236681357E-008  1.418587503484031E-008  1.194204400107679E-008  9.131647372981429E-009
   151.700018200944       9.072367272808947E-008  8.152200879117794E-008  7.450293726543825E-008  6.856919254278090E-008  6.302419367707726E-008  5.744459282529302E-008  5.153322086115084E-008  4.835808980765082E-008  4.496873233840367E-008  4.129035564395625E-008  3.890053001241885E-008  3.721143914215956E-008  3.450085951963050E-008  3.254971544258793E-008  2.934309412331979E-008  2.696288847352096E-008  2.567912388076537E-008  2.431938032931378E-008  2.286970653156783E-008  2.131133390559911E-008  1.961791220344861E-008  1.564515973046327E-008  1.318657976011061E-008  1.010271208449167E-008
   152.500021364780       1.163887184227986E-007  1.001570997783968E-007  8.885372212765077E-008  8.033691166592120E-008  7.313575937950945E-008  6.633631820470304E-008  5.938075652888449E-008  5.570630345664957E-008  5.181634880977436E-008  4.762228715421598E-008  4.490815885382589E-008  4.299327691793519E-008  3.992390427192662E-008  3.771560887675303E-008  3.408511803382141E-008  3.138702557647225E-008  2.993001912366765E-008  2.838510858313166E-008  2.673588765945767E-008  2.496030465262104E-008  2.302743868043669E-008  1.847833578014611E-008  1.565362842946834E-008  1.210869185711648E-008
   153.500021504877       3.514007990989973E-007  2.591560885845065E-007  1.936401546036275E-007  1.488656646300825E-007  1.191203557007845E-007  9.925660381702133E-008  8.496909302354104E-008  7.885238310164608E-008  7.298415814684839E-008  6.710038535362274E-008  6.345944929940537E-008  6.095042128231447E-008  5.701228514595816E-008  5.423192271587670E-008  4.973810619983196E-008  4.644881790031005E-008  4.468744350088738E-008  4.283002807653670E-008  4.085819863088080E-008  3.874789475744176E-008  3.646665572777630E-008  3.118948589388730E-008  2.803057442910413E-008  2.438552786420335E-008
   154.500021644974       7.045019194505621E-007  5.130201468170249E-007  3.698915165008497E-007  2.674643191061317E-007  1.975942999338347E-007  1.519549769897563E-007  1.224768707075787E-007  1.114974837509133E-007  1.019738650769133E-007  9.326117286735423E-008  8.819571078103210E-008  8.482102905307603E-008  7.968499435998571E-008  7.616240093251383E-008  7.062829869656202E-008  6.669213362271582E-008  6.462232905606152E-008  6.246813107467108E-008  6.021378359850476E-008  5.784010526023690E-008  5.532407239583128E-008  4.976712504826753E-008  4.673553692351131E-008  4.395296935921990E-008
   155.500021785071       5.634725187507108E-007  4.278491813500875E-007  3.240991514035311E-007  2.473338348207166E-007  1.923969144637407E-007  1.539968631908956E-007  1.269121226253803E-007  1.160775579208679E-007  1.063114144122898E-007  9.712347394697996E-008  9.169752475367644E-008  8.805508944918203E-008  8.247285190188766E-008  7.861691855428289E-008  7.250866305520820E-008  6.811907555515407E-008  6.579245746275816E-008  6.335502786731046E-008  6.078394167478617E-008  5.804972673412328E-008  5.511357008632973E-008  4.841070079274520E-008  4.449727502609710E-008  4.025128641393386E-008
   156.500021925168       5.032691115600552E-007  3.861025987208938E-007  2.953522983359470E-007  2.273008475735125E-007  1.779476477390660E-007  1.430672960300207E-007  1.183146382163296E-007  1.083964226322465E-007  9.944238834801527E-008  9.098487281923628E-008  8.596205915426442E-008  8.257408647783696E-008  7.735177691259023E-008  7.372075906797838E-008  6.792544453424101E-008  6.372581532354341E-008  6.148734812025322E-008  5.913245792919949E-008  5.663692652518413E-008  5.396901568356620E-008  5.108594724779114E-008  4.441091676927606E-008  4.041430728557731E-008  3.584752695229266E-008
   157.500022065265       9.427514159625847E-007  7.041543659714247E-007  5.186295643683380E-007  3.798002815896767E-007  2.804564826475166E-007  2.126062828687683E-007  1.676476465383376E-007  1.510132004610590E-007  1.368823772076966E-007  1.243171012791621E-007  1.171802502070624E-007  1.124873312591887E-007  1.054251787768455E-007  1.006276777946602E-007  9.314787254457718E-008  8.785771297199686E-008  8.508188344141470E-008  8.219490028636372E-008  7.917360314119857E-008  7.598918249117519E-008  7.260578630425955E-008  6.506842237905563E-008  6.087332653101735E-008  5.683107301613624E-008
   158.500022205362       1.359583961849891E-006  1.007198487863128E-006  7.295220243506366E-007  5.194699435481734E-007  3.684760531406651E-007  2.663515519097297E-007  2.012404249408623E-007  1.785059477240927E-007  1.601320354547257E-007  1.446028457564532E-007  1.360925638590656E-007  1.305986661123532E-007  1.224581220792586E-007  1.170026260317269E-007  1.086035149877634E-007  1.027394949837987E-007  9.968895347584141E-008  9.653698406947529E-008  9.326302392883662E-008  8.984303816011919E-008  8.625016560685491E-008  7.846679498582087E-008  7.438556460098390E-008  7.108673570187797E-008
   159.500022345459       1.541467332918767E-006  1.141164575910643E-006  8.261351686263909E-007  5.884710996303188E-007  4.183815832347085E-007  3.040061854349351E-007  2.314322202095381E-007  2.060819582160251E-007  1.855091301529567E-007  1.680071430520730E-007  1.583619019575648E-007  1.521167390398269E-007  1.428413354669707E-007  1.366138217636507E-007  1.270109097341600E-007  1.202943078216796E-007  1.167951457694523E-007  1.131750116112629E-007  1.094087127293047E-007  1.054663513328335E-007  1.013137079056376E-007  9.226473036993318E-008  8.747881576700773E-008  8.358627136867242E-008
   160.500022485556       1.676000050787312E-006  1.241116413140106E-006  8.965472796315637E-007  6.348067825933474E-007  4.463450106838763E-007  3.192336233978881E-007  2.389958356754930E-007  2.113584422849236E-007  1.892557915416209E-007  1.707502570242986E-007  1.606632620747078E-007  1.541643493584282E-007  1.445431709785366E-007  1.380951788801693E-007  1.281561669845404E-007  1.211994883028853E-007  1.175715423558675E-007  1.138143449612051E-007  1.099001022281590E-007  1.057951928319662E-007  1.014596388689615E-007  9.193514067529351E-008  8.679180674385834E-008  8.228404274489568E-008
   161.500022625653       1.994902172345081E-006  1.496595740426084E-006  1.092312140689636E-006  7.763876013676671E-007  5.413160169972793E-007  3.772143563088025E-007  2.710649726585222E-007  2.346615061384325E-007  2.062892013341797E-007  1.835679779217794E-007  1.717076201140847E-007  1.642645964018764E-007  1.534999088820180E-007  1.464298091870851E-007  1.357158524122401E-007  1.283313957888717E-007  1.245153210641964E-007  1.205884345774844E-007  1.165252171201672E-007  1.122960425507119E-007  1.078678812417991E-007  9.831616489916318E-008  9.332216542035379E-008  8.928172878180764E-008
   162.500022765750       1.967234086251439E-006  1.503535473212267E-006  1.119807769885289E-006  8.122662004531559E-007  5.759248374214766E-007  4.041379915919493E-007  2.877543671746478E-007  2.465266843476061E-007  2.140790593866219E-007  1.882640915992175E-007  1.750352677677120E-007  1.668655042075176E-007  1.552470713886538E-007  1.477345848263343E-007  1.364903652174053E-007  1.288095538847943E-007  1.248549337482920E-007  1.207926144908787E-007  1.165942277186318E-007  1.122264612535380E-007  1.076508040929053E-007  9.772967843797837E-008  9.244458209106640E-008  8.783680330856536E-008
   163.500022905846       2.866298806801903E-006  2.232053527158755E-006  1.690639297411803E-006  1.240713519908356E-006  8.802601539758413E-007  6.060891137397691E-007  4.124692520946356E-007  3.427403991992114E-007  2.884411437458247E-007  2.468692505894594E-007  2.267091826971979E-007  2.147997089868755E-007  1.986623414675255E-007  1.887272993906741E-007  1.745156450394105E-007  1.651969201928522E-007  1.605072727278789E-007  1.557628482354711E-007  1.509371665289343E-007  1.460040935380627E-007  1.409414508568980E-007  1.304652682751424E-007  1.254050562277176E-007  1.222509841745018E-007
   164.500023045943       5.555839651203842E-006  4.406106710910446E-006  3.392018594400377E-006  2.517082253358592E-006  1.785280796372789E-006  1.201035299211190E-006  7.675732572351361E-007  6.068250397604396E-007  4.813876742228998E-007  3.879475173692637E-007  3.451849631500862E-007  3.213802755487962E-007  2.915759953580856E-007  2.749345209609922E-007  2.536158387853172E-007  2.412006598353249E-007  2.354012376506622E-007  2.298373444429052E-007  2.245013250991688E-007  2.194119468890250E-007  2.146347959759592E-007  2.069063023881858E-007  2.055082228160082E-007  2.108583479812158E-007
   165.500023186040       3.135489116320442E-006  2.465413684122939E-006  1.883711556144122E-006  1.390903547321706E-006  9.872293708872275E-007  6.722608718078443E-007  4.435777023602612E-007  3.595841393621714E-007  2.937280666944957E-007  2.435415823408676E-007  2.196302078400486E-007  2.057788627926980E-007  1.874893039147589E-007  1.765631281178327E-007  1.613949142078489E-007  1.517025727699541E-007  1.468816859749418E-007  1.420326109269310E-007  1.371207022337353E-007  1.321102819825485E-007  1.269656826500456E-007  1.161883472806366E-007  1.107099413160542E-007  1.062757367924125E-007
   166.500023326137       6.229855438044133E-006  4.999016831150609E-006  3.898498179990926E-006  2.933498264023351E-006  2.110645539280260E-006  1.438313453113457E-006  9.252609247587606E-007  7.300169252938155E-007  5.747811929791815E-007  4.569365147876768E-007  4.022681926959633E-007  3.716516291679224E-007  3.332062130746738E-007  3.117367747567144E-007  2.842637327520357E-007  2.682165733455806E-007  2.606598131275524E-007  2.533320982488052E-007  2.461836741350621E-007  2.391796077453051E-007  2.323099998134610E-007  2.192826261665252E-007  2.139539158811228E-007  2.126576158978598E-007
   167.200020372447       3.394146053527728E-006  2.705360617619173E-006  2.098044661499322E-006  1.573387491503407E-006  1.132999825658819E-006  7.788699216647649E-007  5.123742193220374E-007  4.115334826536523E-007  3.310831615027643E-007  2.690739381446556E-007  2.395018111271913E-007  2.224597967384942E-007  2.001790064143838E-007  1.870425850085760E-007  1.690399034903349E-007  1.576300319480835E-007  1.519562469185767E-007  1.462338479244131E-007  1.404059501949622E-007  1.344083063841249E-007  1.281642893644784E-007  1.145230905101478E-007  1.068511314505304E-007  9.856454286925508E-008
   167.700020442495       6.721119686984069E-006  5.471209449856191E-006  4.337372767473725E-006  3.324809193182370E-006  2.440840714090184E-006  1.696088865204270E-006  1.104654207683905E-006  8.709899700594419E-007  6.801817082688257E-007  5.316853858750273E-007  4.618277210474396E-007  4.226411333257371E-007  3.738438956829782E-007  3.471773805654203E-007  3.143933483992223E-007  2.963427942053092E-007  2.882061125798886E-007  2.805665570358091E-007  2.733752741643055E-007  2.666164153661349E-007  2.603315519527101E-007  2.500713178240000E-007  2.477821253705799E-007  2.530879379954811E-007
   168.500023606331       8.660576943097065E-006  7.116784193253793E-006  5.702939074609313E-006  4.425396853886059E-006  3.293463548650984E-006  2.321395648298469E-006  1.529791907314215E-006  1.209331439642400E-006  9.427360485963586E-007  7.312040470106163E-007  6.303028547025045E-007  5.734066979307148E-007  5.026375960483727E-007  4.644058140749227E-007  4.188540701922638E-007  3.952876262948642E-007  3.852829305072062E-007  3.763804482381374E-007  3.685654909065737E-007  3.619004208653537E-007  3.565901263670080E-007  3.526481071825095E-007  3.582417839044745E-007  3.816980785622717E-007
   169.500023746428       6.470748350995955E-006  5.335538225906114E-006  4.300226461744778E-006  3.368381102323173E-006  2.545394293133526E-006  1.839544863040838E-006  1.262477669695443E-006  1.026381406051630E-006  8.270737919820404E-007  6.650261534560981E-007  5.853933112415522E-007  5.393762864950446E-007  4.804538811869603E-007  4.475308718002240E-007  4.069257590109068E-007  3.852499234147409E-007  3.759371473531283E-007  3.676347493742773E-007  3.603861459703804E-007  3.543138853699259E-007  3.496912430998715E-007  3.478325274142860E-007  3.552702837776856E-007  3.819713473757817E-007
   170.500023886525       7.890165317164130E-006  6.597830755230470E-006  5.404494397146255E-006  4.313556665316611E-006  3.330440937172021E-006  2.464253167238024E-006  1.729467025390929E-006  1.417399977412202E-006  1.145771282738622E-006  9.168995664645863E-007  8.007603659646997E-007  7.322581607896410E-007  6.428883564309725E-007  5.921969761546223E-007  5.294508991135988E-007  4.965293498934497E-007  4.827912478073523E-007  4.709239122787953E-007  4.610125111335370E-007  4.532185278035142E-007  4.478612236036624E-007  4.479103119008201E-007  4.585483978876953E-007  4.908393083711865E-007
   171.500024026622       1.032264436884235E-005  8.780225109470925E-006  7.333341882553140E-006  5.985097512586687E-006  4.740846921600944E-006  3.610589477575093E-006  2.612317058699891E-006  2.171291574027720E-006  1.775049530172565E-006  1.428757108467075E-006  1.247157472502622E-006  1.137698376884394E-006  9.917980668207651E-007  9.073188758275001E-007  8.011916873094001E-007  7.454611565895084E-007  7.226065379819103E-007  7.034249735719996E-007  6.882647549412606E-007  6.776135708047578E-007  6.722219873781333E-007  6.838605453457000E-007  7.103098587007800E-007  7.762654413102675E-007
   172.500024166719       1.061804652896971E-005  9.069474531069797E-006  7.611036726559453E-006  6.245598567365537E-006  4.978349335040316E-006  3.819253820062562E-006  2.786534600572582E-006  2.326395444720296E-006  1.910010370284734E-006  1.542846246314182E-006  1.348564040331310E-006  1.230673510811920E-006  1.072325406126425E-006  9.798223669804751E-007  8.624589717004069E-007  8.001446676039471E-007  7.744162458102022E-007  7.527335402990254E-007  7.355385016856949E-007  7.234404127773912E-007  7.173577418301316E-007  7.311630626221309E-007  7.622016567395114E-007  8.401450162395577E-007
   173.500024306816       1.306479111760928E-005  1.124352266652075E-005  9.512835616969475E-006  7.875194479638648E-006  6.335832601579959E-006  4.906085886337802E-006  3.608532557930615E-006  3.020969337909476E-006  2.482977532693106E-006  2.002672517674345E-006  1.745924786095417E-006  1.589152415787993E-006  1.377316874646457E-006  1.252848808937086E-006  1.094114003702174E-006  1.009480977946804E-006  9.744997696142429E-007  9.450436131918519E-007  9.217608735891382E-007  9.055262403693004E-007  8.976190260608017E-007  9.174026555367340E-007  9.598111234701447E-007  1.064715355182484E-006
   174.500024446913       1.255276013063706E-005  1.080080211704008E-005  9.134771262518296E-006  7.557121279778843E-006  6.073286266071417E-006  4.694899371026647E-006  3.444553458311570E-006  2.878782286805495E-006  2.361011324779392E-006  1.898871771363666E-006  1.651756457554921E-006  1.500763098739765E-006  1.296455686224784E-006  1.176107204421417E-006  1.021812896393820E-006  9.385415442565549E-007  9.035565176172961E-007  8.734837550534347E-007  8.487946493303785E-007  8.301116831861534E-007  8.183419784997042E-007  8.233002898796037E-007  8.511630379118184E-007  9.274028336189859E-007
   175.500024587009       1.531929082200088E-005  1.325815715192844E-005  1.128496337643267E-005  9.401766134432713E-006  7.614014044300376E-006  5.934617039171351E-006  4.390340143887601E-006  3.682987591387303E-006  3.029655689657829E-006  2.440565438699750E-006  2.122741079489248E-006  1.927384232691280E-006  1.661409095413013E-006  1.503713610302226E-006  1.300274810900205E-006  1.189947630984035E-006  1.143584348679233E-006  1.103850748877627E-006  1.071502678827600E-006  1.047529397298815E-006  1.033334942236414E-006  1.045680744364218E-006  1.088083022679640E-006  1.199217744972956E-006
   176.500024727106       1.055072535391412E-005  9.062465584558802E-006  7.652253439883718E-006  6.322647035292586E-006  5.078797079267165E-006  3.930828079132130E-006  2.896994013457552E-006  2.431527584382721E-006  2.006387415079664E-006  1.626763140116098E-006  1.423105565200731E-006  1.298141482043557E-006  1.127923981793734E-006  1.026658902581952E-006  8.948412426096076E-007  8.219358254130448E-007  7.905719873633388E-007  7.629770839537976E-007  7.395283988788551E-007  7.207340812042816E-007  7.073524126383653E-007  7.035200577286314E-007  7.229270938841276E-007  7.853791773477586E-007
   177.500024867203       1.444988637297559E-005  1.250445409431148E-005  1.064216930929637E-005  8.865334762911033E-006  7.179704229922090E-006  5.598242121803718E-006  4.146728500436827E-006  3.482846502593573E-006  2.869982992467095E-006  2.317072968045441E-006  2.018191261246461E-006  1.834036830153892E-006  1.582347303212192E-006  1.432247377606387E-006  1.236797981541946E-006  1.129132493227578E-006  1.083162005092002E-006  1.043111066896782E-006  1.009653581455926E-006  9.836761899724240E-007  9.664489543654938E-007  9.687372153095111E-007  1.003083784936386E-006  1.101970466456863E-006
   178.500025007300       1.479455027794977E-005  1.279681788595241E-005  1.088205388972241E-005  9.053493809738442E-006  7.318296423057290E-006  5.691317026889517E-006  4.200503470466822E-006  3.519912181743371E-006  2.892486386172963E-006  2.327130889524693E-006  2.021709676245703E-006  1.833526090559671E-006  1.576173716860116E-006  1.422443489282756E-006  1.221423254585909E-006  1.109566000936578E-006  1.061175507996562E-006  1.018352563361994E-006  9.816165656154424E-007  9.516296157914159E-007  9.293191248490098E-007  9.154575716026431E-007  9.352236305821503E-007  1.006204168475717E-006
   179.500025147397       1.808663275910581E-005  1.577234415345949E-005  1.353540275262047E-005  1.137738758352819E-005  9.304216503526837E-006  7.330969898692027E-006  5.489260148496183E-006  4.634331394685281E-006  3.836005706372165E-006  3.106177058904302E-006  2.706750093660974E-006  2.458476394204707E-006  2.115826311537148E-006  1.909203856042513E-006  1.636733456949703E-006  1.484363108347875E-006  1.418598752012892E-006  1.360818855409839E-006  1.312045933036449E-006  1.273599619687954E-006  1.247308583527139E-006  1.245534298716380E-006  1.289849732914022E-006  1.421160282718573E-006
   180.500025287494       1.553349224365436E-005  1.349210936719030E-005  1.152737357218857E-005  9.641868091729434E-006  7.842277487195060E-006  6.143267265792318E-006  4.573021484819567E-006  3.850185005907610E-006  3.179086375823322E-006  2.568968963432393E-006  2.236392948581629E-006  2.030095531335576E-006  1.745773430430021E-006  1.574387522474500E-006  1.347873128309158E-006  1.220123904185522E-006  1.164272059135324E-006  1.114394597836122E-006  1.071080591877002E-006  1.035066255753395E-006  1.007360492703707E-006  9.851238255341195E-007  1.002651187350076E-006  1.075071879013446E-006
   181.500025427591       1.635900771302728E-005  1.425800783167535E-005  1.222819199111332E-005  1.027205070172428E-005  8.396378881709857E-006  6.616299876008572E-006  4.960959043582157E-006  4.194527401629167E-006  3.479453900642260E-006  2.825279004610019E-006  2.466403571903032E-006  2.242724944461773E-006  1.932777763035045E-006  1.744830684915820E-006  1.494938569790323E-006  1.353254705747801E-006  1.291188412102580E-006  1.235758799978063E-006  1.187711483083130E-006  1.147985275281845E-006  1.117873346041297E-006  1.096990420031086E-006  1.121307975859173E-006  1.213027280511306E-006
   182.500025567688       1.477674019659069E-005  1.285977019875520E-005  1.101053469339225E-005  9.231616348924909E-006  7.529897283162025E-006  5.920133127113817E-006  4.429632915242432E-006  3.742169530228319E-006  3.102417801547740E-006  2.518417946462854E-006  2.198374123758451E-006  1.998898529054565E-006  1.722234462784655E-006  1.554084534377392E-006  1.329376286486083E-006  1.200651738989147E-006  1.143608948733324E-006  1.092037433085917E-006  1.046486254062061E-006  1.007630041262941E-006  9.763763031412169E-007  9.440127277676005E-007  9.537056565419006E-007  1.013142768436234E-006
   183.500025707785       1.447934980724439E-005  1.257481326996051E-005  1.074130700408665E-005  8.982757327698115E-006  7.307429466456710E-006  5.731175152799804E-006  4.281432685883837E-006  3.616561377997362E-006  3.000206888891914E-006  2.439585078587225E-006  2.133116739125347E-006  1.942335204527777E-006  1.677934272349566E-006  1.517255962923891E-006  1.302201628806243E-006  1.178362692537623E-006  1.123083275296433E-006  1.072680427120328E-006  1.027564993673029E-006  9.882435629877363E-007  9.554179243424040E-007  9.153479605896577E-007  9.175624245500212E-007  9.641329301593199E-007
   184.500025847882       1.247888197853465E-005  1.083271544769157E-005  9.251366819857101E-006  7.738518195463925E-006  6.301457955485911E-006  4.953557898414777E-006  3.717183701101529E-006  3.150794600684851E-006  2.625553301261051E-006  2.146950398783920E-006  1.884540383789813E-006  1.720712614105023E-006  1.492752988331872E-006  1.353463528395056E-006  1.165597851474721E-006  1.056199290207025E-006  1.006894652179120E-006  9.615589289635886E-007  9.205334605470977E-007  8.842393852781139E-007  8.532602042632360E-007  8.123520755299453E-007  8.104698136898387E-007  8.465502221263309E-007
   185.500025987979       1.447143220125831E-005  1.262665472170452E-005  1.084350102191048E-005  9.125181650475440E-006  7.478969337848885E-006  5.919196737832113E-006  4.471008169438082E-006  3.800379700872231E-006  3.173358597685916E-006  2.596767252143544E-006  2.278035515250099E-006  2.077934134139456E-006  1.797850765973945E-006  1.625642597531583E-006  1.391993510982777E-006  1.255324456694929E-006  1.193701033498004E-006  1.137140650040541E-006  1.086190525408855E-006  1.041519471042394E-006  1.004016452122187E-006  9.576075821934239E-007  9.592744002148310E-007  1.010510452172872E-006
   186.500026128076       1.630105434607888E-005  1.431084904195420E-005  1.237342109698861E-005  1.049044114393934E-005  8.667816559562642E-006  6.919284974132461E-006  5.271238989798702E-006  4.497810451501541E-006  3.767371138033004E-006  3.088197067720072E-006  2.709094735035347E-006  2.469550846426427E-006  2.132010772640684E-006  1.923042396724865E-006  1.637660051892030E-006  1.469832418842513E-006  1.394041848699838E-006  1.324515263602668E-006  1.262045487788321E-006  1.207594699609146E-006  1.162407745933586E-006  1.109127061078409E-006  1.114285890002915E-006  1.181286559121465E-006
   187.500026268173       1.625961770849558E-005  1.423565493827550E-005  1.226978812529780E-005  1.036478904470764E-005  8.528089163016706E-006  6.775343446776317E-006  5.134927674193566E-006  4.370175125529256E-006  3.651623084283829E-006  2.987256980408173E-006  2.618217050341505E-006  2.385766198258619E-006  2.059255616296551E-006  1.857731507249527E-006  1.583121899643054E-006  1.421597348046663E-006  1.348416998931642E-006  1.280942347368146E-006  1.219760866043036E-006  1.165568919477781E-006  1.119263095024060E-006  1.057339719937242E-006  1.052370975143653E-006  1.098775577159743E-006
   188.500026408269       1.677407248296876E-005  1.472099550189491E-005  1.272053509513110E-005  1.077538262650404E-005  8.893050076258108E-006  7.089520932863354E-006  5.393837702781514E-006  4.600086324515059E-006  3.851842461989741E-006  3.157287672982637E-006  2.770000791740714E-006  2.525379661037363E-006  2.180708038341197E-006  1.967238357328274E-006  1.675239398016255E-006  1.502744315771700E-006  1.424361495690486E-006  1.351926236600806E-006  1.286070725303548E-006  1.227539367858861E-006  1.177282612806590E-006  1.108985412226313E-006  1.102145305159051E-006  1.149501054356206E-006
   189.500026548366       1.780776485971887E-005  1.567730167557481E-005  1.359421749032700E-005  1.156071184177415E-005  9.583837848273321E-006  7.679297922620856E-006  5.876332914712732E-006  5.026904257900930E-006  4.221974648616872E-006  3.470145746880097E-006  3.048458926283511E-006  2.781003505505685E-006  2.402443691427095E-006  2.166822537338482E-006  1.842846214324596E-006  1.650471212151955E-006  1.562820956499044E-006  1.481718720308993E-006  1.407940273660075E-006  1.342401470382536E-006  1.286262831732063E-006  1.210936034980391E-006  1.204639621539398E-006  1.260046340820103E-006
   190.500026688463       1.639334474480193E-005  1.442625674451574E-005  1.250380858809799E-005  1.062885751886798E-005  8.808999885657100E-006  7.059749230412560E-006  5.408323369422333E-006  4.631756096005247E-006  3.896407678592082E-006  3.209508077101335E-006  2.823875657800132E-006  2.579005779276653E-006  2.231812928487048E-006  2.015184637855881E-006  1.716205078201711E-006  1.537573766170901E-006  1.455683120205843E-006  1.379445481764996E-006  1.309483985939071E-006  1.246518029953218E-006  1.191439678382171E-006  1.111670820058681E-006  1.097186857318572E-006  1.132867513387187E-006
   191.500026828560       1.836421045054501E-005  1.616556510100441E-005  1.401298095281046E-005  1.191014423547231E-005  9.866078623089869E-006  7.898752489898369E-006  6.039458824938537E-006  5.164656246817610E-006  4.336185965518986E-006  3.562478143889945E-006  3.128376051064384E-006  2.852924418455549E-006  2.462796575606763E-006  2.219752717299934E-006  1.884998048635336E-006  1.685439184198445E-006  1.594042723953676E-006  1.508953745046130E-006  1.430782517822359E-006  1.360204184919494E-006  1.298025754097280E-006  1.205024261621385E-006  1.184011260339649E-006  1.213039399267289E-006
   192.500026968657       1.834244993835635E-005  1.611088562653289E-005  1.392721506308117E-005  1.179699061017047E-005  9.731858844321062E-006  7.753095119966242E-006  5.895497035659517E-006  5.027345712972241E-006  4.209607318400372E-006  3.450643289285459E-006  3.027217709018823E-006  2.759597399163023E-006  2.382183384575249E-006  2.148136720423078E-006  1.827147797698706E-006  1.636242898238494E-006  1.548676943054093E-006  1.466839382510987E-006  1.391080975556507E-006  1.321741968317966E-006  1.259193371312161E-006  1.157787129318090E-006  1.125436158618688E-006  1.129676595296593E-006
   193.500027108754       1.395387113086872E-005  1.209659178118102E-005  1.030421007668376E-005  8.585565229521326E-006  6.955066473862589E-006  5.434817288113315E-006  4.056047498484676E-006  3.431769611622753E-006  2.857898196875590E-006  2.339571848125002E-006  2.057239010250168E-006  1.881566548657917E-006  1.637598941287752E-006  1.488397678455827E-006  1.285378613521047E-006  1.163994909590386E-006  1.107379870625288E-006  1.053326919619075E-006  1.001626041713491E-006  9.519675068365675E-007  9.039272179151714E-007  8.105788935254470E-007  7.646936716531099E-007  7.239409362165639E-007
   194.500027248851       1.983176875439744E-005  1.750258856014528E-005  1.521365123863816E-005  1.296960054781135E-005  1.078115028998942E-005  8.668673274333494E-006  6.666156359670683E-006  5.721108494705292E-006  4.823377744826869E-006  3.981208422854322E-006  3.506296263739623E-006  3.203730119553199E-006  2.773122838034347E-006  2.503317461658046E-006  2.129063768031424E-006  1.903829057533207E-006  1.799835588932773E-006  1.702306550979966E-006  1.611823795824964E-006  1.529003080760130E-006  1.454551756116446E-006  1.336259250463056E-006  1.301754167783119E-006  1.316722033167724E-006
   195.500027388948       2.012548991243116E-005  1.779905782755989E-005  1.550750224061113E-005  1.325513425749606E-005  1.105228486247643E-005  8.918824584936477E-006  6.887990528874379E-006  5.925700243066453E-006  5.008442915248344E-006  4.144278818938285E-006  3.654925592888937E-006  3.342211911925625E-006  2.895648471736928E-006  2.614786378686024E-006  2.223578367589053E-006  1.987077535022042E-006  1.877572466832104E-006  1.774678403218234E-006  1.679033890814196E-006  1.591314483226911E-006  1.512287818946661E-006  1.386107948058502E-006  1.348666085099411E-006  1.362748749478216E-006
   196.700024505306       2.210374944662022E-005  1.960409466183966E-005  1.713272650071130E-005  1.469329290486995E-005  1.229588941913994E-005  9.960975264062237E-006  7.723761656063796E-006  6.657572128266775E-006  5.636816868068101E-006  4.670380985831128E-006  4.120668707702756E-006  3.768308448168731E-006  3.263476616149214E-006  2.944849678078849E-006  2.499412145133647E-006  2.229146961026891E-006  2.103769783138933E-006  1.985851206826346E-006  1.876183707699451E-006  1.775612579468488E-006  1.685092714624679E-006  1.541088354999054E-006  1.498726757572174E-006  1.515027906869141E-006
   197.600033786668       2.173591305325035E-005  1.929641366385580E-005  1.688084290676391E-005  1.449267102154880E-005  1.214187316195348E-005  9.848748000993962E-006  7.648030724739685E-006  6.597757472223613E-006  5.591036838877441E-006  4.636411671766006E-006  4.092558351372178E-006  3.743542650834419E-006  3.242837110245842E-006  2.926348155372814E-006  2.483174213762784E-006  2.213750576180321E-006  2.088561475975235E-006  1.970639918311453E-006  1.860728774253407E-006  1.759595080804517E-006  1.668072834865937E-006  1.519830812413115E-006  1.473107395069445E-006  1.480514553767090E-006
   198.400021691712       2.082807958914550E-005  1.847302157958221E-005  1.614599968393126E-005  1.385151446064394E-005  1.160014456559727E-005  9.411770786085164E-006  7.318826822068439E-006  6.322093501932283E-006  5.367468294733322E-006  4.462332918611366E-006  3.946387951446159E-006  3.615053721989481E-006  3.139246081805503E-006  2.838098260926597E-006  2.415573544908460E-006  2.157835722696088E-006  2.037654010463059E-006  1.924045042523202E-006  1.817620334816921E-006  1.718990486189700E-006  1.628799333505748E-006  1.478480829704441E-006  1.426844071510840E-006  1.422656449753605E-006
   199.500027949336       2.052996977568329E-005  1.824601822489536E-005  1.598550321759018E-005  1.375182159753015E-005  1.155394392455038E-005  9.409581663917286E-006  7.348556325358962E-006  6.362395588708607E-006  5.414346002830807E-006  4.511556992539217E-006  3.994920490424918E-006  3.662231848320255E-006  3.183023019717979E-006  2.878667561663153E-006  2.449859520540057E-006  2.186927980320798E-006  2.063853603728060E-006  1.947164336186902E-006  1.837480171403153E-006  1.735412799825588E-006  1.641582430347591E-006  1.482925097067342E-006  1.425871644955159E-006  1.413659086488839E-006
   200.500028089432       1.924188221221796E-005  1.708512943381920E-005  1.495366205369231E-005  1.285156886733352E-005  1.078852417690743E-005  8.782573081760012E-006  6.862662810672343E-006  5.947163180898435E-006  5.068932129656123E-006  4.234127650886141E-006  3.756889422749500E-006  3.449685031962104E-006  3.007211597139765E-006  2.726090414187380E-006  2.329527259429920E-006  2.085629190678817E-006  1.971041472078475E-006  1.861964886320222E-006  1.758839814951289E-006  1.662061813820690E-006  1.571987246773112E-006  1.414564888779962E-006  1.352902868868768E-006  1.326661799453864E-006
   201.500028229529       1.926832052086243E-005  1.709496153511611E-005  1.494650703701742E-005  1.282825764388382E-005  1.075115280710370E-005  8.734440777208960E-006  6.808143249780329E-006  5.891427277048098E-006  5.013559622904479E-006  4.181058281963764E-006  3.706370261043417E-006  3.401451154412916E-006  2.963388492258106E-006  2.685872791974132E-006  2.295478483406482E-006  2.055748062718700E-006  1.943031391400719E-006  1.835516896224304E-006  1.733471453200361E-006  1.637066037147565E-006  1.546358438018768E-006  1.382583941604513E-006  1.312662932342465E-006  1.267915765512974E-006
   202.500028369626       1.786823125088606E-005  1.585603110047223E-005  1.386976633503089E-005  1.191447048622517E-005  1.000017447506479E-005  8.144054523899769E-006  6.372252387518160E-006  5.528634988982548E-006  4.719761918855529E-006  3.950910812524730E-006  3.511244702014148E-006  3.228125780816784E-006  2.820106023451310E-006  2.560603393249541E-006  2.193659665279794E-006  1.966767331941807E-006  1.859501760853338E-006  1.756726836983321E-006  1.658653039531060E-006  1.565382993485425E-006  1.476876726946891E-006  1.313803078723226E-006  1.240978257790431E-006  1.186764001597705E-006
   203.500028509723       2.054744338264667E-005  1.829616153139232E-005  1.606438448251302E-005  1.385640578071197E-005  1.168202996170356E-005  9.559165724012963E-006  7.516135923780241E-006  6.536361226283074E-006  5.591752102510875E-006  4.688265270995994E-006  4.168694892180358E-006  3.832839343715930E-006  3.346872000266321E-006  3.036535102667561E-006  2.596123588165148E-006  2.323179906404724E-006  2.194164525401126E-006  2.070720729750335E-006  1.953259598168099E-006  1.842105962546151E-006  1.737474552097687E-006  1.549092182781729E-006  1.469436361027554E-006  1.420023563926737E-006
   204.500028649820       2.262362268723270E-005  2.016456021619660E-005  1.772036327814124E-005  1.529655741717651E-005  1.290504665841552E-005  1.056683814967476E-005  8.314206418437090E-006  7.233094019815310E-006  6.190063181127654E-006  5.191399383395350E-006  4.616401750058125E-006  4.244357172673110E-006  3.705418916305125E-006  3.360833750930226E-006  2.871243648843861E-006  2.567540990170834E-006  2.423948202181811E-006  2.286563040747985E-006  2.155875612012254E-006  2.032288703518278E-006  1.916095283332021E-006  1.707682756845421E-006  1.620312303142647E-006  1.567471280464042E-006
   205.500028789917       2.165877998984090E-005  1.930014729767261E-005  1.695707233111414E-005  1.463535473369730E-005  1.234659269274680E-005  1.011053029619889E-005  7.956878767771260E-006  6.922913979320259E-006  5.924794691133343E-006  4.968442266768324E-006  4.417557244456640E-006  4.061097023853699E-006  3.544881297499600E-006  3.215028617863398E-006  2.746714103920066E-006  2.456189694823004E-006  2.318634590445279E-006  2.186728875433526E-006  2.060759303087520E-006  1.940860012010894E-006  1.826959100261871E-006  1.616310068971364E-006  1.520965748470476E-006  1.445497623969952E-006
   206.500028930014       2.109480739042298E-005  1.879684081648052E-005  1.651584214030983E-005  1.425748851579232E-005  1.203298944106182E-005  9.861269064667430E-006  7.770597249797665E-006  6.766952933711601E-006  5.797929329981511E-006  4.869054073057371E-006  4.333672871395198E-006  3.987041951570863E-006  3.484614340887134E-006  3.163135114120390E-006  2.705661343770270E-006  2.420787782321515E-006  2.285437451404143E-006  2.155238194933699E-006  2.030397073646536E-006  1.910944853530048E-006  1.796660106692129E-006  1.581506912536772E-006  1.480344368622413E-006  1.392067654056340E-006
   207.400022952585       2.414212807968806E-005  2.159981918864267E-005  1.905860981578778E-005  1.652364840963312E-005  1.400653624385148E-005  1.152796916985698E-005  9.119765544149774E-006  7.954982473756920E-006  6.824360739344695E-006  5.734542842357728E-006  5.103599679739824E-006  4.694040952889085E-006  4.099133236039001E-006  3.717946731520223E-006  3.175594461869731E-006  2.838733327387293E-006  2.679240056003974E-006  2.526365521967386E-006  2.380495225616256E-006  2.241839284514293E-006  2.110376644655538E-006  1.868520973754519E-006  1.760402296025862E-006  1.678146642199203E-006
   207.800032163898       2.499636630967228E-005  2.239196360083866E-005  1.978896644976184E-005  1.719187275067295E-005  1.461131708447167E-005  1.206663133245895E-005  9.587686852188288E-006  8.384926108719006E-006  7.213882364703751E-006  6.080388125322918E-006  5.421218692353499E-006  4.991825230181284E-006  4.365444142250983E-006  3.962072964097100E-006  3.384840402012721E-006  3.024148345490734E-006  2.852831459347911E-006  2.688393270602929E-006  2.531425325836244E-006  2.382396877864796E-006  2.241608044648518E-006  1.986153968705154E-006  1.875941357269751E-006  1.800752574075905E-006
   208.500029210208       2.421318749469048E-005  2.167497080109980E-005  1.914091067683002E-005  1.661617880974441E-005  1.411206785299690E-005  1.164834184896567E-005  9.254765772689154E-006  8.096060709864097E-006  6.969678897949900E-006  5.881064430396959E-006  5.248665948458841E-006  4.836913578881419E-006  4.236395058614084E-006  3.849601636601597E-006  3.295529860463095E-006  2.948508712025812E-006  2.783272138895209E-006  2.624279301376524E-006  2.472000170048132E-006  2.326756324942681E-006  2.188659586094858E-006  1.934030422570301E-006  1.820374509229579E-006  1.735062098385109E-006
   209.500029350305       2.305583432711026E-005  2.061668875907531E-005  1.818518215067457E-005  1.576788050377780E-005  1.337720750471476E-005  1.103331259694483E-005  8.765016423064023E-006  7.670216993204293E-006  6.607962310173763E-006  5.583179874647213E-006  4.988741503248610E-006  4.602093802553982E-006  4.038817987455233E-006  3.676444451303573E-006  3.157858736272550E-006  2.833070934796077E-006  2.678239410248294E-006  2.528997148791935E-006  2.385653001298117E-006  2.248355443009785E-006  2.117039993283869E-006  1.871690555485660E-006  1.759829259813079E-006  1.672920961019251E-006
   210.500029490402       2.156195208323808E-005  1.927511077130364E-005  1.700163549770164E-005  1.474782695810098E-005  1.252515956818748E-005  1.035188914149895E-005  8.253773694833922E-006  7.242621971637471E-006  6.262257163128762E-006  5.316898944501737E-006  4.768506303790974E-006  4.411649035093838E-006  3.891172930292576E-006  3.555567686932418E-006  3.073096138923902E-006  2.768505438308942E-006  2.622232424770469E-006  2.480340925676894E-006  2.343009065149819E-006  2.210265385339519E-006  2.081930586295299E-006  1.837084992032176E-006  1.721666484990130E-006  1.625441218865833E-006
   211.500029630499       2.232898923411198E-005  1.999115447454127E-005  1.766424968471458E-005  1.535475338568179E-005  1.307428082351193E-005  1.084098892301141E-005  8.679898794339696E-006  7.635559279019580E-006  6.620256680924861E-006  5.637460891044434E-006  5.064989252465707E-006  4.691248642158318E-006  4.144008190150060E-006  3.789506933106312E-006  3.277055407333106E-006  2.951489484723383E-006  2.794507996348534E-006  2.641821359965783E-006  2.493668643482353E-006  2.350147376342508E-006  2.211145214602679E-006  1.945457088498474E-006  1.819847197147212E-006  1.713442631545427E-006
   212.500029770596       2.348481508837366E-005  2.104356397019528E-005  1.860930103778588E-005  1.618896359293192E-005  1.379493255548277E-005  1.144639703052203E-005  9.169422590458505E-006  8.067101672954789E-006  6.993763200925518E-006  5.952748642091590E-006  5.345206073147144E-006  4.948037451353033E-006  4.365684296057740E-006  3.987930816105575E-006  3.441274355843203E-006  3.093745646913157E-006  2.926151399957608E-006  2.763140402744916E-006  2.604961660545254E-006  2.451684337092358E-006  2.303098901315378E-006  2.017633716624240E-006  1.880270756207242E-006  1.756926511979805E-006
   213.500029910692       1.881195453624828E-005  1.684693943695973E-005  1.489539761861144E-005  1.296291500508510E-005  1.105898702663200E-005  9.197849760359545E-006  7.398218207260259E-006  6.527904499091794E-006  5.680420958178908E-006  4.857745162835204E-006  4.376920977225728E-006  4.062133424206737E-006  3.599583611811553E-006  3.298610534825139E-006  2.860896150822208E-006  2.580398717044893E-006  2.444137646485537E-006  2.310727516703339E-006  2.180183966386521E-006  2.052323444930835E-006  1.926650268794512E-006  1.677593263351285E-006  1.550980597200570E-006  1.424344723896901E-006
   214.500030050789       2.270517753140345E-005  2.038186816636765E-005  1.806453016546361E-005  1.575892797048519E-005  1.347545619695470E-005  1.123022157813972E-005  9.044897751786426E-006  7.982314433723656E-006  6.943650341452311E-006  5.931532293887114E-006  5.338292003305261E-006  4.949313427243446E-006  4.377108672588526E-006  4.004590196286863E-006  3.463172482571378E-006  3.117064816647009E-006  2.949426189421081E-006  2.785778983422569E-006  2.626281953753271E-006  2.470885402888056E-006  2.319215306383241E-006  2.023464555609065E-006  1.877352483984692E-006  1.738725324631996E-006
   215.500030190886       2.282108240564099E-005  2.050469863223267E-005  1.819379460004977E-005  1.589408930424160E-005  1.361575296955943E-005  1.137431876584275E-005  9.190279743645641E-006  8.126761224676734E-006  7.085587290351846E-006  6.068815338637273E-006  5.471439118932159E-006  5.079015926797197E-006  4.500430521345910E-006  4.122734101429079E-006  3.571980676827135E-006  3.218542934183792E-006  3.046913169937783E-006  2.879073008272678E-006  2.715201001402921E-006  2.555272437134479E-006  2.398939233029514E-006  2.093563917341360E-006  1.942620486753076E-006  1.799868540903903E-006
   216.500030330983       2.116617838085583E-005  1.901885970870027E-005  1.687754916689067E-005  1.474820448443994E-005  1.264084265061615E-005  1.057007346941579E-005  8.554248696832022E-006  7.572857121888968E-006  6.611795578639157E-006  5.672627687900745E-006  5.120451243813898E-006  4.757553450581514E-006  4.222267571245662E-006  3.872671265293573E-006  3.362454769131903E-006  3.034361449303253E-006  2.874626994689697E-006  2.717976053495698E-006  2.564396569478312E-006  2.413619215274451E-006  2.264969523551691E-006  1.968185078647549E-006  1.814931619542647E-006  1.655620842204753E-006
   217.500030471080       2.103618386250312E-005  1.892036373325636E-005  1.681008784059912E-005  1.471099661424730E-005  1.263249825302641E-005  1.058819218383950E-005  8.594957156370379E-006  7.622827215331869E-006  6.669321279746026E-006  5.735715286404158E-006  5.185777662335301E-006  4.823852636653566E-006  4.289135274764348E-006  3.939231098890832E-006  3.427300074950658E-006  3.097062132356304E-006  2.935906585442299E-006  2.777579468585964E-006  2.622051247695249E-006  2.469033939968234E-006  2.317831764534446E-006  2.014914673871185E-006  1.858131923177366E-006  1.695715647103916E-006
   218.500030611177       2.260328917064681E-005  2.035514860965395E-005  1.810812876636460E-005  1.586784854472121E-005  1.364395320342558E-005  1.145062951410685E-005  9.305593918920432E-006  8.256743138992973E-006  7.225969553427342E-006  6.214414385790346E-006  5.617299890172065E-006  5.223746636899096E-006  4.641395334089528E-006  4.259733923871868E-006  3.700625450048718E-006  3.339703363222166E-006  3.163595840433816E-006  2.990657064999387E-006  2.820913192486989E-006  2.654116512880869E-006  2.489580611567451E-006  2.161096876303486E-006  1.991776032596971E-006  1.816862617237463E-006
   219.500030751274       2.470667078617437E-005  2.226859484564288E-005  1.982829086140727E-005  1.739199065490972E-005  1.497015838063630E-005  1.257788741189961E-005  1.023373386032283E-005  9.085449266407381E-006  7.955423391654368E-006  6.845019479717228E-006  6.189034203352384E-006  5.756576482261991E-006  5.116706710530881E-006  4.697525941790687E-006  4.083964252274261E-006  3.688336936180464E-006  3.495440849154199E-006  3.306108588600375E-006  3.120359994887612E-006  2.937916471329495E-006  2.758031383505055E-006  2.399395478359594E-006  2.215215945209520E-006  2.026824183093299E-006
   220.500030891371       2.359085777984331E-005  2.126932978113435E-005  1.894622857045219E-005  1.662746034164739E-005  1.432281381395200E-005  1.204629264667778E-005  9.814943016294485E-006  8.721454368808881E-006  7.644979693847064E-006  6.586882108505659E-006  5.961706176442778E-006  5.549536641256034E-006  4.939625349713213E-006  4.539958540580748E-006  3.954469933652161E-006  3.576207724440041E-006  3.391369841647436E-006  3.209542155086094E-006  3.030614108005177E-006  2.854149106526555E-006  2.679201184197676E-006  2.325941874698138E-006  2.140385268276359E-006  1.942464368265178E-006
   221.500031031468       2.102829207273198E-005  1.893515505162377E-005  1.684504130718459E-005  1.476435162979887E-005  1.270282331078152E-005  1.067362005283099E-005  8.692080039803785E-006  7.723784240283037E-006  6.772451739231524E-006  5.839456234185615E-006  5.289381766614373E-006  4.927297974196787E-006  4.392423611184997E-006  4.042509289337851E-006  3.530387074907783E-006  3.199204840673398E-006  3.036954755531505E-006  2.876828334640348E-006  2.718481468250496E-006  2.561201004646767E-006  2.403698542008048E-006  2.077704562832731E-006  1.898600297546774E-006  1.691793226314925E-006
   222.500031171565       2.113377819249348E-005  1.902424146489584E-005  1.691951006075348E-005  1.482647142314876E-005  1.275534043226932E-005  1.071966385558055E-005  8.734986014259261E-006  7.766377764952823E-006  6.815542782041608E-006  5.883791820767726E-006  5.334756735285318E-006  4.973439862104404E-006  4.439709424945358E-006  4.090432204229199E-006  3.578711213835021E-006  3.247056236581073E-006  3.084200852846788E-006  2.923127915042853E-006  2.763397340308039E-006  2.604170253774847E-006  2.443983361802829E-006  2.109119480232122E-006  1.922301493999694E-006  1.702068546801264E-006
   223.500031311662       2.517826349777542E-005  2.271428778463656E-005  2.024747924442325E-005  1.778527313741030E-005  1.533895097105813E-005  1.292367233713280E-005  1.055676927561003E-005  9.396448521804861E-006  8.253500083543739E-006  7.129131580178459E-006  6.464321402977457E-006  6.025835255231861E-006  5.376712473184371E-006  4.951127330089435E-006  4.326999361109944E-006  3.922792901214963E-006  3.724717435159171E-006  3.529301406057323E-006  3.336236175978521E-006  3.144807130020797E-006  2.953668804309121E-006  2.561433308016535E-006  2.349693984169838E-006  2.113376330410542E-006
   224.500031451759       2.240001465474199E-005  2.024556662451016E-005  1.808793093658273E-005  1.593275628626762E-005  1.378866947105258E-005  1.166706929657576E-005  9.580374210164503E-006  8.553286241896723E-006  7.537909723809241E-006  6.534541047064923E-006  5.938713697203471E-006  5.544510700152083E-006  4.958914301525271E-006  4.573475590724875E-006  4.005629969355920E-006  3.635855382993765E-006  3.453937883787776E-006  3.273919083147861E-006  3.095456257167892E-006  2.917811296432649E-006  2.739628394935036E-006  2.370777494497861E-006  2.169200265784969E-006  1.940212794044955E-006
   225.500031591855       2.114186747471304E-005  1.906866395115112E-005  1.699724625904362E-005  1.493414001047509E-005  1.288867325913173E-005  1.087272002474765E-005  8.899216168545303E-006  7.932005517155795E-006  6.979349600670173E-006  6.042533872642736E-006  5.489053388695762E-006  5.124281677161373E-006  4.584757016598981E-006  4.231241642605044E-006  3.712427605416149E-006  3.375158705477411E-006  3.209019803764835E-006  3.044185703513645E-006  2.880044126857373E-006  2.715524168361637E-006  2.548837139890749E-006  2.194904828085475E-006  1.992417755310698E-006  1.744549081181692E-006
   226.500031731952       2.101289552581918E-005  1.896985529411710E-005  1.692844326264823E-005  1.489468266420169E-005  1.287716630054397E-005  1.088672599427366E-005  8.934834192619357E-006  7.976345795114376E-006  7.030579167642517E-006  6.098364269990387E-006  5.546296493041297E-006  5.181804346637521E-006  4.641564690777440E-006  4.286731551696865E-006  3.764549626734548E-006  3.424052629859165E-006  3.255993151607898E-006  3.089025821258168E-006  2.922525524740338E-006  2.755397315661921E-006  2.585809385129616E-006  2.224830329448525E-006  2.017703735819491E-006  1.762558427932627E-006
   227.500031872049       2.311555191033256E-005  2.089562785649677E-005  1.867436642635371E-005  1.645814790362196E-005  1.425618929701410E-005  1.208014135408785E-005  9.942184962831857E-006  8.890514321655133E-006  7.851264474113284E-006  6.824924859212032E-006  6.215898177695220E-006  5.813188227620273E-006  5.215265660348270E-006  4.821805100198041E-006  4.241695169437255E-006  3.862862774225443E-006  3.675812209582855E-006  3.490014045340096E-006  3.304868211762166E-006  3.119291792505793E-006  2.931446160178602E-006  2.534486029490186E-006  2.309984373587120E-006  2.040591950688547E-006
   228.500032012146       2.465231410115166E-005  2.230832907390230E-005  1.995962929518332E-005  1.761230514126981E-005  1.527515814319841E-005  1.295923320468955E-005  1.067577105831962E-005  9.548827625961793E-006  8.432389762065477E-006  7.326873491075176E-006  6.669464879927640E-006  6.234221577175293E-006  5.587298034627657E-006  5.161242118996685E-006  4.532876419697371E-006  4.122710516548767E-006  3.920358384397333E-006  3.719543043192334E-006  3.519678363099601E-006  3.319670555332612E-006  3.117633291047028E-006  2.692515057089561E-006  2.453460213153903E-006  2.167978645320210E-006
   229.500032152243       2.246728716743739E-005  2.031273376757027E-005  1.815771095169958E-005  1.600916954618467E-005  1.387656234198193E-005  1.177119269311218E-005  9.704157284802421E-006  8.687530640089198E-006  7.682807988359821E-006  6.690436525804225E-006  6.101560357963455E-006  5.712198379801306E-006  5.134115920559729E-006  4.753646745262287E-006  4.192196013111361E-006  3.824710058923137E-006  3.642791919730934E-006  3.461637354261684E-006  3.280530291667397E-006  3.098252282299885E-006  2.912797691218895E-006  2.516767091451431E-006  2.289414566358614E-006  2.011481387541048E-006
   230.500032292340       2.337235703930509E-005  2.118614005032213E-005  1.899325329123379E-005  1.679959155826377E-005  1.461335923149518E-005  1.244437483310865E-005  1.030188948881527E-005  9.242368485428547E-006  8.190795590814594E-006  7.147146195822217E-006  6.525182379991893E-006  6.112753528545295E-006  5.498580773984427E-006  5.093136839751424E-006  4.493163643468690E-006  4.099599395662993E-006  3.904623991697428E-006  3.710444300028175E-006  3.516367209304202E-006  3.321178350904702E-006  3.122844689031044E-006  2.700776631977442E-006  2.459838598182593E-006  2.167256346503457E-006
   231.500032432437       2.281818067712451E-005  2.066811753407579E-005  1.851516986863001E-005  1.636562127787333E-005  1.422790125300015E-005  1.211187725303956E-005  1.002685245940025E-005  8.997909628337970E-006  7.978410290278623E-006  6.968691165124742E-006  6.368139132008819E-006  5.970446617302613E-006  5.378988113170690E-006  4.988938589604875E-006  4.411836820895819E-006  4.032715303099924E-006  3.844459365119259E-006  3.656502974378668E-006  3.468000555604002E-006  3.277550660355936E-006  3.082874569886494E-006  2.663055046424298E-006  2.418287111656023E-006  2.111851172937814E-006
   232.500032572534       2.241702244579650E-005  2.030763436171538E-005  1.819760000478430E-005  1.609296985813978E-005  1.400162865673456E-005  1.193250750964441E-005  9.893549401377613E-006  8.886832867985810E-006  7.888777916194875E-006  6.899580464290787E-006  6.310834371750959E-006  5.920761613326452E-006  5.340247699178887E-006  4.957049786169967E-006  4.389175956382373E-006  4.015122020613350E-006  3.828926432778262E-006  3.642622157466764E-006  3.455272969961762E-006  3.265360717589550E-006  3.070444812278528E-006  2.646566207676666E-006  2.396359894093878E-006  2.078010507860132E-006
   233.500032712631       2.019827415355448E-005  1.823172109847973E-005  1.627464273706410E-005  1.433388715604562E-005  1.241802433420558E-005  1.053672629156156E-005  8.699336124985766E-006  7.799498918156179E-006  6.913297566251793E-006  6.041833706396144E-006  5.526846965197016E-006  5.187229343068848E-006  4.683997752587826E-006  4.352937087686851E-006  3.862672421291665E-006  3.538424381523836E-006  3.375977743326505E-006  3.212312321007787E-006  3.046177387284868E-006  2.875669062502465E-006  2.697829984219475E-006  2.297173089062114E-006  2.048021799372845E-006  1.710697495822001E-006
   234.500032852728       1.701868838101118E-005  1.531621992824067E-005  1.363162147304362E-005  1.197182787617586E-005  1.034521198002637E-005  8.761034687942275E-006  7.228317499322703E-006  6.483694842814003E-006  5.754708396746567E-006  5.042359978177638E-006  4.623493964906872E-006  4.348012625616789E-006  3.940558898508790E-006  3.672599867327961E-006  3.274710690849263E-006  3.009673204961876E-006  2.875891706948365E-006  2.740184437521956E-006  2.601273744758969E-006  2.457276376804408E-006  2.305327212274094E-006  1.955549727898444E-006  1.732483560569375E-006  1.423545311684280E-006
   235.500032992825       2.309119771322386E-005  2.091729732958715E-005  1.874212029402259E-005  1.657220911005423E-005  1.441587912028069E-005  1.228243671706242E-005  1.018040846459653E-005  9.143085098428274E-006  8.115617430773461E-006  7.099001394079909E-006  6.495218718230453E-006  6.095867699075745E-006  5.502673231096269E-006  5.111807538302264E-006  4.533117917649121E-006  4.151535462470957E-006  3.961106044473501E-006  3.769981531644841E-006  3.576930786227913E-006  3.380027456904255E-006  3.176230694020787E-006  2.724100841501843E-006  2.448261236624016E-006  2.080460980367667E-006
   236.500033132922       1.812545767753142E-005  1.632823342516761E-005  1.454701242099076E-005  1.278913897037804E-005  1.106339931794643E-005  9.379480454450672E-006  7.746981437099464E-006  6.952779496989838E-006  6.174741384880767E-006  5.414233258252139E-006  4.967066484201597E-006  4.673003077720108E-006  4.238082228788134E-006  3.952002030731501E-006  3.526856837441253E-006  3.243161564018941E-006  3.099713232474641E-006  2.953977816377579E-006  2.804528874608737E-006  2.649271081748433E-006  2.485018519785514E-006  2.104969054165763E-006  1.860920695085099E-006  1.520461337566326E-006
   237.500033273018       2.089716313196737E-005  1.891323403775637E-005  1.693502657521567E-005  1.496914689205555E-005  1.302352449952359E-005  1.110666414125086E-005  9.226292807657538E-006  8.301713704412622E-006  7.388529271606843E-006  6.488012239912725E-006  5.954732248052435E-006  5.602593751943107E-006  5.080053372015816E-006  4.735652590823964E-006  4.224155750838769E-006  3.884297403806444E-006  3.713329026338204E-006  3.540470125817034E-006  3.364265031426291E-006  3.182527973828674E-006  2.991886380676654E-006  2.557563879237950E-006  2.283276059657229E-006  1.904791519657843E-006
   238.500033413115       1.611340773309628E-005  1.449926565241882E-005  1.290455085567125E-005  1.133623000153455E-005  9.802435832565013E-006  8.311948329871552E-006  6.873332311270724E-006  6.175921039032857E-006  5.494366007990819E-006  4.829703183468927E-006  4.439432052969040E-006  4.182854647349771E-006  3.803102769425504E-006  3.552757168317796E-006  3.178836213587543E-006  2.927098512708286E-006  2.798798879835186E-006  2.667585140293377E-006  2.531984869523526E-006  2.389870055045488E-006  2.238041262246434E-006  1.880842388973821E-006  1.647799805256649E-006  1.320740546990934E-006
   239.500033553212       1.881516171178408E-005  1.698424379227874E-005  1.516909568783594E-005  1.337661035559085E-005  1.161475812962728E-005  9.891871140544555E-006  8.215453355951855E-006  7.396542089022545E-006  6.591383831145031E-006  5.800876877104172E-006  5.334133751350567E-006  5.026298053848026E-006  4.569542592362929E-006  4.268039307267248E-006  3.818185803687719E-006  3.516626207971914E-006  3.363661484976158E-006  3.207890656979013E-006  3.047738294735668E-006  2.880892594613545E-006  2.703840614160590E-006  2.292034230405279E-006  2.026116018892425E-006  1.653412380514921E-006
   240.500033693309       1.822430219721568E-005  1.648038630533592E-005  1.474828482313639E-005  1.303390449606206E-005  1.134408662227571E-005  9.685958121924499E-006  8.065877198796477E-006  7.271689346477103E-006  6.488867742590912E-006  5.718292921389534E-006  5.262354598444162E-006  4.961236769625978E-006  4.513808889034602E-006  4.217998432957578E-006  3.775817795864925E-006  3.478729411395278E-006  3.327787185178163E-006  3.173888172951534E-006  3.015451422339688E-006  2.850160268919068E-006  2.674495824518615E-006  2.264893100533482E-006  1.999670628800250E-006  1.627074807185170E-006
   241.500033833406       1.882054759520245E-005  1.705224413781732E-005  1.529546891864483E-005  1.355579845116317E-005  1.183950422673404E-005  1.015274034010161E-005  8.500206146821422E-006  7.687547665598630E-006  6.884139051757072E-006  6.090269635178073E-006  5.618791255393524E-006  5.306587317421049E-006  4.841393061858178E-006  4.532992802584451E-006  4.070951755465426E-006  3.760160746115580E-006  3.602304732631329E-006  3.441496928083661E-006  3.276200375079283E-006  3.104154948705575E-006  2.921924910084132E-006  2.500507379632206E-006  2.231122795972109E-006  1.858606488190128E-006
   242.500033973503       2.272675114139176E-005  2.069666508202565E-005  1.866514232080710E-005  1.663700118135929E-005  1.461757047131523E-005  1.261146710639202E-005  1.062047556497872E-005  9.629855942754082E-006  8.641495557699103E-006  7.654821817880131E-006  7.063756793579837E-006  6.670320423883331E-006  6.081500612277638E-006  5.690032758646373E-006  5.103931107463224E-006  4.712080275949060E-006  4.514589491869743E-006  4.314931968537133E-006  4.111703876594946E-006  3.902765115089617E-006  3.684794363529104E-006  3.196070078157407E-006  2.896064579967278E-006  2.497740967526888E-006
   243.500034113600       2.187941433164422E-005  1.995072634682752E-005  1.801886260846342E-005  1.608809148838336E-005  1.416302856823227E-005  1.224746458293450E-005  1.034243208811100E-005  9.392956694233912E-006  8.444551051800896E-006  7.496731131551399E-006  6.928478291270209E-006  6.550028957714386E-006  5.983282995043155E-006  5.606160776878640E-006  5.040699547637851E-006  4.661716672226056E-006  4.470288194883758E-006  4.276392431806782E-006  4.078584865142788E-006  3.874684939488431E-006  3.661326656493315E-006  3.180218137832907E-006  2.882729589547548E-006  2.484636276234912E-006
   244.500034253697       2.405933802828240E-005  2.194985758492356E-005  1.983393500968435E-005  1.771588741357814E-005  1.560033619650776E-005  1.349077328099304E-005  1.138731523594349E-005  1.033647245144120E-005  9.284989731456628E-006  8.232338595692168E-006  7.600476663932876E-006  7.179437195441146E-006  6.548767388924293E-006  6.129197185838115E-006  5.500718221942508E-006  5.080376374540297E-006  4.868484990231440E-006  4.654246151095591E-006  4.436161160152331E-006  4.211950093321034E-006  3.978078758269022E-006  3.454013526629893E-006  3.132612562899134E-006  2.706035585812452E-006
   245.500034393794       2.376963405529185E-005  2.171897750948744E-005  1.965860430271377E-005  1.759215785346509E-005  1.552337464548673E-005  1.345477115385738E-005  1.138532207164877E-005  1.034845611689476E-005  9.308624737552855E-006  8.264946550817628E-006  7.636968258831411E-006  7.217802859809516E-006  6.588749663953616E-006  6.169394875898452E-006  5.539871163917044E-006  5.117922798143380E-006  4.904967748963066E-006  4.689500653127901E-006  4.470030423041436E-006  4.244282091260927E-006  4.008721837030219E-006  3.480782439347993E-006  3.157110121343364E-006  2.727745546900390E-006
   246.500034533891       2.413650291340286E-005  2.203919748757154E-005  1.993204118432227E-005  1.781900584259383E-005  1.570417631879977E-005  1.359046323680432E-005  1.147756876434283E-005  1.042013671711990E-005  9.361148047889261E-006  8.300644342635652E-006  7.664261900800305E-006  7.240427793975448E-006  6.606053339833918E-006  6.184393541760866E-006  5.553276996829515E-006  5.131271581207531E-006  4.918451019623890E-006  4.703125879366140E-006  4.483700610953360E-006  4.257765253181988E-006  4.021595324312358E-006  3.489585108982677E-006  3.160211482330099E-006  2.716649061415468E-006
   247.500034673988       2.228906352315826E-005  2.035785052310342E-005  1.842095728940222E-005  1.648212840314026E-005  1.454515923288940E-005  1.261269010794200E-005  1.068432342200793E-005  9.720340317817701E-006  8.755393125430823E-006  7.788994671905914E-006  7.208630357835683E-006  6.821694007657075E-006  6.241519994965244E-006  5.854865298986062E-006  5.273791146396766E-006  4.883006865320133E-006  4.685036610681677E-006  4.484016960397803E-006  4.278339934076338E-006  4.065599630214549E-006  3.842098068426994E-006  3.334132406059273E-006  3.016544717450987E-006  2.585512520342138E-006
   248.500034814085       2.303115573023675E-005  2.102561647170087E-005  1.901579730846008E-005  1.700574591785341E-005  1.499959971331777E-005  1.300046715424387E-005  1.100888934658625E-005  1.001518329102995E-005  9.022327650917693E-006  8.030399726187615E-006  7.436087765301788E-006  7.040463065500424E-006  6.448117351442416E-006  6.053806722429111E-006  5.461504096823290E-006  5.062937627473781E-006  4.860800274028330E-006  4.655307319918965E-006  4.444723794581489E-006  4.226470103491976E-006  3.996591857612466E-006  3.471277491436620E-006  3.140324403859289E-006  2.687445938831101E-006
   249.500034954182       2.181712137819156E-005  1.993007583471908E-005  1.804246020651780E-005  1.615792044134646E-005  1.427993341216364E-005  1.241062859829701E-005  1.054912051232267E-005  9.619886248536462E-006  8.690599756536726E-006  7.760719443192944E-006  7.202533083332977E-006  6.830364061465888E-006  6.271985705754877E-006  5.899303687072182E-006  5.337485143454351E-006  4.957646600286488E-006  4.764322633562562E-006  4.567250674077275E-006  4.364685958229430E-006  4.154050115454874E-006  3.931406253958889E-006  3.419587123453403E-006  3.095029875726104E-006  2.648261047866595E-006
   250.500035094278       2.707157570706210E-005  2.478818815613316E-005  2.248891250804891E-005  2.017705546504543E-005  1.785564163690761E-005  1.552579902594964E-005  1.318449308943800E-005  1.200700941689569E-005  1.082322498340861E-005  9.632468775459872E-006  8.915034452593746E-006  8.435882713391015E-006  7.716549583312861E-006  7.236897314180899E-006  6.516628990913404E-006  6.033486428359202E-006  5.789422872343175E-006  5.542255254356810E-006  5.290199800312779E-006  5.030556992388087E-006  4.759150397646764E-006  4.148534455885140E-006  3.771656162091013E-006  3.266059053993864E-006
   251.300038258114       2.231573286818903E-005  2.039827370399958E-005  1.847725500537025E-005  1.655611615760702E-005  1.463811791793636E-005  1.272536421908959E-005  1.081758504188530E-005  9.864756150561001E-006  8.912201077961946E-006  7.960123225402238E-006  7.389490922710957E-006  7.009493230591837E-006  6.440125436074163E-006  6.060575612050301E-006  5.488806425756653E-006  5.102122155265679E-006  4.905118313116775E-006  4.704065417710773E-006  4.497086199909765E-006  4.281423891473056E-006  4.052881753958930E-006  3.524594322779445E-006  3.186974124555346E-006  2.718385635648139E-006
   251.800038328163       2.251451026042210E-005  2.057777071403771E-005  1.863988311848919E-005  1.670455775501689E-005  1.477519073996177E-005  1.285381175517225E-005  1.093979795850798E-005  9.984580133703691E-006  9.030029176345965E-006  8.076316765316602E-006  7.504887325731385E-006  7.124442010831621E-006  6.554544976319849E-006  6.174740751139118E-006  5.602726933957553E-006  5.215935104769570E-006  5.018875749973106E-006  4.817753720466807E-006  4.610680052130583E-006  4.394884649766945E-006  4.166152911882940E-006  3.637128657667952E-006  3.298592914596689E-006  2.827539918924217E-006
   252.500035374472       2.037183794519350E-005  1.860713578690066E-005  1.684360909310063E-005  1.508484813955718E-005  1.333420804855122E-005  1.159397345790949E-005  9.864550483404265E-006  9.003616374704040E-006  8.145241830957617E-006  7.289994140704148E-006  6.778755574014428E-006  6.438808525717301E-006  5.929911728378267E-006  5.590644743236285E-006  5.078496014431855E-006  4.730455373019977E-006  4.552291768012146E-006  4.369703842975325E-006  4.180788846875061E-006  3.982779886126592E-006  3.771479850282378E-006  3.276354015833098E-006  2.954387620995577E-006  2.499908334928302E-006
   253.500035514569       1.923226673153781E-005  1.753194056190725E-005  1.583749692402762E-005  1.415346412779610E-005  1.248458989801170E-005  1.083534026073983E-005  9.209559292823076E-006  8.406711693706867E-006  7.611559991856772E-006  6.825295668143464E-006  6.358334523734701E-006  6.049072017933611E-006  5.587785784070774E-006  5.281144992703846E-006  4.818847590358714E-006  4.504366594938375E-006  4.343017769276146E-006  4.177255471625511E-006  4.005185927698145E-006  3.824075509185301E-006  3.629801895251997E-006  3.169945777619258E-006  2.867557052097925E-006  2.437747198497580E-006
   254.500035654666       1.809470379000482E-005  1.651770085589465E-005  1.495436650582879E-005  1.340919490917025E-005  1.188669788827904E-005  1.039072616838204E-005  8.923792461688453E-006  8.201539205425540E-006  7.486720852416140E-006  6.778970975209441E-006  6.357161105421404E-006  6.076657841800288E-006  5.655602205786771E-006  5.373172761337126E-006  4.941847364503555E-006  4.643459466450930E-006  4.488509702081428E-006  4.327913672044801E-006  4.159667436890638E-006  3.980908832355565E-006  3.787344769077992E-006  3.322667062209916E-006  3.013049931479083E-006  2.568492934137771E-006
   255.500035794763       2.086393117366076E-005  1.913123452871114E-005  1.740790211565324E-005  1.569637767551453E-005  1.399791705969852E-005  1.231128082537537E-005  1.063096025457713E-005  9.789900353078206E-006  8.945741738603509E-006  8.096110115157090E-006  7.582418747043232E-006  7.237706732670531E-006  6.715930770909071E-006  6.363561602190193E-006  5.823630222010357E-006  5.450726201234486E-006  5.257938108736802E-006  5.059090667545343E-006  4.852104492309149E-006  4.633971044202889E-006  4.400147629326755E-006  3.850348725293105E-006  3.493637010051960E-006  2.993912088098767E-006
   256.500035934860       2.123396984433496E-005  1.943441351666616E-005  1.764298202565871E-005  1.586277795013428E-005  1.409611471322955E-005  1.234352116093665E-005  1.060265588351725E-005  9.734984441633164E-006  8.867947420431982E-006  8.000418482510094E-006  7.478934451943402E-006  7.130409957984297E-006  6.605090134369187E-006  6.251784128343067E-006  5.712304772871512E-006  5.340554736367023E-006  5.148430235941268E-006  4.950185465871028E-006  4.743609651789589E-006  4.525500489868720E-006  4.291004257020370E-006  3.735048896859677E-006  3.369326797446844E-006  2.848257659326405E-006
   257.500036074957       2.511268882483266E-005  2.300378440733275E-005  2.089127342167841E-005  1.877847835865388E-005  1.666802638477408E-005  1.456061843666797E-005  1.245366905484053E-005  1.139860378072093E-005  1.034142627586766E-005  9.281691697799859E-006  8.644563031804424E-006  8.219187697189758E-006  7.579644284587418E-006  7.151395367067817E-006  6.502268503146989E-006  6.059723602317968E-006  5.832928274937581E-006  5.600445063258782E-006  5.359960476007477E-006  5.108091814278540E-006  4.839687793954879E-006  4.213061781518476E-006  3.807620068534890E-006  3.236809432138608E-006
   258.500036215054       2.577540551603178E-005  2.360752245507288E-005  2.143355883312375E-005  1.925664145632732E-005  1.707922243665239E-005  1.490195360382483E-005  1.272257579247342E-005  1.163066129222035E-005  1.053656766656159E-005  9.440272498266832E-006  8.781590498300736E-006  8.342070281268246E-006  7.681679600426685E-006  7.239746869523106E-006  6.570167386069213E-006  6.113675817992418E-006  5.879640419816877E-006  5.639607585928301E-006  5.391112194857960E-006  5.130545805264476E-006  4.852400186580818E-006  4.200156641151008E-006  3.775049836911529E-006  3.171018069963614E-006
   259.500036355151       2.522575945296592E-005  2.310461873287901E-005  2.097937647544273E-005  1.885266638397592E-005  1.672627176749491E-005  1.460004289908480E-005  1.247093760348152E-005  1.140370518144916E-005  1.033396813605254E-005  9.261702499302299E-006  8.617242951999585E-006  8.187078318205926E-006  7.540402974457205E-006  7.107266088932499E-006  6.449961839436194E-006  6.000668415381275E-006  5.769799257366758E-006  5.532559922281458E-006  5.286401506606122E-006  5.027601943808711E-006  4.750482634032385E-006  4.096653925264415E-006  3.667151289459707E-006  3.052369824706992E-006
   260.500036495248       2.374863503030488E-005  2.173695402295284E-005  1.972520261920480E-005  1.771671211139465E-005  1.571410475526083E-005  1.371831169484145E-005  1.172767792739233E-005  1.073312672169562E-005  9.738415952242133E-006  8.743147147031795E-006  8.145404323126944E-006  7.746347148599231E-006  7.145805456447745E-006  6.742707330168665E-006  6.128603151142265E-006  5.706339081858361E-006  5.488306503207123E-006  5.263383276990932E-006  5.028965351203996E-006  4.781267234351561E-006  4.514529197591706E-006  3.878803462109837E-006  3.456722077640584E-006  2.848738904720479E-006
   261.500036635345       2.266712780446676E-005  2.073845480575748E-005  1.881341317459843E-005  1.689544509064541E-005  1.498744049097305E-005  1.309096119331292E-005  1.120558226910731E-005  1.026641001828766E-005  9.329109690136245E-006  8.393115682653426E-006  7.831532290100132E-006  7.456629807814399E-006  6.891999885962771E-006  6.512317239470021E-006  5.931875146341780E-006  5.530636310270709E-006  5.322580248598711E-006  5.107233823634075E-006  4.881968910972631E-006  4.642986266314135E-006  4.384532895373303E-006  3.764486316839309E-006  3.350788233217391E-006  2.754551193412418E-006
   262.500036775441       2.726615212241643E-005  2.502465767145978E-005  2.276896336217272E-005  2.050093415894753E-005  1.822144532742210E-005  1.592933031835752E-005  1.362065809416802E-005  1.245844100270051E-005  1.129045993238101E-005  1.011714218092480E-005  9.411018453357462E-006  8.939449158297468E-006  8.230396073696209E-006  7.755564210157196E-006  7.035489161825236E-006  6.543894783580497E-006  6.291549078709578E-006  6.032451533859920E-006  5.763853687467944E-006  5.481731194262399E-006  5.179929453973191E-006  4.468772688602857E-006  4.001903705172056E-006  3.332928224076806E-006
   263.500036915538       2.787198321631516E-005  2.564739449687614E-005  2.340695824943854E-005  2.115152098913716E-005  1.888044982230391E-005  1.659024972926615E-005  1.427317470350269E-005  1.310099557123256E-005  1.191770799233028E-005  1.072222284987874E-005  9.998787214394907E-006  9.513781600112967E-006  8.781542087739871E-006  8.289208635656851E-006  7.540056801641778E-006  7.027595530431739E-006  6.764551268801686E-006  6.494699848033623E-006  6.215419277492842E-006  5.922862330241815E-006  5.611147967571331E-006  4.884055642289995E-006  4.414025247064388E-006  3.751549980984894E-006
   264.500037055635       3.354484123655210E-005  3.092788917003363E-005  2.828240597954710E-005  2.560853115633985E-005  2.290423169368883E-005  2.016328805803159E-005  1.737326790385551E-005  1.595429707292305E-005  1.451631928476170E-005  1.305804445119511E-005  1.217341570237679E-005  1.157981279472606E-005  1.068369192276838E-005  1.008203804825955E-005  9.170058015101050E-006  8.550539969956006E-006  8.234542582208285E-006  7.912123560762008E-006  7.580615929121144E-006  7.236080775245412E-006  6.872494126713938E-006  6.041048115822353E-006  5.517557641943448E-006  4.798449201825897E-006
   265.500037195732       3.430270118823046E-005  3.169008088900906E-005  2.904240727272797E-005  2.635816123776323E-005  2.363314044693600E-005  2.085812633559920E-005  1.801639053717569E-005  1.656306744123799E-005  1.508379122289773E-005  1.357624379270694E-005  1.265787815252378E-005  1.203999861429523E-005  1.110487039514279E-005  1.047561948554730E-005  9.520271680638527E-006  8.870845780057991E-006  8.539674420002816E-006  8.201956044751968E-006  7.855024436381130E-006  7.494923803577684E-006  7.115593738211797E-006  6.251861990260631E-006  5.711544793193056E-006  4.974368470983362E-006
   266.500037335829       2.918674693518633E-005  2.692181445244741E-005  2.463890676982783E-005  2.233777172337919E-005  2.001625416924021E-005  1.766874760848892E-005  1.528501005299149E-005  1.407523817327844E-005  1.285121089542864E-005  1.161171444572167E-005  1.086024883319853E-005  1.035584369424309E-005  9.593328762402840E-006  9.079899838028977E-006  8.297306950791440E-006  7.760891863780172E-006  7.485186418435762E-006  7.202097463832969E-006  6.908882644705131E-006  6.601538445488701E-006  6.273966207237856E-006  5.510322955171793E-006  5.017672123725474E-006  4.325379988296003E-006
   267.500037475926       3.193544576723539E-005  2.949868664894015E-005  2.703456250575359E-005  2.454172012763374E-005  2.201627413004350E-005  1.944989695310008E-005  1.682808133964214E-005  1.549029850995048E-005  1.413133063067789E-005  1.274962392989244E-005  1.190951432347577E-005  1.134482871986261E-005  1.049055739410816E-005  9.915430083189901E-006  9.040248502638490E-006  8.442482247189149E-006  8.136262356621350E-006  7.822740467656328E-006  7.499111733727317E-006  7.161259738100604E-006  6.802903072643343E-006  5.975453750245892E-006  5.448095876224841E-006  4.714972647211239E-006
   268.500037616023       3.226386081572056E-005  2.979088179285401E-005  2.729224279439699E-005  2.476700110722767E-005  2.221180285084319E-005  1.961929320215945E-005  1.697672973276052E-005  1.563142329362427E-005  1.426736105997241E-005  1.288327606402772E-005  1.204301359107338E-005  1.147866253719294E-005  1.062528211012067E-005  1.005074493512812E-005  9.175732695037032E-006  8.576991447552970E-006  8.269748942547992E-006  7.954725492067040E-006  7.628997024090812E-006  7.288286058632560E-006  6.926071911926122E-006  6.085976684089413E-006  5.547438769184512E-006  4.794402617479996E-006
   269.500037756120       2.951542604990412E-005  2.727582440711105E-005  2.501520236667482E-005  2.273253179713174E-005  2.042451965866172E-005  1.808416929927842E-005  1.569936463732783E-005  1.448515237297559E-005  1.325346385328303E-005  1.200241577409980E-005  1.124179438842205E-005  1.073021125062982E-005  9.955084266928869E-006  9.431843451487393E-006  8.632011695317198E-006  8.082051875419184E-006  7.798812092887095E-006  7.507580373054757E-006  7.205504684034436E-006  6.888427557539475E-006  6.550021898205974E-006  5.759665726398518E-006  5.249052403086210E-006  4.530604229855228E-006
   270.500037896217       3.130148123508411E-005  2.896209554072998E-005  2.659501831376831E-005  2.419807409274216E-005  2.176643144331237E-005  1.929078621221987E-005  1.675578755423201E-005  1.545962180736849E-005  1.414072930877609E-005  1.279690196922980E-005  1.197795838482263E-005  1.142647314744840E-005  1.059018213359975E-005  1.002548087355732E-005  9.162824945023382E-006  8.570748507150002E-006  8.266388782967332E-006  7.953965590309112E-006  7.630576317194180E-006  7.291978708323466E-006  6.931715562799943E-006  6.095674153260685E-006  5.560090116811731E-006  4.812325693535470E-006
   271.500038036314       2.863587497469331E-005  2.648894013776464E-005  2.432137153530154E-005  2.213168071840258E-005  1.991598677449686E-005  1.766648680420300E-005  1.536990418167310E-005  1.419830394436275E-005  1.300781081865020E-005  1.179603395577691E-005  1.105771603458964E-005  1.056031657614889E-005  9.805158190491805E-006  9.294139800033037E-006  8.510493690932795E-006  7.969470023515547E-006  7.689993023466570E-006  7.401961306660516E-006  7.102430807572260E-006  6.787118375004775E-006  6.449514266905496E-006  5.656433555033766E-006  5.140410045607116E-006  4.408276351375890E-006
   272.500038176411       2.946108871112857E-005  2.726600322823674E-005  2.504630839648346E-005  2.279994252151707E-005  2.052231405691801E-005  1.820478001173727E-005  1.583344860366956E-005  1.462205206575232E-005  1.339053102499080E-005  1.213715393915033E-005  1.137401344832549E-005  1.086028174099415E-005  1.008113052292344E-005  9.554522920463563E-006  8.748077837719141E-006  8.192088107404180E-006  7.905113718272617E-006  7.609512174306157E-006  7.302268905269770E-006  6.978994514709146E-006  6.633000065861081E-006  5.820096556036943E-006  5.290155763422341E-006  4.535672951627166E-006
   273.500038316508       3.270227600617498E-005  3.025305753446241E-005  2.777425047374203E-005  2.526368460244392E-005  2.271642786291851E-005  2.012321311943800E-005  1.746943273291800E-005  1.611422458051308E-005  1.473741235880122E-005  1.333779333695957E-005  1.248680928610795E-005  1.191461978211643E-005  1.104810380065389E-005  1.046351308172264E-005  9.570306258757195E-006  8.956170640927411E-006  8.639774954061444E-006  8.314306124755989E-006  7.976494988090883E-006  7.621571616408595E-006  7.242253802883396E-006  6.352813671449750E-006  5.773492231086337E-006  4.947170068900200E-006
   274.500038456605       2.490925102887374E-005  2.298181136146338E-005  2.104405565593096E-005  1.909580788926173E-005  1.713548954253802E-005  1.515952419261396E-005  1.316225405925477E-005  1.215355251027442E-005  1.113704177949770E-005  1.011160337321516E-005  9.491003495637527E-006  9.074240153953080E-006  8.442367642176977E-006  8.014221968799994E-006  7.353696778734634E-006  6.892249442998390E-006  6.651296135449860E-006  6.400689975536180E-006  6.137266391341449E-006  5.856461157888799E-006  5.551342943027727E-006  4.813536748217350E-006  4.315812092707909E-006  3.587052190443284E-006
   275.500038596701       2.680901987908649E-005  2.478286767886846E-005  2.274096440895580E-005  2.068231619462058E-005  1.860406611794806E-005  1.650065798207900E-005  1.436357539613824E-005  1.327925839314387E-005  1.218281814624310E-005  1.107300228073892E-005  1.039975212983193E-005  9.947149540446398E-006  9.260622462228791E-006  8.795599941867256E-006  8.079354202865594E-006  7.580530122263822E-006  7.320768454770361E-006  7.051204197914494E-006  6.768576091032369E-006  6.468166866489098E-006  6.142804121842724E-006  5.360752352814002E-006  4.837001806479943E-006  4.074195941180417E-006
   276.500038736798       2.865225856676200E-005  2.652911268543624E-005  2.438686314208604E-005  2.222353596263480E-005  2.003490677131720E-005  1.781341751740380E-005  1.554749801478989E-005  1.439335851293862E-005  1.322255071481005E-005  1.203304864745488E-005  1.130914583554894E-005  1.082152704372480E-005  1.008057795934709E-005  9.578019203485040E-006  8.803614286986030E-006  8.264735014173128E-006  7.984506931320573E-006  7.694125231913084E-006  7.390251937139578E-006  7.068051278055265E-006  6.720163374762046E-006  5.889202549286219E-006  5.336611936943974E-006  4.535883638420074E-006
   277.500038876895       3.233792383541757E-005  3.000100718619448E-005  2.763279640487043E-005  2.522943472550479E-005  2.278400027501402E-005  2.028514666629375E-005  1.771644812299427E-005  1.639982790181432E-005  1.505862136219339E-005  1.369101278766480E-005  1.285698518667145E-005  1.229486595994157E-005  1.144102990524200E-005  1.086279310107141E-005  9.974772089424697E-006  9.360185411941827E-006  9.042033706600518E-006  8.713567796864353E-006  8.371292190503489E-006  8.010119576116491E-006  7.622278357418872E-006  6.704820634288297E-006  6.100604641770219E-006  5.228288957551817E-006
   278.500039016992       2.967157825913916E-005  2.749004410073570E-005  2.528698911895694E-005  2.305987333937329E-005  2.080399174362706E-005  1.851192412895220E-005  1.617399704347999E-005  1.498481748332363E-005  1.378095833412114E-005  1.256159521003057E-005  1.182167077128983E-005  1.132414378549392E-005  1.056915422565982E-005  1.005732992788058E-005  9.267691261420857E-006  8.716282316906986E-006  8.428496157531162E-006  8.129304903119825E-006  7.814943893714732E-006  7.479945366661071E-006  7.115930337104629E-006  6.233809820315513E-006  5.634633433387622E-006  4.745520972160631E-006
   279.500039157089       1.537865116670320E-005  1.427616537669117E-005  1.318080957093547E-005  1.209247729725567E-005  1.101026656085093E-005  9.931846500658622E-006  8.851769517230155E-006  8.307397635498378E-006  7.755964525029449E-006  7.191160381012406E-006  6.841257029955258E-006  6.600980735124499E-006  6.225427809232376E-006  5.960951212572131E-006  5.532310350310192E-006  5.214949120449869E-006  5.042629534262615E-006  4.858337928436251E-006  4.658932996285931E-006  4.439955480720786E-006  4.194749926334270E-006  3.575088252923052E-006  3.143616964002232E-006  2.512107401915615E-006
   280.500039297186       1.968764024640023E-005  1.822711554076747E-005  1.677019662273053E-005  1.531684648125068E-005  1.386611468253009E-005  1.241563861130082E-005  1.096056584850093E-005  1.022833949021920E-005  9.489763969331598E-006  8.739780555488282E-006  8.280389341114926E-006  7.968019577204760E-006  7.485845234144466E-006  7.151268334297806E-006  6.618402495171696E-006  6.231305151401158E-006  6.023611970365926E-006  5.803279395195747E-006  5.566784186638810E-006  5.309097561101871E-006  5.022662079824010E-006  4.305312925700818E-006  3.807470378848003E-006  3.074385937920222E-006
   281.500039437283       3.469846390847329E-005  3.220213963179905E-005  2.966966063783814E-005  2.709663631055556E-005  2.447568465337729E-005  2.179549798558984E-005  1.904107368563455E-005  1.763110568325774E-005  1.619729331704550E-005  1.473878348779793E-005  1.385130847723521E-005  1.325397273405056E-005  1.234756318153644E-005  1.173395471759666E-005  1.079076065850085E-005  1.013628325138806E-005  9.796565607765199E-006  9.444982077301246E-006  9.077519766702854E-006  8.688335078262912E-006  8.268464860623559E-006  7.264816781998033E-006  6.593652718160792E-006  5.608326975708393E-006
   282.500039577380       3.693105223460853E-005  3.437013694901365E-005  3.176283602926733E-005  2.910250999391324E-005  2.637822618652120E-005  2.357280095710714E-005  2.066151326323145E-005  1.915683204483912E-005  1.761458575257837E-005  1.603200211711505E-005  1.506222044717249E-005  1.440688069355636E-005  1.340939631713864E-005  1.273301584749078E-005  1.169429826834214E-005  1.097659273140819E-005  1.060583034184855E-005  1.022382593943006E-005  9.826814744413358E-006  9.409316874344881E-006  8.962967023054917E-006  7.917170841480676E-006  7.236948817634903E-006  6.264500583365515E-006
   283.500039717477       3.531446848482355E-005  3.286937302971907E-005  3.038193565003933E-005  2.784589909440561E-005  2.525105417931874E-005  2.258162250828105E-005  1.981549758144401E-005  1.838808254750544E-005  1.692698760807262E-005  1.542977566287790E-005  1.451313239850579E-005  1.389385805075038E-005  1.295105906954812E-005  1.231122136355980E-005  1.132682462440992E-005  1.064466357356950E-005  1.029141423551240E-005  9.926744759543583E-006  9.546901356670842E-006  9.146430141366502E-006  8.717015071360328E-006  7.705410638918429E-006  7.043727724473797E-006  6.096282194654028E-006
   284.500039857574       3.345310797207256E-005  3.116362880075253E-005  2.883496385158737E-005  2.646131898359111E-005  2.403339235603300E-005  2.153694370957413E-005  1.895190369785137E-005  1.761856284561069E-005  1.625377884694791E-005  1.485445245977002E-005  1.399673757977963E-005  1.341655675902659E-005  1.253167648776870E-005  1.192968158842063E-005  1.100039293675368E-005  1.035363529726565E-005  1.001766147947529E-005  9.669995960448040E-006  9.306915245001358E-006  8.923021756976157E-006  8.510100191306764E-006  7.532213960322887E-006  6.889208336678324E-006  5.965430917330198E-006
   285.500039997671       3.060483631011905E-005  2.848788656067122E-005  2.634149523556024E-005  2.416136902369758E-005  2.194038327338657E-005  1.966757416364370E-005  1.732773087118714E-005  1.612703752385705E-005  1.490266684186690E-005  1.365193130522659E-005  1.288712783100662E-005  1.237023552318102E-005  1.158179805666230E-005  1.104467364681627E-005  1.021262119434490E-005  9.630071493891290E-006  9.325897010893694E-006  9.009798506510846E-006  8.678048932915509E-006  8.325262074494568E-006  7.943248840065090E-006  7.026893515600413E-006  6.415196961357912E-006  5.525169073582045E-006
   286.500040137768       3.586756645397011E-005  3.342649092077788E-005  3.094073225310162E-005  2.840308784572637E-005  2.580214679375657E-005  2.312070058702649E-005  2.033512921430544E-005  1.889475378137645E-005  1.741830651970070E-005  1.590311558679071E-005  1.497426266580449E-005  1.434616811312579E-005  1.338894191169202E-005  1.273853154376059E-005  1.173642585988926E-005  1.104084516992041E-005  1.068026020840578E-005  1.030774841850676E-005  9.919465556019980E-006  9.509834888052501E-006  9.070361148256963E-006  8.034533826221012E-006  7.356959536352108E-006  6.386894433820192E-006
   287.500040277865       3.510666965993026E-005  3.274511886129097E-005  3.033704698536835E-005  2.787502863204347E-005  2.534774760100291E-005  2.273860522973060E-005  2.002525924264217E-005  1.862144486804716E-005  1.718196030666111E-005  1.570390456164516E-005  1.479714269437871E-005  1.418354704663982E-005  1.324747091272007E-005  1.261058391625475E-005  1.162757328972015E-005  1.094375260729843E-005  1.058872058942159E-005  1.022153333885589E-005  9.838341424003457E-006  9.433566052958969E-006  8.998713806811704E-006  7.971524396437059E-006  7.298168517320160E-006  6.332627547870139E-006
   288.500040417961       3.581856802822514E-005  3.340064345929375E-005  3.093953848778971E-005  2.842815988959470E-005  2.585551074560454E-005  2.320516063515326E-005  2.045479786655156E-005  1.903403863134941E-005  1.757863216177652E-005  1.608556654777914E-005  1.517009083217126E-005  1.455070116172416E-005  1.360570750963143E-005  1.296248569405978E-005  1.196872858838622E-005  1.127630733734142E-005  1.091631771456752E-005  1.054358878533010E-005  1.015411950214201E-005  9.742119142053895E-006  9.298777935197758E-006  8.248348921699484E-006  7.557401413853219E-006  6.564621769962645E-006
   289.500040558058       3.403772447449020E-005  3.176841459160242E-005  2.945923467902515E-005  2.710333791913525E-005  2.469019138789681E-005  2.220420931660727E-005  1.962404087506478E-005  1.829060875657266E-005  1.692366078246544E-005  1.551939068261731E-005  1.465679490911744E-005  1.407223163389391E-005  1.317843002191737E-005  1.256837005727948E-005  1.162243465700169E-005  1.096039344543353E-005  1.061511602438774E-005  1.025678983805541E-005  9.881438697100327E-006  9.483318512241059E-006  9.053706123660723E-006  8.031183808764453E-006  7.355860051102908E-006  6.383842272544168E-006
   291.000040768204       4.001559649188959E-005  3.736253998617971E-005  3.465411660928611E-005  3.188118036879296E-005  2.902973650521502E-005  2.607961062488256E-005  2.300394328115762E-005  2.140947420555421E-005  1.977238165026963E-005  1.808952869253862E-005  1.705642718028162E-005  1.635714866400319E-005  1.529026715423326E-005  1.456446825036555E-005  1.344472835441171E-005  1.266648250303712E-005  1.226277885170225E-005  1.184559569315653E-005  1.141069479819988E-005  1.095194093614268E-005  1.045999995038534E-005  9.302607619250389E-006  8.547903287244370E-006  7.470817494210014E-006
   293.000041048398       3.829031949109066E-005  3.577236902465517E-005  3.320264436802779E-005  3.057264013137823E-005  2.786966455953052E-005  2.507568190307507E-005  2.216693149323844E-005  2.066111926494869E-005  1.911660518165159E-005  1.753021899715808E-005  1.655656473826919E-005  1.589735599860596E-005  1.489077623430758E-005  1.420492835379874E-005  1.314389015854349E-005  1.240337316201978E-005  1.201795312885020E-005  1.161859184587696E-005  1.120098291239631E-005  1.075889519370899E-005  1.028283645929556E-005  9.153400229544080E-006  8.408946474193124E-006  7.335993662632565E-006
   295.000041328591       3.841954382813363E-005  3.591004263752922E-005  3.334855337625763E-005  3.072629821036322E-005  2.803022919088640E-005  2.524185436199038E-005  2.233706280703050E-005  2.083252895283816E-005  1.928877062205838E-005  1.770251253160659E-005  1.672850448024363E-005  1.606879220855952E-005  1.506085674542929E-005  1.437352813365435E-005  1.330891065151258E-005  1.256466519838889E-005  1.217681663363374E-005  1.177454930502019E-005  1.135345121284460E-005  1.090714901088404E-005  1.042594410087835E-005  9.281942071335155E-006  8.526481371092458E-006  7.435775985929022E-006
   297.000041608785       4.038720385228172E-005  3.780119142645487E-005  3.515483886184592E-005  3.243779494585041E-005  2.963498394485973E-005  2.672535781306800E-005  2.368187218361849E-005  2.210043866289181E-005  2.047427922125805E-005  1.879982533051219E-005  1.777007415432938E-005  1.707204184656486E-005  1.600491922390408E-005  1.527702332748096E-005  1.414982450945394E-005  1.336252355436533E-005  1.295263462254518E-005  1.252789351575896E-005  1.208378217823911E-005  1.161377116322511E-005  1.110792033736959E-005  9.909660706889254E-006  9.121529610379784E-006  7.986805981729519E-006
   299.000041888979       4.096998822565979E-005  3.837156299713419E-005  3.571106227602942E-005  3.297753883768764E-005  3.015541140796333E-005  2.722333331031508E-005  2.415439346247695E-005  2.255941301686014E-005  2.091938755129418E-005  1.923082226068551E-005  1.819242702358701E-005  1.748845612758107E-005  1.641193392668387E-005  1.567721154417505E-005  1.453831462869597E-005  1.374168051501378E-005  1.332645972867108E-005  1.289580589990568E-005  1.244505847801918E-005  1.196747714439838E-005  1.145278889342320E-005  1.023023723928821E-005  9.423084165990019E-006  8.256533146524989E-006
   301.000042169173       4.207307811321567E-005  3.944807158102768E-005  3.675772528516306E-005  3.398968160075185E-005  3.112714751609272E-005  2.814678556012444E-005  2.501937573553250E-005  2.339052421511805E-005  2.171301527847263E-005  1.998299700159152E-005  1.891761016414612E-005  1.819468412658149E-005  1.708814204359157E-005  1.633221604596880E-005  1.515937813954917E-005  1.433834020131833E-005  1.391024367230038E-005  1.346617326033969E-005  1.300137640768440E-005  1.250899110976095E-005  1.197858062685358E-005  1.072065353288396E-005  9.892412358391370E-006  8.698207901928046E-006
   303.000042449367       4.207071221247088E-005  3.946626424224043E-005  3.679705674714806E-005  3.405091090513596E-005  3.121100563879126E-005  2.825462889921004E-005  2.515344456287944E-005  2.353882174229854E-005  2.187638842037394E-005  2.016204057813335E-005  1.910603848605059E-005  1.838919570208128E-005  1.729112801891941E-005  1.654011706392803E-005  1.537282807169646E-005  1.455367357976994E-005  1.412576917995017E-005  1.368126426299934E-005  1.321526538203834E-005  1.272071325860533E-005  1.218685779247773E-005  1.091565379749142E-005  1.007452065554968E-005  8.856584550438603E-006
   305.000042729561       4.243610275828521E-005  3.983135542050521E-005  3.716064653273261E-005  3.441140645298298E-005  3.156635850713017E-005  2.860272851153154E-005  2.549233228072146E-005  2.387260423494598E-005  2.220476082311015E-005  2.048467160742120E-005  1.942491901219734E-005  1.870531692793152E-005  1.760249275637077E-005  1.684765745495991E-005  1.567306745428862E-005  1.484752086844415E-005  1.441579245047650E-005  1.396693539440599E-005  1.349594913058335E-005  1.299561567964408E-005  1.245493932492477E-005  1.116494691025439E-005  1.030932135711732E-005  9.067525506750074E-006
   307.000043009754       4.320832275642431E-005  4.059385571186573E-005  3.790776488350172E-005  3.513650518017558E-005  3.226142951583527E-005  2.925803094809170E-005  2.609676826926947E-005  2.444709399060830E-005  2.274632649255929E-005  2.099029120578509E-005  1.990754351035094E-005  1.917199870670756E-005  1.804423451463572E-005  1.727198842032869E-005  1.606973694957275E-005  1.522435724151194E-005  1.478214044318166E-005  1.432230835473897E-005  1.383973356355909E-005  1.332700942274224E-005  1.277283093981025E-005  1.144967872271280E-005  1.057055060844578E-005  9.291167111145622E-006
   309.000043289948       4.416745846651078E-005  4.153595941998413E-005  3.883039116156149E-005  3.603640139955941E-005  3.313465735599732E-005  3.009943436703223E-005  2.689992176956372E-005  2.522826185188197E-005  2.350322963520615E-005  2.172046009988782E-005  2.062026493185672E-005  1.987240337889051E-005  1.872495153497356E-005  1.793858754155211E-005  1.671322607990181E-005  1.585073749983430E-005  1.539930470141995E-005  1.492972036982143E-005  1.443676382002351E-005  1.391290049059766E-005  1.334664086782981E-005  1.199510370959601E-005  1.109788318595809E-005  9.792422299163395E-006
   311.000043570142       4.333428169075138E-005  4.077108679339793E-005  3.813677882678123E-005  3.541734865202516E-005  3.259428243057554E-005  2.964345860231139E-005  2.653564646198598E-005  2.491271828352370E-005  2.323810036995120E-005  2.150658653191984E-005  2.043698061772407E-005  1.970917846458017E-005  1.859083189978651E-005  1.782290340046042E-005  1.662301971370806E-005  1.577556146071739E-005  1.533088994182876E-005  1.486746548283807E-005  1.437996366157517E-005  1.386070174884691E-005  1.329796999204819E-005  1.194856454324219E-005  1.104809635919536E-005  9.732878350461674E-006
   313.000043850336       4.369947529298390E-005  4.112159699417166E-005  3.847225201915188E-005  3.573769322181833E-005  3.289941134345689E-005  2.993370362044572E-005  2.681205331759298E-005  2.518308616072612E-005  2.350318013705592E-005  2.176715088817022E-005  2.069504376872630E-005  1.996551185136182E-005  1.884423787993547E-005  1.807386374666155E-005  1.686896400230746E-005  1.601673720745064E-005  1.556906759430863E-005  1.510211161980579E-005  1.461040957504987E-005  1.408608202672286E-005  1.351710563641627E-005  1.214904903460755E-005  1.123288383062837E-005  9.889928336258595E-006
   315.000044130530       4.548499357581399E-005  4.283439045823642E-005  4.010526693801437E-005  3.728283541508073E-005  3.434737061625687E-005  3.127393126696981E-005  2.803328710560900E-005  2.634058685781748E-005  2.459446767033921E-005  2.279002978845337E-005  2.167601478912546E-005  2.091820778185199E-005  1.975394912316771E-005  1.895444837809859E-005  1.770472371217847E-005  1.682143438202793E-005  1.635770209200476E-005  1.587421045910144E-005  1.536535939581887E-005  1.482306603229862E-005  1.423496988552700E-005  1.282220738326842E-005  1.187631515402523E-005  1.048793991432190E-005
   317.000044410724       4.566452204091764E-005  4.302834364956803E-005  4.031266091538689E-005  3.750251020832150E-005  3.457815842769184E-005  3.151512044031754E-005  2.828469499212378E-005  2.659731440933888E-005  2.485667559489811E-005  2.305780811565685E-005  2.194694290040892E-005  2.119101209162500E-005  2.002892939840465E-005  1.923021134245716E-005  1.798009170318452E-005  1.709501336258488E-005  1.662976114526458E-005  1.614422268172993E-005  1.563267046943807E-005  1.508682980456509E-005  1.449402673273905E-005  1.306563742328450E-005  1.210526470651431E-005  1.068919916776657E-005
   319.000044690917       4.321088190135284E-005  4.073811629306624E-005  3.819338858641014E-005  3.556325902706517E-005  3.282986904797735E-005  2.997112275827759E-005  2.696064495340526E-005  2.538941606153087E-005  2.376862165676678E-005  2.209231532513143E-005  2.105556785069539E-005  2.034896823304244E-005  1.926027819439181E-005  1.850973983538480E-005  1.733021686466776E-005  1.649076768343365E-005  1.604782477139642E-005  1.558422509473165E-005  1.509420942805009E-005  1.456945939924678E-005  1.399724114273025E-005  1.260822412230089E-005  1.166677739385132E-005  1.027121471159774E-005
   321.000044971111       4.504398302544515E-005  4.249987774552131E-005  3.987741310391414E-005  3.716177063220480E-005  3.433362126755725E-005  3.136950411225818E-005  2.824238357064880E-005  2.660855396184049E-005  2.492250264036923E-005  2.317827464270555E-005  2.209951762577436E-005  2.136431941585237E-005  2.023173482137650E-005  1.945112835149156E-005  1.822487921597900E-005  1.735278556258969E-005  1.689290786509504E-005  1.641184622376358E-005  1.590372465123484E-005  1.536004662784974E-005  1.476781368044640E-005  1.333327092550661E-005  1.236336991075082E-005  1.092778354239783E-005
   323.000045251305       4.342191439076255E-005  4.098206779275431E-005  3.847051521174024E-005  3.587361836391480E-005  3.317392469982611E-005  3.034962174924230E-005  2.737522749544063E-005  2.582286663042516E-005  2.422142636606213E-005  2.256451814142155E-005  2.153899003954229E-005  2.083942216904617E-005  1.976008929353521E-005  1.901458643730909E-005  1.783982761548142E-005  1.700091512736924E-005  1.655716853987136E-005  1.609185962143605E-005  1.559903017477391E-005  1.507005654965058E-005  1.449173993718374E-005  1.308124649877954E-005  1.212029298099056E-005  1.068960305812729E-005
   325.000045531499       4.559905124208637E-005  4.306815821406747E-005  4.045809888319559E-005  3.775403005035154E-005  3.493689019106056E-005  3.198330799068365E-005  2.886652324723231E-005  2.723772172836152E-005  2.555626099916341E-005  2.381556080272069E-005  2.273782056917991E-005  2.200256275613126E-005  2.086823507117151E-005  2.008495819716593E-005  1.885143674152559E-005  1.797151746095988E-005  1.750653954584320E-005  1.701939348429999E-005  1.650398982395868E-005  1.595151659707668E-005  1.534848039500308E-005  1.388220651574545E-005  1.288632922840521E-005  1.140656480085973E-005
   327.000045811693       4.707635844536202E-005  4.449953952609232E-005  4.183707158302815E-005  3.907291177747762E-005  3.618605310847021E-005  3.315130615380930E-005  2.993980554984725E-005  2.825808236570861E-005  2.651987070396328E-005  2.471852819294753E-005  2.360246020678119E-005  2.284078577557336E-005  2.166534921345764E-005  2.085351297148700E-005  1.957492021237355E-005  1.866300291541596E-005  1.818126643567667E-005  1.767674211733278E-005  1.714321672441834E-005  1.657171289299402E-005  1.594848588682368E-005  1.443636339488587E-005  1.341230283886738E-005  1.189371220238031E-005
   329.000046091887       4.790864506042814E-005  4.529214260275282E-005  4.258971011600578E-005  3.978543031643957E-005  3.685936960464618E-005  3.378723263643393E-005  3.054219755246482E-005  2.884566518611039E-005  2.709401905067752E-005  2.528037277113791E-005  2.415719468215967E-005  2.339071596542323E-005  2.220760787726858E-005  2.139005299772444E-005  2.010127198910040E-005  1.918085925139461E-005  1.869412765488280E-005  1.818393299211358E-005  1.764387132410370E-005  1.706466963238669E-005  1.643210157092878E-005  1.489232490481651E-005  1.384485646842644E-005  1.228452223800505E-005
   331.000046372081       4.906153987495467E-005  4.641680332420974E-005  4.368082544045731E-005  4.083686768802291E-005  3.786385094514468E-005  3.473652752575900E-005  3.142692149688313E-005  2.969441013612993E-005  2.790429636671276E-005  2.604959854786025E-005  2.490051767299630E-005  2.411617053384246E-005  2.290524304760399E-005  2.206836580829696E-005  2.074909248376179E-005  1.980704380853258E-005  1.930897954598172E-005  1.878703584478777E-005  1.823471322370660E-005  1.764260620920056E-005  1.699627504306554E-005  1.542447012348949E-005  1.435609340359791E-005  1.276452628084066E-005
   333.000046652274       4.830809556899429E-005  4.573275460715068E-005  4.306781300155353E-005  4.029716751348127E-005  3.739961882599590E-005  3.435082794102774E-005  3.112272801558472E-005  2.943192162588264E-005  2.768375629937997E-005  2.587075794061056E-005  2.474615992361579E-005  2.397774473612899E-005  2.278989696688962E-005  2.196764600879975E-005  2.066881854753153E-005  1.973914328105065E-005  1.924680241715965E-005  1.873021407919972E-005  1.818281757984388E-005  1.759510478001503E-005  1.695248017531614E-005  1.538470551760049E-005  1.431495721157638E-005  1.271571699471410E-005
   335.000046932468       4.814407004500058E-005  4.560060080520943E-005  4.296708949091783E-005  4.022666970837510E-005  3.735860733394203E-005  3.433838274269060E-005  3.113858520921525E-005  2.946203742984874E-005  2.772823227877912E-005  2.592945886538566E-005  2.481312107971212E-005  2.404998980323885E-005  2.286953721754624E-005  2.205170479576938E-005  2.075842545164427E-005  1.983149238071419E-005  1.934015030377410E-005  1.882424946637249E-005  1.827715667842734E-005  1.768925044116800E-005  1.704573950738505E-005  1.547245156571410E-005  1.439610810338887E-005  1.278413271713456E-005
   337.000047212662       4.804569300317654E-005  4.552239175346524E-005  4.291066200737499E-005  4.019446097977107E-005  3.735399855378564E-005  3.436602122910696E-005  3.120454663706820E-005  2.954964383363402E-005  2.783891103613306E-005  2.606405876528902E-005  2.496202476992427E-005  2.420817809703909E-005  2.304084114985180E-005  2.223092334948783E-005  2.094759699466210E-005  2.002546656240423E-005  1.953575464051025E-005  1.902082349341158E-005  1.847386047081290E-005  1.788499472041488E-005  1.723903928478610E-005  1.565325620386421E-005  1.456318656071126E-005  1.292479763727474E-005
   339.000047492856       4.860231161856676E-005  4.608814212726383E-005  4.348201832531697E-005  4.076722665270212E-005  3.792333858512349E-005  3.492652418435185E-005  3.175008312734487E-005  3.008527331167954E-005  2.836282394503913E-005  2.657443294890218E-005  2.546325614403798E-005  2.470282523684001E-005  2.352479895661714E-005  2.270711444025057E-005  2.141100078941245E-005  2.047943319967111E-005  1.998468791322691E-005  1.946448011982401E-005  1.891197466418766E-005  1.831725449511556E-005  1.766506364335707E-005  1.606501650947704E-005  1.496588220839880E-005  1.331363232657575E-005
   341.000047773050       4.940094166035567E-005  4.685869631217242E-005  4.422565437729469E-005  4.148556338735656E-005  3.861906930489305E-005  3.560306775081934E-005  3.241184261324839E-005  3.074121562298296E-005  2.901386175999110E-005  2.722078465303668E-005  2.610654899834508E-005  2.534375936591242E-005  2.416132972410772E-005  2.333990377934576E-005  2.203631069036254E-005  2.109798466982855E-005  2.059913119570219E-005  2.007420355585153E-005  1.951621695744766E-005  1.891505408955000E-005  1.825516127767342E-005  1.663369699506766E-005  1.551832755254869E-005  1.383987370352545E-005
   343.000048053244       5.018885626936498E-005  4.762670460490996E-005  4.497030705169990E-005  4.220315123928918E-005  3.930636036158678E-005  3.625776341609084E-005  3.303292613999398E-005  3.134586599094682E-005  2.960252071657753E-005  2.779396631982241E-005  2.667060594538458E-005  2.590170454125675E-005  2.470991468443104E-005  2.388199467879431E-005  2.256801122224869E-005  2.162214186136218E-005  2.111926545628230E-005  2.059009494324172E-005  2.002757706086994E-005  1.942147878773940E-005  1.875603743967716E-005  1.711960059563369E-005  1.599186933013978E-005  1.428973120528839E-005
   345.000048333437       5.016869875129271E-005  4.763956369302418E-005  4.501626246000974E-005  4.228252459834249E-005  3.941879933610595E-005  3.640234920261837E-005  3.320786978513589E-005  3.153454649617954E-005  2.980340674568778E-005  2.800495506862439E-005  2.688625871156670E-005  2.611975360884454E-005  2.493025530949087E-005  2.410280352205540E-005  2.278755043616176E-005  2.183919896501648E-005  2.133446696251880E-005  2.080294992945134E-005  2.023751400192078E-005  1.962780235098277E-005  1.895789093425169E-005  1.730866316724553E-005  1.617115544238906E-005  1.445364430763021E-005
   347.000048613631       5.003517192325042E-005  4.753406212927504E-005  4.493914825568237E-005  4.223382632802405E-005  3.939873149362209E-005  3.641123887643576E-005  3.324599078274456E-005  3.158719249677140E-005  2.987035941614960E-005  2.808545302385184E-005  2.697416837424621E-005  2.621215243456629E-005  2.502846385873402E-005  2.420406721980804E-005  2.289177672552188E-005  2.194398112119059E-005  2.143897065631128E-005  2.090671294670251E-005  2.033997563236275E-005  1.972826177536797E-005  1.905540563606130E-005  1.739562045356213E-005  1.624824480032400E-005  1.451255562261770E-005
   349.000048893825       5.043938617167625E-005  4.793691138053848E-005  4.533927275740369E-005  4.263047083474213E-005  3.979058214962800E-005  3.679707958029206E-005  3.362435375592146E-005  3.196104977435581E-005  3.023880470107563E-005  2.844709525464509E-005  2.733066683704633E-005  2.656457690572339E-005  2.537354786152719E-005  2.454315643403399E-005  2.321960802643642E-005  2.226223394248618E-005  2.175159099567291E-005  2.121298419154166E-005  2.063900345206113E-005  2.001889062481390E-005  1.933609168393555E-005  1.764869393578296E-005  1.648007683474196E-005  1.471058813379348E-005
   351.000049174019       5.184684559469432E-005  4.929254222925831E-005  4.663982075738545E-005  4.387215180745941E-005  4.096975893861729E-005  3.790987366557870E-005  3.466756156028761E-005  3.296831236133940E-005  3.120936662001450E-005  2.938006712956408E-005  2.824049378407088E-005  2.745863032603159E-005  2.624320203456584E-005  2.539592144111854E-005  2.404570371611983E-005  2.306930596767044E-005  2.254863331809710E-005  2.199956336467791E-005  2.141456556974551E-005  2.078271247747996E-005  2.008717047232829E-005  1.836881825497452E-005  1.717869200817070E-005  1.537527711299279E-005
   353.000049454213       5.190534304751684E-005  4.937264817911248E-005  4.674267420237282E-005  4.399955818612745E-005  4.112438611734375E-005  3.809541571602346E-005  3.488798432189697E-005  3.320778172219051E-005  3.146883657966733E-005  2.965990537921892E-005  2.853243722417779E-005  2.775847660714800E-005  2.655439698369695E-005  2.571419458652419E-005  2.437351646451402E-005  2.340245908772875E-005  2.288403094038892E-005  2.233682460357632E-005  2.175319481669687E-005  2.112204432388521E-005  2.042626861135135E-005  1.870237216662791E-005  1.750419000139666E-005  1.568303582423592E-005
   355.000049734407       5.353179550160547E-005  5.095366129022457E-005  4.827161013204810E-005  4.546898650368127E-005  4.252523699306672E-005  3.941701210707300E-005  3.611809497226378E-005  3.438713586399358E-005  3.259376574053588E-005  3.072669442231103E-005  2.956242233123633E-005  2.876305184941114E-005  2.751940447792708E-005  2.665174330724860E-005  2.526788560822658E-005  2.426642535119774E-005  2.373221337993303E-005  2.316876575146537E-005  2.256838372830071E-005  2.191988080408751E-005  2.120600851545913E-005  1.944238928472522E-005  1.822058148165871E-005  1.636705849911196E-005
   357.000050014600       5.171573852817374E-005  4.923696472440464E-005  4.666099475400294E-005  4.397291315489156E-005  4.115429099729864E-005  3.818421560882962E-005  3.503874608072864E-005  3.339038688625475E-005  3.168331038617705E-005  2.990550977049183E-005  2.879575876638434E-005  2.803298411123804E-005  2.684428362116781E-005  2.601316015808322E-005  2.468373338552495E-005  2.371815944312682E-005  2.320169268516369E-005  2.265579506078126E-005  2.207268278096044E-005  2.144103775466737E-005  2.074340624910819E-005  1.900891556093133E-005  1.779854831845151E-005  1.595223809227039E-005
   359.000050294794       5.175906780483324E-005  4.930339725489009E-005  4.675187647361812E-005  4.408905699221060E-005  4.129708697920795E-005  3.835531651403491E-005  3.523967590438749E-005  3.360653127769462E-005  3.191458532802011E-005  3.015129393492716E-005  2.904960387418450E-005  2.829176928999768E-005  2.710966216016423E-005  2.628222075364454E-005  2.495692376941747E-005  2.399292515447293E-005  2.347680359274874E-005  2.293089488474704E-005  2.234735562633509E-005  2.171478054590825E-005  2.101559262361678E-005  1.927526053703627E-005  1.805976839727900E-005  1.620540768565460E-005
   361.000050574988       5.236019875391356E-005  4.989806479406376E-005  4.733877584804488E-005  4.466652020397887E-005  4.186373733097845E-005  3.890980638072850E-005  3.578074002602280E-005  3.414040742226849E-005  3.244055106403207E-005  3.066832237994067E-005  2.956059310916938E-005  2.879827820064043E-005  2.760864483382769E-005  2.677544974152730E-005  2.544009836836794E-005  2.446809956116328E-005  2.394745563969188E-005  2.339658470670150E-005  2.280752325617083E-005  2.216869776308248E-005  2.146225843290135E-005  1.970209354063026E-005  1.847100762290581E-005  1.658975371225208E-005
   363.000050855182       5.322652864401230E-005  5.073763910714135E-005  4.814882202472163E-005  4.544520463052281E-005  4.260921969454605E-005  3.962073548522951E-005  3.645666418269713E-005  3.479896374936860E-005  3.308178013473751E-005  3.129215661888088E-005  3.017376159804115E-005  2.940416531849500E-005  2.820316404276567E-005  2.736198642657835E-005  2.601378574576443E-005  2.503237125550140E-005  2.450664898625597E-005  2.395036172289291E-005  2.335544034881479E-005  2.271013338249686E-005  2.199630380025698E-005  2.021610940927955E-005  1.896907020965155E-005  1.705975826801174E-005
   364.000050995279       5.275849396592723E-005  5.030536234467101E-005  4.775459097920064E-005  4.509172618060247E-005  4.229894871960860E-005  3.935645036015237E-005  3.624002755373754E-005  3.460627203138728E-005  3.291273649674814E-005  3.114574583106790E-005  3.004013443281981E-005  2.927860927291246E-005  2.808881695843812E-005  2.725436353510021E-005  2.591480913341355E-005  2.493790714653242E-005  2.441395339964103E-005  2.385903225030924E-005  2.326499216337235E-005  2.261997106508867E-005  2.190567183605530E-005  2.012114754669920E-005  1.886914791280687E-005  1.695097992903415E-005
   365.000051135376       5.523387196415253E-005  5.266881491696722E-005  4.999766370634852E-005  4.720301433783020E-005  4.426580897066993E-005  4.116377824093559E-005  3.787162536207871E-005  3.614378041661400E-005  3.435231421130227E-005  3.248417637109944E-005  3.131658156602810E-005  3.051329139190572E-005  2.926021831584470E-005  2.838318583772373E-005  2.697904073001921E-005  2.595847539952838E-005  2.541245290849018E-005  2.483527162294715E-005  2.421873082836727E-005  2.355089246253711E-005  2.281329900188951E-005  2.097900476125402E-005  1.969768214954921E-005  1.773856684200246E-005
   367.000051415570       5.539861509783675E-005  5.282613049929038E-005  5.014799808296510E-005  4.734834807585801E-005  4.440792292133327E-005  4.130531842163303E-005  3.801565597578303E-005  3.629003732139075E-005  3.450127963972641E-005  3.263576747758699E-005  3.146944129625236E-005  3.066672166866352E-005  2.941390403646060E-005  2.853642149887451E-005  2.713025072177799E-005  2.610703536867451E-005  2.555912495054943E-005  2.497953965632690E-005  2.435994233829069E-005  2.368817561344815E-005  2.294546856512029E-005  2.109505227380208E-005  1.980042917257213E-005  1.782156320640830E-005
   369.000051695763       5.383073110587483E-005  5.131090018989243E-005  4.869414480212646E-005  4.596822890556399E-005  4.311752716194100E-005  4.012670106787854E-005  3.697876146617403E-005  3.533809660504239E-005  3.364525241099482E-005  3.188825182774877E-005  3.079374508263224E-005  3.004202541208662E-005  2.887088357095167E-005  2.805183563068687E-005  2.674061653769464E-005  2.578676864661860E-005  2.527585944170990E-005  2.473513889032325E-005  2.415664612258082E-005  2.352874544151620E-005  2.283353667516859E-005  2.109687158297879E-005  1.987940505991033E-005  1.801889060080448E-005
   371.000051975957       5.369805294915128E-005  5.136550992090346E-005  4.895259698424863E-005  4.644829781277230E-005  4.383658686413830E-005  4.109856662801939E-005  3.820619604849069E-005  3.668812206339497E-005  3.510879889573525E-005  3.344983492633673E-005  3.240346481507646E-005  3.167811328576616E-005  3.053612027751387E-005  2.972825805864094E-005  2.841856080469806E-005  2.745339543698102E-005  2.693242156667507E-005  2.637833835013088E-005  2.578286375338707E-005  2.513410251532175E-005  2.441388855410314E-005  2.261412046659280E-005  2.135775281832892E-005  1.944599060289267E-005
   373.000052256151       5.197576366740881E-005  5.006584589217331E-005  4.808222659788540E-005  4.600662669845449E-005  4.381553457937041E-005  4.147563303802887E-005  3.893622258013122E-005  3.756732079785282E-005  3.611183968774880E-005  3.454517359218098E-005  3.353635975247398E-005  3.282769439816248E-005  3.169726184887077E-005  3.088741981921080E-005  2.955872858378049E-005  2.856875714505397E-005  2.803111535771256E-005  2.745710743068367E-005  2.683803960926386E-005  2.616145911277172E-005  2.540853056405022E-005  2.352501888284158E-005  2.221488479662994E-005  2.023608421802400E-005
   375.000052536345       6.249559570783700E-005  6.045748696388358E-005  5.828851913449655E-005  5.595489784602800E-005  5.341041210792360E-005  5.058769410036941E-005  4.738559638277514E-005  4.559453047274255E-005  4.363873709400327E-005  4.147585536893871E-005  4.005395569813264E-005  3.904325114768753E-005  3.741461364778198E-005  3.623908715141252E-005  3.430443699901400E-005  3.286679675301970E-005  3.209031203046996E-005  3.126627403388205E-005  3.038469246798808E-005  2.943137201982821E-005  2.838496988849621E-005  2.584773927309660E-005  2.416298883927696E-005  2.175743201029727E-005
   377.000052816539       6.660236922608251E-005  6.451970176800625E-005  6.228343867175838E-005  5.985435512930622E-005  5.717894683548307E-005  5.417685984053905E-005  5.072435630007497E-005  4.876998780374902E-005  4.661595303564329E-005  4.420922695783462E-005  4.261344477726160E-005  4.147316099003734E-005  3.962682607993002E-005  3.828917347128934E-005  3.608447697057391E-005  3.445000481611238E-005  3.357108182828505E-005  3.264279877508389E-005  3.165622489325247E-005  3.059851947874915E-005  2.945001411404551E-005  2.672277273330441E-005  2.495245990002122E-005  2.246326143324080E-005
   379.000053096733       8.211298682912272E-005  7.925040947951739E-005  7.617006578752247E-005  7.282145527562056E-005  6.913377908392407E-005  6.500272278066916E-005  6.026298199874601E-005  5.758501151339738E-005  5.463645770944365E-005  5.134514394400838E-005  4.916491013086080E-005  4.760844543186400E-005  4.509245696155800E-005  4.327496898017371E-005  4.029628098661125E-005  3.811033164357549E-005  3.694653459311563E-005  3.572892665308215E-005  3.445062130183742E-005  3.310172048745507E-005  3.166653032519662E-005  2.839951126290346E-005  2.638648670035358E-005  2.368282942627253E-005
   381.000053376926       9.748148823208404E-005  9.370267267218616E-005  8.962774652619240E-005  8.519811663729747E-005  8.033275499794221E-005  7.491615881053952E-005  6.877029672672550E-005  6.533829124768397E-005  6.159680354213337E-005  5.746703290817863E-005  5.475764898324397E-005  5.283564327829087E-005  4.974946181284496E-005  4.753525800241719E-005  4.393441164874741E-005  4.131570677508338E-005  3.993099175890949E-005  3.849045593467025E-005  3.698851903374086E-005  3.541722637496808E-005  3.376353953668644E-005  3.008369583766715E-005  2.787983347645604E-005  2.499249802295660E-005
   383.000053657120       7.703582875605612E-005  7.436832928174894E-005  7.149145129505888E-005  6.836077476742753E-005  6.491682918971007E-005  6.107018098207391E-005  5.668273105838424E-005  5.421880632795264E-005  5.151995129047724E-005  4.852437443063740E-005  4.654870765246749E-005  4.514212953205255E-005  4.287374724846960E-005  4.123827799462562E-005  3.856121263979863E-005  3.659701828389813E-005  3.555068151166168E-005  3.445507991282376E-005  3.330340875483799E-005  3.208591629819254E-005  3.078712837318695E-005  2.780945356108066E-005  2.595032987314110E-005  2.340635779625079E-005
   385.000053937314       1.112134859776191E-004  1.066474695842819E-004  1.017148727705211E-004  9.634246364379169E-005  9.043190926820348E-005  8.384901797076882E-005  7.639302497329668E-005  7.224404445059325E-005  6.773993548323605E-005  6.279855907869810E-005  5.957665667839003E-005  5.730164012690174E-005  5.366766160689304E-005  5.107550397387541E-005  4.688837177198795E-005  4.386734099135272E-005  4.227922290828571E-005  4.063493805029641E-005  3.893029007800746E-005  3.715934577137154E-005  3.531172673251859E-005  3.127371847041790E-005  2.890898673279023E-005  2.586543431969170E-005
   387.000054217508       1.279701497277124E-004  1.222735180525853E-004  1.161227017739980E-004  1.094288873037698E-004  1.020818567565254E-004  9.393153507363111E-005  8.476820469065945E-005  7.971198276256504E-005  7.426592943790242E-005  6.834911343895527E-005  6.452571969116591E-005  6.184281964472283E-005  5.758574814182009E-005  5.457009704740908E-005  4.973505097120269E-005  4.627519076543939E-005  4.446712176849979E-005  4.260403360457344E-005  4.068383729225917E-005  3.870358351493983E-005  3.665721507115172E-005  3.227687899051923E-005  2.978101605157839E-005  2.664536357459065E-005
   389.000054497702       7.226710439405880E-005  7.013764222844666E-005  6.782972474547901E-005  6.530240128816267E-005  6.249609847310397E-005  5.932410715703746E-005  5.565173198377195E-005  5.356311162388639E-005  5.125338911400713E-005  4.866426556951344E-005  4.694284097922929E-005  4.571063624233588E-005  4.371192515821830E-005  4.226136614858750E-005  3.986712366532711E-005  3.809041671934754E-005  3.713492184073516E-005  3.612609278961125E-005  3.505467217119625E-005  3.390739968689927E-005  3.266395613799835E-005  2.972442368037983E-005  2.782787230438009E-005  2.517674521679640E-005
   391.000054777896       1.314535507643634E-004  1.254447366649580E-004  1.189666890906257E-004  1.119297530550449E-004  1.042167401822996E-004  9.567398477990018E-005  8.608973433686800E-005  8.081564629899275E-005  7.515162577389257E-005  6.902471046844128E-005  6.508493369899756E-005  6.233095402418195E-005  5.798126732125482E-005  5.491603985604588E-005  5.003006223010926E-005  4.655469307445945E-005  4.474484353238005E-005  4.288396623271634E-005  4.096963375199403E-005  3.899821391805727E-005  3.696226818982464E-005  3.259496538888335E-005  3.008723177305837E-005  2.689480383008999E-005
   393.000055058090       1.267635720019126E-004  1.198174418025372E-004  1.124445991399956E-004  1.045666630485515E-004  9.608832244627127E-005  8.689498428359892E-005  7.685045151238652E-005  7.145976196295560E-005  6.579298273928497E-005  5.982211490348542E-005  5.607867276009321E-005  5.350957521938113E-005  4.953511800761355E-005  4.679679026840537E-005  4.253763185003887E-005  3.958236855453514E-005  3.806482927412852E-005  3.651719260225021E-005  3.493518942128556E-005  3.331147642084559E-005  3.163204006464822E-005  2.795471465949835E-005  2.573395490252023E-005  2.269835100835169E-005
   395.000055338283       1.344140669880382E-004  1.281785540385081E-004  1.214570142542352E-004  1.141575491784358E-004  1.061631567718368E-004  9.732121061274857E-005  8.742400858173024E-005  8.199045266981134E-005  7.616713287477433E-005  6.988346963576124E-005  6.585269155658392E-005  6.304026859280866E-005  5.860827859611215E-005  5.549364081849250E-005  5.054700903146004E-005  4.704496961700673E-005  4.522754574052155E-005  4.336370755948062E-005  4.145144143474956E-005  3.948710408352240E-005  3.746227435282652E-005  3.311421711588219E-005  3.059480297178892E-005  2.732961392168861E-005
   397.000055618477       7.082399851938885E-005  6.869291120508542E-005  6.637974679070996E-005  6.384266193872377E-005  6.102291948017134E-005  5.783455570221454E-005  5.414498843524613E-005  5.204902437641137E-005  4.973487437074889E-005  4.714637338956693E-005  4.542934966748814E-005  4.420246277023318E-005  4.221641023221579E-005  4.077818443809598E-005  3.840929934505768E-005  3.665418731979277E-005  3.571057856666191E-005  3.471390080618047E-005  3.365421263975217E-005  3.251706663252006E-005  3.128008014359422E-005  2.832344513683166E-005  2.637600172240521E-005  2.356325346444057E-005
   399.000055898671       1.338606517530579E-004  1.279899933803718E-004  1.216478518289713E-004  1.147416876598525E-004  1.071536806007264E-004  9.872398270444758E-005  8.922727523710443E-005  8.397927972313854E-005  7.832211394221090E-005  7.217343821701822E-005  6.820190236270555E-005  6.541697305670329E-005  6.100334587239381E-005  5.788216243034246E-005  5.288920894835072E-005  4.932541711266493E-005  4.746575968184892E-005  4.555103291253277E-005  4.357843117078792E-005  4.154372151329554E-005  3.943835796706601E-005  3.490397595246851E-005  3.228755701413094E-005  2.894669885139389E-005
   401.000056178865       1.607457419164306E-004  1.526159483608936E-004  1.439222791671924E-004  1.345439793048407E-004  1.243189892172031E-004  1.130524389286820E-004  1.004921250816573E-004  9.363249984216710E-005  8.632803921612925E-005  7.852525990170019E-005  7.357784298481247E-005  7.015798892563893E-005  6.482853077994361E-005  6.112944097675582E-005  5.533327485361783E-005  5.128488919064372E-005  4.920057895619125E-005  4.707441718476830E-005  4.490522536941867E-005  4.269122786353370E-005  4.042743020102026E-005  3.565917091545512E-005  3.297958579045375E-005  2.963026654806477E-005
   403.000056459059       1.648274648265543E-004  1.561763730496066E-004  1.469741252664223E-004  1.370988654134708E-004  1.263924082737885E-004  1.146584413849143E-004  1.016450028467501E-004  9.456645030281175E-005  8.705038534613788E-005  7.905024024332584E-005  7.399548076481439E-005  7.051040642106076E-005  6.509618386184211E-005  6.135133141829224E-005  5.550641520334496E-005  5.144038542419458E-005  4.935189366787903E-005  4.722454364987116E-005  4.505696952107482E-005  4.284707660051503E-005  4.058933740239938E-005  3.583578377109045E-005  3.316208615688571E-005  2.981423175131477E-005
   405.000056739253       1.637419075537109E-004  1.552426374610778E-004  1.461869126982409E-004  1.364511124169387E-004  1.258803400953927E-004  1.142789738238561E-004  1.014013527402735E-004  9.439447805088075E-005  8.695406123231464E-005  7.903406697893749E-005  7.402926283590922E-005  7.057834997553405E-005  6.521570312436489E-005  6.150506450143360E-005  5.571061049798073E-005  5.167710590428298E-005  4.960444574873433E-005  4.749252659363268E-005  4.533988964584574E-005  4.314417768460599E-005  4.089945461511841E-005  3.616422548163259E-005  3.349163602811075E-005  3.013104377402260E-005
   407.000057019446       1.527441327907107E-004  1.453881415952082E-004  1.374889710284383E-004  1.289351244478878E-004  1.195853885527437E-004  1.092540204925484E-004  9.770529402872967E-005  9.138067807804145E-005  8.462490914876961E-005  7.737605319799909E-005  7.275599702711131E-005  6.954881236454439E-005  6.452471099533285E-005  6.101645233546685E-005  5.548082432186932E-005  5.158520157536930E-005  4.957008167030967E-005  4.750786070382092E-005  4.539686382407544E-005  4.323452877562176E-005  4.101460175768995E-005  3.630129312724902E-005  3.362400717202178E-005  3.024209809212292E-005
   409.000057299640       1.147688880954696E-004  1.104995724428665E-004  1.058709414473987E-004  1.008138475088123E-004  9.522645989914837E-005  8.897192041709572E-005  8.183699904466111E-005  7.783963946031193E-005  7.347487518786067E-005  6.865233637398019E-005  6.548790044202684E-005  6.324329921883941E-005  5.964073344957795E-005  5.705792407381549E-005  5.286257363864536E-005  4.981664286665271E-005  4.820821664093726E-005  4.653681972240197E-005  4.479636663598998E-005  4.297799755580846E-005  4.106688288264029E-005  3.682152603726392E-005  3.428202500147054E-005  3.095568159689449E-005
   411.000057579834       8.708880867875555E-005  8.435107830010976E-005  8.138997294672563E-005  7.815225955105722E-005  7.457217891304149E-005  7.054980038326287E-005  6.592962290803785E-005  6.331925505377576E-005  6.044628907621477E-005  5.724056839416761E-005  5.511659072030037E-005  5.359953018007810E-005  5.114465490897697E-005  4.936813015670349E-005  4.644807763461166E-005  4.429530028732843E-005  4.314453638536766E-005  4.193632360936746E-005  4.066227617804617E-005  3.931036418449583E-005  3.786169369934158E-005  3.451223920133314E-005  3.240295604957995E-005  2.950372647117502E-005
   413.000057860028       1.477420465046277E-004  1.409932866777413E-004  1.337172199754779E-004  1.258082256814574E-004  1.171408934698044E-004  1.075404429134617E-004  9.678205601650170E-005  9.087354268657932E-005  8.454293407440102E-005  7.771603985097026E-005  7.334031463815029E-005  7.028871340931334E-005  6.548102337417409E-005  6.210178834785598E-005  5.672950902462755E-005  5.291805714681142E-005  5.093639052501557E-005  4.890110321396651E-005  4.680981942708281E-005  4.465894407858613E-005  4.244066786679425E-005  3.769084137381048E-005  3.496653740679570E-005  3.150339084566570E-005
   415.000058140222       1.636441935477266E-004  1.555155707608760E-004  1.468311366886383E-004  1.374709103998699E-004  1.272803945826966E-004  1.160626235959818E-004  1.035686918032742E-004  9.674768227006485E-005  8.948241931015354E-005  8.171542123159945E-005  7.678457462590247E-005  7.337198104574677E-005  6.804457961359453E-005  6.433847033858577E-005  5.851353773275972E-005  5.442933795420042E-005  5.232079755397780E-005  5.016547275728467E-005  4.796153205534092E-005  4.570628540518788E-005  4.339337992314150E-005  3.849252128623716E-005  3.571750799365483E-005  3.223017901186324E-005
   417.000058420416       1.671351987610324E-004  1.585621371884363E-004  1.494414522086849E-004  1.396481564480272E-004  1.290289444726810E-004  1.173832466091205E-004  1.044652738860308E-004  9.743515815938829E-005  8.996732136797164E-005  8.201104415179196E-005  7.697768400557552E-005  7.350318160389710E-005  6.809643485030897E-005  6.434860652633536E-005  5.848163488779805E-005  5.438508876660143E-005  5.227520035350871E-005  5.012163766475395E-005  4.792226591880198E-005  4.567387329345383E-005  4.336932030875340E-005  3.848342227423757E-005  3.570874664597606E-005  3.220464150757277E-005
   419.000058700609       1.670300891802029E-004  1.584478466864422E-004  1.493299051645229E-004  1.395536628705637E-004  1.289648234881546E-004  1.173687606051810E-004  1.045133323686059E-004  9.751918369369570E-005  9.008951878156108E-005  8.217410865841152E-005  7.716632198337707E-005  7.370992673631672E-005  6.833132890418048E-005  6.460323733786023E-005  5.876720952256789E-005  5.469149612883353E-005  5.259182484652505E-005  5.044814216921487E-005  4.825813747167147E-005  4.601847948664021E-005  4.372186488162891E-005  3.884954346916134E-005  3.608110084020446E-005  3.258536615649793E-005
   421.000058980803       1.685556683955383E-004  1.599175719208573E-004  1.507295889707648E-004  1.408719904049847E-004  1.301882276500364E-004  1.184826812138199E-004  1.055019680025016E-004  9.844021297633999E-005  9.093926014048136E-005  8.294941939629010E-005  7.789460452942605E-005  7.440577531354189E-005  6.897678490285220E-005  6.521376695663340E-005  5.932334443588117E-005  5.521041184886351E-005  5.309207323989621E-005  5.092986434143968E-005  4.872154262834353E-005  4.646380362394105E-005  4.414930096511405E-005  3.923941642811781E-005  3.644823616419039E-005  3.291924149586467E-005
   423.000059260997       1.650946524720569E-004  1.566666849428809E-004  1.477029896783007E-004  1.380890486239194E-004  1.276761229152709E-004  1.162699327477268E-004  1.036294636143290E-004  9.675675732934638E-005  8.946039191459239E-005  8.169299705502663E-005  7.678201301248311E-005  7.339327833807532E-005  6.812170652185665E-005  6.446834868593620E-005  5.874936868703356E-005  5.475518291877722E-005  5.269730943317659E-005  5.059604770935619E-005  4.844887051588872E-005  4.625197396765634E-005  4.399718234949202E-005  3.919821522724021E-005  3.645509594502656E-005  3.296680598180371E-005
   425.000059541191       1.664875722523071E-004  1.581027082166626E-004  1.491739398889511E-004  1.395856448756825E-004  1.291832599008006E-004  1.177737175246117E-004  1.051074053746694E-004  9.820881930630675E-005  9.087405105700765E-005  8.304970401857377E-005  7.809275324622930E-005  7.466746511239126E-005  6.932958893458555E-005  6.562341280254518E-005  5.981028683481429E-005  5.574222158192235E-005  5.364390313146694E-005  5.149990190213668E-005  4.930776453437000E-005  4.706387501510231E-005  4.476029729329105E-005  3.986016454698276E-005  3.706507595914577E-005  3.352277791796628E-005
   427.000059821385       1.614145369916759E-004  1.532978296760854E-004  1.446575383872817E-004  1.353819593988967E-004  1.253314291161486E-004  1.143296623309117E-004  1.021544196840976E-004  9.554319265551425E-005  8.852832471346501E-005  8.105977463649397E-005  7.633404870984511E-005  7.306977444964519E-005  6.798384342782358E-005  6.445190320919892E-005  5.890898308122229E-005  5.502648822667812E-005  5.302233722737773E-005  5.097292681849416E-005  4.887521511338931E-005  4.672455456328705E-005  4.451131985089339E-005  3.977281882870295E-005  3.704257662643692E-005  3.354629890833747E-005
   429.000060101579       1.613791333128253E-004  1.535926659234473E-004  1.452577751985803E-004  1.362537238716823E-004  1.264379659902510E-004  1.156245664423967E-004  1.035762415848010E-004  9.699702761724669E-005  8.998622340354431E-005  8.248501337482945E-005  7.771680479751900E-005  7.441274914812874E-005  6.924691721450076E-005  6.564632662579550E-005  5.997517326703563E-005  5.598994047538406E-005  5.392960914133810E-005  5.182145861486641E-005  4.966302223514453E-005  4.745033542884919E-005  4.517472881710833E-005  4.031269633499396E-005  3.751975619059887E-005  3.395265727702955E-005
   431.000060381772       1.452868108136962E-004  1.387609699860692E-004  1.317346193782464E-004  1.241124232128944E-004  1.157687778768687E-004  1.065459291221070E-004  9.623610796921967E-005  9.058322989156693E-005  8.453200302572619E-005  7.801070084996687E-005  7.383039901099660E-005  7.091416680350854E-005  6.631667433907428E-005  6.308236168916891E-005  5.793457142081720E-005  5.427759633247316E-005  5.237423397593509E-005  5.041750269872127E-005  4.840412728249295E-005  4.632874009366939E-005  4.418050583385419E-005  3.953093929157202E-005  3.681566586796058E-005  3.329657549012916E-005
   433.000060661966       1.073996783945051E-004  1.038292959566140E-004  9.996106525436219E-005  9.573058926792648E-005  9.105359826645077E-005  8.580362247455540E-005  7.978319907077057E-005  7.638960901221272E-005  7.266250473547416E-005  6.851493842388148E-005  6.577537036562260E-005  6.382317466853974E-005  6.067332183797503E-005  5.840227206112519E-005  5.468809385443100E-005  5.196835578763388E-005  5.052233755865089E-005  4.901088513577912E-005  4.742539958896574E-005  4.575333830430014E-005  4.397454025474674E-005  3.991812517027422E-005  3.740715788734353E-005  3.401370129916692E-005
   435.000060942160       9.142592752641788E-005  8.869470609368076E-005  8.573248359844692E-005  8.249117121050456E-005  7.890297818527120E-005  7.485920017454401E-005  7.019868042912404E-005  6.755825740646627E-005  6.464560167287387E-005  6.138818909742121E-005  5.922684085338747E-005  5.768194222357707E-005  5.518045442632123E-005  5.336949063415442E-005  5.039221974258438E-005  4.819626995243456E-005  4.702170363328905E-005  4.578746350057435E-005  4.448420866285389E-005  4.309834006324319E-005  4.160843427404795E-005  3.813511421126202E-005  3.592237762972538E-005  3.284573246618206E-005
   437.000061222354       1.483888423140835E-004  1.420623395689948E-004  1.352264188192187E-004  1.277809925264868E-004  1.195995552088334E-004  1.105193353426981E-004  1.003112473181512E-004  9.468327700615747E-005  8.862754868189726E-005  8.205776944676740E-005  7.781882020044170E-005  7.484772645050043E-005  7.013935528766230E-005  6.680892987494529E-005  6.147760247197606E-005  5.766865385637193E-005  5.567963494869740E-005  5.363051961979040E-005  5.151784479966898E-005  4.933606362065761E-005  4.707423682325373E-005  4.217406520830710E-005  3.931853972830167E-005  3.564121976383805E-005
   439.000061502548       1.595637921848685E-004  1.521453669466374E-004  1.441751090181172E-004  1.355413779209830E-004  1.261020649011702E-004  1.156771468259407E-004  1.040373702398706E-004  9.767099500905931E-005  9.087818524700531E-005  8.359550833646396E-005  7.895475245655501E-005  7.573306950792047E-005  7.068270615045778E-005  6.715197522994223E-005  6.157077741364424E-005  5.763309670581268E-005  5.559205136341113E-005  5.349951311725855E-005  5.135253720510326E-005  4.914614139133398E-005  4.687007514341699E-005  4.197498457812156E-005  3.913835197453693E-005  3.548850173261523E-005
   441.000061782742       1.610497728254743E-004  1.533011507779715E-004  1.450222544765696E-004  1.361025161818757E-004  1.264024303787207E-004  1.157462866052095E-004  1.039081131294464E-004  9.745946349170391E-005  9.059960997090646E-005  8.327101051639805E-005  7.861750988475389E-005  7.539433860199530E-005  7.035572610319776E-005  6.684320072935916E-005  6.130631020422248E-005  5.740925285841987E-005  5.539133052787016E-005  5.332347074369544E-005  5.120219668201281E-005  4.902195944632400E-005  4.677182208591090E-005  4.192445961356472E-005  3.910709814900456E-005  3.546988113745076E-005
   443.000062062936       1.609850938637170E-004  1.531670845045781E-004  1.448366704054900E-004  1.358775736702478E-004  1.261561730307450E-004  1.155026329870656E-004  1.036997625844695E-004  9.728533076777730E-005  9.047194848036942E-005  8.320705049250016E-005  7.860099576909791E-005  7.541403905300723E-005  7.043732092528689E-005  6.697188915409011E-005  6.151566235352825E-005  5.768003204860603E-005  5.569539149240271E-005  5.366235554050930E-005  5.157744266332821E-005  4.943470309056358E-005  4.722251663260917E-005  4.244745219943296E-005  3.966101733296642E-005  3.604620560574974E-005
   445.000062343129       1.649856279244526E-004  1.569934855499248E-004  1.484612370876829E-004  1.392717125687377E-004  1.292811846827312E-004  1.183121427402496E-004  1.061342135766078E-004  9.950665578719949E-005  9.246308425143840E-005  8.494930430758330E-005  8.018619346035975E-005  7.689106550381153E-005  7.174764558363396E-005  6.816847396008986E-005  6.253816772067027E-005  5.858511740290614E-005  5.654164961384027E-005  5.445008833636546E-005  5.230721126567667E-005  5.010748511090127E-005  4.783986962856442E-005  4.296085699065420E-005  4.012644240156108E-005  3.646572049244835E-005
   447.000062623323       1.652175521119883E-004  1.572606481485500E-004  1.487647113359466E-004  1.396140076946493E-004  1.296657831197469E-004  1.187363985035263E-004  1.066027409654942E-004  9.999588847102105E-005  9.297226932066709E-005  8.547493355777484E-005  8.071876147953341E-005  7.742692352282335E-005  7.228490070983800E-005  6.870376048224965E-005  6.306424994289087E-005  5.909943990164060E-005  5.704793136979693E-005  5.494671712095910E-005  5.279236178001566E-005  5.057927350046738E-005  4.829637691396125E-005  4.338111849991210E-005  4.052547641105389E-005  3.684091025958289E-005
   449.000062903517       1.640592545246095E-004  1.562545222264685E-004  1.479040039231250E-004  1.389003001358707E-004  1.290993103354625E-004  1.183240922359222E-004  1.063455850360393E-004  9.981838492554180E-005  9.287458190271303E-005  8.545831220763645E-005  8.075017475300144E-005  7.749013553536542E-005  7.239516154358302E-005  6.884502842243775E-005  6.325233293457934E-005  5.931930020750797E-005  5.728414069564818E-005  5.519967564718188E-005  5.306248310759003E-005  5.086687896691374E-005  4.860135908589569E-005  4.371792850632666E-005  4.087491683808875E-005  3.719862312103110E-005
   451.000063183711       1.680107997884698E-004  1.601196834593315E-004  1.516740775017576E-004  1.425514303412597E-004  1.326028822259587E-004  1.216376796634259E-004  1.094089001816537E-004  1.027254199558867E-004  9.559968978048139E-005  8.796946683981513E-005  8.311526002833040E-005  7.974896492779268E-005  7.448015087142056E-005  7.080260776019280E-005  6.499884333330882E-005  6.091020315308130E-005  5.879256705897176E-005  5.662254157669176E-005  5.439715498491558E-005  5.211134844904866E-005  4.975479152796452E-005  4.469302990347614E-005  4.176635191241736E-005  3.801495045290942E-005
   453.000063463905       1.644626023371216E-004  1.566250435639981E-004  1.482525492912129E-004  1.392274330773947E-004  1.294096261616771E-004  1.186209812105916E-004  1.066419229759559E-004  1.001192944808543E-004  9.318394087443701E-005  8.577962643287204E-005  8.108039196964088E-005  7.782688599062495E-005  7.274244837535238E-005  6.919950391197022E-005  6.361745446858258E-005  5.969133277560083E-005  5.765950824448639E-005  5.557820404676570E-005  5.344382284487837E-005  5.125042514091539E-005  4.898610251935849E-005  4.409749502639386E-005  4.124363861247850E-005  3.754132908140092E-005
   455.000063744099       1.627835145054380E-004  1.551128087484191E-004  1.469073033845867E-004  1.380628974384770E-004  1.284423533889191E-004  1.178668063199845E-004  1.061076327950713E-004  9.969678734054206E-005  9.287146988564530E-005  8.557332899921890E-005  8.093453067564330E-005  7.771961037426844E-005  7.268940837372791E-005  6.917967883115955E-005  6.364171827013855E-005  5.974002759829918E-005  5.771850369124127E-005  5.564593756348448E-005  5.351858697283636E-005  5.133032622605531E-005  4.906897364482308E-005  4.417947628109295E-005  4.132144923220391E-005  3.761254869226479E-005
   457.000064024292       1.670595770750474E-004  1.593107840148021E-004  1.510092688175506E-004  1.420488321421989E-004  1.322643519565189E-004  1.214769277261846E-004  1.094471427604151E-004  1.028708704397599E-004  9.585760519923594E-005  8.834415126394156E-005  8.356094956901605E-005  8.024175760212807E-005  7.504219253765531E-005  7.140942495846069E-005  6.566976423355762E-005  6.162164301901306E-005  5.952337314880671E-005  5.737209195059978E-005  5.516451441886258E-005  5.289515260569097E-005  5.055277303886144E-005  4.550571413414085E-005  4.257302583359782E-005  3.879379191687264E-005
   459.000064304486       1.639134546994781E-004  1.562215034246449E-004  1.479937652533911E-004  1.391189065968356E-004  1.294572416968380E-004  1.188352930761639E-004  1.070317181440040E-004  1.006023702262437E-004  9.376341955317504E-005  8.645751252105903E-005  8.181693518527613E-005  7.860178319680171E-005  7.357294423782192E-005  7.006482541716649E-005  6.453052008280131E-005  6.063234078855318E-005  5.861288810320881E-005  5.654267512749281E-005  5.441788050458181E-005  5.223193391363765E-005  4.997204973571248E-005  4.507749820981026E-005  4.220768542948281E-005  3.847025212025420E-005
   461.000064584680       1.668621822275793E-004  1.591185024940480E-004  1.508204416243602E-004  1.418605553250678E-004  1.320939816636406E-004  1.213404506403813E-004  1.093695508315058E-004  1.028383826421036E-004  9.588218947822482E-005  8.844092661978282E-005  8.370838556578068E-005  8.042664119101352E-005  7.528878830318995E-005  7.170146414320867E-005  6.603745799321905E-005  6.204586040049364E-005  5.997802197009550E-005  5.785849778673647E-005  5.568392478282488E-005  5.344830103274431E-005  5.113952081558599E-005  4.615293560199459E-005  4.324253370496318E-005  3.947332384239621E-005
   463.000064864874       1.638289576762730E-004  1.562495650361712E-004  1.481241866738633E-004  1.393553124332218E-004  1.297999986063452E-004  1.192860664466704E-004  1.075926917354914E-004  1.012173968028947E-004  9.443124031547769E-005  8.717422257923844E-005  8.256024348140163E-005  7.936152739601362E-005  7.435372678974386E-005  7.085749946462510E-005  6.533656704410636E-005  6.144458139720114E-005  5.942757287587984E-005  5.735928197421729E-005  5.523583323779276E-005  5.305070027182632E-005  5.079087276361290E-005  4.589246910396677E-005  4.301792604268958E-005  3.927395290037002E-005
   465.000065145068       1.656156526660128E-004  1.579842668533854E-004  1.498067816497929E-004  1.409714810933686E-004  1.313417664926117E-004  1.207395642642978E-004  1.089434682787621E-004  1.025109467362877E-004  9.566094388887777E-005  8.833429695036152E-005  8.367392588177827E-005  8.044175167420026E-005  7.538006393430533E-005  7.184478032667597E-005  6.626009832720386E-005  6.232188432218817E-005  6.028057286630495E-005  5.818732055517456E-005  5.603831893836657E-005  5.382709663142154E-005  5.154070652368515E-005  4.658771673993598E-005  4.368444574746451E-005  3.990891617813585E-005
   467.000065425262       1.657687685998099E-004  1.582016337503712E-004  1.500940395083412E-004  1.413222905674807E-004  1.317556224167641E-004  1.212123839162807E-004  1.094706806106356E-004  1.030600161980124E-004  9.622749532844276E-005  8.891187773172648E-005  8.425348246933768E-005  8.101979869322380E-005  7.595097962044458E-005  7.240665473075480E-005  6.680090027101466E-005  6.284270099241078E-005  6.078957667973043E-005  5.868315217903575E-005  5.651966345509980E-005  5.429267424702670E-005  5.198920984034497E-005  4.699744447796289E-005  4.407153352664614E-005  4.026926141020236E-005
   469.000065705455       1.607800148874841E-004  1.534590818725983E-004  1.456179813333288E-004  1.371552212686954E-004  1.279421626961517E-004  1.178104464278113E-004  1.065510340844990E-004  1.004149370146967E-004  9.388047779402079E-005  8.688819773415415E-005  8.243746266232685E-005  7.934823924365615E-005  7.450534236445626E-005  7.111862574180785E-005  6.576079558680171E-005  6.197600792577533E-005  6.001180622500739E-005  5.799547874221538E-005  5.592270256614323E-005  5.378624455942857E-005  5.157192433710775E-005  4.674858681587799E-005  4.389946259505064E-005  4.016618034457006E-005
   471.000065985649       1.554334047107667E-004  1.484431763752958E-004  1.409534040075873E-004  1.328742907607661E-004  1.240786833413458E-004  1.144091405407327E-004  1.036682840333949E-004  9.781472777176074E-005  9.158020914942831E-005  8.490496206322262E-005  8.065329205007142E-005  7.769965610658435E-005  7.306646499082085E-005  6.982291098593183E-005  6.468510503040433E-005  6.105005685958089E-005  5.916133863947677E-005  5.722058447995767E-005  5.522307480861155E-005  5.316082982732997E-005  5.101879706308250E-005  4.632927546354024E-005  4.353937750123382E-005  3.985855953954315E-005
   473.000066265843       1.635314694228578E-004  1.561829735016971E-004  1.482982390656710E-004  1.397665456447823E-004  1.304583477785085E-004  1.201990734114780E-004  1.087729763792408E-004  1.025344898220704E-004  9.588384774243340E-005  8.875653132236991E-005  8.421438842527398E-005  8.105881828476637E-005  7.610762314972915E-005  7.264177888632765E-005  6.715438066076670E-005  6.327588303755904E-005  6.126289050993701E-005  5.919683592768511E-005  5.707356781770217E-005  5.488610546050410E-005  5.262053403147560E-005  4.769289827129130E-005  4.478835784262741E-005  4.099190737670083E-005
   475.000066546037       1.634978710568015E-004  1.562397313712519E-004  1.484383152980238E-004  1.399909138495625E-004  1.307574544721895E-004  1.205732858862016E-004  1.092124398936791E-004  1.030042595557885E-004  9.638067306794557E-005  8.927478302016355E-005  8.474206483317559E-005  8.159057292917974E-005  7.664175895087586E-005  7.317470162919413E-005  6.768038087982471E-005  6.379365694266675E-005  6.177540264863535E-005  5.970329100887112E-005  5.757323238494528E-005  5.537820706272227E-005  5.310433078112706E-005  4.815773489651868E-005  4.524282055239196E-005  4.143677092429800E-005
   477.000066826231       1.618642193195803E-004  1.547230200813971E-004  1.470505566139668E-004  1.387340203390632E-004  1.296407439092473E-004  1.196116738316353E-004  1.084284654611115E-004  1.023165324185702E-004  9.579576789339667E-005  8.879865844290240E-005  8.433311433804177E-005  8.122743225261757E-005  7.634860463338879E-005  7.292948255348439E-005  6.750891987269928E-005  6.367303200739979E-005  6.168070359729567E-005  5.963460732031349E-005  5.753039437843107E-005  5.536055211963691E-005  5.311045320984401E-005  4.820274904142965E-005  4.529910684513810E-005  4.149038794385693E-005
   479.000067106425       1.601312226990337E-004  1.531945657209127E-004  1.457317005577336E-004  1.376307604019555E-004  1.287703165235795E-004  1.189785905117248E-004  1.080471955192850E-004  1.020647844618154E-004  9.567295328328241E-005  8.880106040068297E-005  8.440576518702598E-005  8.134419831723851E-005  7.652542641564402E-005  7.314097425847887E-005  6.776319403841431E-005  6.394866647665118E-005  6.196458266229713E-005  5.992518558305914E-005  5.782596038883845E-005  5.565944608566857E-005  5.341078101004776E-005  4.849945845744749E-005  4.558990535898570E-005  4.177139208966631E-005
   481.000067386618       1.558975699564645E-004  1.493620707696155E-004  1.423154697259686E-004  1.346505730641311E-004  1.262440571229778E-004  1.169411070091021E-004  1.065279746011389E-004  1.008156203114369E-004  9.469439096767330E-005  8.808820945850448E-005  8.384626340956489E-005  8.088335714416069E-005  7.620518415604121E-005  7.290874599727144E-005  6.765387100703371E-005  6.391521014308082E-005  6.196746360699817E-005  5.996307609393227E-005  5.789743503255468E-005  5.576265595433911E-005  5.354321317705189E-005  4.867894801744359E-005  4.578520901031642E-005  4.197418534381507E-005
   483.000067666812       1.452343423142803E-004  1.396610718308161E-004  1.336232792018142E-004  1.270539213761413E-004  1.198289352803955E-004  1.118009524547010E-004  1.027507262484077E-004  9.773730440639693E-005  9.231338981285875E-005  8.638360591848200E-005  8.252731145482298E-005  7.980848814405558E-005  7.547233334705523E-005  7.238490147455419E-005  6.740966914913308E-005  6.383204720103058E-005  6.195585381496759E-005  6.001644589312586E-005  5.800824070675916E-005  5.592234385518440E-005  5.374183164239636E-005  4.891947007447441E-005  4.602590899568143E-005  4.219614067981333E-005
   485.000067947006       1.088968784872078E-004  1.057967305087573E-004  1.024336932766788E-004  9.874120066538413E-005  9.463835212421791E-005  8.999901408953354E-005  8.463158335873671E-005  8.158067734264718E-005  7.820857433227276E-005  7.443378141080441E-005  7.192812605255841E-005  7.013779196519875E-005  6.724180708376099E-005  6.514847098918914E-005  6.171447008675480E-005  5.918871310523615E-005  5.783988512556177E-005  5.642387822320630E-005  5.492965559598093E-005  5.334094753590216E-005  5.163204283073303E-005  4.763884516504201E-005  4.508748364989573E-005  4.153054480029163E-005
   487.000068227200       8.697381001130552E-005  8.487472156538294E-005  8.259335122137245E-005  8.008470457706282E-005  7.729094997305607E-005  7.412070553061570E-005  7.043845493273739E-005  6.834004696471371E-005  6.601758538068985E-005  6.341351119679779E-005  6.168237290358314E-005  6.044314344502105E-005  5.843363558224444E-005  5.697503916336984E-005  5.456477650919610E-005  5.277076193551624E-005  5.180233535892455E-005  5.077572802667343E-005  4.967932111979569E-005  4.849607806945026E-005  4.719992759970397E-005  4.405854710643006E-005  4.195715472923633E-005  3.889344331199063E-005
   489.000068507394       1.378214968368385E-004  1.328107661833300E-004  1.273881351588329E-004  1.214805339545523E-004  1.149836010746167E-004  1.077526082323688E-004  9.956217096933969E-005  9.499805686912768E-005  9.003452346453764E-005  8.456994618680613E-005  8.099520431106625E-005  7.846546830862220E-005  7.441558830777452E-005  7.152195051397467E-005  6.684387009162346E-005  6.346853305489087E-005  6.169424081944125E-005  5.985642626232044E-005  5.794854415618523E-005  5.595991340334531E-005  5.387139930399471E-005  4.920619450169252E-005  4.637212265514179E-005  4.258046338317053E-005
   491.000068787588       1.518984259561799E-004  1.457152623111325E-004  1.390354912328480E-004  1.317668075797229E-004  1.238034918349053E-004  1.149887484015046E-004  1.051219368198915E-004  9.970410016206749E-005  9.389059668169576E-005  8.760270217679730E-005  8.355555332450240E-005  8.072314724904925E-005  7.624174369758254E-005  7.307765381885464E-005  6.802320602518675E-005  6.441987854321899E-005  6.253992838179903E-005  6.060299292055380E-005  5.860379686039358E-005  5.653334044657307E-005  5.437436125935334E-005  4.960978925504847E-005  4.674822318440199E-005  4.294434231115121E-005
   493.000069067782       1.536050154698566E-004  1.471435556683528E-004  1.401771784505705E-004  1.326282659749234E-004  1.243707376363365E-004  1.152633461965619E-004  1.051062527509172E-004  9.955131576924475E-005  9.361518592096939E-005  8.722726973940317E-005  8.313555500222556E-005  8.028175531806780E-005  7.578312362129274E-005  7.261833047878956E-005  6.757981983658324E-005  6.399879069148160E-005  6.213332079181847E-005  6.021312241711835E-005  5.823276183922549E-005  5.618318689010197E-005  5.404709090303937E-005  4.933334548759392E-005  4.649887338625629E-005  4.272150440863602E-005
   495.000069347975       1.571449518822147E-004  1.505327553363395E-004  1.434113669968390E-004  1.356836696661830E-004  1.272313456590187E-004  1.178981558659631E-004  1.074766781508752E-004  1.017716596997357E-004  9.567048911833460E-005  8.910336267651691E-005  8.489654131511928E-005  8.196300694978268E-005  7.733897352312373E-005  7.408645218801243E-005  6.891017259451944E-005  6.523259675217791E-005  6.331762425439418E-005  6.134720119142815E-005  5.931614898391064E-005  5.721582767352808E-005  5.502944037970687E-005  5.021925242480843E-005  4.734035007874752E-005  4.352534037291043E-005
   497.000069628169       1.592702379698115E-004  1.525319667770564E-004  1.452744087665223E-004  1.374081192422527E-004  1.288029521614569E-004  1.193092906484083E-004  1.087145392033743E-004  1.029190736508180E-004  9.672649927495034E-005  9.006464701742404E-005  8.580109185905819E-005  8.282890308825977E-005  7.814722081875047E-005  7.485586857032503E-005  6.962093885462480E-005  6.590376359524859E-005  6.396883089745745E-005  6.197842998792090E-005  5.992756807598992E-005  5.780756508408481E-005  5.560172409230425E-005  5.075318206303858E-005  4.785483313412281E-005  4.401887736495250E-005
   499.000069908363       1.562863983519471E-004  1.495672784133486E-004  1.423480380545290E-004  1.345382610618528E-004  1.260255438578743E-004  1.166569798391209E-004  1.062485460221703E-004  1.005757260267867E-004  9.453139131040611E-005  8.804937880856233E-005  8.391205794399476E-005  8.103364170887557E-005  7.650865212771779E-005  7.333464044972645E-005  6.829738262236729E-005  6.472805317137359E-005  6.287178493748535E-005  6.096290333831163E-005  5.899568603146535E-005  5.696055183442407E-005  5.483944515801666E-005  5.015178153411776E-005  4.732334466584086E-005  4.353651257927277E-005
   501.000070188557       1.532412358150733E-004  1.466292156196463E-004  1.395412111132267E-004  1.318759044472463E-004  1.235253154861136E-004  1.143539916888635E-004  1.041826123164110E-004  9.864777922456469E-005  9.275650924419067E-005  8.644693428873896E-005  8.242399933761417E-005  7.962725990141555E-005  7.523388364053695E-005  7.215461505469649E-005  6.727171241308527E-005  6.381394332002907E-005  6.201602407133574E-005  6.016683434065633E-005  5.826028898053091E-005  5.628617733108580E-005  5.422537863972267E-005  4.965137972124730E-005  4.687305269796603E-005  4.312559207457505E-005
   503.000070468751       1.567778296266994E-004  1.501054198887755E-004  1.429397286833263E-004  1.351787818324710E-004  1.267155768180335E-004  1.173921514992577E-004  1.070224529287595E-004  1.013667550475699E-004  9.533185632136089E-005  8.885340650352715E-005  8.471335373595254E-005  8.183100989854551E-005  7.729540722881677E-005  7.411103393188143E-005  6.905380263389629E-005  6.546847505550644E-005  6.360352233283515E-005  6.168568417663851E-005  5.970918918182148E-005  5.766440363382895E-005  5.553308539403711E-005  5.082181869965238E-005  4.797902754852564E-005  4.417448274806810E-005
   505.000070748945       1.549568717981955E-004  1.483870566420425E-004  1.413305000453209E-004  1.336941455632264E-004  1.253647977038483E-004  1.162013155147563E-004  1.060193941653977E-004  1.004659921051805E-004  9.454521153123466E-005  8.819269227001720E-005  8.413443368124756E-005  8.130892784374995E-005  7.686399506866473E-005  7.374317394299749E-005  6.878589922862417E-005  6.526938975831097E-005  6.343932636501028E-005  6.155607308334849E-005  5.961381122934944E-005  5.760250813755327E-005  5.550343185366129E-005  5.085173232587144E-005  4.803607361727754E-005  4.425793749722490E-005
   507.000071029138       1.574466268970195E-004  1.508375836086764E-004  1.437289531356189E-004  1.360262425352298E-004  1.276123786472734E-004  1.183422498026770E-004  1.080176515915082E-004  1.023766010103119E-004  9.635396849567548E-005  8.987810884177718E-005  8.573476483098789E-005  8.284676208098207E-005  7.829694598419468E-005  7.509834014590357E-005  7.001033619016693E-005  6.639679710880081E-005  6.451530353032578E-005  6.257906640498142E-005  6.058249222729232E-005  5.851601866279716E-005  5.636152203063244E-005  5.160027626901413E-005  4.873130143181929E-005  4.490212125417726E-005
   509.000071309332       1.566094385786865E-004  1.500375473743955E-004  1.429618490513466E-004  1.352984270837470E-004  1.269338345606892E-004  1.177181936266154E-004  1.074635477558113E-004  1.018664851346184E-004  9.589284921910366E-005  8.947539055283490E-005  8.537106468003508E-005  8.251128156202116E-005  7.800784720840167E-005  7.484334500029376E-005  6.981284237034138E-005  6.624190213221667E-005  6.438312252321068E-005  6.247026642435903E-005  6.049764908362023E-005  5.845539128925739E-005  5.632489670008524E-005  5.160855722001621E-005  4.875830839371032E-005  4.494067385333406E-005
   511.000071589526       1.569169089758306E-004  1.503825571752518E-004  1.433476392372248E-004  1.357260482233034E-004  1.273955757028810E-004  1.182118367703977E-004  1.079780850709232E-004  1.023849282789931E-004  9.641154602864929E-005  8.998765141784354E-005  8.587578586554797E-005  8.300862596616619E-005  7.849174214987520E-005  7.531528612920246E-005  7.026233767028323E-005  6.667328696078379E-005  6.480432844712000E-005  6.288067248145901E-005  6.089648550015123E-005  5.884196864923126E-005  5.669848693673793E-005  5.195346404596284E-005  4.908676228279101E-005  4.524895209043614E-005
   513.000071869720       1.553454937645819E-004  1.488582432859807E-004  1.418764490371586E-004  1.343249756959094E-004  1.260810619019295E-004  1.170023051874125E-004  1.069034693259864E-004  1.013909443125843E-004  9.550710104478038E-005  8.918226890177384E-005  8.513604554388630E-005  8.231561283634710E-005  7.787309355549601E-005  7.475039060432364E-005  6.978425309668969E-005  6.625807905632220E-005  6.442195734140005E-005  6.253197766539084E-005  6.058204636017508E-005  5.856174121044616E-005  5.645184938572262E-005  5.176746984200866E-005  4.892380403572205E-005  4.509472747555423E-005
   515.000072149914       1.535164003620023E-004  1.470870283791057E-004  1.401813196811496E-004  1.327102006947026E-004  1.245692906573158E-004  1.156207423375084E-004  1.056834227461167E-004  1.002670718210781E-004  9.449335417031394E-005  8.829470472673634E-005  8.433210350611930E-005  8.157164053418262E-005  7.722668412839233E-005  7.417395462784629E-005  6.932139853437030E-005  6.587665757448808E-005  6.408278035466938E-005  6.223575597170023E-005  6.032911498580735E-005  5.835212090492249E-005  5.628490645429731E-005  5.168177352043574E-005  4.887601390134607E-005  4.508351433885922E-005
   517.000072430108       1.503588666146281E-004  1.441848024936405E-004  1.375467494869914E-004  1.303600846236955E-004  1.225147104653477E-004  1.138758061875545E-004  1.042569725466499E-004  9.900253104222461E-005  9.338862768165659E-005  8.734851511054049E-005  8.347911789745805E-005  8.078054682853518E-005  7.652538897557632E-005  7.353114478347793E-005  6.876402230682245E-005  6.537461038727018E-005  6.360786987359262E-005  6.178763628911457E-005  5.990761355971683E-005  5.795696688347677E-005  5.591598325911394E-005  5.136637724656939E-005  4.859043250433488E-005  4.483624602635748E-005
   519.000072710301       1.503524528079937E-004  1.441379202198856E-004  1.374657411539738E-004  1.302546465370872E-004  1.223909466538474E-004  1.137439631370181E-004  1.041413324218791E-004  9.890183897810603E-005  9.331043666944138E-005  8.729888460662762E-005  8.345139638728355E-005  8.076852084640149E-005  7.654012697785555E-005  7.356586962904723E-005  6.883217981612757E-005  6.546730383244790E-005  6.371344157394008E-005  6.190642280968437E-005  6.003956123818611E-005  5.810194776315519E-005  5.607327972014070E-005  5.154329166337847E-005  4.877199752705842E-005  4.501322194256004E-005
   521.000072990495       1.520702144260052E-004  1.458067530761939E-004  1.390603646662170E-004  1.317693286992140E-004  1.238215345864318E-004  1.150825024544280E-004  1.053724781235694E-004  1.000749486003453E-004  9.442167510915869E-005  8.834461648999346E-005  8.445437399746389E-005  8.174115586992211E-005  7.746477442445035E-005  7.445625952332208E-005  6.966588494638067E-005  6.625957084978531E-005  6.448381988932371E-005  6.265406411713265E-005  6.076358932228702E-005  5.880146407304930E-005  5.674725802493603E-005  5.216194077361972E-005  4.935872315812458E-005  4.556018660528390E-005
   523.000073270689       1.508984963537405E-004  1.447542385643811E-004  1.381414699421634E-004  1.309886237461015E-004  1.231904046162222E-004  1.146065625358546E-004  1.050598338057335E-004  9.984415531194497E-005  9.427113401155270E-005  8.827133595094393E-005  8.442364949872787E-005  8.173717646975532E-005  7.749698741051447E-005  7.450970845035155E-005  6.974695993317019E-005  6.635554153864582E-005  6.458613752911495E-005  6.276208568751315E-005  6.087675469968793E-005  5.891908982470072E-005  5.686879881710299E-005  5.229032125460012E-005  4.949171101725925E-005  4.570340432474183E-005
   525.000073550883       1.540299434923827E-004  1.477736117706608E-004  1.410313050762116E-004  1.337264661465869E-004  1.257417754971696E-004  1.169471165177889E-004  1.071495985534694E-004  1.017928545802629E-004  9.606723737021000E-005  8.990290296236447E-005  8.595151403710888E-005  8.319399156024773E-005  7.884423124400794E-005  7.578224390127200E-005  7.090682005417374E-005  6.744102529699590E-005  6.563501500160798E-005  6.377491529159373E-005  6.185425950195654E-005  5.986204310431254E-005  5.777798046579874E-005  5.313289821169462E-005  5.029937663429954E-005  4.646861501972431E-005
   527.000073831077       1.474062167639704E-004  1.413144384845039E-004  1.347871870214386E-004  1.277338155844339E-004  1.200634453423356E-004  1.116592212079540E-004  1.023542712261047E-004  9.729456336409902E-005  9.190560452788711E-005  8.612632188090249E-005  8.243344229068818E-005  7.986178619763224E-005  7.581323330011718E-005  7.296965068422990E-005  6.844951721884826E-005  6.523985498461634E-005  6.356704044257508E-005  6.184282779106347E-005  6.005976355494567E-005  5.820563960596222E-005  5.625841487572477E-005  5.187596210827214E-005  4.916442375799311E-005  4.544319310980892E-005
   529.000074111271       1.525205045043385E-004  1.463432283218771E-004  1.396987813442171E-004  1.325055187545899E-004  1.246507992235667E-004  1.160053516155326E-004  1.063849555505084E-004  1.011277950871860E-004  9.551207441795291E-005  8.946635601806075E-005  8.559079740449438E-005  8.288557381991170E-005  7.861821884398938E-005  7.561385139871676E-005  7.082841800766118E-005  6.742558613029420E-005  6.565186437817547E-005  6.382438168354438E-005  6.193632829748975E-005  5.997656227920103E-005  5.792429619403257E-005  5.333908600718763E-005  5.053323765143291E-005  4.672885289230229E-005
   531.000074391465       1.512438861607864E-004  1.451698186389024E-004  1.386324412685612E-004  1.315556749604842E-004  1.238265377306647E-004  1.153174878645896E-004  1.058426314974085E-004  1.006616713543250E-004  9.512384014946694E-005  8.915524153330255E-005  8.532577820367187E-005  8.265139705421524E-005  7.842941758389334E-005  7.545485011308244E-005  7.071344780530914E-005  6.733875385652020E-005  6.557863841915202E-005  6.376412203799129E-005  6.188846392054895E-005  5.993996266714816E-005  5.789766102970457E-005  5.332629634284567E-005  5.052266641727628E-005  4.671389291563624E-005
   533.000074671658       1.476806898548813E-004  1.416873611932855E-004  1.352628117580206E-004  1.283222213455325E-004  1.207684904493560E-004  1.124815719406173E-004  1.032987826304438E-004  9.829583056396436E-005  9.296014543259293E-005  8.722448685584809E-005  8.355199700571521E-005  8.098930976546129E-005  7.694930673777022E-005  7.410568224561532E-005  6.957638839851646E-005  6.635374450909034E-005  6.467235757667311E-005  6.293799739135334E-005  6.114312644325760E-005  5.927552586721078E-005  5.731307656240426E-005  5.289438119143437E-005  5.016180238542828E-005  4.641804756847888E-005
   535.000074951852       1.514796743001195E-004  1.454178498491595E-004  1.388960093056954E-004  1.318321669224567E-004  1.241212081292065E-004  1.156332586497717E-004  1.061886928778886E-004  1.010284447046255E-004  9.551259329907303E-005  8.957134274778329E-005  8.576078718707633E-005  8.310014428599057E-005  7.889988500936144E-005  7.594175325684577E-005  7.122767175501029E-005  6.787357780479897E-005  6.612454331418891E-005  6.432160793178140E-005  6.245793245036143E-005  6.052183843714986E-005  5.849222271870651E-005  5.394661805322215E-005  5.115693955071389E-005  4.736493963217010E-005
   537.000075232046       1.501714668040907E-004  1.442210749048703E-004  1.378135699307583E-004  1.308765027567215E-004  1.233055236559189E-004  1.149685427665322E-004  1.056845793193363E-004  1.006088311220492E-004  9.517956632709457E-005  8.932603880696296E-005  8.556746795395522E-005  8.294094245408246E-005  7.879105888708309E-005  7.586454364848409E-005  7.119437899978839E-005  6.786590287435459E-005  6.612822981209623E-005  6.433556307160193E-005  6.248101175050785E-005  6.055283632226881E-005  5.852994205369147E-005  5.399495984914231E-005  5.120974086509729E-005  4.742458634941990E-005
   539.000075512240       1.499122146863829E-004  1.439676298490788E-004  1.375769533041635E-004  1.306548353842554E-004  1.231024279676448E-004  1.147904586229303E-004  1.055423754493027E-004  1.004868101131141E-004  9.508087695643735E-005  8.925162558491310E-005  8.550936953947659E-005  8.289392794112976E-005  7.876307392785890E-005  7.585064397003881E-005  7.120488071913348E-005  6.789545041254840E-005  6.616802667067781E-005  6.438625497894761E-005  6.254299523981710E-005  6.062617026943078E-005  5.861427751123901E-005  5.409791122872256E-005  5.131798722647578E-005  4.752917520870244E-005
   541.000075792434       1.478106155744665E-004  1.419544867666691E-004  1.356647084720231E-004  1.288570634410445E-004  1.214354395599543E-004  1.132833339875628E-004  1.042207542999784E-004  9.927535085990057E-005  9.398937477440037E-005  8.829526457055791E-005  8.464149605120781E-005  8.208915920211233E-005  7.805802639018519E-005  7.521670076257151E-005  7.068473208205462E-005  6.745589800676950E-005  6.577032730746317E-005  6.403097552045610E-005  6.223053860991301E-005  6.035659973768200E-005  5.838718386728020E-005  5.395222656709156E-005  5.121060136457617E-005  4.745761360672776E-005
   543.000076072628       1.490794131976905E-004  1.432172052557909E-004  1.369120511174877E-004  1.300842034731335E-004  1.226335763114748E-004  1.144355407497518E-004  1.053095000411121E-004  1.003189256520976E-004  9.497694525268155E-005  8.921592311481040E-005  8.551461441771982E-005  8.292685130436154E-005  7.883693603674337E-005  7.595224288064540E-005  7.134832695946673E-005  6.806658135844204E-005  6.635306848058160E-005  6.458486009399719E-005  6.275470991343366E-005  6.085035569275338E-005  5.884986940347101E-005  5.435058713487022E-005  5.157453963719552E-005  4.778274901142864E-005
   545.000076352821       1.495713953250020E-004  1.437588927637272E-004  1.374953656393943E-004  1.307096282491655E-004  1.233043522434696E-004  1.151393266144652E-004  1.060397146123359E-004  1.010560133778619E-004  9.571652267087967E-005  8.994736048591993E-005  8.623647788903423E-005  8.363888651098008E-005  7.953000160147579E-005  7.662833797800444E-005  7.199212888803647E-005  6.868427500321116E-005  6.695609803610412E-005  6.517262914103962E-005  6.332652999395600E-005  6.140575751653789E-005  5.938878438476268E-005  5.485878566854954E-005  5.207129043322278E-005  4.827763028056980E-005
   547.000076633015       1.490776358013936E-004  1.432695601855588E-004  1.370204884379837E-004  1.302439838106043E-004  1.228524518841455E-004  1.147182088943246E-004  1.056596319300318E-004  1.007037559102477E-004  9.539771538867104E-005  8.967022510698926E-005  8.598774305672203E-005  8.341205003131452E-005  7.933909358518376E-005  7.646479415339695E-005  7.187493272528484E-005  6.860212925665615E-005  6.689292719738518E-005  6.512900742739588E-005  6.330308189909146E-005  6.140297074100443E-005  5.940663481543211E-005  5.491617687793579E-005  5.214603216151262E-005  4.836384443317598E-005
   549.000076913209       1.491582904734576E-004  1.433581399526649E-004  1.371189963544441E-004  1.303510422401036E-004  1.229699027856993E-004  1.148399681463849E-004  1.057843620043080E-004  1.008322930393633E-004  9.552844577666295E-005  8.980405103393128E-005  8.612488987915781E-005  8.355183534183795E-005  7.948416232830798E-005  7.661452087101582E-005  7.203480097005445E-005  6.877112682116577E-005  6.706733140046463E-005  6.530947249600996E-005  6.349015335391343E-005  6.159697556137276E-005  5.960771409029644E-005  5.513009670249481E-005  5.236462037347437E-005  4.858301139158228E-005
   551.000077193403       1.491044904000593E-004  1.433408826514184E-004  1.371260141728354E-004  1.303920756565414E-004  1.230308956068292E-004  1.149233764822282E-004  1.058876207431967E-004  1.009430076423530E-004  9.564596791033612E-005  8.992616991189469E-005  8.624825347276477E-005  8.367555043432970E-005  7.960844334509943E-005  7.673887850325153E-005  7.215975421231859E-005  6.889749123152340E-005  6.719465568041293E-005  6.543810970441801E-005  6.362009944500020E-005  6.172841320397286E-005  5.974055022495484E-005  5.526450934669749E-005  5.249820635912521E-005  4.871205606600132E-005
   553.000077473597       1.477873482230057E-004  1.421054559824510E-004  1.359985125391388E-004  1.293807947385199E-004  1.221520889615640E-004  1.141933528138098E-004  1.053254684944429E-004  1.004667751856374E-004  9.526227881770918E-005  8.963709129828796E-005  8.601663519558993E-005  8.348216598569540E-005  7.947101262116037E-005  7.663816768429324E-005  7.211156583694411E-005  6.888145178714145E-005  6.719348859447151E-005  6.545092437773556E-005  6.364599163066752E-005  6.176619496413847E-005  5.978903166365156E-005  5.533127391330556E-005  5.257354735036885E-005  4.879942889152906E-005
   555.000077753791       1.486028430038968E-004  1.429057035219676E-004  1.367784324619411E-004  1.301336012001866E-004  1.228795321844063E-004  1.148810581857925E-004  1.059640841355194E-004  1.010801681342701E-004  9.584618349840496E-005  9.018717637783872E-005  8.654537710155511E-005  8.399561221300604E-005  7.996214712605055E-005  7.711375810591475E-005  7.256498226182380E-005  6.932174978319016E-005  6.762803855559594E-005  6.588020464920753E-005  6.407069116645773E-005  6.218693621366989E-005  6.020650533389394E-005  5.574421282882059E-005  5.298583839420569E-005  4.921315468795098E-005
   557.000078033984       1.473149168237064E-004  1.416717990601020E-004  1.356056940394594E-004  1.290368204409334E-004  1.218636654386662E-004  1.139680906602877E-004  1.051751456386646E-004  1.003626707597456E-004  9.520716525697240E-005  8.963663912909429E-005  8.605139812479223E-005  8.354189210142593E-005  7.957150836870948E-005  7.676754152224133E-005  7.228816493514777E-005  6.909280619137663E-005  6.742319939865978E-005  6.569948712231408E-005  6.391381576221449E-005  6.205359584921536E-005  6.009616980048313E-005  5.567724651124618E-005  5.293881672802160E-005  4.918433690985048E-005
   559.000078314178       1.465219619319647E-004  1.409419557607936E-004  1.349336594054625E-004  1.284246962622186E-004  1.213229789884761E-004  1.135077186858025E-004  1.048014502020791E-004  1.000347019677280E-004  9.492669059128143E-005  8.940528981236465E-005  8.585143137361081E-005  8.336400810625392E-005  7.942711336007377E-005  7.664729178558511E-005  7.220593522721276E-005  6.903753439936517E-005  6.738178311784074E-005  6.567223708433375E-005  6.390090485626256E-005  6.205496137492030E-005  6.011170912667353E-005  5.571998436661192E-005  5.299423773571587E-005  4.925091532348306E-005
   561.000078594372       1.467938954583418E-004  1.412273070397179E-004  1.352357391444414E-004  1.287422471218477E-004  1.216584778961501E-004  1.138547097371789E-004  1.051640296782553E-004  1.004052243797942E-004  9.530369538685027E-005  8.978700264018921E-005  8.623349562177830E-005  8.374475146665701E-005  7.980455322817101E-005  7.702009156333968E-005  7.256878695293802E-005  6.939052139640314E-005  6.772903042458766E-005  6.601293787452451E-005  6.423442880030356E-005  6.238053847567636E-005  6.042864802106451E-005  5.601764287169581E-005  5.328116944444252E-005  4.952676711174889E-005
   563.000078874566       1.472917321380282E-004  1.417482125280717E-004  1.357652216585794E-004  1.292812177199774E-004  1.221984988714096E-004  1.143910481023985E-004  1.056801315676749E-004  1.009071880730615E-004  9.578677840098516E-005  9.024610739287735E-005  8.667654265900583E-005  8.417549359825317E-005  8.021550713944341E-005  7.741705512490657E-005  7.294328006666778E-005  6.974982805730023E-005  6.808084009462036E-005  6.635725204807279E-005  6.457136625248943E-005  6.271037973472599E-005  6.075144662562518E-005  5.632661462191640E-005  5.358333794264727E-005  4.982166821535163E-005
   565.000079154760       1.466843432788051E-004  1.411699886342009E-004  1.352322752371406E-004  1.287839844321312E-004  1.217476240448839E-004  1.139930140463180E-004  1.053417774086584E-004  1.006003355971604E-004  9.551688182281770E-005  9.001522161158493E-005  8.647049797335469E-005  8.398724656761753E-005  8.005524889968516E-005  7.727681553813248E-005  7.283595895630403E-005  6.966619566062002E-005  6.800924382128719E-005  6.629810799657770E-005  6.452455901095009E-005  6.267560158742452E-005  6.072803146483146E-005  5.632149266003662E-005  5.358277741996578E-005  4.981707246523855E-005
   567.000079434954       1.456718760886086E-004  1.401910153361496E-004  1.342800497045625E-004  1.278805257744672E-004  1.208964673047208E-004  1.132075487025772E-004  1.046416725950451E-004  9.995155290119340E-005  9.492458613718820E-005  8.948708442587038E-005  8.598688347623813E-005  8.353563422484067E-005  7.965721433666802E-005  7.691806938937253E-005  7.254253513889909E-005  6.942118355495251E-005  6.778986283212347E-005  6.610519194014418E-005  6.435876420025837E-005  6.253733951837092E-005  6.061742484444430E-005  5.626517683234396E-005  5.355242770888216E-005  4.980950866297330E-005
   569.000079715147       1.457829889390010E-004  1.403397793731928E-004  1.344663157070726E-004  1.281058837860077E-004  1.211628169942552E-004  1.135140177112025E-004  1.049858458445622E-004  1.003082984620689E-004  9.529485714696433E-005  8.986749710162905E-005  8.636976880852018E-005  8.391926887998279E-005  8.003926767131899E-005  7.729716084104880E-005  7.291419395582799E-005  6.978573352598747E-005  6.815024524810858E-005  6.646094276316204E-005  6.470961013850274E-005  6.288308622160886E-005  6.095802546151032E-005  5.659671905755653E-005  5.388204951454796E-005  5.014419168734361E-005
   571.000079995341       1.454207153469697E-004  1.400011841729734E-004  1.341661712113087E-004  1.278390760638717E-004  1.209348531334199E-004  1.133307565587359E-004  1.048498541757613E-004  1.002010214230814E-004  9.521545377488025E-005  8.981722955019200E-005  8.633874297366848E-005  8.390183786077430E-005  8.004166404251880E-005  7.731407156431125E-005  7.295317349679534E-005  6.984000235587175E-005  6.821234485837154E-005  6.653083702074417E-005  6.478725901863183E-005  6.296827480295539E-005  6.105053748086379E-005  5.670270681526333E-005  5.399389421138775E-005  5.026038787457036E-005
   573.000080275535       1.460923818726182E-004  1.407178979232943E-004  1.349274891029060E-004  1.286504777306962E-004  1.217815114819417E-004  1.142105765987740E-004  1.057527614954934E-004  1.011077501362099E-004  9.611892071416495E-005  9.070594837154016E-005  8.721019580042534E-005  8.475702680701324E-005  8.086587126722852E-005  7.811076444391122E-005  7.369772026138311E-005  7.054132907756836E-005  6.888939585928018E-005  6.718195595548545E-005  6.541082933009642E-005  6.356302807783002E-005  6.161538334899481E-005  5.720579266720889E-005  5.446635286671304E-005  5.070648986483615E-005
   575.000080555729       1.449670126810496E-004  1.396269669665590E-004  1.338715730981231E-004  1.276365391367428E-004  1.208245800786699E-004  1.133218160125658E-004  1.049467796949046E-004  1.003529082502456E-004  9.542100099132595E-005  9.007536257541993E-005  8.662568072938935E-005  8.420757196050298E-005  8.037376003895707E-005  7.766215298298499E-005  7.332298420460270E-005  7.022232338323972E-005  6.860023895844749E-005  6.692375018612598E-005  6.518460298670186E-005  6.336941962547407E-005  6.145472157499890E-005  5.711038658934197E-005  5.440264633903452E-005  5.067208531894684E-005
   577.000080835923       1.448984067608294E-004  1.395898072446942E-004  1.338671177208329E-004  1.276704108600391E-004  1.208951391543855E-004  1.134301881846563E-004  1.050953869179786E-004  1.005192492627408E-004  9.560374684393572E-005  9.027269813766436E-005  8.683048081022863E-005  8.441597899679140E-005  8.058629665975487E-005  7.787626229311659E-005  7.353742723871462E-005  7.043553507312204E-005  6.881237276211537E-005  6.713440461750264E-005  6.539354612253062E-005  6.357632974556132E-005  6.165919200242921E-005  5.730897931942293E-005  5.459789033767104E-005  5.086417285019509E-005
   579.000081116117       1.443490931980366E-004  1.390770650432436E-004  1.333906626409092E-004  1.272317882027565E-004  1.204972844563070E-004  1.130770429374399E-004  1.047894700990482E-004  1.002398330339586E-004  9.535473717692533E-005  9.005571272896090E-005  8.663482045680557E-005  8.423520651638844E-005  8.043027848566773E-005  7.773824422350772E-005  7.343024057104535E-005  7.035173143227275E-005  6.874121073262497E-005  6.707669263757686E-005  6.534966253286894E-005  6.354665610745788E-005  6.164390743151027E-005  5.732205248086203E-005  5.462407790832042E-005  5.090004717943557E-005
   581.000081396311       1.441688201007804E-004  1.389275377711309E-004  1.332820487156738E-004  1.271600424822321E-004  1.204649995291843E-004  1.130891407728851E-004  1.048526464544178E-004  1.003280685934621E-004  9.546560607389679E-005  9.019017834096919E-005  8.678244739851756E-005  8.439113951281794E-005  8.059822070346233E-005  7.791325187486822E-005  7.361423030290265E-005  7.054037660016509E-005  6.893161678394131E-005  6.726830418963880E-005  6.554223050436746E-005  6.373974054342372E-005  6.183698935036710E-005  5.751353711020382E-005  5.481420900833820E-005  5.108927319069459E-005
   583.000081676504       1.439683546359838E-004  1.387636362570995E-004  1.331464715144481E-004  1.270629784960755E-004  1.204144623634122E-004  1.130808052584062E-004  1.048910670784326E-004  1.003913434477366E-004  9.555409754614149E-005  9.030192248371126E-005  8.690796408714895E-005  8.452549502723632E-005  8.074490462173226E-005  7.806758852019877E-005  7.377814155023538E-005  7.070950495262274E-005  6.910295141897244E-005  6.744156216242861E-005  6.571688000617148E-005  6.391535092139066E-005  6.201308268794417E-005  5.768899758207421E-005  5.498856738629784E-005  5.126243773484705E-005
   585.000081956698       1.432733782895177E-004  1.380935225937714E-004  1.325176702088599E-004  1.264719919466577E-004  1.198626261931421E-004  1.125844050585083E-004  1.044563485657477E-004  9.999335694144464E-005  9.519471929883505E-005  8.998866338605798E-005  8.662547924139313E-005  8.426512485707984E-005  8.052059852431306E-005  7.786962161452450E-005  7.362385157827870E-005  7.058679621836402E-005  6.899662279939507E-005  6.735198142989144E-005  6.564423535133045E-005  6.385968518434062E-005  6.197429663731288E-005  5.768282301715147E-005  5.499763301165967E-005  5.128490617848555E-005
   587.000082236892       1.429285711228218E-004  1.377825410834595E-004  1.322470108115099E-004  1.262433163047381E-004  1.196871126844600E-004  1.124588576591879E-004  1.043881544513458E-004  9.995376099357414E-005  9.518655953611118E-005  9.001074247016587E-005  8.666552225013176E-005  8.431736769009519E-005  8.059130828727429E-005  7.795248261326619E-005  7.372542216574574E-005  7.070076927332355E-005  6.911674221472832E-005  6.747818616606438E-005  6.577643375669932E-005  6.399767745919029E-005  6.211789487802772E-005  5.783713306535549E-005  5.515751284615308E-005  5.145166387157868E-005
   589.000082517086       1.405533683735823E-004  1.355156433448914E-004  1.301033848054180E-004  1.242203755505904E-004  1.178025762629634E-004  1.107348060052077E-004  1.028425722077955E-004  9.850861524299064E-005  9.384995955090031E-005  8.879338870149176E-005  8.552623020105485E-005  8.323347980674965E-005  7.959610705779820E-005  7.702082613433919E-005  7.289674855491127E-005  6.994605938260498E-005  6.840051861959870E-005  6.680126650750384E-005  6.513943738158921E-005  6.340102306353541E-005  6.156179733303303E-005  5.736179233901979E-005  5.472231561365973E-005  5.105587315715951E-005
   591.000082797280       1.421941838051424E-004  1.371336821683854E-004  1.316563567068325E-004  1.257253397439830E-004  1.192487076986918E-004  1.121084521640993E-004  1.041290956257656E-004  9.974358363054127E-005  9.502931238130699E-005  8.990892050851089E-005  8.659831067004679E-005  8.427390553846797E-005  8.058479096925891E-005  7.797179862313911E-005  7.378542145582402E-005  7.078936197700747E-005  6.922008945270863E-005  6.759649012908036E-005  6.590982087534851E-005  6.414606698615694E-005  6.228100629966468E-005  5.802798415148886E-005  5.536108396837857E-005  5.166608619685367E-005
   593.000083077474       1.418709087311402E-004  1.368239953949835E-004  1.313749600985349E-004  1.254759213007782E-004  1.190357912109136E-004  1.119342496522193E-004  1.039985659077689E-004  9.963888891266344E-005  9.494789795649346E-005  8.985186542675309E-005  8.655744122621291E-005  8.424383389915470E-005  8.057170337846888E-005  7.797077250896482E-005  7.380370200195038E-005  7.082170942607082E-005  6.925977816892266E-005  6.764376553410131E-005  6.596477129239975E-005  6.420869682108794E-005  6.235124940850147E-005  5.811288440694480E-005  5.545277378877659E-005  5.176350775089967E-005
   595.000083357667       1.413866413826775E-004  1.363828770105812E-004  1.309897637811965E-004  1.251420192439109E-004  1.187512334151348E-004  1.117064874208711E-004  1.038361537988407E-004  9.950851798213469E-005  9.485456460703931E-005  8.979574616118661E-005  8.652274348898774E-005  8.422456093546744E-005  8.057512863651108E-005  7.798997664846021E-005  7.384674589215663E-005  7.088086667777707E-005  6.932704557072319E-005  6.771894005467527E-005  6.604769438840137E-005  6.429913946022833E-005  6.244887401006520E-005  5.822362095823232E-005  5.556963272677845E-005  5.188665752890248E-005
   597.000083637861       1.411584577689891E-004  1.361691101757914E-004  1.307937991984095E-004  1.249798380300127E-004  1.186284902910343E-004  1.116218108946067E-004  1.037926618625877E-004  9.948741488465107E-005  9.485316790141619E-005  8.981603707870578E-005  8.655750859954654E-005  8.426843896408844E-005  8.063343642740477E-005  7.805774343458068E-005  7.392935535104484E-005  7.097358044579702E-005  6.942485371474139E-005  6.782171442529365E-005  6.615550714739746E-005  6.441194403918583E-005  6.256662784912192E-005  5.835078833184432E-005  5.570164326462578E-005  5.202455746353189E-005
   599.000083918055       1.404183141751656E-004  1.354778330963502E-004  1.301500587185533E-004  1.243726181854683E-004  1.180657233555900E-004  1.111185171333115E-004  1.033531315870912E-004  9.908512906742349E-005  9.449407127295402E-005  8.950245097239544E-005  8.627311104890868E-005  8.400572769872186E-005  8.040467730833541E-005  7.785420417025826E-005  7.376660124265051E-005  7.084043559741782E-005  6.930702608693267E-005  6.771975713033996E-005  6.606950593695740E-005  6.434202053844221E-005  6.251252105825777E-005  5.832698535059493E-005  5.569146782639316E-005  5.202458416653938E-005
   601.000084198249       1.395761448392913E-004  1.346550561256462E-004  1.293583644196436E-004  1.236182260291599E-004  1.173621580569682E-004  1.104663933629247E-004  1.027699288423935E-004  9.854133408846789E-005  9.399337524744785E-005  8.905492786430010E-005  8.586100294563795E-005  8.361896201941501E-005  8.006122829359470E-005  7.754332384596629E-005  7.351090481483984E-005  7.062587577638164E-005  6.911449918587847E-005  6.755007412818546E-005  6.592315565512711E-005  6.421947108289156E-005  6.241403148301795E-005  5.827654014939367E-005  5.566493712826029E-005  5.202108191353982E-005
   603.000084478443       1.396009631650935E-004  1.347054468456113E-004  1.294282804132419E-004  1.237195857254935E-004  1.174883007388083E-004  1.106223129448908E-004  1.029505992498691E-004  9.873418888039809E-005  9.419815263889174E-005  8.926806109287925E-005  8.607986402298581E-005  8.384099019118814E-005  8.028658648702675E-005  7.776925175949513E-005  7.373584153932789E-005  7.084863433395369E-005  6.933558409721771E-005  6.776903435569020E-005  6.613972448277286E-005  6.443327992675023E-005  6.262467277819659E-005  5.848002219843039E-005  5.586452621365715E-005  5.221779302794952E-005
   605.000084758637       1.394401721817984E-004  1.345759802802142E-004  1.293421436208001E-004  1.236701380389788E-004  1.174796033700197E-004  1.106552259845397E-004  1.030276403488208E-004  9.883063650660716E-005  9.431278320832208E-005  8.939823867132358E-005  8.621776192853874E-005  8.398331034511708E-005  8.043426488660910E-005  7.791954274471149E-005  7.388865514814763E-005  7.100205145448119E-005  6.948903691588268E-005  6.792226782319746E-005  6.629256254917480E-005  6.458547787214476E-005  6.277603899981435E-005  5.862900945710738E-005  5.601234353796162E-005  5.236490642974120E-005
   607.000085038830       1.394206725608317E-004  1.345857554769229E-004  1.293890337055225E-004  1.237433551473979E-004  1.175850599764333E-004  1.107900495898844E-004  1.031941698537857E-004  9.901219866262123E-005  9.450891668556977E-005  8.960645148012635E-005  8.643089761782895E-005  8.419875550660755E-005  8.065173376220103E-005  7.813669479663530E-005  7.410319520783647E-005  7.121297327317863E-005  6.969760711109865E-005  6.812811932009788E-005  6.649533231531419E-005  6.478487736262576E-005  6.297175129580628E-005  5.881703298557195E-005  5.619681967656056E-005  5.254755005425413E-005
   609.000085319024       1.388087703396097E-004  1.340061556658061E-004  1.288320737008884E-004  1.232234760195649E-004  1.170971710773469E-004  1.103459021887636E-004  1.027961578279931E-004  9.864346060888912E-005  9.416894623603768E-005  8.930019223634547E-005  8.614770233505489E-005  8.393223663958643E-005  8.041317438034875E-005  7.791947109629533E-005  7.392163650007186E-005  7.105877638770916E-005  6.955791307603637E-005  6.800358451033581E-005  6.638657773844489E-005  6.469219225179814E-005  6.289543017005256E-005  5.877323392398907E-005  5.616854091654777E-005  5.253175248474276E-005
   611.000085599218       1.381736206515785E-004  1.333967718292406E-004  1.282545629946140E-004  1.226829365737331E-004  1.166003831794635E-004  1.098963974136895E-004  1.023997808113008E-004  9.827531787430646E-005  9.383595508368694E-005  8.900590232266986E-005  8.587920301605354E-005  8.368257437767765E-005  8.019409037017654E-005  7.772317386232473E-005  7.376316057133029E-005  7.092805317953216E-005  6.944197393380684E-005  6.790271263934778E-005  6.630107494692597E-005  6.462218342238197E-005  6.284084413025277E-005  5.874846721892831E-005  5.615744591259200E-005  5.253112665691064E-005
   613.000085879412       1.368635712919497E-004  1.321165487321031E-004  1.270167321589732E-004  1.215016075722926E-004  1.154851124164536E-004  1.088648760632987E-004  1.014769294163804E-004  9.741787559150442E-005  9.304867684918672E-005  8.830100281371978E-005  8.522908296604164E-005  8.307217150920517E-005  7.964795045349492E-005  7.722281657581664E-005  7.333744642859877E-005  7.055534247971918E-005  6.909658378514826E-005  6.758503536434338E-005  6.601142884046611E-005  6.436062352775109E-005  6.260725090061115E-005  5.856992338449539E-005  5.600565322703426E-005  5.240510445245201E-005
   615.000086159606       1.353789179799355E-004  1.307248498029153E-004  1.257099894938623E-004  1.202967702153521E-004  1.143956137775750E-004  1.079011103702902E-004  1.006551497070911E-004  9.667115622795635E-005  9.238632398956144E-005  8.772533366260414E-005  8.470980411271857E-005  8.259127368317258E-005  7.922834108042754E-005  7.684603533924732E-005  7.302762187029861E-005  7.029118537484847E-005  6.885531406048604E-005  6.736646724564603E-005  6.581502487183844E-005  6.418571058484411E-005  6.245271292389737E-005  5.845155982560837E-005  5.590200285587012E-005  5.231157044420695E-005
   617.000086439800       1.356561168483184E-004  1.309960381847953E-004  1.259805828357924E-004  1.205524454317890E-004  1.146389745815669E-004  1.081298096368822E-004  1.008634118294625E-004  9.686872392630368E-005  9.257055015415857E-005  8.789585167728463E-005  8.487184312291974E-005  8.274829240806787E-005  7.937777134544017E-005  7.699096990534936E-005  7.316796407474721E-005  7.043095233230266E-005  6.899576021074629E-005  6.750837046067839E-005  6.595934319486589E-005  6.433337202145944E-005  6.260487782607988E-005  5.861725224395426E-005  5.607811871532324E-005  5.250310703611765E-005
   619.000086719993       1.369883950600403E-004  1.323357781055190E-004  1.273203969335414E-004  1.218918601732467E-004  1.159588587986800E-004  1.094184640515820E-004  1.020990948368457E-004  9.806881697731076E-005  9.372295468210745E-005  8.898867710603411E-005  8.592105030414688E-005  8.376346993737668E-005  8.033471261039293E-005  7.790338367835095E-005  7.400356277750177E-005  7.120879631294469E-005  6.974258691704942E-005  6.822305375275251E-005  6.664077512082600E-005  6.498085300610143E-005  6.321789134059006E-005  5.916084345619455E-005  5.658795974645544E-005  5.298331213867563E-005
   621.000087000187       1.366462436878309E-004  1.320223813366080E-004  1.270490834218289E-004  1.216514685107840E-004  1.157616073920986E-004  1.092658378277325E-004  1.019958540472394E-004  9.798944900689921E-005  9.367080556818234E-005  8.896416400988590E-005  8.591287007383417E-005  8.376698082236773E-005  8.035555017478443E-005  7.793635727356923E-005  7.405516612750842E-005  7.127290960571382E-005  6.981312230627534E-005  6.829993096659302E-005  6.672414923069420E-005  6.507049621806742E-005  6.331375905495826E-005  5.926901339222433E-005  5.670276275516022E-005  5.310653895415637E-005
   623.000087280381       1.357619411894904E-004  1.311624988154537E-004  1.262178960070002E-004  1.208626549774570E-004  1.150177275181225E-004  1.085778345399421E-004  1.013757431058753E-004  9.741060033414083E-005  9.313715563368720E-005  8.848317658581715E-005  8.546718348543701E-005  8.334673802663210E-005  7.997795205083918E-005  7.758937168645565E-005  7.375876957326687E-005  7.101277427419287E-005  6.957182802622032E-005  6.807795334693698E-005  6.652147482177638E-005  6.488730574270289E-005  6.314984512322088E-005  5.914202559019562E-005  5.659205063605623E-005  5.300636146182050E-005
   625.000087560575       1.338150973189569E-004  1.292640879704070E-004  1.243677651529952E-004  1.190767105015033E-004  1.133115794704651E-004  1.069721126141153E-004  9.989804195731887E-005  9.600787297867662E-005  9.182141508744455E-005  8.726874776703443E-005  8.432313262328780E-005  8.225451441329667E-005  7.897032165994404E-005  7.664452071162659E-005  7.291757646426613E-005  7.024694329666453E-005  6.884517536050496E-005  6.739107578090184E-005  6.587482347240263E-005  6.428072773424711E-005  6.258270414080021E-005  5.864857754238003E-005  5.612938553231929E-005  5.256157645545057E-005
   627.000087840769       1.356248479241207E-004  1.310845830899563E-004  1.261979871639639E-004  1.209016632371496E-004  1.151260357159948E-004  1.087488016500099E-004  1.016114819203170E-004  9.767525877670197E-005  9.342864572509212E-005  8.879747657129798E-005  8.579252220773782E-005  8.367837585381952E-005  8.031652450540888E-005  7.793143936200245E-005  7.410341998647246E-005  7.135776653387365E-005  6.991641519112658E-005  6.842194001339101E-005  6.686458650288573E-005  6.522925404985415E-005  6.349040001804322E-005  5.948019967152348E-005  5.693086596770569E-005  5.335146500948981E-005
   629.000088120963       1.352668772143914E-004  1.307580709827969E-004  1.259134041628807E-004  1.206475978095843E-004  1.149108484909204E-004  1.085788979694778E-004  1.014841921275829E-004  9.757207844429413E-005  9.335014793850630E-005  8.874399416779434E-005  8.575477565999437E-005  8.365152242071022E-005  8.030659187568235E-005  7.793290666436796E-005  7.412263294459102E-005  7.138904897704050E-005  6.995391219764621E-005  6.846538927846754E-005  6.691400772887835E-005  6.528451656847587E-005  6.355138320140941E-005  5.955194792136766E-005  5.700773139352500E-005  5.343337660295034E-005
   631.000088401157       1.341770764138701E-004  1.296908593405112E-004  1.248681737248272E-004  1.196474881398035E-004  1.139493626087873E-004  1.076697030285034E-004  1.006437680481404E-004  9.677375811302859E-005  9.259902188729583E-005  8.805091965500089E-005  8.510318848921327E-005  8.303020392537479E-005  7.973621348206415E-005  7.740109771911565E-005  7.365607737115540E-005  7.097099284301407E-005  6.956142314877495E-005  6.809937765670246E-005  6.657501982144435E-005  6.497288022726408E-005  6.326705115963138E-005  5.932085892573458E-005  5.680067642157539E-005  5.324269332155877E-005
   633.000088681350       1.340578567439832E-004  1.296077029712107E-004  1.248190549116313E-004  1.196262864045362E-004  1.139671267966304E-004  1.077219150227222E-004  1.007295609200098E-004  9.687506492600711E-005  9.271702385546734E-005  8.818258617206877E-005  8.524197043022540E-005  8.317353473360741E-005  7.988595306380994E-005  7.755447902497637E-005  7.381459583553806E-005  7.113285017539404E-005  6.972491869627696E-005  6.826445876513902E-005  6.674176248824888E-005  6.514132285388002E-005  6.343733794726961E-005  5.949619785031821E-005  5.698079256293374E-005  5.343335282855568E-005
   635.000088961544       1.326601358219086E-004  1.283040170271776E-004  1.236113097908042E-004  1.185331617781071E-004  1.129851881800407E-004  1.068689464498982E-004  1.000186474013028E-004  9.623859051154553E-005  9.215938693502765E-005  8.770697038407702E-005  8.481793990470367E-005  8.278533517804272E-005  7.955290057906834E-005  7.725939537498995E-005  7.357889469009166E-005  7.093797532372883E-005  6.955083327054693E-005  6.811115329978794E-005  6.660927597271369E-005  6.502958696817504E-005  6.334620967579226E-005  5.944558945731222E-005  5.695090730609862E-005  5.342685683269995E-005
   637.000089241738       1.326370448672488E-004  1.282862936585766E-004  1.235945579636515E-004  1.185204981566643E-004  1.129849384050693E-004  1.068798437214515E-004  1.000384421046261E-004  9.626562338589981E-005  9.219260848211307E-005  8.774796255600764E-005  8.486358851916318E-005  8.283406768118284E-005  7.960634083977395E-005  7.731650784890701E-005  7.364105599540243E-005  7.100345218646355E-005  6.961793998413216E-005  6.818001054828099E-005  6.667972916754952E-005  6.510154585346174E-005  6.341952170668616E-005  5.952096236152402E-005  5.702666617723702E-005  5.350169928448083E-005
   639.000089521932       1.329391198395220E-004  1.285877263643818E-004  1.239053188420812E-004  1.188358972218834E-004  1.132933009431382E-004  1.071828588463940E-004  1.003371304275991E-004  9.655774198005366E-005  9.247773706460067E-005  8.802297412715827E-005  8.513111389702272E-005  8.309615868046680E-005  7.985980092991093E-005  7.756309556403982E-005  7.387680078374550E-005  7.123144663186633E-005  6.984174172526371E-005  6.839930410199822E-005  6.689440686101869E-005  6.531134992369841E-005  6.362431753923743E-005  5.971546841651038E-005  5.721625441026194E-005  5.368713767371279E-005
   641.000089802126       1.317226814270831E-004  1.274167913395220E-004  1.227787961071845E-004  1.177653957805992E-004  1.122941378832114E-004  1.062634402499469E-004  9.951216090209501E-005  9.578879855317921E-005  9.177082116752888E-005  8.738614105305733E-005  8.454128833995656E-005  8.253986949173946E-005  7.935755273428989E-005  7.710007413396638E-005  7.347734240675241E-005  7.087725229980706E-005  6.951094765153601E-005  6.809243842445851E-005  6.661167030841980E-005  6.505284046988324E-005  6.338995124561988E-005  5.952842288605524E-005  5.705161900735324E-005  5.354208284152422E-005
   643.000090082320       1.317984427337615E-004  1.275298540914817E-004  1.229342579625577E-004  1.179448414371358E-004  1.125075777543543E-004  1.065064079978147E-004  9.978002864125248E-005  9.606574970586027E-005  9.205333304382183E-005  8.766997963947915E-005  8.482397475255758E-005  8.282088598069732E-005  7.963399843134216E-005  7.737192747951566E-005  7.373980116110385E-005  7.113182842528502E-005  6.976084831389493E-005  6.833735933547567E-005  6.685125211055219E-005  6.528685977709743E-005  6.361808117498440E-005  5.974424216391624E-005  5.726155970445359E-005  5.374773934146649E-005
   645.000090362513       1.298643978847546E-004  1.256969202503534E-004  1.212138020057825E-004  1.163612817909464E-004  1.110632169961718E-004  1.052184715197764E-004  9.866679973266064E-005  9.504461410527943E-005  9.112905417882144E-005  8.685099441438888E-005  8.407083185059883E-005  8.211317977661477E-005  7.899810507219662E-005  7.678730058842973E-005  7.323556166050517E-005  7.068391643097765E-005  6.934199840461561E-005  6.794764108782263E-005  6.649074136026617E-005  6.495545473392898E-005  6.331551120248066E-005  5.949839068688946E-005  5.704396272137475E-005  5.355885933022823E-005
   647.000090642707       1.301781833495915E-004  1.260295209810765E-004  1.215722290682217E-004  1.167402621049439E-004  1.114677481481230E-004  1.056415402939085E-004  9.910022276800070E-005  9.548361932402260E-005  9.156828089910775E-005  8.728660943440582E-005  8.450135359212637E-005  8.253882565773827E-005  7.941391499994992E-005  7.719451109692649E-005  7.362722930078855E-005  7.106299595604911E-005  6.971421297862080E-005  6.831285502745393E-005  6.684873017079181E-005  6.530605541189484E-005  6.365882319648577E-005  5.982840702703039E-005  5.736921349614649E-005  5.388393310335565E-005
   649.000090922901       1.283072097131738E-004  1.242812031910882E-004  1.199560244799893E-004  1.152633546513175E-004  1.101396368885044E-004  1.044775737017485E-004  9.810981523942346E-005  9.457973044506540E-005  9.075602952551262E-005  8.656695279168596E-005  8.384035808189546E-005  8.191820224493138E-005  7.885555996300384E-005  7.667921663745287E-005  7.317952168964438E-005  7.066183503855299E-005  6.933635846013285E-005  6.795804556743584E-005  6.651659319952285E-005  6.499575762514278E-005  6.336921060807035E-005  5.957417270385341E-005  5.712727130888546E-005  5.364380022872644E-005
   651.000091203095       1.267386607791329E-004  1.229192739708520E-004  1.188060129213654E-004  1.143442626763327E-004  1.094531022933807E-004  1.040209538170519E-004  9.787671828320968E-005  9.445290865476917E-005  9.072854736547607E-005  8.663081015553805E-005  8.395304930651947E-005  8.206198200964825E-005  7.904276458638076E-005  7.689301579816445E-005  7.342836130515099E-005  7.093075057976762E-005  6.961399648480489E-005  6.824344654858849E-005  6.680853366292578E-005  6.529304745313071E-005  6.367051100227622E-005  5.988074489352168E-005  5.743686967039899E-005  5.396069844210982E-005
   653.000091483289       1.210649498977553E-004  1.177785063227962E-004  1.142273529499468E-004  1.103479557792522E-004  1.060686198054231E-004  1.012622002219078E-004  9.574898726997967E-005  9.263893153944956E-005  8.922440788227862E-005  8.543431739008510E-005  8.294100406114754E-005  8.117330729698213E-005  7.833889616768987E-005  7.631272324942653E-005  7.303234247783295E-005  7.065370334289592E-005  6.939439173860903E-005  6.807899329485386E-005  6.669645423964393E-005  6.522971210354149E-005  6.365183032350322E-005  5.993887444932978E-005  5.752899057982083E-005  5.408707294026823E-005
   655.000091763483       1.019141663594429E-004  9.982031603905371E-005  9.752397181213139E-005  9.499428837963025E-005  9.215871956428590E-005  8.892926518430492E-005  8.517416019998477E-005  8.303725424881720E-005  8.067920173579709E-005  7.804768835020682E-005  7.630735422197732E-005  7.506688350844711E-005  7.306439970363657E-005  7.161746716179124E-005  6.923575404034587E-005  6.746642230927699E-005  6.651071570996583E-005  6.549608389567503E-005  6.440958077453037E-005  6.323252094346148E-005  6.193647158807372E-005  5.876100457020109E-005  5.660512406731858E-005  5.340161780060370E-005
   657.000092043676       7.993914284461750E-005  7.870692212013325E-005  7.736056098038346E-005  7.587435059176634E-005  7.421445758743506E-005  7.233142934086344E-005  7.014833968739913E-005  6.890754977392915E-005  6.753595537547260E-005  6.599821980935588E-005  6.497386106206254E-005  6.423834903483592E-005  6.303746303132272E-005  6.215666533243597E-005  6.067486606809992E-005  5.954180625092024E-005  5.891617168767267E-005  5.824010485220653E-005  5.750161379342299E-005  5.668313642994496E-005  5.575775895443721E-005  5.336971559422898E-005  5.163755864683169E-005  4.888502863937400E-005
   659.000092323870       1.145476097725488E-004  1.117539443798633E-004  1.087154025922974E-004  1.053761016466007E-004  1.016628537609702E-004  9.745259209215208E-005  9.257262181816860E-005  8.979875206271359E-005  8.674091109423706E-005  8.333239438458571E-005  8.108428040903612E-005  7.948703189734427E-005  7.692070119375916E-005  7.508070059799918E-005  7.208823546978907E-005  6.990369125972433E-005  6.874021570961682E-005  6.751877988693461E-005  6.622746199950178E-005  6.484836544176483E-005  6.335357461351388E-005  5.979199597507812E-005  5.744990520554265E-005  5.406818205211606E-005
   661.000092604064       1.237057125202684E-004  1.201638453435902E-004  1.163533243628694E-004  1.122035375418653E-004  1.076469969812658E-004  1.025631329393817E-004  9.677541096097449E-005  9.353127863396139E-005  8.998694159861372E-005  8.607011625525062E-005  8.350367572065011E-005  8.168720240336943E-005  7.878174743402098E-005  7.670920811351869E-005  7.336325394932740E-005  7.094510059517846E-005  6.966792718897064E-005  6.833640799224676E-005  6.693977749992609E-005  6.546150299000214E-005  6.387480917961831E-005  6.015316543129866E-005  5.774297153783273E-005  5.430206946117064E-005
   663.000092884258       1.264543119970564E-004  1.226658703648534E-004  1.185681982762477E-004  1.141286704412683E-004  1.092604527435805E-004  1.038671613068965E-004  9.777262885745598E-005  9.438032786952851E-005  9.069277943357716E-005  8.663980598566567E-005  8.399433046744556E-005  8.212641312825146E-005  7.914704054785977E-005  7.702670265008696E-005  7.361283731952287E-005  7.115354781204199E-005  6.985766231696786E-005  6.850892213725730E-005  6.709703003090440E-005  6.560580662853772E-005  6.400895847095251E-005  6.027716841575672E-005  5.786896859870542E-005  5.444074182032031E-005
   665.000093164452       1.272855170234532E-004  1.233927756402459E-004  1.191955304258438E-004  1.146506456440835E-004  1.096822008495849E-004  1.041818403526495E-004  9.798434253511247E-005  9.454607480750329E-005  9.081695989028818E-005  8.672751993089075E-005  8.406338742822404E-005  8.218435480560884E-005  7.919019827327638E-005  7.706161939186802E-005  7.363814181740568E-005  7.117455585263364E-005  6.987716391990455E-005  6.852764545155401E-005  6.711553478398674E-005  6.562482582998108E-005  6.402925209117874E-005  6.030256704170738E-005  5.789817062393881E-005  5.447454010896652E-005
   667.000093444646       1.273383540760268E-004  1.234022833650702E-004  1.191717147430992E-004  1.145900875455301E-004  1.095797312987821E-004  1.040487928163337E-004  9.782527140479399E-005  9.437848005807410E-005  9.064420302888257E-005  8.655564772482896E-005  8.389491243092980E-005  8.202021967950320E-005  7.903512378586547E-005  7.691584665909123E-005  7.350949525701329E-005  7.106034238828419E-005  6.977112744211205E-005  6.843030819394734E-005  6.702755531031725E-005  6.554684913052715E-005  6.396187821467570E-005  6.025818066308066E-005  5.786626953729184E-005  5.445564736502432E-005
   669.000093724840       1.275682047047252E-004  1.236436867803301E-004  1.193954128557914E-004  1.148102805993089E-004  1.097949008905300E-004  1.042534121112572E-004  9.802379701074792E-005  9.457304731772380E-005  9.083525657782360E-005  8.674178085947101E-005  8.407824509805065E-005  8.220090692061975E-005  7.921125647867971E-005  7.708725466221505E-005  7.367380215699846E-005  7.121881941308730E-005  6.992655644518944E-005  6.858260567079743E-005  6.717670296503943E-005  6.569276769597178E-005  6.410463288285067E-005  6.039510811576738E-005  5.800114844233105E-005  5.459088003187602E-005
   671.000094005033       1.273703136619877E-004  1.234298567331751E-004  1.191907898471239E-004  1.146115724114411E-004  1.096045425484934E-004  1.040753667749899E-004  9.786440977559145E-005  9.442147077377991E-005  9.069495243602458E-005  8.661554969079964E-005  8.396129694475748E-005  8.209187928599597E-005  7.911506917671322E-005  7.700103679603801E-005  7.360387394990754E-005  7.116134838930236E-005  6.987554627187249E-005  6.853847189167927E-005  6.713958235886783E-005  6.566296421721045E-005  6.408230567900078E-005  6.038861242083492E-005  5.800308690630458E-005  5.460147637226528E-005
   673.000094285227       1.270944636521455E-004  1.231770781371819E-004  1.189631172908664E-004  1.144028923608962E-004  1.094258497937422E-004  1.039243552883889E-004  9.774273260268351E-005  9.432165829991276E-005  9.061455276970415E-005  8.655688834969298E-005  8.391688645878902E-005  8.205669188476919E-005  7.909531939618440E-005  7.699205595632022E-005  7.361155846762873E-005  7.118042143311148E-005  6.990050686809024E-005  6.856909208061997E-005  6.717595574720040E-005  6.570494266885912E-005  6.412995748258367E-005  6.044793729120744E-005  5.806921583864218E-005  5.467716822552129E-005
   675.000094565421       1.263895084829797E-004  1.224807261808272E-004  1.182884805790036E-004  1.137435441816695E-004  1.087889105751516E-004  1.033192807642885E-004  9.717865440556318E-005  9.378261786696109E-005  9.010710542746999E-005  8.608913044826904E-005  8.347846897696203E-005  8.163938710106792E-005  7.871410653401337E-005  7.663832728900073E-005  7.330448160167152E-005  7.090777732102605E-005  6.964606163536783E-005  6.833340125682391E-005  6.695953345552813E-005  6.550812948761026E-005  6.395296060554276E-005  6.031130061224174E-005  5.795281623161450E-005  5.457979776202011E-005
   677.000094845615       1.267256125432057E-004  1.228362712940333E-004  1.186555321271538E-004  1.141283186622340E-004  1.091894783427235E-004  1.037292270025005E-004  9.759173989811574E-005  9.419247330671042E-005  9.051117023699348E-005  8.648053001461900E-005  8.385786921392384E-005  8.200973696593304E-005  7.906704521067363E-005  7.697686069843908E-005  7.361740343364199E-005  7.120119263430599E-005  6.992898760362968E-005  6.860544985886023E-005  6.722035808894945E-005  6.575754527982849E-005  6.419096332536485E-005  6.052685907113621E-005  5.815841148766903E-005  5.477907159485695E-005
   679.000095125809       1.263684410861586E-004  1.225111713978689E-004  1.183442071745905E-004  1.138410590696989E-004  1.089206769823700E-004  1.034909333476345E-004  9.738408494417474E-005  9.400332181761429E-005  9.034084132159287E-005  8.633040802064209E-005  8.372217842713922E-005  8.188406629409299E-005  7.895746189593348E-005  7.687863438380995E-005  7.353811699862433E-005  7.113549461845973E-005  6.987035938955343E-005  6.855414856357168E-005  6.717649809936817E-005  6.572129429120561E-005  6.416234760692806E-005  6.051346314875694E-005  5.815242843478232E-005  5.477926319398596E-005
   681.000095406003       1.260477119089649E-004  1.222004020870418E-004  1.180625519415732E-004  1.135827734813371E-004  1.086905714309100E-004  1.032872327811043E-004  9.721531639646736E-005  9.385272793688854E-005  9.020932080537088E-005  8.622006726656833E-005  8.362514928849481E-005  8.179696492925160E-005  7.888592954017914E-005  7.681876683611503E-005  7.349646896802384E-005  7.110723352178331E-005  6.984898305530778E-005  6.853990887823996E-005  6.716954686589691E-005  6.572183624488499E-005  6.417062096198485E-005  6.053883207400016E-005  5.818804402180039E-005  5.482867473794735E-005
   683.000095686196       1.255450934405044E-004  1.217280667311960E-004  1.176125014555217E-004  1.131680604057246E-004  1.083116166883091E-004  1.029444251861202E-004  9.691441957092762E-005  9.357844564189503E-005  8.996172101411953E-005  8.600376981069633E-005  8.342942822590012E-005  8.161531449130296E-005  7.872784442528536E-005  7.667733056358501E-005  7.338157373543113E-005  7.101065424825587E-005  6.976172771019133E-005  6.846203050071778E-005  6.710100683006466E-005  6.566249880333655E-005  6.412033822427963E-005  6.050578434673181E-005  5.816284463220582E-005  5.480973742867829E-005
   685.000095966390       1.252429599160544E-004  1.214337781274587E-004  1.173447301828865E-004  1.129105747945131E-004  1.080766217884638E-004  1.027363189962661E-004  9.673584384172326E-005  9.341229767375762E-005  8.981328990877939E-005  8.587280962673600E-005  8.331017484324367E-005  8.150498555677979E-005  7.863174365681945E-005  7.659190174879034E-005  7.331425970372793E-005  7.095689588644029E-005  6.971521309119388E-005  6.842304222564829E-005  6.706983162823696E-005  6.563943228895813E-005  6.410566996872451E-005  6.050928614749401E-005  5.817662963726981E-005  5.483556563394138E-005
   687.000096246584       1.251199531885412E-004  1.213332031339473E-004  1.172643852868570E-004  1.128603792126058E-004  1.080542030389273E-004  1.027409722380137E-004  9.676949342980988E-005  9.346177790518830E-005  8.987655862678451E-005  8.594959265140802E-005  8.339409305588953E-005  8.159318760250473E-005  7.872608912183916E-005  7.668919651092958E-005  7.341534291908846E-005  7.105942177216290E-005  6.981828111065732E-005  6.852634720622470E-005  6.717326126094673E-005  6.574284658850795E-005  6.420890612127384E-005  6.061226016067082E-005  5.828030035109966E-005  5.494271531002935E-005
   689.000096526778       1.248099021046569E-004  1.210523918192342E-004  1.170063295739485E-004  1.126291144233772E-004  1.078468114888697E-004  1.025665445288400E-004  9.662506211427748E-005  9.333421482384171E-005  8.976766724567247E-005  8.585986601168854E-005  8.331614437977384E-005  8.152399581105455E-005  7.867032029087615E-005  7.664318373864683E-005  7.338465738097585E-005  7.103982521175588E-005  6.980439556954905E-005  6.851834740530469E-005  6.717124510671438E-005  6.574690905720617E-005  6.421922114790029E-005  6.063578135656684E-005  5.831128412337129E-005  5.498286501765855E-005
   691.000096806972       1.244458936386793E-004  1.207050917891264E-004  1.166846045717871E-004  1.123381906117999E-004  1.075821423931451E-004  1.023318481875621E-004  9.642761897094021E-005  9.315293346407938E-005  8.960652878391606E-005  8.572109602380462E-005  8.319148274918114E-005  8.140911721304045E-005  7.857156437909170E-005  7.655603008337800E-005  7.331631110090055E-005  7.098488170957851E-005  6.975643718069418E-005  6.847757891401894E-005  6.713774619669885E-005  6.572085439639523E-005  6.420067359859796E-005  6.063275069692694E-005  5.831661722247018E-005  5.499748171997605E-005
   693.000097087165       1.240684748667168E-004  1.203476125287765E-004  1.163501588848008E-004  1.120269130036918E-004  1.073047159396487E-004  1.020859586291606E-004  9.621872827781007E-005  9.296565530755913E-005  8.943897433131831E-005  8.557687845897330E-005  8.306313329070360E-005  8.129165587901976E-005  7.847132846943896E-005  7.646855031282511E-005  7.324891288782358E-005  7.093176336145456E-005  6.971062071525701E-005  6.843915548259043E-005  6.710681309496913E-005  6.569738106597064E-005  6.418476717274691E-005  6.063213665139435E-005  5.832399760253888E-005  5.501350448006980E-005
   695.000097367359       1.237921737922044E-004  1.200980470698098E-004  1.161236146935979E-004  1.118215776927735E-004  1.071243738601997E-004  1.019349965512172E-004  9.609659621894845E-005  9.285974853963236E-005  8.935152808663836E-005  8.550730805382075E-005  8.300487173346099E-005  8.124144182309451E-005  7.843343138055843E-005  7.643864006072406E-005  7.323215604052004E-005  7.092394730858837E-005  6.970736193143793E-005  6.844046836720320E-005  6.711276778398100E-005  6.570792798790280E-005  6.419992724581714E-005  6.065698656685874E-005  5.835427310592803E-005  5.505044949957632E-005
   697.000097647553       1.233979876281226E-004  1.197215044211015E-004  1.157724953790930E-004  1.114984218461445E-004  1.068288243640146E-004  1.016702326661286E-004  9.586543642723944E-005  9.264813398049311E-005  8.915957259175467E-005  8.533893200352636E-005  8.285237418377163E-005  8.109991276355376E-005  7.830982310848271E-005  7.632855821465873E-005  7.314342839090745E-005  7.085104038036637E-005  6.964255693371083E-005  6.838403662394586E-005  6.706482516229272E-005  6.566871605573534E-005  6.416956202336246E-005  6.064501298216068E-005  5.835224741734829E-005  5.505959840790601E-005
   699.000097927747       1.232113860338357E-004  1.195499064163305E-004  1.156225629732429E-004  1.113694915103270E-004  1.067272323816598E-004  1.015960661724471E-004  9.581841769473009E-005  9.261423538752688E-005  8.914140624857534E-005  8.533519625624595E-005  8.285733693918019E-005  8.111041932450633E-005  7.832851061835379E-005  7.635228374822334E-005  7.317474150416557E-005  7.088687156580795E-005  6.968056929571992E-005  6.842413855600254E-005  6.710688398534910E-005  6.571272347862499E-005  6.421543768334730E-005  6.069478090407555E-005  5.840448085149206E-005  5.511571663546344E-005
   701.000098207941       1.221704784248620E-004  1.185453576387694E-004  1.146486798323564E-004  1.104312528139974E-004  1.058300418393169E-004  1.007467280103681E-004  9.503239884905130E-005  9.186439655007212E-005  8.843489536626662E-005  8.467941823596426E-005  8.223729341088392E-005  8.051855085186502E-005  7.778319927494779E-005  7.584247585163954E-005  7.272517158284234E-005  7.048245171199113E-005  6.930007438621534E-005  6.806836201541522E-005  6.677644130789908E-005  6.540807942165956E-005  6.393695268353546E-005  6.046926152783524E-005  5.820503763827060E-005  5.493901608364910E-005
   703.000098488135       1.222195585595641E-004  1.186059792253445E-004  1.147324754439367E-004  1.105387043002164E-004  1.059611896888886E-004  1.008996961573879E-004  9.520703649200791E-005  9.204943591593648E-005  8.862846044827058E-005  8.488010107163194E-005  8.244045224390901E-005  8.072169400239021E-005  7.798493037298928E-005  7.604112519033417E-005  7.291602216296671E-005  7.066538383990425E-005  6.947831771153558E-005  6.824151329596266E-005  6.694410193317187E-005  6.556997349743511E-005  6.409304853607800E-005  6.061429903855236E-005  5.834612119535865E-005  5.508119819663147E-005
   705.000098768329       1.221055588572999E-004  1.185179524598339E-004  1.146549679516415E-004  1.104892332176085E-004  1.059263610623047E-004  1.008860613907628E-004  9.521487443714682E-005  9.206786866533163E-005  8.865518058834556E-005  8.491555954956106E-005  8.248014295913899E-005  8.076377914260636E-005  7.803107961139671E-005  7.608990190292711E-005  7.296869583552247E-005  7.072108261122216E-005  6.953559394635151E-005  6.830037043071013E-005  6.700465962125928E-005  6.563216208543814E-005  6.415697026580988E-005  6.068222394740074E-005  5.841701616304101E-005  5.515723921405198E-005
   707.000099048522       1.218350967186788E-004  1.182620404046745E-004  1.144287852571382E-004  1.102734414556917E-004  1.057394524895959E-004  1.007244495353266E-004  9.507934322899698E-005  9.194634280032155E-005  8.854792521946931E-005  8.482426518409376E-005  8.239909726193826E-005  8.069029023794543E-005  7.796960752007864E-005  7.603660999728238E-005  7.292878275426229E-005  7.069045124904566E-005  6.950998561834416E-005  6.827970284786913E-005  6.698903038985900E-005  6.562183618412781E-005  6.415197261785429E-005  6.068869368551379E-005  5.842991666693824E-005  5.517771480837101E-005
   709.000099328716       1.215337040353954E-004  1.179869130763209E-004  1.141750560298672E-004  1.100433733680789E-004  1.055330420147426E-004  1.005455689899898E-004  9.492808786705851E-005  9.181236486890699E-005  8.842983937797552E-005  8.472383118416510E-005  8.231157021225803E-005  8.061079687867594E-005  7.790236896532699E-005  7.597876231904182E-005  7.288527968422067E-005  7.065713283199052E-005  6.948174452910512E-005  6.825682254567412E-005  6.697159383666320E-005  6.560987810146851E-005  6.414566638789744E-005  6.069439438504221E-005  5.844250410861186E-005  5.519886707735612E-005
   711.000099608910       1.191350220997257E-004  1.156725091757660E-004  1.119612104984079E-004  1.079441280247345E-004  1.035676354997135E-004  9.873561533733672E-005  9.330146850625973E-005  9.029107764549395E-005  8.702906049048359E-005  8.345620694038138E-005  8.113225573394802E-005  7.949496185373453E-005  7.688810609345358E-005  7.503656064063417E-005  7.205763650387949E-005  6.990910148903548E-005  6.877432552022817E-005  6.759018205160546E-005  6.634583900131646E-005  6.502502009900182E-005  6.360147849639384E-005  6.023023789279256E-005  5.801681250272549E-005  5.480840728464614E-005
   713.000099889104       1.203451861526247E-004  1.168422781825383E-004  1.130780585343317E-004  1.090032792302219E-004  1.045668144446158E-004  9.965835612971419E-005  9.413575862731423E-005  9.107328761229279E-005  8.775314501903976E-005  8.411558534780494E-005  8.174909608901979E-005  8.008153165912964E-005  7.742770689983620E-005  7.554365116041460E-005  7.251364611905731E-005  7.033059927458219E-005  6.917857834643951E-005  6.797723139862454E-005  6.671592521685483E-005  6.537836305812050E-005  6.393838712457537E-005  6.053618165512611E-005  5.830918278416230E-005  5.509036251785694E-005
   715.000100169298       1.201540278183937E-004  1.166686143477220E-004  1.129347129116087E-004  1.088878352678463E-004  1.044750452963654E-004  9.959269003122312E-005  9.409400901672652E-005  9.104439397690743E-005  8.773819943797271E-005  8.411275564078020E-005  8.175377733188522E-005  8.009106118657881E-005  7.744459747627902E-005  7.556523398998379E-005  7.254270633964153E-005  7.036468927961332E-005  6.921503977964625E-005  6.801621619428588E-005  6.675744231173575E-005  6.542238114265250E-005  6.398502175223481E-005  6.058885979888921E-005  5.836598029973852E-005  5.515377680078732E-005
   717.000100449492       1.198752410120730E-004  1.164108753681730E-004  1.126866917071288E-004  1.086548230963791E-004  1.042511304550687E-004  9.938658343068725E-005  9.390901514404487E-005  9.087048045765024E-005  8.757572227406125E-005  8.396516764651638E-005  8.161630159082524E-005  7.996145343052871E-005  7.732812557680163E-005  7.545826986159362E-005  7.245276288826327E-005  7.028753664556681E-005  6.914479717501724E-005  6.795317453218340E-005  6.670184251683268E-005  6.537458687317899E-005  6.394536027737278E-005  6.056694848501595E-005  5.835422209517124E-005  5.515397986208952E-005
   719.000100729685       1.194133240668802E-004  1.159664945425598E-004  1.122573530443218E-004  1.082514351181651E-004  1.038729878309451E-004  9.903645671416272E-005  9.359383135028250E-005  9.057443909676123E-005  8.730153720450198E-005  8.371595804527838E-005  8.138375794069796E-005  7.974062446507578E-005  7.712680302859575E-005  7.527126606603646E-005  7.228872746378410E-005  7.014005703570315E-005  6.900598077547584E-005  6.782306342750324E-005  6.658074847207588E-005  6.526255838564619E-005  6.384245777304499E-005  6.048224283922243E-005  5.827813055744347E-005  5.508450371326126E-005
   721.000101009879       1.193188306135878E-004  1.158957106137385E-004  1.122112646344998E-004  1.082334588851609E-004  1.038781445023363E-004  9.906589729794318E-005  9.364750530586020E-005  9.063899507804908E-005  8.737699358464106E-005  8.380090693509625E-005  8.147258605113966E-005  7.983197004860339E-005  7.722045729994800E-005  7.536547529146774E-005  7.238225751886416E-005  7.023200352475680E-005  6.909663323270841E-005  6.791223846122715E-005  6.666801391110163E-005  6.534770999616251E-005  6.392523612897634E-005  6.055967382937643E-005  5.835297558680844E-005  5.515822788678511E-005
   723.000101290073       1.190165377251517E-004  1.156039151632674E-004  1.119426399659030E-004  1.079770795541229E-004  1.036480508193305E-004  9.885959894942064E-005  9.346540475746900E-005  9.047054289489746E-005  8.722135669138244E-005  8.365974594456712E-005  8.134134350937738E-005  7.970819739942525E-005  7.710836385238520E-005  7.526263533100796E-005  7.229472300484209E-005  7.015586548155472E-005  6.902663421601614E-005  6.784856542517085E-005  6.661099782809413E-005  6.529750922437092E-005  6.388208419240567E-005  6.053149933587563E-005  5.833293447606887E-005  5.514669032719590E-005
   725.000101570267       1.184654020351697E-004  1.150768663453446E-004  1.114485794461739E-004  1.075126614517407E-004  1.032299544063146E-004  9.848320487589451E-005  9.314183831477603E-005  9.017593768775310E-005  8.695916576378529E-005  8.343272829946361E-005  8.113794240207625E-005  7.952198114942202E-005  7.694916585558007E-005  7.512289487758352E-005  7.218635279010320E-005  7.006972757083692E-005  6.895189260913194E-005  6.778555304424812E-005  6.655975284673655E-005  6.525826870337433E-005  6.385511555595892E-005  6.053101132177180E-005  5.834816387171498E-005  5.518287429915886E-005
   727.000101850461       1.185963946147299E-004  1.152287871179579E-004  1.116129955417203E-004  1.076945115142573E-004  1.034183541630188E-004  9.868539098034870E-005  9.334941131312031E-005  9.038411341704475E-005  8.716462400995388E-005  8.363366030228022E-005  8.133392973473403E-005  7.971333667659146E-005  7.713228676970987E-005  7.529854118655320E-005  7.234868746401957E-005  7.022157177780076E-005  6.909824214198757E-005  6.792597560645012E-005  6.669420321733838E-005  6.538660022250984E-005  6.397725199592210E-005  6.064092384278137E-005  5.845252138911508E-005  5.528351812668875E-005
   729.000102130655       1.177954764583045E-004  1.144423306914456E-004  1.108525071148126E-004  1.069637523446168E-004  1.027209299351030E-004  9.802726432154373E-005  9.273995901036671E-005  8.980512782179663E-005  8.662116188286021E-005  8.313254924861594E-005  8.086227258632110E-005  7.926307392288016E-005  7.671795622075507E-005  7.491077113553998E-005  7.200512320667010E-005  6.991030666523167E-005  6.880384079590795E-005  6.764890884912274E-005  6.643492797003928E-005  6.514541927312982E-005  6.375456532843168E-005  6.045619605282754E-005  5.828701943688281E-005  5.513616629983865E-005
   731.000102410849       1.177687708244175E-004  1.144389721239602E-004  1.108590969193553E-004  1.069902686219052E-004  1.027617807893951E-004  9.808395619070917E-005  9.281089331610864E-005  8.987993511663901E-005  8.670039194837734E-005  8.321445849860716E-005  8.094431606386162E-005  7.934494402440420E-005  7.679770334295140E-005  7.498875134804092E-005  7.207822729197746E-005  6.997913535066986E-005  6.887008371622422E-005  6.771241124121777E-005  6.649519072850288E-005  6.520217464424067E-005  6.380735713868192E-005  6.049937356012406E-005  5.832394087977159E-005  5.516456513887397E-005
   733.000102691042       1.174185953758983E-004  1.141117613049839E-004  1.105617249753929E-004  1.067133188866840E-004  1.025139977185242E-004  9.786956018839199E-005  9.263321545700667E-005  8.972544217429203E-005  8.656734192361019E-005  8.310470287242488E-005  8.085009560769143E-005  7.926099776153637E-005  7.673071069990232E-005  7.493305224224518E-005  7.204033109355261E-005  6.995316952600993E-005  6.885022685926531E-005  6.769873666771671E-005  6.648783615450962E-005  6.520124227237680E-005  6.381311360312853E-005  6.052006338556287E-005  5.835424755582521E-005  5.520945859761579E-005
   735.000102971236       1.174104650351994E-004  1.141103965438445E-004  1.105729083179316E-004  1.067494523579870E-004  1.025673762150820E-004  9.793718146247929E-005  9.271171501807273E-005  8.980690693460442E-005  8.665252583055329E-005  8.319022111270304E-005  8.093484790539280E-005  7.934504618071658E-005  7.681321071294611E-005  7.501400156058899E-005  7.211896839899475E-005  7.003017658915081E-005  6.892645931254364E-005  6.777408553086535E-005  6.656238078446038E-005  6.527515631875331E-005  6.388641145473617E-005  6.059292215701059E-005  5.842782540927185E-005  5.528503993302786E-005
   737.000103251430       1.170999806137749E-004  1.138331658930175E-004  1.103185474584427E-004  1.065136393887799E-004  1.023567349829971E-004  9.775351056270389E-005  9.256292723678071E-005  8.967564950593803E-005  8.653804248488596E-005  8.309623581282029E-005  8.085316598915820E-005  7.927233313935034E-005  7.675469623026438E-005  7.496555294596404E-005  7.208675459214928E-005  7.000962653723076E-005  6.891189134603129E-005  6.776577018072467E-005  6.656048274277825E-005  6.527984154506312E-005  6.389807024993700E-005  6.062056960427344E-005  5.846599297281766E-005  5.533942968426304E-005
   739.000103531624       1.164479427722070E-004  1.131985671936055E-004  1.097037881304174E-004  1.059195258648913E-004  1.017878772982973E-004  9.721464784155111E-005  9.206020800353930E-005  8.919461759796792E-005  8.608615901763520E-005  8.267656522912900E-005  8.045712141678494E-005  7.889379341908409E-005  7.640527721526741E-005  7.463844423853846E-005  7.179615994217390E-005  6.974600970247998E-005  6.866248775344076E-005  6.753091899457842E-005  6.634053746680272E-005  6.507513646546024E-005  6.370886537604669E-005  6.046335807779031E-005  5.832488260632076E-005  5.521315188393417E-005
   741.000103811818       1.157404573696783E-004  1.125162658686047E-004  1.090453743493848E-004  1.052926903141036E-004  1.011978634945289E-004  9.666710050945272E-005  9.156275728300234E-005  8.872777151757607E-005  8.565350445226098E-005  8.228297904838159E-005  8.009093159534384E-005  7.854673921880087E-005  7.608942964974476E-005  7.434457481754250E-005  7.153772453809123E-005  6.951220085898573E-005  6.844122663510453E-005  6.732235755751391E-005  6.614485357468403E-005  6.489238044123525E-005  6.353915153727739E-005  6.031974019498223E-005  5.819414658740298E-005  5.509456612714765E-005
   743.000104092012       1.152620719664423E-004  1.120720885911532E-004  1.086351980139628E-004  1.049213063312858E-004  1.008606590289236E-004  9.637614265496354E-005  9.131703181241469E-005  8.850646825588365E-005  8.545649971551012E-005  8.211309557344407E-005  7.993808577131192E-005  7.840583746133588E-005  7.596780700838414E-005  7.423641990602343E-005  7.145175339153773E-005  6.944180468175938E-005  6.837888439012524E-005  6.726815510964429E-005  6.609877913789303E-005  6.485453501103027E-005  6.350955401986783E-005  6.030718550198856E-005  5.819097654356441E-005  5.510203668525040E-005
   745.000104372205       1.153096010318645E-004  1.121300152449764E-004  1.086998089052587E-004  1.049897256342241E-004  1.009417203956227E-004  9.645854772273784E-005  9.140376013436281E-005  8.859329188214408E-005  8.554261983914147E-005  8.219679010815629E-005  8.001884223208176E-005  7.848538425328455E-005  7.604356032728845E-005  7.430983931255665E-005  7.152061092447084E-005  6.950756580503050E-005  6.844289067870507E-005  6.733065744203420E-005  6.615974845412039E-005  6.491406364770220E-005  6.356781493073019E-005  6.036375281523611E-005  5.824780462589437E-005  5.516177631203098E-005
   747.000104652399       1.144713418470633E-004  1.113157056382649E-004  1.079386101567065E-004  1.042807775539797E-004  1.002886492687130E-004  9.586996663625148E-005  9.089037011250684E-005  8.812222050305339E-005  8.511783522705339E-005  8.182320151852006E-005  7.967847690523155E-005  7.816722349337426E-005  7.576101469662759E-005  7.405157828521175E-005  7.129967655550820E-005  6.931142732168741E-005  6.825922025270239E-005  6.715912321760218E-005  6.600029138554895E-005  6.476649667995917E-005  6.343192426997437E-005  6.025083540864804E-005  5.814630576718663E-005  5.507247840601210E-005
   749.000104932593       1.144797616287722E-004  1.113432563087662E-004  1.079738298326301E-004  1.043302092774470E-004  1.003504830053730E-004  9.594215967765585E-005  9.097176839111057E-005  8.820606889713569E-005  8.520340053334968E-005  8.190753484282830E-005  7.976062507279698E-005  7.824742016214577E-005  7.583775893252366E-005  7.412505674671598E-005  7.136785838242701E-005  6.937611594762686E-005  6.832208952856187E-005  6.722028312139190E-005  6.605987793960178E-005  6.482463444519120E-005  6.348889751223280E-005  6.030680731698770E-005  5.820333932976216E-005  5.513359576914740E-005
   751.000105212787       1.146275277036882E-004  1.114944948530688E-004  1.081236557086369E-004  1.044784727164484E-004  1.004983060941409E-004  9.608541837922565E-005  9.110440736879824E-005  8.833369322278471E-005  8.532493908034407E-005  8.202243886246580E-005  7.987154987978227E-005  7.835511429413669E-005  7.594036962896721E-005  7.422440236356435E-005  7.146138251748824E-005  6.946567916874137E-005  6.840963859399713E-005  6.730575480806350E-005  6.614324292555781E-005  6.490591652625878E-005  6.356802057081449E-005  6.038187654103534E-005  5.827676700369402E-005  5.520633910572255E-005
   753.000105492981       1.144611443871400E-004  1.113424246587724E-004  1.079921240263605E-004  1.043621870543457E-004  1.003966644452791E-004  9.600295253836027E-005  9.104285089920057E-005  8.828141274745750E-005  8.528183003267561E-005  8.198875712248347E-005  7.984421131236821E-005  7.833225807635375E-005  7.592459980238200E-005  7.421367908534064E-005  7.145920236963503E-005  6.946951612372883E-005  6.841677330740825E-005  6.731641078053301E-005  6.615750448256827E-005  6.492399393516150E-005  6.359028202086995E-005  6.041426309889711E-005  5.831608293157359E-005  5.525579928441931E-005
   755.000105773175       1.144215982394701E-004  1.113229038802606E-004  1.079869938917319E-004  1.043760200264384E-004  1.004299199526904E-004  9.605107054523973E-005  9.110672977303012E-005  8.835323550784700E-005  8.535944158640390E-005  8.207101370688741E-005  7.992825060999137E-005  7.841716580502141E-005  7.600981702338961E-005  7.429893551283656E-005  7.154366309579708E-005  6.955317391225282E-005  6.849994603067568E-005  6.739894376408741E-005  6.623959809099169E-005  6.500564462566902E-005  6.367167380164896E-005  6.049654114403676E-005  5.840080830249527E-005  5.534782922759667E-005
   757.000106053368       1.140028258622968E-004  1.109162355861406E-004  1.075990178096779E-004  1.040060582274625E-004  1.000775029564910E-004  9.572340404464664E-005  9.080321679132722E-005  8.806362246834746E-005  8.508799331004174E-005  8.181998397376825E-005  7.969079346954776E-005  7.818987696497554E-005  7.579945398247222E-005  7.410104141416084E-005  7.136667644526815E-005  6.939152866521595E-005  6.834641619027293E-005  6.725387398744375E-005  6.610310885755914E-005  6.487799112971665E-005  6.355308399097037E-005  6.039672153185114E-005  5.831049857066817E-005  5.526590449481530E-005
   759.000106333562       1.137812464980404E-004  1.107133521323003E-004  1.074148758558639E-004  1.038468203052254E-004  9.994155694584796E-005  9.561606583393753E-005  9.072363143772432E-005  8.799794707801029E-005  8.503642020410697E-005  8.178253020171311E-005  7.966226931173930E-005  7.816771387546933E-005  7.578621973439863E-005  7.409397624575823E-005  7.136851464874369E-005  6.939932962306997E-005  6.835700352610471E-005  6.726733144679172E-005  6.611940790513835E-005  6.489716777237836E-005  6.357520799177611E-005  6.042563130242071E-005  5.834417387607841E-005  5.530778847538023E-005
   761.000106613756       1.134400942232207E-004  1.103846342880448E-004  1.071070518125602E-004  1.035506208997310E-004  9.966392760648812E-005  9.535887050087043E-005  9.049256631834831E-005  8.778196453725601E-005  8.483603982525968E-005  8.160109989000815E-005  7.949340692507059E-005  7.800756667576751E-005  7.564142724113321E-005  7.395979840749916E-005  7.125257497827016E-005  6.929645900072615E-005  6.826106641651807E-005  6.717854995208542E-005  6.603809978885291E-005  6.482347916936661E-005  6.350947127004335E-005  6.037728435073605E-005  5.830585392554559E-005  5.528169675944968E-005
   763.000106893950       1.131832112813134E-004  1.101521735449332E-004  1.068940884982629E-004  1.033662119503596E-004  9.950691219164166E-005  9.522904689428843E-005  9.039024752027669E-005  8.769529264052132E-005  8.476537049913270E-005  8.154702027891857E-005  7.944942565089575E-005  7.797025332673700E-005  7.561392059139943E-005  7.393894601716082E-005  7.124126597608740E-005  6.929128674199695E-005  6.825892518813853E-005  6.717925963497647E-005  6.604145972075601E-005  6.482954798619114E-005  6.351814512324110E-005  6.039127318725819E-005  5.832307468673937E-005  5.530381624278899E-005
   765.000107174144       1.127102952428286E-004  1.096948934226568E-004  1.064517362190468E-004  1.029466256997181E-004  9.911109641449833E-005  9.485894362306924E-005  9.005330168097271E-005  8.737721179020441E-005  8.446722625517444E-005  8.127216404080384E-005  7.919096492548910E-005  7.772404797114796E-005  7.538755556701289E-005  7.372728204737552E-005  7.105332269105675E-005  6.912047804843007E-005  6.809704532964212E-005  6.702636931709506E-005  6.589784883562533E-005  6.469530694025401E-005  6.339345851810686E-005  6.028609717243159E-005  5.822763835257325E-005  5.521724036342154E-005
   767.000107454338       1.119320276423667E-004  1.089295270744634E-004  1.057133186807258E-004  1.022298179630279E-004  9.842583584792274E-005  9.421378798242813E-005  8.945546852523844E-005  8.680902125336338E-005  8.393464066510074E-005  8.078167812596511E-005  7.872942528714327E-005  7.728373780563753E-005  7.498275602102303E-005  7.334813559808005E-005  7.071663943623105E-005  6.881441227959399E-005  6.780688337049207E-005  6.675263071823724E-005  6.564085351652985E-005  6.445548041330165E-005  6.317115241830933E-005  6.010029163191627E-005  5.806094305884793E-005  5.507020158915314E-005
   769.000107734532       1.119220274335869E-004  1.089417191664004E-004  1.057387823853034E-004  1.022758543244948E-004  9.848795312771114E-005  9.429037219536346E-005  8.954650599272771E-005  8.690547409090923E-005  8.403549647245035E-005  8.088593295415276E-005  7.883528242889252E-005  7.738972183827307E-005  7.508908768115545E-005  7.345432156117589E-005  7.082228125616092E-005  6.891945580606712E-005  6.791152974157486E-005  6.685674806933565E-005  6.574445848691712E-005  6.455857260632291E-005  6.327379911468687E-005  6.020313702373739E-005  5.816572771447026E-005  5.518135363475275E-005
   771.000108014725       1.116265781725307E-004  1.086647901995126E-004  1.054788708441905E-004  1.020371662166279E-004  9.827459152604947E-005  9.410152270411506E-005  8.938559922299255E-005  8.675935892046361E-005  8.390418623010035E-005  8.076932459300365E-005  7.872677341390386E-005  7.728696484031519E-005  7.499328517213183E-005  7.336278134814480E-005  7.073560395112769E-005  6.883490518248581E-005  6.782785427990739E-005  6.677368654009949E-005  6.566179199142896E-005  6.447601613546002E-005  6.319107944737267E-005  6.011850869257388E-005  5.807862896123512E-005  5.508936032483717E-005
   773.000108294919       1.116796857127075E-004  1.087321493137323E-004  1.055628512662662E-004  1.021345284774459E-004  9.838026893008702E-005  9.421709076956539E-005  8.950564996180122E-005  8.687872315604797E-005  8.402240742876814E-005  8.088448485524793E-005  7.883961243240935E-005  7.739769608727448E-005  7.510085676209281E-005  7.346837441603131E-005  7.083855364840260E-005  6.893676726229614E-005  6.792937008714973E-005  6.687502800316104E-005  6.576321750026589E-005  6.457784171734100E-005  6.329380395229874E-005  6.022570911930189E-005  5.819094699348151E-005  5.521171772808770E-005
   775.000108575113       1.111986410918612E-004  1.082674036676565E-004  1.051147129311346E-004  1.017069879759668E-004  9.797709219934222E-005  9.383793928558745E-005  8.915748731142837E-005  8.654978285277764E-005  8.371461025437899E-005  8.060332600967989E-005  7.857638605045906E-005  7.714730342482147E-005  7.487232257901864E-005  7.325600366208441E-005  7.065247500708045E-005  6.876962044051939E-005  6.777211156931058E-005  6.672795209123478E-005  6.562655892567972E-005  6.445185398912426E-005  6.317876887389719E-005  6.013402196286268E-005  5.811210888090689E-005  5.514774923828740E-005
   777.000108855307       1.085522267925037E-004  1.057675209872909E-004  1.027724519679843E-004  9.952991978501202E-005  9.598361014500440E-005  9.204269102211905E-005  8.757874325229937E-005  8.508783910583602E-005  8.237639643627318E-005  7.939401438703371E-005  7.744827808669931E-005  7.607516538594701E-005  7.388562820808869E-005  7.232730366651548E-005  6.981206114478111E-005  6.798834291739127E-005  6.702026566456274E-005  6.600544652694999E-005  6.493326325059931E-005  6.378758553888462E-005  6.254338460354668E-005  5.955640628781844E-005  5.756423191859438E-005  5.463346685000470E-005
   779.000109135501       1.109329635084388E-004  1.080379879565639E-004  1.049230067936570E-004  1.015514590087596E-004  9.785978191937038E-005  9.376325898599216E-005  8.912497961698385E-005  8.653912691167684E-005  8.372458414576990E-005  8.063141608184761E-005  7.861410562340137E-005  7.719155043188975E-005  7.492482872931398E-005  7.331307296462949E-005  7.071523472097148E-005  6.883530089680861E-005  6.783897706903116E-005  6.679585737878299E-005  6.569532137928932E-005  6.452147126439971E-005  6.324922257347899E-005  6.020721202677019E-005  5.818866464798592E-005  5.523274057725698E-005
   781.000109415695       1.105373759982322E-004  1.076510631222720E-004  1.045543322387146E-004  1.012013486437114E-004  9.753022630841077E-005  9.345628762804662E-005  8.884430889925366E-005  8.627170821058171E-005  8.347360641514467E-005  8.040009330764880E-005  7.839672873358284E-005  7.698446622759281E-005  7.473461611081065E-005  7.313536267733140E-005  7.055868344915434E-005  6.869433376896222E-005  6.770634195196519E-005  6.667173069624589E-005  6.558010492302164E-005  6.441546290565973E-005  6.315282444207423E-005  6.013166136557524E-005  5.812486149364172E-005  5.518246084620237E-005
   783.000109695888       1.098718525008613E-004  1.070090007353227E-004  1.039309809868461E-004  1.006041610180223E-004  9.696127304146919E-005  9.292307653730085E-005  8.835227898020580E-005  8.580641269410164E-005  8.303917592723875E-005  8.000051677029609E-005  7.802144106399005E-005  7.662695049798477E-005  7.440626904940730E-005  7.282828077533391E-005  7.028600769412780E-005  6.844611545487328E-005  6.747064688069813E-005  6.644885603878929E-005  6.537023369766577E-005  6.421876929025898E-005  6.296951280228876E-005  5.997569441980145E-005  5.798271503958799E-005  5.505362431336173E-005
   785.000109976082       1.093733736256711E-004  1.065288383870205E-004  1.034772200139160E-004  1.001772983575141E-004  9.656701235942171E-005  9.256067886628046E-005  8.803006866979760E-005  8.550748506687929E-005  8.276336434768233E-005  7.975206827234110E-005  7.779055861734602E-005  7.640788873923625E-005  7.420693017703226E-005  7.264271365325391E-005  7.012181353309855E-005  6.829699562417409E-005  6.732908796687869E-005  6.631502127479221E-005  6.524414463651434E-005  6.410050024756048E-005  6.285911869513891E-005  5.988127240075503E-005  5.789640449215811E-005  5.497524472578899E-005
   787.000110256276       1.090048237007803E-004  1.062093686016773E-004  1.031968604551001E-004  9.994311170095848E-005  9.638408928512865E-005  9.242658616574657E-005  8.794487806947665E-005  8.544346105010173E-005  8.272242675563117E-005  7.973173273392163E-005  7.778207839658546E-005  7.640703415028799E-005  7.421600930782736E-005  7.265756797486270E-005  7.014440379345706E-005  6.832363957642878E-005  6.735753069342715E-005  6.634515880848508E-005  6.527584155400579E-005  6.413365729324464E-005  6.289368444221648E-005  5.991953840560967E-005  5.793822925994385E-005  5.502540588060997E-005
   789.000110536470       1.085431240246423E-004  1.057735205779804E-004  1.027923647865497E-004  9.956394514913420E-005  9.603104528544502E-005  9.210662094868783E-005  8.765923632813155E-005  8.517800131876762E-005  8.247764376413353E-005  7.951008200445287E-005  7.757567211000974E-005  7.621160674180733E-005  7.403816225066486E-005  7.249226907898716E-005  6.999951413537976E-005  6.819302483716935E-005  6.723423847901067E-005  6.622931678005797E-005  6.516748263702160E-005  6.403288441486904E-005  6.280061724401088E-005  5.984224468550003E-005  5.786894417602763E-005  5.496367048817969E-005
   791.000110816664       1.084821557380560E-004  1.056947073809961E-004  1.026978643349599E-004  9.945899488312840E-005  9.590825413666776E-005  9.197274224763069E-005  8.751660479073384E-005  8.503349193143623E-005  8.233412609352264E-005  7.937045176261506E-005  7.744069539341054E-005  7.608123247544057E-005  7.391653241558741E-005  7.237834447076447E-005  6.989934548458647E-005  6.810390148737320E-005  6.715116752590899E-005  6.615259570717344E-005  6.509747798992705E-005  6.397002882656933E-005  6.274534114538825E-005  5.980417850973793E-005  5.784116691200411E-005  5.494838142974151E-005
   793.000111096858       1.080377914592595E-004  1.052532079964126E-004  1.022631319807115E-004  9.903167650184409E-005  9.549889608642063E-005  9.157843203691198E-005  8.714764081703569E-005  8.468115003065872E-005  8.200223023742712E-005  7.906395833815929E-005  7.715175953056729E-005  7.580505535555174E-005  7.366141999183150E-005  7.213876022192845E-005  6.968524016529479E-005  6.790858144999137E-005  6.696573456642393E-005  6.597733490085829E-005  6.493277474770729E-005  6.381618003488805E-005  6.260278769919287E-005  5.968576921062620E-005  5.773611443533225E-005  5.485909198307298E-005
   795.000111377051       1.076191696556573E-004  1.048722577737984E-004  1.019220985845057E-004  9.873710472245284E-005  9.524675618852863E-005  9.137260416446744E-005  8.699001189561045E-005  8.454700894070495E-005  8.189202732674915E-005  7.897770063462826E-005  7.707947999423156E-005  7.574188403600668E-005  7.361187863711945E-005  7.209795835445475E-005  6.965680996391520E-005  6.788744581137155E-005  6.694800268759361E-005  6.596275667794504E-005  6.492113849132505E-005  6.380717471406691E-005  6.259618894516368E-005  5.968359779119773E-005  5.773626203847585E-005  5.486227077894334E-005
   797.000111657245       1.083204567381748E-004  1.055645268754509E-004  1.026077737725346E-004  9.939865998539488E-005  9.588880968664098E-005  9.198749222830489E-005  8.756378339034221E-005  8.509645846726806E-005  8.240877186549578E-005  7.945543602197701E-005  7.753029524782334E-005  7.617223457956082E-005  7.400875306671577E-005  7.247025026306815E-005  6.998966557906255E-005  6.819248445265672E-005  6.723883560238074E-005  6.623935790988511E-005  6.518342691630461E-005  6.405530793693216E-005  6.283037657475821E-005  5.989148370664794E-005  5.793332294948488E-005  5.505392022469033E-005
   799.000111937439       1.070269102317154E-004  1.043368979598527E-004  1.014521620249302E-004  9.832499925300684E-005  9.489650256387784E-005  9.108489115465960E-005  8.676705009040295E-005  8.435737055550755E-005  8.173465559642139E-005  7.885189331005738E-005  7.697273719366722E-005  7.564798636562606E-005  7.353608227584860E-005  7.203399085832106E-005  6.960995852712993E-005  6.785158946104676E-005  6.691763668922067E-005  6.593782781050182E-005  6.490171486304621E-005  6.379342825107327E-005  6.258845803285300E-005  5.969011408466244E-005  5.775269711499182E-005  5.489460261541667E-005
   801.000112217633       1.075503080995431E-004  1.048242893155830E-004  1.018960364819723E-004  9.873147219786408E-005  9.526247518477496E-005  9.140732017247614E-005  8.704082334673860E-005  8.460398513800587E-005  8.195331806347160E-005  7.904070060474845E-005  7.714215733977162E-005  7.580391600071752E-005  7.367235636852904E-005  7.215657030931871E-005  6.971212647381106E-005  6.794067076150088E-005  6.700033382261704E-005  6.601433019497062E-005  6.497222062904378E-005  6.385821962541766E-005  6.264777156192550E-005  5.973957054851632E-005  5.779822424036611E-005  5.493788834147324E-005
   803.000112497827       1.071395478593611E-004  1.044320151869187E-004  1.015247571378722E-004  9.837450714351076E-005  9.492421349773108E-005  9.109261285915564E-005  8.675096404669110E-005  8.432903464582233E-005  8.169505869386116E-005  7.880129105906093E-005  7.691696554693515E-005  7.558860373579569E-005  7.347353576696047E-005  7.197034066107079E-005  6.954684105565064E-005  6.779069442447539E-005  6.685833594987740E-005  6.588060969352016E-005  6.484705264920472E-005  6.374186236822759E-005  6.254051883953436E-005  5.965196633739684E-005  5.772151260444690E-005  5.487312855267178E-005
   805.000112778021       1.069988418414343E-004  1.043007876217002E-004  1.014089468390590E-004  9.827204452911131E-005  9.483644162219670E-005  9.102311842231797E-005  8.669730129645477E-005  8.428396910504757E-005  8.165749012015417E-005  7.877203587104123E-005  7.689209875911060E-005  7.556712461000931E-005  7.345672832288204E-005  7.195624239872043E-005  6.953706231391205E-005  6.778374394412611E-005  6.685280858903552E-005  6.587655705693768E-005  6.484448979370213E-005  6.374089269069531E-005  6.254131953677228E-005  5.965726695423921E-005  5.773026911041599E-005  5.488814647042678E-005
   807.000113058214       1.067136032919662E-004  1.040342247439520E-004  1.011635091918655E-004  9.804222119496947E-005  9.462949156304040E-005  9.083851827298238E-005  8.653801244268027E-005  8.413770357125665E-005  8.152548692876772E-005  7.865561730160031E-005  7.678587205138239E-005  7.546725803715808E-005  7.336759396917660E-005  7.187452652179567E-005  6.946692028867608E-005  6.772149402190521E-005  6.679459364008807E-005  6.582242999654843E-005  6.479447409050786E-005  6.369503480235534E-005  6.249971453815900E-005  5.962480691543287E-005  5.770320262997332E-005  5.486796150371366E-005
   809.000113338408       1.064034274006334E-004  1.037401406248306E-004  1.008758835982972E-004  9.777526640093169E-005  9.437805758853360E-005  9.060222595078167E-005  8.632353480278723E-005  8.393512651325750E-005  8.133633673506854E-005  7.848166291804919E-005  7.662179512712253E-005  7.531087464311271E-005  7.322283344494194E-005  7.173859994488079E-005  6.934472587514453E-005  6.760937944355752E-005  6.668775148277128E-005  6.572098529177497E-005  6.469857732110490E-005  6.360493186737269E-005  6.241561789763587E-005  5.955378219663432E-005  5.763956303679135E-005  5.481288781993582E-005
   811.000113618602       1.063282133216009E-004  1.036784000344310E-004  1.008275655550343E-004  9.774709344287399E-005  9.436900965773375E-005  9.061241018408744E-005  8.635133352238236E-005  8.397124602734901E-005  8.138065819039899E-005  7.853198624244269E-005  7.667548108199752E-005  7.536633061179099E-005  7.328091904551870E-005  7.179787051417705E-005  6.940511302922869E-005  6.766988200535923E-005  6.674823468621517E-005  6.578129379772867E-005  6.475863308471586E-005  6.366468531494134E-005  6.247503217311548E-005  5.961302201283483E-005  5.769986299539276E-005  5.487759392218985E-005
   813.000113898796       1.061719281964126E-004  1.035372855596770E-004  1.007055671866095E-004  9.763487231921528E-005  9.427307191671175E-005  9.053574213876853E-005  8.629004888716926E-005  8.391841398491340E-005  8.133639480272383E-005  7.849633535981716E-005  7.664425443406413E-005  7.533851334304357E-005  7.325696949842680E-005  7.177648137183799E-005  6.938736504361142E-005  6.765445211431421E-005  6.673379884116908E-005  6.576796272675625E-005  6.474641135160571E-005  6.365358480811159E-005  6.246522904153012E-005  5.960666817021722E-005  5.769636520702633E-005  5.487939040769270E-005
   815.000114178990       1.058736347726160E-004  1.032550493465009E-004  1.004393098040519E-004  9.738813410841569E-005  9.404402475631825E-005  9.032115441523200E-005  8.609747222638806E-005  8.373675855986424E-005  8.116795674307111E-005  7.834228982619698E-005  7.649972988858330E-005  7.520016375059334E-005  7.312994717600431E-005  7.165718115135944E-005  6.928083875139535E-005  6.755697969063183E-005  6.664124925784071E-005  6.568037845369836E-005  6.466394257564694E-005  6.357643623775808E-005  6.239364794129847E-005  5.954735499539254E-005  5.764422362860707E-005  5.483597984457750E-005
   817.000114459184       1.056155006706065E-004  1.030078869894272E-004  1.002089657658614E-004  9.717225012093333E-005  9.384250832250136E-005  9.014207102865864E-005  8.593866992031001E-005  8.358993489420546E-005  8.103245044002390E-005  7.822038280599645E-005  7.638681075941540E-005  7.509391064515672E-005  7.303354527035276E-005  7.156789321237066E-005  6.920265428803919E-005  6.748665471473032E-005  6.657488462511469E-005  6.561805488120901E-005  6.460580406898272E-005  6.352259991103482E-005  6.234426620107216E-005  5.950781020852740E-005  5.761055132648161E-005  5.480997012731513E-005
   819.000114739378       1.038417385385800E-004  1.012963135445111E-004  9.855994204863782E-005  9.559716159659174E-005  9.235424559472112E-005  8.875020571954100E-005  8.466421249369528E-005  8.238390354130177E-005  7.990397532414498E-005  7.718092742142639E-005  7.540674674513413E-005  7.415635158425508E-005  7.216424520306657E-005  7.074708818513585E-005  6.845925572786167E-005  6.679754130571236E-005  6.591346944318348E-005  6.498483674172280E-005  6.400110459516147E-005  6.294666116099323E-005  6.179742588768064E-005  5.901980301753972E-005  5.715164943155307E-005  5.437862744962921E-005
   821.000115019571       1.040924685980689E-004  1.015313214884707E-004  9.877779566187340E-005  9.580018345161158E-005  9.253782147654170E-005  8.891430570168087E-005  8.480899725274083E-005  8.252035369692210E-005  8.003123687354318E-005  7.729964361337354E-005  7.552149675671879E-005  7.426849350238855E-005  7.227348302250411E-005  7.085523854587272E-005  6.856651075057171E-005  6.690514272290011E-005  6.602164448220195E-005  6.509370178434398E-005  6.411091397528602E-005  6.305779136054083E-005  6.191025874557470E-005  5.913802067448997E-005  5.727426863110198E-005  5.450771153975843E-005
   823.000115299765       1.037874177450418E-004  1.012492772669979E-004  9.851663525878666E-005  9.556607854745470E-005  9.233503794005694E-005  8.874280804126075E-005  8.467027976329893E-005  8.239857579767372E-005  7.992668577248153E-005  7.721143198329767E-005  7.544242629577200E-005  7.419551560970472E-005  7.220866256325996E-005  7.079570571157077E-005  6.851427448853276E-005  6.685710656774862E-005  6.597559550810133E-005  6.504952949594784E-005  6.406853995516997E-005  6.301707640958069E-005  6.187118595486212E-005  5.910239265358761E-005  5.724101465932368E-005  5.447922977509494E-005
   825.000115579959       1.037227163355759E-004  1.011912792197349E-004  9.847502004907214E-005  9.552845878403843E-005  9.230355788640588E-005  8.872041488184117E-005  8.465373669598376E-005  8.238194609849621E-005  7.991020837138647E-005  7.719306623946556E-005  7.542192345391994E-005  7.417327619438827E-005  7.218361804137335E-005  7.076813024161541E-005  6.848218116347581E-005  6.682180514317037E-005  6.593855087063604E-005  6.501072629118772E-005  6.402794396374265E-005  6.297465142611320E-005  6.182687689575497E-005  5.905430712642491E-005  5.719118575696812E-005  5.442810190997566E-005
   827.000115860153       1.046037071413545E-004  1.020438707463665E-004  9.929424349663757E-005  9.631574469120973E-005  9.305408439910707E-005  8.942115220511891E-005  8.529626913207061E-005  8.299213281589041E-005  8.048149446726424E-005  7.772174500694402E-005  7.592158748698866E-005  7.465203758944632E-005  7.262833916119546E-005  7.118894273771290E-005  6.886532104664596E-005  6.717883251605880E-005  6.628226688020725E-005  6.534121569103110E-005  6.434522539304812E-005  6.327893436559079E-005  6.211836451973768E-005  5.932211025912878E-005  5.744953386746228E-005  5.468193310341017E-005
   829.000116140347       1.042699219857786E-004  1.017289995508520E-004  9.899477431729307E-005  9.603334573498164E-005  9.278726166671098E-005  8.917486694853738E-005  8.507290647681272E-005  8.278115463298549E-005  8.028525726842577E-005  7.754071463100692E-005  7.575155907265872E-005  7.448971657958687E-005  7.247934983917919E-005  7.104895806773608E-005  6.874007855471995E-005  6.706381603844735E-005  6.617272636788678E-005  6.523719424271691E-005  6.424688416182123E-005  6.318636250760845E-005  6.203178854701001E-005  5.924820275162166E-005  5.738239157456748E-005  5.462174754297449E-005
   831.000116420541       1.038814460049411E-004  1.013468567526879E-004  9.861522217005502E-005  9.566037203773606E-005  9.242621420906106E-005  8.882676869614385E-005  8.474349103067483E-005  8.246390477873814E-005  7.998224798384373E-005  7.725615604509269E-005  7.547983428238745E-005  7.422798608599130E-005  7.223349029132152E-005  7.081526395130411E-005  6.852683293624306E-005  6.686584758583113E-005  6.598276546982318E-005  6.505543812949451E-005  6.407357685176570E-005  6.302188248260464E-005  6.187634529185776E-005  5.911140565525250E-005  5.725481938768014E-005  5.450202723054910E-005
   833.000116700734       1.027642098012011E-004  1.002776181528400E-004  9.759994015874712E-005  9.470150187303766E-005  9.152974471554308E-005  8.800203798731529E-005  8.399683630931313E-005  8.176017890151914E-005  7.932650863376173E-005  7.665138395496740E-005  7.490743000340286E-005  7.367806909719415E-005  7.171813937152077E-005  7.032330523594548E-005  6.807014979107961E-005  6.643242465109049E-005  6.556085133986518E-005  6.464486216417045E-005  6.367424243379087E-005  6.263339605483537E-005  6.149847139822030E-005  5.875344234884010E-005  5.690583290847601E-005  5.416162560692594E-005
   835.000116980928       1.035110049905473E-004  1.009976426400542E-004  9.829109480331359E-005  9.536553305113327E-005  9.215311936602603E-005  8.858242426569758E-005  8.452754061090558E-005  8.226235421472635E-005  7.979600923220939E-005  7.708591143025204E-005  7.531908914686849E-005  7.407387706041512E-005  7.208956528621857E-005  7.067792656231148E-005  6.839963450334161E-005  6.674537085851091E-005  6.586573550027041E-005  6.494204710414964E-005  6.396397996711546E-005  6.291624476347170E-005  6.177519378147026E-005  5.902286115173126E-005  5.717731940695843E-005  5.444681983508017E-005
   837.000117261122       1.034924364779575E-004  1.009811341103719E-004  9.828630708812872E-005  9.536201605156749E-005  9.215604316195586E-005  8.858666577398473E-005  8.453170330405054E-005  8.226472805506996E-005  7.979419012976026E-005  7.707847373274468E-005  7.530697561067817E-005  7.405724603494796E-005  7.206512473290304E-005  7.064768558904649E-005  6.835890425953501E-005  6.669672435194824E-005  6.581279450860628E-005  6.488451837524874E-005  6.390167957460202E-005  6.284888648969624E-005  6.170237832181660E-005  5.893679076604301E-005  5.708155236453695E-005  5.433322407299212E-005
   839.000117541316       1.029511341534636E-004  1.004494746974202E-004  9.776061610642712E-005  9.485065131119249E-005  9.165626022750001E-005  8.810581686662035E-005  8.407527838356101E-005  8.182365819334460E-005  7.937361698370226E-005  7.668087013289827E-005  7.492585830904186E-005  7.368887154400732E-005  7.171870216529025E-005  7.031771797236453E-005  6.805683333302834E-005  6.641604300406019E-005  6.554383930498782E-005  6.462816693152254E-005  6.365885238604896E-005  6.262080314869693E-005  6.149052562992439E-005  5.876404855595264E-005  5.693418607276109E-005  5.422188600724477E-005
   841.000117821510       1.029106084994917E-004  1.004187106780266E-004  9.773284074554998E-005  9.482615907709102E-005  9.163931702206615E-005  8.808723870824542E-005  8.405470383439472E-005  8.180190663407393E-005  7.934819169134502E-005  7.665066050834464E-005  7.489298901598646E-005  7.365438703640756E-005  7.168145458921265E-005  7.027906791281496E-005  6.801773999668155E-005  6.637811028073644E-005  6.550706863703195E-005  6.459316557795129E-005  6.362623015743925E-005  6.259134491630187E-005  6.146530545201001E-005  5.875155370982031E-005  5.693144722754029E-005  5.423386688679761E-005
   843.000118101704       1.024220926704862E-004  9.993986088690165E-005  9.726716723592692E-005  9.437171332146271E-005  9.120098011257061E-005  8.767301060873337E-005  8.367286931924541E-005  8.144016140016401E-005  7.901178107222692E-005  7.634934591290376E-005  7.461697619627929E-005  7.339764774213885E-005  7.145854391144787E-005  7.008225372412073E-005  6.786597922228360E-005  6.626084718580772E-005  6.540843370806602E-005  6.451407634347607E-005  6.356772044599024E-005  6.255452916485051E-005  6.145135699293039E-005  5.878876229370142E-005  5.699932572765955E-005  5.434202935253837E-005
   845.000118381897       1.006937219202762E-004  9.829013713642651E-005  9.570239364885589E-005  9.290206614574718E-005  8.983641797810366E-005  8.642562347622077E-005  8.255944102799398E-005  8.040377972267999E-005  7.805906433523108E-005  7.548679542877454E-005  7.381362103550184E-005  7.263537839035876E-005  7.076023512690926E-005  6.942785321283925E-005  6.727800678360111E-005  6.571704282200954E-005  6.488615974051373E-005  6.401275510085294E-005  6.308663546724513E-005  6.209253015955820E-005  6.100696446722411E-005  5.837245211076793E-005  5.659071864910657E-005  5.393151687877978E-005
   847.000118662091       1.013034988916786E-004  9.881781509749442E-005  9.614059084675055E-005  9.324209350503902E-005  9.006671808363136E-005  8.654050758385099E-005  8.254748641397822E-005  8.032404727391133E-005  7.791340687615091E-005  7.527680627428254E-005  7.356750910135849E-005  7.236690629452989E-005  7.046326043029694E-005  6.911588974216577E-005  6.695246018414305E-005  6.538980940788052E-005  6.456096047913803E-005  6.369191999010147E-005  6.277276890016668E-005  6.178877601560599E-005  6.071718324796245E-005  5.812689378561708E-005  5.637971467913108E-005  5.377259931645733E-005
   849.000118942285       1.016071879539822E-004  9.916901160895804E-005  9.655305436617714E-005  9.372126756088761E-005  9.062433038506256E-005  8.718638058523209E-005  8.329762242711117E-005  8.113261341505158E-005  7.878221485823069E-005  7.620771593771224E-005  7.453488971519010E-005  7.335732196482733E-005  7.148417847142969E-005  7.015303327084364E-005  6.800383767432695E-005  6.644044176126615E-005  6.560694665116527E-005  6.472961962364559E-005  6.379784104447824E-005  6.279603733908765E-005  6.170018557943985E-005  5.903474870760108E-005  5.723010857408012E-005  5.453654593398923E-005
   851.000119222479       9.817470788244385E-005  9.574444810458784E-005  9.313629521301564E-005  9.031557314878778E-005  8.723603056785213E-005  8.382741590682653E-005  7.998930803572075E-005  7.786396475061290E-005  7.556749234742126E-005  7.306849900988204E-005  7.145443281002486E-005  7.032351704156496E-005  6.853297881275096E-005  6.726704881947498E-005  6.523349975796750E-005  6.376040570852596E-005  6.297656128052903E-005  6.215206812090591E-005  6.127644333048074E-005  6.033420628532060E-005  5.930125717254549E-005  5.676701023083583E-005  5.502061435632840E-005  5.235651728217517E-005
   853.000119502673       1.012779257268592E-004  9.888908444209390E-005  9.632784779740785E-005  9.355819411071620E-005  9.052977031249616E-005  8.716997340922610E-005  8.336566800579746E-005  8.124456734001282E-005  7.893725917315708E-005  7.640278851382950E-005  7.475021647834926E-005  7.358410662458295E-005  7.172291002643134E-005  7.039532132476556E-005  6.824254043286132E-005  6.666888019787499E-005  6.582754596416098E-005  6.494035438560239E-005  6.399654077551061E-005  6.298040098560008E-005  6.186782036539267E-005  5.916172443131532E-005  5.733388718128338E-005  5.461740002859429E-005
   855.000119782867       9.273925234321312E-005  9.040282368794183E-005  8.790815654292966E-005  8.522673561347885E-005  8.231950078381780E-005  7.913258745130032E-005  7.558871837511341E-005  7.364934468131233E-005  7.157405055624206E-005  6.933785374285791E-005  6.790463388071268E-005  6.690458492124907E-005  6.532567505541619E-005  6.421003435859050E-005  6.241198161239958E-005  6.109899914754399E-005  6.039477206635130E-005  5.964897598910955E-005  5.885065442946837E-005  5.798397099274180E-005  5.702480448294537E-005  5.463697189824278E-005  5.297024309328421E-005  5.039271290430192E-005
   857.000120063060       1.018251360087732E-004  9.949453471528393E-005  9.699394414456200E-005  9.428867177518260E-005  9.132052983893417E-005  8.801618439244846E-005  8.425084398453844E-005  8.213809233203300E-005  7.982582865089710E-005  7.726741715019071E-005  7.558806695450610E-005  7.439752232584063E-005  7.248785457087793E-005  7.111920778975441E-005  6.889025564086765E-005  6.725589980401649E-005  6.638141140267672E-005  6.545945161990589E-005  6.447948946741387E-005  6.342606732663836E-005  6.227550741242913E-005  5.949427429407053E-005  5.763382224466655E-005  5.490226776495992E-005
   859.000120343254       9.740610231529188E-005  9.506388409837019E-005  9.256957457294212E-005  8.988709062093722E-005  8.697492429943758E-005  8.377387840535500E-005  8.019341143586370E-005  7.822128312050467E-005  7.609785247494807E-005  7.379117021900638E-005  7.230152356815275E-005  7.125652261394487E-005  6.959782764413155E-005  6.842007588774846E-005  6.651477601241047E-005  6.512193888041799E-005  6.437587888476312E-005  6.358752738143977E-005  6.274655686054205E-005  6.183795574371346E-005  6.083887922388169E-005  5.838711033164121E-005  5.671118284481849E-005  5.419265828592708E-005
   861.000120623448       9.618151485743954E-005  9.383091622724312E-005  9.132335121859245E-005  8.862592022840845E-005  8.570578192485091E-005  8.250656860119545E-005  7.894425048542322E-005  7.699029328788318E-005  7.489570630114402E-005  7.263188650943906E-005  7.117666848222229E-005  7.015854248310766E-005  6.854725449260123E-005  6.740560901174007E-005  6.556220134071047E-005  6.421537537721924E-005  6.349370793617394E-005  6.273051033486359E-005  6.191552716126777E-005  6.103363500220475E-005  6.006189169379333E-005  5.766610691224635E-005  5.601860520824193E-005  5.353204986701696E-005
   863.000120903642       1.020430334948750E-004  9.979333275819845E-005  9.736496945528623E-005  9.472910398748924E-005  9.182984513137007E-005  8.858332068658924E-005  8.485587251613558E-005  8.274818685454548E-005  8.042807515203874E-005  7.784302963153740E-005  7.613516080803288E-005  7.491925737364489E-005  7.296061415429130E-005  7.155086926893296E-005  6.924653287312831E-005  6.755345659009175E-005  6.664743316806530E-005  6.569296026677310E-005  6.467987955542111E-005  6.359329612142873E-005  6.241000671567566E-005  5.956710276049939E-005  5.767955338467745E-005  5.492765083707700E-005
   865.000121183836       9.881400306745923E-005  9.664605202032264E-005  9.432666560347164E-005  9.181979081952899E-005  8.907966844908854E-005  8.603076082482659E-005  8.256015576017030E-005  8.061319915747179E-005  7.848298972680360E-005  7.612352026769465E-005  7.457272957595883E-005  7.347153440267782E-005  7.170083006945727E-005  7.042701403533219E-005  6.834062059358425E-005  6.679912446310609E-005  6.596955626626602E-005  6.509111219909126E-005  6.415297247383680E-005  6.313944595437494E-005  6.202662986739379E-005  5.931346384141514E-005  5.748200466887148E-005  5.477205523895487E-005
   867.000121464030       8.487862200534985E-005  8.283893423569297E-005  8.069931960037635E-005  7.844416458649410E-005  7.605361327686816E-005  7.349897831871488E-005  7.073839847883073E-005  6.926086849515821E-005  6.770099000166846E-005  6.603666140072792E-005  6.497294042718131E-005  6.422905660590196E-005  6.304665016263539E-005  6.220127748512664E-005  6.081291085019220E-005  5.977301018234057E-005  5.920470599219507E-005  5.859424419975536E-005  5.793060073408832E-005  5.719787886420372E-005  5.637189557347738E-005  5.424896163837559E-005  5.272220424283228E-005  5.033610995936810E-005
   869.000121744224       9.912767785580144E-005  9.698954280148856E-005  9.469643453719669E-005  9.221092713484089E-005  8.948050501761223E-005  8.642589712356070E-005  8.292359278741668E-005  8.094598647367174E-005  7.876978513065440E-005  7.634601701418076E-005  7.474431291257816E-005  7.360355164924758E-005  7.176367902735321E-005  7.043660552474756E-005  6.825991855527984E-005  6.665252962286581E-005  6.578887330824128E-005  6.487600237573068E-005  6.390349841577434E-005  6.285606505360375E-005  6.171032179728651E-005  5.893583872705943E-005  5.707768466934551E-005  5.434919024403735E-005
   871.000122024417       1.032273024757120E-004  1.010071045943891E-004  9.860985964848329E-005  9.598760396730496E-005  9.308723414552701E-005  8.981067893254123E-005  8.601706675410711E-005  8.385487758889957E-005  8.146126564648633E-005  7.877556945900349E-005  7.699031715387278E-005  7.571453875330964E-005  7.365106937281225E-005  7.216068142560579E-005  6.971791599029717E-005  6.792223268674932E-005  6.696243946329284E-005  6.595318684127712E-005  6.488502171731583E-005  6.374389589160044E-005  6.250752509059397E-005  5.956672177435322E-005  5.763718302775680E-005  5.485395438809159E-005
   873.000122304611       9.935104950650460E-005  9.731449295428318E-005  9.512101220003930E-005  9.273480168780776E-005  9.009423954929038E-005  8.712026398625769E-005  8.367911299433582E-005  8.172061893102013E-005  7.955324015211288E-005  7.712309324480577E-005  7.550907822737843E-005  7.435497523808751E-005  7.248686819343451E-005  7.113478773707751E-005  6.890959779805762E-005  6.726170433590608E-005  6.637521856017026E-005  6.543797440949956E-005  6.443957661636292E-005  6.336496187027013E-005  6.219111550345656E-005  5.936091956825379E-005  5.747898689683930E-005  5.473767250849518E-005
   875.000122584805       8.139154750471800E-005  7.971538290715282E-005  7.797288572537362E-005  7.614697611059854E-005  7.422613831492331E-005  7.217949845134188E-005  6.996646410695346E-005  6.877527505898998E-005  6.750858361133499E-005  6.614060451456970E-005  6.525546285719739E-005  6.463036640949099E-005  6.362629444513092E-005  6.290036087889332E-005  6.169474072462841E-005  6.078249133633475E-005  6.028137451704453E-005  5.974155419854716E-005  5.915341263043465E-005  5.850306449873488E-005  5.776932809096252E-005  5.588191002605559E-005  5.451937732970672E-005  5.237081641521955E-005
   877.000122864999       9.575797374534866E-005  9.385142691519310E-005  9.180711294210835E-005  8.959418457571887E-005  8.715561083461225E-005  8.442642154628018E-005  8.128994372196623E-005  7.951342286534607E-005  7.755651043382149E-005  7.537210326280436E-005  7.392510123700258E-005  7.289171101694701E-005  7.121856270522808E-005  7.000595987817401E-005  6.800267302448749E-005  6.650918957034514E-005  6.570088806670376E-005  6.484190594623101E-005  6.392140425998242E-005  6.292397429697218E-005  6.182609623424300E-005  5.914299928492369E-005  5.733168501772818E-005  5.465954607502790E-005
   879.000123145193       1.036249536441923E-004  1.014152785640851E-004  9.902507470594203E-005  9.640315445889938E-005  9.348928215989369E-005  9.018984541585691E-005  8.635278582671323E-005  8.415949671391160E-005  8.172346045752026E-005  7.898379296344862E-005  7.715913366373370E-005  7.585317301127133E-005  7.373878033145557E-005  7.221029669737164E-005  6.970539158811537E-005  6.786686976604103E-005  6.688628634765835E-005  6.585740267491798E-005  6.477160508044104E-005  6.361579181741454E-005  6.236878379338756E-005  5.942370104148937E-005  5.750332723465623E-005  5.474210668789493E-005
   881.000123425386       1.044723924411821E-004  1.022128331872463E-004  9.975804973431563E-005  9.706114374101204E-005  9.405446343771585E-005  9.064943467293113E-005  8.668935358386741E-005  8.442731253883678E-005  8.191635995713404E-005  7.909535713058009E-005  7.721819827490117E-005  7.587600296524451E-005  7.370520329603352E-005  7.213861245542294E-005  6.957780913061954E-005  6.770477998554885E-005  6.670891871073437E-005  6.566646508702299E-005  6.456926970937605E-005  6.340475338708464E-005  6.215220640138562E-005  5.920628558266176E-005  5.729089394979268E-005  5.454000122230941E-005
   883.000123705580       1.013568964391888E-004  9.925548072650794E-005  9.697553909484359E-005  9.447494331687683E-005  9.169396234007922E-005  8.853523956656166E-005  8.485452647737379E-005  8.274915602218870E-005  8.041179562991805E-005  7.778225585142632E-005  7.603192867969649E-005  7.477910294085217E-005  7.275152385176914E-005  7.128566564859177E-005  6.888325164286200E-005  6.711809180194551E-005  6.617568061553943E-005  6.518568055778095E-005  6.413936816794571E-005  6.302330557625279E-005  6.181611497277851E-005  5.894978529797359E-005  5.706779301659877E-005  5.434351015574238E-005
   885.000123985774       9.062267892010723E-005  8.904618421691547E-005  8.733532469581307E-005  8.546988890527024E-005  8.340101689305935E-005  8.106043263995347E-005  7.834973716117923E-005  7.680587606265162E-005  7.509805119853610E-005  7.318257943803701E-005  7.190796820190095E-005  7.099469525819583E-005  6.950970583417130E-005  6.842784494855452E-005  6.662946228973862E-005  6.527794473683426E-005  6.454246096359225E-005  6.375731232152927E-005  6.291190754616667E-005  6.199099839279397E-005  6.097119841407613E-005  5.845074536078240E-005  5.672520955218838E-005  5.414410527667446E-005
   887.000124265968       7.759612079536553E-005  7.635279447442004E-005  7.504336453896727E-005  7.364723929435138E-005  7.214646206748613E-005  7.050442402866669E-005  6.866978676530825E-005  6.765325579462594E-005  6.654837481387811E-005  6.532742223976758E-005  6.452167633714520E-005  6.394606476598607E-005  6.300995346922796E-005  6.232525983684942E-005  6.117510274610352E-005  6.029576476075284E-005  5.981001402182312E-005  5.928482414065920E-005  5.871078841457094E-005  5.807417386815165E-005  5.735408977899089E-005  5.549666640565871E-005  5.415402709275947E-005  5.203631044967097E-005
   889.000124546162       9.784369662877168E-005  9.599727118316674E-005  9.398566859555552E-005  9.177453269226956E-005  8.930056484833557E-005  8.647447425539355E-005  8.315732205169129E-005  8.124864159259668E-005  7.912075959634341E-005  7.671782011022976E-005  7.511292142279700E-005  7.396140930285251E-005  7.209174988022507E-005  7.073525156061349E-005  6.849950899563511E-005  6.684402151049350E-005  6.595446144757637E-005  6.501522989713383E-005  6.401662902736117E-005  6.294447853339721E-005  6.177670932361455E-005  5.897527142496090E-005  5.712089257517107E-005  5.442615276154411E-005
   891.000124826356       1.035845286651882E-004  1.013601398850315E-004  9.893537138695560E-005  9.626413448618129E-005  9.329225108020814E-005  8.992134396354777E-005  8.600090917887115E-005  8.376385886104185E-005  8.128429940131065E-005  7.850125198143897E-005  7.665212775486674E-005  7.533168451732936E-005  7.319801951196855E-005  7.165956813016779E-005  6.914700946961575E-005  6.731025194833141E-005  6.633354283431015E-005  6.531093712657522E-005  6.423407787572980E-005  6.309036367690670E-005  6.185901396867079E-005  5.895779325906512E-005  5.706803409774125E-005  5.435081390411603E-005
   893.000125106549       1.052646918576830E-004  1.028670812769233E-004  1.002609030468716E-004  9.738814347326618E-005  9.420136961150659E-005  9.059775760180184E-005  8.643902246788002E-005  8.408332502702205E-005  8.148770978714783E-005  7.859440112072720E-005  7.668346380314044E-005  7.532354041660897E-005  7.313565400319792E-005  7.156509571305960E-005  6.901187797204199E-005  6.715474040700791E-005  6.617042074084182E-005  6.514222362691022E-005  6.406206702687306E-005  6.291748554531203E-005  6.168801504500147E-005  5.879913449331070E-005  5.691993693882646E-005  5.421665248491393E-005
   895.000125386743       1.062276346709043E-004  1.038009100130017E-004  1.011498507701296E-004  9.823949019579920E-005  9.499786959556983E-005  9.133510251318410E-005  8.710789965858193E-005  8.471263275225097E-005  8.207387657808364E-005  7.913331009064412E-005  7.719023727270804E-005  7.580756796903843E-005  7.358277045177150E-005  7.198547135677608E-005  6.938947666064925E-005  6.750180641062502E-005  6.650191828183143E-005  6.545781432838624E-005  6.436177067325425E-005  6.320142150194625E-005  6.195645288235631E-005  5.903824426676537E-005  5.714564918289596E-005  5.443069914919438E-005
   897.000125666937       1.037553937354386E-004  1.015172817851528E-004  9.907401052420737E-005  9.637906761676017E-005  9.337387460289192E-005  8.996659618052294E-005  8.600077162135790E-005  8.373976989185592E-005  8.123691687246607E-005  7.843219114994716E-005  7.657164497667852E-005  7.524408061530465E-005  7.310224405130181E-005  7.156047838828084E-005  6.904716803659803E-005  6.721328221161960E-005  6.623940711873007E-005  6.522065509690115E-005  6.414883737317215E-005  6.301140455562907E-005  6.178784232425593E-005  5.890796413707221E-005  5.703325817634210E-005  5.433685589539015E-005
   899.000125947131       9.761085692729468E-005  9.583054899843295E-005  9.388833717866671E-005  9.173162051699194E-005  8.929727752284548E-005  8.649749006825712E-005  8.318723081313149E-005  8.127305873961328E-005  7.913114406039912E-005  7.670549541420588E-005  7.508115372814922E-005  7.391478152023969E-005  7.201948473927521E-005  7.064376502823494E-005  6.837704754650407E-005  6.670082713292347E-005  6.580144500927330E-005  6.485313065245767E-005  6.384649128652414E-005  6.276771690766235E-005  6.159525683130809E-005  5.879256155005985E-005  5.694387886199393E-005  5.426400056272423E-005
   901.000126227325       7.710442790730182E-005  7.604552374566306E-005  7.490887862644908E-005  7.367106363058652E-005  7.230491350308367E-005  7.077277352035666E-005  6.901020945112278E-005  6.801189129281338E-005  6.691094820923565E-005  6.567542700355583E-005  6.485133880551898E-005  6.425868579525075E-005  6.328891189969148E-005  6.257602639850794E-005  6.137364131241475E-005  6.045202369273186E-005  5.994262544700555E-005  5.939202642839928E-005  5.879064405273129E-005  5.812461964227246E-005  5.737298886444189E-005  5.544602740100934E-005  5.406603386749512E-005  5.191106326888720E-005
   903.000126507519       8.522433229839978E-005  8.394919417224022E-005  8.255956096037839E-005  8.102590397362307E-005  7.931357328429730E-005  7.736379524809845E-005  7.508936456714356E-005  7.378664715010792E-005  7.234067556447783E-005  7.071102412242405E-005  6.962177426122041E-005  6.883855584774452E-005  6.755959702666542E-005  6.662331961715150E-005  6.505630137839958E-005  6.386873608829669E-005  6.321852841327821E-005  6.252113436318931E-005  6.176624082833157E-005  6.093908081457881E-005  6.001711105632563E-005  5.771091319263191E-005  5.610942849278166E-005  5.368076131762637E-005
   905.000126787713       9.924060901198492E-005  9.734262647408224E-005  9.526228848015739E-005  9.296834852465886E-005  9.038738906184649E-005  8.742662243364293E-005  8.393876438801099E-005  8.192675819390814E-005  7.968209092807909E-005  7.714450972039943E-005  7.544869883706011E-005  7.423227385713561E-005  7.225943191186200E-005  7.083035375129186E-005  6.848336711821903E-005  6.675559608929742E-005  6.583197256804886E-005  6.486093897473328E-005  6.383374099344600E-005  6.273717142310618E-005  6.155027909216757E-005  5.873175220164375E-005  5.688423108121955E-005  5.421843396866314E-005
   907.000127067906       1.015490789377414E-004  9.933333695494808E-005  9.692266043474439E-005  9.427820669958219E-005  9.133207040999471E-005  8.800032141239138E-005  8.414345422479941E-005  8.195134212984229E-005  7.953151323834700E-005  7.682681467790212E-005  7.503612991273154E-005  7.375947861291770E-005  7.170169626426797E-005  7.022129038012631E-005  6.780828545897318E-005  6.604716772734675E-005  6.511127496407476E-005  6.413177700686736E-005  6.310032648363168E-005  6.200446856237886E-005  6.082373074553738E-005  5.803456548984539E-005  5.620972435039412E-005  5.357248704418670E-005
   909.000127348100       1.018333791123711E-004  9.949492930738897E-005  9.695734597688423E-005  9.417141596889161E-005  9.108183484884048E-005  8.761010770437605E-005  8.362933180509380E-005  8.138585758628243E-005  7.892418453851977E-005  7.619210204483903E-005  7.439282214559585E-005  7.311457748893867E-005  7.106117744769811E-005  6.958825612251741E-005  6.719466127864884E-005  6.545253864286289E-005  6.452808776470848E-005  6.356135209789167E-005  6.254421461347061E-005  6.146423900544396E-005  6.030103858869277E-005  5.755236143344045E-005  5.575067603268454E-005  5.313962468578991E-005
   911.000127628294       1.049056471901437E-004  1.024167155675749E-004  9.970728799453497E-005  9.673432227959658E-005  9.343984579400025E-005  8.974156685659462E-005  8.550814631688154E-005  8.312893612418194E-005  8.052265055860194E-005  7.763633336619684E-005  7.573922321232491E-005  7.439323302180739E-005  7.223464232712709E-005  7.068955078873946E-005  6.818474728844114E-005  6.636754437059860E-005  6.540572683275069E-005  6.440195308324294E-005  6.334833676926783E-005  6.223271565622472E-005  6.103486549071152E-005  5.822091614472398E-005  5.638929268458613E-005  5.375104123407933E-005
   913.000127908488       1.057049731569813E-004  1.031764956527686E-004  1.004351480907417E-004  9.742185055979313E-005  9.408652364626388E-005  9.034585880687115E-005  8.606307204674484E-005  8.365602189644299E-005  8.102136638015135E-005  7.810316048365818E-005  7.618525318654149E-005  7.482476337191860E-005  7.264240933863563E-005  7.108008270538368E-005  6.854738046958134E-005  6.671011677518348E-005  6.573796731245739E-005  6.472351419033817E-005  6.365905411902184E-005  6.253243678147665E-005  6.132361724981014E-005  5.848821125743841E-005  5.664683201913013E-005  5.400123469434251E-005
   915.000128188682       1.053366207373231E-004  1.028711999278531E-004  1.001845980426096E-004  9.723231402597096E-005  9.395561508380414E-005  9.027401971221992E-005  8.604976046615965E-005  8.366859201224539E-005  8.105623283685172E-005  7.815522588627546E-005  7.624450719818312E-005  7.488730617790904E-005  7.270723307317680E-005  7.114435255705012E-005  6.860801584932149E-005  6.676586246864512E-005  6.579058695047870E-005  6.477272846706324E-005  6.370452284734398E-005  6.257392224362841E-005  6.136100029861984E-005  5.851766329595535E-005  5.667339190035581E-005  5.402797276918543E-005
   917.000128468876       1.035007604901797E-004  1.011825728128375E-004  9.865431769606628E-005  9.587506939613325E-005  9.278204571911593E-005  8.928927952329136E-005  8.525813691048080E-005  8.297347992951286E-005  8.045659573022558E-005  7.765008459885691E-005  7.579533724955158E-005  7.447522470880404E-005  7.235057101446628E-005  7.082442693077308E-005  6.834250556723886E-005  6.653582820004043E-005  6.557771936792672E-005  6.457654488026656E-005  6.352439114659432E-005  6.240902592337974E-005  6.121042210335500E-005  5.839311043914194E-005  5.656090755278205E-005  5.392714090570856E-005
   919.000128749069       9.971271646125982E-005  9.771090121455471E-005  9.552829931041494E-005  9.311077488407381E-005  9.040382575869778E-005  8.731031490661647E-005  8.368995885372583E-005  8.161333877185602E-005  7.930575623445525E-005  7.670836057566938E-005  7.498003524714947E-005  7.374369717234469E-005  7.174461256293658E-005  7.030159544156811E-005  6.794112276996796E-005  6.621145417567619E-005  6.528975976639772E-005  6.432320584528716E-005  6.330325973523672E-005  6.221738114742224E-005  6.104512364104271E-005  5.827081760757622E-005  5.645593109989496E-005  5.383745006071989E-005
   921.000129029263       9.087082040182924E-005  8.942195652130357E-005  8.782666969815343E-005  8.604474203471853E-005  8.402200290986041E-005  8.168019411289147E-005  7.889854214961318E-005  7.728550618198521E-005  7.547911768200660E-005  7.342979298313864E-005  7.205564775272358E-005  7.106684778674237E-005  6.945612879316390E-005  6.828172115119509E-005  6.633373142660375E-005  6.487840945677540E-005  6.409091011479960E-005  6.325458788597651E-005  6.235967070470566E-005  6.139189027134844E-005  6.032928456321618E-005  5.774510605486740E-005  5.600983327742777E-005  5.345912659025194E-005
   923.000129309457       6.985725318514569E-005  6.910586134979108E-005  6.829842798121301E-005  6.742033453353756E-005  6.645504228307171E-005  6.537536612196096E-005  6.413546727742149E-005  6.343308881026184E-005  6.265580349416450E-005  6.177904314476130E-005  6.118965877865668E-005  6.076292878431522E-005  6.005881274105031E-005  5.953549066097336E-005  5.864034332243307E-005  5.794222644531879E-005  5.755136978422728E-005  5.712473085420555E-005  5.665347330642678E-005  5.612490234370278E-005  5.551943179034051E-005  5.392048239387072E-005  5.273218672286514E-005  5.080911786944772E-005
   925.000129589651       8.770220762013805E-005  8.636079552669402E-005  8.488530321826809E-005  8.324145652867066E-005  8.138052347490045E-005  7.923318152840993E-005  7.669277770401858E-005  7.522471548808105E-005  7.358440011735856E-005  7.172697069029201E-005  7.048263381370217E-005  6.958713954536823E-005  6.812683576404362E-005  6.706018101785705E-005  6.528390732079004E-005  6.394866301692305E-005  6.322244171638027E-005  6.244793370467848E-005  6.161494680256615E-005  6.070901117552222E-005  5.970779883679872E-005  5.724357230475810E-005  5.556558734839605E-005  5.306815560161577E-005
   927.000129869845       9.616850601840320E-005  9.432671990442701E-005  9.231392581098000E-005  9.008605693776114E-005  8.758712719470849E-005  8.472981080168105E-005  8.137892531368018E-005  7.945402309146041E-005  7.731092540197703E-005  7.489704750239703E-005  7.328853306704975E-005  7.213716909616335E-005  7.027290523872566E-005  6.892533133387846E-005  6.671592248924466E-005  6.509164251944256E-005  6.422382906838173E-005  6.331153883077251E-005  6.234633370021509E-005  6.131544968382646E-005  6.019838156735478E-005  5.753597511862149E-005  5.577936493926546E-005  5.322461225795059E-005
   929.000130150039       1.018801156747362E-004  9.965040878808073E-005  9.721023394336735E-005  9.453444643122463E-005  9.155100010312929E-005  8.817830944523187E-005  8.427592157912451E-005  8.206110565762672E-005  7.961729076329480E-005  7.688759519879038E-005  7.508134145454648E-005  7.379483849152561E-005  7.172224976150645E-005  7.023211206396161E-005  6.780642919550288E-005  6.603883184455099E-005  6.510074686447255E-005  6.411986425629622E-005  6.308840385878553E-005  6.199418039160560E-005  6.081733078500283E-005  5.804774215830764E-005  5.624454959107551E-005  5.365054362471777E-005
   931.000130430233       1.033856832588917E-004  1.009944898724509E-004  9.839641151810940E-005  9.554464045120458E-005  9.238131318492008E-005  8.882219536369892E-005  8.473779261522969E-005  8.243328369844396E-005  7.990590863927747E-005  7.709735566705464E-005  7.524685173805354E-005  7.393170285270116E-005  7.181887447356873E-005  7.030359361112744E-005  6.784312239302114E-005  6.605492285412336E-005  6.510752283839256E-005  6.411825500406840E-005  6.307937807391612E-005  6.197893792395455E-005  6.079724800364920E-005  5.802247364032310E-005  5.621934448270609E-005  5.362875143219771E-005
   933.000130710426       1.037665582069200E-004  1.013100628925417E-004  9.863860395899554E-005  9.570986671276395E-005  9.246923350784754E-005  8.883534159820892E-005  8.468085734747190E-005  8.234777694896207E-005  7.979283304788382E-005  7.696385393944674E-005  7.510447268436748E-005  7.378564943857350E-005  7.166922391790747E-005  7.015392538062090E-005  6.769691932945647E-005  6.591368645001171E-005  6.496965356803485E-005  6.398443100290244E-005  6.295020229025463E-005  6.185506732576537E-005  6.067931433685294E-005  5.791869288188318E-005  5.612406393271236E-005  5.354373784036228E-005
   935.000130990620       1.040193600462456E-004  1.015267704614624E-004  9.882567843474246E-005  9.586840921344313E-005  9.259334272962877E-005  8.892635899946442E-005  8.473900463231377E-005  8.239054337938745E-005  7.982240513671726E-005  7.698051015880973E-005  7.511413276460068E-005  7.379048281715886E-005  7.166748244498261E-005  7.014779759982643E-005  6.768423056979294E-005  6.589669547419585E-005  6.495068801832691E-005  6.396339900432575E-005  6.292735615029387E-005  6.183051625293433E-005  6.065343418244140E-005  5.789135037490980E-005  5.609719593506642E-005  5.351967672112196E-005
   937.000131270814       1.040092849050771E-004  1.015107556338369E-004  9.880270623691498E-005  9.583646335317700E-005  9.255988101639805E-005  8.888768830315501E-005  8.469700736996253E-005  8.234764841148869E-005  7.977880274036469E-005  7.693837024796755E-005  7.507283944176824E-005  7.374993412615727E-005  7.162833463926713E-005  7.010952404119790E-005  6.764689619683922E-005  6.585999777781672E-005  6.491429533847405E-005  6.392725984802195E-005  6.289144635023229E-005  6.179498581116296E-005  6.061836125991256E-005  5.785817844970636E-005  5.606614502964471E-005  5.349332909769155E-005
   939.000131551008       1.031969446167296E-004  1.007309407140942E-004  9.805179875475472E-005  9.511925227921126E-005  9.188035335003996E-005  8.825328526028959E-005  8.411923558566618E-005  8.180146500321532E-005  7.926925634129280E-005  7.647003882496415E-005  7.463300505498280E-005  7.333069558319502E-005  7.124270861626357E-005  6.974858554580994E-005  6.732699098943210E-005  6.556963825486326E-005  6.463943106529354E-005  6.366832733477425E-005  6.264870621590856E-005  6.156869516914021E-005  6.040872467972165E-005  5.768252783381888E-005  5.590815475939307E-005  5.335400817260018E-005
   941.000131831202       9.984942183787385E-005  9.749266628927994E-005  9.494550040136202E-005  9.216211520870509E-005  8.909305928582887E-005  8.566723688755107E-005  8.176792564719518E-005  7.958506875193213E-005  7.720244149035070E-005  7.457049232653876E-005  7.284436015565258E-005  7.162157704462626E-005  6.966140198733011E-005  6.825891562501738E-005  6.598441113785149E-005  6.433150451850143E-005  6.345472809188773E-005  6.253790828611319E-005  6.157287837201484E-005  6.054750674710194E-005  5.944192636426809E-005  5.682257158644994E-005  5.509996334141946E-005  5.259495636421267E-005
   943.000132111396       1.020619815048202E-004  9.963718583029101E-005  9.700633281828491E-005  9.413058696014892E-005  9.095586807606039E-005  8.740086309099075E-005  8.334903381435810E-005  8.107765986450226E-005  7.859569538041612E-005  7.585197834009970E-005  7.405136263819898E-005  7.277449435407507E-005  7.072767755053100E-005  6.926306379531960E-005  6.688883107148073E-005  6.516523196767307E-005  6.425229979600261E-005  6.329884347510686E-005  6.229702881830006E-005  6.123496514573113E-005  6.009304326615311E-005  5.740308196957207E-005  5.564687676026191E-005  5.311067193252775E-005
   945.000132391589       1.017924933341367E-004  9.940654178900670E-005  9.681393668928866E-005  9.397841317178132E-005  9.084373250448606E-005  8.732330205739941E-005  8.330308889290738E-005  8.104432005822328E-005  7.857243079944587E-005  7.583554509463720E-005  7.403691906494243E-005  7.276130689471331E-005  7.071549568005770E-005  6.925109870509034E-005  6.687686679046295E-005  6.515348151350168E-005  6.424074030151506E-005  6.328756666112585E-005  6.228623702561002E-005  6.122483710255543E-005  6.008377405361915E-005  5.739700031204723E-005  5.564397676229788E-005  5.311355708264265E-005
   947.000132671783       1.011340749351044E-004  9.884817682485653E-005  9.636386820225235E-005  9.363602765749748E-005  9.061062712066775E-005  8.720304697059633E-005  8.328429973999748E-005  8.107261971309495E-005  7.864218140420113E-005  7.593949820533680E-005  7.415712983256003E-005  7.288975619058733E-005  7.085200207266596E-005  6.939006608752462E-005  6.701410132787424E-005  6.528556296696715E-005  6.436904337150355E-005  6.341128762704220E-005  6.240454393517969E-005  6.133695652426005E-005  6.018906609444858E-005  5.748736823030061E-005  5.572737513910839E-005  5.319343919575600E-005
   949.000132951977       9.928089632877140E-005  9.716847215130517E-005  9.487467030637795E-005  9.235116092639147E-005  8.953639352643155E-005  8.634380411153914E-005  8.264221945839627E-005  8.053511999753663E-005  7.820685017354440E-005  7.560161473138607E-005  7.387501762271444E-005  7.264353864472407E-005  7.065740408338332E-005  6.922764445523425E-005  6.689650433683726E-005  6.519451380355175E-005  6.429007438937611E-005  6.334328641300573E-005  6.234638446336065E-005  6.128736824473604E-005  6.014671437119198E-005  5.745590438909962E-005  5.570040069322814E-005  5.317216430537046E-005
   951.000133232171       9.523964534806078E-005  9.347440431888295E-005  9.153959619792105E-005  8.939193518273943E-005  8.697035255896854E-005  8.418858684997573E-005  8.090979720345889E-005  7.901945043725435E-005  7.690967130487915E-005  7.452674538039359E-005  7.293582386085200E-005  7.179619278683940E-005  6.994851089966081E-005  6.861151898603930E-005  6.641786471071393E-005  6.480427699303699E-005  6.394201210375374E-005  6.303554420254251E-005  6.207651439400751E-005  6.105240099244838E-005  5.994315407243201E-005  5.730421991732541E-005  5.556959289934745E-005  5.305875868628792E-005
   953.000133512365       8.575861821537105E-005  8.452987758945281E-005  8.316894377150569E-005  8.164509889062657E-005  7.991294633091027E-005  7.790268135336999E-005  7.551278667974852E-005  7.412610689753335E-005  7.257284833522016E-005  7.080909471197151E-005  6.962452445249528E-005  6.877096606799122E-005  6.737623377915933E-005  6.635548020757479E-005  6.465184216795302E-005  6.336789528563211E-005  6.266841583748598E-005  6.192148331352251E-005  6.111729749513456E-005  6.024162907153317E-005  5.927293606816762E-005  5.688647878669896E-005  5.526186631424652E-005  5.284732324392236E-005
   955.000133792559       6.750964467586681E-005  6.688142777740691E-005  6.619592642525902E-005  6.544675601592998E-005  6.461531559059183E-005  6.367671852011978E-005  6.258524827076001E-005  6.196164129736836E-005  6.126608387364987E-005  6.047614911615995E-005  5.994203283426248E-005  5.955377486367322E-005  5.891040092381406E-005  5.843021177599017E-005  5.760527445778227E-005  5.695881409263154E-005  5.659589522065765E-005  5.619892272927316E-005  5.575950999418288E-005  5.526552182094531E-005  5.469835336503454E-005  5.319442510010437E-005  5.207182144795267E-005  5.024780721981554E-005
   957.000134072752       8.735308264359228E-005  8.604674698832109E-005  8.460623518370095E-005  8.298722639411526E-005  8.114475556774473E-005  7.900564356737464E-005  7.645685971252413E-005  7.497646391271938E-005  7.331766030495475E-005  7.143375350580626E-005  7.016973231664466E-005  6.925956951612416E-005  6.777498227510341E-005  6.669141718600169E-005  6.488981657204601E-005  6.353946550322335E-005  6.280693172596273E-005  6.202721223560974E-005  6.119083188268855E-005  6.028381752851948E-005  5.928493450640036E-005  5.684328405331940E-005  5.519522291984243E-005  5.276279668203652E-005
   959.000134352946       9.509389026160443E-005  9.330135372202489E-005  9.133236826258344E-005  8.915662565932768E-005  8.670735007003265E-005  8.389990177309285E-005  8.060068953162411E-005  7.870113269505666E-005  7.658545692352861E-005  7.419889042361438E-005  7.260765210111054E-005  7.146795799881103E-005  6.962259285356010E-005  6.828836225716134E-005  6.610182561158067E-005  6.449563749965581E-005  6.363810487115870E-005  6.273723160529650E-005  6.178479806598624E-005  6.076850175273023E-005  5.966854074995848E-005  5.705409030382617E-005  5.533665361014205E-005  5.285135174517457E-005
   961.000134633140       9.736951763338990E-005  9.530599793452525E-005  9.305938368285090E-005  9.058389947823138E-005  8.783381987197250E-005  8.472074226584304E-005  8.111828346632132E-005  7.907250363676106E-005  7.681319835532172E-005  7.429014338772495E-005  7.262055887618354E-005  7.143094770881102E-005  6.951428514225573E-005  6.813612512540814E-005  6.589073508752008E-005  6.425222705321093E-005  6.338142701202999E-005  6.246958018490397E-005  6.150889683074524E-005  6.048746680632959E-005  5.938578830326026E-005  5.677870515162182E-005  5.507025570092549E-005  5.259818491948894E-005
   963.000134913334       9.759601938991127E-005  9.543102813863196E-005  9.307681963222986E-005  9.050096619261049E-005  8.764563629798004E-005  8.443332650875072E-005  8.074643966297988E-005  7.866644477501754E-005  7.638384106171039E-005  7.384815520193448E-005  7.217734394523415E-005  7.099058327949728E-005  6.908354950623936E-005  6.771585124927677E-005  6.549292801494743E-005  6.387416022713524E-005  6.301470709925185E-005  6.211529280682493E-005  6.116807503160344E-005  6.016122128931123E-005  5.907520902228400E-005  5.650319256316933E-005  5.481438920887134E-005  5.236384791839748E-005
   965.000135193528       9.939278315579630E-005  9.711070491413707E-005  9.462821580727127E-005  9.191464951732882E-005  8.891373582359697E-005  8.554808910647364E-005  8.170096614977374E-005  7.953917881948535E-005  7.717094449169805E-005  7.454634070269421E-005  7.282074180565991E-005  7.159584570664036E-005  6.962986490549398E-005  6.822149487074983E-005  6.593556798072072E-005  6.427389229256189E-005  6.339297415987152E-005  6.247226815267440E-005  6.150408986682618E-005  6.047673094795459E-005  5.937095136621564E-005  5.676203912964580E-005  5.505655357699564E-005  5.259178454670979E-005
   967.000135473722       9.851156285380498E-005  9.623807023805599E-005  9.376460674073975E-005  9.106252130848160E-005  8.807560984900921E-005  8.473622821585207E-005  8.092627214073184E-005  7.878873511991274E-005  7.645195246781649E-005  7.386557954571232E-005  7.216708952004710E-005  7.096252766139943E-005  6.903042679648208E-005  6.764720148776446E-005  6.540280398725005E-005  6.377167555831310E-005  6.290676666406783E-005  6.200250636130225E-005  6.105122868132032E-005  6.004120749723482E-005  5.895317202093922E-005  5.638124015994221E-005  5.469545697329618E-005  5.225250857227246E-005
   969.000135753915       9.893865001503220E-005  9.661305777824416E-005  9.409279196358658E-005  9.133921811761016E-005  8.830587758397165E-005  8.491459355014359E-005  8.105632706643523E-005  7.889672590458586E-005  7.653932829067994E-005  7.393686130918153E-005  7.223088068891760E-005  7.102226408512973E-005  6.908732594805250E-005  6.770389133603958E-005  6.546247548411294E-005  6.383557989242271E-005  6.297350059696832E-005  6.207250666580477E-005  6.112488575646421E-005  6.011889021569324E-005  5.903512664268840E-005  5.647262840463026E-005  5.479214012607069E-005  5.235462130479667E-005
   971.000136034109       9.989471742106888E-005  9.756108169866058E-005  9.502705682515916E-005  9.225492102984977E-005  8.919512495836575E-005  8.577006527726124E-005  8.186258823494172E-005  7.967062586355616E-005  7.727366134139978E-005  7.462043007651722E-005  7.287763321209029E-005  7.164114306391244E-005  6.965737447393842E-005  6.823648147729128E-005  6.593140226975626E-005  6.425689770203440E-005  6.336964602169033E-005  6.244282781520164E-005  6.146883905829688E-005  6.043623652371594E-005  5.932591990114197E-005  5.671175127835466E-005  5.500752167570150E-005  5.255189511098057E-005
   973.000136314303       9.962047609157366E-005  9.729201544274729E-005  9.476100457878234E-005  9.199471124970335E-005  8.894452154232015E-005  8.552931543033937E-005  8.163704590735727E-005  7.945404329103238E-005  7.706820060860925E-005  7.442870599354077E-005  7.269509972003438E-005  7.146567606017877E-005  6.949354619577343E-005  6.808127519966499E-005  6.579072647651204E-005  6.412694898077103E-005  6.324526036107120E-005  6.232420332585929E-005  6.135615778892438E-005  6.032958274731498E-005  5.922544095428883E-005  5.662413816954251E-005  5.492703196800623E-005  5.247986342275378E-005
   975.000136594497       9.896818871441034E-005  9.663318893439105E-005  9.411117034904285E-005  9.135361030216904E-005  8.831139548402938E-005  8.491400816392842E-005  8.104520379312316E-005  7.888008026637589E-005  7.651598672901361E-005  7.390479192421523E-005  7.219230571813153E-005  7.097926072351923E-005  6.903515802193490E-005  6.764475632954773E-005  6.539151714642204E-005  6.375589909359721E-005  6.288934749071982E-005  6.198394670328146E-005  6.103209305307118E-005  6.002216639814438E-005  5.893507250957414E-005  5.636878245771504E-005  5.468911731349334E-005  5.225732295894516E-005
   977.000136874691       9.927813944965890E-005  9.696191010551722E-005  9.444610076916502E-005  9.169784288243526E-005  8.866014469609034E-005  8.526578111953467E-005  8.139397109543487E-005  7.922232043280070E-005  7.684953058427092E-005  7.422372187912874E-005  7.249891340597807E-005  7.127568430979383E-005  6.931293984432124E-005  6.790750258706100E-005  6.562732350387026E-005  6.397083211049703E-005  6.309303891182399E-005  6.217600725226878E-005  6.121218996198461E-005  6.019013068889096E-005  5.909088956958075E-005  5.650149232509228E-005  5.481241363009625E-005  5.237713939208777E-005
   979.000137154885       9.902106472415030E-005  9.670966123256543E-005  9.421055087445171E-005  9.147173437410064E-005  8.844602926671270E-005  8.506550704350671E-005  8.121202347912416E-005  7.904985048395553E-005  7.668651471524253E-005  7.407153950204155E-005  7.235374174577296E-005  7.113527238814623E-005  6.918054760814360E-005  6.778072158249038E-005  6.550985879892465E-005  6.386007655791840E-005  6.298584323723074E-005  6.207248194268986E-005  6.111251087641397E-005  6.009441268297907E-005  5.899934257089504E-005  5.641925618485479E-005  5.473567690367313E-005  5.230724903767048E-005
   981.000137435078       9.876652676073863E-005  9.647184232710839E-005  9.398401396653928E-005  9.126072198086802E-005  8.825476723893157E-005  8.489215193460949E-005  8.105813812036086E-005  7.890692362111853E-005  7.655630733764285E-005  7.395395932316298E-005  7.224446416502187E-005  7.103169034214892E-005  6.908576318106025E-005  6.769180891134202E-005  6.542995973363412E-005  6.378619912846727E-005  6.291498310077992E-005  6.200454547957874E-005  6.104743649498720E-005  6.003220906987478E-005  5.893997872900002E-005  5.636566316757629E-005  5.468546148052429E-005  5.226196595067527E-005
   983.000137715272       9.833839751510615E-005  9.605760567187597E-005  9.358929059326134E-005  9.088858101238333E-005  8.790984215606694E-005  8.457435295273169E-005  8.077160030147814E-005  7.863865547543867E-005  7.630594012740706E-005  7.372424515382288E-005  7.202815298660145E-005  7.082500371226989E-005  6.889453361550886E-005  6.751209796949343E-005  6.526910428997846E-005  6.363912213001524E-005  6.277508156259107E-005  6.187207874445057E-005  6.092265482415556E-005  5.991522876495373E-005  5.883099733815310E-005  5.627354424549640E-005  5.460287245976205E-005  5.219115909281539E-005
   985.000137995466       9.769218540216591E-005  9.543116114518715E-005  9.298067321603929E-005  9.030077490385324E-005  8.734661709531857E-005  8.404478112601107E-005  8.028236886261531E-005  7.817364285990776E-005  7.586869869302623E-005  7.331873636225826E-005  7.164430079937352E-005  7.045686046654488E-005  6.855228482400071E-005  6.718840630699672E-005  6.497533193696315E-005  6.336668824158428E-005  6.251364602249218E-005  6.162175791555120E-005  6.068352545821209E-005  5.968734114447486E-005  5.861430044546850E-005  5.607887267593172E-005  5.441859397770857E-005  5.201559768096889E-005
   987.000138275660       9.738734337848173E-005  9.514266372147540E-005  9.270767062665796E-005  9.005290029160541E-005  8.712303367108832E-005  8.384626636974174E-005  8.010989064663448E-005  7.801485626439285E-005  7.572353464636308E-005  7.318817216372844E-005  7.152309328884991E-005  7.034202129434637E-005  6.844740375142138E-005  6.709037162930335E-005  6.488837114043875E-005  6.328753277641309E-005  6.243850157907642E-005  6.155073329914147E-005  6.061672242489024E-005  5.962493389485018E-005  5.855649089957172E-005  5.603163148478188E-005  5.437826336334768E-005  5.198559690769416E-005
   989.000138555854       9.644852996069114E-005  9.425998787543462E-005  9.188852183874310E-005  8.929873831820987E-005  8.643465388690340E-005  8.323129103117220E-005  7.957399215576784E-005  7.752038835696241E-005  7.527274599141815E-005  7.278297043708400E-005  7.114639441105906E-005  6.998461925760200E-005  6.811985090928294E-005  6.678363039671177E-005  6.461347768412836E-005  6.303421576770197E-005  6.219597213592773E-005  6.131897785289001E-005  6.039554732166705E-005  5.941412945585352E-005  5.835577149154835E-005  5.585021551038912E-005  5.420629579990206E-005  5.182371311735563E-005
   991.000138836048       9.655288985988054E-005  9.435307070441060E-005  9.196216071585566E-005  8.935202914922892E-005  8.647016718994492E-005  8.324609268497816E-005  7.956684414394839E-005  7.750226455392994E-005  7.524473607315790E-005  7.274630745929318E-005  7.110556095422483E-005  6.994180369007616E-005  6.807539674435220E-005  6.673946521956434E-005  6.457223300537303E-005  6.299693149519877E-005  6.216142669243140E-005  6.128758850292637E-005  6.036790429234011E-005  5.939077731378432E-005  5.833732270642955E-005  5.584385293713639E-005  5.420768846388253E-005  5.183512534423399E-005
   993.000139116241       9.631625322825346E-005  9.416542198793242E-005  9.182238924960803E-005  8.926246835256834E-005  8.643421313921501E-005  8.326085043185920E-005  7.962974193236791E-005  7.758560490212716E-005  7.534570646798217E-005  7.285943999136260E-005  7.122208323209536E-005  7.005892053304934E-005  6.818929253967469E-005  6.684807946886773E-005  6.466762121143713E-005  6.307970675900878E-005  6.223664143190721E-005  6.135456143897992E-005  6.042592952719196E-005  5.943925668786560E-005  5.837578583442131E-005  5.586111989527441E-005  5.421410208582263E-005  5.183179575243149E-005
   995.000139396435       9.581346903752410E-005  9.370127869987927E-005  9.140618812655884E-005  8.889246714313989E-005  8.610849480390184E-005  8.298231245579970E-005  7.939616084652543E-005  7.737437996187752E-005  7.515582560074525E-005  7.268988017981091E-005  7.106497150619440E-005  6.991032065570022E-005  6.805390471404487E-005  6.672211769503136E-005  6.455695182837332E-005  6.297980249874144E-005  6.214245140761618E-005  6.126615092292094E-005  6.034342459548409E-005  5.936275616733019E-005  5.830541958556178E-005  5.580387187428620E-005  5.416446942293895E-005  5.179138436517655E-005
   997.000139676629       9.506638144224585E-005  9.303640557743959E-005  9.082522798614789E-005  8.840331838473824E-005  8.571219751865426E-005  8.267725411175062E-005  7.917895162340043E-005  7.719853006431581E-005  7.501712549295680E-005  7.258557505752299E-005  7.097957111373889E-005  6.983617070073722E-005  6.799560406906434E-005  6.667303467989215E-005  6.452002870186512E-005  6.294973070569403E-005  6.211531659789064E-005  6.124168166635672E-005  6.032123289736348E-005  5.934255552996590E-005  5.828686149118200E-005  5.578824470240713E-005  5.415104231117917E-005  5.178274760145434E-005
   999.000139956823       9.341852886483775E-005  9.154207318249469E-005  8.949312978400669E-005  8.723939750027567E-005  8.472278773191696E-005  8.186538124702581E-005  7.854570054882407E-005  7.665268386192923E-005  7.455734030639806E-005  7.220995282656331E-005  7.065271632498765E-005  6.954146523024742E-005  6.774822836846173E-005  6.645642304962721E-005  6.434743936693587E-005  6.280458266554880E-005  6.198303550862481E-005  6.112146005369771E-005  6.021236339220611E-005  5.924396162450569E-005  5.819748988176272E-005  5.571437666652424E-005  5.408396830825615E-005  5.172279041326562E-005
   1002.50014044716       8.287852368019555E-005  8.164236492589551E-005  8.028237610033938E-005  7.876405367566896E-005  7.704856146923440E-005  7.506777143491107E-005  7.272580096547227E-005  7.137232338463601E-005  6.985938722792740E-005  6.814552969747334E-005  6.699752296493380E-005  6.617209218040845E-005  6.482758406683755E-005  6.384752069293414E-005  6.222142468956472E-005  6.100560540856413E-005  6.034712228708304E-005  5.964707881618221E-005  5.889697808080374E-005  5.808413004752925E-005  5.718899856229077E-005  5.499532971381759E-005  5.350429577228531E-005  5.128156103266134E-005
   1007.50014114765       7.899694666670045E-005  7.790146362681128E-005  7.669708506122702E-005  7.535612714007032E-005  7.383401779700623E-005  7.207795308769628E-005  6.999682285614691E-005  6.879307531161655E-005  6.744656949805064E-005  6.591961069823022E-005  6.489527217353535E-005  6.415797697996312E-005  6.295467022696276E-005  6.207571008339726E-005  6.061226008464742E-005  5.951277219389677E-005  5.891507083675325E-005  5.827771968577718E-005  5.759226637172192E-005  5.684644255853308E-005  5.602123928822018E-005  5.398073642068671E-005  5.257866869964302E-005  5.046698764497911E-005
   1012.50014184813       9.182035453273459E-005  8.995336658067541E-005  8.792052300278244E-005  8.568507872580890E-005  8.320130117285910E-005  8.039373452737184E-005  7.714266642639793E-005  7.529805517578337E-005  7.326141631023084E-005  7.098507544977629E-005  6.947887945276391E-005  6.840534471432439E-005  6.667503277954100E-005  6.542956096447874E-005  6.339793376798965E-005  6.191175286768819E-005  6.112009270995130E-005  6.028949927281197E-005  5.941233098990435E-005  5.847697432592749E-005  5.746477825856593E-005  5.505555710740757E-005  5.346699267645397E-005  5.115650084749372E-005
   1017.50014254862       9.350418062383320E-005  9.145481283346645E-005  8.923505318374695E-005  8.680258878639602E-005  8.411333333933175E-005  8.109684810004397E-005  7.764353389712261E-005  7.569909220092522E-005  7.356658939107281E-005  7.120010585446877E-005  6.964169627738406E-005  6.853456350739192E-005  6.675614707476106E-005  6.548051803674995E-005  6.340695317599492E-005  6.189611526312221E-005  6.109357928649961E-005  6.025314298426442E-005  5.936753511488159E-005  5.842530727404813E-005  5.740806857700768E-005  5.499536091474146E-005  5.340966851461938E-005  5.110862352125898E-005
   1022.50014324910       9.367337079523358E-005  9.160310338917931E-005  8.935784923205574E-005  8.690007627672178E-005  8.418408190641135E-005  8.114102748651696E-005  7.766036287282760E-005  7.570319688745291E-005  7.355774892244656E-005  7.117738794103344E-005  6.961013363811372E-005  6.849675128415592E-005  6.670807600870351E-005  6.542507359823821E-005  6.333961339314425E-005  6.182041959237483E-005  6.101377887682686E-005  6.016942479205063E-005  5.928009335708953E-005  5.833454558048861E-005  5.731452330602181E-005  5.489919719409267E-005  5.331507715212785E-005  5.102108258200979E-005
   1027.50014394959       9.330680184155510E-005  9.124442575096103E-005  8.900788113730105E-005  8.656580788825870E-005  8.386708204265959E-005  8.084340163987561E-005  7.738738724184305E-005  7.544407405843602E-005  7.331409481465547E-005  7.095057570604493E-005  6.939441948758254E-005  6.828879705919983E-005  6.651217254609242E-005  6.523750406863960E-005  6.316481545364045E-005  6.165446026777637E-005  6.085231613058327E-005  6.001248148102466E-005  5.912782821753421E-005  5.818713200675440E-005  5.717227740676194E-005  5.476922696483414E-005  5.319365431715024E-005  5.091363834536704E-005
   1032.50014465007       9.257173096574951E-005  9.052436951774673E-005  8.830719749847408E-005  8.588078295593011E-005  8.320863014017601E-005  8.021370166406787E-005  7.679244944732669E-005  7.487024749745003E-005  7.276511898301837E-005  7.043082712929344E-005  6.889478566897002E-005  6.780397297764481E-005  6.605192068541825E-005  6.479558392595278E-005  6.275283445866090E-005  6.126429297488326E-005  6.047352099837112E-005  5.964542090370566E-005  5.877276982795614E-005  5.784430615427401E-005  5.684191257644026E-005  5.446427162143421E-005  5.290147387438973E-005  5.063376855466607E-005
   1037.50014535055       9.210473239916083E-005  9.007937766814912E-005  8.788523016808312E-005  8.548706447446777E-005  8.284204155967655E-005  7.987805665051744E-005  7.649234846233691E-005  7.458881045509314E-005  7.250344784903145E-005  7.018978596027720E-005  6.866729644049945E-005  6.758577121118882E-005  6.584806954308831E-005  6.460174584367386E-005  6.257514370673209E-005  6.109820926187934E-005  6.031348157556627E-005  5.949175417603220E-005  5.862574599361114E-005  5.770436313932500E-005  5.670962098096115E-005  5.435071838457812E-005  5.280111642067812E-005  5.055405121726673E-005
   1042.50014605104       9.154212859901299E-005  8.953827534878379E-005  8.737108361108045E-005  8.499882790135925E-005  8.238003314470124E-005  7.945039252226886E-005  7.610123670653497E-005  7.421868943021108E-005  7.215569772717209E-005  6.986645334556501E-005  6.835995495337185E-005  6.728963589270072E-005  6.557005030892452E-005  6.433631231467501E-005  6.233028971559106E-005  6.086800861848895E-005  6.009096802032400E-005  5.927709973391752E-005  5.841919074971107E-005  5.750613512264861E-005  5.652006425883420E-005  5.418043508286783E-005  5.264266972394826E-005  5.041209022271514E-005
   1047.50014675152       9.002887246197703E-005  8.807162356848787E-005  8.595277902919042E-005  8.364205462978356E-005  8.109458344796441E-005  7.824294544186309E-005  7.498727539893634E-005  7.315789159815917E-005  7.115477640288944E-005  6.893336510592061E-005  6.747202220868726E-005  6.643439938167742E-005  6.476791357830814E-005  6.357273321810400E-005  6.162922196366243E-005  6.021196920834656E-005  5.945834557680608E-005  5.866842447236622E-005  5.783491365244342E-005  5.694668981068625E-005  5.598583799744666E-005  5.369794827345693E-005  5.218706021382352E-005  4.998457142975632E-005
   1052.50014745201       9.000856707741809E-005  8.805826025247768E-005  8.594325815286868E-005  8.363653424796260E-005  8.109434726378154E-005  7.824788803022380E-005  7.499568488205463E-005  7.316678713862310E-005  7.116444190632186E-005  6.894313367301117E-005  6.748151386499290E-005  6.644357336494640E-005  6.477595693179456E-005  6.357995057345106E-005  6.163494728673003E-005  6.021644943351306E-005  5.946222164177002E-005  5.867166121568185E-005  5.783761052686980E-005  5.694899953524979E-005  5.598801830354340E-005  5.370174818564096E-005  5.219394123427952E-005  4.999917217463969E-005
   1057.50014815249       8.953067753313153E-005  8.760564930201448E-005  8.551856414856539E-005  8.324400487683250E-005  8.072993533215704E-005  7.791716236004337E-005  7.470166285924768E-005  7.289375769535979E-005  7.091070721514288E-005  6.871020792356768E-005  6.726110245612452E-005  6.623145032767628E-005  6.457637293880135E-005  6.338834794813040E-005  6.145485805506417E-005  6.004380025108944E-005  5.929322908425537E-005  5.850638605761014E-005  5.767609688170091E-005  5.679134327592665E-005  5.583447933538388E-005  5.355811283781040E-005  5.205741993942664E-005  4.987477036783679E-005
   1062.50014885298       8.899862650551686E-005  8.709867755591900E-005  8.504480340667830E-005  8.279567848797472E-005  8.031772663186249E-005  7.754115329934087E-005  7.436418720598199E-005  7.257617658890840E-005  7.061406781998707E-005  6.843442925203094E-005  6.699762690313285E-005  6.597621651825198E-005  6.433347723084659E-005  6.315336382940612E-005  6.123196455582960E-005  5.982876570140082E-005  5.908210420733663E-005  5.829916391845922E-005  5.747279963107402E-005  5.659208236376243E-005  5.563941301720422E-005  5.337254512595301E-005  5.187801225832602E-005  4.970476238469353E-005
   1067.50014955346       8.665870711523904E-005  8.485577915414890E-005  8.290084821387775E-005  8.076934569637055E-005  7.841440830856363E-005  7.577685718148968E-005  7.275765488551383E-005  7.105675008493418E-005  6.918990034384805E-005  6.711528461368864E-005  6.574751600368559E-005  6.477484129736046E-005  6.320985712289540E-005  6.208536960894947E-005  6.025248953210563E-005  5.891174497093825E-005  5.819721393236181E-005  5.744688954195403E-005  5.665356254806344E-005  5.580624768582491E-005  5.488731916849758E-005  5.268984166316445E-005  5.123235974355993E-005  4.910138803824725E-005
   1072.50015025395       8.721283393167760E-005  8.539585088081800E-005  8.341939915592920E-005  8.126323480974638E-005  7.887937704683890E-005  7.620797965783036E-005  7.314771306635730E-005  7.142297024862868E-005  6.952857618582915E-005  6.742343294466794E-005  6.603550706254782E-005  6.504843886828979E-005  6.346103991934679E-005  6.232049645425775E-005  6.046238516507891E-005  5.910416940661650E-005  5.838086788771070E-005  5.762169676293958E-005  5.681967316656477E-005  5.596382439325001E-005  5.503673069168497E-005  5.282482569619501E-005  5.136210514863597E-005  4.922933444422347E-005
   1077.50015095443       8.675110131375301E-005  8.495584076068948E-005  8.301591858097640E-005  8.089322324822111E-005  7.854723477113980E-005  7.591458888740202E-005  7.289296425059874E-005  7.118774756071459E-005  6.931343558001115E-005  6.722824885318602E-005  6.585256989101459E-005  6.487384217861478E-005  6.329910902986353E-005  6.216739920328901E-005  6.032312284259953E-005  5.897481802892311E-005  5.825657519859926E-005  5.750272094585910E-005  5.670609919244063E-005  5.585584379813758E-005  5.493457148867634E-005  5.273561203023173E-005  5.128081894372352E-005  4.915862273711873E-005
   1082.50015165492       8.556424258177744E-005  8.386210527576993E-005  8.201177355571601E-005  7.998685620521353E-005  7.773847310528785E-005  7.520544451691307E-005  7.228327790055141E-005  7.062812539461055E-005  6.880368310754210E-005  6.676857066040750E-005  6.542352303177169E-005  6.446523805025353E-005  6.292173247958843E-005  6.181124740365784E-005  5.999930697630036E-005  5.867272951675069E-005  5.796535211826925E-005  5.722221583837525E-005  5.643632890017598E-005  5.559670756465297E-005  5.468604210502181E-005  5.250874846227295E-005  5.106588438405025E-005  4.895834049544225E-005
   1087.50015235540       8.295491109018788E-005  8.148639849874499E-005  7.988298590966998E-005  7.810942813444426E-005  7.612307325929180E-005  7.385699874265143E-005  7.120506374204972E-005  6.968498766499628E-005  6.799627117506759E-005  6.609622890790497E-005  6.483216505972003E-005  6.392821015802355E-005  6.246560272303650E-005  6.140856326184941E-005  5.967461643813827E-005  5.839741178884765E-005  5.771347666511613E-005  5.699268142608705E-005  5.622776223526043E-005  5.540753637586473E-005  5.451459221237137E-005  5.236846756407211E-005  5.094030202429430E-005  4.884956526385629E-005
   1092.50015305588       6.811046525374319E-005  6.735998691695204E-005  6.653494375182538E-005  6.560960956781566E-005  6.456244572769992E-005  6.335253169075448E-005  6.191894421569540E-005  6.108935768095741E-005  6.016055071763038E-005  5.910513200841096E-005  5.839472795043178E-005  5.788172393161292E-005  5.704001857815472E-005  5.642057832441129E-005  5.537744516382505E-005  5.458135818807779E-005  5.414317617154330E-005  5.367127128687182E-005  5.315799114744009E-005  5.259225730251191E-005  5.195718799428558E-005  5.034431858588749E-005  4.920092273329653E-005  4.742882023131887E-005
   1097.50015375637       7.622996372435828E-005  7.514898415315377E-005  7.395566165412535E-005  7.262245306154379E-005  7.111616577266854E-005  6.937564249119408E-005  6.731773359993940E-005  6.612928951377134E-005  6.480221599816412E-005  6.330090329225482E-005  6.229608338286408E-005  6.157426544150877E-005  6.039869342141560E-005  5.954158402466719E-005  5.811809637862181E-005  5.705130236674468E-005  5.647223699487002E-005  5.585553128207084E-005  5.519311588023272E-005  5.447339353545985E-005  5.367851663000644E-005  5.172136709820139E-005  5.038539047181838E-005  4.838863072083221E-005
   1102.50015445685       8.316752914990404E-005  8.162649829632233E-005  7.995013710774357E-005  7.810366335965338E-005  7.604332013685785E-005  7.370482666558365E-005  7.098389509133645E-005  6.943026285365600E-005  6.770951891489124E-005  6.578027079095224E-005  6.449937738045355E-005  6.358442469228815E-005  6.210646212605100E-005  6.103999804968758E-005  5.929403561892675E-005  5.801102736185106E-005  5.732519846293373E-005  5.660355028960045E-005  5.583892433966001E-005  5.502054025229392E-005  5.413138939704612E-005  5.200152380703273E-005  5.058928864782049E-005  4.852852552978178E-005
   1107.50015515734       8.415986164777274E-005  8.250097060765242E-005  8.069793220787965E-005  7.872687728157560E-005  7.653722922333736E-005  7.407041402133229E-005  7.122481773431248E-005  6.961161734330530E-005  6.783278755055347E-005  6.584671302502382E-005  6.453223101534879E-005  6.359561530129382E-005  6.208531846924205E-005  6.099814781141757E-005  5.922257388657282E-005  5.792163785435354E-005  5.722767824877968E-005  5.649867674136606E-005  5.572761571614637E-005  5.490388040465062E-005  5.401067567195315E-005  5.187751163124584E-005  5.046711045687226E-005  4.841340970680756E-005
   1112.50015585782       8.383936189468706E-005  8.215706126418077E-005  8.033395195614982E-005  7.833964536983709E-005  7.613435788939856E-005  7.365287396069179E-005  7.080235953109999E-005  6.919076677000287E-005  6.741782538551675E-005  6.544257711613825E-005  6.413781663870987E-005  6.320883700798353E-005  6.171283276344217E-005  6.063664845569067E-005  5.888075143585308E-005  5.759518126830652E-005  5.690960273231661E-005  5.618943221745535E-005  5.542768848971012E-005  5.461389008374446E-005  5.373123981474013E-005  5.162165017740884E-005  5.022494960884050E-005  4.818773339442336E-005
   1117.50015655831       8.351482295440003E-005  8.183460023980570E-005  8.001474712789526E-005  7.802611131686866E-005  7.582549844716757E-005  7.335430863470940E-005  7.051616554871985E-005  6.891256440754974E-005  6.714924728561137E-005  6.518538872117075E-005  6.388834802973960E-005  6.296474482953524E-005  6.147776469476452E-005  6.040814606065669E-005  5.866304057626386E-005  5.738521910152172E-005  5.670376469260488E-005  5.598794385255537E-005  5.523079088450665E-005  5.442184274150451E-005  5.354444837845503E-005  5.144738928628139E-005  5.005901222737675E-005  4.803417498058348E-005
   1122.50015725879       8.323129701233903E-005  8.156275978097794E-005  7.975388125161692E-005  7.777536864837178E-005  7.558954291775826E-005  7.313403411566595E-005  7.031222085780913E-005  6.871783353067029E-005  6.696357798332044E-005  6.500837012427486E-005  6.371706118674717E-005  6.279734785514221E-005  6.131610380349951E-005  6.025040464997764E-005  5.851133387011756E-005  5.723783210146793E-005  5.655872827028552E-005  5.584531042604894E-005  5.509073323022379E-005  5.428457790080780E-005  5.341027650863177E-005  5.132126484935271E-005  4.993910139419439E-005  4.792509661720545E-005
   1127.50015795928       8.129018654465242E-005  7.968033430236179E-005  7.793673319892821E-005  7.603808882431413E-005  7.394010890362714E-005  7.158665122682311E-005  6.888844080032394E-005  6.736618296811540E-005  6.569337902616486E-005  6.383187425947035E-005  6.260336686091596E-005  6.172915731351248E-005  6.032122853889509E-005  5.930846348545074E-005  5.765499102961159E-005  5.644254430526836E-005  5.579503538152787E-005  5.511392419026116E-005  5.439226935235553E-005  5.361962404753671E-005  5.277948749706233E-005  5.076106842396570E-005  4.941567671978896E-005  4.744001335344596E-005
   1132.50015865976       8.098248487849015E-005  7.938880001473888E-005  7.766042303231053E-005  7.577735987611390E-005  7.369487945761393E-005  7.135743614664128E-005  6.867563752647083E-005  6.716120963737344E-005  6.549574978108735E-005  6.364141419727035E-005  6.241682338133115E-005  6.154502113053759E-005  6.014064453919269E-005  5.913016240745125E-005  5.747980525308247E-005  5.626944398107375E-005  5.562303093026645E-005  5.494304993376709E-005  5.422262980797544E-005  5.345134490410002E-005  5.261275482226194E-005  5.059883336154198E-005  4.925743546471241E-005  4.728963816911834E-005
   1137.50015936025       8.135988255744610E-005  7.974823979415033E-005  7.800230298917921E-005  7.609680228389753E-005  7.399130005964050E-005  7.162750839121758E-005  6.891465581316123E-005  6.738234781501401E-005  6.569676345667469E-005  6.381978295543842E-005  6.257991253367139E-005  6.169733397627908E-005  6.027551019511177E-005  5.925259148579282E-005  5.758255213618712E-005  5.635845976107117E-005  5.570504576244630E-005  5.501809496775249E-005  5.429072958011744E-005  5.351264259086804E-005  5.266745861800868E-005  5.064192115366708E-005  4.929666900200682E-005  4.732919159827746E-005
   1142.50016006073       8.052014185168008E-005  7.892896389114506E-005  7.720334828939629E-005  7.532126092551892E-005  7.324253163244763E-005  7.091306287342159E-005  6.824099937435683E-005  6.673366306748744E-005  6.507716467945585E-005  6.323417605733783E-005  6.201820047668221E-005  6.115282568449103E-005  5.976010207703902E-005  5.875855520400522E-005  5.712384591517740E-005  5.592567032132692E-005  5.528593116418112E-005  5.461311126717225E-005  5.390035895982606E-005  5.313738582088533E-005  5.230786205411027E-005  5.031572042699255E-005  4.898868224219733E-005  4.704128281290956E-005
   1147.50016076122       8.088216130425849E-005  7.929434663858295E-005  7.757750221105531E-005  7.569837128918982E-005  7.361996306784112E-005  7.128510081339408E-005  6.860061777515186E-005  6.708223245673762E-005  6.541040033767066E-005  6.354603071862616E-005  6.231367315043161E-005  6.143572760547142E-005  6.002055327070017E-005  5.900184104034756E-005  5.733780336003978E-005  5.611759463236309E-005  5.546609365112862E-005  5.478113690869288E-005  5.405589959573711E-005  5.328019603551486E-005  5.243782425008247E-005  5.042078510680739E-005  4.908340277504423E-005  4.713185646957787E-005
   1152.50016146170       8.049064852287204E-005  7.891805047770170E-005  7.721222490891356E-005  7.535009434186786E-005  7.329068998074917E-005  7.097557467153093E-005  6.831232051368886E-005  6.680581996364576E-005  6.514632117049022E-005  6.329566798337126E-005  6.207180191156753E-005  6.119985190204687E-005  5.979438271490341E-005  5.878241075430812E-005  5.712911442118184E-005  5.591666868578736E-005  5.526933289071332E-005  5.458867499476469E-005  5.386793559255866E-005  5.309697964342014E-005  5.225967241292912E-005  5.025460556791148E-005  4.892515542044017E-005  4.698540095684312E-005
   1157.50016216218       7.995062187620840E-005  7.839320629740049E-005  7.670527946388265E-005  7.486143176030917E-005  7.282325275984416E-005  7.053194116340626E-005  6.789497890585435E-005  6.640413769454820E-005  6.476149689180808E-005  6.293044636050720E-005  6.171974240836650E-005  6.085723710441283E-005  5.946737521106230E-005  5.846690665943236E-005  5.683269637388951E-005  5.563418689072881E-005  5.499426386579850E-005  5.432128541465752E-005  5.360855557822033E-005  5.284594279977563E-005  5.201742143361672E-005  5.003181505709519E-005  4.871385743552953E-005  4.678841980845516E-005
   1162.50016286267       7.858521455907860E-005  7.706525070478109E-005  7.542064549105512E-005  7.362538796910803E-005  7.164457804038924E-005  6.941929650027208E-005  6.686437266624877E-005  6.542112109930517E-005  6.383297031822070E-005  6.206446770863896E-005  6.089618029116429E-005  6.006423748813978E-005  5.872385946932581E-005  5.775897672356556E-005  5.618216626766642E-005  5.502452941789272E-005  5.440567915313203E-005  5.375423863768088E-005  5.306341438352031E-005  5.232303609640252E-005  5.151708444878205E-005  4.957775734406335E-005  4.828356494795511E-005  4.638261682065966E-005
   1167.50016356315       7.758324079031272E-005  7.610471655347208E-005  7.450603830459662E-005  7.276191272911270E-005  7.083389043627970E-005  6.866851649848135E-005  6.617993846225533E-005  6.477302325768980E-005  6.322476676188381E-005  6.149829027436891E-005  6.035732365524474E-005  5.954459615566900E-005  5.823419820802081E-005  5.729035510621809E-005  5.574672676455461E-005  5.461223536761866E-005  5.400523294362126E-005  5.336580926094660E-005  5.268721466670887E-005  5.195930275149699E-005  5.116608003288389E-005  4.925382346241758E-005  4.797499559794631E-005  4.609332391395786E-005
   1172.50016426364       7.863752534367018E-005  7.713379144281067E-005  7.550072308678619E-005  7.371594858204266E-005  7.174086609472822E-005  6.951977060781380E-005  6.696229748170562E-005  6.551396372518415E-005  6.391813611217458E-005  6.213676304402471E-005  6.095808773980989E-005  6.011809179727349E-005  5.876334133487160E-005  5.778740541184786E-005  5.619184317944502E-005  5.502050873060437E-005  5.439448052963728E-005  5.373583179217722E-005  5.303778129765109E-005  5.229037287166013E-005  5.147776725549031E-005  4.952828477804013E-005  4.823337473902456E-005  4.634156250129641E-005
   1177.50016496412       7.653489345542468E-005  7.510266414922837E-005  7.355223803218840E-005  7.185835140496653E-005  6.998557823353779E-005  6.787975297344200E-005  6.545566975975817E-005  6.408368200958400E-005  6.257153678004551E-005  6.088435031228861E-005  5.976830336781308E-005  5.897276832331240E-005  5.768937376713533E-005  5.676431112080827E-005  5.525013942231761E-005  5.413619967009668E-005  5.353978555108426E-005  5.291117299424366E-005  5.224366239458919E-005  5.152715921654003E-005  5.074589098017641E-005  4.886069460847441E-005  4.759925747093351E-005  4.574344470470077E-005
   1182.50016566461       7.690910242981882E-005  7.545861324135258E-005  7.388712965754217E-005  7.216911410527908E-005  7.026901819628558E-005  6.813219677004248E-005  6.567343520414255E-005  6.428136686335964E-005  6.274786456954461E-005  6.103696595805114E-005  5.990554577596289E-005  5.909923144964575E-005  5.779887604968465E-005  5.686210009667207E-005  5.532966816485329E-005  5.420339668207615E-005  5.360078738826336E-005  5.296607074291742E-005  5.229254856574039E-005  5.157029595646600E-005  5.078357159153195E-005  4.888922208208866E-005  4.762495942993163E-005  4.576926390111270E-005
   1187.50016636509       7.603429070532508E-005  7.461058487537547E-005  7.306989102413803E-005  7.138642201211235E-005  6.952661057931546E-005  6.743610238774162E-005  6.503261108055307E-005  6.367281959881000E-005  6.217492114366451E-005  6.050350515331656E-005  5.939829760581967E-005  5.861068489470586E-005  5.734011815794592E-005  5.642445826659507E-005  5.492586918969975E-005  5.382355731366350E-005  5.323329680078503E-005  5.261121302857083E-005  5.195057200911767E-005  5.124139131494191E-005  5.046800324319997E-005  4.860125132089211E-005  4.735160421474256E-005  4.551202935602209E-005
   1192.50016706558       7.693487472152093E-005  7.549342766719662E-005  7.392809356344742E-005  7.221859069985697E-005  7.032529653886816E-005  6.819445656873879E-005  6.573641924837337E-005  6.434248688670591E-005  6.280482628839814E-005  6.108685337648717E-005  5.994925126327853E-005  5.913764964257395E-005  5.782772675509718E-005  5.688330932376561E-005  5.533746967032297E-005  5.420105171710184E-005  5.359313425946466E-005  5.295297405892910E-005  5.227402362698259E-005  5.154641284393041E-005  5.075460768294855E-005  4.885250280808379E-005  4.758782674117731E-005  4.573992975599202E-005
   1197.50016776606       7.564639217547250E-005  7.423870649637798E-005  7.271399593961914E-005  7.104832261013941E-005  6.920446906181017E-005  6.712963501957464E-005  6.473901128382547E-005  6.338503952588960E-005  6.189315417617412E-005  6.022770934886073E-005  5.912575206857848E-005  5.834030563771802E-005  5.707313466946617E-005  5.615980159633661E-005  5.466483628913137E-005  5.356527127399051E-005  5.297656707567193E-005  5.235622800440532E-005  5.169760225615689E-005  5.099083663201864E-005  5.022045349149797E-005  4.836326173344274E-005  4.712238666670647E-005  4.529975927950811E-005
   1202.50016846655       7.566486788145752E-005  7.425988021776050E-005  7.273950952151533E-005  7.107535562896422E-005  6.923600393355797E-005  6.716545794353408E-005  6.477879532238469E-005  6.342638512887862E-005  6.193437215949474E-005  6.026756141316713E-005  5.916391300862021E-005  5.837683908035634E-005  5.710657532767735E-005  5.619068960838151E-005  5.469118737103679E-005  5.358815213441332E-005  5.299770736827736E-005  5.237556190392207E-005  5.171516555782279E-005  5.100674262776048E-005  5.023485835635404E-005  4.837599985627991E-005  4.713616303334593E-005  4.531886266418181E-005
   1207.50016916703       7.500743415592228E-005  7.362486227730015E-005  7.213100636924385E-005  7.049661339932638E-005  6.868492356371628E-005  6.664597402682142E-005  6.429520715031951E-005  6.296225702623879E-005  6.149151946477993E-005  5.984888147180296E-005  5.876120972698416E-005  5.798545627891029E-005  5.673375877318254E-005  5.583116256098698E-005  5.435353632956527E-005  5.326636171615751E-005  5.268422711809223E-005  5.207069395737594E-005  5.141920213466729E-005  5.072001767736243E-005  4.995783904839195E-005  4.812057610244667E-005  4.689369027610701E-005  4.509318247939583E-005
   1212.50016986752       7.470865256181081E-005  7.333767916528307E-005  7.184912688830308E-005  7.022470348949245E-005  6.842559751193825E-005  6.640094323741529E-005  6.406617821876506E-005  6.274187368860669E-005  6.128176503024420E-005  5.964988917746572E-005  5.856937030556039E-005  5.779884763954267E-005  5.655530914531819E-005  5.565845180217395E-005  5.418977146465533E-005  5.310890491576623E-005  5.253000037571008E-005  5.191980009571300E-005  5.127176433474650E-005  5.057616524092091E-005  4.981776331288514E-005  4.798921365411640E-005  4.676797842817132E-005  4.497579602820252E-005
   1217.50017056800       7.461935593653438E-005  7.325244070809065E-005  7.177012190471848E-005  7.015056601352039E-005  6.835698333782895E-005  6.633422835696145E-005  6.400126031524093E-005  6.267706536069648E-005  6.121576483123737E-005  5.958250813284870E-005  5.850053859177409E-005  5.772896038768674E-005  5.648340506316399E-005  5.558502673506301E-005  5.411381407443875E-005  5.303116803715209E-005  5.245139066988989E-005  5.184035217839013E-005  5.119152347032934E-005  5.049525004726510E-005  4.973637925097830E-005  4.790823946596190E-005  4.668889551497043E-005  4.490219024521894E-005
   1222.50017126848       7.409463161891768E-005  7.274201186260429E-005  7.127933234161109E-005  6.967740538122806E-005  6.790321371119226E-005  6.590409415405235E-005  6.359705178676991E-005  6.228824163363112E-005  6.084403686942306E-005  5.923054408772994E-005  5.816196755951461E-005  5.739994321686771E-005  5.617015218663299E-005  5.528326949998212E-005  5.383085636196560E-005  5.276181653117765E-005  5.218922142703600E-005  5.158557098151923E-005  5.094438886909141E-005  5.025605935264196E-005  4.950548050072955E-005  4.769569084823951E-005  4.648717182311889E-005  4.471416318667155E-005
   1227.50017196897       7.348616413159511E-005  7.215619493269843E-005  7.072057043475282E-005  6.914680292294876E-005  6.740520771281755E-005  6.544253082459098E-005  6.317755449558715E-005  6.189190795933716E-005  6.047240643895890E-005  5.888523877267246E-005  5.783348098122034E-005  5.708299988062276E-005  5.587091808137262E-005  5.499636040761329E-005  5.356281951803086E-005  5.250662091301860E-005  5.194051340275393E-005  5.134344205294133E-005  5.070889546875618E-005  5.002728870456021E-005  4.928357228893953E-005  4.748842502939534E-005  4.628846193795025E-005  4.452712517178940E-005
   1232.50017266945       7.315682509208962E-005  7.184093524306287E-005  7.041041594528771E-005  6.884858365403022E-005  6.711776766887079E-005  6.516916196585658E-005  6.291797435758373E-005  6.163984316374282E-005  6.022901849034312E-005  5.865179420221341E-005  5.760666724216743E-005  5.686095119228638E-005  5.565670401015038E-005  5.478784148416184E-005  5.336378543023025E-005  5.231469287705201E-005  5.175233848819331E-005  5.115923054397459E-005  5.052887940642931E-005  4.985175224457935E-005  4.911290123589976E-005  4.732937404815061E-005  4.613707356987625E-005  4.438664125639636E-005
   1237.50017336994       7.286777563323762E-005  7.156107107154890E-005  7.014426125635834E-005  6.859332070303188E-005  6.687583453855870E-005  6.493957907389286E-005  6.270174155156880E-005  6.143068501740397E-005  6.002742705567529E-005  5.845793544996221E-005  5.741782154929053E-005  5.667561601349337E-005  5.547713556499290E-005  5.461212437900433E-005  5.319432292924093E-005  5.214965989126451E-005  5.158968353762915E-005  5.099901293730601E-005  5.037123694076081E-005  4.969685567995901E-005  4.896098983108172E-005  4.718480535296828E-005  4.599769884625525E-005  4.425557936680463E-005
   1242.50017407042       7.259966112330831E-005  7.130456788042643E-005  6.990002298612199E-005  6.836105121149282E-005  6.665584505559537E-005  6.473256567359988E-005  6.250794323408896E-005  6.124362116564703E-005  5.984685265928464E-005  5.828409732837238E-005  5.724795103570738E-005  5.650829586580415E-005  5.531365138962288E-005  5.445135440724849E-005  5.303779981149781E-005  5.199618598174909E-005  5.143785492111918E-005  5.084894713747877E-005  5.022303529773311E-005  4.955070582869649E-005  4.881714727008732E-005  4.704704777930907E-005  4.586468358330185E-005  4.413083212987860E-005
   1247.50017477091       7.199933479300744E-005  7.072770102701839E-005  6.934787709015686E-005  6.783868747856002E-005  6.616324819778131E-005  6.427218878769965E-005  6.208542026386922E-005  6.084204096116060E-005  5.946816422401826E-005  5.793030580799462E-005  5.691064825638767E-005  5.618286919434688E-005  5.500712963975805E-005  5.415831960321569E-005  5.276614588422715E-005  5.173964131019618E-005  5.118909258723280E-005  5.060808150588028E-005  4.999024188031402E-005  4.932616284752191E-005  4.860108452338866E-005  4.684929785538984E-005  4.567760603141809E-005  4.395749579250370E-005
   1252.50017547139       7.154594162123608E-005  7.028383715169220E-005  6.891517568045929E-005  6.741585298754292E-005  6.575355505283218E-005  6.387734434432463E-005  6.170787091272503E-005  6.047473032820726E-005  5.911313789066544E-005  5.759011757938293E-005  5.658047934540926E-005  5.586011600200343E-005  5.469660394441587E-005  5.385696122225367E-005  5.248006462257201E-005  5.146494160640061E-005  5.092044643465929E-005  5.034579491079603E-005  4.973465600968032E-005  4.907761134112490E-005  4.835998767021282E-005  4.662490087932262E-005  4.546307044442269E-005  4.375515822904502E-005
   1257.50017617188       7.063729266676714E-005  6.941163862323927E-005  6.808144916070078E-005  6.662485112597729E-005  6.501081700116605E-005  6.318813021068447E-005  6.107940598083542E-005  5.988070423768773E-005  5.855602738201619E-005  5.707364418228139E-005  5.609059275493604E-005  5.538885283910437E-005  5.425468864435099E-005  5.343558246364587E-005  5.209100744784955E-005  5.109834462102459E-005  5.056532711275810E-005  5.000228891691023E-005  4.940290264756612E-005  4.875777167267314E-005  4.805225646987848E-005  4.634242353824062E-005  4.519424650074867E-005  4.350219937968453E-005
   1262.50017687236       7.039055830841687E-005  6.918361508332404E-005  6.787661148844020E-005  6.644551207955974E-005  6.485444484007149E-005  6.305360361479794E-005  6.096389964012429E-005  5.977368174234239E-005  5.845607432079951E-005  5.697903165411580E-005  5.599840367345088E-005  5.529770673978342E-005  5.416458689862203E-005  5.334568039728089E-005  5.200063770656199E-005  5.100718047446492E-005  5.047364682731394E-005  4.991000796036213E-005  4.930995559864583E-005  4.866411476774891E-005  4.795791564616383E-005  4.624737982903305E-005  4.510015915413739E-005  4.341254968095432E-005
   1267.50017757285       7.004368312011021E-005  6.886843716230247E-005  6.759113574624703E-005  6.618645663564871E-005  6.462285563803870E-005  6.284753862711420E-005  6.078226000564414E-005  5.960316329080833E-005  5.829616194262291E-005  5.682976275902752E-005  5.585525472565300E-005  5.515883824575920E-005  5.403225793603684E-005  5.321785106412689E-005  5.187994524260734E-005  5.089142227029262E-005  5.036044087105892E-005  4.979942538495408E-005  4.920205387878577E-005  4.855902803111460E-005  4.785583741813468E-005  4.615273864516921E-005  4.501094272085914E-005  4.333198778371737E-005
   1272.50017827333       6.890748932972825E-005  6.782838845913011E-005  6.664801994925396E-005  6.534571791645523E-005  6.388326153199620E-005  6.221148425093768E-005  6.025041335132215E-005  5.912410353589951E-005  5.787089343602010E-005  5.645891820624772E-005  5.551783301521340E-005  5.484384379381291E-005  5.375121751407382E-005  5.295931850832580E-005  5.165479119622596E-005  5.068762599148145E-005  5.016689430487525E-005  4.961571622509211E-005  4.902772193685163E-005  4.839353386576258E-005  4.769864366562904E-005  4.601090110428005E-005  4.487702678413977E-005  4.320843485393891E-005
   1277.50017897382       6.506870770581705E-005  6.423384688933971E-005  6.330949242415222E-005  6.227480728884671E-005  6.110000978752890E-005  5.973956085907479E-005  5.812525203314409E-005  5.719103373301426E-005  5.614653575473607E-005  5.496380401271620E-005  5.417147626765730E-005  5.360169068807054E-005  5.267277411061250E-005  5.199459050141775E-005  5.086516022254929E-005  5.001544819440352E-005  4.955276557577067E-005  4.905866515825029E-005  4.852639789136800E-005  4.794616606768264E-005  4.730319827471859E-005  4.571268048221370E-005  4.462414258127336E-005  4.299902649590250E-005
   1282.50017967430       5.399088951186256E-005  5.355147218359796E-005  5.306879788939210E-005  5.253319381381324E-005  5.193019097533087E-005  5.123972895763545E-005  5.042921844557019E-005  4.996263321713837E-005  4.944106498219624E-005  4.884739823510016E-005  4.844591483146028E-005  4.815422707221379E-005  4.767159540679307E-005  4.731212846472464E-005  4.669644629517801E-005  4.621603941093035E-005  4.594723288562644E-005  4.565400556317939E-005  4.533048693275227E-005  4.496817016318420E-005  4.455409445947190E-005  4.346657079564620E-005  4.266447227391999E-005  4.137522684618884E-005
   1287.50018037478       6.522504360765702E-005  6.435875527516670E-005  6.340191642577470E-005  6.233128421844923E-005  6.111746528281780E-005  5.971322562482483E-005  5.804785465917406E-005  5.708446599527723E-005  5.600777555953829E-005  5.478928930555515E-005  5.397396010758992E-005  5.338813949936508E-005  5.243445574835563E-005  5.173957759943471E-005  5.058557516712334E-005  4.972051115943359E-005  4.925072086297245E-005  4.875008187387429E-005  4.821196957781307E-005  4.762677683729348E-005  4.697997431453312E-005  4.538679174341888E-005  4.430132550339070E-005  4.268648840947483E-005
   1292.50018107527       6.753456653806822E-005  6.647814329170585E-005  6.532394037284701E-005  6.405073808865705E-005  6.262306657538644E-005  6.099326385023001E-005  5.908375508188776E-005  5.798789676927110E-005  5.676990146957998E-005  5.539912705905467E-005  5.448620849620431E-005  5.383287324916619E-005  5.277421525370179E-005  5.200737226717170E-005  5.074464533047276E-005  4.980863521759891E-005  4.930459655329506E-005  4.877102354662171E-005  4.820159474197116E-005  4.758715582079571E-005  4.691350539831795E-005  4.527519410140612E-005  4.417252605810633E-005  4.254656240140202E-005
   1297.50018177575       6.786080779865279E-005  6.674837333476529E-005  6.553905213968280E-005  6.420945831904861E-005  6.272771026336919E-005  6.104502159791379E-005  5.908560697249927E-005  5.796631884677557E-005  5.672521008243320E-005  5.533182200466390E-005  5.440563470843591E-005  5.374349162120982E-005  5.267179790664771E-005  5.189650946055738E-005  5.062164993881419E-005  4.967835505549567E-005  4.917109638088776E-005  4.863460791758399E-005  4.806276134496711E-005  4.744644820160420E-005  4.677159673858288E-005  4.513348814191884E-005  4.403295179410157E-005  4.241258938718335E-005
   1302.50018247624       6.775890264929459E-005  6.663106892244466E-005  6.540661046990753E-005  6.406479785785083E-005  6.256977662094038E-005  6.087598895632344E-005  5.890770428577381E-005  5.778486658634319E-005  5.654100397488182E-005  5.514603351270442E-005  5.421933691217428E-005  5.355720710368868E-005  5.248612192397298E-005  5.171167335263433E-005  5.043912470165994E-005  4.949823130654918E-005  4.899254983753767E-005  4.845794506687592E-005  4.788835005983205E-005  4.727470006333685E-005  4.660304336761316E-005  4.497371709521671E-005  4.387974159605560E-005  4.226974716077856E-005
   1307.50018317672       6.754578316489554E-005  6.641965862168605E-005  6.519721871584890E-005  6.385733283039709E-005  6.236653761369754E-005  6.067842799755530E-005  5.871815295909095E-005  5.760027339488830E-005  5.636227280228524E-005  5.497342551934632E-005  5.405080786462106E-005  5.339143804795561E-005  5.232459816036696E-005  5.155306581248263E-005  5.028498641465599E-005  4.934715488530274E-005  4.884301530629550E-005  4.831003800449422E-005  4.774209730690000E-005  4.713023200013693E-005  4.646049531341467E-005  4.483596249167684E-005  4.374555159402199E-005  4.214191730420398E-005
   1312.50018387721       6.707517235638545E-005  6.595491281406767E-005  6.473909892259763E-005  6.340598979777084E-005  6.192612677685780E-005  6.025282106179341E-005  5.831115505200211E-005  5.720484453271285E-005  5.598089080555697E-005  5.460913535959236E-005  5.369842609249177E-005  5.304788586839096E-005  5.199568105063732E-005  5.123505542577530E-005  4.998496085576188E-005  4.906047224038205E-005  4.856341404226398E-005  4.803781732138832E-005  4.747759655156088E-005  4.687381263458398E-005  4.621262192592022E-005  4.460709591206399E-005  4.352779454554656E-005  4.193778338742158E-005
   1317.50018457769       6.653449569829370E-005  6.542764624787826E-005  6.422759413700264E-005  6.291271794767841E-005  6.145255026136781E-005  5.980117777008444E-005  5.788633587102433E-005  5.679615782050298E-005  5.559018154118916E-005  5.423892175700361E-005  5.334208246199581E-005  5.270149047372273E-005  5.166566663384259E-005  5.091680385133028E-005  4.968605504871744E-005  4.877553521244439E-005  4.828583618229180E-005  4.776784530174476E-005  4.721550768305293E-005  4.661993760096087E-005  4.596735302049695E-005  4.438081353855088E-005  4.331260767610102E-005  4.173638759456019E-005
   1322.50018527818       6.652957066980243E-005  6.542512975464631E-005  6.422660928637951E-005  6.291423789748535E-005  6.145488332575923E-005  5.980323634246323E-005  5.788628727109023E-005  5.679331725950385E-005  5.558341067791626E-005  5.422653097266170E-005  5.332543463391710E-005  5.268146861804542E-005  5.163973089554520E-005  5.088635975249258E-005  4.964804959072070E-005  4.873196409680940E-005  4.823933572878934E-005  4.771837817741840E-005  4.716303830242764E-005  4.656447005539148E-005  4.590895159083467E-005  4.431735148079177E-005  4.324788549883568E-005  4.167357467863030E-005
   1327.50018597866       6.615555337803526E-005  6.506001508959802E-005  6.387129319165247E-005  6.256867742993951E-005  6.112116842018539E-005  5.948186888978104E-005  5.757963262503080E-005  5.649543275739447E-005  5.529527576429471E-005  5.394961411285206E-005  5.305613928490522E-005  5.241766613941516E-005  5.138507141992658E-005  5.063840818183613E-005  4.941124145754605E-005  4.850349480982922E-005  4.801534664895407E-005  4.749911790235756E-005  4.694875456364395E-005  4.635548001459022E-005  4.570566934374907E-005  4.412731547453933E-005  4.306612599573916E-005  4.150277675785499E-005
   1332.50018667915       6.584275025056087E-005  6.475715649707808E-005  6.357902510646925E-005  6.228826333213474E-005  6.085444626443481E-005  5.923042230003422E-005  5.734493906434435E-005  5.627021350480576E-005  5.507991037445503E-005  5.374497760882188E-005  5.285832880091609E-005  5.222462676315479E-005  5.119941930407576E-005  5.045792255497287E-005  4.923875305676911E-005  4.833656898557158E-005  4.785129682808727E-005  4.733796050835095E-005  4.679059969484187E-005  4.620043758603678E-005  4.555388587476425E-005  4.398305784546879E-005  4.292683226667063E-005  4.137117725236927E-005
   1337.50018737963       6.548097725235160E-005  6.440474979611519E-005  6.323741693508650E-005  6.195788584661213E-005  6.053618117741170E-005  5.892627195205498E-005  5.705726314276475E-005  5.599172470635442E-005  5.481177182851747E-005  5.348854010293808E-005  5.260960292077208E-005  5.198157780718065E-005  5.096541733014661E-005  5.023052998322577E-005  4.902217623431797E-005  4.812786465370647E-005  4.764675832732472E-005  4.713778833696030E-005  4.659500137921022E-005  4.600966243273197E-005  4.536826228619246E-005  4.380933069108695E-005  4.276063990890270E-005  4.121549567527973E-005
   1342.50018808012       6.513249351230683E-005  6.406624640235526E-005  6.291116754139992E-005  6.164417158402235E-005  6.023566653423970E-005  5.864123303225125E-005  5.678918363942183E-005  5.573292119730715E-005  5.456336904641746E-005  5.325192723572218E-005  5.238064587507856E-005  5.175792723580298E-005  5.075047968138903E-005  5.002165440486180E-005  4.882324352926441E-005  4.793603989138104E-005  4.745865347402626E-005  4.695352250712744E-005  4.641471189420948E-005  4.583353698019827E-005  4.519650965633006E-005  4.364754902220589E-005  4.260516493343203E-005  4.106896991735433E-005
   1347.50018878060       6.477801790018587E-005  6.372298238895183E-005  6.257928872774733E-005  6.132445919446172E-005  5.992907711872189E-005  5.834914250684593E-005  5.651405673831626E-005  5.546753250509987E-005  5.430850112758352E-005  5.300846180895347E-005  5.214492048920302E-005  5.152767610093294E-005  5.052905557340955E-005  4.980657968785090E-005  4.861833524440257E-005  4.773848783013492E-005  4.726496398270290E-005  4.676385267221362E-005  4.622923213086326E-005  4.565244585969864E-005  4.502008725262674E-005  4.348184993624571E-005  4.244625314361454E-005  4.091965111503921E-005
   1352.50018948108       6.426749489795195E-005  6.322505302474976E-005  6.209568114315465E-005  6.085739778044357E-005  5.948008969441986E-005  5.792146979017899E-005  5.611263784061312E-005  5.508105681221315E-005  5.393931220104800E-005  5.265896893179121E-005  5.180853691418851E-005  5.120085279822316E-005  5.021744431998006E-005  4.950597585057948E-005  4.833546947728591E-005  4.746835478846858E-005  4.700149882968660E-005  4.650726791138205E-005  4.597975774094432E-005  4.541033258791858E-005  4.478568793402002E-005  4.326434218144161E-005  4.223848729494654E-005  4.072388797445395E-005
   1357.50019018157       6.390704785520858E-005  6.287213621161315E-005  6.174817037414553E-005  6.051785515471605E-005  5.914956747459212E-005  5.760097531671041E-005  5.580358169094149E-005  5.477937477661160E-005  5.364587638300822E-005  5.237549169246711E-005  5.153220687332254E-005  5.092981302990042E-005  4.995537598713448E-005  4.925070007926569E-005  4.809176847548870E-005  4.723338193032423E-005  4.677126905764188E-005  4.628202099558260E-005  4.575976543551917E-005  4.519594721566639E-005  4.457730957504313E-005  4.306981776023362E-005  4.205245498689548E-005  4.054868886265796E-005
   1362.50019088205       6.373708255527561E-005  6.271114701516978E-005  6.159868188766325E-005  6.037833011948998E-005  5.902068101309128E-005  5.748275107706938E-005  5.569568433914155E-005  5.467626621973344E-005  5.354688262162756E-005  5.228029878009732E-005  5.143878367153378E-005  5.083738031335100E-005  4.986409038523599E-005  4.915985909480188E-005  4.800122056327666E-005  4.714280752358007E-005  4.668062237374498E-005  4.619127091961192E-005  4.566891959520990E-005  4.510502320359781E-005  4.448639493062154E-005  4.297974441980898E-005  4.196413440309265E-005  4.046544541784268E-005
   1367.50019158254       6.332830078607934E-005  6.231105217786926E-005  6.120875066941990E-005  5.999918711960755E-005  5.865487839075909E-005  5.713157307016140E-005  5.536161363049975E-005  5.435217253211798E-005  5.323443338276255E-005  5.198119599820025E-005  5.114905233695476E-005  5.055435603706683E-005  4.959232266276707E-005  4.889637468961130E-005  4.775156926008613E-005  4.690335692446676E-005  4.644658818800191E-005  4.596290536324607E-005  4.544649330830712E-005  4.488885876260550E-005  4.427686547783913E-005  4.278529988085560E-005  4.177880817190998E-005  4.029180156164842E-005
   1372.50019228302       6.248867514661909E-005  6.149154031101691E-005  6.041042030002074E-005  5.922697671729707E-005  5.791124885294357E-005  5.642291960791183E-005  5.469564741711024E-005  5.371163597110754E-005  5.262255765593686E-005  5.140259493401291E-005  5.059272697815039E-005  5.001401711867235E-005  4.907772233662342E-005  4.840024443957965E-005  4.728499009471130E-005  4.645784056119713E-005  4.601202843174411E-005  4.553955739479337E-005  4.503464672706520E-005  4.448880422974522E-005  4.388894018319319E-005  4.242267513245935E-005  4.142937796601335E-005  3.995614516950243E-005
   1377.50019298351       6.256046399583302E-005  6.156345422231980E-005  6.048054770060514E-005  5.929414092099522E-005  5.797566256733644E-005  5.648238715299663E-005  5.474834173685770E-005  5.375964316127054E-005  5.266490552754093E-005  5.143788900383037E-005  5.062308734209715E-005  5.004075626056965E-005  4.909847002586293E-005  4.841671472968980E-005  4.729471057296081E-005  4.646287018219287E-005  4.601471103927984E-005  4.553991301574588E-005  4.503273177633987E-005  4.448471899262462E-005  4.388286842905371E-005  4.241399649441403E-005  4.142117822205619E-005  3.995228905760451E-005
   1382.50019368399       6.226771753864777E-005  6.127954866879278E-005  6.020845838887543E-005  5.903399343095614E-005  5.772775227237936E-005  5.624809956907159E-005  5.452905976124946E-005  5.354872417165567E-005  5.246317805804837E-005  5.124551095530478E-005  5.043661753941800E-005  4.985855212384625E-005  4.892284818928377E-005  4.824558066499138E-005  4.713054214765284E-005  4.630358649686889E-005  4.585791295667023E-005  4.538566871671877E-005  4.488112030281655E-005  4.433586854407058E-005  4.373693159611091E-005  4.227491322583744E-005  4.128673993962779E-005  3.982523043141238E-005
   1387.50019438448       6.214029004467022E-005  6.116004709216188E-005  6.009653212213962E-005  5.893064488285573E-005  5.763227758426876E-005  5.615994293152174E-005  5.444760945516754E-005  5.346975466377785E-005  5.238603256628917E-005  5.116978329721387E-005  5.036126612370131E-005  4.978318769753849E-005  4.884721619939523E-005  4.816952610149964E-005  4.705350981611123E-005  4.622568043194342E-005  4.577952783618660E-005  4.530678304283434E-005  4.480173710148363E-005  4.425601573463140E-005  4.365670281441089E-005  4.219477537056233E-005  4.120790341506686E-005  3.975072709264209E-005
   1392.50019508496       6.156165687646105E-005  6.059200445571130E-005  5.954179782394781E-005  5.838847369250309E-005  5.710649233880281E-005  5.565353980297026E-005  5.396512264061042E-005  5.300226241038391E-005  5.193627057092540E-005  5.074129716913462E-005  4.994779682818907E-005  4.938064124708462E-005  4.846303909709417E-005  4.779900491335891E-005  4.670580918336390E-005  4.589478432336633E-005  4.545759200003310E-005  4.499420941739027E-005  4.449894659884037E-005  4.396346342942157E-005  4.337495374727889E-005  4.193693169560411E-005  4.096375154587686E-005  3.952247841178299E-005
   1397.50019578545       6.136962057960143E-005  6.040693466926048E-005  5.936368041413607E-005  5.821719671823977E-005  5.694150949069208E-005  5.549542168462249E-005  5.381382174063683E-005  5.285421674310066E-005  5.179166098280003E-005  5.059992844756455E-005  4.980833378538991E-005  4.924262134251016E-005  4.832714679190522E-005  4.766460452862759E-005  4.657382477203356E-005  4.576470768003801E-005  4.532855800917578E-005  4.486628972707604E-005  4.437225070129212E-005  4.383814677396568E-005  4.325121777520034E-005  4.181759236351827E-005  4.084800257705507E-005  3.941321919765184E-005
   1402.50019648593       6.107600386208105E-005  6.012290291380053E-005  5.908612734735521E-005  5.795024678496967E-005  5.668460159769356E-005  5.525000217689293E-005  5.358165583686148E-005  5.262931373253962E-005  5.157435742231969E-005  5.039101017579452E-005  4.960493905728689E-005  4.904300304688775E-005  4.813357500769364E-005  4.747529956252825E-005  4.639138831974413E-005  4.558718724596471E-005  4.515360580340681E-005  4.469403009841798E-005  4.420280138044836E-005  4.367166871176706E-005  4.308794678927142E-005  4.166184580110835E-005  4.069719105241568E-005  3.926964344252654E-005
   1407.50019718641       6.082483163553341E-005  5.987962887527882E-005  5.885427785654478E-005  5.772890418694108E-005  5.647557588454441E-005  5.505378657628055E-005  5.339915298962512E-005  5.245429319563659E-005  5.140690000389125E-005  5.023132872279977E-005  4.944995016830091E-005  4.889131389714221E-005  4.798672076238382E-005  4.733170786228088E-005  4.625275066118647E-005  4.545188703971617E-005  4.502000850282521E-005  4.456217830070851E-005  4.407273972778223E-005  4.354347652042710E-005  4.296175795338498E-005  4.154056292642425E-005  4.057956841718099E-005  3.915854177683270E-005
   1412.50019788690       6.039601285723223E-005  5.945870129331641E-005  5.844200745968995E-005  5.732603235663344E-005  5.608357913246243E-005  5.467439105473499E-005  5.303589095916940E-005  5.210058931369748E-005  5.106500276915201E-005  4.990346827893914E-005  4.913197145127166E-005  4.858055975522160E-005  4.768822793290936E-005  4.704233869317374E-005  4.597869730200016E-005  4.518927644862353E-005  4.476352345452878E-005  4.431210974090394E-005  4.382941582353341E-005  4.330728318081704E-005  4.273314570340381E-005  4.132911135537958E-005  4.037832203648634E-005  3.896988704713655E-005
   1417.50019858738       6.015422530460475E-005  5.922705469225584E-005  5.821920013141051E-005  5.711397895010760E-005  5.588305192147895E-005  5.448626114284475E-005  5.286023828210370E-005  5.193173998661498E-005  5.090280629512810E-005  4.974817495483843E-005  4.898092175666706E-005  4.843235972704968E-005  4.754419716843374E-005  4.690110347230988E-005  4.584162189964186E-005  4.505498194091450E-005  4.463062021220490E-005  4.418062614834266E-005  4.369936482330636E-005  4.317870447858444E-005  4.260613669281984E-005  4.120589082091390E-005  4.025790740445450E-005  3.885444226805570E-005
   1422.50019928787       5.976147993346124E-005  5.884068780216850E-005  5.784229896987247E-005  5.674497451396782E-005  5.552362898553743E-005  5.413819161446345E-005  5.252659137312723E-005  5.160673705210157E-005  5.058791677863115E-005  4.944560136423569E-005  4.868688966475734E-005  4.814463596631483E-005  4.726705918728532E-005  4.663180240969362E-005  4.558549273100159E-005  4.480865675966751E-005  4.438956246152713E-005  4.394510569157467E-005  4.346968480453152E-005  4.295521775468933E-005  4.238928419108545E-005  4.100417906691851E-005  4.006533146648497E-005  3.867342833678850E-005
   1427.50019998835       5.939726197475923E-005  5.848379227571781E-005  5.749251214086635E-005  5.640459434314038E-005  5.519306358728320E-005  5.381927209905929E-005  5.222179150813158E-005  5.131029726791123E-005  5.030144184867141E-005  4.917030450079011E-005  4.841937253062232E-005  4.788281181824190E-005  4.701468599642081E-005  4.638642770382945E-005  4.535178047766760E-005  4.458365990091544E-005  4.416922168404093E-005  4.372965921042831E-005  4.325938776986607E-005  4.275039439510344E-005  4.219031601991746E-005  4.081869962167428E-005  3.988816051010463E-005  3.850710849273192E-005
   1432.50020068884       5.920199955997910E-005  5.829901446292266E-005  5.731784949080982E-005  5.624147724247140E-005  5.504154808405820E-005  5.367999152391522E-005  5.209458169951363E-005  5.118908206134177E-005  5.018572309231242E-005  4.905964615845410E-005  4.831150591780361E-005  4.777659320527705E-005  4.691066144180017E-005  4.628366691127034E-005  4.525052025001402E-005  4.448312416262766E-005  4.406898139730840E-005  4.362966429140616E-005  4.315962820302475E-005  4.265084742247951E-005  4.209100823432261E-005  4.072041864501604E-005  3.979136631994225E-005  3.841437450059232E-005
   1437.50020138932       5.896528900693972E-005  5.807132420955646E-005  5.710072515733082E-005  5.603398728953475E-005  5.484565952328861E-005  5.349587890582862E-005  5.192353855647091E-005  5.102520807328056E-005  5.002908550658851E-005  4.891069312784793E-005  4.816709376300769E-005  4.763530520593509E-005  4.677399570783859E-005  4.615003562350634E-005  4.512133263078093E-005  4.435683158855297E-005  4.394412213015587E-005  4.350624528117439E-005  4.303765440388060E-005  4.253035329318294E-005  4.197206128658582E-005  4.060516448841450E-005  3.967888400427856E-005  3.830714401288827E-005
   1442.50020208981       5.748883790748673E-005  5.662901946201623E-005  5.569679290021530E-005  5.467384008227697E-005  5.353538796553995E-005  5.224502817401959E-005  5.074615607035743E-005  4.989152800101383E-005  4.894563096105603E-005  4.788564983758149E-005  4.718196533668602E-005  4.667905996982693E-005  4.586498407010868E-005  4.527537663784008E-005  4.430286737789377E-005  4.357913650029344E-005  4.318787620086966E-005  4.277215668996690E-005  4.232653724511186E-005  4.184304986737801E-005  4.130954327940839E-005  3.999573461657506E-005  3.909806558897537E-005  3.775660018946683E-005
   1447.50020279029       5.828487520024801E-005  5.740622536905163E-005  5.645078603887111E-005  5.540190804460934E-005  5.423317653330838E-005  5.290534705265602E-005  5.135961576052473E-005  5.047652671156263E-005  4.949778210067239E-005  4.839957543951006E-005  4.766981796942600E-005  4.714808362783761E-005  4.630339720756251E-005  4.569165487079120E-005  4.468338222571198E-005  4.393404790414268E-005  4.352946881796777E-005  4.310009690176027E-005  4.264050262626305E-005  4.214273742075654E-005  4.159467392542000E-005  4.025145492891172E-005  3.933991257055777E-005  3.798763273907474E-005
   1452.50020349078       5.742366252932885E-005  5.656241556034614E-005  5.562706518684090E-005  5.460119532438751E-005  5.345857641406206E-005  5.216235820905225E-005  5.065525516557911E-005  4.979574110463436E-005  4.884429955290499E-005  4.777822035008046E-005  4.707058318630622E-005  4.656490854945343E-005  4.574673630414253E-005  4.515435792125123E-005  4.417790153499978E-005  4.345177217588533E-005  4.305942731378571E-005  4.264277177768653E-005  4.219636520658135E-005  4.171233709934142E-005  4.117865164007927E-005  3.986667405327921E-005  3.897239797335001E-005  3.763914483132349E-005
   1457.00020412121       5.767456433184753E-005  5.680971392115364E-005  5.587055108505863E-005  5.483896044975916E-005  5.368918120132381E-005  5.238377174885289E-005  5.086418041768584E-005  4.999637214759850E-005  4.903483360969527E-005  4.795617360343282E-005  4.723953019321390E-005  4.672717145903957E-005  4.589763231964308E-005  4.529680867565401E-005  4.430620730118225E-005  4.356964409055178E-005  4.317179357693862E-005  4.274941609979795E-005  4.229710655830905E-005  4.180699617161387E-005  4.126705192348068E-005  3.994233291307026E-005  3.904222190926376E-005  3.770554547409684E-005
   1462.00020482170       5.722532783383935E-005  5.637241229491936E-005  5.544678622587608E-005  5.442978384035574E-005  5.329637053162041E-005  5.200992762700777E-005  5.051201186632380E-005  4.965626056738735E-005  4.870810292548806E-005  4.764414798399773E-005  4.693716315954477E-005  4.643160623386089E-005  4.561293762569179E-005  4.501980730684630E-005  4.404168788387330E-005  4.331410935223443E-005  4.292096920482808E-005  4.250347465328104E-005  4.205624523709945E-005  4.157143208874240E-005  4.103707263431648E-005  3.972475136087719E-005  3.883187190802446E-005  3.750398418134261E-005
   1467.50020559223       5.711851301743741E-005  5.626738437818612E-005  5.534260251947016E-005  5.432702140331272E-005  5.319592022716362E-005  5.191056213795634E-005  5.041380233886250E-005  4.955885589135433E-005  4.861130770111386E-005  4.754807507042995E-005  4.684153540946263E-005  4.633633166308826E-005  4.551828398167439E-005  4.492563115747372E-005  4.394824709890946E-005  4.322129750245245E-005  4.282855184711803E-005  4.241150696630120E-005  4.196482700942478E-005  4.148070945370284E-005  4.094726178729704E-005  3.963803966739202E-005  3.874823586978265E-005  3.742675516076975E-005
   1472.50020629271       5.672326753642852E-005  5.587692490816741E-005  5.495828603743682E-005  5.394938677560953E-005  5.282537398757706E-005  5.154960063799839E-005  5.006487522085276E-005  4.921743523861136E-005  4.827898337265088E-005  4.722693046331302E-005  4.652840748982237E-005  4.602925086415846E-005  4.522137140193127E-005  4.463649827085407E-005  4.367241583716063E-005  4.295561070177227E-005  4.256837719371499E-005  4.215717426811285E-005  4.171668898828672E-005  4.123918470990169E-005  4.071283203618705E-005  3.941976132970095E-005  3.853939042826246E-005  3.722876209743103E-005
   1477.50020699320       5.620706524491364E-005  5.537595296681596E-005  5.447421388600732E-005  5.348373375537547E-005  5.238011729776231E-005  5.112816467540058E-005  4.967161053914996E-005  4.884024177120617E-005  4.791990015972816E-005  4.688775864466316E-005  4.620230432951395E-005  4.571240559974043E-005  4.491930773657402E-005  4.434478344517481E-005  4.339716444634544E-005  4.269194132808593E-005  4.231070028353352E-005  4.190564321855017E-005  4.147147254511762E-005  4.100049716016727E-005  4.048095081523938E-005  3.920282706968050E-005  3.833126093454648E-005  3.703208302510657E-005
   1482.50020769368       5.611127733978020E-005  5.528248907067908E-005  5.438336179910308E-005  5.339538034522496E-005  5.229552993026795E-005  5.104635911525075E-005  4.959177710341569E-005  4.876129678157222E-005  4.784112362076729E-005  4.680886845644551E-005  4.612302205387932E-005  4.563261947745705E-005  4.483846449849929E-005  4.426309551575549E-005  4.331390098533863E-005  4.260750911228412E-005  4.222562544446350E-005  4.181994104563301E-005  4.138515505343116E-005  4.091357853987827E-005  4.039349225780001E-005  3.911483386566949E-005  3.824377943736379E-005  3.694694260279584E-005
   1487.50020839417       5.549953213637419E-005  5.468956184044072E-005  5.381041151015820E-005  5.284396884775356E-005  5.176762747315101E-005  5.054497668451012E-005  4.912232644459050E-005  4.831021113992825E-005  4.741052593763280E-005  4.640130370341153E-005  4.573066802818438E-005  4.525115315734602E-005  4.447449327023007E-005  4.391158760827713E-005  4.298245463258525E-005  4.229044243009321E-005  4.191611194536970E-005  4.151822652504914E-005  4.109153259330347E-005  4.062840828339359E-005  4.011718572725721E-005  3.885803384294651E-005  3.799819583999976E-005  3.671495775665036E-005
   1492.50020909465       5.585367418157533E-005  5.503579371667967E-005  5.414725593780113E-005  5.317105039784705E-005  5.208130197159928E-005  5.084270845756366E-005  4.939795495170178E-005  4.857180433606445E-005  4.765553910726305E-005  4.662626485697629E-005  4.594171443548078E-005  4.545194826654487E-005  4.465833512190407E-005  4.408300726450489E-005  4.313342631105628E-005  4.242648043921539E-005  4.204426553711671E-005  4.163821488825791E-005  4.120305661745265E-005  4.073115973841086E-005  4.021084802647561E-005  3.893268086656677E-005  3.806332121314196E-005  3.677183229902269E-005
   1497.50020979514       5.544410254746741E-005  5.463234140869094E-005  5.375090192511147E-005  5.278197344844052E-005  5.170143447986537E-005  5.047325129349249E-005  4.904234372818278E-005  4.822454603281618E-005  4.731831761939847E-005  4.630148307406244E-005  4.562572965953838E-005  4.514255242681649E-005  4.436007546772968E-005  4.379311801562750E-005  4.285760698921054E-005  4.216121779886107E-005  4.178469423621058E-005  4.138462208776969E-005  4.095577777159889E-005  4.049058445100001E-005  3.997746600026430E-005  3.871586996820761E-005  3.785669422168871E-005  3.657856930266252E-005
   1502.50021049562       5.490442909861914E-005  5.410963434509660E-005  5.324559098976151E-005  5.229589557311008E-005  5.123661486909272E-005  5.003255298412399E-005  4.862866393461183E-005  4.782622513625146E-005  4.693668455057470E-005  4.593791891032614E-005  4.527385196649440E-005  4.479893046160483E-005  4.402935699265502E-005  4.347139793668178E-005  4.255003907806934E-005  4.186352831549486E-005  4.149204626522120E-005  4.109711439629328E-005  4.067349281706684E-005  4.021361688759772E-005  3.970590558614673E-005  3.845541244813454E-005  3.760193818432833E-005  3.632964983970419E-005
   1507.50021119611       5.466731781378359E-005  5.387042416819919E-005  5.300505462386505E-005  5.205442857204692E-005  5.099497814834474E-005  4.979180177652051E-005  4.839165084468097E-005  4.759229610317866E-005  4.670681436333792E-005  4.571386967662659E-005  4.505436630757445E-005  4.458291495701596E-005  4.381949704619733E-005  4.326634201187551E-005  4.235352400872764E-005  4.167371654324793E-005  4.130595736548906E-005  4.091503263387969E-005  4.049576803144438E-005  4.004067330101626E-005  3.953829391980881E-005  3.830110939230702E-005  3.745670996779240E-005  3.619750628575406E-005
   1512.50021189659       5.472085991570520E-005  5.392743081425618E-005  5.306338615075855E-005  5.211437818743385E-005  5.105555224304548E-005  4.985070429894742E-005  4.844542705828647E-005  4.764173760337451E-005  4.675037255358098E-005  4.574942738873544E-005  4.508388090062298E-005  4.460781463487823E-005  4.383651811702853E-005  4.327739046200297E-005  4.235444912039025E-005  4.166714839112109E-005  4.129544435349870E-005  4.090044670780076E-005  4.047699919300226E-005  4.001764707167229E-005  3.951098848285996E-005  3.826578315901916E-005  3.741851870407652E-005  3.615929453898401E-005
   1517.50021259708       5.445537587224586E-005  5.366750503240670E-005  5.281097007332121E-005  5.186933977778606E-005  5.081858244438104E-005  4.962274219654701E-005  4.822740774951609E-005  4.742954165190288E-005  4.654452337711464E-005  4.555077585488318E-005  4.489005549403547E-005  4.441739756264547E-005  4.365162680293511E-005  4.309660388915112E-005  4.218055504676361E-005  4.149850962674457E-005  4.112970763080773E-005  4.073780624755000E-005  4.031776328200042E-005  3.986215762410429E-005  3.935970281327867E-005  3.812501724670206E-005  3.728476752010098E-005  3.603511693247856E-005
   1522.50021329756       5.413952030347931E-005  5.335619598047353E-005  5.250377706190573E-005  5.156799256573561E-005  5.052350901006179E-005  4.933596674697769E-005  4.795123335431805E-005  4.716010274782372E-005  4.628335367919933E-005  4.529976001265243E-005  4.464649344911633E-005  4.417950493482123E-005  4.342360795635179E-005  4.287621331416027E-005  4.197369796451842E-005  4.130246916369855E-005  4.093979061482230E-005  4.055460803848402E-005  4.014196797452822E-005  3.969464975937595E-005  3.920160946604586E-005  3.799099793679945E-005  3.716751537618281E-005  3.594278753532672E-005
   1527.50021399805       5.387873139697768E-005  5.310101117869117E-005  5.225433348417717E-005  5.132377312084835E-005  5.028442953365952E-005  4.910225434931589E-005  4.772299407605718E-005  4.693441533573723E-005  4.606004552000854E-005  4.507864593830286E-005  4.442634335052223E-005  4.395989596219817E-005  4.320439972726109E-005  4.265696242183663E-005  4.175358429244480E-005  4.108105490515801E-005  4.071739977149317E-005  4.033096897127444E-005  3.991672321615966E-005  3.946736824726752E-005  3.897171631314024E-005  3.775327693936880E-005  3.692361600810460E-005  3.568913138224507E-005
   1532.50021469853       5.357917410625583E-005  5.280418872589393E-005  5.196214750620049E-005  5.103539272455719E-005  5.000115841985399E-005  4.882466617997909E-005  4.745302224675730E-005  4.666929237312296E-005  4.580099285085734E-005  4.482720998577851E-005  4.418057738081756E-005  4.371854966261895E-005  4.297086820819826E-005  4.242962005749755E-005  4.153747004971639E-005  4.087398701186527E-005  4.051541247829817E-005  4.013449560590134E-005  3.972625360166806E-005  3.928344221369305E-005  3.879498011915053E-005  3.759340985457049E-005  3.677386894760369E-005  3.555113288354874E-005
   1537.50021539901       5.334715880752140E-005  5.258092872406766E-005  5.174921914440897E-005  5.083373986175965E-005  4.981220424356066E-005  4.865054086952474E-005  4.729712515815626E-005  4.652417903487178E-005  4.566805331948644E-005  4.470825617205797E-005  4.407118047426588E-005  4.361605584001118E-005  4.287969369347406E-005  4.234668963064402E-005  4.146815381089049E-005  4.081479299633077E-005  4.046166399354966E-005  4.008650520229323E-005  3.968438316709763E-005  3.924816341061196E-005  3.876690518646361E-005  3.758310762428410E-005  3.677643875133792E-005  3.557583926756174E-005
   1542.50021609950       5.271520560002627E-005  5.195012026888141E-005  5.111829181909579E-005  5.020424137651254E-005  4.918431533382792E-005  4.802578089713633E-005  4.667705372625421E-005  4.590783527603799E-005  4.505709316983606E-005  4.410479717325018E-005  4.347367397033482E-005  4.302329681993118E-005  4.229556984218006E-005  4.176946883313202E-005  4.090337542991444E-005  4.025993618280887E-005  3.991232268009824E-005  3.954308111193393E-005  3.914734802479956E-005  3.871802298517941E-005  3.824427088402952E-005  3.707760725894981E-005  3.628022503461170E-005  3.508725164419007E-005
   1547.50021679998       5.269473931024243E-005  5.194085844223771E-005  5.112104056859621E-005  5.022086521244436E-005  4.921675500594919E-005  4.807665518015287E-005  4.675053729462750E-005  4.599437142183456E-005  4.515794468204758E-005  4.422157526255203E-005  4.360086010215720E-005  4.315773616770224E-005  4.244127215618911E-005  4.192296109795858E-005  4.106892779273350E-005  4.043369922647814E-005  4.009025759059895E-005  3.972524549408891E-005  3.933379696897090E-005  3.890886633309036E-005  3.843967709902360E-005  3.728352572184616E-005  3.649370758142634E-005  3.531464501517187E-005
   1552.50021750047       5.246902701562574E-005  5.171940928419186E-005  5.090542534932552E-005  5.001041644567493E-005  4.901321192677042E-005  4.788140802370663E-005  4.656594170088397E-005  4.581658966881416E-005  4.498849644256397E-005  4.406269163719265E-005  4.344963703242647E-005  4.301234059028587E-005  4.230597331274383E-005  4.179535025202912E-005  4.095445432016797E-005  4.032910155258552E-005  3.999088477129373E-005  3.963130388618666E-005  3.924543303049899E-005  3.882620839911505E-005  3.836281252924898E-005  3.721830758082033E-005  3.643419287524237E-005  3.526058240599013E-005
   1557.50021820095       5.183053590103988E-005  5.106934655701619E-005  5.024140209444185E-005  4.933065291816102E-005  4.831517983810661E-005  4.716226199794732E-005  4.582308239132645E-005  4.506147243933561E-005  4.422135477573826E-005  4.328465597957127E-005  4.266636193985938E-005  4.222640420155633E-005  4.151776057302625E-005  4.100726809729545E-005  4.017008795322976E-005  3.955052639954913E-005  3.921657508568599E-005  3.886240640047102E-005  3.848339365883887E-005  3.807284302457769E-005  3.762051530548500E-005  3.650898670725846E-005  3.574994286532479E-005  3.461257808419388E-005
   1562.50021890144       5.222368156494534E-005  5.149903670626236E-005  5.071228436109921E-005  4.984729190023608E-005  4.888334655386160E-005  4.778692272530805E-005  4.650896477879113E-005  4.577844802072899E-005  4.496831623932136E-005  4.405814554008898E-005  4.345244163896264E-005  4.301879979320386E-005  4.231498429702692E-005  4.180364426490273E-005  4.095660785829352E-005  4.032270914573696E-005  3.997856489061392E-005  3.961171654719535E-005  3.921706478288290E-005  3.878726268754315E-005  3.831115128671968E-005  3.713262764549840E-005  3.632575464983188E-005  3.512488138241426E-005
   1567.50021960192       5.130597466106844E-005  5.056738405972415E-005  4.976599770610607E-005  4.888695893352022E-005  4.790871964115291E-005  4.680167210098168E-005  4.552087704149353E-005  4.479463464729852E-005  4.399557000431819E-005  4.310655485558818E-005  4.252060372848080E-005  4.210394716839787E-005  4.143300482582969E-005  4.094951427821234E-005  4.015539457084860E-005  3.956595633227126E-005  3.924737190634708E-005  3.890867414864521E-005  3.854515354986046E-005  3.815002514385693E-005  3.771293198171359E-005  3.663094715150533E-005  3.588659206137887E-005  3.476610478289833E-005
   1572.50022030241       5.065416634877515E-005  4.990587219371491E-005  4.909339992301457E-005  4.820189279597083E-005  4.721047517319925E-005  4.608934289826801E-005  4.479479842153701E-005  4.406257010782572E-005  4.325897655342936E-005  4.236819036211988E-005  4.178308508716808E-005  4.136808668988299E-005  4.070185937883943E-005  4.022332538416716E-005  3.944018070336810E-005  3.886106334719521E-005  3.854876802443842E-005  3.821727106638813E-005  3.786201853251296E-005  3.747642572508318E-005  3.705041773983637E-005  3.599676681312491E-005  3.527057449324364E-005  3.417264995476923E-005
   1577.50022100289       5.113262110734994E-005  5.043784439410146E-005  4.968312260933695E-005  4.885403917610177E-005  4.792963315197755E-005  4.687860529379896E-005  4.565300730378679E-005  4.495206783526768E-005  4.417429851868860E-005  4.329964529815183E-005  4.271694064128363E-005  4.229930474423126E-005  4.162078739633358E-005  4.112709753981016E-005  4.030777057712373E-005  3.969335405914791E-005  3.935930599512166E-005  3.900288189516070E-005  3.861906042697627E-005  3.820064711319955E-005  3.773667043982011E-005  3.658605922568298E-005  3.579646055606433E-005  3.461851293556327E-005
   1582.50022170338       5.104733290511903E-005  5.035376379034133E-005  4.960109657684817E-005  4.877406238104046E-005  4.785279434563683E-005  4.680552743352311E-005  4.558553971126564E-005  4.488827902929101E-005  4.411514328422917E-005  4.324636018836814E-005  4.266797191815346E-005  4.225360463785179E-005  4.158056459241547E-005  4.109095827988948E-005  4.027835070138479E-005  3.966861918141737E-005  3.933692783788110E-005  3.898280712369052E-005  3.860121917939683E-005  3.818490407449399E-005  3.772287291668082E-005  3.657574813333259E-005  3.578802145099287E-005  3.461323865762190E-005
   1587.50022240386       4.845659295729074E-005  4.771423393988397E-005  4.691171188188514E-005  4.603668325883508E-005  4.507202169593677E-005  4.399473447787511E-005  4.277256296320535E-005  4.209324480481880E-005  4.135836518683627E-005  4.055736920605180E-005  4.003886334941632E-005  3.967460203603103E-005  3.909518209553329E-005  3.868245087776985E-005  3.801141378131546E-005  3.751708343430501E-005  3.725062355986897E-005  3.696758439522077E-005  3.666378207605915E-005  3.633315268291750E-005  3.596638990084906E-005  3.504940364252431E-005  3.440631695560005E-005  3.341437505463652E-005
   1592.50022310435       5.004888358601048E-005  4.935885566682047E-005  4.861096720116036E-005  4.779165318982932E-005  4.688101926398409E-005  4.585212007202385E-005  4.466210067162604E-005  4.398734196736484E-005  4.324415554489186E-005  4.241589350116317E-005  4.186847942141110E-005  4.147817737841789E-005  4.084740089154906E-005  4.039064565687525E-005  3.963542637342940E-005  3.907007518417549E-005  3.876261099688909E-005  3.843423051963905E-005  3.808002451806479E-005  3.769296024259064E-005  3.726240518669176E-005  3.618739010092282E-005  3.544260673756785E-005  3.431920025937617E-005
   1597.50022380483       5.070299537078803E-005  5.003269133187876E-005  4.930277824694489E-005  4.849888386055325E-005  4.759998385100795E-005  4.657365738814798E-005  4.537083927489250E-005  4.467935869061404E-005  4.390875700078667E-005  4.303807872197238E-005  4.245543636811851E-005  4.203667624999407E-005  4.135422071721614E-005  4.085622291156075E-005  4.002754595092766E-005  3.940491178255974E-005  3.906620938006008E-005  3.870479672768274E-005  3.831573705211418E-005  3.789190639237982E-005  3.742246810730421E-005  3.626185013552975E-005  3.546927873641835E-005  3.429451326305697E-005
   1605.00022485556       4.947386089529805E-005  4.881923875887511E-005  4.811004238187182E-005  4.733150291355223E-005  4.646493826683558E-005  4.548249380900513E-005  4.434099889139464E-005  4.369015122333241E-005  4.296963655905962E-005  4.216139475100253E-005  4.162367333998862E-005  4.123853362298059E-005  4.061277297673522E-005  4.015712739733701E-005  3.939944410249068E-005  3.882930141180672E-005  3.851842337046003E-005  3.818594146476192E-005  3.782695489536765E-005  3.743443272138449E-005  3.699773055752319E-005  3.590829958798384E-005  3.515543903626878E-005  3.402478660612430E-005
   1615.00022625653       4.761899448887253E-005  4.695306612196842E-005  4.623499704974300E-005  4.545328689551574E-005  4.459210307431183E-005  4.362924409774625E-005  4.253183680439329E-005  4.191754409518509E-005  4.124747912290537E-005  4.050785182639457E-005  4.002238783979354E-005  3.967756180648129E-005  3.912173900855953E-005  3.871984467374882E-005  3.805526821383453E-005  3.755694465973596E-005  3.728543923427367E-005  3.699498475952745E-005  3.668108459310089E-005  3.633726855595605E-005  3.595368777851772E-005  3.498943750434411E-005  3.431459655859924E-005  3.328540761605918E-005
   1625.00022765749       4.987950568933599E-005  4.923728057799519E-005  4.853605395594499E-005  4.776076961562782E-005  4.689059344994440E-005  4.589253312340983E-005  4.471531560253579E-005  4.403508660581932E-005  4.327406309117162E-005  4.241018820010487E-005  4.182987395514799E-005  4.141168307646041E-005  4.072837392890358E-005  4.022851242198089E-005  3.939498441645805E-005  3.876785523145522E-005  3.842663552011898E-005  3.806263954652903E-005  3.767102658470437E-005  3.724482952037699E-005  3.677344180436078E-005  3.561180169638692E-005  3.482230661669322E-005  3.365896603022123E-005
   1635.00022905846       4.760877237332495E-005  4.701495995337862E-005  4.637081720319319E-005  4.566379951452175E-005  4.487626733470253E-005  4.398260000008058E-005  4.294282529882630E-005  4.234926292335803E-005  4.169086542414604E-005  4.095029903344002E-005  4.045603094420974E-005  4.010100574747053E-005  3.952218205845884E-005  3.909893541560490E-005  3.839146002319519E-005  3.785596387250977E-005  3.756285701637635E-005  3.724851472742402E-005  3.690817592773200E-005  3.653499707181458E-005  3.611864969962663E-005  3.507546959047535E-005  3.435154838800757E-005  3.326111084104663E-005
   1645.00023045943       4.519069840350439E-005  4.461739892331749E-005  4.400128850653722E-005  4.333317308292898E-005  4.260026071165449E-005  4.178305118081092E-005  4.085211339783710E-005  4.032958913055556E-005  3.975692431035629E-005  3.912012724372670E-005  3.869862432785903E-005  3.839720090112590E-005  3.790753426511497E-005  3.755029047098614E-005  3.695336087577098E-005  3.650063121332624E-005  3.625216192115927E-005  3.598497359005126E-005  3.569469119497277E-005  3.537501489908202E-005  3.501640435653174E-005  3.410709171545815E-005  3.346533286893872E-005  3.248029246381517E-005
   1655.00023186040       4.865370169114701E-005  4.802922754825271E-005  4.734796077067645E-005  4.659319122759909E-005  4.574396413039611E-005  4.476814977983197E-005  4.361611730554868E-005  4.294999824458390E-005  4.220425918943982E-005  4.135785638715530E-005  4.078935783710180E-005  4.037980330557884E-005  3.971106373857568E-005  3.922233690438082E-005  3.840860688557096E-005  3.779771788084633E-005  3.746590880058266E-005  3.711245117332539E-005  3.673278193417109E-005  3.632031944796661E-005  3.586498375693619E-005  3.474612764409733E-005  3.398715482657440E-005  3.286799254237532E-005
   1665.00023326137       4.831678728921767E-005  4.769664930486290E-005  4.701804395057663E-005  4.626632134980876E-005  4.542033701737332E-005  4.444807260298395E-005  4.329960680312847E-005  4.263546712110997E-005  4.189212399002098E-005  4.104854312527357E-005  4.048221531046472E-005  4.007435385512896E-005  3.940871749371455E-005  3.892254201461877E-005  3.811378982409125E-005  3.750727216447894E-005  3.717809808899144E-005  3.682762723970887E-005  3.645138433470829E-005  3.604286243360349E-005  3.559210967148514E-005  3.448517736487191E-005  3.373454814790200E-005  3.262770962526150E-005
   1675.00023466234       4.530774483146344E-005  4.479338292805610E-005  4.423270263145498E-005  4.361369213828461E-005  4.291965976114731E-005  4.212709094704909E-005  4.119833441764862E-005  4.066485557938711E-005  4.007071765782885E-005  3.939923650915465E-005  3.894920847060516E-005  3.862507442710677E-005  3.809501465570001E-005  3.770618151173095E-005  3.705394335976759E-005  3.655840659197961E-005  3.628651857428760E-005  3.599444457612748E-005  3.567766329566360E-005  3.532969629220560E-005  3.494074122392259E-005  3.396296681670205E-005  3.328160795736890E-005  3.225029711507139E-005
   1685.00023606331       4.265048201279271E-005  4.218677849251213E-005  4.168546024712940E-005  4.113823027946513E-005  4.053271801894499E-005  3.985008966562022E-005  3.906179239971244E-005  3.861397799961352E-005  3.811864662112807E-005  3.756216764271960E-005  3.719064714318937E-005  3.692345326636726E-005  3.648672672149462E-005  3.616609533284478E-005  3.562675674011292E-005  3.521482191947170E-005  3.498773022243245E-005  3.474278608270555E-005  3.447582480556517E-005  3.418088256446617E-005  3.384892650266230E-005  3.300265173177754E-005  3.240190380828915E-005  3.147460222311063E-005
   1695.00023746428       4.683949294538380E-005  4.624950421423506E-005  4.560329250605118E-005  4.488696308985798E-005  4.407972168549613E-005  4.315130986504011E-005  4.205492793326957E-005  4.142121076872070E-005  4.071249119278916E-005  3.990909476161027E-005  3.937030511647675E-005  3.898259506400329E-005  3.835030902811708E-005  3.788881334853616E-005  3.712136733288230E-005  3.654576023651545E-005  3.623319614171288E-005  3.590022099207413E-005  3.554246970937240E-005  3.515362910002008E-005  3.472405245705376E-005  3.366668335251640E-005  3.294769572534843E-005  3.188435155235948E-005
   1705.00023886525       4.663602536449180E-005  4.601793616103956E-005  4.534362125749871E-005  4.459834442377997E-005  4.376333531261102E-005  4.280850424691245E-005  4.168796601952849E-005  4.104368527735970E-005  4.032587605638850E-005  3.951544707781927E-005  3.897382530499904E-005  3.858498424555377E-005  3.795246786176054E-005  3.749205311278929E-005  3.672875444995640E-005  3.615815522576592E-005  3.584897520238423E-005  3.552008987555860E-005  3.516725184790310E-005  3.478428830451567E-005  3.436174600464411E-005  3.332306021774113E-005  3.261674817107513E-005  3.157009600018921E-005
   1715.00024026622       4.625612945628546E-005  4.565093913111821E-005  4.498990351914639E-005  4.425940640833203E-005  4.343963897207015E-005  4.250078928861101E-005  4.139714121504292E-005  4.076175910339926E-005  4.005346914723090E-005  3.925305400715013E-005  3.871776205063713E-005  3.833331278510009E-005  3.770769739916908E-005  3.725207584988678E-005  3.649638024175233E-005  3.593116700875124E-005  3.562479947015022E-005  3.529882556422659E-005  3.494902436634620E-005  3.456926636280037E-005  3.415016666048574E-005  3.311978289745800E-005  3.241932152281713E-005  3.138227437905828E-005
   1725.00024166719       4.486880598665324E-005  4.433158201942465E-005  4.374133670063673E-005  4.308491234191360E-005  4.234375752658794E-005  4.148949698738930E-005  4.047919778008557E-005  3.989543022688909E-005  3.924304479329307E-005  3.850433753126883E-005  3.800939535750791E-005  3.765348518803940E-005  3.707329644810702E-005  3.664981448872631E-005  3.594508466021137E-005  3.541547411505341E-005  3.512730853791830E-005  3.481975088709794E-005  3.448856978668920E-005  3.412763746999639E-005  3.372765410621232E-005  3.273725999530796E-005  3.205869320731591E-005  3.104660761926641E-005
   1735.00024306816       3.904988782361786E-005  3.869394627383393E-005  3.830931819158253E-005  3.788924046933518E-005  3.742452408932430E-005  3.690093251285229E-005  3.629695409608874E-005  3.595388894197136E-005  3.557416255941312E-005  3.514660729134082E-005  3.486017974899103E-005  3.465348592615046E-005  3.431398591872380E-005  3.406312393782180E-005  3.363732856767593E-005  3.330834865031410E-005  3.312543674471399E-005  3.292683425040119E-005  3.270877530349152E-005  3.246584568036275E-005  3.218981203571111E-005  3.147280407568722E-005  3.095136699981710E-005  3.012553962259642E-005
   1745.00024446913       4.307961601716566E-005  4.260026328798345E-005  4.207299185062139E-005  4.148572450342489E-005  4.082148304407523E-005  4.005617893812227E-005  3.915219496736842E-005  3.863037506425709E-005  3.804796490191465E-005  3.738885618150966E-005  3.694728211423255E-005  3.662950039305493E-005  3.611070158801014E-005  3.573103008522790E-005  3.509636291967878E-005  3.461622667639317E-005  3.435359479618758E-005  3.407210473809782E-005  3.376754238671630E-005  3.343388165473745E-005  3.306198582437703E-005  3.213185035241025E-005  3.148724969899894E-005  3.051543756610891E-005
   1755.00024587009       4.418860545153974E-005  4.362610411965678E-005  4.301207122955916E-005  4.233234817799254E-005  4.156862027347555E-005  4.069368235794430E-005  3.966566481386335E-005  3.907439314365359E-005  3.841593047095231E-005  3.767306813010958E-005  3.717711098968442E-005  3.682131562837467E-005  3.624294442104660E-005  3.582215441478191E-005  3.512461707651545E-005  3.460278571247678E-005  3.431971427887726E-005  3.401826107054181E-005  3.369438713123655E-005  3.334223221742731E-005  3.295285004507503E-005  3.199177211054648E-005  3.133485061848802E-005  3.035562042610097E-005
   1765.00024727106       4.392787566034939E-005  4.335326550790222E-005  4.272676971433361E-005  4.203585687200205E-005  4.126253658152324E-005  4.038018119811625E-005  3.934747027436182E-005  3.875512097313582E-005  3.809689996296106E-005  3.735580161145153E-005  3.686182071534022E-005  3.650777531736513E-005  3.593294538360463E-005  3.551519449374063E-005  3.482354873456293E-005  3.430676408838929E-005  3.402665595788683E-005  3.372850906293154E-005  3.340834295422473E-005  3.306037244592263E-005  3.267575542197279E-005  3.172665632709915E-005  3.107775583926213E-005  3.010975913929032E-005
   1775.00024867203       4.369156430072567E-005  4.311637959942042E-005  4.248945322743782E-005  4.179848552062004E-005  4.102509247551265E-005  4.014296420506223E-005  3.911067393701994E-005  3.851895923185303E-005  3.786149862984923E-005  3.712172820180428E-005  3.662887036585809E-005  3.627578576701331E-005  3.570283189337193E-005  3.528670583738531E-005  3.459830417425968E-005  3.408438306499180E-005  3.380598178251122E-005  3.350976670461032E-005  3.319178987353743E-005  3.284634206778584E-005  3.246467594240411E-005  3.152361873984022E-005  3.088082223470072E-005  2.992248139027960E-005
   1785.00025007300       4.321338081678206E-005  4.264857298563517E-005  4.203279300227900E-005  4.135388216079349E-005  4.059380046505076E-005  3.972661090912761E-005  3.871213257947779E-005  3.813077104632123E-005  3.748504836139496E-005  3.675872825702730E-005  3.627501598397919E-005  3.592861761646643E-005  3.536658788448876E-005  3.495845456214629E-005  3.428324962984420E-005  3.377907594258497E-005  3.350587168440332E-005  3.321510976832192E-005  3.290288256415315E-005  3.256353498951548E-005  3.218842581557622E-005  3.126261454311414E-005  3.062934501488146E-005  2.968364922659337E-005
   1795.00025147397       4.286364263823682E-005  4.231694469289243E-005  4.171940271292053E-005  4.105831442046879E-005  4.031625062828000E-005  3.946670387642806E-005  3.846958559884216E-005  3.789673430615254E-005  3.725941462441158E-005  3.654148637409480E-005  3.606283228270199E-005  3.571980586727866E-005  3.516289463322330E-005  3.475825899700512E-005  3.408844232598300E-005  3.358799623521381E-005  3.331672437052943E-005  3.302794988573809E-005  3.271779821757391E-005  3.238066079769117E-005  3.200797473502148E-005  3.108844966351807E-005  3.046010242871394E-005  2.952305652955077E-005
   1805.00025287494       4.173150601028268E-005  4.124096344904148E-005  4.070109732719580E-005  4.010029150979110E-005  3.942136499856349E-005  3.863948688675375E-005  3.771675342316877E-005  3.718498762102480E-005  3.659225269977825E-005  3.592338977995722E-005  3.547681346654900E-005  3.515639193723733E-005  3.463535178590565E-005  3.425595875869956E-005  3.362594316225295E-005  3.315318534323828E-005  3.289604642902271E-005  3.262159333679700E-005  3.232595843789457E-005  3.200357212751341E-005  3.164597222419832E-005  3.075844743986854E-005  3.014783364467325E-005  2.923114037575445E-005
   1815.00025427591       3.653327159153074E-005  3.623249160925962E-005  3.590413230133891E-005  3.554124806514822E-005  3.513449985530435E-005  3.467045012498965E-005  3.412739501775210E-005  3.381588255842424E-005  3.346881028844813E-005  3.307579090144989E-005  3.281145910990703E-005  3.262029949485946E-005  3.230581947217864E-005  3.207319421145154E-005  3.167813684229835E-005  3.137294904175549E-005  3.120333570821712E-005  3.101926197317736E-005  3.081727746585633E-005  3.059243408908082E-005  3.033720206851014E-005  2.967552828377476E-005  2.919533092829294E-005  2.843551116969386E-005
   1825.00025567688       3.941666748775505E-005  3.901621097249832E-005  3.857488028294454E-005  3.808225812867483E-005  3.752506126531117E-005  3.688308112160936E-005  3.612581886340833E-005  3.568936648614941E-005  3.520254172500533E-005  3.465204085787698E-005  3.428319185967556E-005  3.401759810010663E-005  3.358342492081664E-005  3.326499988844056E-005  3.273074970683928E-005  3.232445741650662E-005  3.210127691278965E-005  3.186127115058271E-005  3.160062043140238E-005  3.131385699556102E-005  3.099272580029965E-005  3.018232296090759E-005  2.961413246783959E-005  2.874620210683597E-005
   1835.00025707785       4.097155470287325E-005  4.047281622274616E-005  3.992610157863574E-005  3.931931875259792E-005  3.863628432080442E-005  3.785259051726873E-005  3.693135175494787E-005  3.640188639468413E-005  3.581314865355734E-005  3.515036166228375E-005  3.470876581557872E-005  3.439242458837599E-005  3.387896220661522E-005  3.350583141143617E-005  3.288771063630599E-005  3.242510634440040E-005  3.217392163526381E-005  3.190614086184373E-005  3.161803221781837E-005  3.130421388276669E-005  3.095649842541173E-005  3.009483191395506E-005  2.950272553953785E-005  2.861421069472689E-005
   1845.00025847882       4.078650424958034E-005  4.027411728247043E-005  3.971451704278488E-005  3.909560556470661E-005  3.840080803607310E-005  3.760669544848040E-005  3.667652750376896E-005  3.614347011594024E-005  3.555176821263165E-005  3.488705387675456E-005  3.444498600795775E-005  3.412866769134202E-005  3.361592786400145E-005  3.324387914683233E-005  3.262854842332820E-005  3.216884481301081E-005  3.191951985104146E-005  3.165392861748838E-005  3.136838868544174E-005  3.105760280726068E-005  3.071348933599275E-005  2.986147967494150E-005  2.927626242324035E-005  2.839781258245215E-005
   1855.00025987979       4.025269707687887E-005  3.975500454645471E-005  3.921029599023820E-005  3.860773667744320E-005  3.793116492767391E-005  3.715693313146899E-005  3.625028826446211E-005  3.573080795386521E-005  3.515445323141293E-005  3.450719812737722E-005  3.407690368288253E-005  3.376907983723048E-005  3.327012425362938E-005  3.290803641676938E-005  3.230889158013510E-005  3.186088526756597E-005  3.161770218988136E-005  3.135846565638111E-005  3.107954362781570E-005  3.077568198572572E-005  3.043889213759912E-005  2.960346735492655E-005  2.902828977477564E-005  2.816269090430837E-005
   1865.00026128076       3.927162237647306E-005  3.882957522692890E-005  3.834269235352593E-005  3.779960678038863E-005  3.718557205176524E-005  3.647825977273365E-005  3.564477631705307E-005  3.516533449234687E-005  3.463216975937655E-005  3.403186714388593E-005  3.363182658970944E-005  3.334510519301797E-005  3.287917906267640E-005  3.253992656865735E-005  3.197597157904740E-005  3.155174497622382E-005  3.132045279127642E-005  3.107307224798189E-005  3.080596932359282E-005  3.051391438340263E-005  3.018899332729561E-005  2.937825948349094E-005  2.881678881782123E-005  2.796766445822112E-005
   1875.00026268172       3.397241603665205E-005  3.372759559039758E-005  3.345847110482930E-005  3.315965876916685E-005  3.282362093359100E-005  3.243872402824270E-005  3.198759594560882E-005  3.172828725986419E-005  3.143891009623874E-005  3.111041063313265E-005  3.088876587477155E-005  3.072804548537145E-005  3.046262104589027E-005  3.026534495719235E-005  2.992824508535071E-005  2.966587843446201E-005  2.951929167516862E-005  2.935955556881580E-005  2.918349847467306E-005  2.898653092096329E-005  2.876164590999205E-005  2.817175066170962E-005  2.773683525143313E-005  2.703628128452419E-005
   1885.00026408269       3.822213045550810E-005  3.780576031513497E-005  3.734740247692032E-005  3.683591717243760E-005  3.625755355230261E-005  3.559211457271792E-005  3.480879060834363E-005  3.435862760067844E-005  3.385823546995144E-005  3.329510840796679E-005  3.291973817026381E-005  3.265056656159094E-005  3.221278094266415E-005  3.189355248455896E-005  3.136168160051550E-005  3.096029870507144E-005  3.074093033088483E-005  3.050586371598128E-005  3.025152437242416E-005  2.997279045073243E-005  2.966190980193198E-005  2.888264587829227E-005  2.833998477543525E-005  2.751489531888404E-005
   1895.00026548366       3.861239969210407E-005  3.814040229517703E-005  3.762497218301453E-005  3.705441236003569E-005  3.641416482563203E-005  3.568298079624231E-005  3.482832948939338E-005  3.433990719135892E-005  3.379908881155748E-005  3.319328834819632E-005  3.279139906460342E-005  3.250427486830077E-005  3.203943831810394E-005  3.170244723152807E-005  3.114510383791988E-005  3.072825348490607E-005  3.050183963614802E-005  3.026030927521117E-005  3.000018755644612E-005  2.971646264101144E-005  2.940150282211153E-005  2.861751871581698E-005  2.807490058784415E-005  2.725290699772928E-005
   1905.00026688463       3.870983628607483E-005  3.822989104510013E-005  3.770575612064335E-005  3.712617439708931E-005  3.647581923824657E-005  3.573276100049714E-005  3.486364219610875E-005  3.436643153001382E-005  3.381546146035706E-005  3.319781297099748E-005  3.278786252438190E-005  3.249498253758796E-005  3.202084606362776E-005  3.167722710034356E-005  3.110944636557297E-005  3.068539579930620E-005  3.045534557076690E-005  3.021017717092641E-005  2.994644672472190E-005  2.965917548688349E-005  2.934079808379675E-005  2.855099327012104E-005  2.800692276965082E-005  2.718692146464440E-005
   1915.00026828560       3.833617520756262E-005  3.786250009588581E-005  3.734467666090893E-005  3.677206138377993E-005  3.612987149565420E-005  3.539615138629198E-005  3.453834263645802E-005  3.404783472362418E-005  3.350461849019662E-005  3.289608510660462E-005  3.249241860629371E-005  3.220410754500728E-005  3.173758715338354E-005  3.139960969141131E-005  3.084125725791187E-005  3.042426952624177E-005  3.019803605355226E-005  2.995690693525675E-005  2.969747688166939E-005  2.941482684577076E-005  2.910148333004186E-005  2.832363389202898E-005  2.778719499332270E-005  2.697746698364624E-005
   1925.00026968657       3.784123175471026E-005  3.738716728933634E-005  3.688945744571014E-005  3.633765642489154E-005  3.571702675541389E-005  3.500624728653199E-005  3.417363501640572E-005  3.369704716369929E-005  3.316881533453619E-005  3.257669289010619E-005  3.218369704773736E-005  3.190287904320067E-005  3.144820664158189E-005  3.111856076878450E-005  3.057335660842401E-005  3.016558715711956E-005  2.994411703105678E-005  2.970787543084805E-005  2.945347998097007E-005  2.917605921726784E-005  2.886821868277489E-005  2.810282146493964E-005  2.757405213722159E-005  2.677458447320255E-005
   1935.00027108754       3.666097049401838E-005  3.627208174227502E-005  3.584233445252497E-005  3.536210629222279E-005  3.481798179516535E-005  3.419054126339325E-005  3.345113444315354E-005  3.302601854578929E-005  3.255339270185014E-005  3.202153706933842E-005  3.166709105095798E-005  3.141297388657814E-005  3.099967663509032E-005  3.069833586508441E-005  3.019619869358857E-005  2.981717555204224E-005  2.960998857055848E-005  2.938794435600751E-005  2.914766394674028E-005  2.888430309634965E-005  2.859054334887034E-005  2.785400433161476E-005  2.734067284255375E-005  2.655861513691006E-005
   1945.00027248851       3.183607504385052E-005  3.162115913123713E-005  3.138569655359787E-005  3.112646116901205E-005  3.083644833288309E-005  3.050631297220989E-005  3.012056374209056E-005  2.989924086499616E-005  2.965216049501080E-005  2.937114783023360E-005  2.918101522621156E-005  2.904283367145480E-005  2.881394969857969E-005  2.864322737616652E-005  2.835017881727954E-005  2.812091327457044E-005  2.799235983904608E-005  2.785189438851551E-005  2.769661841230169E-005  2.752232706185944E-005  2.732258846546526E-005  2.679494897065611E-005  2.640274067738959E-005  2.576673721693812E-005
   1955.00027388948       3.600953135316075E-005  3.563161990818195E-005  3.521391586022397E-005  3.474733221580612E-005  3.421857053827976E-005  3.360924854803642E-005  3.289144989119570E-005  3.247896903531064E-005  3.202045345176345E-005  3.150458765054760E-005  3.116081092105356E-005  3.091431113664837E-005  3.051333638741578E-005  3.022087588879150E-005  2.973326011514164E-005  2.936490052348859E-005  2.916341727225523E-005  2.894738696849759E-005  2.871349301897455E-005  2.845699369018697E-005  2.817071061743935E-005  2.745209973566393E-005  2.695053347616128E-005  2.618524309905355E-005
   1965.00027529045       3.653736450361741E-005  3.610323183301833E-005  3.562735904542564E-005  3.509986914590800E-005  3.450667120946777E-005  3.382780822652118E-005  3.303359357640340E-005  3.257954655730250E-005  3.207700415207636E-005  3.151451490708709E-005  3.114169153141240E-005  3.087552977467432E-005  3.044492322341036E-005  3.013292717938621E-005  2.961711167388857E-005  2.923128089937453E-005  2.902165261376394E-005  2.879796020374090E-005  2.855696559176268E-005  2.829400571530205E-005  2.800200242657436E-005  2.727486840627005E-005  2.677131141258001E-005  2.600743050133723E-005
   1975.00027669142       3.626584998684151E-005  3.582385351730186E-005  3.534097442414997E-005  3.480755933167059E-005  3.421007879687122E-005  3.352892278249997E-005  3.273499793784883E-005  3.228240177989631E-005  3.178234474665061E-005  3.122362330085699E-005  3.085385519650459E-005  3.059011855309670E-005  3.016388008429636E-005  2.985536509264892E-005  2.934584308866920E-005  2.896510828181447E-005  2.875835694615549E-005  2.853780317418450E-005  2.830024378518506E-005  2.804106505238754E-005  2.775325805144049E-005  2.703623437656113E-005  2.653911820234268E-005  2.578384465608784E-005
   1985.00027809239       3.608671676824233E-005  3.564413266131227E-005  3.516099721618041E-005  3.462731130417263E-005  3.402971976262135E-005  3.334852679621331E-005  3.255471646962580E-005  3.210231149680684E-005  3.160264217753771E-005  3.104466660265612E-005  3.067553766437454E-005  3.041237773312715E-005  2.998724488933080E-005  2.967969092416892E-005  2.917204575396984E-005  2.879297261595695E-005  2.858721960141338E-005  2.836780037325103E-005  2.813154946077930E-005  2.787390250719267E-005  2.758792894119358E-005  2.687610742568495E-005  2.638311097233670E-005  2.563467028742895E-005
   1995.00027949336       3.578297245985421E-005  3.534407168331137E-005  3.486497845982199E-005  3.433603104667745E-005  3.374396189960864E-005  3.306951670917806E-005  3.228411650802449E-005  3.183680449363169E-005  3.134300291444381E-005  3.079185943088163E-005  3.042743944495418E-005  3.016769743246398E-005  2.974818252232996E-005  2.944475836212417E-005  2.894398872823568E-005  2.857004886625010E-005  2.836706243416439E-005  2.815057811621165E-005  2.791745863528179E-005  2.766318833329961E-005  2.738091038352168E-005  2.667799507668462E-005  2.619086709991130E-005  2.545077888936521E-005
   2005.00028089432       3.549687546274135E-005  3.506245673579424E-005  3.458835657906501E-005  3.406507088616855E-005  3.347912728560765E-005  3.281176040589303E-005  3.203477014996538E-005  3.159232130807473E-005  3.110393868635918E-005  3.055898397184870E-005  3.019871020360399E-005  2.994194384368021E-005  2.952730705370713E-005  2.922742828047385E-005  2.873253948649900E-005  2.836296700872579E-005  2.816234287837953E-005  2.794836395225353E-005  2.771792498873432E-005  2.746655665617600E-005  2.718747605172286E-005  2.649241213565137E-005  2.601061587506418E-005  2.527838442163143E-005
   2015.00028229529       3.520581890867514E-005  3.477633572978304E-005  3.430781432889365E-005  3.379042596857538E-005  3.321132971895229E-005  3.255169113407854E-005  3.178380733935807E-005  3.134656337875996E-005  3.086404042240056E-005  3.032569297336775E-005  2.996983063264967E-005  2.971622476939691E-005  2.930668472318726E-005  2.901049546374256E-005  2.852164804732647E-005  2.815652876540889E-005  2.795829242576916E-005  2.774683126165953E-005  2.751907025005772E-005  2.727058308101861E-005  2.699465171832205E-005  2.630721370309335E-005  2.583051786440043E-005  2.510574042576382E-005
   2025.00028369626       3.487006015692376E-005  3.444516857149417E-005  3.398125297972790E-005  3.346945312240936E-005  3.289672379710400E-005  3.224474136010036E-005  3.148648381134007E-005  3.105508656796319E-005  3.057934231776468E-005  3.004899269057384E-005  2.969869499432849E-005  2.944915024030279E-005  2.904634625417811E-005  2.875512449329445E-005  2.827457187777288E-005  2.791566622362017E-005  2.772078341991489E-005  2.751287521617060E-005  2.728890356144908E-005  2.704449609530410E-005  2.677301516105482E-005  2.609614279979258E-005  2.562614794151451E-005  2.491027068716043E-005
   2035.00028509723       3.453043489500201E-005  3.410975255494259E-005  3.365114280314858E-005  3.314516953787276E-005  3.257908789992771E-005  3.193528378099745E-005  3.118723808966780E-005  3.076213662397133E-005  3.029372324603033E-005  2.977199802446012E-005  2.942761992568774E-005  2.918240555382280E-005  2.878670481336358E-005  2.850070290042404E-005  2.802881152230889E-005  2.767634464178215E-005  2.748492226333238E-005  2.728067258937285E-005  2.706058849208065E-005  2.682035368208291E-005  2.655340157324661E-005  2.588720608794789E-005  2.542394746964189E-005  2.471705643679091E-005
   2045.00028649820       3.430651962769503E-005  3.389165924647919E-005  3.343885844174246E-005  3.293891145591338E-005  3.237935431197742E-005  3.174246304575638E-005  3.100170100498655E-005  3.058037460580260E-005  3.011580116032001E-005  2.959807961892535E-005  2.925614855645608E-005  2.901260010558839E-005  2.861950130843657E-005  2.833528548339765E-005  2.786620797164185E-005  2.751575146515923E-005  2.732539479424899E-005  2.712226219244340E-005  2.690337300299871E-005  2.666443631159288E-005  2.639894026720138E-005  2.573660595476189E-005  2.527639338477359E-005  2.457491690742087E-005
   2055.00028789917       3.399981601098406E-005  3.358964684924504E-005  3.314157119043900E-005  3.264732165981224E-005  3.209409545399631E-005  3.146443086871721E-005  3.073263201603035E-005  3.031659408669316E-005  2.985811654465832E-005  2.934742460214715E-005  2.901030282554037E-005  2.877024288512705E-005  2.838286927030524E-005  2.810285618445280E-005  2.764076004385523E-005  2.729550897485014E-005  2.710796470807870E-005  2.690781477956104E-005  2.669211327758159E-005  2.645661878037218E-005  2.619489810507533E-005  2.554166836439414E-005  2.508739669796881E-005  2.439413739318836E-005
   2065.00028930014       3.363670765998216E-005  3.323187993475247E-005  3.279037919320738E-005  3.230314261505410E-005  3.175840268608807E-005  3.113914905653486E-005  3.042030007930154E-005  3.001213742094290E-005  2.956271694539793E-005  2.906245712622842E-005  2.873240632845232E-005  2.849745336224902E-005  2.811836459848454E-005  2.784433237461206E-005  2.739200369777199E-005  2.705387583467780E-005  2.687011480001797E-005  2.667392174720708E-005  2.646238069126229E-005  2.623129832157225E-005  2.597430122272210E-005  2.533190549701272E-005  2.488424439946329E-005  2.419957772311534E-005
   2075.00029070111       3.338905503164404E-005  3.298808416715001E-005  3.255079911647804E-005  3.206785956724468E-005  3.152790118964948E-005  3.091377054083174E-005  3.020074656675626E-005  2.979593787733330E-005  2.935023681361064E-005  2.885434557036090E-005  2.852727121238309E-005  2.829449106685808E-005  2.791900421864693E-005  2.764764183679144E-005  2.719978981581360E-005  2.686505262745380E-005  2.668314239577402E-005  2.648893040621850E-005  2.627953222288321E-005  2.605079899801672E-005  2.579642614454577E-005  2.516062526695050E-005  2.471752172064927E-005  2.403955875649373E-005
   2085.00029210208       3.311828901824264E-005  3.272215669561605E-005  3.228970539035179E-005  3.181238042703322E-005  3.127844311742937E-005  3.067120116048229E-005  2.996619780266306E-005  2.956591605209053E-005  2.912534570912068E-005  2.863519332310332E-005  2.831197104196748E-005  2.808195589010169E-005  2.771094247283944E-005  2.744282782660589E-005  2.700032527236755E-005  2.666955792684681E-005  2.648978848954496E-005  2.629784789295082E-005  2.609088116695587E-005  2.586478359018886E-005  2.561331824960382E-005  2.498467159995751E-005  2.454641916954322E-005  2.387554826651332E-005
   2095.00029350305       3.281367613373235E-005  3.242254006838650E-005  3.199547216327967E-005  3.152432580690459E-005  3.099732369876129E-005  3.039830691458945E-005  2.970333051534268E-005  2.930901405336247E-005  2.887517179593916E-005  2.839275423058773E-005  2.807471777519023E-005  2.784843430560582E-005  2.748347170991136E-005  2.721971520528008E-005  2.678433645832090E-005  2.645878679660116E-005  2.628180062528870E-005  2.609278282794409E-005  2.588890753703972E-005  2.566611086342308E-005  2.541821102246773E-005  2.479792436390152E-005  2.436496931530735E-005  2.370135338658895E-005
   2105.00029490402       3.252978859709541E-005  3.214392012633382E-005  3.172293817860566E-005  3.125811640288531E-005  3.073846580350903E-005  3.014773870276853E-005  2.946246870907671E-005  2.907373366958401E-005  2.864606177775616E-005  2.817053926023360E-005  2.785706352773522E-005  2.763399780783621E-005  2.727419577598246E-005  2.701412520411232E-005  2.658470307576927E-005  2.626346934237895E-005  2.608877144786810E-005  2.590215727929323E-005  2.570081985199025E-005  2.548073121392851E-005  2.523576887835406E-005  2.462248379234116E-005  2.419411975057823E-005  2.353709658169837E-005
   2115.00029630499       3.217050534123344E-005  3.179199973683236E-005  3.137902661623472E-005  3.092304067757053E-005  3.041319994060467E-005  2.983394383211382E-005  2.916224520087298E-005  2.878134861233642E-005  2.836248023148866E-005  2.789690942891833E-005  2.759005700712450E-005  2.737172951096596E-005  2.701957563874746E-005  2.676499764273779E-005  2.634450620637020E-005  2.602976246043014E-005  2.585851003305609E-005  2.567549790313650E-005  2.547795140520771E-005  2.526188901385170E-005  2.502125187322443E-005  2.441796829073735E-005  2.399578443128422E-005  2.334688831165344E-005
   2125.00029770596       3.188338038982004E-005  3.151180189962622E-005  3.110593207080368E-005  3.065790454961487E-005  3.015645180566609E-005  2.958620310586621E-005  2.892479417088802E-005  2.854962822641915E-005  2.813696799070189E-005  2.767826503095356E-005  2.737589572302926E-005  2.716073322419958E-005  2.681362511393239E-005  2.656264044513384E-005  2.614794191797048E-005  2.583740471218379E-005  2.566838934581133E-005  2.548772535836789E-005  2.529267170368063E-005  2.507928047999204E-005  2.484155590101032E-005  2.424529534516545E-005  2.382778583225642E-005  2.318569866856448E-005
   2135.00029910692       3.160434611391942E-005  3.123916462933491E-005  3.083986421497934E-005  3.039862394815514E-005  2.990452628901831E-005  2.934278646653710E-005  2.869126780557891E-005  2.832186531075955E-005  2.791566934503599E-005  2.746427738729406E-005  2.716677399754176E-005  2.695507518107139E-005  2.661352851952237E-005  2.636650281024631E-005  2.595818743071408E-005  2.565226558451296E-005  2.548569288168946E-005  2.530758558183350E-005  2.511522775309533E-005  2.490470956385536E-005  2.467009085378678E-005  2.408115813147725E-005  2.366833363102472E-005  2.303266422064208E-005
   2145.00030050789       3.130544672590192E-005  3.095450663665503E-005  3.056947911160748E-005  3.014262593439852E-005  2.966332353031620E-005  2.911664084019974E-005  2.848081217017126E-005  2.811957170528787E-005  2.772185721285188E-005  2.727924502167598E-005  2.698718658318011E-005  2.677917342517810E-005  2.644323894705932E-005  2.620001575149286E-005  2.579743804633379E-005  2.549538843204752E-005  2.533078453437201E-005  2.515468622705506E-005  2.496439956298855E-005  2.475605860926981E-005  2.452378486356045E-005  2.394056381349124E-005  2.353172800304825E-005  2.290223565956303E-005
   2155.00030190886       3.046125846275141E-005  3.015604518500925E-005  2.981932245899555E-005  2.944409747441269E-005  2.902056601674534E-005  2.853541824674743E-005  2.796861114957072E-005  2.764540506242398E-005  2.728827463867148E-005  2.688890962496357E-005  2.662395234350240E-005  2.643443505045808E-005  2.612662259910548E-005  2.590227214357461E-005  2.552792651848434E-005  2.524446696495548E-005  2.508907040774003E-005  2.492212930209366E-005  2.474096833153437E-005  2.454175633991883E-005  2.431867406608648E-005  2.375442765589268E-005  2.335583944568327E-005  2.273822680255931E-005
   2165.00030330983       2.655015316894463E-005  2.639569451953505E-005  2.622696820968919E-005  2.604027356156352E-005  2.583107726729605E-005  2.559237128950769E-005  2.531256249692643E-005  2.515140739181633E-005  2.497109025200844E-005  2.476534763422114E-005  2.462579094543965E-005  2.452412126972785E-005  2.435537755192783E-005  2.422916721616162E-005  2.401191977834890E-005  2.384134238480248E-005  2.374542349475659E-005  2.364038588043555E-005  2.352395478141358E-005  2.339282352267293E-005  2.324191598730720E-005  2.283942655760245E-005  2.253613083717349E-005  2.203669751490087E-005
   2175.00030471080       2.953466241982087E-005  2.925726311977859E-005  2.895150262397818E-005  2.861100461350777E-005  2.822723978224746E-005  2.778807042645210E-005  2.727559107404694E-005  2.698329872307376E-005  2.666005003370435E-005  2.629773127867660E-005  2.605666847517360E-005  2.588376856491242E-005  2.560200136371924E-005  2.539577760298240E-005  2.504988972970320E-005  2.478643744124952E-005  2.464143693294162E-005  2.448521482109010E-005  2.431516003946646E-005  2.412753676365673E-005  2.391665287210148E-005  2.337951963258326E-005  2.299682060402685E-005  2.239890608648264E-005
   2185.00030611177       3.020836677443697E-005  2.987701473185848E-005  2.951320591345543E-005  2.910977061203651E-005  2.865701263554255E-005  2.814100211515554E-005  2.754173798646508E-005  2.720175945566178E-005  2.682778061073777E-005  2.641195895486993E-005  2.613770331857487E-005  2.594238640828693E-005  2.562685810224830E-005  2.539825680053979E-005  2.501947279847851E-005  2.473481355613610E-005  2.457949396062214E-005  2.441316474514067E-005  2.423324714455880E-005  2.403601934846445E-005  2.381583651892449E-005  2.326141236343095E-005  2.287124932185254E-005  2.226793645992880E-005
   2195.00030751274       3.016676783239295E-005  2.982492143447656E-005  2.945100468361863E-005  2.903710146414111E-005  2.857380112555303E-005  2.804696574325093E-005  2.743629970805418E-005  2.709040528457681E-005  2.671042971097416E-005  2.628858522497955E-005  2.601079992283603E-005  2.581320909992961E-005  2.549448260412144E-005  2.526396058725486E-005  2.488277031360962E-005  2.459694699672858E-005  2.444121262992283E-005  2.427461115352844E-005  2.409458001501100E-005  2.389743767813951E-005  2.367758610061618E-005  2.312499978727001E-005  2.273687443991788E-005  2.213761138413163E-005
   2205.00030891371       2.988356043644698E-005  2.954113151718412E-005  2.916715996028854E-005  2.875434748817713E-005  2.829325729289075E-005  2.777036672058357E-005  2.716588098393731E-005  2.682427864429245E-005  2.644959049362146E-005  2.603430321683469E-005  2.576116327683201E-005  2.556701941158169E-005  2.525407436499198E-005  2.502787033121982E-005  2.465396386630847E-005  2.437366280252183E-005  2.422093565377311E-005  2.405753223746611E-005  2.388092145020717E-005  2.368746553751310E-005  2.347161870470217E-005  2.292836544976946E-005  2.254595006024021E-005  2.195397843728570E-005
   2215.00031031468       2.964855269605771E-005  2.930953980942209E-005  2.893955498254585E-005  2.853115560922635E-005  2.807525709037628E-005  2.755793688248106E-005  2.696011895640260E-005  2.662225135571692E-005  2.625159161074590E-005  2.584072910824043E-005  2.557047630200259E-005  2.537838966437745E-005  2.506871696783903E-005  2.484485145406360E-005  2.447474882118647E-005  2.419723271238406E-005  2.404599466216188E-005  2.388416569072913E-005  2.370923177860024E-005  2.351757715328947E-005  2.330370691722995E-005  2.276526736236319E-005  2.238612215479862E-005  2.179907413401426E-005
   2225.00031171565       2.951074809012172E-005  2.917256393095037E-005  2.880348214360097E-005  2.839603138030481E-005  2.794070106462480E-005  2.742430355381755E-005  2.682731902239045E-005  2.648994649087245E-005  2.611995699589133E-005  2.570989965400042E-005  2.544024912900065E-005  2.524864058001204E-005  2.493980842184411E-005  2.471662178198414E-005  2.434777691183135E-005  2.407132376528458E-005  2.392071896169325E-005  2.375960851126525E-005  2.358550861506710E-005  2.339484480562159E-005  2.318217809195510E-005  2.264728523645971E-005  2.227107502735030E-005  2.168908882443063E-005
   2235.00031311662       2.927683577934633E-005  2.894180619788545E-005  2.857630840181231E-005  2.817276505814899E-005  2.772199161777829E-005  2.721088784297346E-005  2.662031253149211E-005  2.628675179638794E-005  2.592103039305307E-005  2.551590892576848E-005  2.524958597554684E-005  2.506034230003512E-005  2.475536219982824E-005  2.453496931444809E-005  2.417075532623586E-005  2.389774061696537E-005  2.374899182725250E-005  2.358985636966236E-005  2.341786802852946E-005  2.322949184502347E-005  2.301933838679903E-005  2.249054787895397E-005  2.211838401173429E-005  2.154218859991205E-005
   2245.00031451759       2.904704908443143E-005  2.871548974664898E-005  2.835337977781220E-005  2.795392452661801E-005  2.750769562940173E-005  2.700197267332918E-005  2.641787904756328E-005  2.608809526797483E-005  2.572662018032121E-005  2.532633250852077E-005  2.506323592363816E-005  2.487630946957034E-005  2.457509301909736E-005  2.435741548464421E-005  2.399767085487710E-005  2.372797544856859E-005  2.358101839861032E-005  2.342378150021869E-005  2.325382929683784E-005  2.306765653095852E-005  2.285992924297035E-005  2.233704141715462E-005  2.196881425070987E-005  2.139831139909416E-005
   2255.00031591855       2.872729839195428E-005  2.839922478203356E-005  2.804178907274205E-005  2.764775084444142E-005  2.720795684135072E-005  2.671048937282263E-005  2.613691629067112E-005  2.581358374442317E-005  2.545952447565801E-005  2.506781980026351E-005  2.481051879049112E-005  2.462773996539670E-005  2.433327243630154E-005  2.412046238239353E-005  2.376867435332440E-005  2.350480253161321E-005  2.336095055406450E-005  2.320696989298130E-005  2.304044624617327E-005  2.285790706914292E-005  2.265405555351246E-005  2.213988629281321E-005  2.177673342165036E-005  2.121235301165368E-005
   2265.00031731952       2.856868667455984E-005  2.824362662159547E-005  2.788859309727599E-005  2.749727188110133E-005  2.706003768341801E-005  2.656531422876658E-005  2.599456098099371E-005  2.567271680106312E-005  2.532022941803165E-005  2.493028030218305E-005  2.467415551818399E-005  2.449225593347518E-005  2.419920588915241E-005  2.398746134513702E-005  2.363748411584231E-005  2.337503516025381E-005  2.323198905612913E-005  2.307889632370021E-005  2.291337113465110E-005  2.273197695957501E-005  2.252947872827556E-005  2.201911508592988E-005  2.165899385273862E-005  2.109972169445055E-005
   2275.00031872049       2.835235774891430E-005  2.803082465619706E-005  2.767964832537715E-005  2.729247327727131E-005  2.686043408120195E-005  2.637131592375541E-005  2.580720475946821E-005  2.548914968953613E-005  2.514090142343690E-005  2.475561765205748E-005  2.450256708600829E-005  2.432283501659503E-005  2.403326745169589E-005  2.382401319260122E-005  2.347805823831700E-005  2.321856933627450E-005  2.307710134470480E-005  2.292567969943294E-005  2.276193077171650E-005  2.258245475166315E-005  2.238206033984847E-005  2.187683592198517E-005  2.152021441846316E-005  2.096621354803243E-005
   2285.00032012146       2.812050344767112E-005  2.780188880435003E-005  2.745445753976389E-005  2.707146641034009E-005  2.664414484475703E-005  2.616056975281710E-005  2.560331529647224E-005  2.528927071192601E-005  2.494556281745537E-005  2.456547206208647E-005  2.431592303032364E-005  2.413868862980294E-005  2.385318797131435E-005  2.364685180971830E-005  2.330570969259962E-005  2.304977495685056E-005  2.291022327261181E-005  2.276082759657381E-005  2.259924628323881E-005  2.242210934287033E-005  2.222427947031135E-005  2.172523092975191E-005  2.137265299693017E-005  2.082438276897478E-005
   2295.00032152243       2.789143098664377E-005  2.757624644835418E-005  2.723211209038813E-005  2.685295088350704E-005  2.642987926496657E-005  2.595139645787219E-005  2.540041883971517E-005  2.509000547919987E-005  2.475048663372394E-005  2.437518575707732E-005  2.412882005738782E-005  2.395385980862131E-005  2.367204433754845E-005  2.346839769765249E-005  2.313166925993997E-005  2.287899811316897E-005  2.274121026102318E-005  2.259368513959115E-005  2.243410132741418E-005  2.225911836532834E-005  2.206364127954206E-005  2.157022558020782E-005  2.122129404995318E-005  2.067808997603533E-005
   2305.00032292340       2.772136556379515E-005  2.740940468406382E-005  2.706841423703359E-005  2.669267390653023E-005  2.627340229580761E-005  2.579886884107312E-005  2.525206825793070E-005  2.494401784556654E-005  2.460684983442330E-005  2.423404177266182E-005  2.398927785400683E-005  2.381546258070280E-005  2.353544670310369E-005  2.333308541074944E-005  2.299844702526576E-005  2.274733801613724E-005  2.261039392665435E-005  2.246377473160190E-005  2.230517799188263E-005  2.213129455990088E-005  2.193707334071506E-005  2.144702511374606E-005  2.110069954339179E-005  2.056192907387551E-005
   2315.00032432437       2.749719917095853E-005  2.718780027228597E-005  2.685072078150791E-005  2.647849056216051E-005  2.606370744007729E-005  2.559441992652478E-005  2.505392687963787E-005  2.474961999705630E-005  2.441668401398514E-005  2.404870529745590E-005  2.380717369260548E-005  2.363570266578552E-005  2.335943530162244E-005  2.315978005226240E-005  2.282960910797844E-005  2.258180254304970E-005  2.244664164448169E-005  2.230191440082987E-005  2.214533757464249E-005  2.197363668179566E-005  2.178180604517695E-005  2.129749810716594E-005  2.095491157007661E-005  2.042137402425194E-005
   2325.00032572534       2.730620849442627E-005  2.700010544190612E-005  2.666591787929873E-005  2.629776275011354E-005  2.588695277227656E-005  2.542220618375410E-005  2.488698037283996E-005  2.458553874659390E-005  2.425581597524122E-005  2.389135193627381E-005  2.365210879298734E-005  2.348223951084049E-005  2.320857272291847E-005  2.301076330867430E-005  2.268360670125257E-005  2.243803015433096E-005  2.230407360570889E-005  2.216062574534590E-005  2.200542198118113E-005  2.183521594173947E-005  2.164504608246694E-005  2.116489731535714E-005  2.082523908081422E-005  2.029625137197879E-005
   2335.00032712631       2.708226613345486E-005  2.677903795681723E-005  2.644836361457205E-005  2.608387982311816E-005  2.567751480869058E-005  2.521787795396227E-005  2.468908990806544E-005  2.439144386563837E-005  2.406606780681416E-005  2.370656555095084E-005  2.347065590509388E-005  2.330314366645874E-005  2.303331922215550E-005  2.283829369593481E-005  2.251569250287652E-005  2.227348351893760E-005  2.214134311640216E-005  2.199981229940056E-005  2.184665905308055E-005  2.167866122959415E-005  2.149089935466498E-005  2.101649200753706E-005  2.068052620647754E-005  2.015662948514135E-005
   2345.00032852728       2.689402692693179E-005  2.659400337141900E-005  2.626660866685458E-005  2.590553708910494E-005  2.550303687356018E-005  2.504795198892302E-005  2.452413713291881E-005  2.422928742278868E-005  2.390693945525761E-005  2.355076593753372E-005  2.331704129527507E-005  2.315111221090769E-005  2.288376752228031E-005  2.269052446017720E-005  2.237083927951818E-005  2.213078327651596E-005  2.199980221158547E-005  2.185950591222108E-005  2.170768037177021E-005  2.154112737075937E-005  2.135496880766408E-005  2.088456376495111E-005  2.055138088499294E-005  2.003169868229557E-005
   2355.00032992825       2.669336307568605E-005  2.639648449482305E-005  2.607193283928830E-005  2.571428528154884E-005  2.531581390571356E-005  2.486527924974686E-005  2.434692169413216E-005  2.405520394016765E-005  2.373637394775007E-005  2.338416088497424E-005  2.315305932348388E-005  2.298897874822584E-005  2.272463465928224E-005  2.253354669259448E-005  2.221740706514433E-005  2.197996924569878E-005  2.185039989262244E-005  2.171160271320100E-005  2.156137762874013E-005  2.139655664104014E-005  2.121230540577675E-005  2.074653282905242E-005  2.041643852337978E-005  1.990124764940538E-005
   2365.00033132922       2.649767012791126E-005  2.620348430963833E-005  2.588221232991584E-005  2.552848001898418E-005  2.513389372911052E-005  2.468808914226959E-005  2.417521168476270E-005  2.388660016417393E-005  2.357119868106963E-005  2.322279261640689E-005  2.299419703785554E-005  2.283189101413830E-005  2.257040061384906E-005  2.238135573313067E-005  2.206853752444191E-005  2.183353959925206E-005  2.170528008467131E-005  2.156786652647979E-005  2.141911738173889E-005  2.125589161842647E-005  2.107338443657680E-005  2.061184034674514E-005  2.028457097714214E-005  1.977352381476202E-005
   2375.00033273019       2.627535243698119E-005  2.598338389419625E-005  2.566475422512929E-005  2.531384803372525E-005  2.492286245002461E-005  2.448133530702584E-005  2.397389297595490E-005  2.368867700384077E-005  2.337715647155427E-005  2.303339310984652E-005  2.280794179847156E-005  2.264793819496327E-005  2.239025365353913E-005  2.220400840265506E-005  2.189588271282601E-005  2.166445065705749E-005  2.153814321037000E-005  2.140282327094635E-005  2.125634195134507E-005  2.109559443631708E-005  2.091584350487620E-005  2.046108150046529E-005  2.013836360228847E-005  1.963390916224596E-005
   2385.00033413115       2.607878875153862E-005  2.579046892397142E-005  2.547530156993905E-005  2.512847328159887E-005  2.474179139453449E-005  2.430539509006236E-005  2.380395578864291E-005  2.352221398443500E-005  2.321450764633671E-005  2.287485837052344E-005  2.265209310598867E-005  2.249399303914960E-005  2.223928361776246E-005  2.205513657399421E-005  2.175035739654589E-005  2.152132214897451E-005  2.139627588811535E-005  2.126227429840376E-005  2.111717785848777E-005  2.095790246789181E-005  2.077973514200629E-005  2.032871304579980E-005  2.000844449735068E-005  1.950755386259333E-005
   2395.00033553212       2.589960834759416E-005  2.561377164945114E-005  2.530173163304825E-005  2.495788482223445E-005  2.457490659021702E-005  2.414238838148971E-005  2.364546481141116E-005  2.336620731967579E-005  2.306120711036144E-005  2.272456121700439E-005  2.250376614423796E-005  2.234704724252862E-005  2.209454038213319E-005  2.191198294192671E-005  2.160978991892432E-005  2.138268017547568E-005  2.125868795424578E-005  2.112580343064913E-005  2.098191769146081E-005  2.082396733245977E-005  2.064728277035069E-005  2.020000510356649E-005  1.988234978025630E-005  1.938538034570466E-005
   2405.00033693309       2.569562064227699E-005  2.541244691611134E-005  2.510345853723534E-005  2.476284426797845E-005  2.438391066949664E-005  2.395598875938369E-005  2.346456903060369E-005  2.318854410944297E-005  2.288713890944508E-005  2.255455513625523E-005  2.233646220488091E-005  2.218165542799634E-005  2.193228392536702E-005  2.175197545374999E-005  2.145346478363857E-005  2.122908315425680E-005  2.110655106934348E-005  2.097522367479506E-005  2.083300275759315E-005  2.067685262692640E-005  2.050214219731094E-005  2.005960556390244E-005  1.974502830531521E-005  1.925233316576318E-005
   2415.00033833406       2.549879679723801E-005  2.521828369599676E-005  2.491168414621738E-005  2.457403763656072E-005  2.419827291242788E-005  2.377413202445245E-005  2.328723163501000E-005  2.301386376643817E-005  2.271548375434480E-005  2.238641307962355E-005  2.217066282569535E-005  2.201758016357219E-005  2.177096803319243E-005  2.159268562813921E-005  2.129755937185059E-005  2.107573211208494E-005  2.095460602815814E-005  2.082478339420265E-005  2.068419015071758E-005  2.052982754645793E-005  2.035710267486008E-005  1.991948001802148E-005  1.960822519425252E-005  1.912040920288308E-005
   2425.00033973503       2.532497887916771E-005  2.504687039151159E-005  2.474371249942678E-005  2.440975084107215E-005  2.403792392232526E-005  2.361837466190712E-005  2.313681061878649E-005  2.286661198212711E-005  2.257167414583842E-005  2.224643050825648E-005  2.203325828375201E-005  2.188201709025396E-005  2.163844840335272E-005  2.146240837272107E-005  2.117107420284679E-005  2.095218578853953E-005  2.083269629070834E-005  2.070466003199531E-005  2.056603751021932E-005  2.041388226953647E-005  2.024368853725214E-005  1.981277507997178E-005  1.950654691747067E-005  1.902695263174463E-005
   2435.00034113600       2.512111069370365E-005  2.484550976595826E-005  2.454458209940667E-005  2.421348084305228E-005  2.384518306023205E-005  2.342954535641566E-005  2.295283089087631E-005  2.268538122691618E-005  2.239355927338702E-005  2.207182875298179E-005  2.186098842862484E-005  2.171137207075284E-005  2.147037710390554E-005  2.129614292095808E-005  2.100766343160152E-005  2.079076604403707E-005  2.067229813825685E-005  2.054529137489962E-005  2.040770961393424E-005  2.025658575221816E-005  2.008739915260223E-005  1.965816097131672E-005  1.935223512745728E-005  1.887161456991585E-005
   2445.00034253697       2.494396898028357E-005  2.467039239729977E-005  2.437210298749603E-005  2.404392898063900E-005  2.367861529616668E-005  2.326658476262460E-005  2.279412449412141E-005  2.252901526191788E-005  2.223979387226851E-005  2.192095291284222E-005  2.171204978934812E-005  2.156378011969324E-005  2.132496559231935E-005  2.115230902296396E-005  2.086646654376656E-005  2.065154663771399E-005  2.053416541905406E-005  2.040833030361295E-005  2.027200955213704E-005  2.012228001557399E-005  1.995464436533451E-005  1.952928496696410E-005  1.922602099121881E-005  1.874938686720959E-005
   2455.00034393794       2.473104218219591E-005  2.446054707582283E-005  2.416595488864928E-005  2.384187547170925E-005  2.348154221850875E-005  2.307563805916769E-005  2.261105326235838E-005  2.235073991140738E-005  2.206711469552893E-005  2.175471930818270E-005  2.155016976749528E-005  2.140508217186310E-005  2.117147856716500E-005  2.100263566426963E-005  2.072315003203074E-005  2.051302517030023E-005  2.039825693639999E-005  2.027521544363081E-005  2.014192211886360E-005  1.999550512704493E-005  1.983157184083676E-005  1.941556721530928E-005  1.911899066195876E-005  1.865300347475419E-005
   2465.00034533891       2.456122149979346E-005  2.429318594961965E-005  2.400073868184472E-005  2.367872296247857E-005  2.332065503087410E-005  2.291733462795114E-005  2.245548406064117E-005  2.219681940093544E-005  2.191498650970399E-005  2.160466401180242E-005  2.140144895506179E-005  2.125730528396887E-005  2.102526371380993E-005  2.085753391637476E-005  2.057988414460229E-005  2.037112447131307E-005  2.025709534447573E-005  2.013484095061705E-005  2.000238390057998E-005  1.985687115713482E-005  1.969391903510179E-005  1.928018971215282E-005  1.898496268621616E-005  1.852059179156885E-005
   2475.00034673988       2.437514332785730E-005  2.410914835712879E-005  2.381925032225112E-005  2.350054989811796E-005  2.314599365690664E-005  2.274683024799927E-005  2.229007328932811E-005  2.203428526719983E-005  2.175575072336024E-005  2.144906435569104E-005  2.124830115283554E-005  2.110590373172215E-005  2.087666532219346E-005  2.071095620181132E-005  2.043662680340916E-005  2.023034951226297E-005  2.011766526628520E-005  1.999683783899925E-005  1.986592066488071E-005  1.972208397513385E-005  1.956098898960115E-005  1.915184292881889E-005  1.885974043225485E-005  1.840004035115937E-005
   2485.00034814085       2.415716377391382E-005  2.389687780705887E-005  2.361378660962545E-005  2.330213520773778E-005  2.295672561669818E-005  2.256797269919479E-005  2.212356378909620E-005  2.187491447142573E-005  2.160410204660636E-005  2.130600648382716E-005  2.111078034856784E-005  2.097225521876761E-005  2.074909548153178E-005  2.058764639311057E-005  2.031998520111885E-005  2.011834290712867E-005  2.000804318270380E-005  1.988964443250707E-005  1.976120340270353E-005  1.961990130681237E-005  1.946141365596431E-005  1.905788846357203E-005  1.876908763755093E-005  1.831375192760349E-005
   2495.00034954182       2.393445923000367E-005  2.367141807385151E-005  2.338474714224134E-005  2.306967162894301E-005  2.271997151368186E-005  2.232664940672511E-005  2.187767293121199E-005  2.162680853054799E-005  2.135393230148091E-005  2.105400795845293E-005  2.085788208249666E-005  2.071889372291280E-005  2.049524674470239E-005  2.033368952744077E-005  2.006636094281899E-005  1.986544194960194E-005  1.975571573856511E-005  1.963808427569524E-005  1.951064516594494E-005  1.937062587295494E-005  1.921377232927484E-005  1.881491881759780E-005  1.852944143567244E-005  1.807890946780463E-005
   2505.00035094278       2.388312840526702E-005  2.362645930772628E-005  2.334668998152865E-005  2.303936202867614E-005  2.269791130024365E-005  2.231388445519918E-005  2.187501025378683E-005  2.162932523492750E-005  2.136187057123649E-005  2.106736924647593E-005  2.087452105593651E-005  2.073769808737874E-005  2.051723417100002E-005  2.035774978112170E-005  2.009334247950645E-005  1.989418230113676E-005  1.978526066788809E-005  1.966836408543052E-005  1.954159114116680E-005  1.940216711849871E-005  1.924585568474955E-005  1.884821375119329E-005  1.856389113634139E-005  1.811584009716914E-005
   2515.00035234375       2.369800568518699E-005  2.344448084047798E-005  2.316864854146621E-005  2.286543213336349E-005  2.252886569294365E-005  2.215048919788171E-005  2.171838265914850E-005  2.147664597229533E-005  2.121350309997560E-005  2.092374938234378E-005  2.073399009084886E-005  2.059927917739177E-005  2.038213807729541E-005  2.022491434753132E-005  1.996403828123758E-005  1.976731540786967E-005  1.965964266859854E-005  1.954402824681204E-005  1.941856598288642E-005  1.928049897437943E-005  1.912560266201013E-005  1.873112687749442E-005  1.844876866658972E-005  1.800352901616578E-005
   2525.00035374472       2.336725594254926E-005  2.310947287730981E-005  2.282906937180732E-005  2.252147769685844E-005  2.218035522052474E-005  2.179757897179660E-005  2.136197571667736E-005  2.111924206807483E-005  2.085580063141711E-005  2.056694323523206E-005  2.037840613354475E-005  2.024490183288436E-005  2.003031850543931E-005  1.987545295512834E-005  1.961942211474134E-005  1.942714372522023E-005  1.932217529401296E-005  1.920966668849970E-005  1.908779583179561E-005  1.895389967800698E-005  1.880387658270775E-005  1.842199005509899E-005  1.814809975710607E-005  1.771502060389312E-005
   2535.00035514569       2.334308791404385E-005  2.309443178497483E-005  2.282343973941714E-005  2.252601007646891E-005  2.219628415491490E-005  2.182570049217466E-005  2.140308301467575E-005  2.116704547777900E-005  2.091018039458142E-005  2.062768816098163E-005  2.044280800320101E-005  2.031162086154793E-005  2.010021835832796E-005  1.994723315679400E-005  1.969343863562784E-005  1.950210055124317E-005  1.939737803808873E-005  1.928493096275612E-005  1.916289785584144E-005  1.902858686979362E-005  1.887786074529054E-005  1.849362073217995E-005  1.821808497100001E-005  1.778259368407330E-005
   2545.00035654666       2.322903544046743E-005  2.298382954989338E-005  2.271690833800814E-005  2.242330998855534E-005  2.209723571686324E-005  2.173029829385333E-005  2.131066978331375E-005  2.107569594327456E-005  2.081949544553121E-005  2.053713225514476E-005  2.035194205430761E-005  2.022035772422067E-005  2.000808109303644E-005  1.985425594964807E-005  1.959881147298825E-005  1.940605982664304E-005  1.930052891927339E-005  1.918719949163931E-005  1.906421482252517E-005  1.892887343027965E-005  1.877705566885757E-005  1.839057601179477E-005  1.811411406036418E-005  1.767840379005973E-005
   2555.00035794763       2.295053452576617E-005  2.270828750843574E-005  2.244492961502107E-005  2.215604537376040E-005  2.183615534616184E-005  2.147766456443596E-005  2.106964691760802E-005  2.084204644399242E-005  2.059466330849121E-005  2.032262996790420E-005  2.014455451728653E-005  2.001815125696691E-005  1.981428542393897E-005  1.966658601622774E-005  1.942120879419835E-005  1.923586863235771E-005  1.913429912423658E-005  1.902513369037373E-005  1.890653714588052E-005  1.877584708588135E-005  1.862898280555616E-005  1.825361006317430E-005  1.798359237916456E-005  1.755564603090455E-005
   2565.00035934860       2.249199261600977E-005  2.224316239117083E-005  2.197316997159841E-005  2.167846781644454E-005  2.135279315613064E-005  2.099038331288812E-005  2.058112238642127E-005  2.035457882012506E-005  2.010989489260623E-005  1.984290676292322E-005  1.966923502180950E-005  1.954652696549588E-005  1.934954535927306E-005  1.920757492393933E-005  1.897300781739755E-005  1.879686556191102E-005  1.870067861187957E-005  1.859753085766902E-005  1.848569823910516E-005  1.836265774748265E-005  1.822450309446777E-005  1.787086723466316E-005  1.761517235760385E-005  1.720777502738797E-005
   2575.00036074957       2.264947043127515E-005  2.241404805984311E-005  2.215757940545095E-005  2.187621590800068E-005  2.156428569077833E-005  2.121418434315691E-005  2.081530800342696E-005  2.059248905249415E-005  2.035004817251598E-005  2.008310215479581E-005  1.990809826723934E-005  1.978376220387745E-005  1.958303108078650E-005  1.943745817578969E-005  1.919533417195334E-005  1.901226350025510E-005  1.891187665203887E-005  1.880394190603911E-005  1.868663391375710E-005  1.855732822951899E-005  1.841198755019303E-005  1.804046835448424E-005  1.777330818272018E-005  1.735019940842229E-005
   2585.00036215054       2.253587405512356E-005  2.230427626086191E-005  2.205173392556190E-005  2.177339841999044E-005  2.146439987332806E-005  2.111618860744809E-005  2.071761618538042E-005  2.049419439305347E-005  2.025043115968801E-005  1.998138426797377E-005  1.980473313786913E-005  1.967909109148820E-005  1.947620877232658E-005  1.932903524976989E-005  1.908431323263986E-005  1.889940023186137E-005  1.879807429526451E-005  1.868919526188374E-005  1.857095180171618E-005  1.844073147888853E-005  1.829451939867228E-005  1.792161439633453E-005  1.765420792093568E-005  1.723175730384910E-005
   2595.00036355151       2.239432966305739E-005  2.216785502858061E-005  2.192033944281554E-005  2.164784010544263E-005  2.134442512571061E-005  2.100243351770910E-005  2.061048573677571E-005  2.039055687622438E-005  2.015039694949628E-005  1.988509919121363E-005  1.971073765123050E-005  1.958666151273222E-005  1.938607959266795E-005  1.924042049634769E-005  1.899797854300014E-005  1.881460322962759E-005  1.871406780754228E-005  1.860600717009522E-005  1.848862927537941E-005  1.835933554315606E-005  1.821415379654677E-005  1.784393041536052E-005  1.757857987937406E-005  1.715963179532287E-005
   2605.00036495248       2.189788352679824E-005  2.168238108445276E-005  2.144726481112115E-005  2.118976485921923E-005  2.090498572485055E-005  2.058646081625609E-005  2.022448251271418E-005  2.002285355964832E-005  1.980357105472904E-005  1.956206109757879E-005  1.940355544359501E-005  1.929076989037409E-005  1.910835042351218E-005  1.897569185126609E-005  1.875435444432214E-005  1.858636550291295E-005  1.849400504502916E-005  1.839450610003200E-005  1.828612064019140E-005  1.816633541053792E-005  1.803126868532358E-005  1.768367375591189E-005  1.743149163183788E-005  1.702851966054589E-005
   2615.00036635345       2.101237152755816E-005  2.082022241371369E-005  2.061068875469345E-005  2.038156099011042E-005  2.012895681128669E-005  1.984715373319939E-005  1.952734135701457E-005  1.934918505792252E-005  1.915522950592117E-005  1.894125738608292E-005  1.880045690440569E-005  1.870014345069097E-005  1.853754680963951E-005  1.841917063804151E-005  1.822137419449537E-005  1.807105817096071E-005  1.798832124226086E-005  1.789909807987018E-005  1.780174826859574E-005  1.769390697360152E-005  1.757188208452825E-005  1.725508208978722E-005  1.702247397396854E-005  1.664746538791682E-005
   2625.00036775442       1.906943106386096E-005  1.898267279126896E-005  1.888802832185434E-005  1.878405210589714E-005  1.866652030163264E-005  1.853249515870771E-005  1.837447008303920E-005  1.828308277267776E-005  1.818036143967991E-005  1.806256145006171E-005  1.798229081461369E-005  1.792354560222397E-005  1.782559962955812E-005  1.775199967724712E-005  1.762443391906618E-005  1.752341317754552E-005  1.746625632124302E-005  1.740332205973607E-005  1.733313890258815E-005  1.725351560444330E-005  1.716108329843111E-005  1.691003606708759E-005  1.671642666543271E-005  1.639016688119174E-005
   2635.00036915538       2.104299412701428E-005  2.087401792046982E-005  2.068911091731723E-005  2.048459991566752E-005  2.025639799561199E-005  1.999780218718492E-005  1.969843001814893E-005  1.952850773118584E-005  1.934096693888749E-005  1.913067957350734E-005  1.899035974343110E-005  1.888940863463553E-005  1.872414168148623E-005  1.860248597748575E-005  1.839693889405324E-005  1.823897550622276E-005  1.815148337223240E-005  1.805675559179564E-005  1.795306125710046E-005  1.783789938466726E-005  1.770742217094709E-005  1.736927721464723E-005  1.712248059296190E-005  1.672673371442668E-005
   2645.00037055635       2.155708843385566E-005  2.134988284484303E-005  2.112268720203260E-005  2.087178109268902E-005  2.059202107578725E-005  2.027541866780911E-005  1.991179331432169E-005  1.970720058121426E-005  1.948333601134287E-005  1.923544775122629E-005  1.907208465420757E-005  1.895560676747994E-005  1.876695324615610E-005  1.862964503036850E-005  1.840065146368210E-005  1.822703673204161E-005  1.813171813219556E-005  1.802917034631166E-005  1.791766095033453E-005  1.779469842567747E-005  1.765645742779085E-005  1.730306316723312E-005  1.704895945853922E-005  1.664643301573537E-005
   2655.00037195732       2.148494472920638E-005  2.127208228926029E-005  2.103906140265301E-005  2.078289411763253E-005  2.049764628338682E-005  2.017612779882180E-005  1.980782664624700E-005  1.960104861930445E-005  1.937531999197978E-005  1.912581281243992E-005  1.896171287659705E-005  1.884487773606583E-005  1.865587686307838E-005  1.851854747822051E-005  1.828972421961430E-005  1.811647400882564E-005  1.802141616133647E-005  1.791918161986855E-005  1.780805682064664E-005  1.768555532419911E-005  1.754786866659689E-005  1.719600067247561E-005  1.694303951522407E-005  1.654237351619113E-005
   2665.00037335829       2.109065458137528E-005  2.088298384421822E-005  2.065814253779546E-005  2.041247896969114E-005  2.014141685844840E-005  1.983877807486551E-005  1.949518485362855E-005  1.930384453888850E-005  1.909552475596439E-005  1.886567489200128E-005  1.871453204684950E-005  1.860679572543684E-005  1.843217729457966E-005  1.830489548746755E-005  1.809197319195579E-005  1.792991016339699E-005  1.784064471190644E-005  1.774436591106399E-005  1.763936551768600E-005  1.752318545961423E-005  1.739203730642535E-005  1.705406119610294E-005  1.680864096428020E-005  1.641646953076386E-005
   2675.00037475926       2.010146205952624E-005  1.989027669267612E-005  1.966514662022235E-005  1.942357461312021E-005  1.916318036983005E-005  1.888127688362517E-005  1.857200094393868E-005  1.840431802669161E-005  1.822529179683939E-005  1.803149230176476E-005  1.790587994609640E-005  1.781714008954644E-005  1.767445830434702E-005  1.757123327554803E-005  1.739961136575189E-005  1.726953655454759E-005  1.719792308317982E-005  1.712061329121124E-005  1.703609631162925E-005  1.694219880414238E-005  1.683551098675035E-005  1.655594493894994E-005  1.634818434055098E-005  1.600910984538300E-005
   2685.00037616023       2.084449558738571E-005  2.063942952136465E-005  2.041688530153538E-005  2.017426212334935E-005  1.990650162348569E-005  1.960840139642466E-005  1.927050945363691E-005  1.908237721994420E-005  1.887784576090499E-005  1.865231102277301E-005  1.850399005342922E-005  1.839830490494080E-005  1.822696613257341E-005  1.810209275938947E-005  1.789313774613288E-005  1.773407565443045E-005  1.764646186581095E-005  1.755195097543615E-005  1.744887382695645E-005  1.733481557873437E-005  1.720606239497069E-005  1.687423198393229E-005  1.663326347379259E-005  1.624818446442440E-005
   2695.00037756120       2.100964241467067E-005  2.079831564215219E-005  2.056883829833667E-005  2.031607147420974E-005  2.003483698616381E-005  1.971821147053628E-005  1.935613117104981E-005  1.915305767288791E-005  1.893160027261364E-005  1.868709217478251E-005  1.852641379749486E-005  1.841209818353466E-005  1.822730519284020E-005  1.809308475889863E-005  1.786968612200994E-005  1.770065382316997E-005  1.760796416222425E-005  1.750831238432429E-005  1.740003725857104E-005  1.728072785415044E-005  1.714669705593595E-005  1.680446554662737E-005  1.655866358884463E-005  1.616960161359278E-005
   2705.00037896217       2.092403582537153E-005  2.071158819415768E-005  2.047972511587356E-005  2.022481980558357E-005  1.994110726083387E-005  1.962152216464257E-005  1.925583817970462E-005  1.905092090718285E-005  1.882749149789318E-005  1.858113912861129E-005  1.841941637274298E-005  1.830447192270961E-005  1.811886013230200E-005  1.798425468095372E-005  1.776052456933621E-005  1.759152214180650E-005  1.749893372779350E-005  1.739945792067239E-005  1.729144322253173E-005  1.717249455906271E-005  1.703894557983277E-005  1.669820691141955E-005  1.645360252708773E-005  1.606647289656950E-005
   2715.00038036314       2.081553608452018E-005  2.060350519940433E-005  2.037214014591043E-005  2.011733828686063E-005  1.983425331095962E-005  1.951541931034697E-005  1.915060437217385E-005  1.894622244556241E-005  1.872348276783235E-005  1.847782126139209E-005  1.831670557337197E-005  1.820220128532234E-005  1.801742913130852E-005  1.788348123541412E-005  1.766093286482626E-005  1.749292854429985E-005  1.740092557178411E-005  1.730210040350077E-005  1.719481683177240E-005  1.707671182052115E-005  1.694414513059742E-005  1.660607549121162E-005  1.636350276057652E-005  1.597971677900023E-005
   2725.00038176411       2.067006599018827E-005  2.046071247151327E-005  2.023190056970202E-005  1.998020155255561E-005  1.970016687963129E-005  1.938481509561174E-005  1.902407121454991E-005  1.882199129336226E-005  1.860173504114973E-005  1.835885264214571E-005  1.819951368090512E-005  1.808626393250953E-005  1.790346934492132E-005  1.777093806453363E-005  1.755071516737611E-005  1.738443752233822E-005  1.729335719805722E-005  1.719552946180947E-005  1.708931573626781E-005  1.697237661271743E-005  1.684110183003016E-005  1.650623286110917E-005  1.626583637915841E-005  1.588525250179129E-005
   2735.00038316508       2.048024466668931E-005  2.027590874705644E-005  2.005273870364068E-005  1.980719153840748E-005  1.953448394169720E-005  1.922716575930538E-005  1.887568181421243E-005  1.867874814345772E-005  1.846396293718770E-005  1.822684112457498E-005  1.807110941968877E-005  1.796031952854647E-005  1.778129683654005E-005  1.765133232713007E-005  1.743509449311864E-005  1.727158013862540E-005  1.718193903788217E-005  1.708558785500227E-005  1.698091600180442E-005  1.686559424461139E-005  1.673604441064834E-005  1.640515587333632E-005  1.616727083722405E-005  1.579018390330521E-005
   2745.00038456605       2.012778271967037E-005  1.993611250535615E-005  1.972768427752003E-005  1.949894216643739E-005  1.924576839272269E-005  1.896164085225167E-005  1.863770312172435E-005  1.845634759809763E-005  1.825827070865812E-005  1.803893028206857E-005  1.789427978338629E-005  1.779104245617619E-005  1.762341388839306E-005  1.750110815351910E-005  1.729634090780896E-005  1.714048023834749E-005  1.705466889077527E-005  1.696216359410769E-005  1.686135287374326E-005  1.674992664945824E-005  1.662432234910173E-005  1.630163583608533E-005  1.606824184733104E-005  1.569656091276636E-005
   2755.00038596701       1.877041853929236E-005  1.860091817454953E-005  1.842135937844309E-005  1.823018846936822E-005  1.802559270181695E-005  1.780382475015590E-005  1.755879606338203E-005  1.742456540276684E-005  1.727940894201295E-005  1.711973953890368E-005  1.701461636372828E-005  1.693950746393474E-005  1.681723694974029E-005  1.672754759677464E-005  1.657622922223313E-005  1.645968490653660E-005  1.639489334237576E-005  1.632445794756074E-005  1.624693518833815E-005  1.616022508367949E-005  1.606106275613420E-005  1.579884269607872E-005  1.560259379201278E-005  1.528115096681811E-005
   2765.00038736798       1.924662399641873E-005  1.907399048089202E-005  1.888992515919311E-005  1.869095842678140E-005  1.847457246381442E-005  1.823631934738979E-005  1.796896319294617E-005  1.782067551256155E-005  1.765929934982527E-005  1.748073300372209E-005  1.736269745410970E-005  1.727817787051665E-005  1.714042811628106E-005  1.703935763737851E-005  1.686889366033923E-005  1.673791820510742E-005  1.666530066541523E-005  1.658656363928850E-005  1.650018898565612E-005  1.640396230066160E-005  1.629447003293933E-005  1.600778297401901E-005  1.579548319430136E-005  1.544988133006258E-005
   2775.00038876895       1.983864183247357E-005  1.964733350716080E-005  1.943884435457066E-005  1.920965077996088E-005  1.895533858636738E-005  1.866941184741026E-005  1.834315004936046E-005  1.816029107904770E-005  1.796074537091753E-005  1.774017819909115E-005  1.759492656061015E-005  1.749137777150493E-005  1.732368272605923E-005  1.720156413031009E-005  1.699770406858344E-005  1.684299913718110E-005  1.675798775168410E-005  1.666646830738635E-005  1.656686821552926E-005  1.645693741164864E-005  1.633319365827808E-005  1.601597564995840E-005  1.578693735547372E-005  1.542247334274967E-005
   2785.00039016992       1.984867206324433E-005  1.965084077781565E-005  1.943510870559321E-005  1.919734375927180E-005  1.893332528414628E-005  1.863665024194791E-005  1.829748536526997E-005  1.810766693852803E-005  1.790090672907282E-005  1.767300648337315E-005  1.752343595305396E-005  1.741713175148705E-005  1.724545278600492E-005  1.712090307482068E-005  1.691378151073087E-005  1.675723906575337E-005  1.667144140122255E-005  1.657923084137092E-005  1.647905105552392E-005  1.636867290319732E-005  1.624464215779144E-005  1.592754148917386E-005  1.569917424278140E-005  1.533641366468647E-005
   2795.00039157089       1.976494748578993E-005  1.956574182333936E-005  1.934802802961905E-005  1.910877157993594E-005  1.884353813817817E-005  1.854488907119280E-005  1.820412517481445E-005  1.801365144219752E-005  1.780627484694543E-005  1.757793694612856E-005  1.742824020860097E-005  1.732194288387718E-005  1.715043158193136E-005  1.702612612606369E-005  1.681959482521133E-005  1.666365520151217E-005  1.657822764043793E-005  1.648644570170130E-005  1.638676768464555E-005  1.627697549188758E-005  1.615363673918871E-005  1.583843755952627E-005  1.561151780132275E-005  1.525113831193387E-005
   2805.00039297186       1.964805862476070E-005  1.944875881705644E-005  1.923219798569490E-005  1.899387799784930E-005  1.872915620040684E-005  1.843188795600510E-005  1.809273674768042E-005  1.790329925508828E-005  1.769716669862039E-005  1.747036285937173E-005  1.732175918285191E-005  1.721625938563793E-005  1.704610444548356E-005  1.692280436101315E-005  1.671802789666175E-005  1.656341669083185E-005  1.647872867727222E-005  1.638773586546128E-005  1.628892016989888E-005  1.618007219743596E-005  1.605778074676629E-005  1.574517967889237E-005  1.552003523206844E-005  1.516232249456786E-005
   2815.00039437283       1.952190746954773E-005  1.932391068036676E-005  1.910852861776472E-005  1.887205281458883E-005  1.860925676666723E-005  1.831433659508944E-005  1.797793286568002E-005  1.779013178746316E-005  1.758590331314402E-005  1.736121213461534E-005  1.721404119238924E-005  1.710959133424218E-005  1.694109903316229E-005  1.681900042902222E-005  1.661623639326859E-005  1.646312985952930E-005  1.637925879857465E-005  1.628914788950224E-005  1.619127544776616E-005  1.608344947441327E-005  1.596229081756733E-005  1.565245592954742E-005  1.542917540194272E-005  1.507420818626418E-005
   2825.00039577380       1.939119319824291E-005  1.919537208745162E-005  1.898220301452026E-005  1.874782380016786E-005  1.848779677265979E-005  1.819603049494540E-005  1.786312951837164E-005  1.767747995207399E-005  1.747546729473178E-005  1.725321635836496E-005  1.710762802660407E-005  1.700429188343174E-005  1.683756879153521E-005  1.671676526537495E-005  1.651604624881446E-005  1.636446879728185E-005  1.628141274702550E-005  1.619217038669970E-005  1.609522203749883E-005  1.598840051460249E-005  1.586834590342809E-005  1.556122516723682E-005  1.533978638790527E-005  1.498756249840070E-005
   2835.00039717477       1.925523799459020E-005  1.906245504083770E-005  1.885191016543643E-005  1.862090347981819E-005  1.836465833484545E-005  1.807678709507410E-005  1.774882918337519E-005  1.756555703369561E-005  1.736631319689650E-005  1.714691649186028E-005  1.700319481130303E-005  1.690108402852018E-005  1.673635042921566E-005  1.661689154324681E-005  1.641834465817005E-005  1.626833690110615E-005  1.618611478425687E-005  1.609774448056199E-005  1.600173453672697E-005  1.589592009691632E-005  1.577697599277066E-005  1.547257215133215E-005  1.525298680730101E-005  1.490353968981649E-005
   2845.00039857574       1.906667905130606E-005  1.887907746278908E-005  1.867547195281131E-005  1.845074759853448E-005  1.820146330349937E-005  1.792190404584533E-005  1.760286374538157E-005  1.742469537952355E-005  1.723060326756090E-005  1.701676521752355E-005  1.687644722343835E-005  1.677671143656365E-005  1.661557922239323E-005  1.649859468868070E-005  1.630390105094082E-005  1.615659314706094E-005  1.607577945110230E-005  1.598887108899860E-005  1.589437767736376E-005  1.579016211343799E-005  1.567291189625165E-005  1.537234923429148E-005  1.515510048315072E-005  1.480874116366906E-005
   2855.00039997671       1.882890313716324E-005  1.865259713573387E-005  1.846084975847465E-005  1.824985198208260E-005  1.801529946614193E-005  1.775156087300699E-005  1.745005054666336E-005  1.728112242516660E-005  1.709654725471924E-005  1.689234614223953E-005  1.675779736919180E-005  1.666184120745501E-005  1.650629070507297E-005  1.639294476115092E-005  1.620360477330012E-005  1.605978110350698E-005  1.598071119008418E-005  1.589554305750653E-005  1.580280786590385E-005  1.570037653712971E-005  1.558496971407297E-005  1.528845640421462E-005  1.507367285277268E-005  1.473071800598998E-005
   2865.00040137768       1.809138239331047E-005  1.794487945033167E-005  1.778783418140928E-005  1.761649232715498E-005  1.742858349877720E-005  1.721908366725157E-005  1.698055977443668E-005  1.684666229906997E-005  1.669969194878004E-005  1.653553975116867E-005  1.642624836108266E-005  1.634767835539929E-005  1.621900113636041E-005  1.612423775080388E-005  1.596382235509591E-005  1.584019280362851E-005  1.577152825328551E-005  1.569700818348055E-005  1.561519574106370E-005  1.552398806984527E-005  1.542015920839152E-005  1.514820826352473E-005  1.494686985747712E-005  1.461934181014201E-005
   2875.00040277864       1.692859499549241E-005  1.680707773348105E-005  1.667945269772314E-005  1.654340942234617E-005  1.639732424524893E-005  1.623796023690660E-005  1.605947763240827E-005  1.596027501361306E-005  1.585181691991480E-005  1.573103147025855E-005  1.565056632339925E-005  1.559265035019938E-005  1.549748921318230E-005  1.542709388390419E-005  1.530705331509188E-005  1.521353933716208E-005  1.516114156835861E-005  1.510384356813828E-005  1.504038082591773E-005  1.496890030573845E-005  1.488651942647700E-005  1.466551577771830E-005  1.449733835817413E-005  1.421755844976954E-005
   2885.00040417961       1.822610251954579E-005  1.806830087003251E-005  1.789594765721332E-005  1.770761278276830E-005  1.749900676657435E-005  1.726527472730559E-005  1.699818421285207E-005  1.684820620162216E-005  1.668399538542133E-005  1.650127924030132E-005  1.638013024677370E-005  1.629335262386887E-005  1.615188634343233E-005  1.604819405370562E-005  1.587377480645076E-005  1.574033742821086E-005  1.566661540150805E-005  1.558693830829117E-005  1.549986834591559E-005  1.540331435932883E-005  1.529405790094730E-005  1.501117648516044E-005  1.480451376525949E-005  1.447217820292477E-005
   2895.00040558058       1.841191663218417E-005  1.823752909832126E-005  1.804664594368365E-005  1.783660486142694E-005  1.760407487342003E-005  1.734286595009627E-005  1.704487130693377E-005  1.687832359499546E-005  1.669685257800827E-005  1.649651614386232E-005  1.636480995243286E-005  1.627102420561119E-005  1.611927486218982E-005  1.600886638710092E-005  1.582475011106591E-005  1.568511924359267E-005  1.560841376184402E-005  1.552583290267931E-005  1.543595205361177E-005  1.533670195974392E-005  1.522489237173308E-005  1.493753986937065E-005  1.472919015529431E-005  1.439604777390678E-005
   2905.00040698155       1.838599255148655E-005  1.820588351052631E-005  1.800968961590648E-005  1.779406521385485E-005  1.755512961434938E-005  1.728734743105355E-005  1.698261529573060E-005  1.681258006350141E-005  1.662770562436287E-005  1.642416269061516E-005  1.629072829803779E-005  1.619586387902457E-005  1.604267736072474E-005  1.593149475586376E-005  1.574642079576226E-005  1.560638539132941E-005  1.552955260212159E-005  1.544690289265904E-005  1.535702651176892E-005  1.525786408650980E-005  1.514625063959153E-005  1.485980220417604E-005  1.465238976637884E-005  1.432107055525793E-005
   2915.00040838252       1.826365633627188E-005  1.808325474998954E-005  1.788688740483455E-005  1.767152336165835E-005  1.743346514724923E-005  1.716684897125595E-005  1.686381404244911E-005  1.669500314231301E-005  1.651165468450047E-005  1.631005453317239E-005  1.617795161595434E-005  1.608409465901889E-005  1.593260761638411E-005  1.582269113031092E-005  1.563977829845582E-005  1.550136910514253E-005  1.542542231943217E-005  1.534371469499145E-005  1.525485211644920E-005  1.515677792706140E-005  1.504634407449871E-005  1.476265317847322E-005  1.455697321363187E-005  1.422804146163667E-005
   2925.00040978349       1.817974669279073E-005  1.799882224086244E-005  1.780184256305235E-005  1.758647533353819E-005  1.734782880642353E-005  1.708102465178228E-005  1.677821988007796E-005  1.660966357655367E-005  1.642672093922572E-005  1.622560329526952E-005  1.609391453764884E-005  1.600040400152077E-005  1.584951202066575E-005  1.574007359700061E-005  1.555805993527135E-005  1.542038569125512E-005  1.534486988626055E-005  1.526364854146006E-005  1.517532036047055E-005  1.507786448349619E-005  1.496815425993627E-005  1.468641117044727E-005  1.448218948982924E-005  1.415558691624952E-005
   2935.00041118446       1.808092332657196E-005  1.790042606019162E-005  1.770490371479969E-005  1.749043181456778E-005  1.725346024399036E-005  1.698838799822012E-005  1.668740574901312E-005  1.651995664167693E-005  1.633807729690921E-005  1.613823109849990E-005  1.600744830728739E-005  1.591458151112659E-005  1.576463187695233E-005  1.565589201590554E-005  1.547504653736064E-005  1.533825210698132E-005  1.526322406099037E-005  1.518251795529914E-005  1.509476293845429E-005  1.499793645918934E-005  1.488894005445034E-005  1.460907136017602E-005  1.440624446363558E-005  1.408192829940153E-005
   2945.00041258543       1.796628316158119E-005  1.778824091649944E-005  1.759403688892934E-005  1.738144314766634E-005  1.714613876501612E-005  1.688332730596693E-005  1.658500651680554E-005  1.641901082049310E-005  1.623884487658674E-005  1.604088849204834E-005  1.591126207510714E-005  1.581922701713242E-005  1.567071156153347E-005  1.556296330208901E-005  1.538374896451833E-005  1.524819363917552E-005  1.517383016801164E-005  1.509383850843542E-005  1.500685015623399E-005  1.491086119616296E-005  1.480279670016357E-005  1.452522504094932E-005  1.432396481635011E-005  1.400197552675704E-005
   2955.00041398640       1.785737973829303E-005  1.768052361195076E-005  1.748808517208558E-005  1.727748387739679E-005  1.704382253350373E-005  1.678328118310511E-005  1.648751249976948E-005  1.632314688090063E-005  1.614449692645977E-005  1.594826318956877E-005  1.581982494755991E-005  1.572860442384014E-005  1.558137724142790E-005  1.547456506559933E-005  1.529690051743760E-005  1.516249111096948E-005  1.508875029295944E-005  1.500942579306825E-005  1.492315702406555E-005  1.482795154663339E-005  1.472075814809375E-005  1.444536198318447E-005  1.424562052695052E-005  1.392597322409291E-005
   2965.00041538737       1.774494711883324E-005  1.756899004380106E-005  1.737874467563255E-005  1.716933121932346E-005  1.693861117068809E-005  1.668042826875775E-005  1.638771876947257E-005  1.622478415754261E-005  1.604803628224261E-005  1.585377460295300E-005  1.572660628460781E-005  1.563630143182326E-005  1.549050211797086E-005  1.538474379689415E-005  1.520876813536766E-005  1.507562325941737E-005  1.500255343687192E-005  1.492395500846901E-005  1.483845631906918E-005  1.474408826118914E-005  1.463781729678391E-005  1.436469178695635E-005  1.416650269067651E-005  1.384919541009130E-005
   2975.00041678834       1.762953213794728E-005  1.745577642690009E-005  1.726678633410719E-005  1.705985820006381E-005  1.683106524978841E-005  1.657561985380745E-005  1.628596585372194E-005  1.612481578715896E-005  1.594991862488491E-005  1.575778507468003E-005  1.563200693500573E-005  1.554267077445956E-005  1.539842884209132E-005  1.529375854698499E-005  1.511959448976301E-005  1.498777915753032E-005  1.491543817647212E-005  1.483759642714661E-005  1.475291730637135E-005  1.465943654315328E-005  1.455413564355326E-005  1.428336185404787E-005  1.408674547105969E-005  1.377175996896868E-005
   2985.00041818931       1.751640973120337E-005  1.734452318077094E-005  1.715783706463701E-005  1.695285184656338E-005  1.672697644490292E-005  1.647410196246540E-005  1.618759166330441E-005  1.602829523169585E-005  1.585529228976021E-005  1.566515169460928E-005  1.554066367412515E-005  1.545222202715530E-005  1.530942915671995E-005  1.520579330901892E-005  1.503329107003194E-005  1.490269179665752E-005  1.483100377511830E-005  1.475386274614836E-005  1.466992908604904E-005  1.457725267852705E-005  1.447284104102138E-005  1.420425209937153E-005  1.400912885083356E-005  1.369639859906643E-005
   2995.00041959028       1.739018499543202E-005  1.722065083137486E-005  1.703667938165384E-005  1.683499544169331E-005  1.661213927323109E-005  1.636298693035042E-005  1.608039620059811E-005  1.592321625566672E-005  1.575268305397649E-005  1.556525359433200E-005  1.544241908744922E-005  1.535514297012852E-005  1.521417926826248E-005  1.511184898371438E-005  1.494143632335726E-005  1.481237422698466E-005  1.474150423912122E-005  1.466523403378680E-005  1.458222262241149E-005  1.449054088102719E-005  1.438721191502437E-005  1.412120468514324E-005  1.392776158004281E-005  1.361740628296483E-005
   3005.00042099124       1.725696868732218E-005  1.709129156784736E-005  1.691097506305163E-005  1.671350026583717E-005  1.649491455527036E-005  1.625056946181621E-005  1.597360607006183E-005  1.581931479858252E-005  1.565180761472555E-005  1.546751908069894E-005  1.534664529695887E-005  1.526071079715569E-005  1.512183552776495E-005  1.502091921013336E-005  1.485276781636116E-005  1.472531229132653E-005  1.465529597338161E-005  1.457990712195193E-005  1.449783004833432E-005  1.440714401383195E-005  1.430489788099567E-005  1.404147466710904E-005  1.384973785541856E-005  1.354187678407039E-005
   3015.00042239221       1.709068639922971E-005  1.693208524425030E-005  1.675868933294668E-005  1.656919643034155E-005  1.635879954241027E-005  1.612360190538704E-005  1.585600636821664E-005  1.570659569809602E-005  1.554415039454670E-005  1.536490504678452E-005  1.524707343497917E-005  1.516313919088146E-005  1.502725571544064E-005  1.492836442761700E-005  1.476320518638706E-005  1.463780930434122E-005  1.456884080965750E-005  1.449452933182606E-005  1.441356022865769E-005  1.432403266172839E-005  1.422300270329699E-005  1.396235029376690E-005  1.377235283345872E-005  1.346693302300073E-005
   3025.00042379318       1.677198427303424E-005  1.663006569311023E-005  1.647616513287230E-005  1.630668275950884E-005  1.611919468259638E-005  1.590860441233838E-005  1.566817880346275E-005  1.553311333848514E-005  1.538513837290806E-005  1.522058378763962E-005  1.511147496092022E-005  1.503335008425167E-005  1.490607648560056E-005  1.481282655393603E-005  1.465605120350548E-005  1.453618505603712E-005  1.446998181851606E-005  1.439842832698579E-005  1.432023501486101E-005  1.423349714569897E-005  1.413529809730015E-005  1.388057735754125E-005  1.369388561534891E-005  1.339254709157224E-005
   3035.00042519415       1.544872557580458E-005  1.535492148098409E-005  1.525409580058981E-005  1.514537702041635E-005  1.502639341644329E-005  1.489359536850365E-005  1.474151326838071E-005  1.465535187936701E-005  1.456002321721239E-005  1.445259508850964E-005  1.438022348036420E-005  1.432784273034938E-005  1.424129352924687E-005  1.417687907548142E-005  1.406643204299328E-005  1.398000581537766E-005  1.393147871907062E-005  1.387834799176128E-005  1.381944112876760E-005  1.375304194532533E-005  1.367649182770182E-005  1.347115009729684E-005  1.331499329236278E-005  1.305539813000049E-005
   3045.00042659512       1.573730279555546E-005  1.563499102108965E-005  1.552540112559922E-005  1.540602419296661E-005  1.527537530996213E-005  1.512930671822843E-005  1.496217903839380E-005  1.486753101351262E-005  1.476286461668810E-005  1.464518591941206E-005  1.456622895788594E-005  1.450912867361724E-005  1.441505520102927E-005  1.434525876655172E-005  1.422608712721866E-005  1.413326932667513E-005  1.408132668361074E-005  1.402461084748917E-005  1.396192215374024E-005  1.389148694901567E-005  1.381056242385863E-005  1.359477505637318E-005  1.343153284968820E-005  1.316065698387394E-005
   3055.00042799609       1.652644440215163E-005  1.638391148408661E-005  1.622929824344759E-005  1.605971443543429E-005  1.587137290133589E-005  1.566077885139972E-005  1.542036453854479E-005  1.528559964745361E-005  1.513818743117654E-005  1.497457038310758E-005  1.486638589903612E-005  1.478896370697883E-005  1.466304082763055E-005  1.457090622238973E-005  1.441626212516151E-005  1.429819093767686E-005  1.423303702521609E-005  1.416266340452683E-005  1.408580435767926E-005  1.400058914765868E-005  1.390416454502068E-005  1.365419156422281E-005  1.347102287588188E-005  1.317533278790982E-005
   3065.00042939706       1.659338972050526E-005  1.643888871226029E-005  1.627176865738173E-005  1.608770974697708E-005  1.588492139957604E-005  1.565803144739356E-005  1.540072422907644E-005  1.525734558163636E-005  1.510129780472880E-005  1.492932808661293E-005  1.481638748384613E-005  1.473594607338421E-005  1.460573111456447E-005  1.451094798138311E-005  1.435266002947828E-005  1.423243340800515E-005  1.416629981216471E-005  1.409502335651289E-005  1.401733483744457E-005  1.393139119168059E-005  1.383435422340028E-005  1.358365573559452E-005  1.340055610125253E-005  1.310565388143922E-005
   3075.00043079803       1.654014118676512E-005  1.638303625373732E-005  1.621274305682510E-005  1.602607370426681E-005  1.581990063144164E-005  1.559015979132430E-005  1.532993788485747E-005  1.518529521521802E-005  1.502807912285077E-005  1.485525843805519E-005  1.474194108991832E-005  1.466132739344392E-005  1.453097832201443E-005  1.443622954041110E-005  1.427816332046742E-005  1.415824920638037E-005  1.409233540966049E-005  1.402130815013044E-005  1.394393787330686E-005  1.385837248486902E-005  1.376180129852333E-005  1.351244652955597E-005  1.333041258437796E-005  1.303730580326087E-005
   3085.00043219900       1.643200623413161E-005  1.627500821015852E-005  1.610433787969049E-005  1.591863016455187E-005  1.571332136439130E-005  1.548465060261310E-005  1.522612168873313E-005  1.508256643955851E-005  1.492692127379421E-005  1.475582434872326E-005  1.464365520081464E-005  1.456391251104141E-005  1.443500688776374E-005  1.434132088452406E-005  1.418505473841756E-005  1.406648658896734E-005  1.400129792327594E-005  1.393105291484024E-005  1.385450702376372E-005  1.376983459005450E-005  1.367422312839336E-005  1.342710394830720E-005  1.324646544772496E-005  1.295527601888874E-005
   3095.00043359997       1.635732296562925E-005  1.620038555016473E-005  1.603001590217032E-005  1.584411192183019E-005  1.563931251269886E-005  1.541080105681428E-005  1.515266364368470E-005  1.500938340227464E-005  1.485411974049737E-005  1.468345790194582E-005  1.457167308106863E-005  1.449219388726101E-005  1.436378540491021E-005  1.427045144258865E-005  1.411486305253019E-005  1.399685541775904E-005  1.393197967661273E-005  1.386208523396617E-005  1.378593479460145E-005  1.370170745113321E-005  1.360662095338200E-005  1.336093257862269E-005  1.318140312413977E-005  1.289207850789363E-005
   3105.00043500094       1.626088182931536E-005  1.610435725616889E-005  1.593540764932001E-005  1.575013754153431E-005  1.554675427917404E-005  1.532007291156408E-005  1.506412200845742E-005  1.492215593196955E-005  1.476809257095714E-005  1.459895190961614E-005  1.448813947702273E-005  1.440938599511046E-005  1.428207810859091E-005  1.418955019640599E-005  1.403531433402156E-005  1.391830227848258E-005  1.385397628363011E-005  1.378466300043406E-005  1.370913556139945E-005  1.362559182116256E-005  1.353125676152616E-005  1.328743006002421E-005  1.310917993400217E-005  1.282180025426617E-005
   3115.00043640191       1.612906651325274E-005  1.597479038669167E-005  1.580783935614545E-005  1.562532563543961E-005  1.542460245381177E-005  1.520172495184808E-005  1.494978467570423E-005  1.481016711617106E-005  1.465873518922230E-005  1.449240339835295E-005  1.438343009875299E-005  1.430598421380254E-005  1.418075457799160E-005  1.408972717664403E-005  1.393786924131464E-005  1.382261546049415E-005  1.375921925146125E-005  1.369087983739006E-005  1.361638314758181E-005  1.353392691328671E-005  1.344075362005471E-005  1.319957045100842E-005  1.302292932312328E-005  1.273769912449683E-005
   3125.00043780287       1.606366125884368E-005  1.591058953709086E-005  1.574446024709036E-005  1.556228212875569E-005  1.536189654020536E-005  1.513961787014155E-005  1.488827026230997E-005  1.474881143318498E-005  1.459773702848600E-005  1.443171679025838E-005  1.432295493863838E-005  1.424560929097942E-005  1.412064077620226E-005  1.402978431498363E-005  1.387827882440922E-005  1.376331056702547E-005  1.370009059752658E-005  1.363196537074063E-005  1.355771783914762E-005  1.347556361789670E-005  1.338277257922170E-005  1.314276921681661E-005  1.296715214183177E-005  1.268375961936079E-005
   3135.00043920384       1.597096076799160E-005  1.581891911908833E-005  1.565333116871046E-005  1.547276069548236E-005  1.527394039661571E-005  1.505273646147352E-005  1.480336936142654E-005  1.466507013334798E-005  1.451516231758502E-005  1.435053993330358E-005  1.424267175348476E-005  1.416597857323978E-005  1.404206676918276E-005  1.395200009831771E-005  1.380179291640531E-005  1.368781948622979E-005  1.362514375385868E-005  1.355759389045503E-005  1.348396942411402E-005  1.340250253717873E-005  1.331047023291507E-005  1.307234076622695E-005  1.289799919576833E-005  1.261650582138336E-005
   3145.00044060481       1.587185962916199E-005  1.572080693150758E-005  1.555713565442597E-005  1.537891992573436E-005  1.518207180049540E-005  1.496358934506928E-005  1.471678314431009E-005  1.457988045394278E-005  1.443148950257509E-005  1.426854421104142E-005  1.416171455631376E-005  1.408581898678626E-005  1.396301364960801E-005  1.387378959161090E-005  1.372492564101755E-005  1.361191609868703E-005  1.354976792788706E-005  1.348277021290362E-005  1.340973231106934E-005  1.332890250068208E-005  1.323756830510101E-005  1.300116808723641E-005  1.282804102105100E-005  1.254846244803976E-005
   3155.00044200578       1.579484276679569E-005  1.564386237713490E-005  1.548057015625072E-005  1.530246980593938E-005  1.510651798934143E-005  1.488875045717101E-005  1.464330453270219E-005  1.450707326680019E-005  1.435934448710537E-005  1.419719451464798E-005  1.409097652531336E-005  1.401545101233846E-005  1.389342944933707E-005  1.380469394486758E-005  1.365671504678079E-005  1.354441563073325E-005  1.348265647487122E-005  1.341609606747163E-005  1.334354193126846E-005  1.326325358001957E-005  1.317253900837847E-005  1.293778184060353E-005  1.276586253841753E-005  1.248820309249438E-005
   3165.00044340675       1.571103779578351E-005  1.556134607797464E-005  1.539941249868684E-005  1.522233572541949E-005  1.502765617170492E-005  1.481142454841730E-005  1.456736902269110E-005  1.443210265581893E-005  1.428543899247200E-005  1.412436352216674E-005  1.401884081743224E-005  1.394380432571592E-005  1.382253374827262E-005  1.373439583838522E-005  1.358736135065151E-005  1.347578685705025E-005  1.341442705006849E-005  1.334829142332369E-005  1.327621184002218E-005  1.319644684298384E-005  1.310633373585054E-005  1.287314351736871E-005  1.270238404744202E-005  1.242659279050669E-005
   3175.00044480772       1.559816258800964E-005  1.545124335565086E-005  1.529135758321514E-005  1.511663838369425E-005  1.492428021628593E-005  1.471095238276798E-005  1.447028930585411E-005  1.433681168610111E-005  1.419230410168892E-005  1.403355912364871E-005  1.392947152806390E-005  1.385550874314659E-005  1.373585182219820E-005  1.364885051972360E-005  1.350371132909367E-005  1.339350270086489E-005  1.333286623471625E-005  1.326749162403789E-005  1.319620939524853E-005  1.311729334165247E-005  1.302809519090967E-005  1.279702125343974E-005  1.262759721429764E-005  1.235368473110936E-005
   3185.00044620869       1.552707526133694E-005  1.537984649389979E-005  1.521995613292219E-005  1.504613402744816E-005  1.485484218287906E-005  1.464243462787051E-005  1.440275562096377E-005  1.426985189587196E-005  1.412589480244942E-005  1.396779313208352E-005  1.386419526331107E-005  1.379051066754725E-005  1.367140510406341E-005  1.358479470813730E-005  1.344028917553518E-005  1.333058199054494E-005  1.327024174799623E-005  1.320519106323358E-005  1.313427374598775E-005  1.305577108092882E-005  1.296705987167931E-005  1.273733715249301E-005  1.256897377390874E-005  1.229684278045363E-005
   3195.00044760966       1.543376443559277E-005  1.528744138268588E-005  1.512972786713014E-005  1.495726140101877E-005  1.476771549915651E-005  1.455730944275871E-005  1.431997852596216E-005  1.418847091345312E-005  1.404585988703091E-005  1.388928026137010E-005  1.378666439517357E-005  1.371369719222009E-005  1.359566845835757E-005  1.350985331673603E-005  1.336663943022714E-005  1.325789725199703E-005  1.319806863880440E-005  1.313356031898836E-005  1.306323484081212E-005  1.298537485429981E-005  1.289736858579489E-005  1.266938753096733E-005  1.250221443623999E-005  1.223188253143801E-005
   3210.00044971111       1.529390977837444E-005  1.514961786510569E-005  1.499345467154164E-005  1.482326155301640E-005  1.463669277000474E-005  1.442908567285623E-005  1.419534876929971E-005  1.406571165990153E-005  1.392531396943176E-005  1.377104630131407E-005  1.366992617770876E-005  1.359802736483109E-005  1.348169398290699E-005  1.339710061360785E-005  1.325587933544950E-005  1.314862999963755E-005  1.308960750190741E-005  1.302595961833197E-005  1.295654461251309E-005  1.287967825708600E-005  1.279276473460692E-005  1.256745822014598E-005  1.240210376458643E-005  1.213450609654183E-005
   3230.00045251305       1.511680553387662E-005  1.497528029683668E-005  1.482290020113823E-005  1.465610422570280E-005  1.447272973714527E-005  1.426892258388768E-005  1.403950202079139E-005  1.391236139476462E-005  1.377445796813005E-005  1.362297214736755E-005  1.352364176163638E-005  1.345297951220839E-005  1.333865514099042E-005  1.325547502177745E-005  1.311659036098556E-005  1.301104981331127E-005  1.295295443769157E-005  1.289030154135308E-005  1.282195695539429E-005  1.274625416715597E-005  1.266063209034775E-005  1.243855497714470E-005  1.227546472130715E-005  1.201138067603907E-005
   3250.00045531499       1.492943996461306E-005  1.479153047710428E-005  1.464157519369547E-005  1.447911693025762E-005  1.430026788243168E-005  1.410153027538761E-005  1.387749566807147E-005  1.375334559585717E-005  1.361854336974291E-005  1.347041547623586E-005  1.337319017049024E-005  1.330398401703581E-005  1.319198231137295E-005  1.311044426034526E-005  1.297421480085592E-005  1.287063385870622E-005  1.281359737462472E-005  1.275205611573175E-005  1.268490025555594E-005  1.261049397479948E-005  1.252629230002797E-005  1.230769318599628E-005  1.214697138666248E-005  1.188645171025446E-005
   3270.00045811693       1.467512772803326E-005  1.454734357070876E-005  1.440861777995436E-005  1.425639827574378E-005  1.408934269395898E-005  1.390311851937929E-005  1.369206264354286E-005  1.357452376202584E-005  1.344664559326446E-005  1.330532448985723E-005  1.321224002712987E-005  1.314579079838002E-005  1.303798579863969E-005  1.295926040810749E-005  1.282735148946376E-005  1.272678599865140E-005  1.267131732840144E-005  1.261138089316440E-005  1.254589772679725E-005  1.247324727544756E-005  1.239091779122323E-005  1.217664759113370E-005  1.201868929448945E-005  1.176210346041155E-005
   3290.00046091887       1.349471110298604E-005  1.341938023910954E-005  1.333711289714598E-005  1.324748791607216E-005  1.314808532536449E-005  1.303690442416345E-005  1.290797700666913E-005  1.283454158602873E-005  1.275318578288043E-005  1.266116115201322E-005  1.259918244677130E-005  1.255426476080101E-005  1.248004143214518E-005  1.242481193870846E-005  1.233016285029757E-005  1.225614506950892E-005  1.221460589555409E-005  1.216913685731137E-005  1.211874547530226E-005  1.206196070157530E-005  1.199649186275065E-005  1.182075156770980E-005  1.168679865751924E-005  1.146328258896412E-005
   3310.00046372080       1.398976130896991E-005  1.388889856069714E-005  1.377887147667529E-005  1.365930977174725E-005  1.352716325343533E-005  1.337922386688982E-005  1.320987629262181E-005  1.311452350841303E-005  1.300954543007183E-005  1.289225876865863E-005  1.281405107724572E-005  1.275786637816505E-005  1.266580308515215E-005  1.259793998809370E-005  1.248304639251804E-005  1.239439903172040E-005  1.234510484398649E-005  1.229154933104642E-005  1.223265569634215E-005  1.216685108437620E-005  1.209169820906887E-005  1.189334670564472E-005  1.174486176418570E-005  1.150063965100581E-005
   3330.00046652274       1.420915061325106E-005  1.408313041772938E-005  1.394711200483381E-005  1.379820046854348E-005  1.363501207667935E-005  1.345386874998828E-005  1.324943470014321E-005  1.313598345719324E-005  1.301283048570273E-005  1.287706210793791E-005  1.278777666377338E-005  1.272411376517353E-005  1.262088039136709E-005  1.254558260853940E-005  1.241946563432627E-005  1.232333862418950E-005  1.227029848498847E-005  1.221300240726818E-005  1.215037301136119E-005  1.208085623417162E-005  1.200201966718475E-005  1.179648884777698E-005  1.164462538933639E-005  1.139744635235604E-005
   3350.00046932468       1.410146333789245E-005  1.397394794704864E-005  1.383525580964751E-005  1.368459930772055E-005  1.351970801589483E-005  1.333692267240235E-005  1.313116112680307E-005  1.301707033269528E-005  1.289352247886749E-005  1.275769841035562E-005  1.266847530394378E-005  1.260500676282606E-005  1.250213407716498E-005  1.242716345877774E-005  1.230178233268351E-005  1.220631714749560E-005  1.215367956868387E-005  1.209685166141489E-005  1.203476301785500E-005  1.196587815019865E-005  1.188780157144599E-005  1.168439984469779E-005  1.153420253567652E-005  1.128981109158640E-005
   3370.00047212662       1.392276264048724E-005  1.379735252063313E-005  1.366094741552433E-005  1.351313956863690E-005  1.335160186216494E-005  1.317265671347440E-005  1.297136593267535E-005  1.285991879075097E-005  1.273916764340903E-005  1.260633845860108E-005  1.251914968036606E-005  1.245703042715184E-005  1.235637595321104E-005  1.228303532754974E-005  1.216025916259852E-005  1.206672899681870E-005  1.201512905954289E-005  1.195939115373967E-005  1.189845661535997E-005  1.183081510539113E-005  1.175408735295799E-005  1.155390032460792E-005  1.140583041571966E-005  1.116460496073392E-005
   3390.00047492856       1.378105794112580E-005  1.365607549959664E-005  1.352152835997080E-005  1.337547359439571E-005  1.321535240922348E-005  1.303812219627635E-005  1.283926609415212E-005  1.272928760868418E-005  1.261000567253126E-005  1.247889620601943E-005  1.239284704492113E-005  1.233156481819193E-005  1.223225051159691E-005  1.215987690597576E-005  1.203875102243988E-005  1.194645731558351E-005  1.189553838307773E-005  1.184053372267024E-005  1.178040279884565E-005  1.171364080940399E-005  1.163790096643792E-005  1.144022648749875E-005  1.129393910865638E-005  1.105549031118834E-005
   3410.00047773050       1.363426511003580E-005  1.351135432531786E-005  1.337818113260784E-005  1.323415543366605E-005  1.307621048903748E-005  1.290162593272564E-005  1.270583179354540E-005  1.259749864173748E-005  1.247999998759517E-005  1.235086125240405E-005  1.226607453767034E-005  1.220572284775380E-005  1.210791165151941E-005  1.203662710474795E-005  1.191730035204113E-005  1.182636997337415E-005  1.177621053109997E-005  1.172199977462965E-005  1.166274039771588E-005  1.159693553376487E-005  1.152226560662305E-005  1.132728431578298E-005  1.118289120522830E-005  1.094735974330389E-005
   3430.00048053244       1.350092965561013E-005  1.337926134236899E-005  1.324818649460193E-005  1.310571323066680E-005  1.294971246088444E-005  1.277731827029874E-005  1.258365824680128E-005  1.247642626957849E-005  1.236038076749008E-005  1.223279575748776E-005  1.214897593592540E-005  1.208932753918485E-005  1.199264820841731E-005  1.192218246758030E-005  1.180424537767765E-005  1.171437813966847E-005  1.166480302078229E-005  1.161123405271383E-005  1.155267355131252E-005  1.148764640835104E-005  1.141386491183432E-005  1.122120945149658E-005  1.107853796620601E-005  1.084579813465325E-005
   3450.00048333437       1.337114854898532E-005  1.325060585318280E-005  1.312075972118672E-005  1.298001441981936E-005  1.282607031313118E-005  1.265567975910862E-005  1.246421684030749E-005  1.235837250557210E-005  1.224358042943198E-005  1.211741641781403E-005  1.203455484019147E-005  1.197554434362239E-005  1.187991775934022E-005  1.181024091742188E-005  1.169360499074260E-005  1.160473946041648E-005  1.155571397709760E-005  1.150274927818476E-005  1.144485257616591E-005  1.138056540558649E-005  1.130762626142986E-005  1.111721575488758E-005  1.097623427428186E-005  1.074627373325338E-005
   3470.00048613631       1.322230449803459E-005  1.310405192193550E-005  1.297625588284046E-005  1.283767448098306E-005  1.268565021084651E-005  1.251806027627916E-005  1.232994984834780E-005  1.222598841235110E-005  1.211312274654404E-005  1.198911466273106E-005  1.190766221187711E-005  1.184965173170837E-005  1.175564090221679E-005  1.168711301877983E-005  1.157240016481518E-005  1.148495594418478E-005  1.143670488693282E-005  1.138456136884230E-005  1.132754355652018E-005  1.126421508242678E-005  1.119233660063578E-005  1.100454725091562E-005  1.086537888872232E-005  1.063823085896738E-005
   3490.00048893825       1.308383464623282E-005  1.296679220813664E-005  1.284120398115368E-005  1.270443590985704E-005  1.255513699552946E-005  1.238993305731873E-005  1.220463895919736E-005  1.210200015295399E-005  1.199097194602297E-005  1.186879689121467E-005  1.178859081318024E-005  1.173138312293296E-005  1.163875111142831E-005  1.157122081348430E-005  1.145809366759229E-005  1.137187245244983E-005  1.132428001265076E-005  1.127284617216053E-005  1.121659726565513E-005  1.115411064434338E-005  1.108317626830109E-005  1.089778404031773E-005  1.076032960342142E-005  1.053587622563811E-005
   3510.00049174019       1.294460543675771E-005  1.282896252933239E-005  1.270524096220587E-005  1.257049654031909E-005  1.242330442598703E-005  1.226072983626841E-005  1.207856539656791E-005  1.197766635254392E-005  1.186832200068222E-005  1.174809943658648E-005  1.166910010478959E-005  1.161284022999396E-005  1.152158929939881E-005  1.145506501677060E-005  1.134363218262592E-005  1.125865505284917E-005  1.121175672430205E-005  1.116105668361697E-005  1.110560634671756E-005  1.104399837668780E-005  1.097404250426578E-005  1.079113939170930E-005  1.065546927959683E-005  1.043384739257144E-005
   3530.00049454213       1.280477995638943E-005  1.269166326006811E-005  1.256902997912197E-005  1.243648022760866E-005  1.229160802572635E-005  1.213173359889957E-005  1.195227106641982E-005  1.185307655913867E-005  1.174562090200886E-005  1.162735752295422E-005  1.154967017794307E-005  1.149428814934226E-005  1.140453902775716E-005  1.133904071034283E-005  1.122935953469265E-005  1.114571556631256E-005  1.109952766086313E-005  1.104959987195532E-005  1.099497726235422E-005  1.093427532639201E-005  1.086532310441624E-005  1.068491213779152E-005  1.055095621954675E-005  1.033192228942635E-005
   3550.00049734407       1.266916123013237E-005  1.255784167280061E-005  1.243721204812352E-005  1.230719738678166E-005  1.216456804928110E-005  1.200710665595979E-005  1.183039420095100E-005  1.173259464868803E-005  1.162674263337585E-005  1.151024051858672E-005  1.143366753482230E-005  1.137912264540213E-005  1.129063737017128E-005  1.122605994125013E-005  1.111789638872669E-005  1.103538373066075E-005  1.098981784607366E-005  1.094054472673215E-005  1.088661862876990E-005  1.082668279530105E-005  1.075857672771577E-005  1.058027137701300E-005  1.044778061902014E-005  1.023102203100720E-005
   3570.00050014600       1.253132260686631E-005  1.242044530341576E-005  1.230206092006852E-005  1.217319671762654E-005  1.203274640595678E-005  1.187807098015609E-005  1.170432757557913E-005  1.160825493556057E-005  1.150414332584151E-005  1.138963238185518E-005  1.131430419387699E-005  1.126065579728224E-005  1.117358195228386E-005  1.111005909841042E-005  1.100358942591155E-005  1.092232271300984E-005  1.087743239809518E-005  1.082888076139264E-005  1.077573617091651E-005  1.071663660972891E-005  1.064945598020242E-005  1.047340133329704E-005  1.034243769541687E-005  1.012799681071286E-005
   3590.00050294794       1.240089906312761E-005  1.229230347933365E-005  1.217563249510447E-005  1.204885864061722E-005  1.191095617134936E-005  1.175874180532063E-005  1.158805942258335E-005  1.149379952536756E-005  1.139152775478408E-005  1.127907526565555E-005  1.120514970425178E-005  1.115245756231710E-005  1.106701050140574E-005  1.100465758273133E-005  1.090020596829565E-005  1.082048009825458E-005  1.077645134047122E-005  1.072882163923855E-005  1.067669121286140E-005  1.061872189418291E-005  1.055282653683161E-005  1.038013753193238E-005  1.025166192541453E-005  1.004122224711640E-005
   3610.00050574988       1.226731974136549E-005  1.216054453333105E-005  1.204561323321156E-005  1.192079701628970E-005  1.178476006552163E-005  1.163478259921329E-005  1.146649632195245E-005  1.137338666475079E-005  1.127251255329355E-005  1.116148185757530E-005  1.108847833160470E-005  1.103642576574772E-005  1.095195619498827E-005  1.089032987343131E-005  1.078694488505423E-005  1.070799181255370E-005  1.066435717798101E-005  1.061714428378442E-005  1.056545071879936E-005  1.050793573398286E-005  1.044251288710893E-005  1.027086762454189E-005  1.014300969019875E-005  9.933443268579941E-006
   3630.00050855182       1.214512922837896E-005  1.204088693759586E-005  1.192727887341923E-005  1.180444369115321E-005  1.167071259922779E-005  1.152317440475167E-005  1.135809041396316E-005  1.126683595787305E-005  1.116787810549838E-005  1.105892233948782E-005  1.098733568159881E-005  1.093626967151066E-005  1.085343035242419E-005  1.079299314224185E-005  1.069163902094489E-005  1.061424445371320E-005  1.057147809555632E-005  1.052520611536668E-005  1.047453959792772E-005  1.041816359099659E-005  1.035404617112694E-005  1.018582266597883E-005  1.006050337313480E-005  9.855002549076083E-006
   3650.00051135376       1.200680740720778E-005  1.190269051773220E-005  1.179150713961564E-005  1.167052517892331E-005  1.153875894642710E-005  1.139324809384791E-005  1.123043011404794E-005  1.114033832094740E-005  1.104269474170102E-005  1.093519282282107E-005  1.086446750306200E-005  1.081403330451658E-005  1.073215801364232E-005  1.067240492344527E-005  1.057213998963546E-005  1.049551723934795E-005  1.045315536240596E-005  1.040730318731739E-005  1.035706126324643E-005  1.030113457046091E-005  1.023747143053596E-005  1.007018757148082E-005  9.945356048673367E-006  9.740487165075853E-006
   3670.00051415570       1.188417436972187E-005  1.178242894038649E-005  1.167339432636867E-005  1.155550561217549E-005  1.142718393243650E-005  1.128560056201779E-005  1.112676812374465E-005  1.103891053151685E-005  1.094361909057705E-005  1.083873867315135E-005  1.076971212952225E-005  1.072047813152208E-005  1.064054376244767E-005  1.058215183966086E-005  1.048411562698328E-005  1.040916595607445E-005  1.036770933334941E-005  1.032281350728318E-005  1.027361906183293E-005  1.021883712649237E-005  1.015646290330332E-005  9.992485249135185E-006  9.870055806531595E-006  9.668948791708419E-006
   3690.00051695763       1.171862560026378E-005  1.161946734487584E-005  1.151313161847963E-005  1.139800942325604E-005  1.127234039384235E-005  1.113394698476165E-005  1.097871826899300E-005  1.089286883770163E-005  1.079960562072014E-005  1.069680561831183E-005  1.062913606583525E-005  1.058081800389595E-005  1.050233481617309E-005  1.044496532023455E-005  1.034857168681402E-005  1.027480657015447E-005  1.023397445862259E-005  1.018973010016889E-005  1.014121015562273E-005  1.008711811779651E-005  1.002546636748261E-005  9.863012102632986E-006  9.741423068984419E-006  9.541494553104995E-006
   3710.00051975957       1.158353466342975E-005  1.149009262488675E-005  1.139008228087852E-005  1.128113157513301E-005  1.116214673413743E-005  1.103062279266411E-005  1.088248407036023E-005  1.080021630746509E-005  1.071059197037017E-005  1.061153240656534E-005  1.054609625420604E-005  1.049934142949952E-005  1.042326061467944E-005  1.036753405385303E-005  1.027376616034252E-005  1.020188177053974E-005  1.016205076733698E-005  1.011887313949236E-005  1.007149227363115E-005  1.001864736423171E-005  9.958385418772762E-006  9.799491323969345E-006  9.680472649232023E-006  9.484467738145647E-006
   3730.00052256151       1.101100023124964E-005  1.094825865174679E-005  1.088061509484547E-005  1.080619137044160E-005  1.072396793232259E-005  1.063115981177582E-005  1.052440612434767E-005  1.046381367273278E-005  1.039674709567924E-005  1.032096176998926E-005  1.027010253762800E-005  1.023328305470373E-005  1.017259701993501E-005  1.012750362150426E-005  1.005041245510118E-005  9.990251862923993E-006  9.956522678973190E-006  9.919635660185963E-006  9.878769646473532E-006  9.832721921926356E-006  9.779636930863848E-006  9.636935797473026E-006  9.527873867684437E-006  9.345362267030502E-006
   3750.00052536345       1.077212068106443E-005  1.071202609661863E-005  1.064776202309824E-005  1.057711004152824E-005  1.049878288727693E-005  1.041074103264973E-005  1.030890094375521E-005  1.025100367028157E-005  1.018681157299455E-005  1.011431655068219E-005  1.006554604807304E-005  1.003023035971639E-005  9.971971810410159E-006  9.928641535548548E-006  9.854424095661269E-006  9.796397391080009E-006  9.763817288492730E-006  9.728137335917167E-006  9.688547182139020E-006  9.643878879604651E-006  9.592282485606510E-006  9.453156534382869E-006  9.346530477392531E-006  9.168096901136459E-006
   3770.00052816539       1.123797184580018E-005  1.114937505087294E-005  1.105370003557487E-005  1.095005238520830E-005  1.083671692777715E-005  1.071184800904982E-005  1.057088524790939E-005  1.049246440867056E-005  1.040711519312663E-005  1.031256709415877E-005  1.025004385555629E-005  1.020527670025145E-005  1.013243858205502E-005  1.007904017162490E-005  9.989097698148390E-006  9.920067489380519E-006  9.881789703177316E-006  9.840265200099515E-006  9.794673676219591E-006  9.743784104270562E-006  9.685703118459934E-006  9.532319905281176E-006  9.417236001701496E-006  9.227467419636623E-006
   3790.00053096733       1.117760443431158E-005  1.108596665915758E-005  1.098665569367714E-005  1.088000317326744E-005  1.076407541353658E-005  1.063591233429571E-005  1.049223378304410E-005  1.041262743225976E-005  1.032612232155852E-005  1.023058125215298E-005  1.016752269184193E-005  1.012250835048349E-005  1.004929641861966E-005  9.995738134746147E-006  9.905632934763397E-006  9.836597222092569E-006  9.798350277328276E-006  9.756899615583387E-006  9.711413766540457E-006  9.660685126620981E-006  9.602842315084471E-006  9.450311583641168E-006  9.336038259256755E-006  9.147812761766742E-006
   3810.00053376926       1.102889464744994E-005  1.093705842532471E-005  1.083827767769856E-005  1.073255497717040E-005  1.061718296990149E-005  1.049046618256808E-005  1.034883460196997E-005  1.027051426949737E-005  1.018549006110562E-005  1.009185432629986E-005  1.003020223728356E-005  9.986160589408608E-006  9.914604006495063E-006  9.862270355958210E-006  9.774244642338632E-006  9.706769549878824E-006  9.669370660087535E-006  9.628810069995488E-006  9.584256971682757E-006  9.534515881201139E-006  9.477714392888871E-006  9.327452272564999E-006  9.214490727233944E-006  9.028118369986497E-006
   3830.00053657120       1.093600055968653E-005  1.084500432673036E-005  1.074772743383771E-005  1.064269988372669E-005  1.052876519800003E-005  1.040334374493887E-005  1.026335414777442E-005  1.018589060761312E-005  1.010194810271902E-005  1.000944555954218E-005  9.948554448782303E-006  9.905077607954679E-006  9.834471189760032E-006  9.782849233768011E-006  9.696059797582233E-006  9.629592201721938E-006  9.592766004087215E-006  9.552846782441166E-006  9.509022074676092E-006  9.460125184502432E-006  9.404324077385880E-006  9.256936315856355E-006  9.146331200816869E-006  8.964074609149319E-006
   3850.00053937314       1.087199396955469E-005  1.078258289011643E-005  1.068639107925401E-005  1.058276681575100E-005  1.046987379915963E-005  1.034592589705160E-005  1.020674967746797E-005  1.012963258198000E-005  1.004603236673221E-005  9.953628924316171E-006  9.892710603238327E-006  9.849185414285979E-006  9.778441878216013E-006  9.726663992025901E-006  9.639606614508479E-006  9.572887525514625E-006  9.535925527800554E-006  9.495853213506943E-006  9.451871821609789E-006  9.402816181222734E-006  9.346869730088011E-006  9.199262455840352E-006  9.088614674454449E-006  8.906279779742218E-006
   3870.00054217508       1.075140609199431E-005  1.066378170991759E-005  1.056983931481339E-005  1.046840794321038E-005  1.035793174677362E-005  1.023635748411031E-005  1.009983720278930E-005  1.002418194088039E-005  9.942042421026797E-006  9.851347000710580E-006  9.791512079137918E-006  9.748741749952322E-006  9.679192904014001E-006  9.628269696591743E-006  9.542579665453874E-006  9.476881901753334E-006  9.440458086575047E-006  9.400969269773233E-006  9.357604379926096E-006  9.309210528321886E-006  9.253988435785780E-006  9.108141058234497E-006  8.998690327296074E-006  8.818200377113074E-006
   3890.00054497702       1.062033178707070E-005  1.053458830049047E-005  1.044230195552411E-005  1.034319349051648E-005  1.023576877327492E-005  1.011745742095522E-005  9.985362897127066E-006  9.912344504613641E-006  9.833018073322673E-006  9.745363957396143E-006  9.687540674140878E-006  9.646249273428127E-006  9.579058142120226E-006  9.529858673742869E-006  9.446984702352858E-006  9.383369436509155E-006  9.348076507677075E-006  9.309771543297277E-006  9.267667788678150E-006  9.220628584081983E-006  9.166871708687653E-006  9.024487762434071E-006  8.917272970690537E-006  8.739952800765046E-006
   3910.00054777896       1.044090032729207E-005  1.035487434389809E-005  1.026317850403515E-005  1.016446103686990E-005  1.005730948165095E-005  9.940399696881551E-006  9.809784771383595E-006  9.737770265944982E-006  9.659795994630393E-006  9.573894842792324E-006  9.517347359167089E-006  9.476991437653187E-006  9.411415393654680E-006  9.363478472683615E-006  9.282831048410179E-006  9.220954172995944E-006  9.186626284935729E-006  9.149353127882352E-006  9.108366556463559E-006  9.062542106563980E-006  9.010114963090653E-006  8.870992488237280E-006  8.766132132961132E-006  8.593182850977978E-006
   3930.00055058090       1.044378982092689E-005  1.035944156827699E-005  1.026972068609249E-005  1.017259382910595E-005  1.006703571895836E-005  9.951049951671841E-006  9.821277804020811E-006  9.749435810612392E-006  9.671130032419830E-006  9.584745737213917E-006  9.527757503161767E-006  9.486963887343717E-006  9.420612989244726E-006  9.371991694691915E-006  9.290131681483494E-006  9.227294660135233E-006  9.192437483651664E-006  9.154608341906417E-006  9.113044004881740E-006  9.066625389601683E-006  9.013601853016448E-006  8.873304750709151E-006  8.767796081600979E-006  8.593486812032050E-006
   3950.00055338283       1.036160229355229E-005  1.027786734944823E-005  1.018785691537306E-005  1.009072818924070E-005  9.985762215141137E-006  9.869789985004563E-006  9.740020023620155E-006  9.668109414925304E-006  9.589865899468487E-006  9.503556237329627E-006  9.446611556073519E-006  9.405867714306149E-006  9.339610858799582E-006  9.291099237010941E-006  9.209471095215598E-006  9.146851739833841E-006  9.112141984382802E-006  9.074484554259960E-006  9.033127858804492E-006  8.986957630234654E-006  8.934243850597100E-006  8.794885277243223E-006  8.690162596374114E-006  8.517253517590438E-006
   3970.00055618477       1.026811140585139E-005  1.018542588054950E-005  1.009693899927456E-005  1.000171030898206E-005  9.897910667663212E-006  9.783331880919456E-006  9.654980092965292E-006  9.583750767119310E-006  9.506443757747432E-006  9.421043308614631E-006  9.364679980082192E-006  9.324365621603684E-006  9.258833964820125E-006  9.210837301800444E-006  9.130067736091474E-006  9.068111023300949E-006  9.033754826249883E-006  8.996494051751971E-006  8.955562640376606E-006  8.909865935845421E-006  8.857694732890814E-006  8.719751086057994E-006  8.616079712078667E-006  8.444886983608937E-006
   3990.00055898671       1.013316933162838E-005  1.005368092117496E-005  9.968085561990088E-006  9.876011612517947E-006  9.775825813150102E-006  9.665583180883399E-006  9.541964686114522E-006  9.473390267599110E-006  9.398707250340097E-006  9.316111453260832E-006  9.261543513826324E-006  9.222466496934124E-006  9.158845678053894E-006  9.112177014041595E-006  9.033523326545793E-006  8.973066987128845E-006  8.939509029754781E-006  8.903063398236794E-006  8.862992027056036E-006  8.818200530604259E-006  8.766983665258165E-006  8.631225636859131E-006  8.528926199292450E-006  8.359688534510803E-006
   4010.00056178865       9.932365190721856E-006  9.856163416618592E-006  9.774556511162504E-006  9.687001088873456E-006  9.592312329131532E-006  9.488743814900880E-006  9.372753812760287E-006  9.308828932645267E-006  9.239249927575489E-006  9.162346372975647E-006  9.111546551608009E-006  9.075187930643365E-006  9.015944165684733E-006  8.972501200031005E-006  8.899199563664588E-006  8.842728266329691E-006  8.811326743806720E-006  8.777169238171629E-006  8.739537131931761E-006  8.697371345062777E-006  8.649031417061547E-006  8.520240172013247E-006  8.422675653783039E-006  8.260690860399574E-006
   4030.00056459059       9.778763773420272E-006  9.707324982695182E-006  9.631383521168741E-006  9.548968949186227E-006  9.459929825330909E-006  9.361384149378114E-006  9.250816428700447E-006  9.189408889366735E-006  9.122370855123087E-006  9.047976037013695E-006  8.998679890264772E-006  8.963343520294183E-006  8.905629439723327E-006  8.863160327850998E-006  8.791291132036345E-006  8.735757271184806E-006  8.704796785414632E-006  8.671069275247170E-006  8.633839467301479E-006  8.592047683685220E-006  8.544032995999419E-006  8.415718266444131E-006  8.318327216867431E-006  8.156847040342161E-006
   4050.00056739253       9.217311481712076E-006  9.177642573395059E-006  9.134510415631426E-006  9.087369758488713E-006  9.034138649727611E-006  8.973825398487257E-006  8.903247925708766E-006  8.862582555888624E-006  8.817081603327422E-006  8.765154435650139E-006  8.729888142484484E-006  8.704181085683129E-006  8.661418946471409E-006  8.629314883690157E-006  8.573788458513862E-006  8.529844834225990E-006  8.504958066390625E-006  8.477536532527677E-006  8.446914728229660E-006  8.412099186602032E-006  8.371563748689224E-006  8.260667750380925E-006  8.174281723766747E-006  8.027356769045138E-006
   4070.00057019446       9.688542079097338E-006  9.621348406186634E-006  9.548798742637429E-006  9.470133465268016E-006  9.384155455071296E-006  9.288202113745877E-006  9.179382016524759E-006  9.118414495899092E-006  9.051471490790172E-006  8.976858726270964E-006  8.927233292813984E-006  8.891609675425479E-006  8.833284617245104E-006  8.790315494468203E-006  8.717575953074151E-006  8.661388419738946E-006  8.630097960039889E-006  8.596047447885715E-006  8.558524025839970E-006  8.516472565090437E-006  8.468271196703191E-006  8.339927001171582E-006  8.242762894505879E-006  8.081431298989774E-006
   4090.00057299640       9.683364973816349E-006  9.609031938809899E-006  9.529180696053433E-006  9.442804871328490E-006  9.348955195716290E-006  9.245405621296998E-006  9.129237161409187E-006  9.064635337126489E-006  8.994310742768863E-006  8.916456882024278E-006  8.864950915464213E-006  8.828121733027686E-006  8.768072502471840E-006  8.724041526988831E-006  8.649771429840227E-006  8.592657479071741E-006  8.560939455928819E-006  8.526477935415888E-006  8.488580386929133E-006  8.446185928044096E-006  8.397683844124647E-006  8.268960855863629E-006  8.171813893822741E-006  8.010894001809591E-006
   4110.00057579834       9.618208694528567E-006  9.543285131223165E-006  9.462648178010087E-006  9.375772827581572E-006  9.281536983560448E-006  9.177724060520641E-006  9.061277420358675E-006  8.996675297506104E-006  8.926426508658456E-006  8.848678714581686E-006  8.797293180154301E-006  8.760576229484815E-006  8.700742403373986E-006  8.656898956782298E-006  8.582982043293272E-006  8.526197849601832E-006  8.494677486954312E-006  8.460441349236680E-006  8.422798708083423E-006  8.380716133546111E-006  8.332595028412050E-006  8.204978190403672E-006  8.108738285071444E-006  7.949392686031085E-006
   4130.00057860028       9.524881592234849E-006  9.451110243472308E-006  9.372681139312597E-006  9.287568929783174E-006  9.195043564041015E-006  9.093259586131290E-006  8.978953146927841E-006  8.915482749787545E-006  8.846471202218215E-006  8.770018232262907E-006  8.719465170541654E-006  8.683290404447829E-006  8.624365071230747E-006  8.581152247221721E-006  8.508259331808298E-006  8.452232566268818E-006  8.421114619604884E-006  8.387323270965677E-006  8.350146929935203E-006  8.308579261419820E-006  8.261022892456134E-006  8.134829571908738E-006  8.039604070948919E-006  7.881869032053309E-006
   4150.00058140222       9.377935234597702E-006  9.308433549004643E-006  9.234756646012613E-006  9.155005036730068E-006  9.068520920245882E-006  8.973248951012735E-006  8.866119783052558E-006  8.806532473952812E-006  8.741550958996431E-006  8.669442548798213E-006  8.621619786770210E-006  8.587327414238467E-006  8.531285967462175E-006  8.490075988165206E-006  8.420367317695246E-006  8.366570864407311E-006  8.336625721751840E-006  8.304026640033020E-006  8.268092114793723E-006  8.227813574787015E-006  8.181615127202994E-006  8.058466152695520E-006  7.965096102044348E-006  7.809889133883167E-006
   4170.00058420416       9.038695472618869E-006  8.973745333425441E-006  8.904494027183814E-006  8.831118359337390E-006  8.752607830785470E-006  8.667310341735112E-006  8.572629346159232E-006  8.520488243199535E-006  8.463954863748070E-006  8.401556177438436E-006  8.360337488449511E-006  8.330808305274195E-006  8.282628455421056E-006  8.247173925515792E-006  8.187022737264641E-006  8.140380817636782E-006  8.114297844772001E-006  8.085796729143542E-006  8.054234997822852E-006  8.018671438247558E-006  7.977634982979912E-006  7.867104601175103E-006  7.782503092169877E-006  7.641228075615899E-006
   4190.00058700609       9.193643929089580E-006  9.126894572877757E-006  9.055342165876237E-006  8.978948118506053E-006  8.895685333414254E-006  8.804058686917643E-006  8.701126439769997E-006  8.643844849450522E-006  8.581409652259080E-006  8.511961700264552E-006  8.465861527256784E-006  8.432815943540686E-006  8.378782423181238E-006  8.339014950009932E-006  8.271642138147442E-006  8.219575679411449E-006  8.190558414896007E-006  8.158951780200589E-006  8.124078738030385E-006  8.084948164865191E-006  8.040015818988751E-006  7.920000193162251E-006  7.828809726783766E-006  7.676986929986095E-006
   4210.00058980803       9.167324672580771E-006  9.097723491518356E-006  9.023604085767631E-006  8.943668664414680E-006  8.856919764041743E-006  8.761188402176319E-006  8.653608120754719E-006  8.594032044065043E-006  8.528989460669384E-006  8.456975664853098E-006  8.409333615157955E-006  8.375224744189195E-006  8.319575197979715E-006  8.278714950979198E-006  8.209738017349462E-006  8.156623498056871E-006  8.127085861591132E-006  8.094972851426857E-006  8.059614256394442E-006  8.020020896728576E-006  7.974660279612343E-006  7.853968989335640E-006  7.762635137259875E-006  7.611056263342166E-006
   4230.00059260997       9.115225575929990E-006  9.045074591469371E-006  8.970631954036881E-006  8.889718944692155E-006  8.802035821360729E-006  8.705552486914009E-006  8.597351231764030E-006  8.537271255215467E-006  8.471886705154698E-006  8.399505280293911E-006  8.351714726288040E-006  8.317473261321256E-006  8.261743785413576E-006  8.220876071609037E-006  8.151919695500582E-006  8.098902148849742E-006  8.069447299698102E-006  8.037444525658495E-006  8.002223297249825E-006  7.962818062027837E-006  7.917710947139757E-006  7.797859828029909E-006  7.707284196669689E-006  7.557092449189990E-006
   4250.00059541191       9.036532589228327E-006  8.967046456818966E-006  8.892623410438437E-006  8.812400499361222E-006  8.725585400235352E-006  8.629872354569351E-006  8.522598548968958E-006  8.463182180425231E-006  8.398523037451347E-006  8.326973407917465E-006  8.279725990820966E-006  8.245903654842540E-006  8.190789215207072E-006  8.150369645756717E-006  8.082210370028082E-006  8.029772731726136E-006  8.000639699327389E-006  7.968982060615048E-006  7.934146193978609E-006  7.895158129576814E-006  7.850524267920183E-006  7.731885126265043E-006  7.642184795303929E-006  7.493395612086324E-006
   4270.00059821385       8.958522553937609E-006  8.889388162258133E-006  8.815408512965672E-006  8.736688355580014E-006  8.650769043781219E-006  8.556138540045945E-006  8.450171182292461E-006  8.391489152031503E-006  8.327590399990935E-006  8.256881144827994E-006  8.210181209152609E-006  8.176753249961651E-006  8.122256582035584E-006  8.082309693533892E-006  8.014920597146664E-006  7.963085730128332E-006  7.934272996809898E-006  7.902963797923713E-006  7.868511047448014E-006  7.829950593763904E-006  7.785791811304409E-006  7.668386627082573E-006  7.579592349687490E-006  7.432271001039846E-006
   4290.00060101579       8.878287143584979E-006  8.810524215236009E-006  8.738036184743122E-006  8.659950591192792E-006  8.575160523640389E-006  8.482053169205752E-006  8.377461501825692E-006  8.319500721705916E-006  8.256435731901647E-006  8.186637455708967E-006  8.140499313834416E-006  8.107500992462287E-006  8.053678556765151E-006  8.014221185408222E-006  7.947639191476783E-006  7.896414228627478E-006  7.867935801253468E-006  7.836995127580200E-006  7.802928335120113E-006  7.764795416039565E-006  7.721124263450266E-006  7.604956956543134E-006  7.517061002761684E-006  7.371183345316888E-006
   4310.00060381773       8.796751385140885E-006  8.729920025473254E-006  8.659036884303252E-006  8.581945152558872E-006  8.498601955384248E-006  8.406815472736831E-006  8.304029383164052E-006  8.246957634816284E-006  8.184811425815983E-006  8.116042452544872E-006  8.070584329639063E-006  8.038009635644547E-006  7.984968092434821E-006  7.946046175243433E-006  7.880359953936838E-006  7.829794466221342E-006  7.801685909149318E-006  7.771127280856836E-006  7.737481247975058E-006  7.699807579939327E-006  7.656642889821339E-006  7.541759514653546E-006  7.454774411105222E-006  7.310337002378903E-006
   4330.00060661966       8.707883705021995E-006  8.643514571356152E-006  8.573864477789026E-006  8.499328880963927E-006  8.417974690214745E-006  8.328471376247142E-006  8.228057431982979E-006  8.172222711445998E-006  8.111320203516314E-006  8.043961034131528E-006  7.999326919643154E-006  7.967426052249667E-006  7.915296811361918E-006  7.877018729042278E-006  7.812385939868641E-006  7.762593762881322E-006  7.734893672097610E-006  7.704775221446687E-006  7.671592611760411E-006  7.634421583507758E-006  7.591810789836941E-006  7.478291743781858E-006  7.392251554664693E-006  7.249272308772442E-006
   4350.00060942160       8.590557206651232E-006  8.529919480679405E-006  8.464856844924464E-006  8.395333411967951E-006  8.319367429853137E-006  8.235445732228143E-006  8.140892011708416E-006  8.088003752766540E-006  8.030213450916304E-006  7.965864948358148E-006  7.923108969069266E-006  7.892407313695272E-006  7.842185715563696E-006  7.805213008614228E-006  7.742591096154680E-006  7.694181484878704E-006  7.667199094450983E-006  7.637812907527360E-006  7.605392534085055E-006  7.569014737907252E-006  7.527244402357818E-006  7.415666657585073E-006  7.330877021770219E-006  7.189722496758728E-006
   4370.00061222354       8.203528767424876E-006  8.153613526751636E-006  8.100708315031127E-006  8.044309008461437E-006  7.983134179019708E-006  7.916270858536578E-006  7.841005647916771E-006  7.798912291562442E-006  7.752833578406619E-006  7.701279164912446E-006  7.666848796385863E-006  7.642008720239150E-006  7.601096162165027E-006  7.570749949290361E-006  7.518771963460235E-006  7.478073891964426E-006  7.455171443621403E-006  7.430060598226881E-006  7.402142792424486E-006  7.370557013741208E-006  7.333971786302081E-006  7.234845881022418E-006  7.158577946250092E-006  7.030801812787177E-006
   4390.00061502548       8.310410451887363E-006  8.258022897673457E-006  8.202370615897559E-006  8.142233404617917E-006  8.077409289481056E-006  8.005750594589120E-006  7.924581245285675E-006  7.879093402330072E-006  7.829202063374387E-006  7.773393381346737E-006  7.736155014854692E-006  7.709292989562719E-006  7.665167058813891E-006  7.632502490698352E-006  7.576782529051210E-006  7.533344878887956E-006  7.508992838320270E-006  7.482353469487386E-006  7.452805092660054E-006  7.419475524613912E-006  7.380973931729385E-006  7.277016778134911E-006  7.197115329813039E-006  7.062832769456700E-006
   4410.00061782742       8.385621445185307E-006  8.325617118387181E-006  8.261337147126436E-006  8.192602877017548E-006  8.117640755969329E-006  8.034945824644353E-006  7.941852385053534E-006  7.889965478759535E-006  7.833332855879963E-006  7.770321211411824E-006  7.728516735341973E-006  7.698555293797506E-006  7.649541891771356E-006  7.613501003651270E-006  7.552490432235881E-006  7.505365187036384E-006  7.479112884571151E-006  7.450524599852800E-006  7.418986116490259E-006  7.383602135960844E-006  7.342967128489808E-006  7.234392714746538E-006  7.151847613672201E-006  7.014390238159191E-006
   4430.00062062936       8.339233537274435E-006  8.278345956982581E-006  8.212741400270046E-006  8.142322472106707E-006  8.065531279675321E-006  7.981389380299458E-006  7.886940827036732E-006  7.834477519486424E-006  7.777185621819836E-006  7.713789154863968E-006  7.671771298712439E-006  7.641663364385926E-006  7.592567827390791E-006  7.556497686617629E-006  7.495534865249922E-006  7.448522006540288E-006  7.422348816610842E-006  7.393862094468659E-006  7.362460818467578E-006  7.327249943691420E-006  7.286844187178896E-006  7.178981600254296E-006  7.097051645545343E-006  6.960698348967456E-006
   4450.00062343129       8.272826921356645E-006  8.211644702932456E-006  8.146667049289531E-006  8.076496722245108E-006  8.000564707661051E-006  7.916801664076563E-006  7.823004125484481E-006  7.770926950445587E-006  7.714078857296760E-006  7.651183730179112E-006  7.609560129728318E-006  7.579747638137390E-006  7.531091389855246E-006  7.495371243637735E-006  7.435005695957798E-006  7.388442317602390E-006  7.362522204530226E-006  7.334311757528955E-006  7.303207996159714E-006  7.268328274583281E-006  7.228301687996529E-006  7.121427385000796E-006  7.040228836577903E-006  6.905076710440781E-006
   4470.00062623323       8.246386346577958E-006  8.183577705537711E-006  8.116748122312009E-006  8.045108845134320E-006  7.967042640269770E-006  7.881606700935651E-006  7.785638856342389E-006  7.732476919996018E-006  7.674736369131388E-006  7.610808122936541E-006  7.568567000183386E-006  7.538361440665982E-006  7.489113456103110E-006  7.452996676768619E-006  7.392063477016186E-006  7.345157800500226E-006  7.319082682817641E-006  7.290730265267219E-006  7.259513967415861E-006  7.224549340785603E-006  7.184481852622747E-006  7.077781794911400E-006  6.996934926642584E-006  6.862603529371260E-006
   4490.00062903517       8.162823221133757E-006  8.101639713285593E-006  8.036623110873440E-006  7.966189674273186E-006  7.890116572173778E-006  7.806567315629888E-006  7.712801628941731E-006  7.660733804223168E-006  7.604192407460834E-006  7.541562722161897E-006  7.500175390637643E-006  7.470535275389532E-006  7.422235203056189E-006  7.386787685444809E-006  7.326910196754051E-006  7.280790977124522E-006  7.255132829127301E-006  7.227226185610897E-006  7.196479029241176E-006  7.162021652413224E-006  7.122503174049180E-006  7.017131276435011E-006  6.937183992778197E-006  6.804228290569663E-006
   4510.00063183711       8.096467559936245E-006  8.035607673546087E-006  7.971163558136983E-006  7.901837171249100E-006  7.826535710277197E-006  7.743794378120829E-006  7.651010302306969E-006  7.599514378355516E-006  7.543567611233390E-006  7.481637858136748E-006  7.440690550481398E-006  7.411350069264765E-006  7.363569201067218E-006  7.328496119556828E-006  7.269251182508766E-006  7.223610987375779E-006  7.198216134368584E-006  7.170588749545783E-006  7.140147593418498E-006  7.106033649941175E-006  7.066905573368380E-006  6.962555202278584E-006  6.883367406948926E-006  6.751654624345617E-006
   4530.00063463905       8.026597034265517E-006  7.966904726499070E-006  7.902900378954236E-006  7.834666832329255E-006  7.760326052559088E-006  7.678794669500232E-006  7.587211822928759E-006  7.536452340641691E-006  7.481372700438186E-006  7.420213276409155E-006  7.379828225578785E-006  7.350867893956076E-006  7.303677627504077E-006  7.269024689233928E-006  7.210504707998974E-006  7.165397580340376E-006  7.140299032992955E-006  7.112985187504062E-006  7.082883691866033E-006  7.049142129340665E-006  7.010430267809312E-006  6.907136249122735E-006  6.828706955925532E-006  6.698206187173493E-006
   4550.00063744099       7.958899531163702E-006  7.900097766799553E-006  7.836705759745805E-006  7.769239346536027E-006  7.696071370535452E-006  7.615526893282477E-006  7.525327117182479E-006  7.475206287803353E-006  7.420720536873949E-006  7.360384635557256E-006  7.320494919344461E-006  7.291900138682404E-006  7.245273249923320E-006  7.211035241029428E-006  7.153177082805369E-006  7.108578957608721E-006  7.083758351313902E-006  7.056743771479096E-006  7.026967136388022E-006  6.993578961190397E-006  6.955266781376631E-006  6.852990869945815E-006  6.775299826734267E-006  6.645986862554233E-006
   4570.00064024292       7.886609304024785E-006  7.828386548346175E-006  7.766570361903396E-006  7.700466244029151E-006  7.628453960860543E-006  7.549574092488010E-006  7.460759900977260E-006  7.411575490370043E-006  7.358011225897056E-006  7.298597236475134E-006  7.259286151294887E-006  7.231141051927815E-006  7.185188659772512E-006  7.151436876118595E-006  7.094384284700297E-006  7.050371523639239E-006  7.025865939008534E-006  6.999191091513732E-006  6.969779477078036E-006  6.936785012727212E-006  6.898906895303851E-006  6.797716948106331E-006  6.720785858797489E-006  6.592664034348736E-006
   4590.00064304486       7.813221522269893E-006  7.757176584400059E-006  7.697007221247572E-006  7.632065415480169E-006  7.561755333349065E-006  7.484306730895253E-006  7.397388855884037E-006  7.349156340805079E-006  7.296471240479722E-006  7.238090213608249E-006  7.199403673871586E-006  7.171708817625284E-006  7.126434181835376E-006  7.093178964112763E-006  7.036910814202497E-006  6.993485166076587E-006  6.969290611615037E-006  6.942943363809652E-006  6.913886151442376E-006  6.881279232694820E-006  6.843828391561674E-006  6.743707442378301E-006  6.667537312257228E-006  6.540621808930611E-006
   4610.00064584680       7.736666380945215E-006  7.682728515487326E-006  7.625023687724802E-006  7.562812538225679E-006  7.494903314629063E-006  7.420003263943633E-006  7.335521732710827E-006  7.288367827021837E-006  7.236933408718675E-006  7.179775570234438E-006  7.141875472404612E-006  7.114667113310877E-006  7.070205429540079E-006  7.037498058954314E-006  6.982123951205637E-006  6.939338020780928E-006  6.915487965646043E-006  6.889496865281006E-006  6.860825781153408E-006  6.828633752856232E-006  6.791645305308396E-006  6.692692288638710E-006  6.617357060872822E-006  6.491764151227347E-006
   4630.00064864874       7.607108804027646E-006  7.560202772513389E-006  7.509800074436877E-006  7.454813855685368E-006  7.394662929638676E-006  7.327239049642842E-006  7.250458127618651E-006  7.207162061528087E-006  7.159501537154270E-006  7.106150284547983E-006  7.070547427842107E-006  7.044878420401724E-006  7.002777579566818E-006  6.971635648340716E-006  6.918685622960731E-006  6.877554314092755E-006  6.854551518355632E-006  6.829432217752270E-006  6.801649307051357E-006  6.770379012482245E-006  6.734359074888670E-006  6.637583467171177E-006  6.563604612955564E-006  6.439903029473218E-006
   4650.00065145068       7.063651323400374E-006  7.039770893561049E-006  7.013578102059309E-006  6.984806471306595E-006  6.952045414794289E-006  6.914618367525794E-006  6.870635929017400E-006  6.845056630411397E-006  6.816275804555427E-006  6.783094858192583E-006  6.760405494958105E-006  6.743736319301642E-006  6.715823431713996E-006  6.694707438440833E-006  6.657827402981854E-006  6.628330485605497E-006  6.611501118728986E-006  6.592851742004559E-006  6.571903275972847E-006  6.547933312578755E-006  6.519822736114012E-006  6.441982945319050E-006  6.380614046719761E-006  6.275444251665138E-006
   4670.00065425262       7.081135894256477E-006  7.050289407410847E-006  7.017391516794682E-006  6.981674586935845E-006  6.942087614500903E-006  6.898490541117242E-006  6.848085948858168E-006  6.819466853009990E-006  6.787700873791333E-006  6.751698324452294E-006  6.727323058091614E-006  6.709553002243744E-006  6.679996846261427E-006  6.657770839123727E-006  6.619230990678566E-006  6.588600939863136E-006  6.571196242193544E-006  6.551967579457252E-006  6.530433304789420E-006  6.505868391153909E-006  6.477165010651651E-006  6.398202980404324E-006  6.336446827351863E-006  6.231482127978014E-006
   4690.00065705455       7.365715409602245E-006  7.323688688789883E-006  7.278098338905496E-006  7.229093970732659E-006  7.175373331466986E-006  7.115190134524691E-006  7.046370814577152E-006  7.007475794242995E-006  6.964462979162420E-006  6.916184323694137E-006  6.883767078167886E-006  6.860362632959801E-006  6.821829695364519E-006  6.793229540082854E-006  6.744313424908006E-006  6.706106023147357E-006  6.684651337452056E-006  6.661147827454555E-006  6.635071594725033E-006  6.605617744718223E-006  6.571561704637149E-006  6.479454041401112E-006  6.408563887491351E-006  6.289410690888454E-006
   4710.00065985649       7.414182103158402E-006  7.364384787801977E-006  7.311171331726003E-006  7.253842182854637E-006  7.191026392063557E-006  7.121668759534291E-006  7.043215532377508E-006  6.999454979271333E-006  6.951505345892199E-006  6.898044160537901E-006  6.862551374733259E-006  6.837058750459023E-006  6.795333530767647E-006  6.764580739510598E-006  6.712449229015214E-006  6.672079527963563E-006  6.649544365106645E-006  6.624970020202512E-006  6.597821024721812E-006  6.567305353308971E-006  6.532190075665158E-006  6.438014479273474E-006  6.366132328567484E-006  6.246078294386939E-006
   4730.00066265843       7.377366849471615E-006  7.325659427622937E-006  7.270719327429559E-006  7.211551460326535E-006  7.147212906733752E-006  7.076216452438148E-006  6.996371119432087E-006  6.951959667957709E-006  6.903570858072208E-006  6.849721419330414E-006  6.814063937226508E-006  6.788462162923555E-006  6.746636383303657E-006  6.715855183886217E-006  6.663736849642317E-006  6.623441407154131E-006  6.600970176357242E-006  6.576471781216601E-006  6.549429769568430E-006  6.519047033111133E-006  6.484108181905148E-006  6.390483526367023E-006  6.319076412376895E-006  6.199882141539082E-006
   4750.00066546037       7.321094584251592E-006  7.269343105684513E-006  7.214347513799051E-006  7.155230461305256E-006  7.090844536726084E-006  7.020156348738991E-006  6.940817578595807E-006  6.896815378377148E-006  6.848692191634360E-006  6.795317842103348E-006  6.759943694726674E-006  6.734579303575761E-006  6.693156734121082E-006  6.662671547088733E-006  6.611052922236680E-006  6.571136505449167E-006  6.548872165832800E-006  6.524598080879225E-006  6.497799331983820E-006  6.467687935466912E-006  6.433051406805142E-006  6.340193443013688E-006  6.269340785312722E-006  6.151048774249992E-006
   4770.00066826231       7.266733547233733E-006  7.214761307873931E-006  7.160232795944305E-006  7.101243642806360E-006  7.037312998573908E-006  6.967144904841372E-006  6.888444271842614E-006  6.844686795437489E-006  6.796974806614289E-006  6.744055569472431E-006  6.709020859826941E-006  6.683890652249994E-006  6.642810341409391E-006  6.612599503121291E-006  6.561444669736569E-006  6.521895835417453E-006  6.499839257698710E-006  6.475791130880956E-006  6.449239321045900E-006  6.419399845257429E-006  6.385074824881667E-006  6.293040195556836E-006  6.222801677860875E-006  6.105516127025422E-006
   4790.00067106425       7.212413763329585E-006  7.161111427074651E-006  7.106918413517034E-006  7.048199182590637E-006  6.984916633264577E-006  6.915355060548758E-006  6.837216552217230E-006  6.793797328173009E-006  6.746499339498962E-006  6.694021257850600E-006  6.659263708937312E-006  6.634328723491982E-006  6.593609070825362E-006  6.563661743922014E-006  6.512945584702181E-006  6.473729520417203E-006  6.451860278742918E-006  6.428012948998034E-006  6.401685251881842E-006  6.372098280864566E-006  6.338066612883137E-006  6.246807879205103E-006  6.177160486487673E-006  6.060858976838209E-006
   4810.00067386619       7.155888039305653E-006  7.105008290615302E-006  7.051071909171054E-006  6.993048010353039E-006  6.930409937433758E-006  6.861440038914052E-006  6.784280733732154E-006  6.741255583180149E-006  6.694448798979161E-006  6.642512889247589E-006  6.608119886461695E-006  6.583454796242622E-006  6.543154077217891E-006  6.513506040692041E-006  6.463287676207040E-006  6.424467875532558E-006  6.402805759235315E-006  6.379193038997795E-006  6.353113611846196E-006  6.323803093117041E-006  6.290081589010169E-006  6.199636605307400E-006  6.130590794961319E-006  6.015277042897240E-006
   4830.00067666812       7.099329346302841E-006  7.049154014640690E-006  6.995558876865076E-006  6.938404252930634E-006  6.876491182410729E-006  6.808338030470617E-006  6.731840056920113E-006  6.689393383615924E-006  6.643088741136052E-006  6.591744641931804E-006  6.557696766469905E-006  6.533286865535276E-006  6.493415972932098E-006  6.464095066675675E-006  6.414415261217833E-006  6.375993417575179E-006  6.354554479884738E-006  6.331181036036001E-006  6.305370617204551E-006  6.276355417685456E-006  6.242971425947105E-006  6.153417704638473E-006  6.085051820227291E-006  5.970893652912955E-006
   4850.00067947006       7.043679550637021E-006  6.994116790375351E-006  6.941083666256366E-006  6.884222306565403E-006  6.822926084171144E-006  6.755723087847734E-006  6.680029836930054E-006  6.638053847462511E-006  6.592224635672347E-006  6.541436024389484E-006  6.507770271860200E-006  6.483612567946665E-006  6.444163283421948E-006  6.415128932550847E-006  6.365943211548058E-006  6.327884318509147E-006  6.306641149292452E-006  6.283475464189776E-006  6.257884991157351E-006  6.229114529929251E-006  6.195999598263488E-006  6.107116333679550E-006  6.039209659067825E-006  5.925745762725590E-006
   4870.00068227200       6.987930259850001E-006  6.939082841936948E-006  6.886901459590428E-006  6.830783137286890E-006  6.770018702366212E-006  6.703450470175290E-006  6.628820166718210E-006  6.587250780261185E-006  6.541983948856446E-006  6.491729147231753E-006  6.458417020587950E-006  6.434557960270882E-006  6.395541248684275E-006  6.366825370484913E-006  6.318170806102007E-006  6.280532829472843E-006  6.259519040109104E-006  6.236605632301492E-006  6.211293985058789E-006  6.182834019687636E-006  6.150075934173137E-006  6.062154381401712E-006  5.994989830729671E-006  5.882793478566973E-006
   4890.00068507394       6.933091416539181E-006  6.884563158499936E-006  6.833022451656158E-006  6.777767257993823E-006  6.717812432883643E-006  6.651948348723157E-006  6.578140346774206E-006  6.537038624566639E-006  6.492239035370505E-006  6.442541269805440E-006  6.409614693545794E-006  6.385981965550527E-006  6.347364541602155E-006  6.318933779645412E-006  6.270741134076931E-006  6.233451800728405E-006  6.212637236141159E-006  6.189932390550957E-006  6.164841023824025E-006  6.136622663454128E-006  6.104132894753908E-006  6.016871300776717E-006  5.950157720419846E-006  5.838627493216657E-006
   4910.00068787588       6.876756105024140E-006  6.828814366742529E-006  6.778014456148584E-006  6.723379353811064E-006  6.664362603072396E-006  6.599371374900980E-006  6.526364118229578E-006  6.485788512950015E-006  6.441565492791540E-006  6.392500662087254E-006  6.359957565098672E-006  6.336615738215361E-006  6.298454469901611E-006  6.270371861980249E-006  6.222767018373395E-006  6.185922211922842E-006  6.165342381904014E-006  6.142895338960927E-006  6.118089806942540E-006  6.090189016874254E-006  6.058059975924225E-006  5.971760717426931E-006  5.905782516346793E-006  5.795506909872403E-006
   4930.00069067782       6.824558524617991E-006  6.777453545693176E-006  6.726997594007890E-006  6.673001768418471E-006  6.614482074768366E-006  6.550163093167223E-006  6.478021821547204E-006  6.437867576703235E-006  6.394053994050087E-006  6.345398861942479E-006  6.313175252809347E-006  6.290030019484154E-006  6.252211721621426E-006  6.224362961222688E-006  6.177143295797535E-006  6.140585337318397E-006  6.120165784227958E-006  6.097881687401770E-006  6.073254731981965E-006  6.045545264411915E-006  6.013627933086465E-006  5.927839697470452E-006  5.862199531942619E-006  5.752409308303296E-006
   4950.00069347975       6.771341850036644E-006  6.724679679179140E-006  6.674633936359507E-006  6.621315168231932E-006  6.563646476430986E-006  6.500054636116011E-006  6.428785008896387E-006  6.389164012874152E-006  6.345896854412067E-006  6.297896280805457E-006  6.266053727802662E-006  6.243224484670422E-006  6.205873860251354E-006  6.178381753546547E-006  6.131778644400058E-006  6.095684412703738E-006  6.075532232942125E-006  6.053541202403676E-006  6.029234043289981E-006  6.001885701399974E-006  5.970386242420794E-006  5.885735613583605E-006  5.820978721520382E-006  5.712680593557591E-006
   4970.00069628169       6.718470643195614E-006  6.672117921591012E-006  6.623217533962183E-006  6.570434296034485E-006  6.513305337536826E-006  6.450410818689311E-006  6.379846682473563E-006  6.340600789848378E-006  6.297744448982504E-006  6.250133417642717E-006  6.218554125883759E-006  6.195890450804401E-006  6.158844494735966E-006  6.131555032713130E-006  6.085268832872750E-006  6.049392130529712E-006  6.029352119557610E-006  6.007475255784202E-006  5.983278615577036E-006  5.956045315018206E-006  5.924663094057102E-006  5.840235555345334E-006  5.775585212829912E-006  5.667412722054603E-006
   4990.00069908363       6.666349293253908E-006  6.620841504082875E-006  6.572497335754558E-006  6.520318864503171E-006  6.463842407260002E-006  6.401892572311204E-006  6.332232218314288E-006  6.293534873239010E-006  6.251241201581628E-006  6.204307628230546E-006  6.173198457603063E-006  6.150844176756510E-006  6.114319728029009E-006  6.087417230245791E-006  6.041781786135148E-006  6.006425965227724E-006  5.986678083501780E-006  5.965113738423399E-006  5.941276638796370E-006  5.914449023404077E-006  5.883531707069134E-006  5.800376438027522E-006  5.736713487522687E-006  5.630190124098527E-006
   5010.00070188557       6.614521055460761E-006  6.569345012523134E-006  6.521450803273874E-006  6.470053685339246E-006  6.414260341543890E-006  6.353057163975960E-006  6.284224837708271E-006  6.245981184513006E-006  6.204181237523375E-006  6.157766516177524E-006  6.126971114087466E-006  6.104867147847276E-006  6.068760716587440E-006  6.042139162267607E-006  5.996974143329913E-006  5.961978309819960E-006  5.942421528322318E-006  5.921070281303596E-006  5.897465237507632E-006  5.870891217806746E-006  5.840260369725635E-006  5.757856153305150E-006  5.694751872691614E-006  5.589158579179862E-006
   5030.00070468751       6.562213635709002E-006  6.517704737396071E-006  6.470404685937679E-006  6.419679964905202E-006  6.364475719726436E-006  6.303977423357491E-006  6.235942617330491E-006  6.198049287551326E-006  6.156715820069369E-006  6.110694167129209E-006  6.080164184925485E-006  6.058250914806221E-006  6.022386482648771E-006  5.995959178331944E-006  5.951078480429300E-006  5.916262131365312E-006  5.896795056258767E-006  5.875541663309825E-006  5.852022685318245E-006  5.825530814120954E-006  5.794976795757530E-006  5.712677099821656E-006  5.649572921815761E-006  5.543904668519775E-006
   5050.00070748945       6.511959140770321E-006  6.468418324050647E-006  6.422071427952470E-006  6.371948291462625E-006  6.317652284131543E-006  6.258205451432425E-006  6.191191605498732E-006  6.153920546761617E-006  6.113147658192467E-006  6.067927647928363E-006  6.037871429235365E-006  6.016292836558884E-006  5.980982772957608E-006  5.954965601788208E-006  5.910804144664644E-006  5.876543763858557E-006  5.857394274900181E-006  5.836484543518766E-006  5.813349168464843E-006  5.787294382784072E-006  5.757248257642475E-006  5.676342482681615E-006  5.614323394608152E-006  5.510454807608005E-006
   5070.00071029138       6.458361177032835E-006  6.415592048026983E-006  6.369956345709583E-006  6.320963385563850E-006  6.268106177834290E-006  6.209614540440180E-006  6.143873060491795E-006  6.107169691609350E-006  6.067117105977637E-006  6.022530551519853E-006  5.992913864975052E-006  5.971643617494322E-006  5.936811862452606E-006  5.911126570891238E-006  5.867487111903292E-006  5.833641646594265E-006  5.814709723291935E-006  5.794035319195106E-006  5.771156198205377E-006  5.745379093336820E-006  5.715647225331781E-006  5.635548460570265E-006  5.574120747160591E-006  5.471211818843379E-006
   5090.00071309332       6.390743449411799E-006  6.350215586561583E-006  6.307194457891776E-006  6.260469573132524E-006  6.209588950396482E-006  6.153452261008630E-006  6.089742143720672E-006  6.054021094900128E-006  6.014891513760524E-006  5.971249555253214E-006  5.942192004253713E-006  5.921271376698691E-006  5.886969378382063E-006  5.861626373027319E-006  5.818486441053859E-006  5.784947988226047E-006  5.766161788897915E-006  5.745618979220746E-006  5.722860381473945E-006  5.697192787186060E-006  5.667548763899742E-006  5.587518040843854E-006  5.526025608769134E-006  5.422941474535652E-006
   5110.00071589526       6.260847547416053E-006  6.227674716226585E-006  6.192062586502966E-006  6.153336451834523E-006  6.110763722695074E-006  6.063165889516050E-006  6.008410336960257E-006  5.977368057594651E-006  5.943058278649644E-006  5.904321366508267E-006  5.878329258043210E-006  5.859487922238576E-006  5.828424114600677E-006  5.805304498704780E-006  5.765650691231362E-006  5.734543191821886E-006  5.717021554307032E-006  5.697793800236335E-006  5.676405713156539E-006  5.652181606693093E-006  5.624084844783085E-006  5.547690640055641E-006  5.488581410875533E-006  5.388911472781611E-006
   5130.00071869720       5.912463915639539E-006  5.890747082185624E-006  5.866949974189100E-006  5.841245907746118E-006  5.812626849638724E-006  5.780502457663361E-006  5.743232133090921E-006  5.721792835067551E-006  5.697904275144933E-006  5.670568472130412E-006  5.651888419494232E-006  5.638218309265649E-006  5.615380141200804E-006  5.598134762853204E-006  5.568048747632460E-006  5.543996793026590E-006  5.530276849614143E-006  5.515076732626220E-006  5.498005035603617E-006  5.478471963554371E-006  5.455570488954488E-006  5.392211837944315E-006  5.342363443227706E-006  5.257240197622874E-006
   5150.00072149914       6.191674044835887E-006  6.157590743362824E-006  6.121672343202828E-006  6.081814995616626E-006  6.038435437468649E-006  5.989829723401834E-006  5.934165151849356E-006  5.902640865296364E-006  5.867886896695403E-006  5.828766844613124E-006  5.802562836384312E-006  5.783605498684194E-006  5.752333962374076E-006  5.729119509096986E-006  5.689363819382514E-006  5.658256866213840E-006  5.640759166972091E-006  5.621576218720842E-006  5.600261186608037E-006  5.576149230772571E-006  5.548211783740357E-006  5.472408798604236E-006  5.413872496186995E-006  5.315321248224372E-006
   5170.00072430108       6.203736595850499E-006  6.164826764181286E-006  6.123114252430085E-006  6.077839809887698E-006  6.028683566638777E-006  5.974465228503862E-006  5.913004123558573E-006  5.878597942072449E-006  5.840922624358902E-006  5.798830952356824E-006  5.770805527930351E-006  5.750629297608850E-006  5.717561145251139E-006  5.693112976378926E-006  5.651478278081248E-006  5.619083105524962E-006  5.600925580953588E-006  5.581066348164679E-006  5.559051204871805E-006  5.534210771988342E-006  5.505502739805012E-006  5.427915914636585E-006  5.368250216559829E-006  5.268216367867529E-006
   5190.00072710301       6.173787760866470E-006  6.133811667180724E-006  6.091343067132660E-006  6.045494320186540E-006  5.995806222667097E-006  5.941210538072597E-006  5.879573943261008E-006  5.845168801599583E-006  5.807564054499566E-006  5.765703593816708E-006  5.737892558485682E-006  5.717892116120220E-006  5.685146204025102E-006  5.660967910459345E-006  5.619879773696843E-006  5.587952999252788E-006  5.570078545575948E-006  5.550544984003582E-006  5.528908746673169E-006  5.504509990600777E-006  5.476339637781500E-006  5.400309157458112E-006  5.341896599674877E-006  5.243924941801619E-006
   5210.00072990495       6.132388063592623E-006  6.092411645740761E-006  6.050087864372394E-006  6.004552012341470E-006  5.954980207497842E-006  5.900540462264901E-006  5.839323310927417E-006  5.805166296702101E-006  5.767814471697386E-006  5.726283337649904E-006  5.698638678960822E-006  5.678775264369333E-006  5.646250059066018E-006  5.622253925963060E-006  5.581435118790391E-006  5.549717409996199E-006  5.531956213215446E-006  5.512549565578536E-006  5.491046284525987E-006  5.466796757343246E-006  5.438793918085220E-006  5.363193301834328E-006  5.305095808851711E-006  5.207643587419135E-006
   5230.00073270689       6.088445109741361E-006  6.048864288429219E-006  6.006780779352176E-006  5.961409613701741E-006  5.912457332198428E-006  5.858405623957658E-006  5.797672545071424E-006  5.763872565975870E-006  5.726829325954943E-006  5.685659972301862E-006  5.658310332433363E-006  5.638658382530205E-006  5.606430813024850E-006  5.582654167688815E-006  5.542221983127187E-006  5.510798442041553E-006  5.493198081260646E-006  5.473962188226997E-006  5.452651112288072E-006  5.428615180317128E-006  5.400852596509074E-006  5.325881499694238E-006  5.268250994207741E-006  5.171567517498672E-006
   5250.00073550883       6.040425626333554E-006  6.001058559690805E-006  5.958966709086434E-006  5.914074761807477E-006  5.865368426285067E-006  5.811836718916619E-006  5.751604719238471E-006  5.718057366705155E-006  5.681387135135762E-006  5.640613373828275E-006  5.613522300858952E-006  5.594043928815400E-006  5.562171485166132E-006  5.538627071581942E-006  5.498617470807591E-006  5.467526713370868E-006  5.450118951445815E-006  5.431092262891800E-006  5.410014865312447E-006  5.386242079632153E-006  5.358789697422180E-006  5.284677636641264E-006  5.227744710845619E-006  5.132321105726182E-006
   5270.00073831077       5.994120981669077E-006  5.954895266295543E-006  5.912955266696668E-006  5.868694960760100E-006  5.820075511689550E-006  5.766773498529090E-006  5.706839786721388E-006  5.673446761795651E-006  5.636865745959678E-006  5.596187988764036E-006  5.569138469749506E-006  5.549686736632515E-006  5.517821645830315E-006  5.494294805266577E-006  5.454238395493813E-006  5.423072771978130E-006  5.405605704408999E-006  5.386502829750667E-006  5.365320498130948E-006  5.341410647753157E-006  5.313769047429310E-006  5.239004180951033E-006  5.181461892542313E-006  5.084956843875917E-006
   5290.00074111271       5.957512483870911E-006  5.918778069954353E-006  5.877859387396662E-006  5.833645341814754E-006  5.786038030823193E-006  5.733514199597805E-006  5.674616376771856E-006  5.641801547213748E-006  5.605891356301952E-006  5.565909879324904E-006  5.539356881762276E-006  5.520257155713866E-006  5.488981207375530E-006  5.465895692570819E-006  5.426625697001699E-006  5.396086020158533E-006  5.378977256342463E-006  5.360271659319772E-006  5.339538037325853E-006  5.316148395546314E-006  5.289123723016787E-006  5.216085629172580E-006  5.159899707139736E-006  5.065591139243841E-006
   5310.00074391464       5.916223408093712E-006  5.878122171642527E-006  5.837243015401270E-006  5.793817926058824E-006  5.746683031281502E-006  5.694742450225364E-006  5.636255980805468E-006  5.603714286649052E-006  5.568110626606868E-006  5.528448310389705E-006  5.502075840879152E-006  5.483113391531567E-006  5.452070877744418E-006  5.429136866585384E-006  5.390108957581478E-006  5.359768436860248E-006  5.342765755836086E-006  5.324173037807245E-006  5.303564569604102E-006  5.280316429001408E-006  5.253451353950357E-006  5.180847196426397E-006  5.124995946985193E-006  5.031260509143639E-006
   5330.00074671658       5.873744617206539E-006  5.835830086942550E-006  5.795593074960989E-006  5.752499543113174E-006  5.705879253362160E-006  5.654509033397000E-006  5.596715274203714E-006  5.564384593505291E-006  5.529156580104789E-006  5.489911648250272E-006  5.463794777588084E-006  5.445018412574994E-006  5.414261673304368E-006  5.391534211395025E-006  5.352876515467936E-006  5.322804784753132E-006  5.305946825265533E-006  5.287518714198332E-006  5.267090775976875E-006  5.244040222177076E-006  5.217398499522786E-006  5.145380340355331E-006  5.089965894513016E-006  4.996950191941212E-006
   5350.00074951852       5.828351897497687E-006  5.790863933729011E-006  5.751536054084134E-006  5.708871290259505E-006  5.662795641933684E-006  5.612099220628322E-006  5.555082044532130E-006  5.523278104067744E-006  5.488518484751574E-006  5.449837699471933E-006  5.424098506954217E-006  5.405581757762354E-006  5.375237913580315E-006  5.352827454620547E-006  5.314666462621764E-006  5.284981188714196E-006  5.268332465457158E-006  5.250125090662268E-006  5.229935781143170E-006  5.207148238816907E-006  5.180802957503950E-006  5.109530294910093E-006  5.054649147422261E-006  4.962479577110793E-006
   5370.00075232046       5.775382613262283E-006  5.738188554902948E-006  5.698695981254543E-006  5.656383817486836E-006  5.610617170835872E-006  5.560200800779609E-006  5.503569409296669E-006  5.471998225589276E-006  5.437445862300798E-006  5.399022086263632E-006  5.373452235290639E-006  5.355075601731734E-006  5.324927050477555E-006  5.302659244045385E-006  5.264718935556235E-006  5.235175088224850E-006  5.218602641556690E-006  5.200466013862743E-006  5.180343572375249E-006  5.157617979961007E-006  5.131325069529146E-006  5.060122567425647E-006  5.005269704840166E-006  4.913232976963694E-006
   5390.00075512240       5.735063697033271E-006  5.698433168258302E-006  5.659461399958522E-006  5.617759269180636E-006  5.572394247193622E-006  5.522454303363481E-006  5.466479800375865E-006  5.435214941311726E-006  5.401092910388972E-006  5.363029078491742E-006  5.337712104759118E-006  5.319510769495221E-006  5.289694885538200E-006  5.267650337924718E-006  5.230107460117628E-006  5.200879266717315E-006  5.184484279678395E-006  5.166542560075803E-006  5.146637334195389E-006  5.124159145664725E-006  5.098158764652776E-006  5.027769522144593E-006  4.973569393062468E-006  4.882675740500166E-006
   5410.00075792434       5.704392685803944E-006  5.668680227858107E-006  5.630209470858015E-006  5.588953465449494E-006  5.544289094382067E-006  5.495230413535735E-006  5.439905405855442E-006  5.409075209668641E-006  5.375334416245833E-006  5.337748449537184E-006  5.312737637823519E-006  5.294741460979956E-006  5.265273141328123E-006  5.243476856780803E-006  5.206358884547599E-006  5.177463564363699E-006  5.161253948559300E-006  5.143518808284830E-006  5.123845366849124E-006  5.101631812487654E-006  5.075936766884833E-006  5.006375059241408E-006  4.952773407612271E-006  4.862712738699577E-006
   5430.00076072628       5.665385981618065E-006  5.629525031002732E-006  5.591412643411021E-006  5.550844081661105E-006  5.506575068328130E-006  5.457895483260618E-006  5.403028832431997E-006  5.372456928976942E-006  5.338990197773665E-006  5.301637291098692E-006  5.276797722625713E-006  5.258941738003006E-006  5.229642033420312E-006  5.207984477291037E-006  5.171098676336577E-006  5.142376713478645E-006  5.126264215407078E-006  5.108632116241494E-006  5.089075491434692E-006  5.066990530824967E-006  5.041444736721162E-006  4.972281374145331E-006  4.918989019983594E-006  4.829460696316486E-006
   5450.00076352821       5.626890548609125E-006  5.591819324327093E-006  5.554102828340077E-006  5.513432951691404E-006  5.469494115943285E-006  5.421348708757106E-006  5.366907767345466E-006  5.336523093933697E-006  5.303382222713684E-006  5.266337626537093E-006  5.241704369851462E-006  5.223970350484571E-006  5.194899601949717E-006  5.173400865672712E-006  5.136801919859000E-006  5.108294929819298E-006  5.092301647818871E-006  5.074801867407533E-006  5.055390815309019E-006  5.033469461747171E-006  5.008112154818496E-006  4.939453632185318E-006  4.886546269665154E-006  4.797664248004184E-006
   5470.00076633015       5.585147720667189E-006  5.549890977140784E-006  5.512987131952578E-006  5.472886370891543E-006  5.429601609200420E-006  5.381945286778434E-006  5.328232054249757E-006  5.298210776572813E-006  5.265412727436252E-006  5.228844255621880E-006  5.204483354786689E-006  5.186961738036572E-006  5.158218547577292E-006  5.136968811596789E-006  5.100734819160272E-006  5.072511863842821E-006  5.056678314637461E-006  5.039345516199126E-006  5.020110864931165E-006  4.998383515340273E-006  4.973244292420520E-006  4.905143380128246E-006  4.852639890292599E-006  4.764413007056359E-006
   5490.00076913209       5.544734503888554E-006  5.510241385480100E-006  5.473572482328033E-006  5.434060917594090E-006  5.391230023373502E-006  5.344155644439099E-006  5.291190350789764E-006  5.261671115450726E-006  5.229304988667510E-006  5.193225847328427E-006  5.169185920797603E-006  5.151896850447371E-006  5.123508098037160E-006  5.102522005391481E-006  5.066742366037923E-006  5.038853964554482E-006  5.023202014977801E-006  5.006065206718328E-006  4.987048454879606E-006  4.965556006066909E-006  4.940683263278243E-006  4.873269131892557E-006  4.821270935822196E-006  4.733857960154749E-006
   5510.00077193403       5.493890537467222E-006  5.459581217930935E-006  5.423497257915092E-006  5.384841807238340E-006  5.342701036837980E-006  5.296301628556376E-006  5.244244042910585E-006  5.215233873130153E-006  5.183479205324446E-006  5.148100308444088E-006  5.124569577384636E-006  5.107633923457950E-006  5.079873387653449E-006  5.059349803775672E-006  5.024349602455393E-006  4.997075179968924E-006  4.981768812736001E-006  4.965007680450713E-006  4.946399597924405E-006  4.925372152202006E-006  4.901028697175297E-006  4.835026367758486E-006  4.784097186460081E-006  4.698438759079022E-006
   5530.00077473597       5.443174185955026E-006  5.409013006422345E-006  5.372763402760927E-006  5.333808076092445E-006  5.291657281011543E-006  5.245157211668705E-006  5.192857076821507E-006  5.163678276409688E-006  5.131708655089324E-006  5.096042554722521E-006  5.072286760878081E-006  5.055178472754481E-006  5.027077605761923E-006  5.006288532748739E-006  4.970763115978719E-006  4.943012420925576E-006  4.927417864715072E-006  4.910323682454740E-006  4.891323050820873E-006  4.869825254351430E-006  4.844911096594225E-006  4.777282096659231E-006  4.725142926143797E-006  4.637906073525419E-006
   5550.00077753791       5.424727274968429E-006  5.391298765671825E-006  5.355912117131574E-006  5.317850613025389E-006  5.276713456107091E-006  5.231407030509696E-006  5.180340493293976E-006  5.151853197178574E-006  5.120601875495036E-006  5.085751403585687E-006  5.062555036971572E-006  5.045869045366479E-006  5.018469847137597E-006  4.998186411428395E-006  4.963598048623572E-006  4.936609704138377E-006  4.921455768690594E-006  4.904850578233820E-006  4.886411354247635E-006  4.865558944656078E-006  4.841405537904917E-006  4.775849319378598E-006  4.725207397756769E-006  4.639976877829614E-006
   5570.00078033984       5.392834937400830E-006  5.359595222996800E-006  5.324509032467050E-006  5.286704852165382E-006  5.245572046233582E-006  5.200353951289265E-006  5.149347756479842E-006  5.120879530646977E-006  5.089640454033982E-006  5.054843330611674E-006  5.031651802800167E-006  5.014955201143578E-006  4.987541697581373E-006  4.967253542211953E-006  4.932651553007046E-006  4.905660557316532E-006  4.890509674053927E-006  4.873912360593913E-006  4.855483148201297E-006  4.834648894725712E-006  4.810526527024677E-006  4.745096012953130E-006  4.694590798180929E-006  4.609658609374398E-006
   5590.00078314178       5.354591520512001E-006  5.321652250237489E-006  5.286721980710813E-006  5.249063609213572E-006  5.208318711805536E-006  5.163488941245597E-006  5.112894533792654E-006  5.084655842019768E-006  5.053703133243898E-006  5.019193612326515E-006  4.996200624323249E-006  4.979636221699886E-006  4.952455299810624E-006  4.932346930348807E-006  4.898020085675421E-006  4.871241551916172E-006  4.856203780554068E-006  4.839727836402581E-006  4.821434722298982E-006  4.800747197611391E-006  4.776788596892735E-006  4.711776810872230E-006  4.661577250688188E-006  4.577151627468637E-006
   5610.00078594372       5.321661497049871E-006  5.289013579765486E-006  5.254483855277467E-006  5.217239253728286E-006  5.176853147404771E-006  5.132277598434012E-006  5.082043709287162E-006  5.053953129597930E-006  5.023220819072950E-006  4.988935080518817E-006  4.966073572082871E-006  4.949615291275047E-006  4.922600423100321E-006  4.902623399338458E-006  4.868522259064484E-006  4.841925357162513E-006  4.826995708945857E-006  4.810638217223386E-006  4.792472952943049E-006  4.771938743276781E-006  4.748158981386331E-006  4.683650856292974E-006  4.633851540300935E-006  4.550107481422854E-006
   5630.00078874566       5.285456636548558E-006  5.253153214572980E-006  5.218784000757128E-006  5.181923053810294E-006  5.141860376538733E-006  5.097817568215926E-006  5.048088238296865E-006  5.020268344702565E-006  4.989819816800747E-006  4.955828068131707E-006  4.933184811815317E-006  4.916881384490523E-006  4.890116790216918E-006  4.870310892742061E-006  4.836520359780872E-006  4.810151796325225E-006  4.795346077081850E-006  4.779127689086067E-006  4.761116146258984E-006  4.740750558270448E-006  4.717163501802029E-006  4.653163087798293E-006  4.603745050461681E-006  4.520631051378379E-006
   5650.00079154760       5.249186255239156E-006  5.217500984509616E-006  5.183072294370359E-006  5.146685122418821E-006  5.107222814170955E-006  5.063638849593782E-006  5.014468501955479E-006  4.986952790774343E-006  4.956811627756364E-006  4.923179027423896E-006  4.900771879213088E-006  4.884619774156991E-006  4.858117285883589E-006  4.838503269065008E-006  4.805012165541747E-006  4.778884476725757E-006  4.764209238157491E-006  4.748129976913475E-006  4.730274287796854E-006  4.710081031411210E-006  4.686690966461669E-006  4.623210527840125E-006  4.574184760629335E-006  4.491717643972222E-006
   5670.00079434954       5.209384589256593E-006  5.178250721228052E-006  5.144741738283775E-006  5.109012099904069E-006  5.070240105451126E-006  5.027352538292033E-006  4.978991040897313E-006  4.951911854867285E-006  4.922268803340908E-006  4.889150539198774E-006  4.867072546695538E-006  4.851158224609049E-006  4.825013702003647E-006  4.805658842975921E-006  4.772597630526846E-006  4.746777641558266E-006  4.732269594820146E-006  4.716367786855460E-006  4.698700063589182E-006  4.678715269436617E-006  4.655553762852395E-006  4.592648559885343E-006  4.544033661000978E-006  4.462220398884742E-006
   5690.00079715147       5.161532441856956E-006  5.131133414905035E-006  5.098326901424333E-006  5.063395004956280E-006  5.025393957750711E-006  4.983787453876908E-006  4.936805268017740E-006  4.910528789300962E-006  4.881754024103932E-006  4.849578881225195E-006  4.828126820771472E-006  4.812671337830603E-006  4.787284491701478E-006  4.768460432240193E-006  4.736288334668723E-006  4.711132849027084E-006  4.696983406878279E-006  4.681462446390012E-006  4.664202111781483E-006  4.644655648153329E-006  4.621980018088920E-006  4.560268659783434E-006  4.512472761711385E-006  4.431884287522472E-006
   5710.00079995341       5.093589930134505E-006  5.062699175735754E-006  5.029936594802537E-006  4.994653666218543E-006  4.956502267441173E-006  4.914350362544545E-006  4.866979513254629E-006  4.840458229349723E-006  4.811376023058998E-006  4.778953656191073E-006  4.757293916182740E-006  4.741702219489289E-006  4.716050287398083E-006  4.697023256477785E-006  4.664465410170812E-006  4.638973482765503E-006  4.624623732774962E-006  4.608872095599507E-006  4.591349875387547E-006  4.571502659620571E-006  4.548480447964398E-006  4.485967142026529E-006  4.437847277126045E-006  4.357669422565911E-006
   5730.00080275535       5.087563598005292E-006  5.057794461783511E-006  5.026073044229161E-006  4.991613143331938E-006  4.954834139124359E-006  4.914062525685338E-006  4.868172413696458E-006  4.842530537924796E-006  4.814420979348497E-006  4.782996623595355E-006  4.762071659111725E-006  4.747005091374113E-006  4.722224624983646E-006  4.703848001009588E-006  4.672432107672463E-006  4.647852258085064E-006  4.634021671662046E-006  4.618849380549738E-006  4.601966920114703E-006  4.582843702847931E-006  4.560650709542341E-006  4.500210373964148E-006  4.453363125097529E-006  4.374310051137724E-006
   5750.00080555729       5.069057511011638E-006  5.039171003833502E-006  5.007087784510232E-006  4.972835377637752E-006  4.935686501352430E-006  4.894643745910435E-006  4.848269712624018E-006  4.822341629422177E-006  4.793858655793021E-006  4.762034009105894E-006  4.740784640939677E-006  4.725487577474992E-006  4.700319428386722E-006  4.681671484720237E-006  4.649795385273565E-006  4.624871981095034E-006  4.610856622113919E-006  4.595488309725247E-006  4.578404900447081E-006  4.559063848267242E-006  4.536637741823487E-006  4.475661143537959E-006  4.428488978903961E-006  4.349057086356315E-006
   5770.00080835923       5.038813705621222E-006  5.008891744668279E-006  4.976891042679252E-006  4.942691528756043E-006  4.905808562975054E-006  4.864822103327987E-006  4.818514534556307E-006  4.792615037660618E-006  4.764209649795944E-006  4.732451924899638E-006  4.711277933909605E-006  4.696014507853865E-006  4.670927770988099E-006  4.652346578993834E-006  4.620594504945101E-006  4.595775486762358E-006  4.581823719045221E-006  4.566527457398940E-006  4.549526562209421E-006  4.530281393101897E-006  4.507972460652232E-006  4.447332439090295E-006  4.400433925153606E-006  4.321482354921201E-006
   5790.00081116117       5.005367200234285E-006  4.975657575963465E-006  4.944300081521562E-006  4.910375256680890E-006  4.873664433605621E-006  4.832974053020812E-006  4.787060191300728E-006  4.761319003997661E-006  4.733148160560476E-006  4.701638748184387E-006  4.680627927762830E-006  4.665474526034283E-006  4.640590075960729E-006  4.622151871097821E-006  4.590636926581687E-006  4.566006234775414E-006  4.552158978355015E-006  4.536974238499731E-006  4.520091590848250E-006  4.500985476898628E-006  4.478830765581669E-006  4.418598176420778E-006  4.372005240746149E-006  4.293562333502223E-006
   5810.00081396311       4.973010734181197E-006  4.943726447472998E-006  4.912351215927989E-006  4.878765938800858E-006  4.842263361965578E-006  4.802041513683186E-006  4.756514044457249E-006  4.731028319334324E-006  4.703109539947043E-006  4.671872629705286E-006  4.651041425480096E-006  4.636027617867362E-006  4.611348673047827E-006  4.593055081668523E-006  4.561798987178232E-006  4.537362685172768E-006  4.523629741216438E-006  4.508562266474664E-006  4.491813654785828E-006  4.472852808876069E-006  4.450867981158222E-006  4.391087798100479E-006  4.344841365867091E-006  4.266977218066767E-006
   5830.00081676504       4.936726972346479E-006  4.907892871621499E-006  4.877345160118163E-006  4.844306798506697E-006  4.808570747074877E-006  4.768972841544491E-006  4.724131360698438E-006  4.698965438392771E-006  4.671396443116106E-006  4.640584261825610E-006  4.619993741975413E-006  4.605163188010201E-006  4.580773288137916E-006  4.562684929993055E-006  4.531767093258368E-006  4.507581859295926E-006  4.493977115563444E-006  4.479056159010226E-006  4.462462129858881E-006  4.443672968857576E-006  4.421878476674273E-006  4.362593349881601E-006  4.316708589126661E-006  4.239435415311050E-006
   5850.00081956698       4.909606788388622E-006  4.881429125990808E-006  4.851083269115868E-006  4.818469734087799E-006  4.782906757681708E-006  4.743467059231828E-006  4.698784065686242E-006  4.673771545687251E-006  4.646327856320238E-006  4.615595074235675E-006  4.595085158829150E-006  4.580303348935237E-006  4.555987976046847E-006  4.537957180214761E-006  4.507144898307732E-006  4.483055331043467E-006  4.469509807897032E-006  4.454655029599917E-006  4.438140011222485E-006  4.419445592696328E-006  4.397768101101403E-006  4.338829513511825E-006  4.293234957843785E-006  4.216458923469221E-006
   5870.00082236892       4.863639206304569E-006  4.836898322862962E-006  4.808477570702435E-006  4.777528850208285E-006  4.743736335879054E-006  4.706102451336951E-006  4.663249993874816E-006  4.639104968141315E-006  4.612485087297044E-006  4.582646682704564E-006  4.562676430871430E-006  4.548259423303471E-006  4.524490330470896E-006  4.506849124302568E-006  4.476637447566800E-006  4.452967281193384E-006  4.439641519387292E-006  4.425015656548632E-006  4.408743270626304E-006  4.390306177209979E-006  4.368908292571949E-006  4.310644394076379E-006  4.265510178261816E-006  4.189434542903858E-006
   5890.00082517086       4.760632184998373E-006  4.739611195848467E-006  4.716860237557357E-006  4.692066470295067E-006  4.664477218024698E-006  4.633437421058702E-006  4.597397633213582E-006  4.576814254529874E-006  4.553906306822795E-006  4.527851698671065E-006  4.510234031326865E-006  4.497425595345669E-006  4.476141905165851E-006  4.460190869779779E-006  4.432595871726360E-006  4.410750322496489E-006  4.398367492477500E-006  4.384704136693245E-006  4.369424584032341E-006  4.352020003736423E-006  4.331709505988047E-006  4.275900278392318E-006  4.232281561758784E-006  4.158259433030177E-006
   5910.00082797280       4.496413720139345E-006  4.483481449965090E-006  4.468869228575497E-006  4.453369216846193E-006  4.435586592605441E-006  4.415487226376621E-006  4.391626139098757E-006  4.377737100726359E-006  4.362044146085884E-006  4.343907565666118E-006  4.331409501203607E-006  4.322201453820955E-006  4.306717185076193E-006  4.294932898034950E-006  4.274199817970093E-006  4.257485350166239E-006  4.247895019924652E-006  4.237230677123648E-006  4.225198670185423E-006  4.211372410334535E-006  4.195086357869717E-006  4.149671924948843E-006  4.113662547229029E-006  4.051816537515794E-006
   5930.00083077473       4.712491616497481E-006  4.690884636892053E-006  4.667429271521770E-006  4.642008846146205E-006  4.613926329831033E-006  4.582344155942092E-006  4.545825995968033E-006  4.525015434664401E-006  4.501899745366924E-006  4.475718825495437E-006  4.458039887919818E-006  4.445204238909461E-006  4.423899600440744E-006  4.407953112491834E-006  4.380417390172846E-006  4.358639401056241E-006  4.346304287234507E-006  4.332711914708396E-006  4.317517460572482E-006  4.300222789520704E-006  4.280050968892258E-006  4.224688283421785E-006  4.181464715296690E-006  4.108176786990554E-006
   5950.00083357667       4.666811107021331E-006  4.641308150287204E-006  4.614547781313585E-006  4.585532889644152E-006  4.553582913125168E-006  4.518450570279060E-006  4.478480991110053E-006  4.455957582128646E-006  4.431214576396447E-006  4.403397926076694E-006  4.384768373416981E-006  4.371250084164117E-006  4.348953305635546E-006  4.332348502015309E-006  4.303761779000896E-006  4.281242385435052E-006  4.268515805206066E-006  4.254511031554117E-006  4.238886309524988E-006  4.221138766032624E-006  4.200496151625247E-006  4.144237660867994E-006  4.100831662918598E-006  4.028496425792697E-006
   5970.00083637861       4.672993557469139E-006  4.647298955169831E-006  4.619942884569601E-006  4.590792590681707E-006  4.559014467694293E-006  4.524046581203875E-006  4.484461288271351E-006  4.462246130106623E-006  4.437930308538147E-006  4.410730618325011E-006  4.392548409482091E-006  4.379428931841419E-006  4.357811255611136E-006  4.341742760615177E-006  4.314187959602704E-006  4.292557085165116E-006  4.280359125064261E-006  4.266951210370177E-006  4.252008105966773E-006  4.235049348995381E-006  4.215331125108614E-006  4.161482363764771E-006  4.119645841724322E-006  4.048943650424737E-006
   5990.00083918055       4.681717630351737E-006  4.655515769479936E-006  4.627625331512512E-006  4.597462244065307E-006  4.564807949012372E-006  4.528548580685578E-006  4.487565047334826E-006  4.464511475812392E-006  4.439207097304004E-006  4.410840064481170E-006  4.391860106922766E-006  4.378169176287838E-006  4.355605993206534E-006  4.338853006057518E-006  4.310135022488279E-006  4.287622043067428E-006  4.274936180773222E-006  4.261005126965472E-006  4.245492510490262E-006  4.227903380630010E-006  4.207470793154367E-006  4.151758978933752E-006  4.108539207518162E-006  4.035628596648584E-006
   6010.00084198249       4.661076165153533E-006  4.634521094285225E-006  4.605932397129497E-006  4.575397762322376E-006  4.542224839799284E-006  4.505498892440029E-006  4.463998737342911E-006  4.440729236256784E-006  4.415098505590082E-006  4.386468809823041E-006  4.367354246496770E-006  4.353544735819248E-006  4.330848264608175E-006  4.314001331490250E-006  4.285167617099977E-006  4.262590582966677E-006  4.249880538304608E-006  4.235931057946707E-006  4.220409795568799E-006  4.202822385651529E-006  4.182407569324315E-006  4.126803306311719E-006  4.083714590201652E-006  4.011093453348787E-006
   6030.00084478443       4.635557135169907E-006  4.609057134397707E-006  4.580525824275077E-006  4.549936243289839E-006  4.516527164062771E-006  4.479782084159349E-006  4.438261152678719E-006  4.414974578658899E-006  4.389433326363083E-006  4.360850925092045E-006  4.341774870745221E-006  4.328013898907888E-006  4.305388177258519E-006  4.288602057458828E-006  4.259884442185342E-006  4.237409131830659E-006  4.224757099206526E-006  4.210875421474842E-006  4.195432875551122E-006  4.177937978682270E-006  4.157631540410105E-006  4.102341715742546E-006  4.059510479833339E-006  3.987335893182337E-006
   6050.00084758637       4.607506958511066E-006  4.580845343128260E-006  4.552536467483461E-006  4.522104331927358E-006  4.488768154257313E-006  4.452286584523266E-006  4.411037370343739E-006  4.387884641663164E-006  4.362478897189860E-006  4.334095246128924E-006  4.315151826525780E-006  4.301475997464076E-006  4.278993366282398E-006  4.262316052071784E-006  4.233788177862110E-006  4.211465702894243E-006  4.198899352900657E-006  4.185112011177726E-006  4.169769851140911E-006  4.152391011506670E-006  4.132219247972712E-006  4.077290918497074E-006  4.034736581455217E-006  3.963028825865455E-006
   6070.00085038830       4.578006381339105E-006  4.551793311037174E-006  4.523652048913936E-006  4.493538825887493E-006  4.460537500019517E-006  4.424322700717064E-006  4.383295836612536E-006  4.360352487488949E-006  4.335170896388330E-006  4.307014925001616E-006  4.288216977676409E-006  4.274653229726096E-006  4.252347332509537E-006  4.235810978535793E-006  4.207505877839679E-006  4.185344891007245E-006  4.172871999414416E-006  4.159182937015271E-006  4.143951103888293E-006  4.126692869083956E-006  4.106657899575449E-006  4.052093277968973E-006  4.009812497103225E-006  3.938561929958848E-006
   6090.00085319024       4.548547204109181E-006  4.522504776481204E-006  4.494646209630405E-006  4.464733913594148E-006  4.432208542228401E-006  4.396213915071761E-006  4.355636312360102E-006  4.332883977681290E-006  4.307914452608722E-006  4.279983434199104E-006  4.261332702873450E-006  4.247895017250751E-006  4.225778937519471E-006  4.209372049594405E-006  4.181293126669987E-006  4.159305158001074E-006  4.146927963028931E-006  4.133343695991610E-006  4.118225379176487E-006  4.101092964669158E-006  4.081203080611112E-006  4.027016349858639E-006  3.985019498226867E-006  3.914240038772647E-006
   6110.00085599218       4.518383380942753E-006  4.492244028637224E-006  4.464498634865026E-006  4.434826036017533E-006  4.402688615713218E-006  4.367142649528148E-006  4.326993387045783E-006  4.304455987857544E-006  4.279775527127312E-006  4.252149878084820E-006  4.233705513771266E-006  4.220394896228536E-006  4.198496358512295E-006  4.182242469503342E-006  4.154417872117544E-006  4.132624352934410E-006  4.120349182165713E-006  4.106873643103318E-006  4.091875931488052E-006  4.074874622202771E-006  4.055132435180337E-006  4.001322009227196E-006  3.959601919043873E-006  3.889277802223053E-006
   6130.00085879412       4.492587471036816E-006  4.467012090625935E-006  4.439678789581479E-006  4.410056002842129E-006  4.378118082076505E-006  4.342770709640549E-006  4.302687004978184E-006  4.280319991664319E-006  4.255735854872843E-006  4.228249688813907E-006  4.209892075209463E-006  4.196654716397442E-006  4.174874548836173E-006  4.158719647558707E-006  4.131057287426341E-006  4.109384022111912E-006  4.097187411709048E-006  4.083798667475275E-006  4.068896167924036E-006  4.052006730362107E-006  4.032394374192314E-006  3.978953035740664E-006  3.937525549310668E-006  3.867696986806997E-006
   6150.00086159606       4.464589266689266E-006  4.439152962940383E-006  4.411922901596039E-006  4.382702589445282E-006  4.351056526429833E-006  4.315961786461357E-006  4.276266916761590E-006  4.254087012264468E-006  4.229699557207523E-006  4.202442730782967E-006  4.184234534946414E-006  4.171101820817966E-006  4.149500475677954E-006  4.133459755776857E-006  4.106011917497120E-006  4.084515296807903E-006  4.072408555711193E-006  4.059117011944943E-006  4.044323080086170E-006  4.027554529397564E-006  4.008080669926393E-006  3.955006367601055E-006  3.913856540729318E-006  3.844490476810950E-006
   6170.00086439800       4.436510065780658E-006  4.411244602432647E-006  4.384214526846529E-006  4.355380389094601E-006  4.323874454933968E-006  4.289245713375234E-006  4.249939686193749E-006  4.227935341799583E-006  4.203791267980519E-006  4.176790629773886E-006  4.158727585256590E-006  4.145713504087806E-006  4.124283822996132E-006  4.108379967285686E-006  4.081153055191244E-006  4.059818886071936E-006  4.047805136276266E-006  4.034614033874444E-006  4.019931683337932E-006  4.003284994459310E-006  3.983950687201073E-006  3.931247894887201E-006  3.890377469261402E-006  3.821475316974141E-006
   6190.00086719993       4.408195529343356E-006  4.382904561092191E-006  4.356095882314729E-006  4.327391772489164E-006  4.296423606738466E-006  4.262092164555047E-006  4.223272151686022E-006  4.201498037606705E-006  4.177568263342108E-006  4.150816241547768E-006  4.132937176792723E-006  4.120033347230879E-006  4.098798396411224E-006  4.083035431945473E-006  4.056043786194468E-006  4.034886114226308E-006  4.022970604784177E-006  4.009883633312502E-006  3.995314249576785E-006  3.978792809524459E-006  3.959601793974736E-006  3.907270515784074E-006  3.866676400720643E-006  3.798227679726965E-006
   6210.00087000187       4.379903848181305E-006  4.355292933730556E-006  4.329060247755913E-006  4.300805744477416E-006  4.269930034168704E-006  4.236007215551005E-006  4.197543624675117E-006  4.175992414064151E-006  4.152331440088172E-006  4.125829379720459E-006  4.108107721633834E-006  4.095325622758106E-006  4.074274130737071E-006  4.058655604699357E-006  4.031895673379393E-006  4.010908972739936E-006  3.999086573254768E-006  3.986103608824164E-006  3.971647099172751E-006  3.955253318568420E-006  3.936208591391003E-006  3.884261725488794E-006  3.843959842705205E-006  3.775996426365178E-006
   6230.00087280381       4.347289014284466E-006  4.323209702664088E-006  4.297466704820127E-006  4.269760571033814E-006  4.239746486827684E-006  4.206409753133237E-006  4.168657367132373E-006  4.147492356816089E-006  4.124197235473926E-006  4.098126634066670E-006  4.080677876170369E-006  4.068076630933849E-006  4.047323547937787E-006  4.031906747958866E-006  4.005471035473707E-006  3.984723516546489E-006  3.973029533161904E-006  3.960178942642303E-006  3.945864308036231E-006  3.929621678485479E-006  3.910742409415192E-006  3.859206838152713E-006  3.819193818936265E-006  3.751690721560873E-006
   6250.00087560575       4.315576896843659E-006  4.292166852535266E-006  4.267111591000694E-006  4.240218816371002E-006  4.211022235401917E-006  4.178654216979425E-006  4.141840975664317E-006  4.121140220959981E-006  4.098355180238710E-006  4.072789519174204E-006  4.055660779404156E-006  4.043282116931909E-006  4.022879350541628E-006  4.007709783640432E-006  3.981656237891025E-006  3.961195365901047E-006  3.949649330069825E-006  3.936957721995281E-006  3.922811754971114E-006  3.906754105597263E-006  3.888078201786139E-006  3.837055032417899E-006  3.797406765348943E-006  3.730472946914326E-006
   6270.00087840769       4.261348604531008E-006  4.239308083285193E-006  4.216306291536570E-006  4.191280637412522E-006  4.164021975596687E-006  4.133884965662908E-006  4.099642329142557E-006  4.080415573510540E-006  4.059165328262709E-006  4.035271281893846E-006  4.019207558926837E-006  4.007581658680013E-006  3.988361346444680E-006  3.974021916009216E-006  3.949305642360559E-006  3.929803298241287E-006  3.918764243562943E-006  3.906602274343986E-006  3.893012972121385E-006  3.877545250470447E-006  3.859505131424074E-006  3.809979391526330E-006  3.771300443725862E-006  3.705724204848307E-006
   6290.00088120963       4.144959885417901E-006  4.123575145051725E-006  4.100830446195951E-006  4.076673115071731E-006  4.050581814703061E-006  4.021732636054573E-006  3.989237413939225E-006  3.970968118182429E-006  3.950886451746117E-006  3.928355502878949E-006  3.913225587671605E-006  3.902260760944724E-006  3.884126251498461E-006  3.870594339794335E-006  3.847225875129011E-006  3.828752741752956E-006  3.818296534348663E-006  3.806774142998580E-006  3.793903250136331E-006  3.779266340485703E-006  3.762224841304906E-006  3.715720282639635E-006  3.679795967340650E-006  3.619806714841203E-006
   6310.00088401157       4.196170418585364E-006  4.175036980639925E-006  4.152659397523474E-006  4.128560000890320E-006  4.102391831256002E-006  4.073454630266165E-006  4.040536044590588E-006  4.022047615568209E-006  4.001686740825437E-006  3.978776810341493E-006  3.963361402346169E-006  3.952193766772846E-006  3.933724059249265E-006  3.919937286850447E-006  3.896138489581495E-006  3.877329530556644E-006  3.866675263954125E-006  3.854922034646994E-006  3.841777924962983E-006  3.826803658141205E-006  3.809318312486263E-006  3.761218094575954E-006  3.723565388765368E-006  3.659579976454158E-006
   6330.00088681350       4.207173547547755E-006  4.184963807204105E-006  4.161094875209863E-006  4.135547728747409E-006  4.107475220937923E-006  4.076511794874885E-006  4.041261529611631E-006  4.021393765526739E-006  3.999519828384169E-006  3.974948428926954E-006  3.958485456290047E-006  3.946555215137470E-006  3.926884844501560E-006  3.912241679665383E-006  3.887085125942018E-006  3.867288231473145E-006  3.856111526789641E-006  3.843816653213461E-006  3.830105141784697E-006  3.814528134829475E-006  3.796398624841898E-006  3.746811169215048E-006  3.708237414141102E-006  3.643083817689681E-006
   6350.00088961544       4.190630814877773E-006  4.167755059577840E-006  4.143436532194274E-006  4.117198497606834E-006  4.088692681908916E-006  4.057095823277589E-006  4.021268342268856E-006  4.001149509436554E-006  3.978996165572410E-006  3.954154230364917E-006  3.937548662372891E-006  3.925535563724933E-006  3.905731595447699E-006  3.891001319569026E-006  3.865737312001342E-006  3.845882664248016E-006  3.834686515128089E-006  3.822374697825025E-006  3.808653102903456E-006  3.793076870337197E-006  3.774958929734309E-006  3.725451588021697E-006  3.686977872422462E-006  3.622037844431464E-006
   6370.00089241738       4.168219635057612E-006  4.145546230431549E-006  4.120969148146712E-006  4.094695488300269E-006  4.066182813589991E-006  4.034598620887432E-006  3.998806635830402E-006  3.978704001476980E-006  3.956570445622323E-006  3.931799254341432E-006  3.915214475751550E-006  3.903238420527197E-006  3.883500094754810E-006  3.868838580169311E-006  3.843687532877055E-006  3.823931397032345E-006  3.812789991235689E-006  3.800545015388032E-006  3.786898580381561E-006  3.771409725543859E-006  3.753396460922831E-006  3.704194722453382E-006  3.665972358447794E-006  3.601482404521568E-006
   6390.00089521932       4.144128290653118E-006  4.121177608322911E-006  4.096959878564219E-006  4.070786742824767E-006  4.042424780351173E-006  4.010909421313619E-006  3.975337480475303E-006  3.955309646777412E-006  3.933321163517409E-006  3.908709965088296E-006  3.892228939153332E-006  3.880330536250301E-006  3.860710113097789E-006  3.846138087909915E-006  3.821134503937774E-006  3.801495863902887E-006  3.790419868663183E-006  3.778246346291636E-006  3.764677974766141E-006  3.749276264176652E-006  3.731363786670815E-006  3.682425886661020E-006  3.644399415238094E-006  3.580225216467594E-006
   6420.00089942223       4.107677371262600E-006  4.085199845307409E-006  4.061189451284625E-006  4.035334032409796E-006  4.007074733506029E-006  3.975963070354944E-006  3.940669864883948E-006  3.920882729726993E-006  3.899121905138910E-006  3.874759741457400E-006  3.858439316059696E-006  3.846653663856667E-006  3.827250144888999E-006  3.812826555340501E-006  3.788078483414599E-006  3.768640852942877E-006  3.757679851615372E-006  3.745628938876863E-006  3.732198761454713E-006  3.716952761627076E-006  3.699222060031347E-006  3.650780872394865E-006  3.613145264082307E-006  3.549647714555629E-006
   6460.00090502610       4.058266775580896E-006  4.036201006996207E-006  4.012479082560180E-006  3.986982480219994E-006  3.959315403854693E-006  3.928690536752316E-006  3.893941345334484E-006  3.874503880308746E-006  3.853086820021357E-006  3.829082756450429E-006  3.813027899162135E-006  3.801436639810699E-006  3.782309450162614E-006  3.768098496709661E-006  3.743715778507940E-006  3.724552495626439E-006  3.713743096451380E-006  3.701859284300546E-006  3.688610874501090E-006  3.673568267343513E-006  3.656070407961438E-006  3.608248615173125E-006  3.571082405655315E-006  3.508363936848877E-006
   6500.00091062998       4.009703183128791E-006  3.987940025625183E-006  3.964507359489882E-006  3.939482654435389E-006  3.912306975818967E-006  3.882251358939986E-006  3.848106084215679E-006  3.828921895957440E-006  3.807875867742365E-006  3.784245015486896E-006  3.768442356958419E-006  3.757022512116774E-006  3.738194293377594E-006  3.724192681516406E-006  3.700161564531817E-006  3.681267051403136E-006  3.670602975677509E-006  3.658877489795553E-006  3.645803663322372E-006  3.630955301162081E-006  3.613677639379923E-006  3.566437479393108E-006  3.529709560349609E-006  3.467722186166454E-006
   6540.00091623386       3.963325844784701E-006  3.941755160942261E-006  3.918866932819740E-006  3.894195330755394E-006  3.867392242397391E-006  3.837697391171830E-006  3.804076578437404E-006  3.785199804257386E-006  3.764476220918261E-006  3.741214448412733E-006  3.725637434243283E-006  3.714384389845529E-006  3.695830288138536E-006  3.682035863629079E-006  3.658350523512318E-006  3.639727692854168E-006  3.629217367067968E-006  3.617660407732284E-006  3.604774564475787E-006  3.590139975452044E-006  3.573109360319396E-006  3.526546194857675E-006  3.490347945238718E-006  3.429262464626241E-006
   6580.00092183773       3.915795008566178E-006  3.894670878461403E-006  3.872063521187985E-006  3.847980176725775E-006  3.821668945032179E-006  3.792550355843110E-006  3.759536410680124E-006  3.740974313335601E-006  3.720571902574631E-006  3.697706582053750E-006  3.682394078353371E-006  3.671322646569325E-006  3.653067114298661E-006  3.639480716808733E-006  3.616142256081893E-006  3.597783300242897E-006  3.587420749474415E-006  3.576021487736017E-006  3.563305693993933E-006  3.548858877977071E-006  3.532042699879920E-006  3.486034903184491E-006  3.450244356882018E-006  3.389818536500374E-006
   6620.00092744161       3.869490389235006E-006  3.848802427822353E-006  3.826638417951935E-006  3.803009943308851E-006  3.777157888387690E-006  3.748506396426239E-006  3.716054511671742E-006  3.697841573147363E-006  3.677769799554339E-006  3.655271474222436E-006  3.640201366420894E-006  3.629306136935609E-006  3.611319644708905E-006  3.597936959424423E-006  3.574947893755527E-006  3.556852308152949E-006  3.546635165282321E-006  3.535393528432527E-006  3.522850934416888E-006  3.508600732572882E-006  3.492008338468804E-006  3.446597670061249E-006  3.411262559696250E-006  3.351600039589962E-006
   6660.00093304549       3.823850453507405E-006  3.803493774757737E-006  3.781929914350603E-006  3.758693245917479E-006  3.733463581230594E-006  3.705319539330428E-006  3.673447055942139E-006  3.655572214778233E-006  3.635837541303198E-006  3.613730759678844E-006  3.598909867071727E-006  3.588188367449091E-006  3.570501169024853E-006  3.557332888310034E-006  3.534690463313675E-006  3.516870337012269E-006  3.506805995838612E-006  3.495729630887439E-006  3.483368290813311E-006  3.469322808297779E-006  3.452964820032787E-006  3.408184041184322E-006  3.373332146443029E-006  3.314482003282225E-006
   6700.00093864936       3.776541590600194E-006  3.756893689418680E-006  3.735868646900581E-006  3.713349121587106E-006  3.688770554505817E-006  3.661457482308608E-006  3.630448326071794E-006  3.612975827507863E-006  3.593693990862392E-006  3.572061463173867E-006  3.557534522974646E-006  3.547023904709401E-006  3.529684410831027E-006  3.516760478453960E-006  3.494524838710031E-006  3.477006049289728E-006  3.467107066116994E-006  3.456208794876154E-006  3.444042846012781E-006  3.430213050022966E-006  3.414099658876059E-006  3.369963039929305E-006  3.335595938512275E-006  3.277550895769218E-006
   6740.00094425324       3.707528542864082E-006  3.690308531545033E-006  3.671577061808535E-006  3.651447733912001E-006  3.629293050980066E-006  3.604638920143475E-006  3.576360987632387E-006  3.560351637913157E-006  3.542605237812306E-006  3.522543101071502E-006  3.509022050639744E-006  3.499189738665225E-006  3.482894701400096E-006  3.470697401197300E-006  3.449596951706624E-006  3.432882944937238E-006  3.423404429625362E-006  3.412940185284091E-006  3.401229037381759E-006  3.387878743309340E-006  3.372280491065592E-006  3.329352294411349E-006  3.295770007375738E-006  3.238843661224027E-006
   6780.00094985712       3.589228611706014E-006  3.573972713106099E-006  3.557813178184361E-006  3.540434396244409E-006  3.521261998108646E-006  3.499930160418339E-006  3.475410372532052E-006  3.461474462965545E-006  3.445993524255915E-006  3.428419334671364E-006  3.416501506782384E-006  3.407797859453117E-006  3.393303773132115E-006  3.382401559468064E-006  3.363445420030949E-006  3.348340752679212E-006  3.339743744199676E-006  3.330235173422845E-006  3.319568658110559E-006  3.307385726753409E-006  3.293128743566553E-006  3.253831364676102E-006  3.223092313602516E-006  3.171058410395429E-006
   6820.00095546099       3.640487924079703E-006  3.622540323454849E-006  3.603343788474696E-006  3.582581310673414E-006  3.559905304907817E-006  3.534605328309017E-006  3.505692374449153E-006  3.489326539606288E-006  3.471251686919262E-006  3.450900335381179E-006  3.437207673564413E-006  3.427277962970636E-006  3.410846595830369E-006  3.398571316289420E-006  3.377408468730592E-006  3.360686279678923E-006  3.351219938437685E-006  3.340782831778954E-006  3.329117860228974E-006  3.315838548617214E-006  3.300344909958259E-006  3.257810149509459E-006  3.224624564948869E-006  3.168519150257787E-006
   6860.00096106487       3.608028276381369E-006  3.589507796622323E-006  3.569813242942362E-006  3.548631382662757E-006  3.525489719215541E-006  3.499790150026618E-006  3.470549464569067E-006  3.454090322065085E-006  3.435951119814281E-006  3.415554517590839E-006  3.401868198838716E-006  3.391958987309971E-006  3.375587966788990E-006  3.363385747810090E-006  3.342363018204919E-006  3.325781588737914E-006  3.316405644684672E-006  3.306077793116875E-006  3.294540543115038E-006  3.281415904938283E-006  3.266115219852231E-006  3.224156842527599E-006  3.191453711824450E-006  3.136188263712709E-006
   6900.00096666875       3.568401764738028E-006  3.549976641435571E-006  3.530417234835359E-006  3.509410463842905E-006  3.486447114701703E-006  3.461112572899578E-006  3.432225901086019E-006  3.415945266952127E-006  3.398051073758256E-006  3.377908102062088E-006  3.364394939150981E-006  3.354615528077991E-006  3.338451589312538E-006  3.326402263075991E-006  3.305648335579995E-006  3.289271386007661E-006  3.280007549701611E-006  3.269802157126603E-006  3.258401265636853E-006  3.245428399471620E-006  3.230301730962473E-006  3.188806071253744E-006  3.156453073791219E-006  3.101771579754441E-006
   6940.00097227262       3.527788188046955E-006  3.509627463714247E-006  3.490465265916870E-006  3.469676854723372E-006  3.447033780717883E-006  3.421892078818390E-006  3.393320794510702E-006  3.377259224692190E-006  3.359531150019078E-006  3.339593180853868E-006  3.326206185146684E-006  3.316521725568910E-006  3.300500349444283E-006  3.288553042773352E-006  3.267964299455345E-006  3.251710261970928E-006  3.242512236444851E-006  3.232375900159079E-006  3.221048370499560E-006  3.208155291982095E-006  3.193116618748367E-006  3.151845775518558E-006  3.119664994808248E-006  3.065302016837470E-006
   6980.00097787650       3.489459979319927E-006  3.471876137838991E-006  3.452851772072966E-006  3.432369773208237E-006  3.410096557954393E-006  3.385417285712296E-006  3.357377322316875E-006  3.341586666590592E-006  3.324168305252112E-006  3.304596810212213E-006  3.291453171103112E-006  3.281943191107051E-006  3.266221774103812E-006  3.254495218320633E-006  3.234285721913801E-006  3.218335099258344E-006  3.209308761929043E-006  3.199365126959027E-006  3.188252037989332E-006  3.175604179655641E-006  3.160853243987609E-006  3.120376465962419E-006  3.088813114253638E-006  3.035468183822396E-006
   7020.00098348038       3.451249983558115E-006  3.433775730304504E-006  3.414967825671336E-006  3.394893021926352E-006  3.373050815180851E-006  3.348715552950456E-006  3.321101766951274E-006  3.305575461543397E-006  3.288433454300126E-006  3.269160559312850E-006  3.256218655452737E-006  3.246841326125973E-006  3.231341649096346E-006  3.219776412811331E-006  3.199843500381065E-006  3.184098662727108E-006  3.175187439745271E-006  3.165365710038859E-006  3.154388898927730E-006  3.141892652541834E-006  3.127314326620727E-006  3.087293765058958E-006  3.056072590444601E-006  3.003293481179736E-006
   7060.00098908425       3.412791097413435E-006  3.395466008134524E-006  3.377113005099038E-006  3.357331716002788E-006  3.335723638378329E-006  3.311829145628941E-006  3.284594621189952E-006  3.269283454460365E-006  3.252374342270042E-006  3.233379221966449E-006  3.220621990008893E-006  3.211379854883378E-006  3.196097083287089E-006  3.184693948394118E-006  3.165029720474591E-006  3.149498616769273E-006  3.140708157427697E-006  3.131019121512617E-006  3.120188887728754E-006  3.107858697794485E-006  3.093472316275712E-006  3.053977434857460E-006  3.023166387035453E-006  2.971082701756673E-006
   7100.00099468813       3.375076143435807E-006  3.358045101935032E-006  3.339910069285859E-006  3.320352889396556E-006  3.299000885049835E-006  3.275323744966778E-006  3.248390802260936E-006  3.233218698979363E-006  3.216461745928555E-006  3.197635416121692E-006  3.184973329980687E-006  3.175793635091029E-006  3.160608995787056E-006  3.149275470002697E-006  3.129731342997435E-006  3.114282126353916E-006  3.105532196981550E-006  3.095884830629141E-006  3.085098379365635E-006  3.072814441317910E-006  3.058476030314903E-006  3.019095979987066E-006  2.988370932314952E-006  2.936467790040329E-006
   7140.00100029201       3.339388163049605E-006  3.322663506949778E-006  3.304790147398357E-006  3.285626287055230E-006  3.264760471253040E-006  3.241559523273436E-006  3.215178228232816E-006  3.200301775669622E-006  3.183898019019499E-006  3.165442254510291E-006  3.153049739813896E-006  3.144059750332430E-006  3.129190658320141E-006  3.118086116501949E-006  3.098939255508334E-006  3.083805713475264E-006  3.075235837300210E-006  3.065785858584812E-006  3.055218943955147E-006  3.043185428944807E-006  3.029139936406595E-006  2.990556072865895E-006  2.960438505184450E-006  2.909510574487447E-006
   7180.00100589589       3.303380162440296E-006  3.286995837782200E-006  3.269383560765822E-006  3.250640183508612E-006  3.230019403497029E-006  3.207209507788618E-006  3.181183407202616E-006  3.166551479724925E-006  3.150371583927198E-006  3.132165625091936E-006  3.119941306037729E-006  3.111065803213766E-006  3.096380399272756E-006  3.085419984551486E-006  3.066502346717867E-006  3.051546372575305E-006  3.043074935748339E-006  3.033732164190654E-006  3.023284735343512E-006  3.011383143307686E-006  2.997490213669997E-006  2.959316094226889E-006  2.929514139547720E-006  2.879120995838022E-006
   7220.00101149976       3.265105045143565E-006  3.249025074274153E-006  3.232008607106997E-006  3.213547672211867E-006  3.193334272649493E-006  3.170943659454433E-006  3.145470613695174E-006  3.131109529736881E-006  3.115251128303407E-006  3.097385294886921E-006  3.085368735736737E-006  3.076644449919782E-006  3.062218076036528E-006  3.051437423234709E-006  3.032814712392161E-006  3.018081458864449E-006  3.009730714733626E-006  3.000519867634421E-006  2.990214110391398E-006  2.978471916261809E-006  2.964758743981769E-006  2.927056430360205E-006  2.897608230390484E-006  2.847802406303909E-006
   7260.00101710364       3.228727021438834E-006  3.212791120404778E-006  3.195818276625999E-006  3.177572316897124E-006  3.157643003355116E-006  3.135473394859601E-006  3.110191978205064E-006  3.095937988111725E-006  3.080183152672873E-006  3.062452054923591E-006  3.050517912604539E-006  3.041847486470956E-006  3.027491279348940E-006  3.016763927476909E-006  2.998221898080592E-006  2.983542763293108E-006  2.975218364320248E-006  2.966032746373037E-006  2.955752876633018E-006  2.944033199703222E-006  2.930342034131659E-006  2.892685655646032E-006  2.863274573631603E-006  2.813582002559530E-006
   7300.00102270752       3.196127077468936E-006  3.180637898403396E-006  3.163915400247468E-006  3.146000428392411E-006  3.126434745509097E-006  3.104704145826412E-006  3.079939961393100E-006  3.065988830132948E-006  3.050576391317629E-006  3.033192313754798E-006  3.021506100988573E-006  3.013021812146098E-006  2.998978273269168E-006  2.988485829159226E-006  2.970358889571742E-006  2.956013456008021E-006  2.947882663351615E-006  2.938911754642959E-006  2.928875653548931E-006  2.917439195823086E-006  2.904082104526490E-006  2.867361647085869E-006  2.838685088744635E-006  2.790193334156010E-006
   7340.00102831139       3.162400446265398E-006  3.147234205606263E-006  3.130996928892755E-006  3.113443296741108E-006  3.094378117373285E-006  3.073026135385408E-006  3.048693986402591E-006  3.034978497542937E-006  3.019795168996729E-006  3.002677055585662E-006  2.991158010630557E-006  2.982796476021449E-006  2.968940708099664E-006  2.958582545373672E-006  2.940675586177387E-006  2.926495222074902E-006  2.918454653066894E-006  2.909581339352316E-006  2.899650057382759E-006  2.888327744623779E-006  2.875100795150457E-006  2.838710673682751E-006  2.810271101138159E-006  2.762157163360798E-006
   7380.00103391527       3.126146839489837E-006  3.111590696634922E-006  3.095865752280723E-006  3.078884599359391E-006  3.060272122926191E-006  3.039537728678822E-006  3.015843469116550E-006  3.002428848716140E-006  2.987584262539701E-006  2.970821991829974E-006  2.959526138363687E-006  2.951320109308593E-006  2.937712551337014E-006  2.927528817784809E-006  2.909912902697020E-006  2.895951655016201E-006  2.888032395413986E-006  2.879287042722848E-006  2.869495640167183E-006  2.858328152929440E-006  2.845277635586372E-006  2.809352125542955E-006  2.781261781333478E-006  2.733725538210683E-006
   7420.00103951915       3.078401722770278E-006  3.065283240675983E-006  3.051016597652564E-006  3.035596086121098E-006  3.018543338758126E-006  2.999405693716007E-006  2.977360028043455E-006  2.964776697253557E-006  2.950796214672283E-006  2.934922123911163E-006  2.924173484679640E-006  2.916338121903229E-006  2.903309229199134E-006  2.893526263476129E-006  2.876541376974373E-006  2.863030888575603E-006  2.855346264106784E-006  2.846848762498645E-006  2.837318998145002E-006  2.826433251210426E-006  2.813689380173894E-006  2.778516105919892E-006  2.750946989284832E-006  2.704212021353897E-006
   7460.00104512302       2.926430505130319E-006  2.918606712766829E-006  2.910073918432247E-006  2.900528110813387E-006  2.889740938437524E-006  2.877300411673200E-006  2.862486380790648E-006  2.853806034201562E-006  2.843955371507184E-006  2.832482712464888E-006  2.824555724441117E-006  2.818691079808411E-006  2.808784894695388E-006  2.801228724251119E-006  2.787862868590865E-006  2.777028603286421E-006  2.770796364983736E-006  2.763847337941163E-006  2.755987624290460E-006  2.746930218826476E-006  2.736230299986172E-006  2.706242433947527E-006  2.682350671075999E-006  2.641175061860374E-006
   7500.00105072690       2.867336330818316E-006  2.859690080976430E-006  2.851253423389255E-006  2.841900931640451E-006  2.831391758067568E-006  2.819241548515775E-006  2.804710342244215E-006  2.796204053937055E-006  2.786519901121696E-006  2.775236609802929E-006  2.767422177067435E-006  2.761642412672935E-006  2.751873852392695E-006  2.744416299550281E-006  2.731229959642207E-006  2.720552605026378E-006  2.714411766210226E-006  2.707572013593846E-006  2.699844762748863E-006  2.690953778769740E-006  2.680471620416622E-006  2.651250786120712E-006  2.628158330377088E-006  2.588793735246239E-006
   7540.00105633078       2.964596883741200E-006  2.953310920473244E-006  2.941048703689299E-006  2.927663889350594E-006  2.912875516863619E-006  2.896101892243368E-006  2.876573437740240E-006  2.865385805810856E-006  2.852867803308857E-006  2.838559703121058E-006  2.828815704269937E-006  2.821688804627018E-006  2.809783114116194E-006  2.800794363405673E-006  2.785109982626906E-006  2.772562692852807E-006  2.765402362578906E-006  2.757462366640240E-006  2.748536629638228E-006  2.738312598751582E-006  2.726310180931666E-006  2.693032040917913E-006  2.666828749698021E-006  2.622240259115939E-006
   7580.00106193465       2.962983825813800E-006  2.949706719594101E-006  2.935518061819188E-006  2.920152310152098E-006  2.903211723610442E-006  2.884254228384346E-006  2.862493772770074E-006  2.850150434355939E-006  2.836477796596004E-006  2.820979988439303E-006  2.810504795460632E-006  2.802887635962226E-006  2.790234805269292E-006  2.780750292472947E-006  2.764298047698985E-006  2.751230561030939E-006  2.743804694840056E-006  2.735598579881645E-006  2.726399636208869E-006  2.715896917332090E-006  2.703609148771618E-006  2.669725701763625E-006  2.643196024803131E-006  2.598272394179684E-006
   7620.00106753853       2.937459314201721E-006  2.924049573515161E-006  2.909619410998116E-006  2.893996699442399E-006  2.876820680690626E-006  2.857697829083650E-006  2.835827933563512E-006  2.823445705959371E-006  2.809749665897625E-006  2.794254873757792E-006  2.783789963491889E-006  2.776193316048536E-006  2.763579308445268E-006  2.754129407054466E-006  2.737756345582146E-006  2.724762256419261E-006  2.717381459679384E-006  2.709226951444192E-006  2.700089566655441E-006  2.689660525964411E-006  2.677462989741043E-006  2.643847676192286E-006  2.617542738221303E-006  2.573023127152451E-006
   7660.00107314241       2.908893845387818E-006  2.895475152071816E-006  2.881060419296901E-006  2.865522579400760E-006  2.848493041582307E-006  2.829567551725989E-006  2.807902460152564E-006  2.795654008164761E-006  2.782074409579438E-006  2.766735648747663E-006  2.756382729699409E-006  2.748858503592069E-006  2.736367505319284E-006  2.727013760523719E-006  2.710805983875867E-006  2.697943916922775E-006  2.690636928982735E-006  2.682564844415874E-006  2.673519223696370E-006  2.663194406066411E-006  2.651118460389433E-006  2.617837995358749E-006  2.591796395306681E-006  2.547729551999843E-006
   7700.00107874628       2.879587886495564E-006  2.866353543827773E-006  2.852107378004957E-006  2.836750816167981E-006  2.819962926176374E-006  2.801290745680589E-006  2.779888288543396E-006  2.767780167412704E-006  2.754385768500449E-006  2.739232437110732E-006  2.729011477309184E-006  2.721587224453833E-006  2.709252936199898E-006  2.700016360269736E-006  2.684003747623373E-006  2.671293896984176E-006  2.664073810635279E-006  2.656095071224735E-006  2.647153554659275E-006  2.636947627053260E-006  2.625008650265353E-006  2.592100361442249E-006  2.566347453786698E-006  2.522768065061746E-006
   7740.00108435016       2.848683040041851E-006  2.835625588734270E-006  2.821650491359662E-006  2.806687142243149E-006  2.790196329857506E-006  2.771861886322911E-006  2.750890262039154E-006  2.739036006162845E-006  2.725896711479967E-006  2.711041843599094E-006  2.701021967317071E-006  2.693730895590925E-006  2.681625998197674E-006  2.672557814607659E-006  2.656831364538725E-006  2.644339361082485E-006  2.637239047547735E-006  2.629392500894163E-006  2.620595810011451E-006  2.610551869443681E-006  2.598798107025893E-006  2.566381530204148E-006  2.540996811141434E-006  2.498012480964785E-006
   7780.00108995404       2.813109001505177E-006  2.800050474914650E-006  2.786134202565298E-006  2.771094098271180E-006  2.754667493491729E-006  2.736347401207963E-006  2.715386517343713E-006  2.703527013085506E-006  2.690371561330943E-006  2.675508049390547E-006  2.665460942890009E-006  2.658151580665993E-006  2.646000778714320E-006  2.636888496478839E-006  2.621072526875704E-006  2.608499382038406E-006  2.601350524898653E-006  2.593447704437622E-006  2.584587405789023E-006  2.574469624679817E-006  2.562633858724185E-006  2.530038090848469E-006  2.504595463614457E-006  2.461756863800534E-006
   7820.00109555791       2.792374884787746E-006  2.779592422940553E-006  2.766005943926402E-006  2.751387336961414E-006  2.735347901895417E-006  2.717497699528330E-006  2.697065560290434E-006  2.685510116811177E-006  2.672701360453228E-006  2.658223579209164E-006  2.648451565661866E-006  2.641338962140335E-006  2.629533051271515E-006  2.620678899039164E-006  2.605322435929528E-006  2.593119813537399E-006  2.586182287338467E-006  2.578513481888649E-006  2.569914214436441E-006  2.560092940984200E-006  2.548597946194206E-006  2.516884831355222E-006  2.492044131863261E-006  2.449976191788564E-006
   7860.00110116179       2.767178984096197E-006  2.754550715366038E-006  2.741074435187510E-006  2.726501887598572E-006  2.710566775089081E-006  2.692825092721316E-006  2.672516726470031E-006  2.661003415717281E-006  2.648260275929368E-006  2.633851575886502E-006  2.624118791284938E-006  2.617040439244289E-006  2.605289589912701E-006  2.596475919317432E-006  2.581195094126240E-006  2.569054394443479E-006  2.562153258145113E-006  2.554525841290158E-006  2.545974377694129E-006  2.536208335627561E-006  2.524780044283022E-006  2.493260677952514E-006  2.468583670062007E-006  2.426818168001310E-006
   7900.00110676567       2.740505473156018E-006  2.728023065898050E-006  2.714714818721600E-006  2.700302273062821E-006  2.684555094534949E-006  2.666951567455092E-006  2.646843598113933E-006  2.635470508096255E-006  2.622859025733794E-006  2.608602725582920E-006  2.598974079103729E-006  2.591971042133086E-006  2.580342600752861E-006  2.571624373460612E-006  2.556497086664373E-006  2.544479132366248E-006  2.537649292862902E-006  2.530098141291794E-006  2.521632289577852E-006  2.511964165698029E-006  2.500649736913563E-006  2.469443447716834E-006  2.445011539996183E-006  2.403664773113514E-006
   7940.00111236954       2.713758317254273E-006  2.701462052283750E-006  2.688286522286506E-006  2.674064814009028E-006  2.658503160645912E-006  2.641143996417342E-006  2.621284643417737E-006  2.610053617919170E-006  2.597586378145849E-006  2.583497421151492E-006  2.573983599290540E-006  2.567060711916854E-006  2.555564131321689E-006  2.546943270504765E-006  2.531988068046884E-006  2.520102306492513E-006  2.513344827169300E-006  2.505874563859287E-006  2.497498412702500E-006  2.487931608790991E-006  2.476734675376659E-006  2.445848733750356E-006  2.421665678913568E-006  2.380740178019795E-006
   7980.00111797342       2.687178995480369E-006  2.675082684662169E-006  2.662105031289388E-006  2.648011309827625E-006  2.632708341064785E-006  2.615571522337714E-006  2.595979109856359E-006  2.584888496097582E-006  2.572591908300103E-006  2.558680379998176E-006  2.549280855166335E-006  2.542445598354834E-006  2.531084882388028E-006  2.522568475001312E-006  2.507783274779484E-006  2.496031484002743E-006  2.489350091272584E-006  2.481961410532457E-006  2.473676511075347E-006  2.464212247667785E-006  2.453134171422219E-006  2.422570550478564E-006  2.398636724231621E-006  2.358131185335114E-006
   8020.00112357730       2.660871282884003E-006  2.648890752244600E-006  2.636123708934144E-006  2.622296213980829E-006  2.607152436768445E-006  2.590291006317222E-006  2.570964109392950E-006  2.560002770060029E-006  2.547869171256307E-006  2.534134615508651E-006  2.524857791227210E-006  2.518104453634510E-006  2.506886233355943E-006  2.498468033046939E-006  2.483856243738451E-006  2.472238174955951E-006  2.465631710594564E-006  2.458324765147407E-006  2.450130114463699E-006  2.440767667813441E-006  2.429806918024153E-006  2.399560417529510E-006  2.375870595953660E-006  2.335774682306604E-006
   8060.00112918117       2.634729033860579E-006  2.622959764117457E-006  2.610351302300964E-006  2.596753084641723E-006  2.581869560726038E-006  2.565260635815034E-006  2.546228993752543E-006  2.535430568998429E-006  2.523466513115197E-006  2.509927399550816E-006  2.500776276056585E-006  2.494113637914355E-006  2.483038942186897E-006  2.474729863043042E-006  2.460300148531007E-006  2.448821866165718E-006  2.442293203838028E-006  2.435071389614037E-006  2.426970710072781E-006  2.417715003967598E-006  2.406876972257658E-006  2.376961107980621E-006  2.353524652546743E-006  2.313850464447850E-006
   8100.00113478505       2.607793021888703E-006  2.596307932508361E-006  2.583990362163517E-006  2.570710275760831E-006  2.556097462836449E-006  2.539865838447003E-006  2.521226919954036E-006  2.510656436200731E-006  2.498937851601950E-006  2.485641059576081E-006  2.476659132976273E-006  2.470112429094010E-006  2.459226428025178E-006  2.451053142859438E-006  2.436850629946366E-006  2.425545970816385E-006  2.419111752247414E-006  2.411992773174514E-006  2.404004369419134E-006  2.394872955170800E-006  2.384177756481048E-006  2.354638749785940E-006  2.331484969213002E-006  2.292274921396772E-006
   8140.00114038893       2.570764574547296E-006  2.559393218399545E-006  2.547203195674280E-006  2.534043050030416E-006  2.519636879151333E-006  2.503517403093268E-006  2.485044108366866E-006  2.474565864760537E-006  2.462926631804120E-006  2.449711928138629E-006  2.440758168445141E-006  2.434230572225782E-006  2.423357974612847E-006  2.415181559277498E-006  2.400948016946311E-006  2.389598603242168E-006  2.383133495310007E-006  2.375976370003771E-006  2.367941639942596E-006  2.358757159134614E-006  2.348000843504056E-006  2.318342234158282E-006  2.295190842355007E-006  2.256277073017554E-006
   8180.00114599281       2.551103042590328E-006  2.540058107693628E-006  2.528180423878368E-006  2.515305789910137E-006  2.501269943811235E-006  2.485604131508329E-006  2.467684123297840E-006  2.457501495299091E-006  2.446217388404568E-006  2.433425008440125E-006  2.424772321723177E-006  2.418464033209706E-006  2.407971070476456E-006  2.400086795998155E-006  2.386386207992208E-006  2.375471735829566E-006  2.369260062250947E-006  2.362385036840540E-006  2.354668829554238E-006  2.345850061129248E-006  2.335519526903510E-006  2.306995816384294E-006  2.284647273875889E-006  2.246811478631503E-006
   8220.00115159668       2.534701860624415E-006  2.523641069999698E-006  2.511758278816736E-006  2.498987899937489E-006  2.484901964657309E-006  2.469200877152659E-006  2.451210103731915E-006  2.440999221940996E-006  2.429663016173533E-006  2.416825244504634E-006  2.408129094574626E-006  2.401796474024009E-006  2.391257101373871E-006  2.383340248062140E-006  2.369575382415833E-006  2.358613915503149E-006  2.352375029934856E-006  2.345469077790246E-006  2.337717431253562E-006  2.328855868975635E-006  2.318473473449505E-006  2.289790272092053E-006  2.267303862591796E-006  2.229227391714234E-006
   8260.00115720056       2.512008178708652E-006  2.501042386774092E-006  2.489194821968624E-006  2.476463327215406E-006  2.462491337290291E-006  2.446900417659309E-006  2.429019550797727E-006  2.418882388687262E-006  2.407625467561389E-006  2.394870418115618E-006  2.386238535659210E-006  2.379951549388351E-006  2.369492959637351E-006  2.361637917659023E-006  2.347984502276081E-006  2.337112627416296E-006  2.330924792013621E-006  2.324076894480632E-006  2.316391119264835E-006  2.307605247934868E-006  2.297312745129558E-006  2.268882885471600E-006  2.246600498506185E-006  2.208880070870389E-006
   8300.00116280444       2.488657952632765E-006  2.477770452830113E-006  2.466152710792425E-006  2.453526270789463E-006  2.439699157224048E-006  2.424279702904245E-006  2.406595784090826E-006  2.396564294390630E-006  2.385428384564712E-006  2.372806374459423E-006  2.364268206326051E-006  2.358044226132942E-006  2.347694950531461E-006  2.339917117213755E-006  2.326398015485969E-006  2.315630335200181E-006  2.309500657182107E-006  2.302716513993106E-006  2.295101771428826E-006  2.286396105274048E-006  2.276196941807910E-006  2.248020154254439E-006  2.225933597499165E-006  2.188544616378813E-006
   8340.00116840831       2.464781088304124E-006  2.454037725867402E-006  2.442557167986797E-006  2.430118024064566E-006  2.416479042830094E-006  2.401263596129342E-006  2.383826438268469E-006  2.373926762401309E-006  2.362927877533696E-006  2.350471706936978E-006  2.342034309542822E-006  2.335885854407127E-006  2.325655130958067E-006  2.317968226022954E-006  2.304601522876411E-006  2.293950418459097E-006  2.287885817204726E-006  2.281174602178764E-006  2.273638938739267E-006  2.265023005136278E-006  2.254928289082902E-006  2.227036705080780E-006  2.205174329935130E-006  2.168172286537097E-006
   8380.00117401219       2.441516163095519E-006  2.430910586060106E-006  2.419633598287833E-006  2.407351846065922E-006  2.393919427682291E-006  2.378891813042788E-006  2.361674442463975E-006  2.351893315082731E-006  2.341029177641500E-006  2.328712796971553E-006  2.320369518375782E-006  2.314292045456757E-006  2.304171788984730E-006  2.296566609334826E-006  2.283335496486851E-006  2.272791390216879E-006  2.266785392330491E-006  2.260137628797665E-006  2.252672841426222E-006  2.244136217815801E-006  2.234132442518087E-006  2.206484675882931E-006  2.184807799810022E-006  2.148113536822697E-006
   8420.00117961607       2.419483882616240E-006  2.409038085342505E-006  2.397835069284570E-006  2.385680537727199E-006  2.372384029771239E-006  2.357556295565047E-006  2.340525235264750E-006  2.330855297958832E-006  2.320116196189003E-006  2.307933340923294E-006  2.299688435799402E-006  2.293673022463933E-006  2.283664399836520E-006  2.276140123770096E-006  2.263055060559235E-006  2.252624636063862E-006  2.246683123226341E-006  2.240107428883817E-006  2.232724386606531E-006  2.224280542692980E-006  2.214385466492003E-006  2.187039855118214E-006  2.165602155560860E-006  2.129317896974550E-006
   8460.00118521994       2.397615384969942E-006  2.387280095462917E-006  2.376143598849815E-006  2.364209997412738E-006  2.351103850349125E-006  2.336423586604427E-006  2.319582554770228E-006  2.310027643110575E-006  2.299406643074027E-006  2.287359582481279E-006  2.279197598169009E-006  2.273253067279837E-006  2.263352753908844E-006  2.255906731476761E-006  2.242957831990107E-006  2.232635159506309E-006  2.226755751603943E-006  2.220247321145638E-006  2.212938952193634E-006  2.204580569107337E-006  2.194785436031510E-006  2.167714336717863E-006  2.146491317927025E-006  2.110569744128114E-006
   8500.00119082382       2.375582115524217E-006  2.365380878980922E-006  2.354475331511516E-006  2.342644421265292E-006  2.329703501188072E-006  2.315213377069393E-006  2.298584881739984E-006  2.289138229131154E-006  2.278647911020394E-006  2.266745810547552E-006  2.258677666526838E-006  2.252796586937547E-006  2.243003954892203E-006  2.235639982349586E-006  2.222828840531255E-006  2.212611667240779E-006  2.206790879509429E-006  2.200346884830975E-006  2.193109431527451E-006  2.184831476213557E-006  2.175129179392485E-006  2.148307832821585E-006  2.127275333268565E-006  2.091669355693386E-006
   8540.00119642770       2.353447972134804E-006  2.343399119690240E-006  2.332610640648246E-006  2.320978954660321E-006  2.308256857175616E-006  2.293995656409689E-006  2.277604825276951E-006  2.268302972044902E-006  2.257941927118480E-006  2.246193009443222E-006  2.238232529898224E-006  2.232432406809758E-006  2.222763593358904E-006  2.215492201112036E-006  2.202836688453449E-006  2.192740771815205E-006  2.186988781738445E-006  2.180620526238487E-006  2.173467025339674E-006  2.165284650345394E-006  2.155693542429669E-006  2.129177512146949E-006  2.108383082042155E-006  2.073178504708892E-006
   8580.00120203157       2.331037370063408E-006  2.321215103073645E-006  2.310703770252978E-006  2.299282984360052E-006  2.286780655421761E-006  2.272772343864330E-006  2.256660970896967E-006  2.247502338385791E-006  2.237312393698554E-006  2.225728313639008E-006  2.217879933892438E-006  2.212151070436870E-006  2.202604847146283E-006  2.195419856425943E-006  2.182908885400549E-006  2.172923002723088E-006  2.167231134211089E-006  2.160926761263164E-006  2.153844378509773E-006  2.145740200233451E-006  2.136237460253261E-006  2.109953472552832E-006  2.089332227732506E-006  2.054412511325988E-006
   8620.00120763545       2.305446584851114E-006  2.296035269454296E-006  2.285899704249767E-006  2.274951252158816E-006  2.262895352223784E-006  2.249402165795713E-006  2.233840837540636E-006  2.224977520414859E-006  2.215116047097430E-006  2.203888492638899E-006  2.196264563686620E-006  2.190693075131049E-006  2.181401787838863E-006  2.174402978273817E-006  2.162193153027327E-006  2.152433565779095E-006  2.146865032393130E-006  2.140693708105249E-006  2.133754943534269E-006  2.125810276140569E-006  2.116487805995476E-006  2.090672297183717E-006  2.070395044897572E-006  2.036024941537371E-006
   8660.00121323933       2.262813940630380E-006  2.253536710454988E-006  2.243552957824378E-006  2.232724242545861E-006  2.220832322654190E-006  2.207511217976665E-006  2.192143510507017E-006  2.183379484802835E-006  2.173615587615148E-006  2.162477805296419E-006  2.154901233540665E-006  2.149367437136338E-006  2.140121184435526E-006  2.133148840086669E-006  2.120986818175914E-006  2.111268405701780E-006  2.105727723253946E-006  2.099592650576433E-006  2.092704238970482E-006  2.084832228709505E-006  2.075620515688985E-006  2.050289796924935E-006  2.030607461498993E-006  1.997703563856586E-006
   8700.00121884320       2.257775576235049E-006  2.249042946289962E-006  2.239640302702205E-006  2.229405626898381E-006  2.218124782101194E-006  2.205428091723922E-006  2.190747418449699E-006  2.182352194282938E-006  2.172973312340627E-006  2.162273640587592E-006  2.154988731899719E-006  2.149661227956487E-006  2.140751503166103E-006  2.134026537947249E-006  2.122276138799617E-006  2.112864831077646E-006  2.107487722409567E-006  2.101523861800858E-006  2.094812082371413E-006  2.087119731895739E-006  2.078085264380070E-006  2.053023538206535E-006  2.033302143961111E-006  1.999814704055372E-006
   8740.00122444708       2.196332089642518E-006  2.189559049218638E-006  2.182060264613222E-006  2.173886333320474E-006  2.164775185218889E-006  2.154373570813221E-006  2.142103113616936E-006  2.134999815738666E-006  2.126974567511866E-006  2.117709685387104E-006  2.111336377823024E-006  2.106645065392526E-006  2.098747466133082E-006  2.092744210024291E-006  2.082180551157517E-006  2.073656590049058E-006  2.068766910986665E-006  2.063327591893832E-006  2.057188377575204E-006  2.050132749708060E-006  2.041821525303971E-006  2.018666711118030E-006  2.000369512539088E-006  1.969185730913464E-006
   8780.00123005096       2.177088600019612E-006  2.170342839024925E-006  2.162973921355214E-006  2.154865425043485E-006  2.145795255548258E-006  2.135473515804694E-006  2.123309541987563E-006  2.116264309742457E-006  2.108309724092677E-006  2.099119025361154E-006  2.092802874921045E-006  2.088154372105153E-006  2.080329001517213E-006  2.074382652333325E-006  2.063920000283814E-006  2.055480140080415E-006  2.050639368367939E-006  2.045254744099645E-006  2.039178326855465E-006  2.032195135934591E-006  2.023971093034454E-006  2.001062520221628E-006  1.982962775162378E-006  1.952115945158709E-006
   8820.00123565483       2.205092482726857E-006  2.196352634127427E-006  2.186939844110644E-006  2.176725063957784E-006  2.165403541926359E-006  2.152709253658762E-006  2.138009674245996E-006  2.129618249908163E-006  2.120262632946953E-006  2.109595710821029E-006  2.102341261866185E-006  2.097037028306162E-006  2.088183526994694E-006  2.081502731459035E-006  2.069849454944771E-006  2.060526116189573E-006  2.055204919377393E-006  2.049305819232903E-006  2.042672118684161E-006  2.035074369712118E-006  2.026157802867618E-006  2.001463088914107E-006  1.982068339005471E-006  1.949207367052494E-006
   8860.00124125871       2.188890759160236E-006  2.179856493767227E-006  2.170224145121706E-006  2.159768069264197E-006  2.148301943331307E-006  2.135406422112575E-006  2.120574042355415E-006  2.112107492431495E-006  2.102686386694997E-006  2.091965046620612E-006  2.084683093706861E-006  2.079365451850924E-006  2.070491915077572E-006  2.063804072906691E-006  2.052143496261847E-006  2.042820884045822E-006  2.037502397048347E-006  2.031608646621353E-006  2.024981921103604E-006  2.017394401115454E-006  2.008491960959864E-006  1.983846284380730E-006  1.964499570088748E-006  1.931739769084338E-006
   8900.00124686259       2.170534805876562E-006  2.161623402403755E-006  2.152032342237138E-006  2.141628856029846E-006  2.130176458999508E-006  2.117371750169389E-006  2.102638400447300E-006  2.094242027847063E-006  2.084905126667323E-006  2.074278065834594E-006  2.067067849095837E-006  2.061802593974421E-006  2.053017837806478E-006  2.046398683934842E-006  2.034862058136170E-006  2.025641288225216E-006  2.020382361882729E-006  2.014555103570021E-006  2.008004911104162E-006  2.000505890538201E-006  1.991709364223837E-006  1.967367183721476E-006  1.948267125763316E-006  1.915936615667818E-006
   8940.00125246647       2.152109532823097E-006  2.143312219564291E-006  2.133828188146557E-006  2.123512456257419E-006  2.112192115342813E-006  2.099499046894228E-006  2.084909963684944E-006  2.076604643729534E-006  2.067361717997953E-006  2.056844849096030E-006  2.049701234738206E-006  2.044487181010408E-006  2.035792236368742E-006  2.029238787629572E-006  2.017816278239485E-006  2.008685593087950E-006  2.003477844221786E-006  1.997707113680922E-006  1.991220040838106E-006  1.983792838467968E-006  1.975079605734734E-006  1.950964024730698E-006  1.932037033181597E-006  1.899989968820530E-006
   8980.00125807034       2.133184962253275E-006  2.124446664185101E-006  2.115051020501739E-006  2.104869969185248E-006  2.093681167997340E-006  2.081150978618392E-006  2.066735833816819E-006  2.058516684321357E-006  2.049376924346896E-006  2.038975606388593E-006  2.031907080786582E-006  2.026749035234048E-006  2.018144616418404E-006  2.011658018831976E-006  2.000350194374946E-006  1.991308484701190E-006  1.986150591040202E-006  1.980434659229311E-006  1.974008173231065E-006  1.966649743744566E-006  1.958016287287350E-006  1.934118180285440E-006  1.915360538818503E-006  1.883601114729161E-006
   9020.00126367422       2.114818992436470E-006  2.106120183757771E-006  2.096814816390689E-006  2.086737069662157E-006  2.075644381480805E-006  2.063244415093967E-006  2.048956712255188E-006  2.040824255964384E-006  2.031761352836596E-006  2.021446770244581E-006  2.014446727101060E-006  2.009331829209745E-006  2.000799098828008E-006  1.994366466697535E-006  1.983153069528775E-006  1.974186029114787E-006  1.969070530142908E-006  1.963401412379343E-006  1.957027505379456E-006  1.949729542722832E-006  1.941167534508721E-006  1.917471655827388E-006  1.898880005637045E-006  1.867420518133873E-006
   9060.00126927809       2.096667016056749E-006  2.088086739421945E-006  2.078888105767818E-006  2.068915180124058E-006  2.057940729774647E-006  2.045636024419814E-006  2.031486118461122E-006  2.023423650679043E-006  2.014445063702171E-006  2.004220485636130E-006  1.997276446644574E-006  1.992204108198559E-006  1.983740001992007E-006  1.977354245335956E-006  1.966219176152802E-006  1.957312295657858E-006  1.952229567251533E-006  1.946595259094985E-006  1.940259389193310E-006  1.933002925213908E-006  1.924487302449298E-006  1.900907451785642E-006  1.882396381340667E-006  1.851058164708679E-006
   9100.00127488197       2.078530246279641E-006  2.070068164002832E-006  2.060996639048353E-006  2.051113175044737E-006  2.040308293814579E-006  2.028186764433057E-006  2.014237185566878E-006  2.006300520748787E-006  1.997446298984487E-006  1.987364975401192E-006  1.980518039368327E-006  1.975517014428450E-006  1.967169329855360E-006  1.960873566023640E-006  1.949892082592678E-006  1.941107971709461E-006  1.936095816667190E-006  1.930539262771312E-006  1.924291320089058E-006  1.917136290269224E-006  1.908739502446860E-006  1.885491085714419E-006  1.867241438708000E-006  1.836343932361319E-006
   9140.00128048585       2.059824541173110E-006  2.051502101472780E-006  2.042603239222977E-006  2.032895451731668E-006  2.022240810790505E-006  2.010325349032341E-006  1.996582958603654E-006  1.988750664084689E-006  1.980022804310719E-006  1.970077448330699E-006  1.963316425129311E-006  1.958374882375396E-006  1.950128685793126E-006  1.943905059213136E-006  1.933043957753595E-006  1.924352245547806E-006  1.919391109974271E-006  1.913889963927754E-006  1.907702687557663E-006  1.900615554560469E-006  1.892297124712139E-006  1.869259160227649E-006  1.851171825641898E-006  1.820550546289008E-006
   9180.00128608973       2.042267808526428E-006  2.034078357984635E-006  2.025234593938039E-006  2.015725166618934E-006  2.005196894817481E-006  1.993424711079401E-006  1.979840748676842E-006  1.972086671618454E-006  1.963451006254158E-006  1.953612714710900E-006  1.946922257197448E-006  1.942033004280887E-006  1.933868550805701E-006  1.927706787032302E-006  1.916955011648521E-006  1.908348311335727E-006  1.903434898799059E-006  1.897986616218213E-006  1.891858313657702E-006  1.884838211909613E-006  1.876597997734780E-006  1.853774521440665E-006  1.835854151594909E-006  1.805514208283821E-006
   9220.00129169360       2.024647935533770E-006  2.016537465653015E-006  2.007854495183248E-006  1.998437804084301E-006  1.988038605225641E-006  1.976379761783258E-006  1.962948011222353E-006  1.955291443467990E-006  1.946748320582175E-006  1.937018018010298E-006  1.930401838973829E-006  1.925562916562895E-006  1.917482667360384E-006  1.911385057718663E-006  1.900742640342138E-006  1.892223210716951E-006  1.887358896227720E-006  1.881964817911162E-006  1.875897570420809E-006  1.868947658371537E-006  1.860789448109969E-006  1.838194491870858E-006  1.820454877821959E-006  1.790423158271812E-006
   9260.00129729748       2.006964020853363E-006  1.998932920244627E-006  1.990364088783687E-006  1.981014563367666E-006  1.970747713513466E-006  1.959217833732981E-006  1.945910291651237E-006  1.938313874141721E-006  1.929838385594844E-006  1.920165966380394E-006  1.913587854918050E-006  1.908777912813833E-006  1.900738024028348E-006  1.894666276638748E-006  1.884061244539615E-006  1.875564957629741E-006  1.870712028995968E-006  1.865328505244947E-006  1.859270992514604E-006  1.852329738541806E-006  1.844179113385619E-006  1.821594442200925E-006  1.803860359681162E-006  1.773853274105635E-006
   9300.00130290136       1.989617016563434E-006  1.981778486483811E-006  1.973389528579602E-006  1.964260896394908E-006  1.954206229821604E-006  1.942901337980505E-006  1.929861584740040E-006  1.922414895763070E-006  1.914101415734493E-006  1.904615229305775E-006  1.898159986014330E-006  1.893439880742740E-006  1.885548260030929E-006  1.879588087132400E-006  1.869178403967103E-006  1.860838218638805E-006  1.856075035079012E-006  1.850791134281668E-006  1.844846090857201E-006  1.838034179246333E-006  1.830035661578059E-006  1.807873308021017E-006  1.790467658430743E-006  1.760996116874737E-006
   9340.00130850523       1.969388659331597E-006  1.961901520473600E-006  1.953874715643343E-006  1.945118562305036E-006  1.935495406809427E-006  1.924641655951416E-006  1.912078611942828E-006  1.904884346649301E-006  1.896843658919475E-006  1.887648279332360E-006  1.881374238925667E-006  1.876778524226877E-006  1.869086644791145E-006  1.863268457933936E-006  1.853085622679006E-006  1.844913806602362E-006  1.840241155054448E-006  1.835053396482139E-006  1.829211428045897E-006  1.822511324954646E-006  1.814637221768267E-006  1.792786816219124E-006  1.775599490697617E-006  1.746460577969405E-006
   9380.00131410911       1.922986644307358E-006  1.915902581175286E-006  1.908317719820759E-006  1.900049945462591E-006  1.890943509908918E-006  1.880703454393829E-006  1.868804107005617E-006  1.861988210577237E-006  1.854343300886154E-006  1.845572585056230E-006  1.839579364513640E-006  1.835184468792539E-006  1.827816605641155E-006  1.822237024330997E-006  1.812463219104353E-006  1.804620146587547E-006  1.800138089797145E-006  1.795166797136051E-006  1.789575280821586E-006  1.783173931462072E-006  1.775670071443218E-006  1.754974347524277E-006  1.738841266902845E-006  1.711770470342034E-006
   9420.00131971299       1.925664665137492E-006  1.918693572866842E-006  1.911245107178402E-006  1.903129082320366E-006  1.894202499520819E-006  1.884136184197142E-006  1.872484135949112E-006  1.865796412982655E-006  1.858308043430011E-006  1.849733783231978E-006  1.843872491323625E-006  1.839572836066252E-006  1.832363137009653E-006  1.826901861502749E-006  1.817325988435585E-006  1.809624183131153E-006  1.805213976201554E-006  1.800312865739196E-006  1.794788083367913E-006  1.788444660485679E-006  1.780979778986115E-006  1.760210981314075E-006  1.743819233529096E-006  1.715920044956203E-006
   9460.00132531686       1.922804821625052E-006  1.915458404472968E-006  1.907525108635513E-006  1.898933259880404E-006  1.889446494088969E-006  1.878786384143486E-006  1.866440447437747E-006  1.859373377856144E-006  1.851474802061899E-006  1.842449563891780E-006  1.836294926582869E-006  1.831789452801914E-006  1.824248564525542E-006  1.818547163930140E-006  1.808572147686498E-006  1.800570125466678E-006  1.795995413049917E-006  1.790917870385495E-006  1.785200962787712E-006  1.778646606992378E-006  1.770945622280763E-006  1.749586781530466E-006  1.732797587130023E-006  1.704354678941437E-006
   9500.00133092074       1.908192152383321E-006  1.900753591208808E-006  1.892765960793850E-006  1.884091010630240E-006  1.874540994622162E-006  1.863790732056218E-006  1.851379867018742E-006  1.844278600392105E-006  1.836351558883293E-006  1.827292403034463E-006  1.821122942095331E-006  1.816609428092646E-006  1.809054742402312E-006  1.803346631321283E-006  1.793368966065808E-006  1.785367955955504E-006  1.780795677266580E-006  1.775722224259037E-006  1.770011696653110E-006  1.763466441592697E-006  1.755779356402716E-006  1.734476594198173E-006  1.717751275536558E-006  1.689460658840211E-006
   9540.00133652462       1.892607535134687E-006  1.885218924887037E-006  1.877283932485354E-006  1.868671126273207E-006  1.859180864874436E-006  1.848510446835431E-006  1.836177906963700E-006  1.829125106125954E-006  1.821248156278932E-006  1.812257511897290E-006  1.806129515564741E-006  1.801646911028285E-006  1.794143460019913E-006  1.788471753030226E-006  1.778554763908377E-006  1.770600642835789E-006  1.766054714189650E-006  1.761009348319018E-006  1.755329789917885E-006  1.748818957442717E-006  1.741170892461386E-006  1.719968477606251E-006  1.703314315411492E-006  1.675129328996599E-006
   9580.00134212849       1.878331182666316E-006  1.871020847162993E-006  1.863147226142888E-006  1.854620331229113E-006  1.845220295757888E-006  1.834694029898850E-006  1.822511443110422E-006  1.815549327383555E-006  1.807776060593345E-006  1.798898379923210E-006  1.792854099743846E-006  1.788433711426703E-006  1.781033471633700E-006  1.775443904218211E-006  1.765671808454834E-006  1.757835695524319E-006  1.753357995085533E-006  1.748389093714213E-006  1.742795850197230E-006  1.736385201961826E-006  1.728855150534089E-006  1.707981442184067E-006  1.691583501018250E-006  1.663820243198222E-006
   9620.00134773237       1.863124047110314E-006  1.855880554671936E-006  1.848143284314689E-006  1.839702144544200E-006  1.830419883187297E-006  1.819971148360012E-006  1.807906958799113E-006  1.801014229818899E-006  1.793310144631439E-006  1.784517069000122E-006  1.778523814313539E-006  1.774141485405230E-006  1.766805887514072E-006  1.761261107849341E-006  1.751567099465699E-006  1.743794220514122E-006  1.739351445318711E-006  1.734420678909403E-006  1.728870720332927E-006  1.722508775567092E-006  1.715035638544447E-006  1.694318294122805E-006  1.678043444596414E-006  1.650492020069901E-006
   9660.00135333625       1.848371109482451E-006  1.841210933710792E-006  1.833498872657243E-006  1.825163436110852E-006  1.815949494979400E-006  1.805608456741803E-006  1.793647211657000E-006  1.786807872857278E-006  1.779171769537472E-006  1.770457763712837E-006  1.764516430669208E-006  1.760169616335132E-006  1.752895629635745E-006  1.747397493429381E-006  1.737784089529259E-006  1.730075076342855E-006  1.725669052282825E-006  1.720778307282972E-006  1.715273879653662E-006  1.708963661902233E-006  1.701551453050344E-006  1.681003312463817E-006  1.664862393936763E-006  1.637540787798085E-006
   9700.00135894012       1.833462122407412E-006  1.826360906350411E-006  1.818744388469093E-006  1.810488292630298E-006  1.801369988550942E-006  1.791148582605128E-006  1.779305622002844E-006  1.772541873774304E-006  1.764984815278506E-006  1.756350035259825E-006  1.750466671346287E-006  1.746161432687287E-006  1.738954661374943E-006  1.733507026600014E-006  1.723979630121574E-006  1.716339561487040E-006  1.711971833631330E-006  1.707123961847081E-006  1.701667169471450E-006  1.695411441268119E-006  1.688062651464636E-006  1.667689105057085E-006  1.651684933276280E-006  1.624595130887094E-006
   9740.00136454400       1.818356559874712E-006  1.811361958673061E-006  1.803834742842527E-006  1.795660302243677E-006  1.786647212549239E-006  1.776524400173707E-006  1.764823370808682E-006  1.758134032584670E-006  1.750660260190811E-006  1.742116574808118E-006  1.736294321430737E-006  1.732032766618797E-006  1.724898554987278E-006  1.719503641920532E-006  1.710068445227928E-006  1.702500267716710E-006  1.698172881615678E-006  1.693369298329154E-006  1.687961533161753E-006  1.681761430185478E-006  1.674477399016455E-006  1.654280166423180E-006  1.638412564890291E-006  1.611552550914125E-006
   9780.00137014788       1.803694876108836E-006  1.796791287297468E-006  1.789359145998731E-006  1.781275735209492E-006  1.772372373533312E-006  1.762359805705263E-006  1.750787746587368E-006  1.744171821914876E-006  1.736772022429133E-006  1.728319270515750E-006  1.722559162664093E-006  1.718338735175217E-006  1.711274918877568E-006  1.705936041865555E-006  1.696593912737976E-006  1.689099272806467E-006  1.684814044701172E-006  1.680056694090312E-006  1.674701086351726E-006  1.668560186762197E-006  1.661345206649010E-006  1.641337916968367E-006  1.625618195279792E-006  1.599006338382282E-006
   9820.00137575175       1.788475916121647E-006  1.781598460591954E-006  1.774218711900008E-006  1.766238657443875E-006  1.757404087592096E-006  1.747487144230632E-006  1.736015561982831E-006  1.729450069708616E-006  1.722109082450833E-006  1.713724457465574E-006  1.708007827552218E-006  1.703821907768273E-006  1.696812595978109E-006  1.691514663795922E-006  1.682243813366243E-006  1.674806133484094E-006  1.670554297170707E-006  1.665834613198127E-006  1.660522150843976E-006  1.654431877333708E-006  1.647278536171794E-006  1.627455920417529E-006  1.611897163392558E-006  1.585590825048992E-006
   9860.00138135563       1.773904891116482E-006  1.767110423090509E-006  1.759794296863469E-006  1.751832470160903E-006  1.743049774609224E-006  1.733176413914739E-006  1.721752850611809E-006  1.715211068890333E-006  1.707891978001456E-006  1.699522055390502E-006  1.693813413291086E-006  1.689630042619614E-006  1.682620804940758E-006  1.677315939537259E-006  1.668028597112156E-006  1.660570023729307E-006  1.656303061464417E-006  1.651564835277506E-006  1.646228532937597E-006  1.640107791790048E-006  1.632914355226973E-006  1.612962455886725E-006  1.597290506136199E-006  1.570792342786064E-006
   9900.00138695951       1.761010420687862E-006  1.754296722576962E-006  1.747082595296441E-006  1.739262419691523E-006  1.730631807579096E-006  1.720934137347442E-006  1.709714337300690E-006  1.703290641097442E-006  1.696109040788137E-006  1.687901662001449E-006  1.682306346540319E-006  1.678205075071861E-006  1.671341227124887E-006  1.666148814919838E-006  1.657061681516367E-006  1.649768284958394E-006  1.645597201918833E-006  1.640966004858709E-006  1.635751266962415E-006  1.629771435429257E-006  1.622744613668417E-006  1.603255635463111E-006  1.587941044838857E-006  1.562013282887967E-006
   9940.00139256338       1.747372625647951E-006  1.740754975594095E-006  1.733615050589407E-006  1.725865598285107E-006  1.717325418637093E-006  1.707719945609877E-006  1.696603772923460E-006  1.690239380682295E-006  1.683124272881102E-006  1.674983335780704E-006  1.669430690415186E-006  1.665363532578691E-006  1.658551921921672E-006  1.653399655030449E-006  1.644378615282722E-006  1.637137475156899E-006  1.632996062706499E-006  1.628396959941356E-006  1.623218268602230E-006  1.617279129627583E-006  1.610299701150720E-006  1.590941335750643E-006  1.575729802613567E-006  1.549980381257577E-006
   9980.00139816726       1.733710705026053E-006  1.727145565662733E-006  1.720101636180467E-006  1.712415737622178E-006  1.703959043915798E-006  1.694445333703602E-006  1.683429118629418E-006  1.677118554748306E-006  1.670066384269444E-006  1.661997576662461E-006  1.656494639447354E-006  1.652461311827085E-006  1.645706237338654E-006  1.640595864525366E-006  1.631647357124786E-006  1.624463948209332E-006  1.620354772395593E-006  1.615791803281890E-006  1.610653206536143E-006  1.604759906252293E-006  1.597834184608164E-006  1.578624140447419E-006  1.563529659218961E-006  1.537980891764054E-006
   10020.0014037711       1.720165911019635E-006  1.713659458602394E-006  1.706688007250500E-006  1.699077746775326E-006  1.690712385567716E-006  1.681288560326581E-006  1.670378601543953E-006  1.664131961846989E-006  1.657147462378297E-006  1.649154756786073E-006  1.643702437893565E-006  1.639706233181658E-006  1.633012723543567E-006  1.627947089153404E-006  1.619077323029068E-006  1.611955199388840E-006  1.607881060755977E-006  1.603356639606144E-006  1.598261224513696E-006  1.592416952995462E-006  1.585548546414527E-006  1.566496614629852E-006  1.551525931377286E-006  1.526187021826167E-006
   20000.0028019384       4.375082375893774E-007  4.363790476761267E-007  4.351383821774427E-007  4.337571283686315E-007  4.321916743211210E-007  4.303736896562699E-007  4.281889212965521E-007  4.268988353350980E-007  4.254225945283814E-007  4.236918586083787E-007  4.224866752504736E-007  4.215919602904651E-007  4.200731354908418E-007  4.189086532463236E-007  4.168426300027750E-007  4.151632602992073E-007  4.141961400561262E-007  4.131178134883820E-007  4.118988595477079E-007  4.104963534046732E-007  4.088440366050427E-007  4.042530795587650E-007  4.006511409404480E-007  3.945850518552060E-007
   40000.0056038768       1.088733474180935E-007  1.086259037734217E-007  1.083504832078729E-007  1.080396078956029E-007  1.076823673185707E-007  1.072618884978412E-007  1.067500249753414E-007  1.064450956987814E-007  1.060943279290112E-007  1.056811704037857E-007  1.053926026864798E-007  1.051780557114207E-007  1.048134286931266E-007  1.045336698206672E-007  1.040372478057302E-007  1.036339232727413E-007  1.034018072923184E-007  1.031431704012419E-007  1.028510511295992E-007  1.025153045705743E-007  1.021202965704724E-007  1.010262349646939E-007  1.001719766894867E-007  9.874255217190678E-008
   60000.0084058152       4.798098243628015E-008  4.787387398179901E-008  4.775447387329885E-008  4.761953306398034E-008  4.746431250714893E-008  4.728150036531180E-008  4.705891897149695E-008  4.692635024752602E-008  4.677390833762609E-008  4.659445406848038E-008  4.646919050208358E-008  4.637610225244421E-008  4.621798602225338E-008  4.609675097661851E-008  4.588180044169662E-008  4.570733726376001E-008  4.560700924911893E-008  4.549528842010504E-008  4.536919911036878E-008  4.522441059513306E-008  4.505425752772356E-008  4.458408177412276E-008  4.421782604736258E-008  4.360432876196472E-008
   80000.0112077536       2.677977274507040E-008  2.672045756711508E-008  2.665433933468884E-008  2.657962759898161E-008  2.649371167206565E-008  2.639256540246603E-008  2.626948605365199E-008  2.619621970333804E-008  2.611200781473383E-008  2.601292702386175E-008  2.594380184580718E-008  2.589245227337374E-008  2.580527344734763E-008  2.573846737295124E-008  2.562010828823209E-008  2.552413271237488E-008  2.546897847700460E-008  2.540759409804182E-008  2.533835547032337E-008  2.525889717981691E-008  2.516557311833480E-008  2.490777564235032E-008  2.470658873104679E-008  2.436711634515575E-008
   100000.014009692       1.702212929722469E-008  1.698463941163045E-008  1.694285969513831E-008  1.689566321904901E-008  1.684140728125751E-008  1.677755928930479E-008  1.669990537279972E-008  1.665370136032311E-008  1.660061622701641E-008  1.653819005613832E-008  1.649465978380864E-008  1.646233603627192E-008  1.640748436246981E-008  1.636547380071363E-008  1.629109302516065E-008  1.623082085222045E-008  1.619619843521289E-008  1.615767415891439E-008  1.611422744414687E-008  1.606436842257487E-008  1.600579335349816E-008  1.584370039271150E-008  1.571660391771049E-008  1.549991453561516E-008
   120000.016811630       1.175057725841239E-008  1.172482622872721E-008  1.169613481965093E-008  1.166373161705095E-008  1.162649257837484E-008  1.158268577516151E-008  1.152943186199467E-008  1.149776036459052E-008  1.146138669807117E-008  1.141863395434648E-008  1.138883627370335E-008  1.136671728438426E-008  1.132919654545631E-008  1.130047041475084E-008  1.124962742809122E-008  1.120843648360078E-008  1.118477408528329E-008  1.115844075892001E-008  1.112873297068865E-008  1.109462080676743E-008  1.105450620135214E-008  1.094314401256391E-008  1.085526533329688E-008  1.070357284833718E-008
   140000.019613569       8.587797604729818E-009  8.569063338005243E-009  8.548193996335948E-009  8.524630252944865E-009  8.497557536878480E-009  8.465721526809422E-009  8.427038373188250E-009  8.404042800706296E-009  8.377642953969192E-009  8.346626315290697E-009  8.325016102156372E-009  8.308978189416904E-009  8.281777938845060E-009  8.260955679190913E-009  8.224100269153965E-009  8.194231778438864E-009  8.177066045718149E-009  8.157953453205831E-009  8.136376761609699E-009  8.111576647583523E-009  8.082370839892815E-009  8.000965449414521E-009  7.936247064122070E-009  7.822951351984595E-009
   160000.022415507       6.544300429865444E-009  6.530084926736568E-009  6.514252401707160E-009  6.496379922987964E-009  6.475851841993911E-009  6.451720572908530E-009  6.422412427329925E-009  6.404996720453084E-009  6.385008535950891E-009  6.361531304463755E-009  6.345176826578049E-009  6.333040097848125E-009  6.312455636353720E-009  6.296695485739230E-009  6.268788837351322E-009  6.246155531005558E-009  6.233138227258558E-009  6.218634232598150E-009  6.202244934848760E-009  6.183383519969911E-009  6.161133124851877E-009  6.098829087406632E-009  6.048884095146186E-009  5.960078253958558E-009
