MH = 0.0  Teff = 6900 K  logg = 4.4  L/H = 1.25  Vturb = 2.0 km/s                         
          24 angles   1.00000000000000       0.900000000000000       0.800000000000000       0.700000000000000       0.600000000000000       0.500000000000000       0.400000000000000       0.350000000000000       0.300000000000000       0.250000000000000       0.220000000000000       0.200000000000000       0.170000000000000       0.150000000000000       0.120000000000000       0.100000000000000       9.000000000000000E-002  8.000000000000000E-002  7.000000000000001E-002  6.000000000000000E-002  5.000000000000000E-002  3.000000000000000E-002  2.000000000000000E-002  1.000000000000000E-002
   9.09000142606891       0.000000000000000E+000  0.000000000000000E+000  0.000000000000000E+000  0.000000000000000E+000  0.000000000000000E+000  0.000000000000000E+000  0.000000000000000E+000  0.000000000000000E+000  0.000000000000000E+000  0.000000000000000E+000  0.000000000000000E+000  0.000000000000000E+000  0.000000000000000E+000  0.000000000000000E+000  0.000000000000000E+000  0.000000000000000E+000  0.000000000000000E+000  0.000000000000000E+000  0.000000000000000E+000  0.000000000000000E+000  0.000000000000000E+000  0.000000000000000E+000  0.000000000000000E+000  0.000000000000000E+000
   9.35000169137598       0.000000000000000E+000  0.000000000000000E+000  0.000000000000000E+000  0.000000000000000E+000  0.000000000000000E+000  0.000000000000000E+000  0.000000000000000E+000  0.000000000000000E+000  0.000000000000000E+000  0.000000000000000E+000  0.000000000000000E+000  0.000000000000000E+000  0.000000000000000E+000  0.000000000000000E+000  0.000000000000000E+000  0.000000000000000E+000  0.000000000000000E+000  0.000000000000000E+000  0.000000000000000E+000  0.000000000000000E+000  0.000000000000000E+000  0.000000000000000E+000  0.000000000000000E+000  0.000000000000000E+000
   9.61000100300860       0.000000000000000E+000  0.000000000000000E+000  0.000000000000000E+000  0.000000000000000E+000  0.000000000000000E+000  0.000000000000000E+000  0.000000000000000E+000  0.000000000000000E+000  0.000000000000000E+000  0.000000000000000E+000  0.000000000000000E+000  0.000000000000000E+000  0.000000000000000E+000  0.000000000000000E+000  0.000000000000000E+000  0.000000000000000E+000  0.000000000000000E+000  0.000000000000000E+000  0.000000000000000E+000  0.000000000000000E+000  0.000000000000000E+000  0.000000000000000E+000  0.000000000000000E+000  0.000000000000000E+000
   9.77000182651065       0.000000000000000E+000  0.000000000000000E+000  0.000000000000000E+000  0.000000000000000E+000  0.000000000000000E+000  0.000000000000000E+000  0.000000000000000E+000  0.000000000000000E+000  0.000000000000000E+000  0.000000000000000E+000  0.000000000000000E+000  0.000000000000000E+000  0.000000000000000E+000  0.000000000000000E+000  0.000000000000000E+000  0.000000000000000E+000  0.000000000000000E+000  0.000000000000000E+000  0.000000000000000E+000  0.000000000000000E+000  0.000000000000000E+000  0.000000000000000E+000  0.000000000000000E+000  0.000000000000000E+000
   9.96000143351230       0.000000000000000E+000  0.000000000000000E+000  0.000000000000000E+000  0.000000000000000E+000  0.000000000000000E+000  0.000000000000000E+000  0.000000000000000E+000  0.000000000000000E+000  0.000000000000000E+000  0.000000000000000E+000  0.000000000000000E+000  0.000000000000000E+000  0.000000000000000E+000  0.000000000000000E+000  0.000000000000000E+000  0.000000000000000E+000  0.000000000000000E+000  0.000000000000000E+000  0.000000000000000E+000  0.000000000000000E+000  0.000000000000000E+000  0.000000000000000E+000  0.000000000000000E+000  0.000000000000000E+000
   10.2000012382537       0.000000000000000E+000  0.000000000000000E+000  0.000000000000000E+000  0.000000000000000E+000  0.000000000000000E+000  0.000000000000000E+000  0.000000000000000E+000  0.000000000000000E+000  0.000000000000000E+000  0.000000000000000E+000  0.000000000000000E+000  0.000000000000000E+000  0.000000000000000E+000  0.000000000000000E+000  0.000000000000000E+000  0.000000000000000E+000  0.000000000000000E+000  0.000000000000000E+000  0.000000000000000E+000  0.000000000000000E+000  0.000000000000000E+000  0.000000000000000E+000  0.000000000000000E+000  0.000000000000000E+000
   10.3800015686470       0.000000000000000E+000  0.000000000000000E+000  0.000000000000000E+000  0.000000000000000E+000  0.000000000000000E+000  0.000000000000000E+000  0.000000000000000E+000  0.000000000000000E+000  0.000000000000000E+000  0.000000000000000E+000  0.000000000000000E+000  0.000000000000000E+000  0.000000000000000E+000  0.000000000000000E+000  0.000000000000000E+000  0.000000000000000E+000  0.000000000000000E+000  0.000000000000000E+000  0.000000000000000E+000  0.000000000000000E+000  0.000000000000000E+000  0.000000000000000E+000  0.000000000000000E+000  0.000000000000000E+000
   10.5600018990402       0.000000000000000E+000  0.000000000000000E+000  0.000000000000000E+000  0.000000000000000E+000  0.000000000000000E+000  0.000000000000000E+000  0.000000000000000E+000  0.000000000000000E+000  0.000000000000000E+000  0.000000000000000E+000  0.000000000000000E+000  0.000000000000000E+000  0.000000000000000E+000  0.000000000000000E+000  0.000000000000000E+000  0.000000000000000E+000  0.000000000000000E+000  0.000000000000000E+000  0.000000000000000E+000  0.000000000000000E+000  0.000000000000000E+000  0.000000000000000E+000  0.000000000000000E+000  0.000000000000000E+000
   10.7700019666076       0.000000000000000E+000  0.000000000000000E+000  0.000000000000000E+000  0.000000000000000E+000  0.000000000000000E+000  0.000000000000000E+000  0.000000000000000E+000  0.000000000000000E+000  0.000000000000000E+000  0.000000000000000E+000  0.000000000000000E+000  0.000000000000000E+000  0.000000000000000E+000  0.000000000000000E+000  0.000000000000000E+000  0.000000000000000E+000  0.000000000000000E+000  0.000000000000000E+000  0.000000000000000E+000  0.000000000000000E+000  0.000000000000000E+000  0.000000000000000E+000  0.000000000000000E+000  0.000000000000000E+000
   11.0400015085230       0.000000000000000E+000  0.000000000000000E+000  0.000000000000000E+000  0.000000000000000E+000  0.000000000000000E+000  0.000000000000000E+000  0.000000000000000E+000  0.000000000000000E+000  0.000000000000000E+000  0.000000000000000E+000  0.000000000000000E+000  0.000000000000000E+000  0.000000000000000E+000  0.000000000000000E+000  0.000000000000000E+000  0.000000000000000E+000  0.000000000000000E+000  0.000000000000000E+000  0.000000000000000E+000  0.000000000000000E+000  0.000000000000000E+000  0.000000000000000E+000  0.000000000000000E+000  0.000000000000000E+000
   11.4000012156351       0.000000000000000E+000  0.000000000000000E+000  0.000000000000000E+000  0.000000000000000E+000  0.000000000000000E+000  0.000000000000000E+000  0.000000000000000E+000  0.000000000000000E+000  0.000000000000000E+000  0.000000000000000E+000  0.000000000000000E+000  0.000000000000000E+000  0.000000000000000E+000  0.000000000000000E+000  0.000000000000000E+000  0.000000000000000E+000  0.000000000000000E+000  0.000000000000000E+000  0.000000000000000E+000  0.000000000000000E+000  0.000000000000000E+000  0.000000000000000E+000  0.000000000000000E+000  0.000000000000000E+000
   11.7800013833129       0.000000000000000E+000  0.000000000000000E+000  0.000000000000000E+000  0.000000000000000E+000  0.000000000000000E+000  0.000000000000000E+000  0.000000000000000E+000  0.000000000000000E+000  0.000000000000000E+000  0.000000000000000E+000  0.000000000000000E+000  0.000000000000000E+000  0.000000000000000E+000  0.000000000000000E+000  0.000000000000000E+000  0.000000000000000E+000  0.000000000000000E+000  0.000000000000000E+000  0.000000000000000E+000  0.000000000000000E+000  0.000000000000000E+000  0.000000000000000E+000  0.000000000000000E+000  0.000000000000000E+000
   12.1300018138166       0.000000000000000E+000  0.000000000000000E+000  0.000000000000000E+000  0.000000000000000E+000  0.000000000000000E+000  0.000000000000000E+000  0.000000000000000E+000  0.000000000000000E+000  0.000000000000000E+000  0.000000000000000E+000  0.000000000000000E+000  0.000000000000000E+000  0.000000000000000E+000  0.000000000000000E+000  0.000000000000000E+000  0.000000000000000E+000  0.000000000000000E+000  0.000000000000000E+000  0.000000000000000E+000  0.000000000000000E+000  0.000000000000000E+000  0.000000000000000E+000  0.000000000000000E+000  0.000000000000000E+000
   12.4800012906458       0.000000000000000E+000  0.000000000000000E+000  0.000000000000000E+000  0.000000000000000E+000  0.000000000000000E+000  0.000000000000000E+000  0.000000000000000E+000  0.000000000000000E+000  0.000000000000000E+000  0.000000000000000E+000  0.000000000000000E+000  0.000000000000000E+000  0.000000000000000E+000  0.000000000000000E+000  0.000000000000000E+000  0.000000000000000E+000  0.000000000000000E+000  0.000000000000000E+000  0.000000000000000E+000  0.000000000000000E+000  0.000000000000000E+000  0.000000000000000E+000  0.000000000000000E+000  0.000000000000000E+000
   12.7100018187788       0.000000000000000E+000  0.000000000000000E+000  0.000000000000000E+000  0.000000000000000E+000  0.000000000000000E+000  0.000000000000000E+000  0.000000000000000E+000  0.000000000000000E+000  0.000000000000000E+000  0.000000000000000E+000  0.000000000000000E+000  0.000000000000000E+000  0.000000000000000E+000  0.000000000000000E+000  0.000000000000000E+000  0.000000000000000E+000  0.000000000000000E+000  0.000000000000000E+000  0.000000000000000E+000  0.000000000000000E+000  0.000000000000000E+000  0.000000000000000E+000  0.000000000000000E+000  0.000000000000000E+000
   12.8400019514324       0.000000000000000E+000  0.000000000000000E+000  0.000000000000000E+000  0.000000000000000E+000  0.000000000000000E+000  0.000000000000000E+000  0.000000000000000E+000  0.000000000000000E+000  0.000000000000000E+000  0.000000000000000E+000  0.000000000000000E+000  0.000000000000000E+000  0.000000000000000E+000  0.000000000000000E+000  0.000000000000000E+000  0.000000000000000E+000  0.000000000000000E+000  0.000000000000000E+000  0.000000000000000E+000  0.000000000000000E+000  0.000000000000000E+000  0.000000000000000E+000  0.000000000000000E+000  0.000000000000000E+000
   13.0500020189997       0.000000000000000E+000  0.000000000000000E+000  0.000000000000000E+000  0.000000000000000E+000  0.000000000000000E+000  0.000000000000000E+000  0.000000000000000E+000  0.000000000000000E+000  0.000000000000000E+000  0.000000000000000E+000  0.000000000000000E+000  0.000000000000000E+000  0.000000000000000E+000  0.000000000000000E+000  0.000000000000000E+000  0.000000000000000E+000  0.000000000000000E+000  0.000000000000000E+000  0.000000000000000E+000  0.000000000000000E+000  0.000000000000000E+000  0.000000000000000E+000  0.000000000000000E+000  0.000000000000000E+000
   13.2400016260014       0.000000000000000E+000  0.000000000000000E+000  0.000000000000000E+000  0.000000000000000E+000  0.000000000000000E+000  0.000000000000000E+000  0.000000000000000E+000  0.000000000000000E+000  0.000000000000000E+000  0.000000000000000E+000  0.000000000000000E+000  0.000000000000000E+000  0.000000000000000E+000  0.000000000000000E+000  0.000000000000000E+000  0.000000000000000E+000  0.000000000000000E+000  0.000000000000000E+000  0.000000000000000E+000  0.000000000000000E+000  0.000000000000000E+000  0.000000000000000E+000  0.000000000000000E+000  0.000000000000000E+000
   13.3900022192206       0.000000000000000E+000  0.000000000000000E+000  0.000000000000000E+000  0.000000000000000E+000  0.000000000000000E+000  0.000000000000000E+000  0.000000000000000E+000  0.000000000000000E+000  0.000000000000000E+000  0.000000000000000E+000  0.000000000000000E+000  0.000000000000000E+000  0.000000000000000E+000  0.000000000000000E+000  0.000000000000000E+000  0.000000000000000E+000  0.000000000000000E+000  0.000000000000000E+000  0.000000000000000E+000  0.000000000000000E+000  0.000000000000000E+000  0.000000000000000E+000  0.000000000000000E+000  0.000000000000000E+000
   13.6600017611360       0.000000000000000E+000  0.000000000000000E+000  0.000000000000000E+000  0.000000000000000E+000  0.000000000000000E+000  0.000000000000000E+000  0.000000000000000E+000  0.000000000000000E+000  0.000000000000000E+000  0.000000000000000E+000  0.000000000000000E+000  0.000000000000000E+000  0.000000000000000E+000  0.000000000000000E+000  0.000000000000000E+000  0.000000000000000E+000  0.000000000000000E+000  0.000000000000000E+000  0.000000000000000E+000  0.000000000000000E+000  0.000000000000000E+000  0.000000000000000E+000  0.000000000000000E+000  0.000000000000000E+000
   13.9800015007912       0.000000000000000E+000  0.000000000000000E+000  0.000000000000000E+000  0.000000000000000E+000  0.000000000000000E+000  0.000000000000000E+000  0.000000000000000E+000  0.000000000000000E+000  0.000000000000000E+000  0.000000000000000E+000  0.000000000000000E+000  0.000000000000000E+000  0.000000000000000E+000  0.000000000000000E+000  0.000000000000000E+000  0.000000000000000E+000  0.000000000000000E+000  0.000000000000000E+000  0.000000000000000E+000  0.000000000000000E+000  0.000000000000000E+000  0.000000000000000E+000  0.000000000000000E+000  0.000000000000000E+000
   14.3300019312949       0.000000000000000E+000  0.000000000000000E+000  0.000000000000000E+000  0.000000000000000E+000  0.000000000000000E+000  0.000000000000000E+000  0.000000000000000E+000  0.000000000000000E+000  0.000000000000000E+000  0.000000000000000E+000  0.000000000000000E+000  0.000000000000000E+000  0.000000000000000E+000  0.000000000000000E+000  0.000000000000000E+000  0.000000000000000E+000  0.000000000000000E+000  0.000000000000000E+000  0.000000000000000E+000  0.000000000000000E+000  0.000000000000000E+000  0.000000000000000E+000  0.000000000000000E+000  0.000000000000000E+000
   14.7200023292555       0.000000000000000E+000  0.000000000000000E+000  0.000000000000000E+000  0.000000000000000E+000  0.000000000000000E+000  0.000000000000000E+000  0.000000000000000E+000  0.000000000000000E+000  0.000000000000000E+000  0.000000000000000E+000  0.000000000000000E+000  0.000000000000000E+000  0.000000000000000E+000  0.000000000000000E+000  0.000000000000000E+000  0.000000000000000E+000  0.000000000000000E+000  0.000000000000000E+000  0.000000000000000E+000  0.000000000000000E+000  0.000000000000000E+000  0.000000000000000E+000  0.000000000000000E+000  0.000000000000000E+000
   15.1000024969333       0.000000000000000E+000  0.000000000000000E+000  0.000000000000000E+000  0.000000000000000E+000  0.000000000000000E+000  0.000000000000000E+000  0.000000000000000E+000  0.000000000000000E+000  0.000000000000000E+000  0.000000000000000E+000  0.000000000000000E+000  0.000000000000000E+000  0.000000000000000E+000  0.000000000000000E+000  0.000000000000000E+000  0.000000000000000E+000  0.000000000000000E+000  0.000000000000000E+000  0.000000000000000E+000  0.000000000000000E+000  0.000000000000000E+000  0.000000000000000E+000  0.000000000000000E+000  0.000000000000000E+000
   15.5200026320679       0.000000000000000E+000  0.000000000000000E+000  0.000000000000000E+000  0.000000000000000E+000  0.000000000000000E+000  0.000000000000000E+000  0.000000000000000E+000  0.000000000000000E+000  0.000000000000000E+000  0.000000000000000E+000  0.000000000000000E+000  0.000000000000000E+000  0.000000000000000E+000  0.000000000000000E+000  0.000000000000000E+000  0.000000000000000E+000  0.000000000000000E+000  0.000000000000000E+000  0.000000000000000E+000  0.000000000000000E+000  0.000000000000000E+000  0.000000000000000E+000  0.000000000000000E+000  0.000000000000000E+000
   15.8800023391800       0.000000000000000E+000  0.000000000000000E+000  0.000000000000000E+000  0.000000000000000E+000  0.000000000000000E+000  0.000000000000000E+000  0.000000000000000E+000  0.000000000000000E+000  0.000000000000000E+000  0.000000000000000E+000  0.000000000000000E+000  0.000000000000000E+000  0.000000000000000E+000  0.000000000000000E+000  0.000000000000000E+000  0.000000000000000E+000  0.000000000000000E+000  0.000000000000000E+000  0.000000000000000E+000  0.000000000000000E+000  0.000000000000000E+000  0.000000000000000E+000  0.000000000000000E+000  0.000000000000000E+000
   16.2000030325097       0.000000000000000E+000  0.000000000000000E+000  0.000000000000000E+000  0.000000000000000E+000  0.000000000000000E+000  0.000000000000000E+000  0.000000000000000E+000  0.000000000000000E+000  0.000000000000000E+000  0.000000000000000E+000  0.000000000000000E+000  0.000000000000000E+000  0.000000000000000E+000  0.000000000000000E+000  0.000000000000000E+000  0.000000000000000E+000  0.000000000000000E+000  0.000000000000000E+000  0.000000000000000E+000  0.000000000000000E+000  0.000000000000000E+000  0.000000000000000E+000  0.000000000000000E+000  0.000000000000000E+000
   16.6000027070787       0.000000000000000E+000  0.000000000000000E+000  0.000000000000000E+000  0.000000000000000E+000  0.000000000000000E+000  0.000000000000000E+000  0.000000000000000E+000  0.000000000000000E+000  0.000000000000000E+000  0.000000000000000E+000  0.000000000000000E+000  0.000000000000000E+000  0.000000000000000E+000  0.000000000000000E+000  0.000000000000000E+000  0.000000000000000E+000  0.000000000000000E+000  0.000000000000000E+000  0.000000000000000E+000  0.000000000000000E+000  0.000000000000000E+000  0.000000000000000E+000  0.000000000000000E+000  0.000000000000000E+000
   17.0300030724962       0.000000000000000E+000  0.000000000000000E+000  0.000000000000000E+000  0.000000000000000E+000  0.000000000000000E+000  0.000000000000000E+000  0.000000000000000E+000  0.000000000000000E+000  0.000000000000000E+000  0.000000000000000E+000  0.000000000000000E+000  0.000000000000000E+000  0.000000000000000E+000  0.000000000000000E+000  0.000000000000000E+000  0.000000000000000E+000  0.000000000000000E+000  0.000000000000000E+000  0.000000000000000E+000  0.000000000000000E+000  0.000000000000000E+000  0.000000000000000E+000  0.000000000000000E+000  0.000000000000000E+000
   17.3400025818685       0.000000000000000E+000  0.000000000000000E+000  0.000000000000000E+000  0.000000000000000E+000  0.000000000000000E+000  0.000000000000000E+000  0.000000000000000E+000  0.000000000000000E+000  0.000000000000000E+000  0.000000000000000E+000  0.000000000000000E+000  0.000000000000000E+000  0.000000000000000E+000  0.000000000000000E+000  0.000000000000000E+000  0.000000000000000E+000  0.000000000000000E+000  0.000000000000000E+000  0.000000000000000E+000  0.000000000000000E+000  0.000000000000000E+000  0.000000000000000E+000  0.000000000000000E+000  0.000000000000000E+000
   17.6800027820894       0.000000000000000E+000  0.000000000000000E+000  0.000000000000000E+000  0.000000000000000E+000  0.000000000000000E+000  0.000000000000000E+000  0.000000000000000E+000  0.000000000000000E+000  0.000000000000000E+000  0.000000000000000E+000  0.000000000000000E+000  0.000000000000000E+000  0.000000000000000E+000  0.000000000000000E+000  0.000000000000000E+000  0.000000000000000E+000  0.000000000000000E+000  0.000000000000000E+000  0.000000000000000E+000  0.000000000000000E+000  0.000000000000000E+000  0.000000000000000E+000  0.000000000000000E+000  0.000000000000000E+000
   18.0200029823102       0.000000000000000E+000  0.000000000000000E+000  0.000000000000000E+000  0.000000000000000E+000  0.000000000000000E+000  0.000000000000000E+000  0.000000000000000E+000  0.000000000000000E+000  0.000000000000000E+000  0.000000000000000E+000  0.000000000000000E+000  0.000000000000000E+000  0.000000000000000E+000  0.000000000000000E+000  0.000000000000000E+000  0.000000000000000E+000  0.000000000000000E+000  0.000000000000000E+000  0.000000000000000E+000  0.000000000000000E+000  0.000000000000000E+000  0.000000000000000E+000  0.000000000000000E+000  0.000000000000000E+000
   18.1700026218550       0.000000000000000E+000  0.000000000000000E+000  0.000000000000000E+000  0.000000000000000E+000  0.000000000000000E+000  0.000000000000000E+000  0.000000000000000E+000  0.000000000000000E+000  0.000000000000000E+000  0.000000000000000E+000  0.000000000000000E+000  0.000000000000000E+000  0.000000000000000E+000  0.000000000000000E+000  0.000000000000000E+000  0.000000000000000E+000  0.000000000000000E+000  0.000000000000000E+000  0.000000000000000E+000  0.000000000000000E+000  0.000000000000000E+000  0.000000000000000E+000  0.000000000000000E+000  0.000000000000000E+000
   18.6100032175553       0.000000000000000E+000  0.000000000000000E+000  0.000000000000000E+000  0.000000000000000E+000  0.000000000000000E+000  0.000000000000000E+000  0.000000000000000E+000  0.000000000000000E+000  0.000000000000000E+000  0.000000000000000E+000  0.000000000000000E+000  0.000000000000000E+000  0.000000000000000E+000  0.000000000000000E+000  0.000000000000000E+000  0.000000000000000E+000  0.000000000000000E+000  0.000000000000000E+000  0.000000000000000E+000  0.000000000000000E+000  0.000000000000000E+000  0.000000000000000E+000  0.000000000000000E+000  0.000000000000000E+000
   19.1000030573210       0.000000000000000E+000  0.000000000000000E+000  0.000000000000000E+000  0.000000000000000E+000  0.000000000000000E+000  0.000000000000000E+000  0.000000000000000E+000  0.000000000000000E+000  0.000000000000000E+000  0.000000000000000E+000  0.000000000000000E+000  0.000000000000000E+000  0.000000000000000E+000  0.000000000000000E+000  0.000000000000000E+000  0.000000000000000E+000  0.000000000000000E+000  0.000000000000000E+000  0.000000000000000E+000  0.000000000000000E+000  0.000000000000000E+000  0.000000000000000E+000  0.000000000000000E+000  0.000000000000000E+000
   19.3900021061276       0.000000000000000E+000  0.000000000000000E+000  0.000000000000000E+000  0.000000000000000E+000  0.000000000000000E+000  0.000000000000000E+000  0.000000000000000E+000  0.000000000000000E+000  0.000000000000000E+000  0.000000000000000E+000  0.000000000000000E+000  0.000000000000000E+000  0.000000000000000E+000  0.000000000000000E+000  0.000000000000000E+000  0.000000000000000E+000  0.000000000000000E+000  0.000000000000000E+000  0.000000000000000E+000  0.000000000000000E+000  0.000000000000000E+000  0.000000000000000E+000  0.000000000000000E+000  0.000000000000000E+000
   19.8400029321108       0.000000000000000E+000  0.000000000000000E+000  0.000000000000000E+000  0.000000000000000E+000  0.000000000000000E+000  0.000000000000000E+000  0.000000000000000E+000  0.000000000000000E+000  0.000000000000000E+000  0.000000000000000E+000  0.000000000000000E+000  0.000000000000000E+000  0.000000000000000E+000  0.000000000000000E+000  0.000000000000000E+000  0.000000000000000E+000  0.000000000000000E+000  0.000000000000000E+000  0.000000000000000E+000  0.000000000000000E+000  0.000000000000000E+000  0.000000000000000E+000  0.000000000000000E+000  0.000000000000000E+000
   20.1800031323317       0.000000000000000E+000  0.000000000000000E+000  0.000000000000000E+000  0.000000000000000E+000  0.000000000000000E+000  0.000000000000000E+000  0.000000000000000E+000  0.000000000000000E+000  0.000000000000000E+000  0.000000000000000E+000  0.000000000000000E+000  0.000000000000000E+000  0.000000000000000E+000  0.000000000000000E+000  0.000000000000000E+000  0.000000000000000E+000  0.000000000000000E+000  0.000000000000000E+000  0.000000000000000E+000  0.000000000000000E+000  0.000000000000000E+000  0.000000000000000E+000  0.000000000000000E+000  0.000000000000000E+000
   20.5000028719869       0.000000000000000E+000  0.000000000000000E+000  0.000000000000000E+000  0.000000000000000E+000  0.000000000000000E+000  0.000000000000000E+000  0.000000000000000E+000  0.000000000000000E+000  0.000000000000000E+000  0.000000000000000E+000  0.000000000000000E+000  0.000000000000000E+000  0.000000000000000E+000  0.000000000000000E+000  0.000000000000000E+000  0.000000000000000E+000  0.000000000000000E+000  0.000000000000000E+000  0.000000000000000E+000  0.000000000000000E+000  0.000000000000000E+000  0.000000000000000E+000  0.000000000000000E+000  0.000000000000000E+000
   21.0500021861006       0.000000000000000E+000  0.000000000000000E+000  0.000000000000000E+000  0.000000000000000E+000  0.000000000000000E+000  0.000000000000000E+000  0.000000000000000E+000  0.000000000000000E+000  0.000000000000000E+000  0.000000000000000E+000  0.000000000000000E+000  0.000000000000000E+000  0.000000000000000E+000  0.000000000000000E+000  0.000000000000000E+000  0.000000000000000E+000  0.000000000000000E+000  0.000000000000000E+000  0.000000000000000E+000  0.000000000000000E+000  0.000000000000000E+000  0.000000000000000E+000  0.000000000000000E+000  0.000000000000000E+000
   21.6200038681289       0.000000000000000E+000  0.000000000000000E+000  0.000000000000000E+000  0.000000000000000E+000  0.000000000000000E+000  0.000000000000000E+000  0.000000000000000E+000  0.000000000000000E+000  0.000000000000000E+000  0.000000000000000E+000  0.000000000000000E+000  0.000000000000000E+000  0.000000000000000E+000  0.000000000000000E+000  0.000000000000000E+000  0.000000000000000E+000  0.000000000000000E+000  0.000000000000000E+000  0.000000000000000E+000  0.000000000000000E+000  0.000000000000000E+000  0.000000000000000E+000  0.000000000000000E+000  0.000000000000000E+000
   21.9800026215666       0.000000000000000E+000  0.000000000000000E+000  0.000000000000000E+000  0.000000000000000E+000  0.000000000000000E+000  0.000000000000000E+000  0.000000000000000E+000  0.000000000000000E+000  0.000000000000000E+000  0.000000000000000E+000  0.000000000000000E+000  0.000000000000000E+000  0.000000000000000E+000  0.000000000000000E+000  0.000000000000000E+000  0.000000000000000E+000  0.000000000000000E+000  0.000000000000000E+000  0.000000000000000E+000  0.000000000000000E+000  0.000000000000000E+000  0.000000000000000E+000  0.000000000000000E+000  0.000000000000000E+000
   22.3000023612218       0.000000000000000E+000  0.000000000000000E+000  0.000000000000000E+000  0.000000000000000E+000  0.000000000000000E+000  0.000000000000000E+000  0.000000000000000E+000  0.000000000000000E+000  0.000000000000000E+000  0.000000000000000E+000  0.000000000000000E+000  0.000000000000000E+000  0.000000000000000E+000  0.000000000000000E+000  0.000000000000000E+000  0.000000000000000E+000  0.000000000000000E+000  0.000000000000000E+000  0.000000000000000E+000  0.000000000000000E+000  0.000000000000000E+000  0.000000000000000E+000  0.000000000000000E+000  0.000000000000000E+000
   22.6800034825740       0.000000000000000E+000  0.000000000000000E+000  0.000000000000000E+000  0.000000000000000E+000  0.000000000000000E+000  0.000000000000000E+000  0.000000000000000E+000  0.000000000000000E+000  0.000000000000000E+000  0.000000000000000E+000  0.000000000000000E+000  0.000000000000000E+000  0.000000000000000E+000  0.000000000000000E+000  0.000000000000000E+000  0.000000000000000E+000  0.000000000000000E+000  0.000000000000000E+000  0.000000000000000E+000  0.000000000000000E+000  0.000000000000000E+000  0.000000000000000E+000  0.000000000000000E+000  0.000000000000000E+000
   23.0000032222292       0.000000000000000E+000  0.000000000000000E+000  0.000000000000000E+000  0.000000000000000E+000  0.000000000000000E+000  0.000000000000000E+000  0.000000000000000E+000  0.000000000000000E+000  0.000000000000000E+000  0.000000000000000E+000  0.000000000000000E+000  0.000000000000000E+000  0.000000000000000E+000  0.000000000000000E+000  0.000000000000000E+000  0.000000000000000E+000  0.000000000000000E+000  0.000000000000000E+000  0.000000000000000E+000  0.000000000000000E+000  0.000000000000000E+000  0.000000000000000E+000  0.000000000000000E+000  0.000000000000000E+000
   23.4000028967981       0.000000000000000E+000  0.000000000000000E+000  0.000000000000000E+000  0.000000000000000E+000  0.000000000000000E+000  0.000000000000000E+000  0.000000000000000E+000  0.000000000000000E+000  0.000000000000000E+000  0.000000000000000E+000  0.000000000000000E+000  0.000000000000000E+000  0.000000000000000E+000  0.000000000000000E+000  0.000000000000000E+000  0.000000000000000E+000  0.000000000000000E+000  0.000000000000000E+000  0.000000000000000E+000  0.000000000000000E+000  0.000000000000000E+000  0.000000000000000E+000  0.000000000000000E+000  0.000000000000000E+000
   24.0000033623261       0.000000000000000E+000  0.000000000000000E+000  0.000000000000000E+000  0.000000000000000E+000  0.000000000000000E+000  0.000000000000000E+000  0.000000000000000E+000  0.000000000000000E+000  0.000000000000000E+000  0.000000000000000E+000  0.000000000000000E+000  0.000000000000000E+000  0.000000000000000E+000  0.000000000000000E+000  0.000000000000000E+000  0.000000000000000E+000  0.000000000000000E+000  0.000000000000000E+000  0.000000000000000E+000  0.000000000000000E+000  0.000000000000000E+000  0.000000000000000E+000  0.000000000000000E+000  0.000000000000000E+000
   24.6500030719193       0.000000000000000E+000  0.000000000000000E+000  0.000000000000000E+000  0.000000000000000E+000  0.000000000000000E+000  0.000000000000000E+000  0.000000000000000E+000  0.000000000000000E+000  0.000000000000000E+000  0.000000000000000E+000  0.000000000000000E+000  0.000000000000000E+000  0.000000000000000E+000  0.000000000000000E+000  0.000000000000000E+000  0.000000000000000E+000  0.000000000000000E+000  0.000000000000000E+000  0.000000000000000E+000  0.000000000000000E+000  0.000000000000000E+000  0.000000000000000E+000  0.000000000000000E+000  0.000000000000000E+000
   25.2400033071644       0.000000000000000E+000  0.000000000000000E+000  0.000000000000000E+000  0.000000000000000E+000  0.000000000000000E+000  0.000000000000000E+000  0.000000000000000E+000  0.000000000000000E+000  0.000000000000000E+000  0.000000000000000E+000  0.000000000000000E+000  0.000000000000000E+000  0.000000000000000E+000  0.000000000000000E+000  0.000000000000000E+000  0.000000000000000E+000  0.000000000000000E+000  0.000000000000000E+000  0.000000000000000E+000  0.000000000000000E+000  0.000000000000000E+000  0.000000000000000E+000  0.000000000000000E+000  0.000000000000000E+000
   25.6800039028647       0.000000000000000E+000  0.000000000000000E+000  0.000000000000000E+000  0.000000000000000E+000  0.000000000000000E+000  0.000000000000000E+000  0.000000000000000E+000  0.000000000000000E+000  0.000000000000000E+000  0.000000000000000E+000  0.000000000000000E+000  0.000000000000000E+000  0.000000000000000E+000  0.000000000000000E+000  0.000000000000000E+000  0.000000000000000E+000  0.000000000000000E+000  0.000000000000000E+000  0.000000000000000E+000  0.000000000000000E+000  0.000000000000000E+000  0.000000000000000E+000  0.000000000000000E+000  0.000000000000000E+000
   26.0000036425199       0.000000000000000E+000  0.000000000000000E+000  0.000000000000000E+000  0.000000000000000E+000  0.000000000000000E+000  0.000000000000000E+000  0.000000000000000E+000  0.000000000000000E+000  0.000000000000000E+000  0.000000000000000E+000  0.000000000000000E+000  0.000000000000000E+000  0.000000000000000E+000  0.000000000000000E+000  0.000000000000000E+000  0.000000000000000E+000  0.000000000000000E+000  0.000000000000000E+000  0.000000000000000E+000  0.000000000000000E+000  0.000000000000000E+000  0.000000000000000E+000  0.000000000000000E+000  0.000000000000000E+000
   26.4000033170889       0.000000000000000E+000  0.000000000000000E+000  0.000000000000000E+000  0.000000000000000E+000  0.000000000000000E+000  0.000000000000000E+000  0.000000000000000E+000  0.000000000000000E+000  0.000000000000000E+000  0.000000000000000E+000  0.000000000000000E+000  0.000000000000000E+000  0.000000000000000E+000  0.000000000000000E+000  0.000000000000000E+000  0.000000000000000E+000  0.000000000000000E+000  0.000000000000000E+000  0.000000000000000E+000  0.000000000000000E+000  0.000000000000000E+000  0.000000000000000E+000  0.000000000000000E+000  0.000000000000000E+000
   26.8500041430721       0.000000000000000E+000  0.000000000000000E+000  0.000000000000000E+000  0.000000000000000E+000  0.000000000000000E+000  0.000000000000000E+000  0.000000000000000E+000  0.000000000000000E+000  0.000000000000000E+000  0.000000000000000E+000  0.000000000000000E+000  0.000000000000000E+000  0.000000000000000E+000  0.000000000000000E+000  0.000000000000000E+000  0.000000000000000E+000  0.000000000000000E+000  0.000000000000000E+000  0.000000000000000E+000  0.000000000000000E+000  0.000000000000000E+000  0.000000000000000E+000  0.000000000000000E+000  0.000000000000000E+000
   27.3500042131205       0.000000000000000E+000  0.000000000000000E+000  0.000000000000000E+000  0.000000000000000E+000  0.000000000000000E+000  0.000000000000000E+000  0.000000000000000E+000  0.000000000000000E+000  0.000000000000000E+000  0.000000000000000E+000  0.000000000000000E+000  0.000000000000000E+000  0.000000000000000E+000  0.000000000000000E+000  0.000000000000000E+000  0.000000000000000E+000  0.000000000000000E+000  0.000000000000000E+000  0.000000000000000E+000  0.000000000000000E+000  0.000000000000000E+000  0.000000000000000E+000  0.000000000000000E+000  0.000000000000000E+000
   27.8500042831690       0.000000000000000E+000  0.000000000000000E+000  0.000000000000000E+000  0.000000000000000E+000  0.000000000000000E+000  0.000000000000000E+000  0.000000000000000E+000  0.000000000000000E+000  0.000000000000000E+000  0.000000000000000E+000  0.000000000000000E+000  0.000000000000000E+000  0.000000000000000E+000  0.000000000000000E+000  0.000000000000000E+000  0.000000000000000E+000  0.000000000000000E+000  0.000000000000000E+000  0.000000000000000E+000  0.000000000000000E+000  0.000000000000000E+000  0.000000000000000E+000  0.000000000000000E+000  0.000000000000000E+000
   28.4000035972827       0.000000000000000E+000  0.000000000000000E+000  0.000000000000000E+000  0.000000000000000E+000  0.000000000000000E+000  0.000000000000000E+000  0.000000000000000E+000  0.000000000000000E+000  0.000000000000000E+000  0.000000000000000E+000  0.000000000000000E+000  0.000000000000000E+000  0.000000000000000E+000  0.000000000000000E+000  0.000000000000000E+000  0.000000000000000E+000  0.000000000000000E+000  0.000000000000000E+000  0.000000000000000E+000  0.000000000000000E+000  0.000000000000000E+000  0.000000000000000E+000  0.000000000000000E+000  0.000000000000000E+000
   29.0000040628107       0.000000000000000E+000  0.000000000000000E+000  0.000000000000000E+000  0.000000000000000E+000  0.000000000000000E+000  0.000000000000000E+000  0.000000000000000E+000  0.000000000000000E+000  0.000000000000000E+000  0.000000000000000E+000  0.000000000000000E+000  0.000000000000000E+000  0.000000000000000E+000  0.000000000000000E+000  0.000000000000000E+000  0.000000000000000E+000  0.000000000000000E+000  0.000000000000000E+000  0.000000000000000E+000  0.000000000000000E+000  0.000000000000000E+000  0.000000000000000E+000  0.000000000000000E+000  0.000000000000000E+000
   29.6000045283386       0.000000000000000E+000  0.000000000000000E+000  0.000000000000000E+000  0.000000000000000E+000  0.000000000000000E+000  0.000000000000000E+000  0.000000000000000E+000  0.000000000000000E+000  0.000000000000000E+000  0.000000000000000E+000  0.000000000000000E+000  0.000000000000000E+000  0.000000000000000E+000  0.000000000000000E+000  0.000000000000000E+000  0.000000000000000E+000  0.000000000000000E+000  0.000000000000000E+000  0.000000000000000E+000  0.000000000000000E+000  0.000000000000000E+000  0.000000000000000E+000  0.000000000000000E+000  0.000000000000000E+000
   30.1000045983871       0.000000000000000E+000  0.000000000000000E+000  0.000000000000000E+000  0.000000000000000E+000  0.000000000000000E+000  0.000000000000000E+000  0.000000000000000E+000  0.000000000000000E+000  0.000000000000000E+000  0.000000000000000E+000  0.000000000000000E+000  0.000000000000000E+000  0.000000000000000E+000  0.000000000000000E+000  0.000000000000000E+000  0.000000000000000E+000  0.000000000000000E+000  0.000000000000000E+000  0.000000000000000E+000  0.000000000000000E+000  0.000000000000000E+000  0.000000000000000E+000  0.000000000000000E+000  0.000000000000000E+000
   30.8000035520456       0.000000000000000E+000  0.000000000000000E+000  0.000000000000000E+000  0.000000000000000E+000  0.000000000000000E+000  0.000000000000000E+000  0.000000000000000E+000  0.000000000000000E+000  0.000000000000000E+000  0.000000000000000E+000  0.000000000000000E+000  0.000000000000000E+000  0.000000000000000E+000  0.000000000000000E+000  0.000000000000000E+000  0.000000000000000E+000  0.000000000000000E+000  0.000000000000000E+000  0.000000000000000E+000  0.000000000000000E+000  0.000000000000000E+000  0.000000000000000E+000  0.000000000000000E+000  0.000000000000000E+000
   31.8000036921425       0.000000000000000E+000  0.000000000000000E+000  0.000000000000000E+000  0.000000000000000E+000  0.000000000000000E+000  0.000000000000000E+000  0.000000000000000E+000  0.000000000000000E+000  0.000000000000000E+000  0.000000000000000E+000  0.000000000000000E+000  0.000000000000000E+000  0.000000000000000E+000  0.000000000000000E+000  0.000000000000000E+000  0.000000000000000E+000  0.000000000000000E+000  0.000000000000000E+000  0.000000000000000E+000  0.000000000000000E+000  0.000000000000000E+000  0.000000000000000E+000  0.000000000000000E+000  0.000000000000000E+000
   32.8000038322394       0.000000000000000E+000  0.000000000000000E+000  0.000000000000000E+000  0.000000000000000E+000  0.000000000000000E+000  0.000000000000000E+000  0.000000000000000E+000  0.000000000000000E+000  0.000000000000000E+000  0.000000000000000E+000  0.000000000000000E+000  0.000000000000000E+000  0.000000000000000E+000  0.000000000000000E+000  0.000000000000000E+000  0.000000000000000E+000  0.000000000000000E+000  0.000000000000000E+000  0.000000000000000E+000  0.000000000000000E+000  0.000000000000000E+000  0.000000000000000E+000  0.000000000000000E+000  0.000000000000000E+000
   33.8000039723363       0.000000000000000E+000  0.000000000000000E+000  0.000000000000000E+000  0.000000000000000E+000  0.000000000000000E+000  0.000000000000000E+000  0.000000000000000E+000  0.000000000000000E+000  0.000000000000000E+000  0.000000000000000E+000  0.000000000000000E+000  0.000000000000000E+000  0.000000000000000E+000  0.000000000000000E+000  0.000000000000000E+000  0.000000000000000E+000  0.000000000000000E+000  0.000000000000000E+000  0.000000000000000E+000  0.000000000000000E+000  0.000000000000000E+000  0.000000000000000E+000  0.000000000000000E+000  0.000000000000000E+000
   34.8000041124333       0.000000000000000E+000  0.000000000000000E+000  0.000000000000000E+000  0.000000000000000E+000  0.000000000000000E+000  0.000000000000000E+000  0.000000000000000E+000  0.000000000000000E+000  0.000000000000000E+000  0.000000000000000E+000  0.000000000000000E+000  0.000000000000000E+000  0.000000000000000E+000  0.000000000000000E+000  0.000000000000000E+000  0.000000000000000E+000  0.000000000000000E+000  0.000000000000000E+000  0.000000000000000E+000  0.000000000000000E+000  0.000000000000000E+000  0.000000000000000E+000  0.000000000000000E+000  0.000000000000000E+000
   35.7000057643996       0.000000000000000E+000  0.000000000000000E+000  0.000000000000000E+000  0.000000000000000E+000  0.000000000000000E+000  0.000000000000000E+000  0.000000000000000E+000  0.000000000000000E+000  0.000000000000000E+000  0.000000000000000E+000  0.000000000000000E+000  0.000000000000000E+000  0.000000000000000E+000  0.000000000000000E+000  0.000000000000000E+000  0.000000000000000E+000  0.000000000000000E+000  0.000000000000000E+000  0.000000000000000E+000  0.000000000000000E+000  0.000000000000000E+000  0.000000000000000E+000  0.000000000000000E+000  0.000000000000000E+000
   36.6000036016681       0.000000000000000E+000  0.000000000000000E+000  0.000000000000000E+000  0.000000000000000E+000  0.000000000000000E+000  0.000000000000000E+000  0.000000000000000E+000  0.000000000000000E+000  0.000000000000000E+000  0.000000000000000E+000  0.000000000000000E+000  0.000000000000000E+000  0.000000000000000E+000  0.000000000000000E+000  0.000000000000000E+000  0.000000000000000E+000  0.000000000000000E+000  0.000000000000000E+000  0.000000000000000E+000  0.000000000000000E+000  0.000000000000000E+000  0.000000000000000E+000  0.000000000000000E+000  0.000000000000000E+000
   37.5000052536345       0.000000000000000E+000  0.000000000000000E+000  0.000000000000000E+000  0.000000000000000E+000  0.000000000000000E+000  0.000000000000000E+000  0.000000000000000E+000  0.000000000000000E+000  0.000000000000000E+000  0.000000000000000E+000  0.000000000000000E+000  0.000000000000000E+000  0.000000000000000E+000  0.000000000000000E+000  0.000000000000000E+000  0.000000000000000E+000  0.000000000000000E+000  0.000000000000000E+000  0.000000000000000E+000  0.000000000000000E+000  0.000000000000000E+000  0.000000000000000E+000  0.000000000000000E+000  0.000000000000000E+000
   38.5000053937314       0.000000000000000E+000  0.000000000000000E+000  0.000000000000000E+000  0.000000000000000E+000  0.000000000000000E+000  0.000000000000000E+000  0.000000000000000E+000  0.000000000000000E+000  0.000000000000000E+000  0.000000000000000E+000  0.000000000000000E+000  0.000000000000000E+000  0.000000000000000E+000  0.000000000000000E+000  0.000000000000000E+000  0.000000000000000E+000  0.000000000000000E+000  0.000000000000000E+000  0.000000000000000E+000  0.000000000000000E+000  0.000000000000000E+000  0.000000000000000E+000  0.000000000000000E+000  0.000000000000000E+000
   39.5000055338283       0.000000000000000E+000  0.000000000000000E+000  0.000000000000000E+000  0.000000000000000E+000  0.000000000000000E+000  0.000000000000000E+000  0.000000000000000E+000  0.000000000000000E+000  0.000000000000000E+000  0.000000000000000E+000  0.000000000000000E+000  0.000000000000000E+000  0.000000000000000E+000  0.000000000000000E+000  0.000000000000000E+000  0.000000000000000E+000  0.000000000000000E+000  0.000000000000000E+000  0.000000000000000E+000  0.000000000000000E+000  0.000000000000000E+000  0.000000000000000E+000  0.000000000000000E+000  0.000000000000000E+000
   40.5000056739253       0.000000000000000E+000  0.000000000000000E+000  0.000000000000000E+000  0.000000000000000E+000  0.000000000000000E+000  0.000000000000000E+000  0.000000000000000E+000  0.000000000000000E+000  0.000000000000000E+000  0.000000000000000E+000  0.000000000000000E+000  0.000000000000000E+000  0.000000000000000E+000  0.000000000000000E+000  0.000000000000000E+000  0.000000000000000E+000  0.000000000000000E+000  0.000000000000000E+000  0.000000000000000E+000  0.000000000000000E+000  0.000000000000000E+000  0.000000000000000E+000  0.000000000000000E+000  0.000000000000000E+000
   41.4000073258916       0.000000000000000E+000  0.000000000000000E+000  0.000000000000000E+000  0.000000000000000E+000  0.000000000000000E+000  0.000000000000000E+000  0.000000000000000E+000  0.000000000000000E+000  0.000000000000000E+000  0.000000000000000E+000  0.000000000000000E+000  0.000000000000000E+000  0.000000000000000E+000  0.000000000000000E+000  0.000000000000000E+000  0.000000000000000E+000  0.000000000000000E+000  0.000000000000000E+000  0.000000000000000E+000  0.000000000000000E+000  0.000000000000000E+000  0.000000000000000E+000  0.000000000000000E+000  0.000000000000000E+000
   42.2000066750296       0.000000000000000E+000  0.000000000000000E+000  0.000000000000000E+000  0.000000000000000E+000  0.000000000000000E+000  0.000000000000000E+000  0.000000000000000E+000  0.000000000000000E+000  0.000000000000000E+000  0.000000000000000E+000  0.000000000000000E+000  0.000000000000000E+000  0.000000000000000E+000  0.000000000000000E+000  0.000000000000000E+000  0.000000000000000E+000  0.000000000000000E+000  0.000000000000000E+000  0.000000000000000E+000  0.000000000000000E+000  0.000000000000000E+000  0.000000000000000E+000  0.000000000000000E+000  0.000000000000000E+000
   43.0000060241676       0.000000000000000E+000  0.000000000000000E+000  0.000000000000000E+000  0.000000000000000E+000  0.000000000000000E+000  0.000000000000000E+000  0.000000000000000E+000  0.000000000000000E+000  0.000000000000000E+000  0.000000000000000E+000  0.000000000000000E+000  0.000000000000000E+000  0.000000000000000E+000  0.000000000000000E+000  0.000000000000000E+000  0.000000000000000E+000  0.000000000000000E+000  0.000000000000000E+000  0.000000000000000E+000  0.000000000000000E+000  0.000000000000000E+000  0.000000000000000E+000  0.000000000000000E+000  0.000000000000000E+000
   44.1000046523951       0.000000000000000E+000  0.000000000000000E+000  0.000000000000000E+000  0.000000000000000E+000  0.000000000000000E+000  0.000000000000000E+000  0.000000000000000E+000  0.000000000000000E+000  0.000000000000000E+000  0.000000000000000E+000  0.000000000000000E+000  0.000000000000000E+000  0.000000000000000E+000  0.000000000000000E+000  0.000000000000000E+000  0.000000000000000E+000  0.000000000000000E+000  0.000000000000000E+000  0.000000000000000E+000  0.000000000000000E+000  0.000000000000000E+000  0.000000000000000E+000  0.000000000000000E+000  0.000000000000000E+000
   45.1000047924920       0.000000000000000E+000  0.000000000000000E+000  0.000000000000000E+000  0.000000000000000E+000  0.000000000000000E+000  0.000000000000000E+000  0.000000000000000E+000  0.000000000000000E+000  0.000000000000000E+000  0.000000000000000E+000  0.000000000000000E+000  0.000000000000000E+000  0.000000000000000E+000  0.000000000000000E+000  0.000000000000000E+000  0.000000000000000E+000  0.000000000000000E+000  0.000000000000000E+000  0.000000000000000E+000  0.000000000000000E+000  0.000000000000000E+000  0.000000000000000E+000  0.000000000000000E+000  0.000000000000000E+000
   46.0000064444583       0.000000000000000E+000  0.000000000000000E+000  0.000000000000000E+000  0.000000000000000E+000  0.000000000000000E+000  0.000000000000000E+000  0.000000000000000E+000  0.000000000000000E+000  0.000000000000000E+000  0.000000000000000E+000  0.000000000000000E+000  0.000000000000000E+000  0.000000000000000E+000  0.000000000000000E+000  0.000000000000000E+000  0.000000000000000E+000  0.000000000000000E+000  0.000000000000000E+000  0.000000000000000E+000  0.000000000000000E+000  0.000000000000000E+000  0.000000000000000E+000  0.000000000000000E+000  0.000000000000000E+000
   47.0000065845552       0.000000000000000E+000  0.000000000000000E+000  0.000000000000000E+000  0.000000000000000E+000  0.000000000000000E+000  0.000000000000000E+000  0.000000000000000E+000  0.000000000000000E+000  0.000000000000000E+000  0.000000000000000E+000  0.000000000000000E+000  0.000000000000000E+000  0.000000000000000E+000  0.000000000000000E+000  0.000000000000000E+000  0.000000000000000E+000  0.000000000000000E+000  0.000000000000000E+000  0.000000000000000E+000  0.000000000000000E+000  0.000000000000000E+000  0.000000000000000E+000  0.000000000000000E+000  0.000000000000000E+000
   48.0000067246522       0.000000000000000E+000  0.000000000000000E+000  0.000000000000000E+000  0.000000000000000E+000  0.000000000000000E+000  0.000000000000000E+000  0.000000000000000E+000  0.000000000000000E+000  0.000000000000000E+000  0.000000000000000E+000  0.000000000000000E+000  0.000000000000000E+000  0.000000000000000E+000  0.000000000000000E+000  0.000000000000000E+000  0.000000000000000E+000  0.000000000000000E+000  0.000000000000000E+000  0.000000000000000E+000  0.000000000000000E+000  0.000000000000000E+000  0.000000000000000E+000  0.000000000000000E+000  0.000000000000000E+000
   49.0000068647491       0.000000000000000E+000  0.000000000000000E+000  0.000000000000000E+000  0.000000000000000E+000  0.000000000000000E+000  0.000000000000000E+000  0.000000000000000E+000  0.000000000000000E+000  0.000000000000000E+000  0.000000000000000E+000  0.000000000000000E+000  0.000000000000000E+000  0.000000000000000E+000  0.000000000000000E+000  0.000000000000000E+000  0.000000000000000E+000  0.000000000000000E+000  0.000000000000000E+000  0.000000000000000E+000  0.000000000000000E+000  0.000000000000000E+000  0.000000000000000E+000  0.000000000000000E+000  0.000000000000000E+000
   50.0000070048460       0.000000000000000E+000  0.000000000000000E+000  0.000000000000000E+000  0.000000000000000E+000  0.000000000000000E+000  0.000000000000000E+000  0.000000000000000E+000  0.000000000000000E+000  0.000000000000000E+000  0.000000000000000E+000  0.000000000000000E+000  0.000000000000000E+000  0.000000000000000E+000  0.000000000000000E+000  0.000000000000000E+000  0.000000000000000E+000  0.000000000000000E+000  0.000000000000000E+000  0.000000000000000E+000  0.000000000000000E+000  0.000000000000000E+000  0.000000000000000E+000  0.000000000000000E+000  0.000000000000000E+000
   50.6000055630250       0.000000000000000E+000  0.000000000000000E+000  0.000000000000000E+000  0.000000000000000E+000  0.000000000000000E+000  0.000000000000000E+000  0.000000000000000E+000  0.000000000000000E+000  0.000000000000000E+000  0.000000000000000E+000  0.000000000000000E+000  0.000000000000000E+000  0.000000000000000E+000  0.000000000000000E+000  0.000000000000000E+000  0.000000000000000E+000  0.000000000000000E+000  0.000000000000000E+000  0.000000000000000E+000  0.000000000000000E+000  0.000000000000000E+000  0.000000000000000E+000  0.000000000000000E+000  0.000000000000000E+000
   51.2000079359019       0.000000000000000E+000  0.000000000000000E+000  0.000000000000000E+000  0.000000000000000E+000  0.000000000000000E+000  0.000000000000000E+000  0.000000000000000E+000  0.000000000000000E+000  0.000000000000000E+000  0.000000000000000E+000  0.000000000000000E+000  0.000000000000000E+000  0.000000000000000E+000  0.000000000000000E+000  0.000000000000000E+000  0.000000000000000E+000  0.000000000000000E+000  0.000000000000000E+000  0.000000000000000E+000  0.000000000000000E+000  0.000000000000000E+000  0.000000000000000E+000  0.000000000000000E+000  0.000000000000000E+000
   52.0000072850398       0.000000000000000E+000  0.000000000000000E+000  0.000000000000000E+000  0.000000000000000E+000  0.000000000000000E+000  0.000000000000000E+000  0.000000000000000E+000  0.000000000000000E+000  0.000000000000000E+000  0.000000000000000E+000  0.000000000000000E+000  0.000000000000000E+000  0.000000000000000E+000  0.000000000000000E+000  0.000000000000000E+000  0.000000000000000E+000  0.000000000000000E+000  0.000000000000000E+000  0.000000000000000E+000  0.000000000000000E+000  0.000000000000000E+000  0.000000000000000E+000  0.000000000000000E+000  0.000000000000000E+000
   53.0000074251368       0.000000000000000E+000  0.000000000000000E+000  0.000000000000000E+000  0.000000000000000E+000  0.000000000000000E+000  0.000000000000000E+000  0.000000000000000E+000  0.000000000000000E+000  0.000000000000000E+000  0.000000000000000E+000  0.000000000000000E+000  0.000000000000000E+000  0.000000000000000E+000  0.000000000000000E+000  0.000000000000000E+000  0.000000000000000E+000  0.000000000000000E+000  0.000000000000000E+000  0.000000000000000E+000  0.000000000000000E+000  0.000000000000000E+000  0.000000000000000E+000  0.000000000000000E+000  0.000000000000000E+000
   54.0000075652337       0.000000000000000E+000  0.000000000000000E+000  0.000000000000000E+000  0.000000000000000E+000  0.000000000000000E+000  0.000000000000000E+000  0.000000000000000E+000  0.000000000000000E+000  0.000000000000000E+000  0.000000000000000E+000  0.000000000000000E+000  0.000000000000000E+000  0.000000000000000E+000  0.000000000000000E+000  0.000000000000000E+000  0.000000000000000E+000  0.000000000000000E+000  0.000000000000000E+000  0.000000000000000E+000  0.000000000000000E+000  0.000000000000000E+000  0.000000000000000E+000  0.000000000000000E+000  0.000000000000000E+000
   55.0000077053306       0.000000000000000E+000  0.000000000000000E+000  0.000000000000000E+000  0.000000000000000E+000  0.000000000000000E+000  0.000000000000000E+000  0.000000000000000E+000  0.000000000000000E+000  0.000000000000000E+000  0.000000000000000E+000  0.000000000000000E+000  0.000000000000000E+000  0.000000000000000E+000  0.000000000000000E+000  0.000000000000000E+000  0.000000000000000E+000  0.000000000000000E+000  0.000000000000000E+000  0.000000000000000E+000  0.000000000000000E+000  0.000000000000000E+000  0.000000000000000E+000  0.000000000000000E+000  0.000000000000000E+000
   56.0000078454275       0.000000000000000E+000  0.000000000000000E+000  0.000000000000000E+000  0.000000000000000E+000  0.000000000000000E+000  0.000000000000000E+000  0.000000000000000E+000  0.000000000000000E+000  0.000000000000000E+000  0.000000000000000E+000  0.000000000000000E+000  0.000000000000000E+000  0.000000000000000E+000  0.000000000000000E+000  0.000000000000000E+000  0.000000000000000E+000  0.000000000000000E+000  0.000000000000000E+000  0.000000000000000E+000  0.000000000000000E+000  0.000000000000000E+000  0.000000000000000E+000  0.000000000000000E+000  0.000000000000000E+000
   57.0000079855244       0.000000000000000E+000  0.000000000000000E+000  0.000000000000000E+000  0.000000000000000E+000  0.000000000000000E+000  0.000000000000000E+000  0.000000000000000E+000  0.000000000000000E+000  0.000000000000000E+000  0.000000000000000E+000  0.000000000000000E+000  0.000000000000000E+000  0.000000000000000E+000  0.000000000000000E+000  0.000000000000000E+000  0.000000000000000E+000  0.000000000000000E+000  0.000000000000000E+000  0.000000000000000E+000  0.000000000000000E+000  0.000000000000000E+000  0.000000000000000E+000  0.000000000000000E+000  0.000000000000000E+000
   58.0000081256214       0.000000000000000E+000  0.000000000000000E+000  0.000000000000000E+000  0.000000000000000E+000  0.000000000000000E+000  0.000000000000000E+000  0.000000000000000E+000  0.000000000000000E+000  0.000000000000000E+000  0.000000000000000E+000  0.000000000000000E+000  0.000000000000000E+000  0.000000000000000E+000  0.000000000000000E+000  0.000000000000000E+000  0.000000000000000E+000  0.000000000000000E+000  0.000000000000000E+000  0.000000000000000E+000  0.000000000000000E+000  0.000000000000000E+000  0.000000000000000E+000  0.000000000000000E+000  0.000000000000000E+000
   59.0000082657183       0.000000000000000E+000  0.000000000000000E+000  0.000000000000000E+000  0.000000000000000E+000  0.000000000000000E+000  0.000000000000000E+000  0.000000000000000E+000  0.000000000000000E+000  0.000000000000000E+000  0.000000000000000E+000  0.000000000000000E+000  0.000000000000000E+000  0.000000000000000E+000  0.000000000000000E+000  0.000000000000000E+000  0.000000000000000E+000  0.000000000000000E+000  0.000000000000000E+000  0.000000000000000E+000  0.000000000000000E+000  0.000000000000000E+000  0.000000000000000E+000  0.000000000000000E+000  0.000000000000000E+000
   60.0000084058152       0.000000000000000E+000  0.000000000000000E+000  0.000000000000000E+000  0.000000000000000E+000  0.000000000000000E+000  0.000000000000000E+000  0.000000000000000E+000  0.000000000000000E+000  0.000000000000000E+000  0.000000000000000E+000  0.000000000000000E+000  0.000000000000000E+000  0.000000000000000E+000  0.000000000000000E+000  0.000000000000000E+000  0.000000000000000E+000  0.000000000000000E+000  0.000000000000000E+000  0.000000000000000E+000  0.000000000000000E+000  0.000000000000000E+000  0.000000000000000E+000  0.000000000000000E+000  0.000000000000000E+000
   61.0000085459121       0.000000000000000E+000  0.000000000000000E+000  0.000000000000000E+000  0.000000000000000E+000  0.000000000000000E+000  0.000000000000000E+000  0.000000000000000E+000  0.000000000000000E+000  0.000000000000000E+000  0.000000000000000E+000  0.000000000000000E+000  0.000000000000000E+000  0.000000000000000E+000  0.000000000000000E+000  0.000000000000000E+000  0.000000000000000E+000  0.000000000000000E+000  0.000000000000000E+000  0.000000000000000E+000  0.000000000000000E+000  0.000000000000000E+000  0.000000000000000E+000  0.000000000000000E+000  0.000000000000000E+000
   62.0000086860090       0.000000000000000E+000  0.000000000000000E+000  0.000000000000000E+000  0.000000000000000E+000  0.000000000000000E+000  0.000000000000000E+000  0.000000000000000E+000  0.000000000000000E+000  0.000000000000000E+000  0.000000000000000E+000  0.000000000000000E+000  0.000000000000000E+000  0.000000000000000E+000  0.000000000000000E+000  0.000000000000000E+000  0.000000000000000E+000  0.000000000000000E+000  0.000000000000000E+000  0.000000000000000E+000  0.000000000000000E+000  0.000000000000000E+000  0.000000000000000E+000  0.000000000000000E+000  0.000000000000000E+000
   63.0000088261060       0.000000000000000E+000  0.000000000000000E+000  0.000000000000000E+000  0.000000000000000E+000  0.000000000000000E+000  0.000000000000000E+000  0.000000000000000E+000  0.000000000000000E+000  0.000000000000000E+000  0.000000000000000E+000  0.000000000000000E+000  0.000000000000000E+000  0.000000000000000E+000  0.000000000000000E+000  0.000000000000000E+000  0.000000000000000E+000  0.000000000000000E+000  0.000000000000000E+000  0.000000000000000E+000  0.000000000000000E+000  0.000000000000000E+000  0.000000000000000E+000  0.000000000000000E+000  0.000000000000000E+000
   64.0000089662029       0.000000000000000E+000  0.000000000000000E+000  0.000000000000000E+000  0.000000000000000E+000  0.000000000000000E+000  0.000000000000000E+000  0.000000000000000E+000  0.000000000000000E+000  0.000000000000000E+000  0.000000000000000E+000  0.000000000000000E+000  0.000000000000000E+000  0.000000000000000E+000  0.000000000000000E+000  0.000000000000000E+000  0.000000000000000E+000  0.000000000000000E+000  0.000000000000000E+000  0.000000000000000E+000  0.000000000000000E+000  0.000000000000000E+000  0.000000000000000E+000  0.000000000000000E+000  0.000000000000000E+000
   65.0000091062998       0.000000000000000E+000  0.000000000000000E+000  0.000000000000000E+000  0.000000000000000E+000  0.000000000000000E+000  0.000000000000000E+000  0.000000000000000E+000  0.000000000000000E+000  0.000000000000000E+000  0.000000000000000E+000  0.000000000000000E+000  0.000000000000000E+000  0.000000000000000E+000  0.000000000000000E+000  0.000000000000000E+000  0.000000000000000E+000  0.000000000000000E+000  0.000000000000000E+000  0.000000000000000E+000  0.000000000000000E+000  0.000000000000000E+000  0.000000000000000E+000  0.000000000000000E+000  0.000000000000000E+000
   65.8000122701356       0.000000000000000E+000  0.000000000000000E+000  0.000000000000000E+000  0.000000000000000E+000  0.000000000000000E+000  0.000000000000000E+000  0.000000000000000E+000  0.000000000000000E+000  0.000000000000000E+000  0.000000000000000E+000  0.000000000000000E+000  0.000000000000000E+000  0.000000000000000E+000  0.000000000000000E+000  0.000000000000000E+000  0.000000000000000E+000  0.000000000000000E+000  0.000000000000000E+000  0.000000000000000E+000  0.000000000000000E+000  0.000000000000000E+000  0.000000000000000E+000  0.000000000000000E+000  0.000000000000000E+000
   66.5000093164452       0.000000000000000E+000  0.000000000000000E+000  0.000000000000000E+000  0.000000000000000E+000  0.000000000000000E+000  0.000000000000000E+000  0.000000000000000E+000  0.000000000000000E+000  0.000000000000000E+000  0.000000000000000E+000  0.000000000000000E+000  0.000000000000000E+000  0.000000000000000E+000  0.000000000000000E+000  0.000000000000000E+000  0.000000000000000E+000  0.000000000000000E+000  0.000000000000000E+000  0.000000000000000E+000  0.000000000000000E+000  0.000000000000000E+000  0.000000000000000E+000  0.000000000000000E+000  0.000000000000000E+000
   67.5000094565421       0.000000000000000E+000  0.000000000000000E+000  0.000000000000000E+000  0.000000000000000E+000  0.000000000000000E+000  0.000000000000000E+000  0.000000000000000E+000  0.000000000000000E+000  0.000000000000000E+000  0.000000000000000E+000  0.000000000000000E+000  0.000000000000000E+000  0.000000000000000E+000  0.000000000000000E+000  0.000000000000000E+000  0.000000000000000E+000  0.000000000000000E+000  0.000000000000000E+000  0.000000000000000E+000  0.000000000000000E+000  0.000000000000000E+000  0.000000000000000E+000  0.000000000000000E+000  0.000000000000000E+000
   68.5000095966390       0.000000000000000E+000  0.000000000000000E+000  0.000000000000000E+000  0.000000000000000E+000  0.000000000000000E+000  0.000000000000000E+000  0.000000000000000E+000  0.000000000000000E+000  0.000000000000000E+000  0.000000000000000E+000  0.000000000000000E+000  0.000000000000000E+000  0.000000000000000E+000  0.000000000000000E+000  0.000000000000000E+000  0.000000000000000E+000  0.000000000000000E+000  0.000000000000000E+000  0.000000000000000E+000  0.000000000000000E+000  0.000000000000000E+000  0.000000000000000E+000  0.000000000000000E+000  0.000000000000000E+000
   69.5000097367359       0.000000000000000E+000  0.000000000000000E+000  0.000000000000000E+000  0.000000000000000E+000  0.000000000000000E+000  0.000000000000000E+000  0.000000000000000E+000  0.000000000000000E+000  0.000000000000000E+000  0.000000000000000E+000  0.000000000000000E+000  0.000000000000000E+000  0.000000000000000E+000  0.000000000000000E+000  0.000000000000000E+000  0.000000000000000E+000  0.000000000000000E+000  0.000000000000000E+000  0.000000000000000E+000  0.000000000000000E+000  0.000000000000000E+000  0.000000000000000E+000  0.000000000000000E+000  0.000000000000000E+000
   70.5000098768329       0.000000000000000E+000  0.000000000000000E+000  0.000000000000000E+000  0.000000000000000E+000  0.000000000000000E+000  0.000000000000000E+000  0.000000000000000E+000  0.000000000000000E+000  0.000000000000000E+000  0.000000000000000E+000  0.000000000000000E+000  0.000000000000000E+000  0.000000000000000E+000  0.000000000000000E+000  0.000000000000000E+000  0.000000000000000E+000  0.000000000000000E+000  0.000000000000000E+000  0.000000000000000E+000  0.000000000000000E+000  0.000000000000000E+000  0.000000000000000E+000  0.000000000000000E+000  0.000000000000000E+000
   71.6000085050603       0.000000000000000E+000  0.000000000000000E+000  0.000000000000000E+000  0.000000000000000E+000  0.000000000000000E+000  0.000000000000000E+000  0.000000000000000E+000  0.000000000000000E+000  0.000000000000000E+000  0.000000000000000E+000  0.000000000000000E+000  0.000000000000000E+000  0.000000000000000E+000  0.000000000000000E+000  0.000000000000000E+000  0.000000000000000E+000  0.000000000000000E+000  0.000000000000000E+000  0.000000000000000E+000  0.000000000000000E+000  0.000000000000000E+000  0.000000000000000E+000  0.000000000000000E+000  0.000000000000000E+000
   72.6000086451573       0.000000000000000E+000  0.000000000000000E+000  0.000000000000000E+000  0.000000000000000E+000  0.000000000000000E+000  0.000000000000000E+000  0.000000000000000E+000  0.000000000000000E+000  0.000000000000000E+000  0.000000000000000E+000  0.000000000000000E+000  0.000000000000000E+000  0.000000000000000E+000  0.000000000000000E+000  0.000000000000000E+000  0.000000000000000E+000  0.000000000000000E+000  0.000000000000000E+000  0.000000000000000E+000  0.000000000000000E+000  0.000000000000000E+000  0.000000000000000E+000  0.000000000000000E+000  0.000000000000000E+000
   73.5000102971236       0.000000000000000E+000  0.000000000000000E+000  0.000000000000000E+000  0.000000000000000E+000  0.000000000000000E+000  0.000000000000000E+000  0.000000000000000E+000  0.000000000000000E+000  0.000000000000000E+000  0.000000000000000E+000  0.000000000000000E+000  0.000000000000000E+000  0.000000000000000E+000  0.000000000000000E+000  0.000000000000000E+000  0.000000000000000E+000  0.000000000000000E+000  0.000000000000000E+000  0.000000000000000E+000  0.000000000000000E+000  0.000000000000000E+000  0.000000000000000E+000  0.000000000000000E+000  0.000000000000000E+000
   74.5000104372205       0.000000000000000E+000  0.000000000000000E+000  0.000000000000000E+000  0.000000000000000E+000  0.000000000000000E+000  0.000000000000000E+000  0.000000000000000E+000  0.000000000000000E+000  0.000000000000000E+000  0.000000000000000E+000  0.000000000000000E+000  0.000000000000000E+000  0.000000000000000E+000  0.000000000000000E+000  0.000000000000000E+000  0.000000000000000E+000  0.000000000000000E+000  0.000000000000000E+000  0.000000000000000E+000  0.000000000000000E+000  0.000000000000000E+000  0.000000000000000E+000  0.000000000000000E+000  0.000000000000000E+000
   75.5000105773175       0.000000000000000E+000  0.000000000000000E+000  0.000000000000000E+000  0.000000000000000E+000  0.000000000000000E+000  0.000000000000000E+000  0.000000000000000E+000  0.000000000000000E+000  0.000000000000000E+000  0.000000000000000E+000  0.000000000000000E+000  0.000000000000000E+000  0.000000000000000E+000  0.000000000000000E+000  0.000000000000000E+000  0.000000000000000E+000  0.000000000000000E+000  0.000000000000000E+000  0.000000000000000E+000  0.000000000000000E+000  0.000000000000000E+000  0.000000000000000E+000  0.000000000000000E+000  0.000000000000000E+000
   76.5000107174144       0.000000000000000E+000  0.000000000000000E+000  0.000000000000000E+000  0.000000000000000E+000  0.000000000000000E+000  0.000000000000000E+000  0.000000000000000E+000  0.000000000000000E+000  0.000000000000000E+000  0.000000000000000E+000  0.000000000000000E+000  0.000000000000000E+000  0.000000000000000E+000  0.000000000000000E+000  0.000000000000000E+000  0.000000000000000E+000  0.000000000000000E+000  0.000000000000000E+000  0.000000000000000E+000  0.000000000000000E+000  0.000000000000000E+000  0.000000000000000E+000  0.000000000000000E+000  0.000000000000000E+000
   77.5000108575113       0.000000000000000E+000  0.000000000000000E+000  0.000000000000000E+000  0.000000000000000E+000  0.000000000000000E+000  0.000000000000000E+000  0.000000000000000E+000  0.000000000000000E+000  0.000000000000000E+000  0.000000000000000E+000  0.000000000000000E+000  0.000000000000000E+000  0.000000000000000E+000  0.000000000000000E+000  0.000000000000000E+000  0.000000000000000E+000  0.000000000000000E+000  0.000000000000000E+000  0.000000000000000E+000  0.000000000000000E+000  0.000000000000000E+000  0.000000000000000E+000  0.000000000000000E+000  0.000000000000000E+000
   78.5000109976082       0.000000000000000E+000  0.000000000000000E+000  0.000000000000000E+000  0.000000000000000E+000  0.000000000000000E+000  0.000000000000000E+000  0.000000000000000E+000  0.000000000000000E+000  0.000000000000000E+000  0.000000000000000E+000  0.000000000000000E+000  0.000000000000000E+000  0.000000000000000E+000  0.000000000000000E+000  0.000000000000000E+000  0.000000000000000E+000  0.000000000000000E+000  0.000000000000000E+000  0.000000000000000E+000  0.000000000000000E+000  0.000000000000000E+000  0.000000000000000E+000  0.000000000000000E+000  0.000000000000000E+000
   79.5000111377051       0.000000000000000E+000  0.000000000000000E+000  0.000000000000000E+000  0.000000000000000E+000  0.000000000000000E+000  0.000000000000000E+000  0.000000000000000E+000  0.000000000000000E+000  0.000000000000000E+000  0.000000000000000E+000  0.000000000000000E+000  0.000000000000000E+000  0.000000000000000E+000  0.000000000000000E+000  0.000000000000000E+000  0.000000000000000E+000  0.000000000000000E+000  0.000000000000000E+000  0.000000000000000E+000  0.000000000000000E+000  0.000000000000000E+000  0.000000000000000E+000  0.000000000000000E+000  0.000000000000000E+000
   80.5000112778021       0.000000000000000E+000  0.000000000000000E+000  0.000000000000000E+000  0.000000000000000E+000  0.000000000000000E+000  0.000000000000000E+000  0.000000000000000E+000  0.000000000000000E+000  0.000000000000000E+000  0.000000000000000E+000  0.000000000000000E+000  0.000000000000000E+000  0.000000000000000E+000  0.000000000000000E+000  0.000000000000000E+000  0.000000000000000E+000  0.000000000000000E+000  0.000000000000000E+000  0.000000000000000E+000  0.000000000000000E+000  0.000000000000000E+000  0.000000000000000E+000  0.000000000000000E+000  0.000000000000000E+000
   81.5000114178990       0.000000000000000E+000  0.000000000000000E+000  0.000000000000000E+000  0.000000000000000E+000  0.000000000000000E+000  0.000000000000000E+000  0.000000000000000E+000  0.000000000000000E+000  0.000000000000000E+000  0.000000000000000E+000  0.000000000000000E+000  0.000000000000000E+000  0.000000000000000E+000  0.000000000000000E+000  0.000000000000000E+000  0.000000000000000E+000  0.000000000000000E+000  0.000000000000000E+000  0.000000000000000E+000  0.000000000000000E+000  0.000000000000000E+000  0.000000000000000E+000  0.000000000000000E+000  0.000000000000000E+000
   82.5000115579959       0.000000000000000E+000  0.000000000000000E+000  0.000000000000000E+000  0.000000000000000E+000  0.000000000000000E+000  0.000000000000000E+000  0.000000000000000E+000  0.000000000000000E+000  0.000000000000000E+000  0.000000000000000E+000  0.000000000000000E+000  0.000000000000000E+000  0.000000000000000E+000  0.000000000000000E+000  0.000000000000000E+000  0.000000000000000E+000  0.000000000000000E+000  0.000000000000000E+000  0.000000000000000E+000  0.000000000000000E+000  0.000000000000000E+000  0.000000000000000E+000  0.000000000000000E+000  0.000000000000000E+000
   83.5000116980928       0.000000000000000E+000  0.000000000000000E+000  0.000000000000000E+000  0.000000000000000E+000  0.000000000000000E+000  0.000000000000000E+000  0.000000000000000E+000  0.000000000000000E+000  0.000000000000000E+000  0.000000000000000E+000  0.000000000000000E+000  0.000000000000000E+000  0.000000000000000E+000  0.000000000000000E+000  0.000000000000000E+000  0.000000000000000E+000  0.000000000000000E+000  0.000000000000000E+000  0.000000000000000E+000  0.000000000000000E+000  0.000000000000000E+000  0.000000000000000E+000  0.000000000000000E+000  0.000000000000000E+000
   84.5000118381897       0.000000000000000E+000  0.000000000000000E+000  0.000000000000000E+000  0.000000000000000E+000  0.000000000000000E+000  0.000000000000000E+000  0.000000000000000E+000  0.000000000000000E+000  0.000000000000000E+000  0.000000000000000E+000  0.000000000000000E+000  0.000000000000000E+000  0.000000000000000E+000  0.000000000000000E+000  0.000000000000000E+000  0.000000000000000E+000  0.000000000000000E+000  0.000000000000000E+000  0.000000000000000E+000  0.000000000000000E+000  0.000000000000000E+000  0.000000000000000E+000  0.000000000000000E+000  0.000000000000000E+000
   85.5000119782867       0.000000000000000E+000  0.000000000000000E+000  0.000000000000000E+000  0.000000000000000E+000  0.000000000000000E+000  0.000000000000000E+000  0.000000000000000E+000  0.000000000000000E+000  0.000000000000000E+000  0.000000000000000E+000  0.000000000000000E+000  0.000000000000000E+000  0.000000000000000E+000  0.000000000000000E+000  0.000000000000000E+000  0.000000000000000E+000  0.000000000000000E+000  0.000000000000000E+000  0.000000000000000E+000  0.000000000000000E+000  0.000000000000000E+000  0.000000000000000E+000  0.000000000000000E+000  0.000000000000000E+000
   86.5000121183836       0.000000000000000E+000  0.000000000000000E+000  0.000000000000000E+000  0.000000000000000E+000  0.000000000000000E+000  0.000000000000000E+000  0.000000000000000E+000  0.000000000000000E+000  0.000000000000000E+000  0.000000000000000E+000  0.000000000000000E+000  0.000000000000000E+000  0.000000000000000E+000  0.000000000000000E+000  0.000000000000000E+000  0.000000000000000E+000  0.000000000000000E+000  0.000000000000000E+000  0.000000000000000E+000  0.000000000000000E+000  0.000000000000000E+000  0.000000000000000E+000  0.000000000000000E+000  0.000000000000000E+000
   87.5000122584805       0.000000000000000E+000  0.000000000000000E+000  0.000000000000000E+000  0.000000000000000E+000  0.000000000000000E+000  0.000000000000000E+000  0.000000000000000E+000  0.000000000000000E+000  0.000000000000000E+000  0.000000000000000E+000  0.000000000000000E+000  0.000000000000000E+000  0.000000000000000E+000  0.000000000000000E+000  0.000000000000000E+000  0.000000000000000E+000  0.000000000000000E+000  0.000000000000000E+000  0.000000000000000E+000  0.000000000000000E+000  0.000000000000000E+000  0.000000000000000E+000  0.000000000000000E+000  0.000000000000000E+000
   88.5000123985774       0.000000000000000E+000  0.000000000000000E+000  0.000000000000000E+000  0.000000000000000E+000  0.000000000000000E+000  0.000000000000000E+000  0.000000000000000E+000  0.000000000000000E+000  0.000000000000000E+000  0.000000000000000E+000  0.000000000000000E+000  0.000000000000000E+000  0.000000000000000E+000  0.000000000000000E+000  0.000000000000000E+000  0.000000000000000E+000  0.000000000000000E+000  0.000000000000000E+000  0.000000000000000E+000  0.000000000000000E+000  0.000000000000000E+000  0.000000000000000E+000  0.000000000000000E+000  0.000000000000000E+000
   89.5000125386743       0.000000000000000E+000  0.000000000000000E+000  0.000000000000000E+000  0.000000000000000E+000  0.000000000000000E+000  0.000000000000000E+000  0.000000000000000E+000  0.000000000000000E+000  0.000000000000000E+000  0.000000000000000E+000  0.000000000000000E+000  0.000000000000000E+000  0.000000000000000E+000  0.000000000000000E+000  0.000000000000000E+000  0.000000000000000E+000  0.000000000000000E+000  0.000000000000000E+000  0.000000000000000E+000  0.000000000000000E+000  0.000000000000000E+000  0.000000000000000E+000  0.000000000000000E+000  0.000000000000000E+000
   90.5000126787713       0.000000000000000E+000  0.000000000000000E+000  0.000000000000000E+000  0.000000000000000E+000  0.000000000000000E+000  0.000000000000000E+000  0.000000000000000E+000  0.000000000000000E+000  0.000000000000000E+000  0.000000000000000E+000  0.000000000000000E+000  0.000000000000000E+000  0.000000000000000E+000  0.000000000000000E+000  0.000000000000000E+000  0.000000000000000E+000  0.000000000000000E+000  0.000000000000000E+000  0.000000000000000E+000  0.000000000000000E+000  0.000000000000000E+000  0.000000000000000E+000  0.000000000000000E+000  0.000000000000000E+000
   91.5000128188682       0.000000000000000E+000  0.000000000000000E+000  0.000000000000000E+000  0.000000000000000E+000  0.000000000000000E+000  0.000000000000000E+000  0.000000000000000E+000  0.000000000000000E+000  0.000000000000000E+000  0.000000000000000E+000  0.000000000000000E+000  0.000000000000000E+000  0.000000000000000E+000  0.000000000000000E+000  0.000000000000000E+000  0.000000000000000E+000  0.000000000000000E+000  0.000000000000000E+000  0.000000000000000E+000  0.000000000000000E+000  0.000000000000000E+000  0.000000000000000E+000  0.000000000000000E+000  0.000000000000000E+000
   92.5000129589651       0.000000000000000E+000  0.000000000000000E+000  0.000000000000000E+000  0.000000000000000E+000  0.000000000000000E+000  0.000000000000000E+000  0.000000000000000E+000  0.000000000000000E+000  0.000000000000000E+000  0.000000000000000E+000  0.000000000000000E+000  0.000000000000000E+000  0.000000000000000E+000  0.000000000000000E+000  0.000000000000000E+000  0.000000000000000E+000  0.000000000000000E+000  0.000000000000000E+000  0.000000000000000E+000  0.000000000000000E+000  0.000000000000000E+000  0.000000000000000E+000  0.000000000000000E+000  0.000000000000000E+000
   93.5000130990620       0.000000000000000E+000  0.000000000000000E+000  0.000000000000000E+000  0.000000000000000E+000  0.000000000000000E+000  0.000000000000000E+000  0.000000000000000E+000  0.000000000000000E+000  0.000000000000000E+000  0.000000000000000E+000  0.000000000000000E+000  0.000000000000000E+000  0.000000000000000E+000  0.000000000000000E+000  0.000000000000000E+000  0.000000000000000E+000  0.000000000000000E+000  0.000000000000000E+000  0.000000000000000E+000  0.000000000000000E+000  0.000000000000000E+000  0.000000000000000E+000  0.000000000000000E+000  0.000000000000000E+000
   94.5000132391589       0.000000000000000E+000  0.000000000000000E+000  0.000000000000000E+000  0.000000000000000E+000  0.000000000000000E+000  0.000000000000000E+000  0.000000000000000E+000  0.000000000000000E+000  0.000000000000000E+000  0.000000000000000E+000  0.000000000000000E+000  0.000000000000000E+000  0.000000000000000E+000  0.000000000000000E+000  0.000000000000000E+000  0.000000000000000E+000  0.000000000000000E+000  0.000000000000000E+000  0.000000000000000E+000  0.000000000000000E+000  0.000000000000000E+000  0.000000000000000E+000  0.000000000000000E+000  0.000000000000000E+000
   95.5000133792558       0.000000000000000E+000  0.000000000000000E+000  0.000000000000000E+000  0.000000000000000E+000  0.000000000000000E+000  0.000000000000000E+000  0.000000000000000E+000  0.000000000000000E+000  0.000000000000000E+000  0.000000000000000E+000  0.000000000000000E+000  0.000000000000000E+000  0.000000000000000E+000  0.000000000000000E+000  0.000000000000000E+000  0.000000000000000E+000  0.000000000000000E+000  0.000000000000000E+000  0.000000000000000E+000  0.000000000000000E+000  0.000000000000000E+000  0.000000000000000E+000  0.000000000000000E+000  0.000000000000000E+000
   96.5000135193528       0.000000000000000E+000  0.000000000000000E+000  0.000000000000000E+000  0.000000000000000E+000  0.000000000000000E+000  0.000000000000000E+000  0.000000000000000E+000  0.000000000000000E+000  0.000000000000000E+000  0.000000000000000E+000  0.000000000000000E+000  0.000000000000000E+000  0.000000000000000E+000  0.000000000000000E+000  0.000000000000000E+000  0.000000000000000E+000  0.000000000000000E+000  0.000000000000000E+000  0.000000000000000E+000  0.000000000000000E+000  0.000000000000000E+000  0.000000000000000E+000  0.000000000000000E+000  0.000000000000000E+000
   97.5000136594497       0.000000000000000E+000  0.000000000000000E+000  0.000000000000000E+000  0.000000000000000E+000  0.000000000000000E+000  0.000000000000000E+000  0.000000000000000E+000  0.000000000000000E+000  0.000000000000000E+000  0.000000000000000E+000  0.000000000000000E+000  0.000000000000000E+000  0.000000000000000E+000  0.000000000000000E+000  0.000000000000000E+000  0.000000000000000E+000  0.000000000000000E+000  0.000000000000000E+000  0.000000000000000E+000  0.000000000000000E+000  0.000000000000000E+000  0.000000000000000E+000  0.000000000000000E+000  0.000000000000000E+000
   98.5000137995466       0.000000000000000E+000  0.000000000000000E+000  0.000000000000000E+000  0.000000000000000E+000  0.000000000000000E+000  0.000000000000000E+000  0.000000000000000E+000  0.000000000000000E+000  0.000000000000000E+000  0.000000000000000E+000  0.000000000000000E+000  0.000000000000000E+000  0.000000000000000E+000  0.000000000000000E+000  0.000000000000000E+000  0.000000000000000E+000  0.000000000000000E+000  0.000000000000000E+000  0.000000000000000E+000  0.000000000000000E+000  0.000000000000000E+000  0.000000000000000E+000  0.000000000000000E+000  0.000000000000000E+000
   99.5000139396435       0.000000000000000E+000  0.000000000000000E+000  0.000000000000000E+000  0.000000000000000E+000  0.000000000000000E+000  0.000000000000000E+000  0.000000000000000E+000  0.000000000000000E+000  0.000000000000000E+000  0.000000000000000E+000  0.000000000000000E+000  0.000000000000000E+000  0.000000000000000E+000  0.000000000000000E+000  0.000000000000000E+000  0.000000000000000E+000  0.000000000000000E+000  0.000000000000000E+000  0.000000000000000E+000  0.000000000000000E+000  0.000000000000000E+000  0.000000000000000E+000  0.000000000000000E+000  0.000000000000000E+000
   100.500014079740       0.000000000000000E+000  0.000000000000000E+000  0.000000000000000E+000  0.000000000000000E+000  0.000000000000000E+000  0.000000000000000E+000  0.000000000000000E+000  0.000000000000000E+000  0.000000000000000E+000  0.000000000000000E+000  0.000000000000000E+000  0.000000000000000E+000  0.000000000000000E+000  0.000000000000000E+000  0.000000000000000E+000  0.000000000000000E+000  0.000000000000000E+000  0.000000000000000E+000  0.000000000000000E+000  0.000000000000000E+000  0.000000000000000E+000  0.000000000000000E+000  0.000000000000000E+000  0.000000000000000E+000
   101.500014219837       0.000000000000000E+000  0.000000000000000E+000  0.000000000000000E+000  0.000000000000000E+000  0.000000000000000E+000  0.000000000000000E+000  0.000000000000000E+000  0.000000000000000E+000  0.000000000000000E+000  0.000000000000000E+000  0.000000000000000E+000  0.000000000000000E+000  0.000000000000000E+000  0.000000000000000E+000  0.000000000000000E+000  0.000000000000000E+000  0.000000000000000E+000  0.000000000000000E+000  0.000000000000000E+000  0.000000000000000E+000  0.000000000000000E+000  0.000000000000000E+000  0.000000000000000E+000  0.000000000000000E+000
   102.500014359934       0.000000000000000E+000  0.000000000000000E+000  0.000000000000000E+000  0.000000000000000E+000  0.000000000000000E+000  0.000000000000000E+000  0.000000000000000E+000  0.000000000000000E+000  0.000000000000000E+000  0.000000000000000E+000  0.000000000000000E+000  0.000000000000000E+000  0.000000000000000E+000  0.000000000000000E+000  0.000000000000000E+000  0.000000000000000E+000  0.000000000000000E+000  0.000000000000000E+000  0.000000000000000E+000  0.000000000000000E+000  0.000000000000000E+000  0.000000000000000E+000  0.000000000000000E+000  0.000000000000000E+000
   103.500014500031       0.000000000000000E+000  0.000000000000000E+000  0.000000000000000E+000  0.000000000000000E+000  0.000000000000000E+000  0.000000000000000E+000  0.000000000000000E+000  0.000000000000000E+000  0.000000000000000E+000  0.000000000000000E+000  0.000000000000000E+000  0.000000000000000E+000  0.000000000000000E+000  0.000000000000000E+000  0.000000000000000E+000  0.000000000000000E+000  0.000000000000000E+000  0.000000000000000E+000  0.000000000000000E+000  0.000000000000000E+000  0.000000000000000E+000  0.000000000000000E+000  0.000000000000000E+000  0.000000000000000E+000
   104.500014640128       0.000000000000000E+000  0.000000000000000E+000  0.000000000000000E+000  0.000000000000000E+000  0.000000000000000E+000  0.000000000000000E+000  0.000000000000000E+000  0.000000000000000E+000  0.000000000000000E+000  0.000000000000000E+000  0.000000000000000E+000  0.000000000000000E+000  0.000000000000000E+000  0.000000000000000E+000  0.000000000000000E+000  0.000000000000000E+000  0.000000000000000E+000  0.000000000000000E+000  0.000000000000000E+000  0.000000000000000E+000  0.000000000000000E+000  0.000000000000000E+000  0.000000000000000E+000  0.000000000000000E+000
   105.500014780225       0.000000000000000E+000  0.000000000000000E+000  0.000000000000000E+000  0.000000000000000E+000  0.000000000000000E+000  0.000000000000000E+000  0.000000000000000E+000  0.000000000000000E+000  0.000000000000000E+000  0.000000000000000E+000  0.000000000000000E+000  0.000000000000000E+000  0.000000000000000E+000  0.000000000000000E+000  0.000000000000000E+000  0.000000000000000E+000  0.000000000000000E+000  0.000000000000000E+000  0.000000000000000E+000  0.000000000000000E+000  0.000000000000000E+000  0.000000000000000E+000  0.000000000000000E+000  0.000000000000000E+000
   106.500014920322       0.000000000000000E+000  0.000000000000000E+000  0.000000000000000E+000  0.000000000000000E+000  0.000000000000000E+000  0.000000000000000E+000  0.000000000000000E+000  0.000000000000000E+000  0.000000000000000E+000  0.000000000000000E+000  0.000000000000000E+000  0.000000000000000E+000  0.000000000000000E+000  0.000000000000000E+000  0.000000000000000E+000  0.000000000000000E+000  0.000000000000000E+000  0.000000000000000E+000  0.000000000000000E+000  0.000000000000000E+000  0.000000000000000E+000  0.000000000000000E+000  0.000000000000000E+000  0.000000000000000E+000
   107.500015060419       0.000000000000000E+000  0.000000000000000E+000  0.000000000000000E+000  0.000000000000000E+000  0.000000000000000E+000  0.000000000000000E+000  0.000000000000000E+000  0.000000000000000E+000  0.000000000000000E+000  0.000000000000000E+000  0.000000000000000E+000  0.000000000000000E+000  0.000000000000000E+000  0.000000000000000E+000  0.000000000000000E+000  0.000000000000000E+000  0.000000000000000E+000  0.000000000000000E+000  0.000000000000000E+000  0.000000000000000E+000  0.000000000000000E+000  0.000000000000000E+000  0.000000000000000E+000  0.000000000000000E+000
   108.500015200516       0.000000000000000E+000  0.000000000000000E+000  0.000000000000000E+000  0.000000000000000E+000  0.000000000000000E+000  0.000000000000000E+000  0.000000000000000E+000  0.000000000000000E+000  0.000000000000000E+000  0.000000000000000E+000  0.000000000000000E+000  0.000000000000000E+000  0.000000000000000E+000  0.000000000000000E+000  0.000000000000000E+000  0.000000000000000E+000  0.000000000000000E+000  0.000000000000000E+000  0.000000000000000E+000  0.000000000000000E+000  0.000000000000000E+000  0.000000000000000E+000  0.000000000000000E+000  0.000000000000000E+000
   109.500015340613       0.000000000000000E+000  0.000000000000000E+000  0.000000000000000E+000  0.000000000000000E+000  0.000000000000000E+000  0.000000000000000E+000  0.000000000000000E+000  0.000000000000000E+000  0.000000000000000E+000  0.000000000000000E+000  0.000000000000000E+000  0.000000000000000E+000  0.000000000000000E+000  0.000000000000000E+000  0.000000000000000E+000  0.000000000000000E+000  0.000000000000000E+000  0.000000000000000E+000  0.000000000000000E+000  0.000000000000000E+000  0.000000000000000E+000  0.000000000000000E+000  0.000000000000000E+000  0.000000000000000E+000
   110.500015480710       1.753167894408689E-013  1.609470176430846E-013  1.463629593459965E-013  1.315238301648374E-013  1.163703604574239E-013  1.008114345302694E-013  8.469635819772491E-014  7.635249630652905E-014  6.774972388248226E-014  5.880548603251702E-014  5.322379166587937E-014  4.938937884402365E-014  4.342762465934225E-014  3.928161897275918E-014  3.273182275068774E-014  2.808594141082132E-014  2.565977321920220E-014  2.315410932609358E-014  2.055957801575750E-014  1.786527783494725E-014  1.505764153216670E-014  9.011148039216225E-015  5.675783127928158E-015  2.010842061502988E-015
   111.500015620807       8.780049492634947E-013  8.050202569271179E-013  7.310684120309963E-013  6.560061213544912E-013  5.796305815964769E-013  5.016394641061203E-013  4.215493895729986E-013  3.804743384579938E-013  3.385031139085153E-013  2.953801646376325E-013  2.687907591616016E-013  2.506877534229789E-013  2.228244941627053E-013  2.036535711031799E-013  1.736715728194898E-013  1.525383572466914E-013  1.414913209563256E-013  1.300260432611015E-013  1.180329732128328E-013  1.053537550879193E-013  9.174902106752683E-014  5.995801943218058E-014  3.990613682420005E-014  1.492773161559754E-014
   112.500015760903       1.300840508963390E-012  1.192695956881902E-012  1.083094457166941E-012  9.718289211885368E-013  8.586056410941260E-013  7.429856336930285E-013  6.242656191974137E-013  5.633897801736587E-013  5.011996529116914E-013  4.373272030106342E-013  3.979636296063184E-013  3.711765978342095E-013  3.299773924228678E-013  3.016608565643145E-013  2.574505256255850E-013  2.263685763462689E-013  2.101571425262856E-013  1.933638960922897E-013  1.758370012410242E-013  1.573543423960655E-013  1.375729744493171E-013  9.137368483765585E-014  6.183959674555714E-014  2.375816963155151E-014
   113.500015901000       1.844723832954041E-012  1.690782207029802E-012  1.534855375145841E-012  1.376667364669262E-012  1.215825137023028E-012  1.051738821950025E-012  8.834596506160995E-013  7.972694402304673E-013  7.092995127031707E-013  6.190476207752385E-013  5.634820779390313E-013  5.256954712054489E-013  4.676207261461198E-013  4.277342520140030E-013  3.654981958465224E-013  3.217560603189770E-013  2.989370731593464E-013  2.752886311544822E-013  2.505865883186248E-013  2.245010833827614E-013  1.965205296927790E-013  1.307873223625145E-013  8.843498946024623E-014  3.363009199110778E-014
   114.500016041097       2.295379786508755E-012  2.105670848653270E-012  1.913399543470268E-012  1.718211140993746E-012  1.519604509246538E-012  1.316834409161438E-012  1.108714179147375E-012  1.002054587741686E-012  8.931532306344901E-013  7.813917386807970E-013  7.125677956383173E-013  6.657577685336225E-013  5.937984124918910E-013  5.443559670340932E-013  4.671388185339042E-013  4.127592712461483E-013  3.843255069435888E-013  3.547852201879005E-013  3.238178630813952E-013  2.909445381860768E-013  2.554137127009513E-013  1.703949120683797E-013  1.144944273019624E-013  4.241877028018747E-014
   115.500016181194       2.463691463607205E-012  2.261010933558570E-012  2.055602099372114E-012  1.847087520313800E-012  1.634934249377422E-012  1.418349941381839E-012  1.196072054742931E-012  1.082165622495702E-012  9.658697651432392E-013  8.465190003703833E-013  7.730151709382429E-013  7.230151772826100E-013  6.461305121038680E-013  5.932777338160986E-013  5.106542460228454E-013  4.523641628626376E-013  4.218310338414046E-013  3.900540026704083E-013  3.566622493190272E-013  3.210983534804782E-013  2.824818382891932E-013  1.890195424952172E-013  1.265836077574517E-013  4.559547386880848E-014
   116.500016321291       3.418024644845771E-012  3.142943617145942E-012  2.863705811483095E-012  2.579719981259293E-012  2.290157342165858E-012  1.993793896128915E-012  1.688689222548737E-012  1.531889301875637E-012  1.371423073443782E-012  1.206269357923073E-012  1.104271387907241E-012  1.034741835124711E-012  9.275555997865804E-013  8.536505965447265E-013  7.376762516556002E-013  6.554676809473281E-013  6.122534490241408E-013  5.671530646647533E-013  5.196081874611740E-013  4.687780666684828E-013  4.133301301445648E-013  2.778025006705637E-013  1.860841227835085E-013  6.605760936073698E-014
   117.500016461388       4.148582940405467E-012  3.816453767348757E-012  3.479469671141325E-012  3.136965488646259E-012  2.788008858309549E-012  2.431220490226114E-012  2.064401771164799E-012  1.876121163986576E-012  1.683622264348783E-012  1.485689867867697E-012  1.363522812275029E-012  1.280258148282832E-012  1.151867636494233E-012  1.063263809634935E-012  9.239018643917188E-013  8.246563324845024E-013  7.722370976779775E-013  7.172784716073200E-013  6.589908062263737E-013  5.961838669496559E-013  5.269755583003059E-013  3.543038724537099E-013  2.349987160409206E-013  7.912281106289930E-014
   118.500016601485       4.477394540559028E-012  4.120067326815464E-012  3.756443108182298E-012  3.385581571497121E-012  3.006177806553932E-012  2.616328073172796E-012  2.213055077702136E-012  2.004913831494436E-012  1.791180926256709E-012  1.570331578577174E-012  1.433433391432139E-012  1.339868054684918E-012  1.195202674262135E-012  1.095133065943291E-012  9.375469755187970E-013  8.254617461816370E-013  7.664504246912680E-013  7.048376796262655E-013  6.399218781962241E-013  5.706829552372114E-013  4.955756084662643E-013  3.163467170800547E-013  2.016453940972725E-013  6.507175236116869E-014
   119.500016741582       2.757092898416813E-012  2.537374884277887E-012  2.314246669060420E-012  2.087071633213750E-012  1.854938101688622E-012  1.616456100385755E-012  1.369307123560217E-012  1.241250367950860E-012  1.109072664627921E-012  9.713019138697699E-013  8.849721077465128E-013  8.254011892902256E-013  7.321065964532683E-013  6.665033431764313E-013  5.609126254506648E-013  4.837731933345175E-013  4.424182437485780E-013  3.987109077713918E-013  3.521567286570165E-013  3.021392490217104E-013  2.479259241706440E-013  1.245929708105455E-013  5.842633307818625E-014  7.523359340056957E-015
   120.500016881679       2.780784913051243E-012  2.565783193479138E-012  2.346771243971283E-012  2.122890530903778E-012  1.892868299957150E-012  1.654685858769835E-012  1.404844525133268E-012  1.273648257246539E-012  1.136507395106965E-012  9.911608240061355E-013  8.985420562479958E-013  8.338334320347395E-013  7.310717389225276E-013  6.577516792676714E-013  5.381068101882393E-013  4.499166109940646E-013  4.026595826301106E-013  3.529903994181768E-013  3.007225215045756E-013  2.458023479293718E-013  1.885156475784231E-013  7.314789607706901E-014  2.549820236300946E-014  1.476210796173804E-015
   121.500017021776       0.000000000000000E+000  0.000000000000000E+000  0.000000000000000E+000  0.000000000000000E+000  0.000000000000000E+000  0.000000000000000E+000  0.000000000000000E+000  0.000000000000000E+000  0.000000000000000E+000  0.000000000000000E+000  0.000000000000000E+000  0.000000000000000E+000  0.000000000000000E+000  0.000000000000000E+000  0.000000000000000E+000  0.000000000000000E+000  0.000000000000000E+000  0.000000000000000E+000  0.000000000000000E+000  0.000000000000000E+000  0.000000000000000E+000  0.000000000000000E+000  0.000000000000000E+000  0.000000000000000E+000
   122.500017161873       3.146313070600393E-012  2.908208604439742E-012  2.665151293528610E-012  2.416055817316160E-012  2.159308417221620E-012  1.892343130922990E-012  1.610707499713509E-012  1.461967542331724E-012  1.305712440369053E-012  1.139086804069778E-012  1.032285425880588E-012  9.573576943120795E-013  8.378286486916886E-013  7.521510980722930E-013  6.117362278125649E-013  5.079282640932291E-013  4.522880976428993E-013  3.938762989141560E-013  3.325836088504735E-013  2.685323311546355E-013  2.023650117710242E-013  7.320617733480802E-014  2.347488621803255E-014  1.078578884487755E-015
   123.500017301970       8.051277135021071E-012  7.425815061606869E-012  6.788769123630004E-012  6.138202999695286E-012  5.471410620554939E-012  4.784387479222163E-012  4.070681932937904E-012  3.700494541969932E-012  3.318420137511931E-012  2.920600481424863E-012  2.671771409950228E-012  2.500364564235039E-012  2.232516992079472E-012  2.044641534291479E-012  1.742940716755688E-012  1.522678985899642E-012  1.404389010962880E-012  1.278973806780454E-012  1.144625727454603E-012  9.988903287118108E-013  8.384420282978380E-013  4.561542883169458E-013  2.324929784214690E-013  3.688797482375634E-014
   124.500017442067       1.631551203394284E-011  1.513163380854239E-011  1.392605590508966E-011  1.269673051984521E-011  1.144089433163759E-011  1.015451925799651E-011  8.831061410372589E-012  8.151960389822607E-012  7.458034174700739E-012  6.744897420349710E-012  6.304711610087736E-012  6.004495421112240E-012  5.540752447103473E-012  5.219594642651544E-012  4.710775579891252E-012  4.343538842821317E-012  4.146948655319125E-012  3.938135997160616E-012  3.712775522624704E-012  3.464118609175022E-012  3.181024421195251E-012  2.413984826569747E-012  1.809158139008016E-012  8.474530827418139E-013
   125.500017582163       2.949845963527126E-011  2.742999021968349E-011  2.530928134060891E-011  2.313194110430815E-011  2.089270688761552E-011  1.858497724967784E-011  1.619981371292418E-011  1.497420784697831E-011  1.372337445262607E-011  1.244346552256770E-011  1.165906193050803E-011  1.112800935914804E-011  1.031680091425683E-011  9.763983279484052E-012  8.909951004735135E-012  8.316379677656192E-012  8.008657522194599E-012  7.690613730986569E-012  7.358379153155071E-012  7.005559489512999E-012  6.620805255480791E-012  5.639843871521361E-012  4.860601475948761E-012  3.335261776534830E-012
   126.500017722260       3.094384634942155E-011  2.872003007848131E-011  2.643702703795061E-011  2.408869020350727E-011  2.166730655206976E-011  1.916269354320491E-011  1.656034468022382E-011  1.521583360207617E-011  1.383701070859548E-011  1.241754519873531E-011  1.154243414832063E-011  1.094740784061622E-011  1.003409531042055E-011  9.408529489372945E-012  8.437436126794069E-012  7.760441781299329E-012  7.409696998281054E-012  7.048233393818238E-012  6.672991119460324E-012  6.279162889920563E-012  5.858592715327986E-012  4.857763763534516E-012  4.153406354996132E-012  2.928512561198436E-012
   127.500017862357       4.353145469052847E-011  4.046962326528823E-011  3.731572297840905E-011  3.405953515021202E-011  3.068831729249818E-011  2.718547758040275E-011  2.352796564446814E-011  2.163092951354331E-011  1.968036190846554E-011  1.766731400587321E-011  1.642417557417313E-011  1.557828853909944E-011  1.427959454354733E-011  1.339048195271173E-011  1.201301872596592E-011  1.105705831712330E-011  1.056425913467216E-011  1.005898947259279E-011  9.538201583366522E-012  8.997156520302985E-012  8.427844392708193E-012  7.125268132094256E-012  6.262131281124753E-012  4.795424307119795E-012
   128.500018002454       5.901241712500214E-011  5.486465115211813E-011  5.058850832374611E-011  4.616878243349338E-011  4.158635766089503E-011  3.681615628605201E-011  3.182313590125230E-011  2.922740782693638E-011  2.655335060332817E-011  2.378744898599690E-011  2.207587592301661E-011  2.090958963155208E-011  1.911627961437815E-011  1.788667204910229E-011  1.597909438305187E-011  1.465418252248348E-011  1.397134348500626E-011  1.327179641999493E-011  1.255199659829268E-011  1.180658790434336E-011  1.102674843465895E-011  9.278775138602147E-012  8.172306436808362E-012  6.410622970132808E-012
   129.500018142551       7.184718873232858E-011  6.686244408894658E-011  6.171495026340297E-011  5.638422327783491E-011  5.084418625754263E-011  4.506015939849253E-011  3.898300859060229E-011  3.581231801772478E-011  3.253616231634266E-011  2.913518759402680E-011  2.702330819792094E-011  2.558059764450202E-011  2.335577246896591E-011  2.182524076993378E-011  1.944158239165519E-011  1.777863675039809E-011  1.691902969756420E-011  1.603654149308948E-011  1.512658579516149E-011  1.418238758976010E-011  1.319308312975880E-011  1.097919298160767E-011  9.599847947088236E-012  7.502117883731367E-012
   130.500018282648       7.198676444038708E-011  6.681383892942981E-011  6.148538269126232E-011  5.598194172588391E-011  5.027850604792486E-011  4.434132609912948E-011  3.812156618767390E-011  3.488312470922969E-011  3.154081593759864E-011  2.807390076325670E-011  2.592148154387892E-011  2.445075282127879E-011  2.218126505737759E-011  2.061818822515311E-011  1.817879208310259E-011  1.647136926656729E-011  1.558621283986317E-011  1.467517400165761E-011  1.373277319732385E-011  1.275092590678515E-011  1.171675166426941E-011  9.376727513288749E-012  7.907014036036099E-012  5.752662418322238E-012
   131.500018422745       9.647911664822957E-011  8.978518630263083E-011  8.286584736120389E-011  7.569160962600506E-011  6.822464406395816E-011  6.041416793395303E-011  5.218738334440633E-011  4.788459306219875E-011  4.342914761673201E-011  3.879133921751666E-011  3.590349370966414E-011  3.392651437342013E-011  3.086997024873789E-011  2.876083723439964E-011  2.546337301316266E-011  2.315195758790056E-011  2.195305274537919E-011  2.071908710088493E-011  1.944326999912151E-011  1.811587313644253E-011  1.672193054256479E-011  1.360734411261323E-011  1.170733916767405E-011  9.004640441846728E-012
   132.500018562842       1.133240052494331E-010  1.055089025495119E-010  9.742446967299908E-011  8.903486388299815E-011  8.029391324302607E-011  7.113934845056492E-011  6.148148854010784E-011  5.642267717272044E-011  5.117791260297101E-011  4.571034409615796E-011  4.230098964726580E-011  3.996457809150405E-011  3.634803480926658E-011  3.384912934290481E-011  2.993612856132668E-011  2.718829058145283E-011  2.576128146687539E-011  2.429125047937923E-011  2.276996165253814E-011  2.118566443178958E-011  1.952036101552626E-011  1.579486627377879E-011  1.352185825467046E-011  1.030898745826978E-011
   133.500018702939       1.289970985810661E-010  1.202094891550094E-010  1.111117358778644E-010  1.016612728073289E-010  9.180286643629923E-011  8.146141007583456E-011  7.052775456063830E-011  6.478837539046636E-011  5.882690793984111E-011  5.259757022115644E-011  4.870409921514394E-011  4.603118254694911E-011  4.188494816670372E-011  3.901282650878954E-011  3.450116202011564E-011  3.132044772844498E-011  2.966383744338961E-011  2.795341845001804E-011  2.617884331836668E-011  2.432548014937599E-011  2.237123660135878E-011  1.797982440300369E-011  1.530075532294038E-011  1.156685894366442E-011
   134.500018843036       1.541992153894243E-010  1.437126124306680E-010  1.328516786397858E-010  1.215648328645642E-010  1.097851109688433E-010  9.742139261947124E-011  8.434114577311977E-011  7.747099530156820E-011  7.033174956731935E-011  6.286781030569730E-011  5.820049463475142E-011  5.499530159832922E-011  5.002173809367747E-011  4.657538199397236E-011  4.116011227457094E-011  3.734169733820538E-011  3.535299290727551E-011  3.329992289932158E-011  3.117031734040570E-011  2.894697860115959E-011  2.660389984629607E-011  2.134493171945926E-011  1.814132946348958E-011  1.369706603874377E-011
   135.500018983133       1.678754723567547E-010  1.565183364338291E-010  1.447508105304326E-010  1.325155434911901E-010  1.197377773509477E-010  1.063153034252913E-010  9.209865427447374E-011  8.462299613249232E-011  7.684655464761769E-011  6.870572329305847E-011  6.360830879397446E-011  6.010412893323704E-011  5.465976783972202E-011  5.088148607445773E-011  4.493328055577412E-011  4.072910792831453E-011  3.853569896393716E-011  3.626829703856072E-011  3.391293163472002E-011  3.144996481516683E-011  2.884987793135209E-011  2.299764764276085E-011  1.942315925091852E-011  1.447548439801221E-011
   136.500019123230       1.935720660833782E-010  1.804586028517808E-010  1.668733564020863E-010  1.527505058430874E-010  1.380041968800895E-010  1.225169246761835E-010  1.061165902330310E-010  9.749384868595476E-011  8.852481363032693E-011  7.913584221390066E-011  7.325677525608254E-011  6.921501604989269E-011  6.293461420916699E-011  5.857509373315878E-011  5.170851093385554E-011  4.685082701724424E-011  4.431409030656456E-011  4.168934538688346E-011  3.895932369651448E-011  3.609964234329115E-011  3.307365629935238E-011  2.622912709701743E-011  2.203228253682458E-011  1.626128033464218E-011
   137.500019263326       2.128214640394954E-010  1.984828419284010E-010  1.836247316238828E-010  1.681738420666016E-010  1.520342340460335E-010  1.350740648964555E-010  1.170993670098576E-010  1.076408415376042E-010  9.779486096329673E-011  8.747752195400229E-011  8.101047339394657E-011  7.656092411457448E-011  6.964008673172662E-011  6.483033560432626E-011  5.724308307673946E-011  5.186520227920173E-011  4.905271995326787E-011  4.613928802955543E-011  4.310495272561637E-011  3.992157691317486E-011  3.654697427142038E-011  2.888774770604496E-011  2.417146881616131E-011  1.765957882726533E-011
   138.500019403423       2.331935063053465E-010  2.176626691883661E-010  2.015597469070416E-010  1.848025540670460E-010  1.672830688539517E-010  1.488522341458528E-010  1.292899118259522E-010  1.189811771382987E-010  1.082370753017066E-010  9.696173115587990E-011  8.988385715473835E-011  8.500873190696734E-011  7.741617589137227E-011  7.213163573255648E-011  6.377962960997622E-011  5.784560347403859E-011  5.473665567778046E-011  5.151136583222558E-011  4.814631523760221E-011  4.460833982842461E-011  4.084750030828934E-011  3.225783297228589E-011  2.692034315214359E-011  1.951053377354847E-011
   139.500019543520       2.682959899776805E-010  2.505022758432208E-010  2.320479849298228E-010  2.128379090612337E-010  1.927467781870978E-010  1.716015440708600E-010  1.491463916726548E-010  1.373075355574756E-010  1.249639019611705E-010  1.120040645088417E-010  1.038653954823888E-010  9.825797430047681E-011  8.952211398880765E-011  8.343968686209536E-011  7.382290776405015E-011  6.698737662038495E-011  6.340511819521071E-011  5.968805064607398E-011  5.580903563495546E-011  5.172958531907427E-011  4.739160106627172E-011  3.747276085649970E-011  3.129346756089202E-011  2.268958509301026E-011
   140.500019683617       3.075471975489354E-010  2.873248177383812E-010  2.663320058558907E-010  2.444569372370189E-010  2.215524961939138E-010  1.974154755666128E-010  1.717454529209085E-010  1.581945272542573E-010  1.440520199118885E-010  1.291869022152815E-010  1.198421721324797E-010  1.133991161420612E-010  1.033531693507581E-010  9.635216922188798E-011  8.527122109181018E-011  7.738537483890133E-011  7.324930324599671E-011  6.895507688687326E-011  6.447108094983930E-011  5.975264743288274E-011  5.473269103774333E-011  4.325418526090382E-011  3.612045943074683E-011  2.625364304227006E-011
   141.500019823714       3.378653716983896E-010  3.156020816326329E-010  2.925021774669106E-010  2.684437400712643E-010  2.432660624550153E-010  2.167466800178911E-010  1.885558865628679E-010  1.736785521624751E-010  1.581538713432914E-010  1.418369746510208E-010  1.315792310711506E-010  1.245060391405409E-010  1.134756865698943E-010  1.057865004785009E-010  9.361046881159834E-011  8.493869502760460E-011  8.038729868081161E-011  7.565896717775851E-011  7.071784490042586E-011  6.551319875763548E-011  5.996876195295013E-011  4.725340565689271E-011  3.931519644920925E-011  2.827014181079037E-011
   142.500019963811       3.759008632104402E-010  3.512291504729738E-010  3.256241658600131E-010  2.989496057481716E-010  2.710256218286798E-010  2.416029059663287E-010  2.103112418886561E-010  1.937899370113424E-010  1.765427616145662E-010  1.584058247480147E-010  1.469975382806636E-010  1.391275069638561E-010  1.268477168231525E-010  1.182817531567147E-010  1.047053449873433E-010  9.502541642767202E-011  8.994066086839308E-011  8.465479518585241E-011  7.912697764783056E-011  7.329947722231502E-011  6.708563262165263E-011  5.281098290222400E-011  4.388280685538235E-011  3.145299449646027E-011
   143.500020103908       4.078773369362378E-010  3.813112382385716E-010  3.537230998792664E-010  3.249616357002042E-010  2.948267172055150E-010  2.630401758005339E-010  2.291878508090635E-010  2.112912993550283E-010  1.925882247957006E-010  1.728946256841007E-010  1.604918314114658E-010  1.519280511325891E-010  1.385520743576123E-010  1.292107393954554E-010  1.143858255566549E-010  1.038002129405028E-010  9.823444086373164E-011  9.244473362371767E-011  8.638597019635851E-011  7.999436519499041E-011  7.317391590876356E-011  5.747684406048964E-011  4.762275602309298E-011  3.389295216887931E-011
   144.200017150218       4.787123058533712E-010  4.477301051763216E-010  4.155304354521054E-010  3.819328986716063E-010  3.466996886666931E-010  3.095017157555273E-010  2.698514847132033E-010  2.488774189876161E-010  2.269510292867500E-010  2.038580331463070E-010  1.893129935456286E-010  1.792700864316195E-010  1.635848861377511E-010  1.526323338482309E-010  1.352542039665744E-010  1.228490391562017E-010  1.163278343788253E-010  1.095451423103238E-010  1.024481692200288E-010  9.496237428327726E-011  8.697600083152186E-011  6.861705592400420E-011  5.713915773602455E-011  4.123927739754145E-011
   144.700017220266       4.852209336150516E-010  4.538091529687209E-010  4.211775199233234E-010  3.871454707996459E-010  3.514742069830567E-010  3.138319270767057E-010  2.737248087635360E-010  2.525136193709538E-010  2.303404078060129E-010  2.069857191110777E-010  1.922731100008372E-010  1.821124295208192E-010  1.662384872097768E-010  1.551495815576952E-010  1.375448616686118E-010  1.249682585521788E-010  1.183530446259271E-010  1.114693734319951E-010  1.042629248169400E-010  9.665703579949727E-011  8.853679456974463E-011  6.984154613562398E-011  5.811286104154151E-011  4.170179803146048E-011
   145.500020384102       5.463919763831128E-010  5.112338141191191E-010  4.746925656612586E-010  4.365625832416760E-010  3.965721186008919E-010  3.543439795308718E-010  3.093174629439571E-010  2.854902033456712E-010  2.605714124301964E-010  2.343128378013706E-010  2.177646932873322E-010  2.063336920808045E-010  1.884710038120759E-010  1.759900376693642E-010  1.561707901436679E-010  1.420084613393042E-010  1.345575315436313E-010  1.268025392741681E-010  1.186812954116394E-010  1.101055740459553E-010  1.009423264684286E-010  7.978977104147735E-011  6.645843052962742E-011  4.779309144530646E-011
   146.500020524199       5.926066689101831E-010  5.548580575206165E-010  5.155923531317397E-010  4.745806426069364E-010  4.315197176483650E-010  3.859877522324158E-010  3.373563576388901E-010  3.115813204765690E-010  2.845910681718570E-010  2.561060489681800E-010  2.381284954429700E-010  2.256967221362719E-010  2.062457275089010E-010  1.926352973350585E-010  1.709845764516066E-010  1.554815951409980E-010  1.473137722828077E-010  1.388039375320601E-010  1.298828422147045E-010  1.204528831011181E-010  1.103680425665033E-010  8.707982652350525E-011  7.242507497799463E-011  5.192036966572890E-011
   147.500020664296       6.460364328871443E-010  6.048620230038271E-010  5.620566184296499E-010  5.173746745116222E-010  4.704901531607720E-010  4.209481274069707E-010  3.680687312825444E-010  3.400552894084076E-010  3.107292938268087E-010  2.797863862936870E-010  2.602602167108265E-010  2.467581508375841E-010  2.256324200396821E-010  2.108490081643639E-010  1.873273576549490E-010  1.704774132659878E-010  1.615958724729220E-010  1.523381732784273E-010  1.426268428239038E-010  1.323521976298966E-010  1.213493608911008E-010  9.584862061440096E-011  7.969829015457519E-011  5.690586375003921E-011
   148.500020804393       7.235141750436214E-010  6.778424822441878E-010  6.303253519649346E-010  5.806821934828785E-010  5.285403313569140E-010  4.733797231504598E-010  4.144231719170595E-010  3.831530060032606E-010  3.503870177468696E-010  3.157770109427714E-010  2.939149988421444E-010  2.787870562691474E-010  2.550986804052428E-010  2.385075789888216E-010  2.120841642271994E-010  1.931363330104446E-010  1.831430839734115E-010  1.727229085655635E-010  1.617890694243179E-010  1.502191885424032E-010  1.378297530550021E-010  1.091301544461688E-010  9.095549011325921E-011  6.524794050625786E-011
   149.500020944490       8.503144660234383E-010  7.973580437508745E-010  7.421816980733752E-010  6.844458213414268E-010  6.237002263179126E-010  5.593181101050799E-010  4.903650501155235E-010  4.537325179712300E-010  4.153022019091204E-010  3.746585425643803E-010  3.489588811876380E-010  3.311637559341890E-010  3.032806214798783E-010  2.837390081549157E-010  2.525971312287083E-010  2.302524210656247E-010  2.184633494233811E-010  2.061673508678973E-010  1.932611941368126E-010  1.795988283355091E-010  1.649607241658511E-010  1.310120875555483E-010  1.095111321872336E-010  7.929622290563740E-011
   150.500021084586       9.675915327139694E-010  9.077898076201393E-010  8.454355819864305E-010  7.801350091302356E-010  7.113656493055840E-010  6.383997439352469E-010  5.601521663491311E-010  5.185346952374777E-010  4.748365530922544E-010  4.285761500849708E-010  3.992995203612841E-010  3.790157672701371E-010  3.472137628645248E-010  3.249120239266251E-010  2.893514237243112E-010  2.638256459775081E-010  2.503570655395762E-010  2.363103464696412E-010  2.215698275770546E-010  2.059721926793381E-010  1.892721335059955E-010  1.506112543257374E-010  1.261892940260655E-010  9.190680867879205E-011
   151.200018130896       9.652361316636883E-010  9.050042285553993E-010  8.423064110649620E-010  7.767653344678758E-010  7.078791619573557E-010  6.349463969399222E-010  5.569162235280088E-010  5.154902798852441E-010  4.720478687871227E-010  4.261149918287346E-010  3.970723759347465E-010  3.769609519783418E-010  3.454418424229838E-010  3.233439173054330E-010  2.881059907702257E-010  2.627975452460426E-010  2.494332656139389E-010  2.354834516575651E-010  2.208265218905729E-010  2.052892445565113E-010  1.886086516141557E-010  1.496851917565113E-010  1.247079834062141E-010  8.891815033565280E-011
   151.700018200944       1.086374815725307E-009  1.019590670754954E-009  9.499497236699051E-010  8.770067737393197E-010  8.001695640139857E-010  7.186112349723818E-010  6.310976651683106E-010  5.845243910300115E-010  5.355985489128347E-010  4.837738702784027E-010  4.509582080522983E-010  4.282137382450953E-010  3.925375519992834E-010  3.675053837293124E-010  3.275610559557798E-010  2.988569501109783E-010  2.836963023142861E-010  2.678703703017167E-010  2.512428160344045E-010  2.336203896134597E-010  2.147121281514581E-010  1.707209855950586E-010  1.427258063171781E-010  1.031564841826080E-010
   152.500021364780       1.403077521290171E-009  1.318578133393834E-009  1.230111959985300E-009  1.137039680169841E-009  1.038514544800523E-009  9.333626085160562E-010  8.198494094604608E-010  7.591468398733007E-010  6.951616207530451E-010  6.271532111619864E-010  5.839755459612488E-010  5.540025627057506E-010  5.069226135730717E-010  4.738520875253555E-010  4.210492495415932E-010  3.831131878820067E-010  3.630926177774851E-010  3.422149588414168E-010  3.203144345090803E-010  2.971592059488800E-010  2.724063097768485E-010  2.154726291964129E-010  1.801391515182952E-010  1.324737268277626E-010
   153.500021504877       2.601742081300437E-009  2.460841722521979E-009  2.312091039212772E-009  2.153888517617340E-009  1.984081710985762E-009  1.799656225411000E-009  1.596150157578051E-009  1.485173576065596E-009  1.366411986974082E-009  1.238051880543120E-009  1.155374664687935E-009  1.097434474932241E-009  1.005526611696199E-009  9.403298293217819E-010  8.352254311883406E-010  7.590595176607315E-010  7.186953097461301E-010  6.765203503696962E-010  6.322372339283448E-010  5.854461856366289E-010  5.355838618467520E-010  4.227011447052106E-010  3.555608334329561E-010  2.731037206790517E-010
   154.500021644974       3.214225765839096E-009  3.037137269492008E-009  2.850779247264756E-009  2.653139618276457E-009  2.441525421120998E-009  2.212180745494778E-009  1.959571485243897E-009  1.821989037814059E-009  1.674877903313922E-009  1.516021418674154E-009  1.413788122146830E-009  1.342189128418121E-009  1.228706208666682E-009  1.148285778852530E-009  1.018821644039352E-009  9.251869899124166E-010  8.756461914103698E-010  8.239560408323310E-010  7.697772740681835E-010  7.126578854564226E-010  6.519676675888301E-010  5.155446956590864E-010  4.353977464146713E-010  3.388172041822726E-010
   155.500021785071       3.732114774970652E-009  3.530900958930290E-009  3.318831030825843E-009  3.093506116656044E-009  2.851703109469250E-009  2.588909927928490E-009  2.298452814713422E-009  2.139759907792669E-009  1.969649729649610E-009  1.785421409908462E-009  1.666541843923435E-009  1.583126522789773E-009  1.450632443681293E-009  1.356518489905139E-009  1.204600061197036E-009  1.094394001111001E-009  1.035969191219428E-009  9.749229231573897E-010  9.108431411981558E-010  8.431832972648703E-010  7.711857362950460E-010  6.090334836825271E-010  5.137464906585622E-010  3.995097430587977E-010
   156.500021925168       3.593077208460365E-009  3.401484157432934E-009  3.199010026600034E-009  2.983347709162348E-009  2.751393659491610E-009  2.498797276996157E-009  2.219111854035390E-009  2.066119388172403E-009  1.901992479277793E-009  1.724105378820410E-009  1.609242939886812E-009  1.528610675805552E-009  1.400473193620323E-009  1.309401795779326E-009  1.162286598576882E-009  1.055459436164646E-009  9.987788548617673E-010  9.395109342777073E-010  8.772375063895750E-010  8.113986124842750E-010  7.412086265297943E-010  5.823212272476227E-010  4.880210804998385E-010  3.732381865224704E-010
   157.500022065265       4.947045164803936E-009  4.692648576430586E-009  4.423950441620897E-009  4.137686904892544E-009  3.829430111918094E-009  3.492913369047308E-009  3.118751377166578E-009  2.913156187327337E-009  2.691707673106860E-009  2.450485231447641E-009  2.293971679896176E-009  2.183712651442665E-009  2.007785015301435E-009  1.882185584246173E-009  1.678243925801415E-009  1.529305452195549E-009  1.449988308174492E-009  1.366837112409387E-009  1.279244547868177E-009  1.186409554122422E-009  1.087231522569932E-009  8.625381529662841E-010  7.300132869574395E-010  5.720057630636120E-010
   158.500022205362       5.601947176546832E-009  5.318464882739439E-009  5.018801122611329E-009  4.699252408951297E-009  4.354787331924458E-009  3.978270341403617E-009  3.558981061136482E-009  3.328254501355890E-009  3.079429806724734E-009  2.807969784993849E-009  2.631569811114267E-009  2.507159436031544E-009  2.308382830152963E-009  2.166248691195974E-009  1.935020532867101E-009  1.765780956916255E-009  1.675515400119725E-009  1.580781004400765E-009  1.480867876487478E-009  1.374840992558599E-009  1.261416640413800E-009  1.003817586638012E-009  8.512994755137275E-010  6.683265327060146E-010
   159.500022345459       6.511451489157807E-009  6.189184942938453E-009  5.847892052583091E-009  5.483236850787414E-009  5.089317007728104E-009  4.657746346512647E-009  4.175902653549157E-009  3.910182060226115E-009  3.623153064448982E-009  3.309447566216985E-009  3.105268123264448E-009  2.961104345989746E-009  2.730476972755740E-009  2.565337243705003E-009  2.296234040039243E-009  2.098881223548945E-009  1.993469160031109E-009  1.882712874019855E-009  1.765749760682847E-009  1.641440399207433E-009  1.508216644656718E-009  1.204579196657636E-009  1.024114666103014E-009  8.076526317693870E-010
   160.500022485556       6.737110047950723E-009  6.402121743683796E-009  6.047653990734993E-009  5.669265489040516E-009  5.260908634286907E-009  4.813982698220447E-009  4.315518807185322E-009  4.040835304569993E-009  3.744249850826789E-009  3.420197022481518E-009  3.209303259770425E-009  3.060392152229852E-009  2.822129739255303E-009  2.651468757627019E-009  2.373210521548170E-009  2.168964574346349E-009  2.059788201635447E-009  1.945001702129092E-009  1.823685254709454E-009  1.694620638052865E-009  1.556126115750537E-009  1.239578550067082E-009  1.050551485624735E-009  8.217106234219818E-010
   161.500022625653       7.387768139265459E-009  7.013041656063932E-009  6.618092359024010E-009  6.198027206706228E-009  5.746192192139973E-009  5.253126968231539E-009  4.704564867588124E-009  4.402734591826975E-009  4.077111433240787E-009  3.721577828804959E-009  3.490300111472211E-009  3.327034391458267E-009  3.065858139430188E-009  2.878820015370186E-009  2.573920956651806E-009  2.350178842458435E-009  2.230608544149777E-009  2.104920744068110E-009  1.972119509949880E-009  1.830886642944114E-009  1.679400306522752E-009  1.333351813925722E-009  1.126551072752778E-009  8.753439906821838E-010
   162.500022765750       7.856715860424746E-009  7.448374742969721E-009  7.020565737388183E-009  6.567971409562926E-009  6.083435378018387E-009  5.556832246363395E-009  4.972925652253643E-009  4.652295644281907E-009  4.306763849120817E-009  3.929815612924942E-009  3.684734974587785E-009  3.511767826704462E-009  3.235121493431714E-009  3.037026887747251E-009  2.714114774289914E-009  2.477145098585784E-009  2.350499174621748E-009  2.217368629544150E-009  2.076699718769469E-009  1.927100947402174E-009  1.766654462603607E-009  1.400279763107467E-009  1.181384737339114E-009  9.145842351402090E-010
   163.500022905846       1.005107739957628E-008  9.507316374076406E-009  8.943641012029240E-009  8.352433118806276E-009  7.723948310663164E-009  7.044783246010906E-009  6.295044610411932E-009  5.884385726965246E-009  5.442397118802728E-009  4.960700558683823E-009  4.647713538622337E-009  4.426897940764643E-009  4.073843714179731E-009  3.821129719269366E-009  3.409370155568165E-009  3.107373825774559E-009  2.946045530728521E-009  2.776515086791140E-009  2.597454616738013E-009  2.407111050099450E-009  2.203072258190937E-009  1.737826721296215E-009  1.461093000082946E-009  1.128273323347493E-009
   164.500023045943       1.297863077973593E-008  1.219000824291698E-008  1.140120318160461E-008  1.059670092996162E-008  9.760173556140732E-009  8.872191512643182E-009  7.906234137946193E-009  7.382006095249845E-009  6.820791805180132E-009  6.212023787247623E-009  5.817768807312977E-009  5.540131796052278E-009  5.096983331081230E-009  4.780275707637579E-009  4.265006744438307E-009  3.887637419896475E-009  3.686231099079292E-009  3.474734298247187E-009  3.251532008709683E-009  3.014504174753760E-009  2.760751041421019E-009  2.183863665893324E-009  1.842225906725437E-009  1.433334770670599E-009
   165.500023186040       9.405891262626749E-009  8.830568717045413E-009  8.245852066999250E-009  7.642489830729410E-009  7.010189601021037E-009  6.336196694543983E-009  5.602804953754161E-009  5.205828742268679E-009  4.782391446560068E-009  4.325562649039794E-009  4.031415499195458E-009  3.825196735866618E-009  3.497774128437431E-009  3.265170889101962E-009  2.889378082339873E-009  2.616284953380292E-009  2.471259119839455E-009  2.319488620523555E-009  2.159857575953403E-009  1.990872075767172E-009  1.810438675481418E-009  1.400777913205617E-009  1.156921564813396E-009  8.599193514333200E-010
   166.500023326137       1.560723494710930E-008  1.453536341933085E-008  1.350494925856140E-008  1.248446283748653E-008  1.144541930178138E-008  1.035904761599190E-008  9.190909698805282E-009  8.561598356469635E-009  7.890933682044807E-009  7.166609107619038E-009  6.699120414239240E-009  6.370622191076693E-009  5.847455514808146E-009  5.474407253256532E-009  4.868925599720006E-009  4.426584682895442E-009  4.190866857579402E-009  3.943602473179467E-009  3.682934199731993E-009  3.406420353242896E-009  3.110714095505959E-009  2.439377328179133E-009  2.041659969919109E-009  1.561986451754040E-009
   167.200020372447       1.135211789455637E-008  1.057105413419112E-008  9.811053450353197E-009  9.051068398189811E-009  8.271922736005731E-009  7.454082610220467E-009  6.574094943645985E-009  6.100905214396007E-009  5.598044405909884E-009  5.057275848222647E-009  4.709864200338408E-009  4.466612977221072E-009  4.080850344983832E-009  3.807107198768636E-009  3.365334342049176E-009  3.044659882714487E-009  2.874498380260273E-009  2.696530641123336E-009  2.509475557104342E-009  2.311618810976609E-009  2.100550901485052E-009  1.621867756565302E-009  1.336519767455494E-009  9.861756046824778E-010
   167.700020442495       1.687719107807386E-008  1.552278421672957E-008  1.430098087812184E-008  1.314857145156068E-008  1.201410957293499E-008  1.085337072920843E-008  9.622195571932942E-009  8.963601284620216E-009  8.264255741090295E-009  7.511102155067282E-009  7.025842725706961E-009  6.685127843227350E-009  6.142798988101481E-009  5.756197239153418E-009  5.128681101209475E-009  4.670041887791120E-009  4.425513170960417E-009  4.168879296561751E-009  3.898161086463947E-009  3.610753513326478E-009  3.303085813122466E-009  2.603270117469480E-009  2.188102776041618E-009  1.688132212114287E-009
   168.500023606331       2.659958462050199E-008  2.354978798160242E-008  2.107177670113555E-008  1.898592204620776E-008  1.713788782736231E-008  1.539791406116943E-008  1.365351698980188E-008  1.274539567422013E-008  1.179247284813672E-008  1.077424979076462E-008  1.012046400521605E-008  9.661729807398304E-009  8.931008267412025E-009  8.408987609238303E-009  7.558169813169713E-009  6.932544760315034E-009  6.597387737776843E-009  6.244310219604338E-009  5.870287660792625E-009  5.471376021378201E-009  5.042246552216874E-009  4.059188407088195E-009  3.474289480632915E-009  2.780406111123931E-009
   169.500023746428       4.052255601491059E-008  3.503236845951894E-008  3.044595638001661E-008  2.659778451668614E-008  2.332664694886753E-008  2.047556140582804E-008  1.788315499926607E-008  1.662798407616479E-008  1.536510530968568E-008  1.406244734763372E-008  1.324535252754932E-008  1.267918694773233E-008  1.178730586459346E-008  1.115630932513483E-008  1.013620114801965E-008  9.390812840796666E-009  8.992588624388257E-009  8.573618407638565E-009  8.130185914646282E-009  7.657478908714198E-009  7.149093706690900E-009  5.986412958776987E-009  5.301615816103610E-009  4.520059259624448E-009
   170.500023886525       1.102669274636222E-007  8.945960337278526E-008  7.183634419220636E-008  5.720281122004307E-008  4.529497070069869E-008  3.579199809415572E-008  2.833533883207871E-008  2.525301477838766E-008  2.252730499357745E-008  2.008864924133783E-008  1.872680386935779E-008  1.784671540049412E-008  1.654752416122090E-008  1.568147989898607E-008  1.435514367546646E-008  1.343375787782480E-008  1.295602335234410E-008  1.246367404927864E-008  1.195375155958196E-008  1.142274456229059E-008  1.086648766191256E-008  9.659307176514284E-009  9.003932120262668E-009  8.350899033495136E-009
   171.500024026622       2.878331545220770E-007  2.324997534441189E-007  1.835845636421073E-007  1.414216709709245E-007  1.062073646934948E-007  7.793175998547875E-008  5.631399436754562E-008  4.783077307118221E-008  4.076874594911409E-008  3.500616643554625E-008  3.211167663210149E-008  3.039311607528063E-008  2.809734493332189E-008  2.673099179222492E-008  2.488045228975731E-008  2.375045576406141E-008  2.321011984475900E-008  2.268467185215179E-008  2.217451079177369E-008  2.168232858923548E-008  2.121489599096437E-008  2.043179377593919E-008  2.023384349578872E-008  2.049327371863203E-008
   172.500024166719       3.780689121617318E-007  3.072062284918032E-007  2.436444997030661E-007  1.880101428838335E-007  1.408178367106119E-007  1.023806832343263E-007  7.270580901070733E-008  6.104909214631087E-008  5.140031528491572E-008  4.363387266498834E-008  3.980858306726478E-008  3.757759731999589E-008  3.466601921464619E-008  3.298381144522835E-008  3.078657351027950E-008  2.950149724456045E-008  2.890501670741794E-008  2.833792656503416E-008  2.780178108321763E-008  2.730180433559675E-008  2.684965393272514E-008  2.621348146996080E-008  2.621269184746736E-008  2.692733053537823E-008
   173.500024306816       5.615733786149489E-007  4.567941722411350E-007  3.618852077284352E-007  2.780837584840895E-007  2.065266540612872E-007  1.480749779802966E-007  1.030749416057050E-007  8.552457932467637E-008  7.111363326998855E-008  5.965169649239744E-008  5.408943683632762E-008  5.089012627109163E-008  4.679796461660438E-008  4.450232315369945E-008  4.163087006529072E-008  4.005157680094607E-008  3.935316514979371E-008  3.871488709658973E-008  3.814047292757228E-008  3.764000336642743E-008  3.723479206396461E-008  3.692940905929813E-008  3.734165630942333E-008  3.896588003724176E-008
   174.500024446913       5.490337549493422E-007  4.467471009098772E-007  3.542794444611936E-007  2.727766511455023E-007  2.032648451495662E-007  1.464870957488712E-007  1.026878688657159E-007  8.554037435392890E-008  7.139684408862582E-008  6.006713387596973E-008  5.451944218206351E-008  5.130267980211069E-008  4.714296010408127E-008  4.477401122485682E-008  4.174785025356365E-008  4.003247138300720E-008  3.925449029351139E-008  3.852757807964046E-008  3.785379172667315E-008  3.724070247043949E-008  3.670577742748531E-008  3.606051398323992E-008  3.623050919362454E-008  3.749898710685594E-008
   175.500024587009       8.250265948848963E-007  6.763498465914051E-007  5.399969454780502E-007  4.179513504742776E-007  3.121733649871423E-007  2.243648394343937E-007  1.556164439630990E-007  1.284626473681609E-007  1.060072300950406E-007  8.806411358120857E-008  7.935783921336907E-008  7.436911755300810E-008  6.804546175121717E-008  6.455733069652984E-008  6.032233991695144E-008  5.810375501588139E-008  5.716354830030018E-008  5.633554651406495E-008  5.562603344481834E-008  5.505168954107892E-008  5.464794727100918E-008  5.471869045651332E-008  5.571529910739381E-008  5.874621102777534E-008
   176.500024727106       4.459950516307876E-007  3.669806503071333E-007  2.952541339588613E-007  2.315773028658952E-007  1.766289202005124E-007  1.309068078452265E-007  9.461235942332842E-008  7.995913579523401E-008  6.756261903332492E-008  5.733706721277387E-008  5.219621463907614E-008  4.916289067108691E-008  4.516968777395415E-008  4.285224020640148E-008  3.983351776988747E-008  3.808491506737315E-008  3.728004030885718E-008  3.651937728000020E-008  3.580462540096104E-008  3.514268022045123E-008  3.455003787163865E-008  3.375953089058345E-008  3.384786740082683E-008  3.507714597499711E-008
   177.500024867203       7.296786397038131E-007  5.989246418677788E-007  4.793562201727339E-007  3.725676036071423E-007  2.800812917937787E-007  2.031508402931902E-007  1.424958991056557E-007  1.182867110087273E-007  9.805546301439708E-008  8.166107322773655E-008  7.358672142833178E-008  6.890474795710851E-008  6.287898266411873E-008  5.948488316947160E-008  5.523438335506418E-008  5.289562940153406E-008  5.185889854738749E-008  5.090696495619142E-008  5.004210025318344E-008  4.927451972804958E-008  4.862889135701997E-008  4.797837753065297E-008  4.838396286023969E-008  5.042086045305277E-008
   178.500025007300       8.377719301222031E-007  6.880571478623938E-007  5.508149246569306E-007  4.279308376470336E-007  3.212480511537257E-007  2.323443789755463E-007  1.622086988346362E-007  1.342378092379034E-007  1.108890927410850E-007  9.199017678509403E-008  8.268745769306324E-008  7.729334140750669E-008  7.035008008032774E-008  6.643925246776498E-008  6.154571316901954E-008  5.885867748721355E-008  5.766946286850582E-008  5.657831892511041E-008  5.558692962958978E-008  5.470568765934511E-008  5.396114421133427E-008  5.318746975085357E-008  5.362027437283690E-008  5.589318132960404E-008
   179.500025147397       1.255997630931901E-006  1.041606205282403E-006  8.417469661652799E-007  6.595082241696671E-007  4.981787300227124E-007  3.609685162667734E-007  2.505323177105398E-007  2.058815919166561E-007  1.683667206513351E-007  1.379314483631142E-007  1.230111917174268E-007  1.144281962967268E-007  1.035495454249012E-007  9.758600667943117E-008  9.047038065834184E-008  8.686762942783519E-008  8.538942167842130E-008  8.412420969096014E-008  8.308002241770608E-008  8.228149855868353E-008  8.178433812996136E-008  8.229470637462567E-008  8.417398479070608E-008  8.949172566296901E-008
   180.500025287494       8.832296725223451E-007  7.271188438387418E-007  5.836152380263256E-007  4.547257039792958E-007  3.424307366065283E-007  2.484534403908496E-007  1.739227778641855E-007  1.440465290479816E-007  1.190012219273760E-007  9.861703011435722E-008  8.852078775505912E-008  8.263485328687272E-008  7.500150560065166E-008  7.065487318111365E-008  6.512411107446182E-008  6.200546273741624E-008  6.059182982589126E-008  5.926634298721586E-008  5.802637404294739E-008  5.687639521113752E-008  5.583424745708909E-008  5.431094727011608E-008  5.420927550591326E-008  5.564185078510953E-008
   181.500025427591       9.358237980675305E-007  7.705651422856846E-007  6.187933141377003E-007  4.825631662383498E-007  3.638726492270132E-007  2.644350640149504E-007  1.853728602945813E-007  1.535951714901151E-007  1.269157950810074E-007  1.051889149377270E-007  9.443131965453669E-008  8.816118053994730E-008  8.002260681264843E-008  7.537197381083700E-008  6.939726503200996E-008  6.596366016964146E-008  6.437965960607926E-008  6.287219991951458E-008  6.143639565590495E-008  6.007404603958010E-008  5.879912840485412E-008  5.671918381209980E-008  5.626384670823433E-008  5.726172538599644E-008
   182.500025567688       8.564162114380736E-007  7.078372845308774E-007  5.709524295889215E-007  4.476069666476826E-007  3.396124726961351E-007  2.485432539654272E-007  1.754663808546846E-007  1.458072679524255E-007  1.207010428147294E-007  1.000571760023910E-007  8.974961384102896E-008  8.371199197551940E-008  7.584485409320407E-008  7.133938088439706E-008  6.555621894253364E-008  6.224657312665097E-008  6.072588790040480E-008  5.928316873360514E-008  5.791360952749358E-008  5.661879818650298E-008  5.541203573537078E-008  5.346024511849692E-008  5.304427822347887E-008  5.397653239059236E-008
   183.500025707785       8.858927925530383E-007  7.353138659433450E-007  5.967042252279596E-007  4.717027854659971E-007  3.618840157989439E-007  2.685947225689537E-007  1.927604594838479E-007  1.615266870029023E-007  1.347517720808642E-007  1.123976797010778E-007  1.010736772332286E-007  9.437400054787157E-008  8.555283295045825E-008  8.044697821708719E-008  7.383216479753389E-008  7.002050452836615E-008  6.826522555231951E-008  6.659881635901426E-008  6.501661543791986E-008  6.352123341760474E-008  6.212933831036438E-008  5.990397807990618E-008  5.949219755795700E-008  6.084437149392880E-008
   184.500025847882       6.274462712616477E-007  5.203918981305169E-007  4.225133295907486E-007  3.348495008413789E-007  2.583421117331073E-007  1.937194711674768E-007  1.413738469087398E-007  1.198165320970620E-007  1.012912192653979E-007  8.572737816137024E-008  7.776086084384846E-008  7.299459666878160E-008  6.660861936235981E-008  6.281345788160458E-008  5.769800274290615E-008  5.458269973947546E-008  5.308748606724362E-008  5.162286197345333E-008  5.018256221811600E-008  4.876397901442292E-008  4.737162882892288E-008  4.478149987981687E-008  4.381490799482616E-008  4.385402480064143E-008
   185.500025987979       9.670894063927267E-007  8.080753762305490E-007  6.599395662377392E-007  5.246346249635023E-007  4.041800575171297E-007  3.004951051354566E-007  2.151596889110172E-007  1.797156965706541E-007  1.491920973331342E-007  1.236251823000873E-007  1.106655686010357E-007  1.030107583939695E-007  9.297924924507754E-008  8.722683580885781E-008  7.990104909273718E-008  7.579421357677696E-008  7.394541490516591E-008  7.222176780491296E-008  7.061974591893388E-008  6.914525770986076E-008  6.782274844246931E-008  6.596896029846491E-008  6.598834274677664E-008  6.829010063137410E-008
   186.500026128076       1.395555405079811E-006  1.170548007496635E-006  9.583604389561459E-007  7.621581919923050E-007  5.854149454414358E-007  4.316824682420663E-007  3.041903785639240E-007  2.510882157184470E-007  2.053894133049407E-007  1.672629006742017E-007  1.480795060515081E-007  1.368417290625194E-007  1.223079335079225E-007  1.141449061384870E-007  1.040877905138662E-007  9.873079557578369E-008  9.641941060040598E-008  9.433766786483733E-008  9.248159138515974E-008  9.086194979397745E-008  8.951873298881179E-008  8.818858113211780E-008  8.903915800651794E-008  9.333449964208954E-008
   187.500026268173       1.285014855107827E-006  1.076603530185820E-006  8.811411629103471E-007  7.013573449909305E-007  5.401613819693395E-007  4.004256178562962E-007  2.846482273790034E-007  2.363345825180423E-007  1.946190391611613E-007  1.596169052644662E-007  1.418769765705803E-007  1.314164258106151E-007  1.177655578301216E-007  1.100009047842384E-007  1.002579018741014E-007  9.492565588402005E-008  9.257234267597868E-008  9.041210235288385E-008  8.843924148108057E-008  8.666045750277860E-008  8.510752801584734E-008  8.312862309814743E-008  8.344154366290998E-008  8.682899515886391E-008
   188.500026408269       1.390707461611481E-006  1.167069224677282E-006  9.568156470949909E-007  7.628993006669605E-007  5.884908991582850E-007  4.367582006087286E-007  3.105185010026375E-007  2.576526909923635E-007  2.118954213903771E-007  1.734103146478556E-007  1.538717327591600E-007  1.423414514786136E-007  1.272893298650052E-007  1.187299928635709E-007  1.080042959616572E-007  1.021496056950677E-007  9.957126568183084E-008  9.720799995056175E-008  9.505270855763506E-008  9.311155984752741E-008  9.141788111132521E-008  8.925719658551085E-008  8.959529529948394E-008  9.330755645834364E-008
   189.500026548366       1.579266190924690E-006  1.330047277135459E-006  1.094644804601437E-006  8.763838024673592E-007  6.788878831679012E-007  5.058491083071837E-007  3.606651338901981E-007  2.994107590754110E-007  2.461086935553609E-007  2.010366795430759E-007  1.780655013746099E-007  1.644866220426546E-007  1.467528334786711E-007  1.366846429676119E-007  1.241375627636329E-007  1.173670088851145E-007  1.144186251978195E-007  1.117428444126061E-007  1.093329065852878E-007  1.071982176569395E-007  1.053815375408756E-007  1.033035606103643E-007  1.040282818389204E-007  1.088686078743035E-007
   190.500026688463       1.441469047830261E-006  1.214679099897417E-006  1.000646592028124E-006  8.022997035573184E-007  6.228139637915806E-007  4.654133231147650E-007  3.330643534051870E-007  2.770707509828593E-007  2.282216887125913E-007  1.867772362758504E-007  1.655778916380694E-007  1.530068445934220E-007  1.365144611206323E-007  1.270846179055283E-007  1.151892847559117E-007  1.086319823071655E-007  1.057177079753433E-007  1.030233797367657E-007  1.005368018436151E-007  9.825808511089289E-008  9.621304846901244E-008  9.326055151473594E-008  9.310994100456489E-008  9.618144384696018E-008
   191.500026828560       1.634170847829577E-006  1.373078026985007E-006  1.127302357607288E-006  9.003006587793447E-007  6.957726965769110E-007  5.173983945319140E-007  3.684489155410090E-007  3.058296129512257E-007  2.514568212337656E-007  2.055550310438518E-007  1.821667787693026E-007  1.683249579993745E-007  1.501828694829865E-007  1.398020552695326E-007  1.266499513217552E-007  1.193268058253669E-007  1.160390913393370E-007  1.129720914704203E-007  1.101096459445090E-007  1.074482176595113E-007  1.050104492366578E-007  1.012378873065110E-007  1.006807216090610E-007  1.034837533455523E-007
   192.500026968657       1.351509634602096E-006  1.127027929608308E-006  9.190225905404797E-007  7.301139188613240E-007  5.628812711576585E-007  4.196172719319674E-007  3.020298195240347E-007  2.531799103758213E-007  2.110206787127391E-007  1.755256867799570E-007  1.573784073601398E-007  1.465555421372279E-007  1.321441689480245E-007  1.236636108408486E-007  1.123899786790913E-007  1.056294153954977E-007  1.024082443643762E-007  9.926023573755331E-008  9.616191764620514E-008  9.309406425978256E-008  9.004690093580934E-008  8.411701147347380E-008  8.156173319379877E-008  8.061911513075690E-008
   193.500027108754       5.612845939272622E-007  4.642611443915046E-007  3.779651951334204E-007  3.028268156671704E-007  2.390315980352463E-007  1.864226977089693E-007  1.444037150004010E-007  1.270328401141171E-007  1.118227126517271E-007  9.848810240596664E-008  9.122479192610360E-008  8.661935586892042E-008  7.995315717511602E-008  7.558635816894234E-008  6.896651356933797E-008  6.436473429745113E-008  6.196041717060645E-008  5.946007437945826E-008  5.683790862035624E-008  5.406124151570995E-008  5.108693981933847E-008  4.428212462866589E-008  4.024477069500861E-008  3.564181561982682E-008
   194.500027248851       1.794360852510458E-006  1.511303051756720E-006  1.244956306461030E-006  9.988651215704545E-007  7.767658367488092E-007  5.823291354508503E-007  4.188252923690784E-007  3.495289764270152E-007  2.889348341852261E-007  2.373417654731297E-007  2.108313291053119E-007  1.950412932153058E-007  1.741831126845324E-007  1.621252423445656E-007  1.466290878207843E-007  1.378217483306843E-007  1.338014950706631E-007  1.300001785745768E-007  1.263945434189465E-007  1.229731689498093E-007  1.197499455787106E-007  1.142941290953014E-007  1.128441128575573E-007  1.149037064543897E-007
   195.500027388948       1.976727132612940E-006  1.669026623385171E-006  1.378039730164671E-006  1.107757400170504E-006  8.624807288616459E-007  6.465553293311818E-007  4.640050324086121E-007  3.863491774449567E-007  3.183110313891840E-007  2.603078864518505E-007  2.305043111861368E-007  2.127691447655742E-007  1.893914172813257E-007  1.759286846594589E-007  1.587373242734127E-007  1.490580819550437E-007  1.446708414938153E-007  1.405434184501424E-007  1.366488167777137E-007  1.329730120677084E-007  1.295299727708844E-007  1.237723585448161E-007  1.223103981199125E-007  1.246870662808776E-007
   196.700024505306       2.348576765908566E-006  1.987727021845846E-006  1.645173844817795E-006  1.325635878718350E-006  1.034264642676958E-006  7.763539864485500E-007  5.569340845129432E-007  4.630937356314864E-007  3.805749609684735E-007  3.099920645236780E-007  2.736569499290352E-007  2.520300893559673E-007  2.235569186723163E-007  2.072147214567394E-007  1.864931115377929E-007  1.749661462120413E-007  1.697945967505235E-007  1.649688320786568E-007  1.604577168198956E-007  1.562468855484387E-007  1.523582243333329E-007  1.461153578931442E-007  1.448543306576859E-007  1.484931804124965E-007
   197.600033786668       2.257803022489464E-006  1.908241578090521E-006  1.577039063626377E-006  1.268789106832741E-006  9.884599082337588E-007  7.410941508344168E-007  5.314236617128813E-007  4.420671392722114E-007  3.637222238923856E-007  2.969455350042546E-007  2.626712383569452E-007  2.422986503696382E-007  2.154763896799354E-007  2.000413867516165E-007  1.803098271102956E-007  1.691498845256800E-007  1.640647365223506E-007  1.592577206667834E-007  1.546950638893653E-007  1.503571629734447E-007  1.462541697852968E-007  1.391895108803780E-007  1.371331949573433E-007  1.392311152859630E-007
   198.400021691712       2.090437022418049E-006  1.768503263000678E-006  1.464095234727975E-006  1.181217174502280E-006  9.241284262497118E-007  6.970975997146848E-007  5.041266416917078E-007  4.215715125037031E-007  3.489206984828180E-007  2.866809924745195E-007  2.545511126714690E-007  2.353597202597830E-007  2.099285607809102E-007  1.951646422413884E-007  1.760586103418343E-007  1.650695873642093E-007  1.599987951589757E-007  1.551592523975271E-007  1.505160051016284E-007  1.460454748301105E-007  1.417486712981630E-007  1.340174761727690E-007  1.313595941042611E-007  1.323646443722154E-007
   199.500027949336       2.234003519475067E-006  1.896467693528568E-006  1.575545365526344E-006  1.275517648533604E-006  1.001061900191092E-006  7.570047775673687E-007  5.479916845844572E-007  4.579868579084982E-007  3.783772707633478E-007  3.097789568783185E-007  2.741925638169901E-007  2.528809148627684E-007  2.246042405598921E-007  2.082081245294374E-007  1.871248325029190E-007  1.751628195847934E-007  1.697109461573162E-007  1.645582859620246E-007  1.596672042059673E-007  1.550125637738569E-007  1.505981723139539E-007  1.429041950985885E-007  1.405272558356989E-007  1.423469862828532E-007
   200.500028089432       1.992635280862001E-006  1.696741682344609E-006  1.415708406718078E-006  1.152984689243020E-006  9.122718156565363E-007  6.973306486372463E-007  5.117799591046261E-007  4.311227441940471E-007  3.591742247851367E-007  2.965069995709002E-007  2.636404906925406E-007  2.437940263551937E-007  2.172034118396898E-007  2.016033633597139E-007  1.812628736965175E-007  1.695299652160223E-007  1.641223688581097E-007  1.589698426936999E-007  1.540341501448759E-007  1.492854797419371E-007  1.447160985244230E-007  1.364076981035835E-007  1.333991102333909E-007  1.339003756858627E-007
   201.500028229529       2.053252784487501E-006  1.746239764904365E-006  1.455541490200167E-006  1.184665607020972E-006  9.372975065352042E-007  7.170719981833031E-007  5.273409080727258E-007  4.448851790628104E-007  3.712545053883332E-007  3.069595704162592E-007  2.731166459761864E-007  2.526109501686159E-007  2.250086495621198E-007  2.087122558327081E-007  1.872791959552756E-007  1.747698575898598E-007  1.689517252665144E-007  1.633672095119804E-007  1.579700821018522E-007  1.527184797821305E-007  1.475859732750085E-007  1.378216283694308E-007  1.337385791425746E-007  1.325066901150633E-007
   202.500028369626       1.748395596908683E-006  1.488182373403226E-006  1.242047767600206E-006  1.012856200503302E-006  8.036011347629460E-007  6.172298163683783E-007  4.564829150596407E-007  3.865312346894910E-007  3.239926994373461E-007  2.692864742675464E-007  2.404178677900322E-007  2.228782215879196E-007  1.991615153582149E-007  1.850562071508411E-007  1.662762088483445E-007  1.551033365189400E-007  1.498241456326507E-007  1.446928708814574E-007  1.396620983750319E-007  1.346847875894643E-007  1.297206275706879E-007  1.198061739487324E-007  1.151429952448776E-007  1.122238284577152E-007
   203.500028509723       2.432364969054675E-006  2.080494871729053E-006  1.744209949068367E-006  1.427589956651888E-006  1.135098757894588E-006  8.713759279693016E-007  6.410138509340768E-007  5.397849171888741E-007  4.487248657919507E-007  3.686691184200493E-007  3.263522477488642E-007  3.006812626843297E-007  2.661626910164254E-007  2.458731561933860E-007  2.194631213852297E-007  2.043229623625881E-007  1.973848522095849E-007  1.907996276435332E-007  1.845107669406484E-007  1.784673911929998E-007  1.726401591413181E-007  1.618591916662537E-007  1.576484717540274E-007  1.572283730517073E-007
   204.500028649820       2.738290907839276E-006  2.345881558926022E-006  1.970001337788290E-006  1.615156506733556E-006  1.286304388245493E-006  9.886533544825000E-007  7.274802798798921E-007  6.122879010491217E-007  5.084229068385516E-007  4.169244053064419E-007  3.685038473663164E-007  3.391220946890971E-007  2.996259641684352E-007  2.764357979450876E-007  2.463200872178609E-007  2.291221883761526E-007  2.212661393532313E-007  2.138278889506474E-007  2.067432385399843E-007  1.999544148935558E-007  1.934283442220669E-007  1.814233857637613E-007  1.767904483439933E-007  1.764833964041493E-007
   205.500028789917       2.586970222798588E-006  2.210544172239993E-006  1.851560444330534E-006  1.514321887209505E-006  1.203461176939907E-006  9.237349630304167E-007  6.798580464326777E-007  5.728734309283927E-007  4.767842538543492E-007  3.924674468463896E-007  3.479604902285478E-007  3.209674403151902E-007  2.846251581325764E-007  2.631763978927903E-007  2.349761807989531E-007  2.184954465456324E-007  2.108073552456094E-007  2.034004819180463E-007  1.962015358748107E-007  1.891374000206095E-007  1.821446406675864E-007  1.683063417210793E-007  1.618317137672494E-007  1.577628739606943E-007
   206.500028930014       2.488275456993171E-006  2.126676010613469E-006  1.781998735486681E-006  1.458310276275037E-006  1.160001262343958E-006  8.915936133301890E-007  6.575668122308230E-007  5.548676398734615E-007  4.625671182035204E-007  3.814597855304556E-007  3.385533674330355E-007  3.124732882920835E-007  2.772453877036171E-007  2.563566524006953E-007  2.287061683550432E-007  2.123930710165947E-007  2.047273839075916E-007  1.972997008708449E-007  1.900328167867115E-007  1.828462692545272E-007  1.756632666691552E-007  1.611179737099948E-007  1.539609650074442E-007  1.485484650356335E-007
   207.400022952585       2.916917610227765E-006  2.483581626251237E-006  2.071330592990254E-006  1.685415428297204E-006  1.331473625039021E-006  1.015276959219330E-006  7.425285763697477E-007  6.242565925825465E-007  5.191226841424348E-007  4.280559323641073E-007  3.805652569484420E-007  3.519826050184382E-007  3.137374747640351E-007  2.912297858214542E-007  2.614796538927674E-007  2.437930614437800E-007  2.353995134161178E-007  2.272000541934633E-007  2.191099973147337E-007  2.110449589794615E-007  2.029257997797413E-007  1.863302423079138E-007  1.781100531143948E-007  1.720372580266616E-007
   207.800032163898       3.487160577635128E-006  3.000045366261361E-006  2.530060419477067E-006  2.082877046045596E-006  1.664884902541253E-006  1.282997597004754E-006  9.444810208729016E-007  7.939356890004016E-007  6.574309036491942E-007  5.365294662294326E-007  4.723139960083534E-007  4.332903050603035E-007  3.808241136823275E-007  3.500713745006343E-007  3.103307450436412E-007  2.878337792978968E-007  2.776285293391474E-007  2.680133056548132E-007  2.588978894312832E-007  2.501980018787244E-007  2.418588393482994E-007  2.265208275401633E-007  2.205243072808895E-007  2.198101241572427E-007
   208.500029210208       3.287935161603784E-006  2.829229550100160E-006  2.387465420645114E-006  1.967811974088472E-006  1.576050079722653E-006  1.218384734659702E-006  9.013047464888203E-007  7.601824675582612E-007  6.320962006320750E-007  5.184779203561470E-007  4.580125203470296E-007  4.211979551595774E-007  3.715612544887976E-007  3.423450167310234E-007  3.043613661738850E-007  2.826916862297170E-007  2.728139885959661E-007  2.634818283732689E-007  2.546171729837930E-007  2.461496407768453E-007  2.380408829824550E-007  2.232689706515812E-007  2.177478816324648E-007  2.179888329236119E-007
   209.500029350305       3.113583892869785E-006  2.697678679313469E-006  2.297111455561852E-006  1.916083594083893E-006  1.559153118766342E-006  1.230996142924822E-006  9.361398215685773E-007  8.025878460356290E-007  6.791342575782578E-007  5.666813991382589E-007  5.050395099501404E-007  4.666217908873068E-007  4.134031518348623E-007  3.811329897413171E-007  3.380321904591806E-007  3.130738933713962E-007  3.017584744035562E-007  2.912137445364312E-007  2.814267932363965E-007  2.723880442438119E-007  2.641193234010377E-007  2.506744209477563E-007  2.472349769494530E-007  2.520547311830440E-007
   210.500029490402       3.231442483966977E-006  2.835976010795674E-006  2.451834840655335E-006  2.082235719137929E-006  1.730622237951249E-006  1.400417075285508E-006  1.094694695061433E-006  9.518511156255028E-007  8.161655758335281E-007  6.882245389804862E-007  6.156171984909371E-007  5.691875404309854E-007  5.029845229040576E-007  4.615542628472835E-007  4.044955991143038E-007  3.706959862788751E-007  3.553444350700631E-007  3.411694920161985E-007  3.282893996172581E-007  3.168331330137916E-007  3.069591139326088E-007  2.933348215332754E-007  2.919753494570208E-007  3.021697193738449E-007
   211.500029630499       3.730196355285817E-006  3.292555432209114E-006  2.863958866576041E-006  2.447623369854842E-006  2.047063193841112E-006  1.665858763864830E-006  1.307350518604547E-006  1.137579526476039E-006  9.747463434530013E-007  8.196520205921721E-007  7.309185228005004E-007  6.739010882211767E-007  5.922481316767767E-007  5.409699377365364E-007  4.702437459540802E-007  4.284356288071677E-007  4.095341787220269E-007  3.921772364379378E-007  3.765340941860284E-007  3.627828608740120E-007  3.511267081199430E-007  3.357003026161155E-007  3.346753422170616E-007  3.472618301107028E-007
   212.500029770596       3.681381715109989E-006  3.238088924850829E-006  2.804712613837020E-006  2.384750190358401E-006  1.982149467697890E-006  1.601150705642185E-006  1.246044148118021E-006  1.079539324629252E-006  9.212073328838249E-007  7.719251261597581E-007  6.872802924710795E-007  6.331985706307990E-007  5.561542497802362E-007  5.079750943438959E-007  4.416233833959345E-007  4.022557323576257E-007  3.843245905892561E-007  3.677076405773606E-007  3.525151206452889E-007  3.388532762761546E-007  3.268317243965762E-007  3.086316658602514E-007  3.043270138169533E-007  3.100988929817930E-007
   213.500029910692       3.125986779608321E-006  2.757937533528599E-006  2.397466635281164E-006  2.047243255930636E-006  1.710251799799180E-006  1.389656426939477E-006  1.088620201642776E-006  9.464285560579506E-007  8.104099829543104E-007  6.812801714998060E-007  6.075994574381929E-007  5.603160008379708E-007  4.926288607084832E-007  4.500675179121613E-007  3.910642773367520E-007  3.557544590933202E-007  3.395591642736113E-007  3.244604454250870E-007  3.105490286869001E-007  2.979076625323104E-007  2.866133260842145E-007  2.686850104481664E-007  2.634243972970234E-007  2.659251612738079E-007
   214.500030050789       4.051846264234674E-006  3.582756724838632E-006  3.121373371837078E-006  2.671137141358517E-006  2.235931105741293E-006  1.819886270674315E-006  1.427098699518562E-006  1.240685447374368E-006  1.061706204053208E-006  8.910781228884104E-007  7.933595452869298E-007  7.305025636861419E-007  6.403278519892383E-007  5.835351625923217E-007  5.048112609831234E-007  4.578808377762077E-007  4.364919701956843E-007  4.167025631180959E-007  3.986845024888497E-007  3.826123658260229E-007  3.686702839084385E-007  3.484977994587756E-007  3.446333127275602E-007  3.533061633777823E-007
   215.500030190886       4.128113466108225E-006  3.660514382137634E-006  3.199248214601347E-006  2.747537111905408E-006  2.309039944945852E-006  1.887667781718027E-006  1.487295418525165E-006  1.296161320887489E-006  1.111782821874064E-006  9.350245892305017E-007  8.332638938180744E-007  7.675659255206844E-007  6.729432571714395E-007  6.131041104609192E-007  5.298366156063140E-007  4.800508746833829E-007  4.573473497750498E-007  4.363552029843845E-007  4.172785318070785E-007  4.003267741611559E-007  3.857208487308886E-007  3.650685395784932E-007  3.616581156947612E-007  3.721167703363855E-007
   216.500030330983       3.730451969611298E-006  3.304840969630832E-006  2.885782318938905E-006  2.476151667254231E-006  2.079157689656608E-006  1.698176919404178E-006  1.336552061474285E-006  1.164061706755322E-006  9.978403424439806E-007  8.388063728379625E-007  7.474997702409989E-007  6.886947954466982E-007  6.042550406509324E-007  5.510313956543293E-007  4.771517955146972E-007  4.329331430674952E-007  4.126591612495156E-007  3.937609838482959E-007  3.763438644890134E-007  3.604957594840473E-007  3.462882433438312E-007  3.233885693709601E-007  3.161832097430795E-007  3.177904769687676E-007
   217.500030471080       3.788993359822477E-006  3.363466483547908E-006  2.944016332694763E-006  2.533396753150421E-006  2.134643975517513E-006  1.750879847543524E-006  1.385061155707702E-006  1.209770111111740E-006  1.040149249067483E-006  8.769894280295141E-007  7.827981741501528E-007  7.218817923225288E-007  6.339846517000086E-007  5.782757486120774E-007  5.004887145984626E-007  4.536735244146495E-007  4.321609969519832E-007  4.121013012798804E-007  3.936336075533350E-007  3.768826953009120E-007  3.619576030575282E-007  3.383621460564539E-007  3.314202900513182E-007  3.344825065365928E-007
   218.500030611177       4.472810547296625E-006  3.977365446461623E-006  3.486751122150281E-006  3.004250452232968E-006  2.533612000508454E-006  2.078855768404609E-006  1.643957667115502E-006  1.435150959420138E-006  1.232828939047273E-006  1.037865395196784E-006  9.250748703445966E-007  8.519962320688367E-007  7.463070185892374E-007  6.791410597357481E-007  5.851030323721571E-007  5.284189748631242E-007  5.023977197873101E-007  4.781985874519738E-007  4.560398372297917E-007  4.361358458817840E-007  4.186930896949018E-007  3.924634885946828E-007  3.860185428186361E-007  3.928126993967981E-007
   219.500030751274       4.886067497878635E-006  4.340047813941292E-006  3.800314092367371E-006  3.270496396423583E-006  2.754690574226739E-006  2.257252985609911E-006  1.782516081034936E-006  1.555015507258530E-006  1.334974492765044E-006  1.123490283269060E-006  1.001508989871394E-006  9.226688943754544E-007  8.089814768028622E-007  7.369701800069295E-007  6.364685102878382E-007  5.760083388964650E-007  5.482380071427808E-007  5.223608439452856E-007  4.985707069968335E-007  4.770520737635233E-007  4.579806015679266E-007  4.284012311218012E-007  4.203710725777915E-007  4.264584398399068E-007
   220.500030891371       4.556026794780345E-006  4.050979876957063E-006  3.552052826454209E-006  3.062376407661523E-006  2.585411376768602E-006  2.124734648252317E-006  1.683783738110241E-006  1.471768386263191E-006  1.266118000665959E-006  1.067798990548603E-006  9.530559266325256E-007  8.787316259079937E-007  7.712904096744754E-007  7.030382497089427E-007  6.074268970633284E-007  5.495929992918435E-007  5.228913038059074E-007  4.978831201906594E-007  4.747243469604420E-007  4.535491241121595E-007  4.344632288328403E-007  4.032503917231360E-007  3.928696105612185E-007  3.934064313815710E-007
   221.500031031468       3.725794086569506E-006  3.297661620352102E-006  2.877562473637108E-006  2.468261899884004E-006  2.072785298160911E-006  1.694296609468676E-006  1.336018205960957E-006  1.165556244662204E-006  1.001660911021105E-006  8.452883938591130E-007  7.557164198207678E-007  6.980887924534773E-007  6.153351174635067E-007  5.630597394606483E-007  4.899550841340059E-007  4.454285888261113E-007  4.245982032929753E-007  4.047762657003970E-007  3.859710886316800E-007  3.681480973654923E-007  3.512165775365204E-007  3.194910906105933E-007  3.048320478806044E-007  2.936661806095775E-007
   222.500031171565       3.933882824721611E-006  3.490602637201451E-006  3.055064083019759E-006  2.629957135248099E-006  2.218171263917680E-006  1.822621638556653E-006  1.446077061383691E-006  1.265797757574585E-006  1.091449128793085E-006  9.238232942304392E-007  8.270532220841543E-007  7.644321897192523E-007  6.739187855197592E-007  6.163347198236916E-007  5.352367735936587E-007  4.855524150517352E-007  4.622682253130148E-007  4.401182860821242E-007  4.191453316122727E-007  3.993473245849272E-007  3.806594798550596E-007  3.461512680117359E-007  3.305885291050696E-007  3.194438706095982E-007
   223.500031311662       5.057413674583387E-006  4.503458278545538E-006  3.956644436035094E-006  3.420132940499144E-006  2.897314625892115E-006  2.391558427794260E-006  1.905922290268088E-006  1.671541347101138E-006  1.443396416374685E-006  1.222362743797786E-006  1.093852896704181E-006  1.010288079101612E-006  8.888990058830639E-007  8.113063827845586E-007  7.016902325437691E-007  6.346075863166238E-007  6.033432440368143E-007  5.738352118914166E-007  5.462568679820696E-007  5.207564318810256E-007  4.974426630619096E-007  4.579623731863853E-007  4.434718014994673E-007  4.403657313313030E-007
   224.500031451759       4.690106207393899E-006  4.183864613016816E-006  3.682827894166077E-006  3.189793914527151E-006  2.707766887368821E-006  2.239725658655197E-006  1.788362616197349E-006  1.569724551678887E-006  1.356340058471947E-006  1.149036873667134E-006  1.028244735899571E-006  9.495965445491294E-007  8.352187121124545E-007  7.620381052757771E-007  6.585808504013026E-007  5.952163148370423E-007  5.656560821771031E-007  5.377204783997032E-007  5.115528283081297E-007  4.872622646974003E-007  4.649065784595843E-007  4.262407487833993E-007  4.111228185691411E-007  4.050971282874875E-007
   225.500031591855       3.847046025025309E-006  3.411760636115923E-006  2.985209869263878E-006  2.569952523742235E-006  2.168677032736331E-006  1.784046268064624E-006  1.418583503658061E-006  1.243851326717380E-006  1.075031766220099E-006  9.128726303889249E-007  8.192978308191258E-007  7.587309879744613E-007  6.710860720495969E-007  6.151741211754054E-007  5.359380959726182E-007  4.867911668992872E-007  4.634640134648165E-007  4.410044419747131E-007  4.194023812168245E-007  3.985939608624181E-007  3.784357175519270E-007  3.389963464775377E-007  3.191041708251710E-007  2.999724770249099E-007
   226.500031731952       3.790912035068371E-006  3.367075040256355E-006  2.950830204841885E-006  2.544488305551406E-006  2.150436307727451E-006  1.770990436186404E-006  1.408357003413969E-006  1.234123509881307E-006  1.065261874518591E-006  9.026917706343900E-007  8.088281110628210E-007  7.481183450877954E-007  6.604437550633531E-007  6.047089787308478E-007  5.261447082319084E-007  4.777221941329432E-007  4.548102273632297E-007  4.327647848325197E-007  4.115290704426361E-007  3.909723835124497E-007  3.708610486106858E-007  3.303608845427365E-007  3.087773060779791E-007  2.855460552038953E-007
   227.500031872049       4.387393168223005E-006  3.911810926861044E-006  3.442959434600872E-006  2.983252541142012E-006  2.535195233531544E-006  2.101196608959885E-006  1.683429860176046E-006  1.481322820498418E-006  1.284281174626079E-006  1.093127274870836E-006  9.818972332978556E-007  9.095324166693584E-007  8.043287312101701E-007  7.369697692640871E-007  6.413947867440882E-007  5.822887380393289E-007  5.543857415475092E-007  5.276810983093626E-007  5.022097425627185E-007  4.779475220102187E-007  4.547845904352304E-007  4.109103060368675E-007  3.900760865571686E-007  3.727657237900471E-007
   228.500032012146       5.053926460225532E-006  4.513732379055519E-006  3.979289245731022E-006  3.453323785940741E-006  2.938668230694105E-006  2.438005829020234E-006  1.953632096185302E-006  1.718220252554319E-006  1.487843021761920E-006  1.263330317387603E-006  1.132120847127550E-006  1.046496013046241E-006  9.216135067698308E-007  8.414055456990316E-007  7.273586188887900E-007  6.568654222946484E-007  6.236949253044867E-007  5.920934093364000E-007  5.621701358121136E-007  5.339778614609421E-007  5.074790050111065E-007  4.589782250382775E-007  4.371377447817385E-007  4.207287340652842E-007
   229.500032152243       4.281269520308195E-006  3.823359851931216E-006  3.371964401175159E-006  2.929210543739395E-006  2.497221423475925E-006  2.077903758850627E-006  1.672777094957649E-006  1.475967056140392E-006  1.283365252720081E-006  1.095618173682915E-006  9.858395705357101E-007  9.141558025344636E-007  8.094875703747922E-007  7.421277998379721E-007  6.459697182174648E-007  5.860833124540358E-007  5.576807860585360E-007  5.304123137664538E-007  5.043219393421264E-007  4.793954437709287E-007  4.555309083554719E-007  4.101363675889692E-007  3.884620234563388E-007  3.703362051389914E-007
   230.500032292340       4.974380923255504E-006  4.456901350862465E-006  3.944004854175834E-006  3.437928362210696E-006  2.940925396857874E-006  2.455015230941334E-006  1.981726550540753E-006  1.750190892277789E-006  1.522376865679640E-006  1.298915824663804E-006  1.167514215611984E-006  1.081385280470133E-006  9.551483162309991E-007  8.736271916005302E-007  7.570090403398069E-007  6.844419680881670E-007  6.501457270232062E-007  6.173698248643948E-007  5.862300341030232E-007  5.567811556598038E-007  5.289791326360902E-007  4.776424623665450E-007  4.541983881271390E-007  4.361098527440284E-007
   231.500032432437       4.715400740550127E-006  4.211699632132768E-006  3.714313115702016E-006  3.225537752589100E-006  2.747734141651602E-006  2.283185614329816E-006  1.834082671028309E-006  1.616117915278233E-006  1.403231558602158E-006  1.196422936771314E-006  1.075984994506499E-006  9.975896048790916E-007  8.835263940209043E-007  8.103805176325612E-007  7.062190606198120E-007  6.413100341680882E-007  6.104115997515503E-007  5.805962277841452E-007  5.518412061715184E-007  5.240422710792159E-007  4.969728285266899E-007  4.432802323129825E-007  4.154552341437692E-007  3.873031445292310E-007
   232.500032572534       4.613592140265643E-006  4.120297385833863E-006  3.633209131319303E-006  3.154532127560853E-006  2.686524506482481E-006  2.231375836905235E-006  1.791235329471117E-006  1.577611416661027E-006  1.369019757605676E-006  1.166534518482796E-006  1.048751165687055E-006  9.721685305760495E-007  8.609047250544680E-007  7.896750822498872E-007  6.883946780697768E-007  6.252875097037406E-007  5.951892410704086E-007  5.660569000378517E-007  5.378143055881313E-007  5.102880832180287E-007  4.831639946570647E-007  4.278518630600058E-007  3.978552956447744E-007  3.648961919490101E-007
   233.500032712631       3.456049456965435E-006  3.061059117763930E-006  2.676182547165713E-006  2.303437194483366E-006  1.944909039180633E-006  1.602737257708612E-006  1.279273214489597E-006  1.125496906983835E-006  9.777639093083374E-007  8.369219217923553E-007  7.562085110207143E-007  7.041726764658772E-007  6.290293113119899E-007  5.809963996387759E-007  5.120671555309876E-007  4.679189872677508E-007  4.461847988219594E-007  4.244941873846141E-007  4.026250485883616E-007  3.802524796825126E-007  3.569006789426864E-007  3.039647947102652E-007  2.710697578449942E-007  2.277510563869943E-007
   234.500032852728       2.335790505484416E-006  2.061792853094542E-006  1.798026487872898E-006  1.545818380639291E-006  1.306487149333663E-006  1.081348180289691E-006  8.718330160468426E-007  7.734924876327150E-007  6.798284425616308E-007  5.912093997436591E-007  5.406037959115569E-007  5.079564604876475E-007  4.605600279110672E-007  4.298894654477501E-007  3.847566142797349E-007  3.546076992213860E-007  3.392267968061971E-007  3.234365134056579E-007  3.070181732888711E-007  2.896747628581467E-007  2.709882191137632E-007  2.266665946813582E-007  1.979821682727861E-007  1.591255081135478E-007
   235.500032992825       4.444259716747044E-006  3.956659012571448E-006  3.477908852318492E-006  3.010268076899059E-006  2.556015842488700E-006  2.117370832532197E-006  1.696616867933760E-006  1.493870483102038E-006  1.297027512119096E-006  1.107196009028436E-006  9.974026268991326E-007  9.262647641445975E-007  8.232036346582929E-007  7.573089399108403E-007  6.633258115363050E-007  6.040797564579489E-007  5.753948444277664E-007  5.471912384695615E-007  5.192563946821392E-007  4.912477966921391E-007  4.626342651016772E-007  3.998457891667341E-007  3.620166320635368E-007  3.135097590739551E-007
   236.500033132922       2.603349167545268E-006  2.300779453119958E-006  2.009044036087665E-006  1.729537548986059E-006  1.463657046919314E-006  1.212817952622883E-006  9.785942331182464E-007  8.683370132707000E-007  7.630989083244634E-007  6.632979098313838E-007  6.061918000602306E-007  5.693014137258037E-007  5.156707393750138E-007  4.809174352435166E-007  4.297122150518368E-007  3.954752353773743E-007  3.780033826952594E-007  3.600642102275748E-007  3.414086324665103E-007  3.216960478603348E-007  3.004447104600358E-007  2.499594615310668E-007  2.172199555201603E-007  1.728028550799710E-007
   237.500033273018       3.602179992859098E-006  3.195733498454065E-006  2.799394883318255E-006  2.415103139085241E-006  2.044907612243511E-006  1.691039041362267E-006  1.356222823977139E-006  1.197145197319416E-006  1.044563141736331E-006  8.994945084482487E-007  8.165882366581694E-007  7.632235422167411E-007  6.862144027465844E-007  6.369283719366456E-007  5.657882972067234E-007  5.196163463353124E-007  4.965782272405785E-007  4.733113871097387E-007  4.495212565506872E-007  4.247946443852063E-007  3.985403365636302E-007  3.373146964458234E-007  2.980175520733337E-007  2.445637054539347E-007
   238.500033413115       1.949132451235388E-006  1.718254408374379E-006  1.498124469523696E-006  1.289811724396527E-006  1.094348902761484E-006  9.127118704435368E-007  7.457976891500387E-007  6.680917500216639E-007  5.942649475826214E-007  5.241961636863789E-007  4.837900581487576E-007  4.574162203190093E-007  4.184308927825423E-007  3.925630763914659E-007  3.531847913026735E-007  3.257884609768552E-007  3.114417774558201E-007  2.964585230994280E-007  2.806261106526351E-007  2.636571387855914E-007  2.451439070530899E-007  2.005743285536198E-007  1.714205580029576E-007  1.317354250277266E-007
   239.500033553212       2.657913506295243E-006  2.350498692093532E-006  2.054115245730353E-006  1.770266980689896E-006  1.500497860316196E-006  1.246422320692741E-006  1.009871900495773E-006  8.988752832599356E-007  7.931975102348068E-007  6.932026858275439E-007  6.360265399361177E-007  5.990616619571562E-007  5.451796188598759E-007  5.100814167614154E-007  4.578873851092372E-007  4.225141437769826E-007  4.042790466371681E-007  3.854184748022111E-007  3.656578315474438E-007  3.446240068556075E-007  3.217886830783148E-007  2.669782991317320E-007  2.310538966401409E-007  1.818319622608946E-007
   240.500033693309       2.668036454697621E-006  2.358013821460634E-006  2.059123356059563E-006  1.772941236081443E-006  1.501108824476919E-006  1.245385175662227E-006  1.007826732032234E-006  8.966663012994291E-007  7.911170471765422E-007  6.915876021474186E-007  6.348580243151102E-007  5.982528812375955E-007  5.449720844044682E-007  5.102796265299372E-007  4.585945019697438E-007  4.234024715778661E-007  4.051832700838332E-007  3.862772299751362E-007  3.664025024585167E-007  3.451795956188966E-007  3.220724613718018E-007  2.663953312321307E-007  2.297702157613567E-007  1.794163177456494E-007
   241.500033833406       3.025121057002501E-006  2.699664864635864E-006  2.382865469603505E-006  2.075909897424782E-006  1.779917994107494E-006  1.495915280369103E-006  1.224913319665256E-006  1.094677457608900E-006  9.682619737104435E-007  8.460183648636856E-007  7.748615207956829E-007  7.283983778497140E-007  6.602098428940984E-007  6.157294359197290E-007  5.501981982197903E-007  5.068215554296952E-007  4.849661610423347E-007  4.627871327847209E-007  4.400365315152371E-007  4.163559784263356E-007  3.912192168881803E-007  3.328463786972893E-007  2.957520547532038E-007  2.461295605674327E-007
   242.500033973503       4.842420615683455E-006  4.356631288382390E-006  3.875847820417367E-006  3.401531203370082E-006  2.935012996166216E-006  2.477355008300839E-006  2.029346115587608E-006  1.809259224054132E-006  1.592154842691958E-006  1.378712779907792E-006  1.252947834219442E-006  1.170353187400146E-006  1.048865294755388E-006  9.698897375193912E-007  8.553154836338564E-007  7.820032913011193E-007  7.463163198972333E-007  7.112136124808426E-007  6.765530238516149E-007  6.420612491769673E-007  6.072644076519353E-007  5.331895051240040E-007  4.906011521031769E-007  4.397975296936920E-007
   243.500034113600       4.688410311060801E-006  4.230282781623949E-006  3.776404577682169E-006  3.327874949464504E-006  2.885559760342926E-006  2.449913176880082E-006  2.020897283890353E-006  1.808817152910424E-006  1.598461355650411E-006  1.390246027974219E-006  1.266757786663311E-006  1.185279644316628E-006  1.064819896746520E-006  9.860837182080916E-007  8.712152896203650E-007  7.973236869505798E-007  7.612584104977146E-007  7.257359530799545E-007  6.906301921764122E-007  6.556850987368627E-007  6.204440820733074E-007  5.455807715508544E-007  5.027239986782730E-007  4.520767559696011E-007
   244.500034253697       5.535206830257710E-006  5.000186645626080E-006  4.467912750194822E-006  3.939534140082143E-006  3.415929176591092E-006  2.897497457510918E-006  2.384083632327772E-006  2.129188663095441E-006  1.875681999558540E-006  1.624192520754603E-006  1.474874089335487E-006  1.376343015931315E-006  1.230773286988994E-006  1.135795956493323E-006  9.977756772920942E-007  9.096325346462633E-007  8.669162651806018E-007  8.251182553527536E-007  7.841546062555315E-007  7.438041239545036E-007  7.036320248353488E-007  6.203769654041793E-007  5.742371027817845E-007  5.219611021406870E-007
   245.500034393794       5.685684129541692E-006  5.145107791762677E-006  4.606327929142452E-006  4.070383180433193E-006  3.537979189613422E-006  3.009201152907616E-006  2.483278852734942E-006  2.220975544799651E-006  1.958999160000879E-006  1.697677936959842E-006  1.541670122822063E-006  1.438314999267309E-006  1.284958066350447E-006  1.184458561150941E-006  1.037848185075051E-006  9.440028481065242E-007  8.985350417004066E-007  8.541066023043104E-007  8.106794246138748E-007  7.680766456665959E-007  7.258984287463468E-007  6.394178088366828E-007  5.920726780679344E-007  5.390653181646470E-007
   246.500034533891       5.560016501388352E-006  5.009664635654641E-006  4.463585805178100E-006  3.923176414677922E-006  3.389656823573803E-006  2.863988551426004E-006  2.347043426923147E-006  2.092314877706376E-006  1.840696641088970E-006  1.593233841360751E-006  1.447532844736773E-006  1.351952200582172E-006  1.211597598530073E-006  1.120544943611378E-006  9.887184972944359E-007  9.044589208118056E-007  8.634198234722282E-007  8.229995512664964E-007  7.829983957780847E-007  7.430592713821284E-007  7.025868244758771E-007  6.156337079813815E-007  5.649861508973037E-007  5.036074720373909E-007
   247.500034673988       4.897106458691621E-006  4.420617318248294E-006  3.948108231938351E-006  3.480602084817087E-006  3.018898753035217E-006  2.563460885980433E-006  2.114466368447651E-006  1.892505010620053E-006  1.672515830845438E-006  1.455109676545917E-006  1.326413091067364E-006  1.241616806352217E-006  1.116419806112248E-006  1.034663145663685E-006  9.153318119354068E-007  8.383190052062779E-007  8.005621330349707E-007  7.631998259994827E-007  7.260430057476457E-007  6.887527714360117E-007  6.507583659199869E-007  5.683383481108770E-007  5.197065623612731E-007  4.596723263472937E-007
   248.500034814085       4.348777027937456E-006  3.908554131201496E-006  3.474846404996383E-006  3.048884165969593E-006  2.631845139162106E-006  2.224889875309168E-006  1.829443756928829E-006  1.636760825122224E-006  1.448140067071195E-006  1.264493142360532E-006  1.157245613686181E-006  1.087201196645246E-006  9.846185503303454E-007  9.180348915239418E-007  8.208878423575916E-007  7.575721973433324E-007  7.260769998885854E-007  6.944388396324688E-007  6.623467740002514E-007  6.293369010359169E-007  5.947149407331914E-007  5.156983240267485E-007  4.662842130082779E-007  4.011983974115678E-007
   249.500034954182       4.299974260772891E-006  3.883035635912158E-006  3.471243680809326E-006  3.065462773029266E-006  2.666359438353516E-006  2.274305823771233E-006  1.889388641707040E-006  1.699641001311529E-006  1.511839278666453E-006  1.326320494104238E-006  1.216390075856581E-006  1.143830213633376E-006  1.036343692510668E-006  9.657705041813913E-007  8.618055711254165E-007  7.937143751068111E-007  7.598974479641798E-007  7.260634635547230E-007  6.919720286145442E-007  6.572326924061662E-007  6.212238557962870E-007  5.408148255022840E-007  4.918400334624266E-007  4.293233111567884E-007
   250.500035094278       6.248013083312741E-006  5.651929753399584E-006  5.058548616097315E-006  4.469016450074880E-006  3.884169104881794E-006  3.304346322087581E-006  2.729386424964768E-006  2.443703369404165E-006  2.159459048140632E-006  1.877366014472617E-006  1.709803760731750E-006  1.599183924903534E-006  1.435626762041765E-006  1.328770281983111E-006  1.173070180057103E-006  1.073110234142863E-006  1.024391644142419E-006  9.764496128600464E-007  9.291009293570266E-007  8.819744747671011E-007  8.344087552270281E-007  7.328564295973982E-007  6.740016409410630E-007  6.028371522983598E-007
   251.300038258114       4.069609999432966E-006  3.651881702749079E-006  3.242450139084469E-006  2.842673999572240E-006  2.453965603033969E-006  2.077922390619202E-006  1.716727059013489E-006  1.542752343008284E-006  1.374071017618404E-006  1.211620317906376E-006  1.117596640596686E-006  1.056484994754395E-006  9.672350043374111E-007  9.092544477466775E-007  8.239044742557867E-007  7.671072031590256E-007  7.382626050058375E-007  7.087634204000104E-007  6.782163979398382E-007  6.460754607235702E-007  6.115577672362597E-007  5.298200478855621E-007  4.767058916400383E-007  4.043901759461121E-007
   251.800038328163       3.537829133033985E-006  3.165683303803639E-006  2.803880418762393E-006  2.453893674163012E-006  2.117349374758960E-006  1.796214660514885E-006  1.493195360054086E-006  1.349673171854964E-006  1.212306554724149E-006  1.081737426851384E-006  1.006808615086483E-006  9.582277769562777E-007  8.871121057699352E-007  8.404851286465340E-007  7.704144960038833E-007  7.222196665298382E-007  6.971075524987846E-007  6.709363189106797E-007  6.433069949688618E-007  6.136772959963748E-007  5.812702921025085E-007  5.024739420047273E-007  4.499381237162563E-007  3.765968938818267E-007
   252.500035374472       3.070868934011501E-006  2.747813841244830E-006  2.434792941748100E-006  2.133094674326706E-006  1.844125082799504E-006  1.569513210016261E-006  1.311290354472878E-006  1.189103236649143E-006  1.071970469013694E-006  9.600900844986792E-007  8.954112890387659E-007  8.531938917139668E-007  7.908699722473032E-007  7.496113527788966E-007  6.869861681014301E-007  6.435249684067665E-007  6.207799302831430E-007  5.970171209819937E-007  5.718754813156486E-007  5.448598826399004E-007  5.152578393660257E-007  4.431173397974806E-007  3.949846533764231E-007  3.279646231727367E-007
   253.500035514569       2.833854566896757E-006  2.544614846094763E-006  2.265973579259430E-006  1.998981478708136E-006  1.744650754188199E-006  1.503951357043770E-006  1.277808811781008E-006  1.170441361922376E-006  1.066911932310266E-006  9.670281143843051E-007  9.085870329373177E-007  8.700617360535373E-007  8.124948862353180E-007  7.738423071561460E-007  7.142211677175329E-007  6.721541982436029E-007  6.499337496365032E-007  6.265918395988896E-007  6.017807669206482E-007  5.750230930281657E-007  5.456286007004880E-007  4.738684707088829E-007  4.259705573040251E-007  3.591618640129855E-007
   254.500035654666       2.974170936508179E-006  2.710710881640336E-006  2.452999871387324E-006  2.200927376779473E-006  1.954126365083402E-006  1.711964906868127E-006  1.473616090294525E-006  1.355599851727448E-006  1.238215768413416E-006  1.121321234316098E-006  1.051294608623439E-006  1.004565374828408E-006  9.341640830043078E-007  8.867590122108305E-007  8.140546166994572E-007  7.635074922781657E-007  7.371621631572454E-007  7.097776053343053E-007  6.809970059793496E-007  6.503195229234807E-007  6.170148940755509E-007  5.372022856565353E-007  4.849433856383390E-007  4.132627512415703E-007
   255.500035794763       4.399751049284072E-006  4.051285609047594E-006  3.702123848506931E-006  3.351119404143828E-006  2.996510505909538E-006  2.635708047154717E-006  2.265050221763913E-006  2.074535090969886E-006  1.879614852155647E-006  1.679541958725770E-006  1.556750643873365E-006  1.473686885358034E-006  1.347277710377105E-006  1.261827763973605E-006  1.131982074660537E-006  1.044289178235437E-006  1.000026371807353E-006  9.553722190463335E-007  9.101445948030698E-007  8.640164718691821E-007  8.164136267856237E-007  7.120252929835599E-007  6.501867059548683E-007  5.735235905853609E-007
   256.500035934860       4.222836320830287E-006  3.857569427875841E-006  3.494454141541207E-006  3.133195255265708E-006  2.773144462957701E-006  2.413193075990910E-006  2.051691222385739E-006  1.869700294944032E-006  1.686493180654266E-006  1.501796408454581E-006  1.390173299542334E-006  1.315402187616315E-006  1.202685850574971E-006  1.127130516957974E-006  1.012955049662175E-006  9.358580663625092E-007  8.967583564604996E-007  8.570522325396441E-007  8.164285198511636E-007  7.743933305576423E-007  7.301537321326524E-007  6.288922582932487E-007  5.651972614583099E-007  4.799201218159733E-007
   257.500036074957       5.596358946680928E-006  5.092684820501013E-006  4.591945698522981E-006  4.094341640601226E-006  3.599608544105584E-006  3.106819551604953E-006  2.614245339538643E-006  2.367307426749648E-006  2.119536758147068E-006  1.870753057836075E-006  1.721021012443627E-006  1.621061150484819E-006  1.471044467871365E-006  1.371084544519080E-006  1.221365247361273E-006  1.121606641325626E-006  1.071599833886697E-006  1.021331385321393E-006  9.705396538583129E-007  9.187742789313744E-007  8.652632713551192E-007  7.466022639580980E-007  6.743775374471848E-007  5.804783580302618E-007
   258.500036215054       5.523244909314565E-006  5.003629927270589E-006  4.488607409750695E-006  3.978880003200529E-006  3.474915103672591E-006  2.976877303742395E-006  2.484689657007973E-006  2.240795406288096E-006  1.998488434481192E-006  1.758044334677614E-006  1.614876365022609E-006  1.519978937048882E-006  1.378562990236997E-006  1.284930060314714E-006  1.145238692297437E-006  1.052089055585036E-006  1.005174711137112E-006  9.577291566833142E-007  9.093616365772825E-007  8.594578299701387E-007  8.070338340160142E-007  6.868878548884529E-007  6.106453924657792E-007  5.069293180468386E-007
   259.500036355151       5.322761177010332E-006  4.807671820512528E-006  4.298419103220343E-006  3.796054844849479E-006  3.301550838129147E-006  2.815836333831479E-006  2.340021741301997E-006  2.106362745761885E-006  1.876009216490578E-006  1.649493587070066E-006  1.515691680731265E-006  1.427445889405979E-006  1.296532641542882E-006  1.210144668501597E-006  1.081340023199646E-006  9.951082674825145E-007  9.514128725647772E-007  9.069395643774318E-007  8.612155599734973E-007  8.135301686221428E-007  7.627904480315057E-007  6.439084819535514E-007  5.668332564158583E-007  4.601802737295869E-007
   260.500036495248       4.656767190391071E-006  4.203438878858876E-006  3.756262161929581E-006  3.316079226529370E-006  2.883697578229572E-006  2.459980025194655E-006  2.046145758605729E-006  1.843579770834036E-006  1.644495389035990E-006  1.449539556798897E-006  1.334858192014034E-006  1.259438062202876E-006  1.147834820308810E-006  1.074286936818271E-006  9.643630929135326E-007  8.900802485949845E-007  8.520137461053404E-007  8.128501452095824E-007  7.720473826239515E-007  7.288361761272364E-007  6.820913204503347E-007  5.698086284831896E-007  4.953715760936775E-007  3.909098727907867E-007
   261.500036635345       4.173333718545167E-006  3.772733632701772E-006  3.378431839539483E-006  2.991047490166577E-006  2.611103870122912E-006  2.239063919249395E-006  1.875498379727082E-006  1.697197101771973E-006  1.521495575241081E-006  1.348684305880563E-006  1.246489789639003E-006  1.178977119371272E-006  1.078493513278340E-006  1.011797455491172E-006  9.112295994591283E-007  8.425819393704324E-007  8.071800947051547E-007  7.706068365247465E-007  7.323526999869823E-007  6.916938550660470E-007  6.475690944472868E-007  5.411812834134358E-007  4.705008939971935E-007  3.711628517012027E-007
   262.500036775441       5.936447847210268E-006  5.364021713994402E-006  4.796810719352123E-006  4.235836477396585E-006  3.682033691594095E-006  3.136339150595255E-006  2.600067410377437E-006  2.336211911611946E-006  2.075950942375523E-006  1.820215286681471E-006  1.669475526327774E-006  1.570303584745962E-006  1.423721886134840E-006  1.327467258292810E-006  1.184819143137010E-006  1.089901816846780E-006  1.041937064958056E-006  9.931594191746958E-007  9.429967001754400E-007  8.905987287417385E-007  8.346776332569999E-007  7.026925118999802E-007  6.162273923138278E-007  4.952580658978990E-007
   263.500036915538       7.437778255227592E-006  6.803051802522864E-006  6.165676407602541E-006  5.525300007105186E-006  4.880854367495710E-006  4.230175614784577E-006  3.569555049045634E-006  3.233849228880696E-006  2.893454198888397E-006  2.547563358143481E-006  2.337169002407055E-006  2.195723268761181E-006  1.981961033311027E-006  1.838621945553947E-006  1.623047626276933E-006  1.479467314831827E-006  1.407806860857844E-006  1.336183868283007E-006  1.264427200730326E-006  1.192140766593900E-006  1.118514471381117E-006  9.595357737568878E-007  8.651094999613875E-007  7.431999939877892E-007
   264.500037055635       9.758057363625176E-006  8.959694757692579E-006  8.154748531259417E-006  7.342262412979851E-006  6.520044520444557E-006  5.683922290678950E-006  4.826703708852554E-006  4.386807912546695E-006  3.936993004473131E-006  3.475210262754342E-006  3.191628259256713E-006  2.999726669859493E-006  2.707751543904773E-006  2.510715857387001E-006  2.213028996249189E-006  2.014702919173958E-006  1.916143605519466E-006  1.818266971408076E-006  1.721230166845551E-006  1.625035540216313E-006  1.529336395624589E-006  1.333948854793848E-006  1.227238558541668E-006  1.103660870714852E-006
   265.500037195732       1.110191096007101E-005  1.021988446813336E-005  9.326500400043078E-006  8.420369182219040E-006  7.498569340394540E-006  6.555641508753244E-006  5.582107441300158E-006  5.079332087371418E-006  4.562573389012150E-006  4.028834152050260E-006  3.699181478426780E-006  3.475178495833738E-006  3.132754518315267E-006  2.900465874591653E-006  2.547536942172813E-006  2.311182323215079E-006  2.193493154468633E-006  2.076621629562517E-006  1.960971846949571E-006  1.846886506812791E-006  1.734466440411167E-006  1.511482782928371E-006  1.395665951320948E-006  1.270750363724176E-006
   266.500037335829       8.289297358029321E-006  7.607362768800906E-006  6.921140691365596E-006  6.229751877506429E-006  5.531373771208719E-006  4.822761930586063E-006  4.098677606234908E-006  3.728539669432138E-006  3.351518013812147E-006  2.966510210518783E-006  2.731356513785646E-006  2.572858163629004E-006  2.332730702838392E-006  2.171343643930400E-006  1.928167623680158E-006  1.766003511862303E-006  1.685056540544839E-006  1.604183754484042E-006  1.523241795210939E-006  1.441864414567285E-006  1.359274812232648E-006  1.182985792035434E-006  1.080671400777005E-006  9.538862442112692E-007
   267.500037475926       9.602913636878669E-006  8.817983293155048E-006  8.025678046550842E-006  7.224907240940916E-006  6.413474936913538E-006  5.587529020442467E-006  4.740894336723335E-006  4.307115476179014E-006  3.864599030793814E-006  3.412025158043340E-006  3.135276961299453E-006  2.948616973899134E-006  2.665678948752528E-006  2.475485163441961E-006  2.189107217416917E-006  1.998606424187293E-006  1.903820108922334E-006  1.809447771300234E-006  1.715455642537548E-006  1.621594141522071E-006  1.527189955174437E-006  1.329370643840200E-006  1.217068225051749E-006  1.080590804153052E-006
   268.500037616023       1.010928178960780E-005  9.292534287232248E-006  8.467630073834712E-006  7.633244580243888E-006  6.786798294177639E-006  5.923792938456809E-006  5.036965251839818E-006  4.581388025875095E-006  4.115532496301267E-006  3.637664350435345E-006  3.344588753729069E-006  3.146487082386498E-006  2.845459459666866E-006  2.642546275386690E-006  2.336090471397512E-006  2.131613545780461E-006  2.029711678361014E-006  1.928179181279027E-006  1.827025463861315E-006  1.726054704871956E-006  1.624654456811389E-006  1.413405370826292E-006  1.294803189156390E-006  1.153038421122962E-006
   269.500037756120       8.405099430310548E-006  7.726639264648405E-006  7.043022564420881E-006  6.353280093467028E-006  5.655466649000677E-006  4.946141115281024E-006  4.219656033762378E-006  3.847402811828705E-006  3.467337345077605E-006  3.077896450847770E-006  2.839106308401475E-006  2.677631408289282E-006  2.431974828245275E-006  2.266027059241050E-006  2.014397147584986E-006  1.845386293095070E-006  1.760645695289022E-006  1.675749761451018E-006  1.590582991270860E-006  1.504816552863000E-006  1.417708111078785E-006  1.231884945361195E-006  1.124127854187959E-006  9.903899606652379E-007
   270.500037896217       9.639203567382708E-006  8.878731717350887E-006  8.109556393635546E-006  7.330220845277679E-006  6.537960592961612E-006  5.727948237873307E-006  4.892225358863079E-006  4.461056006011221E-006  4.018414282552261E-006  3.562017575705408E-006  3.280653825218601E-006  3.089727154475738E-006  2.798294134622109E-006  2.600855037624343E-006  2.300984981263943E-006  2.099725366244504E-006  1.999087486798604E-006  1.898615499192236E-006  1.798358501652030E-006  1.698181056712499E-006  1.597553316702463E-006  1.388189792877057E-006  1.270872986941947E-006  1.130478247028239E-006
   271.500038036314       8.007772925635534E-006  7.358668118102296E-006  6.704300812854707E-006  6.043702108625341E-006  5.375012284387667E-006  4.695055489013265E-006  3.998845988491594E-006  3.642501520204383E-006  3.279281785888980E-006  2.908139877839147E-006  2.681319654268281E-006  2.528350518749793E-006  2.296377733235461E-006  2.140224116853296E-006  1.904240841416436E-006  1.746055855287734E-006  1.666694723260089E-006  1.587028048902873E-006  1.506793476592589E-006  1.425458753843905E-006  1.342002976954233E-006  1.159376889455382E-006  1.049259131773554E-006  9.053323887314218E-007
   272.500038176411       8.178635358367726E-006  7.500037410877840E-006  6.816578656807360E-006  6.127480139926580E-006  5.431198615923398E-006  4.725145798404447E-006  4.005501473879706E-006  3.639119411646313E-006  3.267629025524802E-006  2.890797465565063E-006  2.662297091423608E-006  2.509140758610439E-006  2.278586479545627E-006  2.124684955442724E-006  1.894219294314326E-006  1.741021707919599E-006  1.664413097900489E-006  1.587540043253929E-006  1.509982403677749E-006  1.430989821610630E-006  1.349255467354551E-006  1.166655683160416E-006  1.053531464989869E-006  9.018000874115330E-007
   273.500038316508       9.153125966674846E-006  8.397236105739183E-006  7.635133523683040E-006  6.865835851448554E-006  6.087456657681011E-006  5.296824704373398E-006  4.489142891053447E-006  4.076982666321618E-006  3.658206268133228E-006  3.232290505500478E-006  2.973371363501876E-006  2.799519663561469E-006  2.537341118918849E-006  2.362046825331706E-006  2.099309718688630E-006  1.924755734273451E-006  1.837606012997934E-006  1.750316990344401E-006  1.662472655049520E-006  1.573286106306745E-006  1.481338375995070E-006  1.277032118263882E-006  1.150888879885468E-006  9.812422905219245E-007
   274.500038456605       5.493266537388689E-006  5.002962312113169E-006  4.515729178614352E-006  4.031901984326427E-006  3.551746336714800E-006  3.075590123602135E-006  2.604167201801586E-006  2.370728513370721E-006  2.139270749920749E-006  1.910246782240837E-006  1.774139628447027E-006  1.683921328029098E-006  1.549130742307323E-006  1.459267393551288E-006  1.323054202150227E-006  1.229534116623599E-006  1.181134490713277E-006  1.131018565254608E-006  1.078481771417363E-006  1.022513886991835E-006  9.616153381107080E-007  8.138967475549717E-007  7.148333845220143E-007  5.742167106233565E-007
   275.500038596701       6.881449463132890E-006  6.296921404338715E-006  5.710690740275500E-006  5.122279264802035E-006  4.530781739452786E-006  3.934868540993897E-006  3.333098919300019E-006  3.029795782353420E-006  2.725118727950738E-006  2.419732270694925E-006  2.236660212647149E-006  2.114898570082174E-006  1.932947321000447E-006  1.812167883510624E-006  1.631328165877022E-006  1.509875511452248E-006  1.448209075344111E-006  1.385330074273878E-006  1.320522192980443E-006  1.252707740017791E-006  1.180232825122263E-006  1.008744405402346E-006  8.957543120546080E-007  7.359010624393708E-007
   276.500038736798       8.257303349234835E-006  7.582774097093612E-006  6.903110223429562E-006  6.217276328981469E-006  5.523460358727415E-006  4.818807344342257E-006  4.099231806618090E-006  3.732284137129775E-006  3.359737730930339E-006  2.981226104041067E-006  2.751317587794613E-006  2.596999993132878E-006  2.364252282501309E-006  2.208471931965902E-006  1.974196895410836E-006  1.817380731495351E-006  1.738449139084813E-006  1.658769894543761E-006  1.577767320747584E-006  1.494475473029675E-006  1.407283177219485E-006  1.208182270743507E-006  1.081638413842514E-006  9.070219940681972E-007
   277.500038876895       9.665963858556882E-006  8.890573589241677E-006  8.104901852138059E-006  7.307091033986074E-006  6.494243167929398E-006  5.662128488721804E-006  4.805166524144423E-006  4.365495420024009E-006  3.917681933210386E-006  3.461981313333596E-006  3.185409390446706E-006  3.000155363880365E-006  2.721845379434412E-006  2.536699856629582E-006  2.260804478192755E-006  2.078353815501903E-006  1.987295836655145E-006  1.895907585822004E-006  1.803510533709207E-006  1.708948496475124E-006  1.610294680485538E-006  1.385283677874789E-006  1.241496031021583E-006  1.040249927062083E-006
   278.500039016992       6.886567861130139E-006  6.284123577603702E-006  5.682076210548782E-006  5.080842666490182E-006  4.481177725843116E-006  3.884701152205407E-006  3.294921154908771E-006  3.004543802111662E-006  2.718796528748272E-006  2.439108403162408E-006  2.274641416672784E-006  2.166359242376520E-006  2.005478251637029E-006  1.898531451105983E-006  1.735949022554708E-006  1.623121943477037E-006  1.564077678087750E-006  1.502360065536919E-006  1.436970722915598E-006  1.366510314347274E-006  1.288920925132855E-006  1.096943058242461E-006  9.653115772554720E-007  7.746405372872554E-007
   279.500039157089       2.112083175619160E-006  1.969709777054583E-006  1.829877457045684E-006  1.692260281083710E-006  1.556240800086146E-006  1.420630541503584E-006  1.283020331190722E-006  1.212018275070806E-006  1.138142652756161E-006  1.059565054203973E-006  1.008989091095623E-006  9.732918913571368E-007  9.158207427773505E-007  8.741210723159695E-007  8.045741764860440E-007  7.518121575311051E-007  7.228413173617274E-007  6.916941578061474E-007  6.578912710631627E-007  6.207651993398185E-007  5.793388232214714E-007  4.763523403026930E-007  4.068397338594983E-007  3.089659659934079E-007
   280.500039297186       3.012173804962586E-006  2.775689120905644E-006  2.543648095714570E-006  2.316102724825261E-006  2.092998558394280E-006  1.874044227207612E-006  1.658271564206026E-006  1.550770850916841E-006  1.442516551659903E-006  1.331909082060659E-006  1.263239932050932E-006  1.215890523479440E-006  1.141374084379106E-006  1.088414283005491E-006  1.001614395539647E-006  9.366329268070573E-007  9.011586819274372E-007  8.631306427848177E-007  8.219504458450273E-007  7.767892301707216E-007  7.264404697809155E-007  6.013181214920544E-007  5.168026310544098E-007  3.974887938977751E-007
   281.500039437283       1.005068836942243E-005  9.203169692294836E-006  8.347789464510256E-006  7.483595821210212E-006  6.609250234558884E-006  5.723310765659985E-006  4.825246479661210E-006  4.372384902272297E-006  3.918303744128991E-006  3.465120038823691E-006  3.195001768387572E-006  3.016233450769401E-006  2.750747056704400E-006  2.575801767370530E-006  2.316028347505412E-006  2.143021429079196E-006  2.055560798181466E-006  1.966573197310659E-006  1.874973807234436E-006  1.779137797608911E-006  1.676582841067523E-006  1.432475174967924E-006  1.269762380359956E-006  1.035724723888461E-006
   282.500039577380       1.264651889314354E-005  1.168414286071470E-005  1.070220322068810E-005  9.697089015271800E-006  8.663224379424568E-006  7.592286720578080E-006  6.472494671680751E-006  5.889687584576556E-006  5.289074976651460E-006  4.669405716297124E-006  4.288589643003686E-006  4.031360411592365E-006  3.641651054446463E-006  3.380403558397537E-006  2.989249782932033E-006  2.730945768852319E-006  2.602887617880677E-006  2.475451392740597E-006  2.348195753288458E-006  2.220126721195120E-006  2.089309749603904E-006  1.802212570529159E-006  1.625836612455162E-006  1.385037073197644E-006
   283.500039717477       1.195778598555681E-005  1.105411649370124E-005  1.013392252584431E-005  9.194132999431774E-006  8.229985376841910E-006  7.234287117414845E-006  6.196513967438418E-006  5.657468732400299E-006  5.102222571467299E-006  4.528788031988377E-006  4.175476661264617E-006  3.936122813675911E-006  3.571856243257944E-006  3.326118145597484E-006  2.954885601399185E-006  2.706929419510288E-006  2.583048000992279E-006  2.459145164923035E-006  2.334873468874140E-006  2.209424582356651E-006  2.081164290791359E-006  1.800952361627506E-006  1.630856903651120E-006  1.403106236616046E-006
   284.500039857574       1.085734477355508E-005  1.003400605229958E-005  9.196423421940520E-006  8.341955892677221E-006  7.466548581047380E-006  6.564182503065948E-006  5.626368191364077E-006  5.140858952401481E-006  4.642439159992270E-006  4.130139987903910E-006  3.816112675377621E-006  3.604220970641789E-006  3.283248952828202E-006  3.067817571563999E-006  2.743967256995890E-006  2.528340038656626E-006  2.420559498438600E-006  2.312506688637910E-006  2.203629872573973E-006  2.092892075468176E-006  1.978444383763968E-006  1.722864011443703E-006  1.564129960560862E-006  1.349012903209319E-006
   285.500039997671       7.298738790503827E-006  6.718981479944608E-006  6.137619380636003E-006  5.554237119559106E-006  4.968082641903053E-006  4.378039044666068E-006  3.782683082949617E-006  3.482526708306280E-006  3.180455165797511E-006  2.876230004701146E-006  2.692487882382887E-006  2.569372784353998E-006  2.383452113193829E-006  2.258300239532198E-006  2.067389596995040E-006  1.936226177019902E-006  1.868601455250707E-006  1.798909578084985E-006  1.726308088340002E-006  1.649531779489856E-006  1.566622300825084E-006  1.367268668227682E-006  1.233770948978201E-006  1.042349226927446E-006
   286.500040137768       1.230714748831522E-005  1.140182685715486E-005  1.047770474569894E-005  9.531200651079272E-006  8.556804431144566E-006  7.546139583127588E-006  6.486725188720428E-006  5.933422978044942E-006  5.360950348212870E-006  4.766723864358300E-006  4.398988395922075E-006  4.149152310779577E-006  3.767861107741725E-006  3.509963139179004E-006  3.119558030636703E-006  2.858536865000753E-006  2.728173749776520E-006  2.597903249989302E-006  2.467444904669502E-006  2.336056444598045E-006  2.202161092265403E-006  1.911796563230905E-006  1.737562058542754E-006  1.508519481020362E-006
   287.500040277865       1.270118850196725E-005  1.179465042357306E-005  1.086812218661913E-005  9.917665392727449E-006  8.937168329806929E-006  7.917164738688960E-006  6.843033929686253E-006  6.279089341950643E-006  5.692554679898708E-006  5.079253938615893E-006  4.696664400360936E-006  4.435055307292593E-006  4.032602227235492E-006  3.757800885970775E-006  3.337119725073030E-006  3.052489890972063E-006  2.909416301769814E-006  2.766004350680463E-006  2.622205388130699E-006  2.477611612890336E-006  2.331084477282043E-006  2.019272505811375E-006  1.837601119731105E-006  1.606631136372076E-006
   288.500040417961       1.221528695557985E-005  1.133307016120552E-005  1.043387274370359E-005  9.514200507205714E-006  8.568707955721300E-006  7.589268380420874E-006  6.563585595064352E-006  6.027960973933646E-006  5.473335110497740E-006  4.896326502834823E-006  4.537949136004332E-006  4.293574035338456E-006  3.918596856274205E-006  3.663073841463226E-006  3.272133382091419E-006  3.007071606531220E-006  2.873346379370517E-006  2.738754236120632E-006  2.603020630312609E-006  2.465479498313985E-006  2.324714508161366E-006  2.019347690613357E-006  1.837324739862136E-006  1.601093006418823E-006
   289.500040558058       1.223508059255207E-005  1.137632104974580E-005  1.049915563523954E-005  9.599747032995930E-006  8.672212279260343E-006  7.707525575387521E-006  6.691797578554968E-006  6.158490424408165E-006  5.603625450458191E-006  5.022842432716650E-006  4.659899762630819E-006  4.411258437298107E-006  4.027653502255500E-006  3.764645669001583E-006  3.359533266501407E-006  3.083057135634238E-006  2.943132902922632E-006  2.802127112654883E-006  2.659906475269406E-006  2.516000399194704E-006  2.369240870949191E-006  2.054171414498427E-006  1.869242357995079E-006  1.633271942515890E-006
   291.000040768204       1.524440275179400E-005  1.419762425793275E-005  1.312460034887045E-005  1.201989180335856E-005  1.087512937747691E-005  9.677361119849632E-006  8.406414004856824E-006  7.734258377366507E-006  7.030893541840536E-006  6.289964298569021E-006  5.824475219971044E-006  5.504541694480352E-006  5.009491610299411E-006  4.669297526019066E-006  4.144908296682605E-006  3.787749104743611E-006  3.607652978603872E-006  3.426928170279975E-006  3.245753223948509E-006  3.063991731116448E-006  2.880779568975563E-006  2.497444560597088E-006  2.280191724473905E-006  2.013028519614288E-006
   293.000041048398       1.422761113787362E-005  1.325017221191255E-005  1.224894726321007E-005  1.121888505456352E-005  1.015239388466093E-005  9.038037027190171E-006  7.858493158972538E-006  7.236511978989411E-006  6.587462047724140E-006  5.906118757859287E-006  5.479435678806230E-006  5.186804988671544E-006  4.734972744190558E-006  4.425066604947731E-006  3.947857086300262E-006  3.622547644840632E-006  3.458114466643366E-006  3.292601446486263E-006  3.125904669954373E-006  2.957540332307438E-006  2.786238047863344E-006  2.420384623086658E-006  2.207264574131658E-006  1.937248423740884E-006
   295.000041328591       1.424463473862763E-005  1.326669875221388E-005  1.226473468439950E-005  1.123366223803864E-005  1.016590745838750E-005  9.050138144640419E-006  7.869282964777068E-006  7.246820334673175E-006  6.597520949002670E-006  5.916301683293076E-006  5.489961448781289E-006  5.197710950192891E-006  4.746734315232899E-006  4.437620185446794E-006  3.961943378312543E-006  3.637813010139663E-006  3.473957033376549E-006  3.308953834099586E-006  3.142622349981603E-006  2.974358967000029E-006  2.802707714156969E-006  2.433414022097392E-006  2.215607603710277E-006  1.935299701822253E-006
   297.000041608785       1.564594776919185E-005  1.459914481209507E-005  1.352385345964127E-005  1.241398563021504E-005  1.126041929264534E-005  1.004939262683777E-005  8.759978866962866E-006  8.076449629220305E-006  7.360199676734743E-006  6.604774441387752E-006  6.129730120736864E-006  5.803017739778100E-006  5.297076043330453E-006  4.949033269031081E-006  4.411664679340831E-006  4.044675742230581E-006  3.859137076223232E-006  3.672482707690879E-006  3.484734661883731E-006  3.295529151910248E-006  3.103664430874462E-006  2.696963725067593E-006  2.462334645084814E-006  2.167722627899869E-006
   299.000041888979       1.572820241779288E-005  1.468327515817639E-005  1.360929374255537E-005  1.249995363135764E-005  1.134591266419098E-005  1.013323846536331E-005  8.840978236966648E-006  8.155648199803683E-006  7.437453630623199E-006  6.680107237402017E-006  6.204038238643825E-006  5.876751751850204E-006  5.370196424979098E-006  5.021954198440273E-006  4.484593818391651E-006  4.117653093005779E-006  3.932034100712835E-006  3.745124356799877E-006  3.556821932120645E-006  3.366590969297563E-006  3.172996589090589E-006  2.759257265602891E-006  2.517749969015013E-006  2.210260948523653E-006
   301.000042169173       1.659992401844166E-005  1.552615689032723E-005  1.442031564106174E-005  1.327521453457562E-005  1.208016978855300E-005  1.081913303206639E-005  9.467684873004904E-006  8.747002726650836E-006  7.988269896079097E-006  7.183794498280939E-006  6.675566013536010E-006  6.324966860598375E-006  5.780350715400906E-006  5.404573426256779E-006  4.822801921572661E-006  4.424628879844990E-006  4.223147271569575E-006  4.020378852304489E-006  3.816374653736476E-006  3.610751942890558E-006  3.402189309597930E-006  2.959667967863886E-006  2.703916110146851E-006  2.382191553789796E-006
   303.000042449367       1.667839609439857E-005  1.560097955838998E-005  1.449192195681103E-005  1.334430441681074E-005  1.214786753927594E-005  1.088720603809500E-005  9.538797466164602E-006  8.820972698536956E-006  8.066157180298962E-006  7.266690892317761E-006  6.761909333263832E-006  6.413707882559063E-006  5.872614099378532E-006  5.498906382059168E-006  4.919150904316309E-006  4.520968835415658E-006  4.318855597938339E-006  4.114917249560140E-006  3.909107245050135E-006  3.700942190067838E-006  3.488991080982140E-006  3.036410836159818E-006  2.772991294247257E-006  2.439503142662786E-006
   305.000042729561       1.723507109265931E-005  1.613669940961271E-005  1.500445133362185E-005  1.383083071320692E-005  1.260478001403617E-005  1.130972852624684E-005  9.920406333287326E-006  9.178916928758843E-006  8.397802694441019E-006  7.569048299585743E-006  7.045169062892328E-006  6.683607941545259E-006  6.121611186745748E-006  5.733486934759123E-006  5.131660605186378E-006  4.718697461935170E-006  4.509235822280950E-006  4.297991638516471E-006  4.084904633411917E-006  3.869436132203492E-006  3.650028383216730E-006  3.180902712780710E-006  2.907051676636092E-006  2.558737814975992E-006
   307.000043009754       1.780287297747479E-005  1.666070566337830E-005  1.548194294261052E-005  1.425883472109920E-005  1.298011947029785E-005  1.162914609139017E-005  1.018083365081506E-005  9.408909992861079E-006  8.597013459721580E-006  7.737593753633376E-006  7.195726921371826E-006  6.822527757067471E-006  6.243909356863942E-006  5.845463787903994E-006  5.229575043756777E-006  4.808150529775868E-006  4.594624706015083E-006  4.379308437975329E-006  4.161990303896730E-006  3.941909064729261E-006  3.717181555959382E-006  3.232908368827770E-006  2.946256671513879E-006  2.573616181736530E-006
   309.000043289948       1.832337461869361E-005  1.717301944933210E-005  1.598421071422350E-005  1.474865808649647E-005  1.345431808782765E-005  1.208333554019653E-005  1.060864730949054E-005  9.820151428970369E-006  8.988611124818122E-006  8.105615863589008E-006  7.547282779827445E-006  7.161992644300882E-006  6.563425841698010E-006  6.150443152991201E-006  5.511039259271891E-006  5.073088042839658E-006  4.851174605094345E-006  4.627464808071540E-006  4.401804005199059E-006  4.173469679293115E-006  3.940576813999825E-006  3.439942711119349E-006  3.145016800307000E-006  2.765185426885180E-006
   311.000043570142       1.820757686550890E-005  1.707778136857953E-005  1.590989853108933E-005  1.469556439600632E-005  1.342260803583937E-005  1.207297682412975E-005  1.061931267354215E-005  9.841072916334403E-006  9.019484412891882E-006  8.145882116405371E-006  7.592676712125019E-006  7.210444602832202E-006  6.615615831160061E-006  6.204293938888923E-006  5.565497341010083E-006  5.126211086223718E-006  4.902965396281476E-006  4.677414474176486E-006  4.449357318443802E-006  4.218029022065782E-006  3.981500558771180E-006  3.471253866241707E-006  3.169596331050842E-006  2.779622900933419E-006
   313.000043850336       1.832572231156132E-005  1.719347794319510E-005  1.602271832179687E-005  1.480483348804269E-005  1.352735562791674E-005  1.217186536796445E-005  1.071058266781000E-005  9.927739647986557E-006  9.100965161457842E-006  8.221594314732000E-006  7.664687741388519E-006  7.279923965169659E-006  6.681294893452434E-006  6.267528686683824E-006  5.625425950407529E-006  5.184306182480157E-006  4.960255365871564E-006  4.733933455680943E-006  4.505060515412389E-006  4.272726362818448E-006  4.034758224907411E-006  3.518593608564587E-006  3.210764023574372E-006  2.808583281373080E-006
   315.000044130530       1.881604946746362E-005  1.764204437039042E-005  1.642851156161543E-005  1.516695566891481E-005  1.384528057157552E-005  1.244589704523355E-005  1.094270325436185E-005  1.014056223404179E-005  9.296388737733974E-006  8.402445707256237E-006  7.838685542982877E-006  7.450351690992004E-006  6.848125510653364E-006  6.433236351838485E-006  5.791258459645138E-006  5.350992765468063E-006  5.127346683347683E-006  4.901218742569482E-006  4.672122830655226E-006  4.438887403757335E-006  4.199016225630151E-006  3.674229047000664E-006  3.357935335958372E-006  2.940579233093361E-006
   317.000044410724       1.935684320838195E-005  1.817195689819352E-005  1.694464330042824E-005  1.566568404465637E-005  1.432201951440231E-005  1.289471553212830E-005  1.135570059160408E-005  1.053179903723569E-005  9.662649393166099E-006  8.739914560884647E-006  8.156789345029440E-006  7.754606479654983E-006  7.130163178299234E-006  6.699518117570603E-006  6.032605040062856E-006  5.574949427690861E-006  5.342394751450829E-006  5.107203910145465E-006  4.868854972457917E-006  4.626098585374502E-006  4.376288339758290E-006  3.829028416416582E-006  3.498569837632151E-006  3.060881097894276E-006
   319.000044690917       1.784329926364679E-005  1.676028976537195E-005  1.563823403723128E-005  1.446847359218228E-005  1.323887499827145E-005  1.193213309145987E-005  1.052302287391893E-005  9.769010701364115E-006  8.974148340195715E-006  8.131142016278415E-006  7.598918206729292E-006  7.232065946570242E-006  6.662759820180688E-006  6.270227207489788E-006  5.662034925953178E-006  5.243896786460464E-006  5.030911741294425E-006  4.814963417348683E-006  4.595340832792784E-006  4.370585494720683E-006  4.137847036603577E-006  3.621398333640299E-006  3.304478759736106E-006  2.877830919927896E-006
   321.000044971111       1.918425388791759E-005  1.805228592909398E-005  1.687810064037351E-005  1.565187217825997E-005  1.435955240906643E-005  1.298066545634828E-005  1.148469227460884E-005  1.067914186082550E-005  9.825300330941546E-006  8.913759827426112E-006  8.334743463844132E-006  7.933945063147853E-006  7.309163641219790E-006  6.876457900918815E-006  6.203405269711973E-006  5.739577494336095E-006  5.503333237128871E-006  5.264063265260070E-006  5.021242174935407E-006  4.773586569990555E-006  4.518358193063466E-006  3.957800578391366E-006  3.618425946468173E-006  3.167739381766091E-006
   323.000045251305       1.755920139964100E-005  1.649958706432404E-005  1.540154830137487E-005  1.425678447498665E-005  1.305375598277839E-005  1.177608012641698E-005  1.039997992772644E-005  9.664652994217505E-006  8.890512904333141E-006  8.070929837493957E-006  7.554413231339497E-006  7.198845887278454E-006  6.647797623792874E-006  6.268318400292743E-006  5.680713858673081E-006  5.276402079897891E-006  5.070059480383102E-006  4.860336924097385E-006  4.646259210805115E-006  4.426004610206906E-006  4.196222970945705E-006  3.677761559358283E-006  3.352235632183312E-006  2.903193867425886E-006
   325.000045531499       1.974849301497674E-005  1.861193836294613E-005  1.743140485308066E-005  1.619658564585081E-005  1.489279438358961E-005  1.349864353827169E-005  1.198216233649686E-005  1.116363784334875E-005  1.029433079211127E-005  9.363984617281210E-006  8.771545794447865E-006  8.360660022410716E-006  7.718622404224649E-006  7.272677950935830E-006  6.576453279332577E-006  6.094432591750499E-006  5.848100839130690E-006  5.597992118791158E-006  5.343495879957530E-006  5.083211833212040E-006  4.814212216783739E-006  4.220803753492450E-006  3.859545401255391E-006  3.375946444019863E-006
   327.000045811693       2.144198353349764E-005  2.023106697140109E-005  1.897112105014064E-005  1.765075214177883E-005  1.625361855957652E-005  1.475560553981372E-005  1.311987956313658E-005  1.223339915239970E-005  1.128847385013212E-005  1.027271120065426E-005  9.623302134349924E-006  9.171727358290628E-006  8.464279910104183E-006  7.971718895845943E-006  7.201210285031121E-006  6.667182528631951E-006  6.394317310586025E-006  6.117468695666988E-006  5.836156354057758E-006  5.549101351269443E-006  5.253435733642092E-006  4.606318637277409E-006  4.216773574250441E-006  3.702269856536160E-006
   329.000046091887       2.153974498710815E-005  2.031866598060806E-005  1.904791377628027E-005  1.771606838945199E-005  1.630698041533377E-005  1.479719149652626E-005  1.315152290740319E-005  1.226179129633925E-005  1.131572370247739E-005  1.030204114802070E-005  9.656048507533079E-006  9.207896040998349E-006  8.507607503549949E-006  8.021319954007793E-006  7.262510806469727E-006  6.737482335677688E-006  6.469238594602768E-006  6.196881001542869E-006  5.919682544985250E-006  5.636024603627433E-006  5.342588271938101E-006  4.693810778008030E-006  4.297897038765599E-006  3.767443708506313E-006
   331.000046372081       2.239069310493621E-005  2.112427954819223E-005  1.980493746425061E-005  1.842061457764544E-005  1.695431038569975E-005  1.538146523424056E-005  1.366557426075034E-005  1.273762582650100E-005  1.175110188445598E-005  1.069470733001008E-005  1.002207558120223E-005  9.555809545664561E-006  8.827991077226541E-006  8.323281590912463E-006  7.537188496306082E-006  6.994530496585644E-006  6.717704082181646E-006  6.436911040580897E-006  6.151373120394700E-006  5.859357831146196E-006  5.557337977738726E-006  4.889053418705200E-006  4.480343013161673E-006  3.930603770273068E-006
   333.000046652274       2.226370950403078E-005  2.101889631218712E-005  1.972060153963968E-005  1.835672105819647E-005  1.691024460768298E-005  1.535659305250747E-005  1.365908130237041E-005  1.273983095289476E-005  1.176146142294039E-005  1.071241685490944E-005  1.004366474100896E-005  9.579704441125335E-006  8.854820720186167E-006  8.351625987165787E-006  7.566864855597369E-006  7.024180852015446E-006  6.746953017391238E-006  6.465426615198404E-006  6.178751742446552E-006  5.885104138144500E-006  5.580833690601766E-006  4.905384440680317E-006  4.490921621587797E-006  3.931549656848592E-006
   335.000046932468       2.220320070137787E-005  2.096796901313050E-005  1.967946247767224E-005  1.832560821052516E-005  1.688941322324819E-005  1.534629683916704E-005  1.365951642804431E-005  1.274568166310241E-005  1.177277487768144E-005  1.072930607547370E-005  1.006401016203683E-005  9.602425398066876E-006  8.881239936096070E-006  8.380603622436177E-006  7.599759084626078E-006  7.059611621168885E-006  6.783554684029091E-006  6.503067877937600E-006  6.217217709401398E-006  5.924051898958460E-006  5.619721800262208E-006  4.940956636500826E-006  4.521139805681984E-006  3.948555264264901E-006
   337.000047212662       2.135566968178761E-005  2.014410571246046E-005  1.888153549884148E-005  1.755664478655676E-005  1.615369467021718E-005  1.465029817021333E-005  1.301402082788418E-005  1.213202955800464E-005  1.119777287836187E-005  1.020266116777701E-005  9.572677334960542E-006  9.137891546896704E-006  8.462585522788621E-006  7.996704583762759E-006  7.274415834986872E-006  6.777020130236357E-006  6.523052757702609E-006  6.264805869975146E-006  6.001007592739465E-006  5.729303208710945E-006  5.445419491307099E-006  4.803118112398374E-006  4.398672526664419E-006  3.837259938428157E-006
   339.000047492856       2.240991039222095E-005  2.117712341137789E-005  1.988981534589095E-005  1.853554960733604E-005  1.709683866798800E-005  1.554842797113217E-005  1.385289479439066E-005  1.293334666505829E-005  1.195411974447852E-005  1.090440476377250E-005  1.023594119328635E-005  9.772756578197838E-006  9.050372645181507E-006  8.550017793855932E-006  7.771600760910493E-006  7.234374091114705E-006  6.960025914865861E-006  6.681253192778955E-006  6.396920924675418E-006  6.104792946031775E-006  5.800648838834097E-006  5.117753482296152E-006  4.691951206081743E-006  4.106010104703003E-006
   341.000047773050       2.248873976261075E-005  2.128031432722900E-005  2.001768312292379E-005  1.868805129025209E-005  1.727333734035670E-005  1.574744461240777E-005  1.407181252553641E-005  1.316077582654635E-005  1.218874936745237E-005  1.114446233201336E-005  1.047806521720566E-005  1.001558378079005E-005  9.292919554691915E-006  8.791240148029391E-006  8.008616634781209E-006  7.466782254711381E-006  7.189510437054574E-006  6.907370304707965E-006  6.619205374064809E-006  6.322754104454779E-006  6.013755940509992E-006  5.319206080389948E-006  4.886399324775839E-006  4.293701910976151E-006
   343.000048053244       2.312030529150094E-005  2.187520492351559E-005  2.057327195465163E-005  1.920164197078730E-005  1.774252211287980E-005  1.617058888714379E-005  1.444885555512125E-005  1.351553562512933E-005  1.252236141610060E-005  1.145875167381516E-005  1.078204609669898E-005  1.031340542380524E-005  9.582822817473314E-006  9.076872425717605E-006  8.289355232278251E-006  7.744916662851045E-006  7.466304026007103E-006  7.182601155069802E-006  6.892436397567245E-006  6.593266124056226E-006  6.280464814265708E-006  5.572801792594483E-006  5.128224516753857E-006  4.514314265384955E-006
   345.000048333437       2.353592584306601E-005  2.229770059061925E-005  2.100207397802024E-005  1.963583605327531E-005  1.818040753305719E-005  1.660884730359064E-005  1.488085818994020E-005  1.394001502026696E-005  1.293466553608967E-005  1.185220297310903E-005  1.115981135546367E-005  1.067840782197334E-005  9.924536265263026E-006  9.399885178646687E-006  8.579014012776801E-006  8.008806449810943E-006  7.716383057433887E-006  7.418386747198499E-006  7.113588250213779E-006  6.799601150531236E-006  6.471929495892580E-006  5.734326577876453E-006  5.274313451340146E-006  4.644711278948636E-006
   347.000048613631       2.361107551057880E-005  2.237634885462063E-005  2.108406995509618E-005  1.972090088666738E-005  1.826806613914010E-005  1.669834963497362E-005  1.497101375010682E-005  1.402988518605146E-005  1.302372945658199E-005  1.193981332147886E-005  1.124614532332928E-005  1.076366853212329E-005  1.000774535786336E-005  9.481335524222292E-006  8.656990662044056E-006  8.083677821179093E-006  7.789369799769102E-006  7.489198362899158E-006  7.181855718808686E-006  6.864841024023030E-006  6.533485694190395E-006  5.785199297811902E-006  5.316470580663482E-006  4.671384242159158E-006
   349.000048893825       2.423265555203582E-005  2.297817832940467E-005  2.166393420675245E-005  2.027605958047738E-005  1.879502927697391E-005  1.719245878632695E-005  1.542571792841894E-005  1.446147831509329E-005  1.342917588728901E-005  1.231530382942934E-005  1.160145566376533E-005  1.110447866722262E-005  1.032508336512028E-005  9.781797553335301E-006  8.930165539203965E-006  8.337256594355930E-006  8.032694547989570E-006  7.721937380311494E-006  7.403639804005547E-006  7.075235303883440E-006  6.731933576521797E-006  5.956917594500722E-006  5.471871253924274E-006  4.804584594136400E-006
   351.000049174019       2.505122392898094E-005  2.377446011404393E-005  2.243523812109853E-005  2.101899824827061E-005  1.950532001969267E-005  1.786456668156887E-005  1.605212327754498E-005  1.506120483710496E-005  1.399880679109683E-005  1.285046262023837E-005  1.211334421642617E-005  1.159961391581161E-005  1.079308478387139E-005  1.023034387419480E-005  9.347592398840137E-006  8.732823035213643E-006  8.417054455355411E-006  8.094923860085441E-006  7.765078822511356E-006  7.424911370170069E-006  7.069529635518385E-006  6.268418161267333E-006  5.768201682799891E-006  5.081589810576704E-006
   353.000049454213       2.449626535602554E-005  2.325162593128756E-005  2.194745747149374E-005  2.056991131867517E-005  1.909953284356899E-005  1.750808711308311E-005  1.575316974362675E-005  1.479519048351969E-005  1.376934996634050E-005  1.266189850936600E-005  1.195159546810572E-005  1.145666378197066E-005  1.067946872395510E-005  1.013673319315756E-005  9.283728874794422E-006  8.687774927614363E-006  8.380825333243349E-006  8.066969590563910E-006  7.744729364698795E-006  7.411360714508472E-006  7.061820339599533E-006  6.268642684450964E-006  5.769606990960318E-006  5.080513104560040E-006
   355.000049734407       2.679261933866446E-005  2.546863315211837E-005  2.407615311298418E-005  2.259891026097732E-005  2.101406155955246E-005  1.928858336114308E-005  1.737299186108174E-005  1.632140971081914E-005  1.519059910053258E-005  1.396422860976813E-005  1.317462374166858E-005  1.262311598353515E-005  1.175517810614072E-005  1.114804315242666E-005  1.019326422658816E-005  9.526991796774126E-006  9.184531465174780E-006  8.835134500164789E-006  8.477453263779041E-006  8.108803132295138E-006  7.724050565575028E-006  6.858763488206205E-006  6.320219290062123E-006  5.583125042127975E-006
   357.000050014600       2.448252038582192E-005  2.324696180899374E-005  2.195075772968370E-005  2.057977381204112E-005  1.911434958919441E-005  1.752623846716290E-005  1.577382064363091E-005  1.481756330291329E-005  1.379470637626210E-005  1.269281674135489E-005  1.198791882350352E-005  1.149781155581274E-005  1.073019498072100E-005  1.019569719551891E-005  9.358083297763829E-006  8.774114801418711E-006  8.473395037765854E-006  8.165663949683580E-006  7.849135837009664E-006  7.520647647114780E-006  7.174608045326609E-006  6.381074239495186E-006  5.874871860591322E-006  5.165979872576088E-006
   359.000050294794       2.441319629082792E-005  2.319677425004466E-005  2.192022878332697E-005  2.056950170516052E-005  1.912502115406970E-005  1.755881152546618E-005  1.582968619296058E-005  1.488573630219794E-005  1.387560596953866E-005  1.278664039258030E-005  1.208936568563022E-005  1.160415512780147E-005  1.084337018045675E-005  1.031289473274370E-005  9.480089063498422E-006  8.898190007206666E-006  8.598069053856635E-006  8.290601628349129E-006  7.973968401087805E-006  7.644973551728671E-006  7.297985908307814E-006  6.500871799310810E-006  5.991427402856138E-006  5.276146160035223E-006
   361.000050574988       2.519608388424965E-005  2.395611556550959E-005  2.265341740671308E-005  2.127330014903200E-005  1.979530606213626E-005  1.819000156543935E-005  1.641381706532560E-005  1.544223751330972E-005  1.440095651443171E-005  1.327664911157433E-005  1.255588728030227E-005  1.205399882607874E-005  1.126660894519218E-005  1.071733038541858E-005  9.854744092188312E-006  9.251952321052393E-006  8.941052877623139E-006  8.622546613480900E-006  8.294546545965168E-006  7.953731530330516E-006  7.594249022080196E-006  6.768249113114482E-006  6.240150348807221E-006  5.498018644056491E-006
   363.000050855182       2.565441277654949E-005  2.439307193473702E-005  2.306857062309077E-005  2.166644300538276E-005  2.016659477852262E-005  1.854020722837490E-005  1.674455538727726E-005  1.576409232716579E-005  1.471454229077932E-005  1.358247640344342E-005  1.285717694695681E-005  1.235222725677578E-005  1.156000865206593E-005  1.100717674346404E-005  1.013825849831311E-005  9.530101289263596E-006  9.215999423781266E-006  8.893838177314521E-006  8.561631224500385E-006  8.215934159946216E-006  7.850728724127544E-006  7.009541242801724E-006  6.470574017418995E-006  5.712533177421836E-006
   364.000050995279       2.562834502372491E-005  2.437820565801062E-005  2.306345858728198E-005  2.166913985170339E-005  2.017445935389362E-005  1.854967072725431E-005  1.675102233027068E-005  1.576714441249195E-005  1.471302989274858E-005  1.357567224082424E-005  1.284719229127199E-005  1.234029140030630E-005  1.154567027583584E-005  1.099176290956165E-005  1.012228719248309E-005  9.514505329825003E-006  9.200771402190192E-006  8.879041982311046E-006  8.547261676003075E-006  8.201894220148280E-006  7.836812076542624E-006  6.994786316660737E-006  6.454514500105213E-006  5.693644983052799E-006
   365.000051135376       2.813528908175088E-005  2.677127877600225E-005  2.533351397603350E-005  2.380484243092366E-005  2.216143983410929E-005  2.036926601276799E-005  1.837827045625694E-005  1.728602311464642E-005  1.611331041096263E-005  1.484508396129044E-005  1.403125330924993E-005  1.346432790829079E-005  1.257480846661769E-005  1.195446551625060E-005  1.098127537089152E-005  1.030256593446107E-005  9.953194571650757E-006  9.595900447335713E-006  9.228744855449875E-006  8.848226590642233E-006  8.448076538158020E-006  7.533613072952377E-006  6.952386033703613E-006  6.138996712760505E-006
   367.000051415570       2.790778175985639E-005  2.656308857276638E-005  2.514646095029851E-005  2.364116621560444E-005  2.202393669844143E-005  2.026149095397375E-005  1.830453806806375E-005  1.723104178345642E-005  1.607809496652400E-005  1.483031719039246E-005  1.402884769993440E-005  1.347010340714546E-005  1.259262403038054E-005  1.198005684881761E-005  1.101791782946079E-005  1.034593094562477E-005  9.999629444358391E-006  9.645148392513196E-006  9.280491411094091E-006  8.902094963720094E-006  8.503629134109411E-006  7.591089901465021E-006  7.010272056839749E-006  6.197950856965926E-006
   369.000051695763       2.752195415281481E-005  2.619024732540052E-005  2.478768421528077E-005  2.329818834394326E-005  2.169967210259214E-005  1.996092158303555E-005  1.803644062566861E-005  1.698456871451859E-005  1.585871323010477E-005  1.464570325731591E-005  1.387002706775710E-005  1.333101488337089E-005  1.248752043956477E-005  1.190077442944552E-005  1.098199252202504E-005  1.034123894603872E-005  1.001081642212631E-005  9.672069537888944E-006  9.322694331309787E-006  8.958790168847501E-006  8.573708371790878E-006  7.683772369799847E-006  7.111764207893447E-006  6.305137049857092E-006
   371.000051975957       2.805466322954115E-005  2.677940674725195E-005  2.543572546575598E-005  2.400697678254222E-005  2.246990048125318E-005  2.079075418108054E-005  1.891848029691127E-005  1.788630524679340E-005  1.677206221445127E-005  1.555724456086657E-005  1.477045241273441E-005  1.421813314802855E-005  1.334295518300025E-005  1.272517145138542E-005  1.174086354056979E-005  1.104166067619012E-005  1.067735392368303E-005  1.030179088760637E-005  9.913043818502319E-006  9.507823136601554E-006  9.080272449041092E-006  8.104261569787628E-006  7.487325832926388E-006  6.628637974144160E-006
   373.000052256151       2.654767543798426E-005  2.541868239473158E-005  2.422325628299746E-005  2.294480311521272E-005  2.155998574905297E-005  2.003475619504933E-005  1.831716614500651E-005  1.736195575763686E-005  1.632365722246410E-005  1.518256522308794E-005  1.443804249686379E-005  1.391260668869112E-005  1.307493003857003E-005  1.247957585985594E-005  1.152360054649894E-005  1.083892060408264E-005  1.048045929704304E-005  1.010986089705354E-005  9.725360395254092E-006  9.323963804191071E-006  8.900261975966327E-006  7.934175160237886E-006  7.323892382415124E-006  6.472267077171734E-006
   375.000052536345       2.980342370874675E-005  2.853600695051480E-005  2.718183663815855E-005  2.572120431450428E-005  2.412672069290748E-005  2.235872290381824E-005  2.035686240319419E-005  1.923992535590459E-005  1.802345603221167E-005  1.668381074408243E-005  1.580806190022548E-005  1.518913114602904E-005  1.420080068312787E-005  1.349723779561605E-005  1.236637722536869E-005  1.155727877248380E-005  1.113495764893635E-005  1.070012504065794E-005  1.025192719960549E-005  9.788664048940095E-006  9.306605762070313E-006  8.241233669235385E-006  7.591102353343848E-006  6.704953571249730E-006
   377.000052816539       3.229552264752726E-005  3.092644252394085E-005  2.945564865077432E-005  2.786122910485897E-005  2.611285719571610E-005  2.416698063312328E-005  2.195788459760183E-005  2.072406605366039E-005  1.938032237951497E-005  1.790161028764870E-005  1.693610200683280E-005  1.625447579935569E-005  1.516754618394157E-005  1.439508711366057E-005  1.315605616902901E-005  1.227179972164602E-005  1.181111678217135E-005  1.133750932399464E-005  1.085023175284468E-005  1.034769520255739E-005  9.826228613912689E-006  8.680599774434001E-006  7.987184439588377E-006  7.049654702319406E-006
   379.000053096733       3.666157212558868E-005  3.490209247492994E-005  3.302343911433909E-005  3.100476838147256E-005  2.881786647678597E-005  2.642272857527863E-005  2.375938273488565E-005  2.229919721215015E-005  2.073150365555590E-005  1.903304422471040E-005  1.793857029913137E-005  1.717247667342752E-005  1.596154185717155E-005  1.510851656716204E-005  1.375258907256400E-005  1.279391892552204E-005  1.229751134390461E-005  1.178950826621853E-005  1.126955529167621E-005  1.073659988820847E-005  1.018765997492540E-005  8.998718948516720E-006  8.289558571216429E-006  7.337477818663167E-006
   381.000053376926       4.092868673985462E-005  3.882480940269209E-005  3.658782360507450E-005  3.419783385032435E-005  3.162817303210397E-005  2.884086769761731E-005  2.577787190620917E-005  2.411515077424223E-005  2.234248572235536E-005  2.043522961886440E-005  1.921264754318845E-005  1.835952314455231E-005  1.701502899311075E-005  1.607070368414009E-005  1.457459473321946E-005  1.352121648375644E-005  1.297762103559986E-005  1.242296057836124E-005  1.185731589907387E-005  1.128014951445203E-005  1.068900364956277E-005  9.422470024545703E-006  8.676278898294433E-006  7.683791726454386E-006
   383.000053657120       3.299066525913289E-005  3.138954854669971E-005  2.968179722741433E-005  2.785027477236230E-005  2.587237861436763E-005  2.371671983818986E-005  2.133767918075206E-005  2.004379933524173E-005  1.866479172883737E-005  1.718473034889078E-005  1.623985185066410E-005  1.558305223011256E-005  1.455316363028391E-005  1.383403433233113E-005  1.270162006585809E-005  1.190768107643765E-005  1.149787488002824E-005  1.107856039763558E-005  1.064833474100717E-005  1.020451844803757E-005  9.741788664631818E-006  8.703855623599898E-006  8.052362003923557E-006  7.136008486896932E-006
   385.000053937314       4.386922229482644E-005  4.143939353466890E-005  3.886526395247868E-005  3.612947536255658E-005  3.320971277015096E-005  3.007478066553264E-005  2.667689649487897E-005  2.485594257534133E-005  2.293432564537764E-005  2.089049580227613E-005  1.959356384814643E-005  1.869472672636115E-005  1.728852404294654E-005  1.630842243252985E-005  1.476837882443485E-005  1.369330087457025E-005  1.314136756715974E-005  1.258005830908736E-005  1.200933050670505E-005  1.142831858700608E-005  1.083388654132248E-005  9.556556840966882E-006  8.796425969761182E-006  7.769762503498573E-006
   387.000054217508       4.711414981294394E-005  4.434565436427366E-005  4.142555918532397E-005  3.834027944609432E-005  3.507284621360736E-005  3.159931072608637E-005  2.788056661259471E-005  2.590850922915148E-005  2.384298514594441E-005  2.166251238087336E-005  2.028678374294708E-005  1.933655391729456E-005  1.785464517934844E-005  1.682481824565916E-005  1.521122780153578E-005  1.408818205077561E-005  1.351286559763693E-005  1.292881969298596E-005  1.233627473299598E-005  1.173470565992453E-005  1.112134749210339E-005  9.811936525946545E-006  9.038048036374529E-006  7.996973398887633E-006
   389.000054497702       3.567949756901607E-005  3.421321486913651E-005  3.262868848845210E-005  3.090142575506982E-005  2.899770014047048E-005  2.686905789622384E-005  2.444235373861193E-005  2.308317998071927E-005  2.160038566377033E-005  1.996628260918477E-005  1.889844545083670E-005  1.814441662506999E-005  1.694227741328709E-005  1.608857169817290E-005  1.472149450634058E-005  1.374852424551583E-005  1.324278729806682E-005  1.272380564680806E-005  1.219087689382750E-005  1.164228122076536E-005  1.107381420089624E-005  9.823856709162887E-006  9.061743732247880E-006  8.014731924832684E-006
   391.000054777896       4.752989073164720E-005  4.471812800807620E-005  4.175910847286806E-005  3.864026401948719E-005  3.534571034650278E-005  3.185259938850366E-005  2.812263129514281E-005  2.614824238307088E-005  2.408261708021660E-005  2.190438074364612E-005  2.053125085083156E-005  1.958336623890718E-005  1.810608248839561E-005  1.708021965679013E-005  1.547410810249926E-005  1.435698563933710E-005  1.378474454271248E-005  1.320363776628804E-005  1.261358133663103E-005  1.201351390798726E-005  1.139977664186612E-005  1.007724645498800E-005  9.284199105299477E-006  8.202597207071461E-006
   393.000055058090       3.419391958502568E-005  3.191879719219518E-005  2.957335425772866E-005  2.715671459423040E-005  2.466736912997342E-005  2.210120434416972E-005  1.944701941522145E-005  1.807935375890099E-005  1.667729825984005E-005  1.523212860188401E-005  1.433938547435763E-005  1.373151494848889E-005  1.279761261929995E-005  1.215808866580228E-005  1.116816305387624E-005  1.048248014539566E-005  1.012936145344378E-005  9.767173354221358E-006  9.392977667520323E-006  9.001873581679109E-006  8.585396618602857E-006  7.601384899236543E-006  6.940743161702610E-006  5.955811219828214E-006
   395.000055338283       4.670689257902373E-005  4.384741597729069E-005  4.085134933128126E-005  3.770918970031469E-005  3.440866354791769E-005  3.093113846412192E-005  2.724365367972003E-005  2.530316975428005E-005  2.328250786649150E-005  2.116427647432682E-005  1.983728760987200E-005  1.892587707826452E-005  1.751450081923355E-005  1.654201347882874E-005  1.503396862302697E-005  1.399591715749188E-005  1.346719147029903E-005  1.293164531124066E-005  1.238814579223496E-005  1.183382695822438E-005  1.126219058403688E-005  9.995021670346698E-006  9.200961124632250E-006  8.069264318527034E-006
   397.000055618477       3.110985368438985E-005  2.966585058875641E-005  2.811753168179018E-005  2.644636013303831E-005  2.462793699602672E-005  2.262919678740850E-005  2.040389117772795E-005  1.918654351206504E-005  1.788555549822399E-005  1.648797242367791E-005  1.559685390882478E-005  1.497868572026809E-005  1.401249160753356E-005  1.334062613300954E-005  1.228736219930621E-005  1.155087100755635E-005  1.117020306117119E-005  1.077923976369098E-005  1.037516810712613E-005  9.953138694995755E-006  9.504573574132159E-006  8.450164459455489E-006  7.746191464501339E-006  6.697045096267601E-006
   399.000055898671       5.107625124189371E-005  4.816922847078436E-005  4.510379607748641E-005  4.186473176050430E-005  3.843229046020111E-005  3.477767963498224E-005  3.085281307217263E-005  2.876349135300105E-005  2.656711641349574E-005  2.423762299033624E-005  2.276123681316606E-005  2.173820127563857E-005  2.013706145605415E-005  1.902006640862380E-005  1.726219240834993E-005  1.603256680068192E-005  1.540044667376456E-005  1.475705165900151E-005  1.410241436171522E-005  1.343569202433444E-005  1.275348087575141E-005  1.128761686707243E-005  1.041487381887909E-005  9.234016847517317E-006
   401.000056178865       5.531443873911683E-005  5.192472187124895E-005  4.837283248004036E-005  4.465076993765810E-005  4.074923597123921E-005  3.665354953941792E-005  3.233262619808603E-005  3.006732483758280E-005  2.771143585445619E-005  2.523867198341853E-005  2.368325297143930E-005  2.260986411734102E-005  2.093569563599869E-005  1.977093506605005E-005  1.794127391767426E-005  1.666277018482325E-005  1.600571952624039E-005  1.533706155178235E-005  1.465693409377355E-005  1.396477339787455E-005  1.325775067659310E-005  1.174884058926772E-005  1.086210153820337E-005  9.681505628177961E-006
   403.000056459059       5.580876431514792E-005  5.237133296031833E-005  4.877310389157318E-005  4.500700767771157E-005  4.106464589181616E-005  3.693247307206295E-005  3.258036670858752E-005  3.030150546941944E-005  2.793311726562197E-005  2.544834077508720E-005  2.388557009857838E-005  2.280707553127450E-005  2.112474882393799E-005  1.995412384090968E-005  1.811491158949419E-005  1.682948560779167E-005  1.616878506424589E-005  1.549632599099315E-005  1.481220942660787E-005  1.411581263839876E-005  1.340421770329105E-005  1.188459609981510E-005  1.099122144704470E-005  9.802343957804979E-006
   405.000056739253       5.529703707537463E-005  5.190570458395307E-005  4.835903652290092E-005  4.464993584721286E-005  4.076997897842353E-005  3.670539703559191E-005  3.242552974740354E-005  3.018438807109147E-005  2.785485100169725E-005  2.541025891244805E-005  2.387239836818001E-005  2.281088974806686E-005  2.115463431145052E-005  2.000172150151824E-005  1.818923637518411E-005  1.692130235771869E-005  1.626906357843450E-005  1.560474931607197E-005  1.492831733653465E-005  1.423892764775296E-005  1.353330468495980E-005  1.201973585355245E-005  1.112375286773890E-005  9.923225137453410E-006
   407.000057019446       5.464507300457206E-005  5.140527471097762E-005  4.800307739440414E-005  4.442801829189099E-005  4.066751015132186E-005  3.670211446063222E-005  3.249440279559184E-005  3.027698993875826E-005  2.796198255245903E-005  2.552249254750910E-005  2.398337576490853E-005  2.291942190942384E-005  2.125749744037202E-005  2.009982534088451E-005  1.827950970161295E-005  1.700641907126405E-005  1.635173612107890E-005  1.568507827509063E-005  1.500636844044464E-005  1.431466008353397E-005  1.360646373953855E-005  1.208501507900161E-005  1.118122099043000E-005  9.964051187451833E-006
   409.000057299640       5.125068900193436E-005  4.875494404318231E-005  4.609532373172412E-005  4.324736420302559E-005  4.017793971458370E-005  3.683896472871358E-005  3.315479889222371E-005  3.114597537014608E-005  2.899523630781362E-005  2.666821406690727E-005  2.516812491810557E-005  2.411695441297278E-005  2.245227920326769E-005  2.127670435467253E-005  1.940263901918799E-005  1.807425384259597E-005  1.738587061474417E-005  1.668156150731224E-005  1.596150109614164E-005  1.522522625555025E-005  1.447003144626045E-005  1.285170469239337E-005  1.189993678824105E-005  1.063560221579752E-005
   411.000057579834       4.391258708673620E-005  4.211569492028361E-005  4.018021920016159E-005  3.807968469507431E-005  3.577765147547400E-005  3.322114809993251E-005  3.032824308195228E-005  2.871633094216487E-005  2.696254012432048E-005  2.503211819876515E-005  2.376973205350539E-005  2.287683735623579E-005  2.144896620681252E-005  2.043038273842958E-005  1.878852517994607E-005  1.761019757569942E-005  1.699419875211865E-005  1.635961558943356E-005  1.570566964889379E-005  1.503069189734955E-005  1.433054552143600E-005  1.279809266761670E-005  1.187581829714168E-005  1.063077316371620E-005
   413.000057860028       5.647941937759724E-005  5.329006653262693E-005  4.993056755894285E-005  4.638644558586311E-005  4.263959148348416E-005  3.866253737802758E-005  3.440642942624468E-005  3.214597237173790E-005  2.977150971161906E-005  2.725187847677596E-005  2.565217715519204E-005  2.454148371166346E-005  2.279806917208441E-005  2.157717145730640E-005  1.964616851990542E-005  1.828742072673574E-005  1.758619352714683E-005  1.687061042796003E-005  1.614081903979198E-005  1.539626721237945E-005  1.463401572767840E-005  1.300258350782022E-005  1.204162251658240E-005  1.076074953476314E-005
   415.000058140222       5.912605055424475E-005  5.567757157204610E-005  5.205581555527964E-005  4.825027616765009E-005  4.424744807883505E-005  4.002649425503111E-005  3.554556277186963E-005  3.318138335797712E-005  3.070872738182314E-005  2.809476952225972E-005  2.643895979826813E-005  2.529038353685628E-005  2.348833579019769E-005  2.222643815617540E-005  2.022991768343775E-005  1.882452679159523E-005  1.809921340323251E-005  1.735923253095800E-005  1.660499619453680E-005  1.583632938082969E-005  1.505077726766549E-005  1.337723758001844E-005  1.239805327438022E-005  1.110098994999221E-005
   417.000058420416       5.925759252988373E-005  5.575393858187511E-005  5.208262452882637E-005  4.823454457665523E-005  4.419792999139301E-005  3.995373995898183E-005  3.546194859096715E-005  3.309766246025896E-005  3.062888996326915E-005  2.802347656581992E-005  2.637547769466876E-005  2.523345787016598E-005  2.344370023163152E-005  2.219193920987211E-005  2.021404423997777E-005  1.882340194593249E-005  1.810601901795752E-005  1.737413787693612E-005  1.662788840396834E-005  1.586664744325023E-005  1.508729450547857E-005  1.341833515899607E-005  1.243416398131152E-005  1.112037011593368E-005
   419.000058700609       5.904307708731658E-005  5.556966107164909E-005  5.192993686456448E-005  4.811448444009270E-005  4.411167166032114E-005  3.990243067336000E-005  3.544640336019550E-005  3.310000000606143E-005  3.064883912215897E-005  2.806048239984742E-005  2.642238642779429E-005  2.528688244106251E-005  2.350695772030041E-005  2.226199925356421E-005  2.029527676687023E-005  1.891320006844462E-005  1.820055887716685E-005  1.747376626223594E-005  1.673294593985296E-005  1.597742640488829E-005  1.520395702079829E-005  1.354622298613353E-005  1.256667740757167E-005  1.125560466819186E-005
   421.000058980803       5.968483708393236E-005  5.616588965886665E-005  5.247881010873328E-005  4.861425197573899E-005  4.456081316537199E-005  4.029917450556709E-005  3.578914574449100E-005  3.341528255753004E-005  3.093667651092422E-005  2.832139950474647E-005  2.666775422818776E-005  2.552226540753468E-005  2.372816973339320E-005  2.247441244162591E-005  2.049564469084281E-005  1.910630747793815E-005  1.839020634223924E-005  1.765998645438443E-005  1.691564930179453E-005  1.615632404186607E-005  1.537845665210361E-005  1.370808709664132E-005  1.271817020117746E-005  1.138869037675424E-005
   423.000059260997       5.810171939420318E-005  5.470193627347500E-005  5.114386842104468E-005  4.741828879580475E-005  4.351352150238645E-005  3.940965441579168E-005  3.506508573613433E-005  3.277635217789434E-005  3.038453661066727E-005  2.785837356907493E-005  2.625997837480600E-005  2.515243947153225E-005  2.341755530877858E-005  2.220518943552573E-005  2.029195724328629E-005  1.894862058163467E-005  1.825606265014701E-005  1.754956772289156E-005  1.682890757373143E-005  1.609285176325106E-005  1.533732180631893E-005  1.370587035006115E-005  1.273099703628412E-005  1.141213408200347E-005
   425.000059541191       6.003214335052465E-005  5.653634273318579E-005  5.287122497814725E-005  4.902635844981273E-005  4.498916202783151E-005  4.073838853538562E-005  3.623116510500786E-005  3.385460835724017E-005  3.136982317803766E-005  2.874433310478104E-005  2.708248444381747E-005  2.593066147086472E-005  2.412588704216940E-005  2.286440234962021E-005  2.087374947868470E-005  1.947692032855021E-005  1.875742551571241E-005  1.802414992484406E-005  1.727714149393720E-005  1.651549548243633E-005  1.573545758519984E-005  1.405879841546146E-005  1.306230483885989E-005  1.171933141440277E-005
   427.000059821385       5.889195806089801E-005  5.550134700771583E-005  5.194738395740069E-005  4.821890294365802E-005  4.430077337993697E-005  4.016820245419312E-005  3.577393674941114E-005  3.345084330869133E-005  3.101790903322202E-005  2.844431187375225E-005  2.681512871107079E-005  2.568658378170069E-005  2.392043170127640E-005  2.268830925256229E-005  2.074946987816923E-005  1.939367876662131E-005  1.869682134193370E-005  1.798748051105913E-005  1.726540659279510E-005  1.652912311817640E-005  1.577393944489481E-005  1.414011858834850E-005  1.315890164940054E-005  1.182390360600617E-005
   429.000060101579       5.842022376782247E-005  5.499566365574348E-005  5.140690121218392E-005  4.764441782276055E-005  4.369576943832085E-005  3.954076681168193E-005  3.513963494030510E-005  3.282283419724393E-005  3.040598659739600E-005  2.786214937495350E-005  2.625962042334442E-005  2.515342477638890E-005  2.342893427413240E-005  2.223076980903872E-005  2.035300594820735E-005  1.904442139075814E-005  1.837268623471288E-005  1.768905272406118E-005  1.699276116114412E-005  1.628164226705431E-005  1.555014769840464E-005  1.395530882435180E-005  1.298682818835541E-005  1.165497124400800E-005
   431.000060381772       5.445684507348832E-005  5.134850563792223E-005  4.808278595053681E-005  4.464740053490918E-005  4.102594874629365E-005  3.719373194338831E-005  3.310765605314913E-005  3.094610422668517E-005  2.868535777634545E-005  2.630292819789415E-005  2.480291576474175E-005  2.376891514448873E-005  2.216095312763716E-005  2.104767732332957E-005  1.931133424686814E-005  1.810795948879950E-005  1.749215553005527E-005  1.686634832335783E-005  1.622919084298611E-005  1.557752351019946E-005  1.490434250732618E-005  1.341556298785386E-005  1.249170667552117E-005  1.119398435301243E-005
   433.000060661966       5.260913890295894E-005  5.032938760272319E-005  4.788364733212992E-005  4.524218695370765E-005  4.236366627769698E-005  3.918814462678485E-005  3.562237950485143E-005  3.364853948730529E-005  3.151156090123109E-005  2.917286645199808E-005  2.765175471240639E-005  2.658022519824440E-005  2.487512906371227E-005  2.366604035206293E-005  2.173241705746489E-005  2.035868307119352E-005  1.964594977162443E-005  1.891594419175181E-005  1.816831230012660E-005  1.740149374942989E-005  1.661069136946428E-005  1.488856205852514E-005  1.385081940847844E-005  1.243942974844492E-005
   435.000060942160       4.738596667479077E-005  4.552215969573241E-005  4.351220468295437E-005  4.132749146151964E-005  3.892854703423399E-005  3.625764839012226E-005  3.322610743311518E-005  3.153282952757670E-005  2.968751648006386E-005  2.765372145730448E-005  2.632297808727352E-005  2.538180413519653E-005  2.387762375479679E-005  2.280597202851165E-005  2.108253251001479E-005  1.984964529124372E-005  1.920655873503373E-005  1.854494191456152E-005  1.786366635161319E-005  1.716020078792971E-005  1.642863707992708E-005  1.480876141079115E-005  1.381367475295603E-005  1.244040715780442E-005
   437.000061222354       6.172059680787027E-005  5.847468338655314E-005  5.504430925843761E-005  5.141010795593585E-005  4.754612683622461E-005  4.341326393004360E-005  3.894348529070450E-005  3.654547110392990E-005  3.400621381647032E-005  3.128767207584813E-005  2.954898424918245E-005  2.833624571704216E-005  2.642434895509097E-005  2.508024237585984E-005  2.294778451977935E-005  2.144434449376914E-005  2.066807160034122E-005  1.987587031578382E-005  1.906795104285738E-005  1.824352023106349E-005  1.739868697985692E-005  1.558171002831019E-005  1.450184779489474E-005  1.304797466289212E-005
   439.000061502548       6.150554960214627E-005  5.807810787360295E-005  5.447806280569559E-005  5.069208654718249E-005  4.670271546255413E-005  4.248128661744959E-005  3.797412394263527E-005  3.558211821548047E-005  3.306916175381760E-005  3.040105769343390E-005  2.870629326762810E-005  2.752946087966790E-005  2.568278170814067E-005  2.439069205362946E-005  2.235073451482103E-005  2.091912631447058E-005  2.018163532975844E-005  1.942977019392070E-005  1.866320529722059E-005  1.788031091293913E-005  1.707599951337221E-005  1.533111781357927E-005  1.428002085388459E-005  1.284611226509221E-005
   441.000061782742       6.174905435945880E-005  5.833734576212461E-005  5.475549999368210E-005  5.099066833460882E-005  4.702517182919781E-005  4.283050342785833E-005  3.835178416147799E-005  3.597368515671189E-005  3.347291067315538E-005  3.081301979832617E-005  2.911966231014105E-005  2.794149130621348E-005  2.608796382615768E-005  2.478699765886021E-005  2.272499873224677E-005  2.127136616349998E-005  2.052031586851962E-005  1.975313024258458E-005  1.896955222474860E-005  1.816815755255538E-005  1.734426792653651E-005  1.555909465923953E-005  1.448764989780770E-005  1.303241713869200E-005
   443.000062062936       6.189407628684322E-005  5.851832053583989E-005  5.497563986440843E-005  5.125308352788275E-005  4.733154921094693E-005  4.318051170543730E-005  3.874175353627382E-005  3.638103032428267E-005  3.389513324925970E-005  3.124740992943958E-005  2.955994165708917E-005  2.838513759669431E-005  2.653577302509111E-005  2.523689029662602E-005  2.317650915358714E-005  2.172227630780172E-005  2.097012997442351E-005  2.020110545433602E-005  1.941474744305321E-005  1.860937089384956E-005  1.777997387415395E-005  1.597738148826919E-005  1.489229534192298E-005  1.341669707727551E-005
   445.000062343129       6.263050857161999E-005  5.917754996135520E-005  5.555784727216894E-005  5.175914397589074E-005  4.776479602311077E-005  4.354646665867865E-005  3.904927205612634E-005  3.666356927214709E-005  3.415598716010920E-005  3.148970193473146E-005  2.979232271911686E-005  2.861120300403404E-005  2.675229168238533E-005  2.544658354197581E-005  2.337411172634650E-005  2.190972752439213E-005  2.115163130495050E-005  2.037599337200678E-005  1.958234724912509E-005  1.876908438911779E-005  1.793138717927300E-005  1.611205226339632E-005  1.501856786295689E-005  1.353335867478312E-005
   447.000062623323       6.367076032966038E-005  6.020342158088040E-005  5.656539863215676E-005  5.274309597075656E-005  4.871892883645757E-005  4.446320782796539E-005  3.991810740864818E-005  3.750272259622954E-005  3.495980833440392E-005  3.224994278731295E-005  3.052082063601096E-005  2.931544246705514E-005  2.741440182121001E-005  2.607599412673483E-005  2.394631500373291E-005  2.243792026124876E-005  2.165612913181416E-005  2.085582808711586E-005  2.003677121628534E-005  1.919767417096265E-005  1.833413058764284E-005  1.646471562176588E-005  1.534728842385287E-005  1.383881264355435E-005
   449.000062903517       6.400211132744009E-005  6.053319076861091E-005  5.689425847194739E-005  5.307160397376588E-005  4.904744199251887E-005  4.479121873778427E-005  4.024375865049611E-005  3.782600531400214E-005  3.527975037748931E-005  3.256585494055739E-005  3.083426241614731E-005  2.962742829105590E-005  2.772475230904919E-005  2.638585661866529E-005  2.425663414646744E-005  2.274931482300048E-005  2.196819195600479E-005  2.116854054059020E-005  2.034996128688387E-005  1.951095704343796E-005  1.864681078117464E-005  1.677224263339915E-005  1.564877115493645E-005  1.412905271065608E-005
   451.000063183711       6.717376865835936E-005  6.357695538614304E-005  5.979498706888921E-005  5.581339035663155E-005  5.161213584789514E-005  4.715833864979179E-005  4.238793347783988E-005  3.984617440116884E-005  3.716421655519276E-005  3.429840847665593E-005  3.246500262012028E-005  3.118449414854378E-005  2.916058264230335E-005  2.773231065980509E-005  2.545382995660224E-005  2.383621146205767E-005  2.299694375637487E-005  2.213758287458329E-005  2.125836115263084E-005  2.035869127542820E-005  1.943507991261146E-005  1.745002046981054E-005  1.627636199693705E-005  1.470887015653771E-005
   453.000063463905       6.409633292626761E-005  6.063901965844542E-005  5.701287725084756E-005  5.320524146150113E-005  4.919740464855992E-005  4.495902779948795E-005  4.043047395246297E-005  3.802255780506230E-005  3.548608609337768E-005  3.278170882223365E-005  3.105551184797955E-005  2.985198582660482E-005  2.795363881857141E-005  2.661688723757675E-005  2.448919322350636E-005  2.298116587298466E-005  2.219894629974658E-005  2.139756214169940E-005  2.057647844296763E-005  1.973403190956683E-005  1.886529334469891E-005  1.697655291831891E-005  1.584156318359048E-005  1.430266470853920E-005
   455.000063744099       6.480270420433766E-005  6.134717829483535E-005  5.771864389803877E-005  5.390280687815312E-005  4.988036119731324E-005  4.561879094415775E-005  4.105533956326674E-005  3.862393793298613E-005  3.605853931903201E-005  3.331814401278018E-005  3.156585212272706E-005  3.034263249375522E-005  2.841069827680762E-005  2.704855473108863E-005  2.487789951039176E-005  2.333825265213240E-005  2.253957131534560E-005  2.172150548869419E-005  2.088373785530422E-005  2.002482141591803E-005  1.913998524489788E-005  1.721964648883445E-005  1.606772149125207E-005  1.450696859211386E-005
   457.000064024292       6.776274139725891E-005  6.418198622645884E-005  6.041651465476443E-005  5.645020708758898E-005  5.226195194658096E-005  4.781635382840275E-005  4.304613945503027E-005  4.049980055756040E-005  3.780927114439990E-005  3.493024088928649E-005  3.308652727668620E-005  3.179818551128867E-005  2.976127598017089E-005  2.832368329306067E-005  2.603075909372635E-005  2.440351925197325E-005  2.355945956733749E-005  2.269524873682837E-005  2.181094475233043E-005  2.090562399259579E-005  1.997515358319716E-005  1.796773549543635E-005  1.677353912824816E-005  1.516814234470590E-005
   459.000064304486       6.562747260976189E-005  6.215410479086553E-005  5.850806509763844E-005  5.467567050310399E-005  5.063631281596500E-005  4.635634714672430E-005  4.177089932660175E-005  3.932608310391338E-005  3.674512889236068E-005  3.398647742686078E-005  3.222189574060309E-005  3.098997090468857E-005  2.904428426197812E-005  2.767257834675455E-005  2.548692838492123E-005  2.393654968740431E-005  2.313209183837548E-005  2.230780674972856E-005  2.146317726268993E-005  2.059649843428201E-005  1.970263208725500E-005  1.775793397521295E-005  1.658794234476774E-005  1.499935804965512E-005
   461.000064584680       6.726337875105375E-005  6.372716592976244E-005  6.001280935485712E-005  5.610538130491001E-005  5.198383251777297E-005  4.761274513943491E-005  4.292402288640633E-005  4.042160365716750E-005  3.777750521919114E-005  3.494866240064729E-005  3.313757240391889E-005  3.187241811518327E-005  2.987293675187325E-005  2.846243609918651E-005  2.621396165051386E-005  2.461884687803334E-005  2.379139569636740E-005  2.294389832726084E-005  2.207608830826808E-005  2.118653061086174E-005  2.027040416170829E-005  1.828388050412363E-005  1.709420651279345E-005  1.548637109273563E-005
   463.000064864874       6.648494882025305E-005  6.301011173725577E-005  5.936128816884599E-005  5.552350703942383E-005  5.147534542877646E-005  4.718076196587181E-005  4.257178849019177E-005  4.011038550280534E-005  3.750839239272798E-005  3.472299511655566E-005  3.293908984379135E-005  3.169265487331383E-005  2.972257598028989E-005  2.833281600767373E-005  2.611758428893944E-005  2.454625431506654E-005  2.373114831571045E-005  2.289620248188994E-005  2.204098767236899E-005  2.116382151867536E-005  2.025946272228146E-005  1.829213683793188E-005  1.710841559445782E-005  1.550196714734157E-005
   465.000065145068       6.739845300428096E-005  6.389548034799273E-005  6.021609346675388E-005  5.634502602240759E-005  5.225910956203486E-005  4.792189876109723E-005  4.326356113136123E-005  4.077383301305342E-005  3.814004198565163E-005  3.531827457385231E-005  3.350958491311610E-005  3.224513023146010E-005  3.024517646510269E-005  2.883331096203709E-005  2.658101834980340E-005  2.498214094108413E-005  2.415240758772312E-005  2.330231179845191E-005  2.243149656928126E-005  2.153837885219028E-005  2.061784377407737E-005  1.861760422670708E-005  1.741626723936643E-005  1.578880342785893E-005
   467.000065425262       6.853806324968827E-005  6.499862153271995E-005  6.127823751034216E-005  5.735970757345253E-005  5.322073707420311E-005  4.882277758013150E-005  4.409288988399489E-005  4.156208633123287E-005  3.888250864194792E-005  3.600881145346218E-005  3.416531592310389E-005  3.287579907806476E-005  3.083508433702461E-005  2.939366590325725E-005  2.709313215666185E-005  2.545940963940192E-005  2.461152713390976E-005  2.374290295134095E-005  2.285329245852065E-005  2.194125302784682E-005  2.100180235860720E-005  1.896343924994091E-005  1.774143130526641E-005  1.608797060757947E-005
   469.000065705455       6.710762530515213E-005  6.369981409274228E-005  6.011596151425814E-005  5.633956337071093E-005  5.234597728154939E-005  4.809506949927994E-005  4.351264680914985E-005  4.105574893415213E-005  3.845093972106635E-005  3.565445759089967E-005  3.385950658196639E-005  3.260379900169785E-005  3.061677394403894E-005  2.921363565666513E-005  2.697504594396035E-005  2.538573190762390E-005  2.456078982795781E-005  2.371533787153574E-005  2.284879674741993E-005  2.195925011737972E-005  2.104109492333757E-005  1.903907223489975E-005  1.783106261032779E-005  1.618695891884690E-005
   471.000065985649       6.486702135636675E-005  6.162892901647100E-005  5.822503693638032E-005  5.463641058819702E-005  5.083870310582235E-005  4.679137022481411E-005  4.242003551053047E-005  4.007190461774812E-005  3.757905338977223E-005  3.489900072344500E-005  3.317700888363489E-005  3.197160625075688E-005  3.006314768548967E-005  2.871484915396618E-005  2.656277018384620E-005  2.503398751184484E-005  2.423999910606121E-005  2.342574401235466E-005  2.259032760300186E-005  2.173135704956913E-005  2.084257523373313E-005  1.889255135071974E-005  1.770592258101369E-005  1.607882312671730E-005
   473.000066265843       6.858462307083014E-005  6.510777000388601E-005  6.145149495675212E-005  5.759845519618715E-005  5.352402954157925E-005  4.918762905189241E-005  4.451219379746744E-005  4.200440959838440E-005  3.934415574908279E-005  3.648602288211771E-005  3.465004143346227E-005  3.336494736262364E-005  3.133031120270354E-005  2.989281989827438E-005  2.759873418843789E-005  2.597012985378917E-005  2.512511029162000E-005  2.425947531832009E-005  2.337282409214607E-005  2.246339722797190E-005  2.152564364149525E-005  1.948402179918599E-005  1.825395708747746E-005  1.658215473087609E-005
   475.000066546037       6.913591121665066E-005  6.565928678427107E-005  6.200222057128840E-005  5.814563260809859E-005  5.406523690763932E-005  4.971809379385741E-005  4.502605699950083E-005  4.250670969878446E-005  3.983181667291847E-005  3.695490579728794E-005  3.510516863731128E-005  3.380961968354867E-005  3.175698310636679E-005  3.030580874171336E-005  2.798831755603218E-005  2.634210479828858E-005  2.548770460682962E-005  2.461235960975358E-005  2.371571638732238E-005  2.279610266558001E-005  2.184807117450672E-005  1.978572931910206E-005  1.854480247733032E-005  1.686076395073448E-005
   477.000066826231       6.905910132135637E-005  6.560704407465542E-005  6.197488659239186E-005  5.814412158022783E-005  5.408850578672140E-005  4.976551166258847E-005  4.509595937548377E-005  4.258718177214762E-005  3.992277762938211E-005  3.705637980847219E-005  3.521309820471717E-005  3.392196570580660E-005  3.187600959831714E-005  3.042927479853361E-005  2.811814189014289E-005  2.647558738731584E-005  2.562267227061416E-005  2.474846774720816E-005  2.385250109908193E-005  2.293293346095770E-005  2.198407717942924E-005  1.991603468487049E-005  1.866884513013274E-005  1.697360378206740E-005
   479.000067106425       6.898827089629220E-005  6.558171440680939E-005  6.199363254327046E-005  5.820617240261588E-005  5.419087920900888E-005  4.990435237467408E-005  4.526515507731778E-005  4.276852876971925E-005  4.011377310335262E-005  3.725402167515857E-005  3.541291765654546E-005  3.412231401630700E-005  3.207575351009448E-005  3.062737911562507E-005  2.831173419406506E-005  2.666468887604471E-005  2.580909598746613E-005  2.493194401881646E-005  2.403281154190396E-005  2.310987279225905E-005  2.215744897052479E-005  2.008112697502066E-005  1.882842477700378E-005  1.712484025961823E-005
   481.000067386618       6.873188993215659E-005  6.539390340370677E-005  6.187308956755346E-005  5.814852744232549E-005  5.419146929503139E-005  4.995415259887642E-005  4.535206207505590E-005  4.286834151532922E-005  4.022236211050937E-005  3.736771443373175E-005  3.552844497511488E-005  3.423887958615861E-005  3.219425047924508E-005  3.074809347956422E-005  2.843847613615239E-005  2.679822361312158E-005  2.594705679492697E-005  2.507499136083702E-005  2.418147875791287E-005  2.326443401215967E-005  2.231771955637601E-005  2.024946542658544E-005  1.899730538385358E-005  1.728813733162550E-005
   483.000067666812       6.796241883102535E-005  6.484689464254852E-005  6.154299979047318E-005  5.802400608946202E-005  5.425368719047289E-005  5.017636776267248E-005  4.569708321677682E-005  4.325755802718300E-005  4.064248521027075E-005  3.780390850325332E-005  3.596636956869418E-005  3.467433602073444E-005  3.261977999820038E-005  3.116233256499237E-005  2.882768274666574E-005  2.716469946942257E-005  2.630023776059935E-005  2.541366921462954E-005  2.450456690022799E-005  2.357105982054937E-005  2.260730887850540E-005  2.050415820817849E-005  1.923345470308418E-005  1.750250200704384E-005
   485.000067947006       5.978753209094414E-005  5.760711760606445E-005  5.525039924170054E-005  5.268264064099172E-005  4.985163809695208E-005  4.668290289415492E-005  4.305962987580340E-005  4.102142592275593E-005  3.878758184871945E-005  3.630962377042436E-005  3.467945080844989E-005  3.352248857275466E-005  3.166718526938408E-005  3.034122258984222E-005  2.820323789902311E-005  2.667094388200850E-005  2.587113821343148E-005  2.504806221652373E-005  2.420033464775058E-005  2.332472529555112E-005  2.241355663867304E-005  2.039179949555631E-005  1.914709964783177E-005  1.742755176128890E-005
   487.000068227200       5.051949398796012E-005  4.892301158752938E-005  4.718591501801457E-005  4.527694041051213E-005  4.315151419060761E-005  4.074653037177215E-005  3.796193144446253E-005  3.638003014900058E-005  3.463417104646307E-005  3.268367695502844E-005  3.139286866684627E-005  3.047307642856740E-005  2.899139031270010E-005  2.792693823295065E-005  2.619849031001023E-005  2.494739232645886E-005  2.428875723676361E-005  2.360576880783203E-005  2.289556148569999E-005  2.215307901846326E-005  2.136875639421124E-005  1.957734699569593E-005  1.843839123209353E-005  1.682464697189472E-005
   489.000068507394       6.624624000900771E-005  6.332082200124697E-005  6.021215483113886E-005  5.689155809273727E-005  5.332108743579650E-005  4.944050341218579E-005  4.515384645798523E-005  4.280900307339822E-005  4.028901020556291E-005  3.754752787722705E-005  3.577064844294159E-005  3.452051476658238E-005  3.253209799137338E-005  3.112135996527658E-005  2.886147721005738E-005  2.725137991156113E-005  2.641398132896388E-005  2.555454715018809E-005  2.467219387012893E-005  2.376442575873498E-005  2.282449120559038E-005  2.075887047639336E-005  1.949949933508645E-005  1.777072463546026E-005
   491.000068787588       6.810510565754138E-005  6.489158724141932E-005  6.150052864258997E-005  5.791010984051221E-005  5.409014498026315E-005  4.999098733816794E-005  4.552677427191677E-005  4.311161484135371E-005  4.053473821849417E-005  3.775078929637081E-005  3.595524598037881E-005  3.469553879758534E-005  3.269698360330310E-005  3.128231814825250E-005  2.902046515356185E-005  2.741140268047745E-005  2.657508744506463E-005  2.571699629189361E-005  2.483612490560069E-005  2.392977338102535E-005  2.299098207295994E-005  2.092539834647559E-005  1.966369479288754E-005  1.792858221016515E-005
   493.000069067782       6.759557981836165E-005  6.438137249233867E-005  6.099578106933432E-005  5.741862685225252E-005  5.362128697028427E-005  4.955561865131451E-005  4.513752525010217E-005  4.275071444994922E-005  4.020556488355433E-005  3.745644076543149E-005  3.568345194662819E-005  3.443951371484325E-005  3.246595648136183E-005  3.106893488990981E-005  2.883539156174454E-005  2.724653509715131E-005  2.642070189610336E-005  2.557329063041110E-005  2.470322432214900E-005  2.380764064111937E-005  2.287934610832169E-005  2.083262581303047E-005  1.957840021149953E-005  1.784686200562913E-005
   495.000069347975       6.954730679371160E-005  6.623692110245549E-005  6.274925666413830E-005  5.906568994203689E-005  5.515716166938662E-005  5.097556394161725E-005  4.643613059114127E-005  4.398531884681852E-005  4.137230990679180E-005  3.854916065484023E-005  3.672687762419035E-005  3.544736054139433E-005  3.341478313855387E-005  3.197392173145171E-005  2.966619658899335E-005  2.802168925803684E-005  2.716625218613687E-005  2.628823761824578E-005  2.538683374429864E-005  2.445964495423078E-005  2.350006370897295E-005  2.139417146017236E-005  2.011272504653413E-005  1.835705974591957E-005
   497.000069628169       7.067309806596692E-005  6.730390048993924E-005  6.375564103115414E-005  6.000734981489825E-005  5.603064133381078E-005  5.177547659228590E-005  4.715470653119401E-005  4.465928442411433E-005  4.199819221221630E-005  3.912302664376267E-005  3.726763761267152E-005  3.596524137763226E-005  3.389745120524820E-005  3.243282905015165E-005  3.008990682686727E-005  2.842301062172965E-005  2.755688500616476E-005  2.666862953758607E-005  2.575742103334810E-005  2.482077736483297E-005  2.385185301441202E-005  2.172525358232275E-005  2.043000489189021E-005  1.865244690021166E-005
   499.000069908363       6.785532462405011E-005  6.461813203531700E-005  6.121368801997015E-005  5.762561496503442E-005  5.382574821755692E-005  4.976788612259774E-005  4.537008545111418E-005  4.299869971878539E-005  4.047344862318350E-005  3.774904257738593E-005  3.599371256312035E-005  3.476295099444258E-005  3.281130041466705E-005  3.143051738725027E-005  2.922365865864705E-005  2.765386137659371E-005  2.683768174550409E-005  2.599971933589807E-005  2.513855573255228E-005  2.425080811710529E-005  2.332852573046743E-005  2.128379169522016E-005  2.002168606686907E-005  1.826869782684966E-005
   501.000070188557       6.631890609324213E-005  6.316327566608888E-005  5.985045387010714E-005  5.636019942738715E-005  5.266536453489310E-005  4.872151831337643E-005  4.444773914007061E-005  4.214356084559102E-005  3.969054181585022E-005  3.704561143429048E-005  3.534235344569222E-005  3.414879257881954E-005  3.225745156059491E-005  3.092038944196323E-005  2.878512528781315E-005  2.726697658493856E-005  2.647752184902346E-005  2.566661701336647E-005  2.483246715335884E-005  2.397122608318207E-005  2.307437937076156E-005  2.107516606962754E-005  1.983253942145030E-005  1.809605894849473E-005
   503.000070468751       6.942281719632697E-005  6.612802674511251E-005  6.266179081236611E-005  5.900614179701948E-005  5.513063633296897E-005  5.098740842950978E-005  4.649101962357827E-005  4.406396894674956E-005  4.147744208992666E-005  3.868593416715653E-005  3.688696496365261E-005  3.562559624437146E-005  3.362588029306400E-005  3.221168144781879E-005  2.995298328173026E-005  2.834792486346802E-005  2.751406627935981E-005  2.665849470141966E-005  2.577982616240240E-005  2.487468865597042E-005  2.393501464202229E-005  2.185397287791575E-005  2.057089481562878E-005  1.879001764234184E-005
   505.000070748945       6.895831235729602E-005  6.572977792964349E-005  6.233093424945117E-005  5.874398465824911E-005  5.493976498130014E-005  5.086856641817621E-005  4.644372046882230E-005  4.405212489355127E-005  4.150001464795073E-005  3.874081587660658E-005  3.695978508915057E-005  3.570949411374221E-005  3.372463991344258E-005  3.231885571116557E-005  3.006999507090997E-005  2.846922533521060E-005  2.763675388887194E-005  2.678204395551664E-005  2.590375762898803E-005  2.499859750578015E-005  2.405864919901919E-005  2.197731527062189E-005  2.069537731790888E-005  1.891954720704376E-005
   507.000071029138       7.092260829205598E-005  6.761403019744241E-005  6.412945178412206E-005  6.044782252933032E-005  5.654007046845518E-005  5.235382767794956E-005  4.779951164512042E-005  4.533515878011074E-005  4.270305484402490E-005  3.985410822363972E-005  3.801302834880994E-005  3.671948152433668E-005  3.466398091511404E-005  3.320660502018655E-005  3.087286975115575E-005  2.921044519304725E-005  2.834581827424484E-005  2.745834672797896E-005  2.654694654776767E-005  2.560871204018346E-005  2.463609384952360E-005  2.249107482991281E-005  2.117643607921496E-005  1.936243831047794E-005
   509.000071309332       6.998692088102201E-005  6.672005181192854E-005  6.328233600873762E-005  5.965444229199760E-005  5.580605172744892E-005  5.168724624060053E-005  4.721044978050198E-005  4.478967726010827E-005  4.220557462275461E-005  3.941038513643718E-005  3.760510999441263E-005  3.633732577265908E-005  3.432374079525309E-005  3.289696482128576E-005  3.061372119884039E-005  2.898812032997144E-005  2.814270490765204E-005  2.727475115055001E-005  2.638290161277349E-005  2.546384194044767E-005  2.450951409316109E-005  2.239590284909413E-005  2.109309701109515E-005  1.928609887992645E-005
   511.000071589526       7.080665745726766E-005  6.751614620729999E-005  6.405227139059434E-005  6.039414391892824E-005  5.650974342767603E-005  5.235021746309011E-005  4.782487674744238E-005  4.537625204721941E-005  4.276099760605654E-005  3.993041216576025E-005  3.810123863921891E-005  3.681609953211779E-005  3.477403351188741E-005  3.332623364573658E-005  3.100783793881986E-005  2.935618231859794E-005  2.849700223456194E-005  2.761486730686385E-005  2.670853977369150E-005  2.577483009212147E-005  2.480578922581385E-005  2.266250091738849E-005  2.134371122438509E-005  1.951709229631234E-005
   513.000071869720       6.995262495592643E-005  6.670731665776727E-005  6.329198039530716E-005  5.968641733293221E-005  5.586021029881133E-005  5.176282113888984E-005  4.730547189898922E-005  4.489395788401552E-005  4.231907547609458E-005  3.953347308102410E-005  3.773438102139355E-005  3.647109536300595E-005  3.446512641971667E-005  3.304422949120659E-005  3.077123515782119E-005  2.915339290673742E-005  2.831202530029853E-005  2.744810231397227E-005  2.656005872669997E-005  2.564421758193225E-005  2.469197908123154E-005  2.257543427036496E-005  2.126403359570639E-005  1.943536979663689E-005
   515.000072149914       6.880452130690128E-005  6.563688929974178E-005  6.230255544596860E-005  5.878479906282852E-005  5.505306060217323E-005  5.105666029465091E-005  4.670862660123017E-005  4.435544879346441E-005  4.184255674249576E-005  3.912364412490516E-005  3.736750760086241E-005  3.613430108308184E-005  3.417601044837173E-005  3.278862402458344E-005  3.056863152724749E-005  2.898770168858955E-005  2.816509695744829E-005  2.731999864043883E-005  2.645066982340297E-005  2.555326811606973E-005  2.461895431906006E-005  2.253645137953883E-005  2.124208068921164E-005  1.943327366885469E-005
   517.000072430108       6.713553625583816E-005  6.406548948606396E-005  6.083631038024344E-005  5.742776696872613E-005  5.381053789672436E-005  4.993668251620266E-005  4.572048657063285E-005  4.343838797914453E-005  4.100119373459120E-005  3.836456097823558E-005  3.666244626884490E-005  3.546791796026649E-005  3.357279272550486E-005  3.223203023920848E-005  3.009072670209809E-005  2.856929475264255E-005  2.777872355811610E-005  2.696705585167526E-005  2.613235153638684E-005  2.527035096026089E-005  2.437168281619448E-005  2.235930368910376E-005  2.109984571373759E-005  1.932695878575072E-005
   519.000072710301       6.706507004701299E-005  6.400462434210172E-005  6.078734322063813E-005  5.739259927654148E-005  5.379001548435059E-005  4.993239315314209E-005  4.573355104046581E-005  4.346136159332913E-005  4.103529535428170E-005  3.841238901380239E-005  3.672024042732764E-005  3.553320886116999E-005  3.365122784917164E-005  3.232065394627655E-005  3.019686593783667E-005  2.868836372789190E-005  2.790442245798501E-005  2.709931270187636E-005  2.627088521301725E-005  2.541460986292410E-005  2.452076815023732E-005  2.251366645624380E-005  2.125343567695613E-005  1.947503982124315E-005
   521.000072990495       6.903085174441901E-005  6.590409594073768E-005  6.261228639358368E-005  5.913374799492050E-005  5.543944527969613E-005  5.147720509569005E-005  4.715844765349682E-005  4.481740618101267E-005  4.231375974759390E-005  3.960046805068951E-005  3.784526079291441E-005  3.661134717131457E-005  3.464951760032644E-005  3.325776123163044E-005  3.102769524444095E-005  2.943752336910166E-005  2.860956590964527E-005  2.775864848275622E-005  2.688307657092604E-005  2.597895430335031E-005  2.503738361958276E-005  2.293744521996052E-005  2.163152831756236E-005  1.980682127537628E-005
   523.000073270689       6.967678015829993E-005  6.654737729745765E-005  6.324865835413593E-005  5.976108863464845E-005  5.605070624092804E-005  5.206531517771733E-005  4.771114980488742E-005  4.534678482473363E-005  4.281499940656628E-005  4.006798723368457E-005  3.829016208144108E-005  3.704018892611037E-005  3.505308435223305E-005  3.364416055631469E-005  3.138854123457911E-005  2.978196256541041E-005  2.894614557544822E-005  2.808763099114885E-005  2.720475347782346E-005  2.629363479901944E-005  2.534531691740677E-005  2.323203855076775E-005  2.191867851028512E-005  2.008318838133286E-005
   525.000073550883       7.145417671960568E-005  6.822579146161557E-005  6.482243887640632E-005  6.122779984721183E-005  5.740577991531284E-005  5.330176181983821E-005  4.882194708026722E-005  4.639077312067674E-005  4.378907705686844E-005  4.096818533384052E-005  3.914371899262216E-005  3.786161301601604E-005  3.582467816248450E-005  3.438142339067293E-005  3.207291430032093E-005  3.043046132168373E-005  2.957657638572178E-005  2.869990028630290E-005  2.779876593996230E-005  2.686916914407605E-005  2.590190996634095E-005  2.374700250634796E-005  2.240785008105047E-005  2.053561285488999E-005
   527.000073831077       6.656760611296924E-005  6.359089700278907E-005  6.046323025994780E-005  5.716434921761603E-005  5.366282863239082E-005  4.990951145618779E-005  4.581638332789803E-005  4.359684574381054E-005  4.122346619938372E-005  3.865354714107114E-005  3.699365043232434E-005  3.582858060048914E-005  3.397997705917897E-005  3.267192687944650E-005  3.058165539542054E-005  2.909431200628913E-005  2.832007645407463E-005  2.752372690542323E-005  2.670273788344404E-005  2.585206598875885E-005  2.496134616653873E-005  2.294917941365682E-005  2.167718021985937E-005  1.987286722032049E-005
   529.000074111271       7.106357631404582E-005  6.789150633775054E-005  6.455055523619327E-005  6.101841495489037E-005  5.726131241834712E-005  5.322624634756002E-005  4.881611524135592E-005  4.642076455408398E-005  4.385526542789026E-005  4.107108778393670E-005  3.926886007459315E-005  3.800171349483821E-005  3.598729749266386E-005  3.455900660169960E-005  3.227265556212396E-005  3.064454769422688E-005  2.979762994410929E-005  2.892773834463277E-005  2.803307321742128E-005  2.710954194498664E-005  2.614778669825046E-005  2.400159582765817E-005  2.266561537112986E-005  2.079604847010296E-005
   531.000074391465       7.169663494068822E-005  6.853117601850317E-005  6.519209745687880E-005  6.165796922050565E-005  5.789377008797398E-005  5.384370104768727E-005  4.940869702218906E-005  4.699448143285587E-005  4.440504762798771E-005  4.159043374461875E-005  3.976567877471276E-005  3.848157529947378E-005  3.643821857721312E-005  3.498819905939895E-005  3.266503273148368E-005  3.100961594005509E-005  3.014828375510965E-005  2.926355057019512E-005  2.835372864437909E-005  2.741485468430801E-005  2.643768131912359E-005  2.426021593864559E-005  2.290741323853921E-005  2.101768584587761E-005
   533.000074671658       6.836846664288233E-005  6.537642859554795E-005  6.222739587722205E-005  5.889763823209628E-005  5.535638986524810E-005  5.154690830644458E-005  4.737741483925469E-005  4.510865766584647E-005  4.267624125133396E-005  4.003493332565793E-005  3.832446811145881E-005  3.712193495442220E-005  3.521051505600780E-005  3.385571646926688E-005  3.168763679728637E-005  3.014362543719471E-005  2.933995500539688E-005  2.851372135785381E-005  2.766258989837377E-005  2.678177677632669E-005  2.586103182647041E-005  2.378838123492992E-005  2.248411730632143E-005  2.064193354210444E-005
   535.000074951852       7.140136519207194E-005  6.827200447780753E-005  6.497605266760150E-005  6.148668620188301E-005  5.777302975804827E-005  5.377414880274827E-005  4.939459670600709E-005  4.700999341644159E-005  4.445194750656085E-005  4.167094419995517E-005  3.986839607518544E-005  3.860004545849494E-005  3.658230762438818E-005  3.515080050560664E-005  3.285814711291340E-005  3.122499561530761E-005  3.037533488896887E-005  2.950250124562427E-005  2.860468551275179E-005  2.767767482851801E-005  2.671188891386658E-005  2.455458714159262E-005  2.321046543609957E-005  2.132883580851747E-005
   537.000075232046       7.125500115982801E-005  6.815890727518032E-005  6.489700406879845E-005  6.144265316979431E-005  5.776161307235174E-005  5.379945122607001E-005  4.945802291422244E-005  4.709272846181874E-005  4.455358097992405E-005  4.179006172401206E-005  3.999639258402542E-005  3.873278369364960E-005  3.671999881425152E-005  3.528989994110247E-005  3.299565109678354E-005  3.135857676704614E-005  3.050603241174089E-005  2.962976984174158E-005  2.872802360139976E-005  2.779679201281162E-005  2.682675326316195E-005  2.466212727852269E-005  2.331569666245306E-005  2.143461753796499E-005
   539.000075512240       7.128066824502643E-005  6.818384236081627E-005  6.491994682315298E-005  6.146318777674724E-005  5.778155101590427E-005  5.381716476721803E-005  4.947235711190196E-005  4.710601140984504E-005  4.456635793733214E-005  4.180443728001710E-005  4.001301625513821E-005  3.875198344383607E-005  3.674468547678495E-005  3.531970413422673E-005  3.303564886715231E-005  3.140716481041866E-005  3.055935709647124E-005  2.968801979447488E-005  2.879124171834651E-005  2.786473993834273E-005  2.689885244678960E-005  2.473857014034033E-005  2.339037936193106E-005  2.150023051411561E-005
   541.000075792434       6.990799978156839E-005  6.690323301786273E-005  6.373686984032753E-005  6.038466611086509E-005  5.681367860803541E-005  5.296617796605332E-005  4.874436376164962E-005  4.644218119186333E-005  4.396963353322679E-005  4.127942980367785E-005  3.953468114963250E-005  3.830674934614852E-005  3.635287373623105E-005  3.496673970786650E-005  3.274654118224852E-005  3.116426730475122E-005  3.034042382621355E-005  2.949340455832115E-005  2.862101249974855E-005  2.771852484433342E-005  2.677582307906968E-005  2.465789796804125E-005  2.332882994082112E-005  2.145662229894648E-005
   543.000076072628       7.144520888159127E-005  6.836790583451171E-005  6.512021949675850E-005  6.168132944462784E-005  5.801652173336056E-005  5.406773369580169E-005  4.973606229788856E-005  4.737433954389984E-005  4.483827146593855E-005  4.207775072752762E-005  4.028623350615663E-005  3.902450696948999E-005  3.701536309617904E-005  3.558858875332234E-005  3.330112186161588E-005  3.166986750862785E-005  3.082051224090633E-005  2.994752478428623E-005  2.904889820665737E-005  2.812023615030256E-005  2.715165570930992E-005  2.498291365796919E-005  2.362745991287008E-005  2.172444063062038E-005
   545.000076352821       7.230605790891099E-005  6.922138120253860E-005  6.596714810008179E-005  6.251674634357444E-005  5.883482789021449E-005  5.486339973460803E-005  5.050089965558409E-005  4.811986580957854E-005  4.555999996488244E-005  4.277031156422730E-005  4.095736934430214E-005  3.967921361639641E-005  3.764139345711430E-005  3.619213740983361E-005  3.386459027404737E-005  3.220205639558221E-005  3.133575800894490E-005  3.044512509794316E-005  2.952845563169796E-005  2.858176649985007E-005  2.759569168767140E-005  2.539574989763060E-005  2.402769729201183E-005  2.211650785776163E-005
   547.000076633015       7.194703165264597E-005  6.887883819159424E-005  6.564216458829760E-005  6.221288905951402E-005  5.855443507946491E-005  5.460895445576779E-005  5.027597358817833E-005  4.791187840786899E-005  4.537111503435297E-005  4.260389982141943E-005  4.080704141664482E-005  3.954114304729340E-005  3.752481218139886E-005  3.609242021903420E-005  3.379538236121494E-005  3.215693235334341E-005  3.130375893645635E-005  3.042681436036371E-005  2.952415672679675E-005  2.859134663741040E-005  2.761846213330593E-005  2.544007810010751E-005  2.407867618965838E-005  2.216753925676063E-005
   549.000076913209       7.203768865212056E-005  6.897061061524593E-005  6.573587897111603E-005  6.230741730241540E-005  5.865147935650226E-005  5.470699436305606E-005  5.037242329989641E-005  4.800624696032545E-005  4.546273963136962E-005  4.269303394505210E-005  4.089552762531551E-005  3.963000576191765E-005  3.761615005073144E-005  3.618724523041267E-005  3.389917762912896E-005  3.226955763909503E-005  3.142161327398233E-005  3.055027994925412E-005  2.965340214532826E-005  2.872619801586279E-005  2.775828662354821E-005  2.558544982953647E-005  2.422279289723515E-005  2.230330496986562E-005
   551.000077193403       7.242283169719347E-005  6.934318050873681E-005  6.609451042112147E-005  6.265281225360884E-005  5.897995356693604E-005  5.501659236116392E-005  5.065995886345611E-005  4.828021567997027E-005  4.572173741901786E-005  4.293434517689095E-005  4.112507180784385E-005  3.985106269228832E-005  3.782371206854607E-005  3.638537267454186E-005  3.408288159369526E-005  3.244390681049794E-005  3.159148913076650E-005  3.071583487488368E-005  2.981477515649740E-005  2.888353277413660E-005  2.791160313565149E-005  2.573009963345197E-005  2.436227794886800E-005  2.243613442886228E-005
   553.000077473597       7.233437940737888E-005  6.929523812277290E-005  6.608854435704469E-005  6.268543619028712E-005  5.905222749716487E-005  5.512695950621491E-005  5.080661346844026E-005  4.844451820948966E-005  4.590296125271559E-005  4.313184356357142E-005  4.133110167181356E-005  4.006217330736839E-005  3.804066133315397E-005  3.660466677484675E-005  3.430205702211266E-005  3.265994880926621E-005  3.180492399878440E-005  3.092600699528441E-005  3.002113821331752E-005  2.908568767695218E-005  2.810942541201131E-005  2.591998884030383E-005  2.454913093139552E-005  2.262182621242887E-005
   555.000077753791       7.318645710485879E-005  7.011579847679333E-005  6.687047898741449E-005  6.343126199399964E-005  5.975703615734139E-005  5.578776015714184E-005  5.141804776150084E-005  4.902788030428594E-005  4.645548186426600E-005  4.365026657166556E-005  4.182729612159633E-005  4.054277836718165E-005  3.849644378499027E-005  3.704306842968313E-005  3.471366323322184E-005  3.305355954782933E-005  3.218962943342661E-005  3.130194625086123E-005  3.038844220996919E-005  2.944456306600994E-005  2.846000076434444E-005  2.625383207912995E-005  2.487392140082417E-005  2.293538531369933E-005
   557.000078033984       7.214246748574243E-005  6.913302960330642E-005  6.595567221968409E-005  6.258446443728791E-005  5.898617278180010E-005  5.509951830748711E-005  5.082248430671959E-005  4.848446808912357E-005  4.596904648814441E-005  4.322654801027297E-005  4.144446881724815E-005  4.018862765846087E-005  3.818785621190430E-005  3.676642925364129E-005  3.448664505163048E-005  3.286014107602995E-005  3.201292334946368E-005  3.114170233466485E-005  3.024430325448480E-005  2.931595753876581E-005  2.834625502599223E-005  2.616775557220122E-005  2.480108239919422E-005  2.287701315499141E-005
   559.000078314178       7.179047091233643E-005  6.880353576175873E-005  6.565033766605661E-005  6.230653287695915E-005  5.873587402591569E-005  5.487822504775913E-005  5.063345880799686E-005  4.831277892074304E-005  4.581560887236916E-005  4.309329345473002E-005  4.132497393155220E-005  4.007910226902037E-005  3.809503173016080E-005  3.668618634595770E-005  3.442822237910506E-005  3.281853976213921E-005  3.198042775826122E-005  3.111867745378541E-005  3.023097494444432E-005  2.931231663283660E-005  2.835196338158629E-005  2.618950271960517E-005  2.482852172956764E-005  2.290611830861868E-005
   561.000078594372       7.249542811671756E-005  6.950115747880603E-005  6.634119289056646E-005  6.298920810932081E-005  5.940741217691490E-005  5.553520466765166E-005  5.126973703421462E-005  4.893572998617151E-005  4.642178254082039E-005  4.367673399412748E-005  4.189075059760110E-005  4.063099251234954E-005  3.862135909640438E-005  3.719178112345187E-005  3.489590150402891E-005  3.325592763999948E-005  3.240116518603898E-005  3.152198209556714E-005  3.061624388705432E-005  2.967927364721879E-005  2.870069742005181E-005  2.650333304090853E-005  2.512583063186036E-005  2.318830820987701E-005
   563.000078874566       7.330743335383538E-005  7.027967618124283E-005  6.708341874841127E-005  6.368776879777329E-005  6.005998518869723E-005  5.613567171085751E-005  5.180911373763986E-005  4.944038661350391E-005  4.688886583958943E-005  4.410330579478361E-005  4.229179689312500E-005  4.101444280563341E-005  3.897890771377108E-005  3.753262678489173E-005  3.521364100640645E-005  3.356030791618585E-005  3.269966135028861E-005  3.181504947898162E-005  3.090435397811168E-005  2.996270749229380E-005  2.897953217372619E-005  2.677153124837358E-005  2.538665673354550E-005  2.343650207011244E-005
   565.000079154760       7.319271916564205E-005  7.017263306359194E-005  6.698575216963494E-005  6.360205547976667E-005  5.998455788012857E-005  5.607124867655497E-005  5.175687965063961E-005  4.939462999598800E-005  4.685029543577758E-005  4.407382195754984E-005  4.226867741567922E-005  4.099657049725673E-005  3.896999295804350E-005  3.753074957929016E-005  3.522402235690982E-005  3.357992878413010E-005  3.272405371013064E-005  3.184423335621489E-005  3.093814870765395E-005  3.000073785991606E-005  2.902114071153598E-005  2.681682590978272E-005  2.543088436423183E-005  2.347539794283521E-005
   567.000079434954       7.237609704826798E-005  6.940050174841123E-005  6.626316376420600E-005  6.293410900666576E-005  5.937492107101909E-005  5.552394195918528E-005  5.127955541800538E-005  4.895562295959336E-005  4.645259861693159E-005  4.372199164127703E-005  4.194792351706368E-005  4.069825156952802E-005  3.870848215398171E-005  3.729622452232978E-005  3.503420519307360E-005  3.342253137771723E-005  3.258346540778314E-005  3.172064354781773E-005  3.083152105836235E-005  2.991071347737500E-005  2.894696940428107E-005  2.677050137608333E-005  2.539569437699810E-005  2.344723948136994E-005
   569.000079715147       7.303641843519377E-005  7.005377649515052E-005  6.690410467162369E-005  6.356039350035086E-005  5.998338577850236E-005  5.611203530138132E-005  5.183994450880302E-005  4.950001680509535E-005  4.697864553796713E-005  4.422611686684427E-005  4.243630288814021E-005  4.117477492276424E-005  3.916487245445949E-005  3.773729109029878E-005  3.544915294807365E-005  3.381785995645034E-005  3.296839753106568E-005  3.209492679009346E-005  3.119501555442055E-005  3.026347407115278E-005  2.928932085274211E-005  2.709404996990209E-005  2.571141847614726E-005  2.375725237894114E-005
   571.000079995341       7.277928377768535E-005  6.981542033622322E-005  6.668325846780116E-005  6.335800674869873E-005  5.980362817644043E-005  5.595701489042709E-005  5.171279048029370E-005  4.938827948144886E-005  4.688358648353900E-005  4.414954199022139E-005  4.237172769716301E-005  4.111873875590728E-005  3.912241629609992E-005  3.770446129543620E-005  3.543119161569307E-005  3.380996225905519E-005  3.296543604162504E-005  3.209680305970693E-005  3.120155336217596E-005  3.027436615743318E-005  2.930407929156864E-005  2.711404574716495E-005  2.573156327062697E-005  2.377285569791645E-005
   573.000080275535       7.458778904812727E-005  7.158773856247359E-005  6.841423933035253E-005  6.504178801461887E-005  6.142933096647257E-005  5.750960613765397E-005  5.317434081898809E-005  5.079276605475001E-005  4.822051130802339E-005  4.540399692552623E-005  4.356730220733802E-005  4.226983372817135E-005  4.019791941770718E-005  3.872247457343725E-005  3.635168096941502E-005  3.465789326366202E-005  3.377521711613483E-005  3.286764459661692E-005  3.193307814633385E-005  3.096692469722041E-005  2.995874504387556E-005  2.769888388656844E-005  2.628565481016233E-005  2.430200094564491E-005
   575.000080555729       7.365934422522407E-005  7.070150098217569E-005  6.757162088425339E-005  6.424917185628238E-005  6.068780632114408E-005  5.682900062538040E-005  5.256169516460376E-005  5.021796420140989E-005  4.768938894265965E-005  4.492406361437938E-005  4.312283353013341E-005  4.185169212914415E-005  3.982423939828150E-005  3.838266013744839E-005  3.606930789996224E-005  3.441877587858989E-005  3.355911919616655E-005  3.267508540630885E-005  3.176437457792447E-005  3.082187850604982E-005  2.983657425971149E-005  2.761769205515355E-005  2.622155218046148E-005  2.425027199763864E-005
   577.000080835923       7.409099155956975E-005  7.113317518092987E-005  6.800210535323016E-005  6.467197074387450E-005  6.110687251485440E-005  5.723775687902137E-005  5.295727169035779E-005  5.060576208821357E-005  4.806638538765531E-005  4.528663615692921E-005  4.347474915654244E-005  4.219543522719229E-005  4.015361443066710E-005  3.870060683443859E-005  3.636711123394369E-005  3.470081089519852E-005  3.383262453834954E-005  3.293974554568197E-005  3.201995658044089E-005  3.106830350180889E-005  3.007395396851445E-005  2.783772189044941E-005  2.643331970450854E-005  2.445437924325819E-005
   579.000081116117       7.374707909131787E-005  7.079565729524310E-005  6.767385317086490E-005  6.435644474837614E-005  6.080247294830987E-005  5.694739050761811E-005  5.268182308193789E-005  5.033958429483384E-005  4.781120990863964E-005  4.504666003972695E-005  4.324698883424279E-005  4.197768857670543E-005  3.995484970323327E-005  3.851775594227291E-005  3.621466576463728E-005  3.457352962113369E-005  3.371931036149966E-005  3.284113836156533E-005  3.193648920110549E-005  3.100000321317724E-005  3.002027108720620E-005  2.780928368500295E-005  2.641406857710326E-005  2.443811353100231E-005
   581.000081396311       7.419396426333064E-005  7.125057576636889E-005  6.813631154438693E-005  6.482393579770441E-005  6.127303957607325E-005  5.741848984086016E-005  5.314982404020017E-005  5.080372793492373E-005  4.826786347394387E-005  4.549175240350442E-005  4.368190580960143E-005  4.240411063422439E-005  4.036478367483835E-005  3.891413292565789E-005  3.658548048925971E-005  3.492360403924998E-005  3.405794559343862E-005  3.316774196772849E-005  3.225065073336244E-005  3.130153352758380E-005  3.030924164181051E-005  2.807416571694114E-005  2.666757279559929E-005  2.468128704490334E-005
   583.000081676504       7.453445232008913E-005  7.159866218562060E-005  6.849141876638557E-005  6.518388392196471E-005  6.163726993756661E-005  5.778532330127008E-005  5.351546096044808E-005  5.116591234816897E-005  4.862513778727968E-005  4.584020430806245E-005  4.402290260308192E-005  4.273874618499472E-005  4.068781499421762E-005  3.922732359772017E-005  3.688060302910908E-005  3.520427607468392E-005  3.433072669149474E-005  3.343224167845032E-005  3.250658771051871E-005  3.154878905976789E-005  3.054787567498691E-005  2.829638078115803E-005  2.688225294013599E-005  2.488979451297935E-005
   585.000081956698       7.392388844721756E-005  7.101623310087150E-005  6.793914319900710E-005  6.466864464035993E-005  6.116144798357635E-005  5.735354373437520E-005  5.313556558115810E-005  5.081553510489660E-005  4.830772961976602E-005  4.556025469786442E-005  4.376817073395316E-005  4.250208458639200E-005  4.048047148420420E-005  3.904118466597519E-005  3.672918822346465E-005  3.507738472402779E-005  3.421640962582503E-005  3.333056099574565E-005  3.241742122659732E-005  3.147178362812005E-005  3.048239676072365E-005  2.825085464576800E-005  2.684450036115560E-005  2.485703077241115E-005
   587.000082236892       7.408345226669220E-005  7.118516790726863E-005  6.811998497130946E-005  6.485858095926725E-005  6.135995387739257E-005  5.755893007370938E-005  5.334506123745764E-005  5.102705583826896E-005  4.851985871147783E-005  4.577230937510110E-005  4.397902393184719E-005  4.271213574996330E-005  4.068841435566740E-005  3.924734585176965E-005  3.693162148462985E-005  3.527690162386661E-005  3.441428455911333E-005  3.352674236023354E-005  3.261187204484372E-005  3.166448441336451E-005  3.067335089581972E-005  2.843835948574558E-005  2.703022413224033E-005  2.504064791970030E-005
   589.000082517086       7.218854030613027E-005  6.937316078492452E-005  6.639487154026062E-005  6.323041332468015E-005  5.983620598594521E-005  5.615113945792989E-005  5.206831451870321E-005  4.982358342170097E-005  4.739809874379092E-005  4.474278390577201E-005  4.301230687865815E-005  4.179081108845401E-005  3.984208484062175E-005  3.845632879113766E-005  3.623289022846197E-005  3.464632134384795E-005  3.381966193815636E-005  3.296902206695153E-005  3.209167030478219E-005  3.118194508567819E-005  3.022800701242992E-005  2.806408131929615E-005  2.668981055093740E-005  2.473275661898558E-005
   591.000082797280       7.411313412922167E-005  7.123528570311093E-005  6.818553935915731E-005  6.494299511236636E-005  6.146287280832247E-005  5.767953418392372E-005  5.348250174699562E-005  5.117219320459977E-005  4.867289502361426E-005  4.593343782406543E-005  4.414561458519763E-005  4.288238905934260E-005  4.086521693522443E-005  3.942911262928148E-005  3.712187934332282E-005  3.547356039723825E-005  3.461442588955039E-005  3.373040935594684E-005  3.281903522703941E-005  3.187495974333607E-005  3.088674180844796E-005  2.865513239252148E-005  2.724647595748107E-005  2.525251863043395E-005
   593.000083077474       7.410674632748317E-005  7.123706359457500E-005  6.820073446717632E-005  6.496636797117660E-005  6.149461004952350E-005  5.772258448335462E-005  5.353527961219293E-005  5.122954782745539E-005  4.873538633289172E-005  4.600116160709210E-005  4.421710943756729E-005  4.295683981372459E-005  4.094431261885970E-005  3.951176139287589E-005  3.721067166470388E-005  3.556711967814118E-005  3.471049691661265E-005  3.382901210468885E-005  3.292015260482089E-005  3.197845681833246E-005  3.099238374199360E-005  2.876374027696864E-005  2.735557487173184E-005  2.536054036855316E-005
   595.000083357667       7.430199871485801E-005  7.144064154021355E-005  6.840937291934326E-005  6.518267184482198E-005  6.171671467989310E-005  5.794701854854801E-005  5.375955671159961E-005  5.145111573789818E-005  4.895290878934282E-005  4.621277641502538E-005  4.442414205504929E-005  4.316033040804121E-005  4.114201561678361E-005  3.970501974682353E-005  3.739677531744375E-005  3.574811455386253E-005  3.488881951472496E-005  3.400456183838779E-005  3.309290115006296E-005  3.214834105444749E-005  3.115932045479478E-005  2.892432081193380E-005  2.751246928522698E-005  2.551266280898720E-005
   597.000083637861       7.434075617330416E-005  7.149235624261188E-005  6.847253049184828E-005  6.525635746976206E-005  6.180421581061197E-005  5.804696275307246E-005  5.387277635396502E-005  5.157274890548905E-005  4.908252971477430E-005  4.634981902721990E-005  4.456554751790503E-005  4.330426824424497E-005  4.128925709002050E-005  3.985391432527033E-005  3.754675225519076E-005  3.589771123675884E-005  3.503783480460596E-005  3.415280309793614E-005  3.324009321118354E-005  3.229433535769125E-005  3.130400141973702E-005  2.906617444945842E-005  2.765290789856911E-005  2.565230291665352E-005
   599.000083918055       7.411465991987247E-005  7.127998505439696E-005  6.827811913531500E-005  6.508292179324435E-005  6.164985449331407E-005  5.791353973090609E-005  5.376116401075703E-005  5.147257400054776E-005  4.899457479018026E-005  4.627633727448985E-005  4.450187537759304E-005  4.324791148177583E-005  4.124495445982956E-005  3.981895313387088E-005  3.752822483957024E-005  3.589182776184063E-005  3.503875841772157E-005  3.416076790121635E-005  3.325521987039540E-005  3.231649972656711E-005  3.133283131265472E-005  2.910604818704361E-005  2.769640598560016E-005  2.569622855629564E-005
   601.000084198249       7.366041936646023E-005  7.085190789694553E-005  6.788058835879308E-005  6.471840562133012E-005  6.131918230718668E-005  5.762039384125899E-005  5.350941640456798E-005  5.124337632815982E-005  4.878993279072427E-005  4.609974025865490E-005  4.434436260880388E-005  4.310427174648644E-005  4.112499506417626E-005  3.971654111371549E-005  3.745543712294533E-005  3.584091692553551E-005  3.499929530222740E-005  3.413287674414222E-005  3.323890957351570E-005  3.231148957751896E-005  3.133856168637210E-005  2.913056936323077E-005  2.772859073001715E-005  2.573386696456943E-005
   603.000084478443       7.367451368399581E-005  7.088253294710175E-005  6.792495705731978E-005  6.477704610505149E-005  6.139862261557551E-005  5.771748432958355E-005  5.362785894024888E-005  5.137302305965116E-005  4.893113762122200E-005  4.625157377205807E-005  4.450183929945196E-005  4.326531321523984E-005  4.128980893905120E-005  3.988290006534544E-005  3.762194290369747E-005  3.600571626071467E-005  3.516257591289627E-005  3.429426303513418E-005  3.339796421531075E-005  3.246793221634656E-005  3.149214409193670E-005  2.927811128756452E-005  2.787292479443093E-005  2.587474284863573E-005
   605.000084758637       7.436811360861107E-005  7.156652326466298E-005  6.859776798883016E-005  6.543719661803997E-005  6.203346587278820E-005  5.832536070340929E-005  5.419765098710788E-005  5.191787383302710E-005  4.944645780061593E-005  4.673231736096108E-005  4.495848013880301E-005  4.370412784191195E-005  4.169939666824490E-005  4.027150446684811E-005  3.797672069267859E-005  3.633688664768264E-005  3.548193552918655E-005  3.460181317555660E-005  3.369395566157225E-005  3.275265846441121E-005  3.176603612087264E-005  2.953165944154687E-005  2.811696998102086E-005  2.610979462684167E-005
   607.000085038830       7.457037274437406E-005  7.176891355040807E-005  6.879794587035891E-005  6.563202422162991E-005  6.222561043471563E-005  5.851405287714661E-005  5.438180129992773E-005  5.209957468010391E-005  4.962471833930086E-005  4.690615713775915E-005  4.512908051347660E-005  4.387230053661130E-005  4.186348061511002E-005  4.043227075211093E-005  3.813145633161147E-005  3.648674588609517E-005  3.562903379485299E-005  3.474603556368674E-005  3.383514838518285E-005  3.289077524673256E-005  3.190105034388549E-005  2.966049569403944E-005  2.824251275602722E-005  2.623153812060788E-005
   609.000085319024       7.409724978542191E-005  7.130941323037985E-005  6.835810180421267E-005  6.521192158039569E-005  6.182741870730271E-005  5.813944176149375E-005  5.403283965912175E-005  5.176634599439131E-005  4.931044150874703E-005  4.661503774052411E-005  4.485516625964727E-005  4.361190258649689E-005  4.162704888392175E-005  4.021481070667266E-005  3.794825662404578E-005  3.633068872049195E-005  3.548770630614585E-005  3.462011066526970E-005  3.372500348334705E-005  3.279640352981659E-005  3.182197507956962E-005  2.960848725773386E-005  2.820113638040874E-005  2.619549775294173E-005
   611.000085599218       7.373060067897011E-005  7.096432154604818E-005  6.803940293826238E-005  6.491774864336745E-005  6.156343771813440E-005  5.790806576303827E-005  5.383866778979435E-005  5.159294681312277E-005  4.916059376954962E-005  4.649112348995707E-005  4.474863992622938E-005  4.351745503954395E-005  4.155226398440805E-005  4.015408018269855E-005  3.790979958939039E-005  3.630766165503400E-005  3.547249831424433E-005  3.461264201120149E-005  3.372510150670051E-005  3.280371923971351E-005  3.183601900680895E-005  2.963358398165804E-005  2.822987632544287E-005  2.622495543341927E-005
   613.000085879412       7.253236393874740E-005  6.982614813338486E-005  6.696422504856938E-005  6.391311153689891E-005  6.063503777491266E-005  5.706227799187377E-005  5.308727044364904E-005  5.089385704268968E-005  4.851896512212391E-005  4.591399454881893E-005  4.421440131027444E-005  4.301411114702772E-005  4.109855147880403E-005  3.973592746752268E-005  3.754891831458188E-005  3.598721763633440E-005  3.517271987956452E-005  3.433372024180458E-005  3.346692359936980E-005  3.256597304849280E-005  3.161811667119340E-005  2.945300694631081E-005  2.806711162273491E-005  2.608067892640280E-005
   615.000086159606       7.255802065801487E-005  6.987594959878153E-005  6.703547392131223E-005  6.400391573174554E-005  6.074315829729144E-005  5.718703483125601E-005  5.322651330438127E-005  5.103841166091335E-005  4.866799718265635E-005  4.606594175690805E-005  4.436749011835737E-005  4.316735602463323E-005  4.125205338965035E-005  3.988925961840168E-005  3.770150751753688E-005  3.613875435441385E-005  3.532350467260557E-005  3.448347820386294E-005  3.361538729187185E-005  3.271276263588378E-005  3.176270619612266E-005  2.959094073655058E-005  2.819989534500778E-005  2.620556442884866E-005
   617.000086439800       7.207621729298270E-005  6.941021788711691E-005  6.658683447800414E-005  6.357710007291365E-005  6.034193652882851E-005  5.681432692764308E-005  5.288825508006124E-005  5.072287044905627E-005  4.837872450035770E-005  4.580872207102616E-005  4.413275917529562E-005  4.294992469623295E-005  4.106321265052146E-005  3.972185371483344E-005  3.757002475131955E-005  3.603358530769553E-005  3.523199688161091E-005  3.440596097541259E-005  3.355195062672142E-005  3.266335608552966E-005  3.172716248662485E-005  2.958235954640742E-005  2.820455003462329E-005  2.622313618443400E-005
   619.000086719993       7.399795895794464E-005  7.126810948852032E-005  6.837687264175922E-005  6.529153807465143E-005  6.197155843498145E-005  5.834952974432082E-005  5.431435647395584E-005  5.208325029032207E-005  4.966364107016771E-005  4.700449210085429E-005  4.526636033351706E-005  4.403751592415795E-005  4.207376225384816E-005  4.067525365228629E-005  3.842794324273327E-005  3.682203665693452E-005  3.598443406886431E-005  3.512184005505533E-005  3.423123467804557E-005  3.330647914054336E-005  3.233509798240911E-005  3.012413140322081E-005  2.871542498330621E-005  2.670522678129734E-005
   621.000087000187       7.418830848325507E-005  7.146532131937106E-005  6.857985933005282E-005  6.550120648711561E-005  6.218449917549891E-005  5.856426734408240E-005  5.452659232088490E-005  5.229246299177122E-005  4.986891669162712E-005  4.720491175393252E-005  4.546322754290910E-005  4.423176846447938E-005  4.226360852035133E-005  4.086192290432799E-005  3.860958368726949E-005  3.699996153139753E-005  3.616042075536758E-005  3.529591669363552E-005  3.440326321581523E-005  3.347646894893826E-005  3.250304027708659E-005  3.028789211623490E-005  2.887703002655562E-005  2.686439119805950E-005
   623.000087280381       7.341507311592702E-005  7.072963044711733E-005  6.788358459630759E-005  6.484587645567768E-005  6.157521091294499E-005  5.800549102624952E-005  5.402304652547037E-005  5.182042144410510E-005  4.943166349817405E-005  4.680674695303444E-005  4.509140515916517E-005  4.387894641863285E-005  4.194294753541986E-005  4.056506818434580E-005  3.835278202399859E-005  3.677291581503757E-005  3.594896945183407E-005  3.510024877787140E-005  3.422347478674716E-005  3.331225120834394E-005  3.235366564088497E-005  3.016439522029576E-005  2.876336230017427E-005  2.675519303290765E-005
   625.000087560575       7.197569172504702E-005  6.934519197672638E-005  6.656117749095467E-005  6.359170693131521E-005  6.039775178036136E-005  5.691183025664496E-005  5.303137714319961E-005  5.088804417786776E-005  4.856624580988655E-005  4.601881737691259E-005  4.435653740076701E-005  4.318265157538136E-005  4.130967042679595E-005  3.997774182841522E-005  3.783991564972628E-005  3.631269324947708E-005  3.551545742591746E-005  3.469338610215332E-005  3.384281315029987E-005  3.295680270561981E-005  3.202192966473901E-005  2.987330146827311E-005  2.848758738213143E-005  2.648777841960963E-005
   627.000087840769       7.414064538917914E-005  7.144943812501959E-005  6.859464584035438E-005  6.554460791401353E-005  6.225961113368870E-005  5.866844521952416E-005  5.465828036170975E-005  5.243855002569382E-005  5.002891062989091E-005  4.737938691098108E-005  4.564709007013847E-005  4.442202178843154E-005  4.246460201227443E-005  4.107073586007849E-005  3.883138513263126E-005  3.723139414227053E-005  3.639687192899657E-005  3.553733630095708E-005  3.464965370749206E-005  3.372751687359943E-005  3.275822772236615E-005  3.054855448124748E-005  2.913786144507560E-005  2.712044446175189E-005
   629.000088120963       7.425299202448932E-005  7.157115085559695E-005  6.872317730676946E-005  6.568435981557630E-005  6.240698375827955E-005  5.882334445989207E-005  5.481921161056707E-005  5.260113659171372E-005  5.019230949695028E-005  4.754201613259487E-005  4.580843584522874E-005  4.458209819659420E-005  4.262198244761222E-005  4.122573328478771E-005  3.898198416187825E-005  3.737839702698967E-005  3.654187178866777E-005  3.568022021836951E-005  3.479030858572014E-005  3.386584430591261E-005  3.289410840817924E-005  3.067909781627390E-005  2.926532096915245E-005  2.724424542324100E-005
   631.000088401157       7.320665658248043E-005  7.056332324466994E-005  6.775989273680043E-005  6.476900218414196E-005  6.154593220795023E-005  5.802530368513466E-005  5.409290725556409E-005  5.191779479629538E-005  4.955835080052890E-005  4.696496081628920E-005  4.527052919319637E-005  4.407298645967058E-005  4.216061047339501E-005  4.079976979338602E-005  3.861455558967460E-005  3.705345308529439E-005  3.623891066532372E-005  3.539947796816481E-005  3.453168285123185E-005  3.362886505487064E-005  3.267782084227954E-005  3.049943743165050E-005  2.910043685237646E-005  2.708873121004420E-005
   633.000088681350       7.344919405536919E-005  7.080847428635946E-005  6.801215017674745E-005  6.502502262228608E-005  6.180503360056616E-005  5.828509587851956E-005  5.435185634577831E-005  5.217457650716852E-005  4.981153144727156E-005  4.721277459568597E-005  4.551386525166736E-005  4.431250394362741E-005  4.239364076161196E-005  4.102764790517462E-005  3.883390899365157E-005  3.726659185063026E-005  3.644893384513687E-005  3.560640478128469E-005  3.473558811570637E-005  3.382991458979544E-005  3.287624439106113E-005  3.069400041037372E-005  2.929461617049177E-005  2.728572714077355E-005
   635.000088961544       7.338791984080381E-005  7.077684642485288E-005  6.800355635911825E-005  6.503825517776803E-005  6.184172005681510E-005  5.834234962512715E-005  5.442616976629204E-005  5.225526299827989E-005  4.989792234625029E-005  4.730449210555701E-005  4.560857484665750E-005  4.440934912597467E-005  4.249425142108437E-005  4.113138422897543E-005  3.894381752850400E-005  3.738219310911879E-005  3.656787336003591E-005  3.572903773476882E-005  3.486228513509097E-005  3.396089018903001E-005  3.301159202332640E-005  3.083798331053834E-005  2.944323454086486E-005  2.744022996452131E-005
   637.000089241738       7.341892552881440E-005  7.080959624781412E-005  6.804152138508060E-005  6.508010084922381E-005  6.188495515702030E-005  5.838717668413546E-005  5.447317775105325E-005  5.230422317197578E-005  4.994759614697627E-005  4.735576080630716E-005  4.566136720009041E-005  4.446338770084111E-005  4.255028774658134E-005  4.118898656730243E-005  3.900445643511022E-005  3.744516727769813E-005  3.663208441684530E-005  3.579455331569038E-005  3.492907531835604E-005  3.402889906371114E-005  3.308065343521417E-005  3.090830640546966E-005  2.951331062929317E-005  2.750807222115210E-005
   639.000089521932       7.374766699257604E-005  7.113568717430757E-005  6.836523296277512E-005  6.540436446543495E-005  6.220974074437887E-005  5.871069862494977E-005  5.479450249154209E-005  5.262461371908342E-005  5.026454023199956E-005  4.766658674942572E-005  4.596654728402147E-005  4.476348533361527E-005  4.283998858336839E-005  4.146942834592039E-005  3.926627744506477E-005  3.769113806489695E-005  3.686896508304617E-005  3.602176340364904E-005  3.514603875295790E-005  3.423532136049753E-005  3.327651264782220E-005  3.108371133539921E-005  2.967876202414892E-005  2.766371368060008E-005
   641.000089802126       7.284816840351367E-005  7.027962366093313E-005  6.755912139124128E-005  6.465056583769485E-005  6.151085656320524E-005  5.807321166461555E-005  5.422508713836249E-005  5.209269355161114E-005  4.977567574009163E-005  4.722603992577487E-005  4.555850473133899E-005  4.437909189221015E-005  4.249450283227540E-005  4.115238080208344E-005  3.899553509519399E-005  3.745323248918318E-005  3.664790908527085E-005  3.581754068690415E-005  3.495841678224373E-005  3.406387627752183E-005  3.312052628547814E-005  3.095571241793520E-005  2.956303522567681E-005  2.755881001695031E-005
   643.000090082320       7.333966529245087E-005  7.077269110574208E-005  6.804613768978701E-005  6.512811193360933E-005  6.198010417471277E-005  5.852913385669492E-005  5.466275459920410E-005  5.251678660202891E-005  5.018295489277845E-005  4.761153227489480E-005  4.592789883772702E-005  4.473644350908679E-005  4.283100873779571E-005  4.147316357243938E-005  3.929027304481131E-005  3.772904884822350E-005  3.691397952611308E-005  3.607377351718424E-005  3.520483295736364E-005  3.430057509859142E-005  3.334775095806172E-005  3.116498708366506E-005  2.976383092805948E-005  2.775128184922427E-005
   645.000090362513       7.270146092294382E-005  7.018498698226242E-005  6.750095584062196E-005  6.463500560679895E-005  6.153738427869277E-005  5.813804462624650E-005  5.432464702946799E-005  5.220686869838529E-005  4.990261394252425E-005  4.736477029088121E-005  4.570351346420184E-005  4.452814613051810E-005  4.264940463144270E-005  4.131136100964465E-005  3.916125832432996E-005  3.762397456841312E-005  3.682137355409895E-005  3.599386067442982E-005  3.513771442685327E-005  3.424618716624609E-005  3.330583741538507E-005  3.114704555945933E-005  2.975791659405237E-005  2.775863537582597E-005
   647.000090642707       7.297028526348871E-005  7.045250865806876E-005  6.777795701240136E-005  6.491172839246971E-005  6.181001302361293E-005  5.840706288435077E-005  5.458792697592724E-005  5.246504967637669E-005  5.015539622393435E-005  4.760961084139785E-005  4.594254537079873E-005  4.476259307795008E-005  4.287611470764294E-005  4.153219632421364E-005  3.937200980234192E-005  3.782736763649571E-005  3.702099735689876E-005  3.618954464712666E-005  3.532949696635536E-005  3.443407335198504E-005  3.348995298040800E-005  3.132403085261292E-005  2.993151163093963E-005  2.792877730563783E-005
   649.000090922901       7.225035242159625E-005  6.977805552191699E-005  6.714843056737044E-005  6.433094388953839E-005  6.128066583574381E-005  5.792821649625216E-005  5.416234412126547E-005  5.206976869892904E-005  4.979188791197353E-005  4.728157980086733E-005  4.563764923884580E-005  4.447422676036468E-005  4.261384052113323E-005  4.128786346276894E-005  3.915534202991252E-005  3.762914737126455E-005  3.683165219549126E-005  3.600890510826909E-005  3.515708587186573E-005  3.426928078889325E-005  3.333196187173501E-005  3.117590619228699E-005  2.978522349252474E-005  2.777950042964451E-005
   651.000091203095       7.281115632583992E-005  7.037892099479056E-005  6.778366706039239E-005  6.499511390824472E-005  6.196469523791214E-005  5.861956146232780E-005  5.484623618129273E-005  5.274192735349086E-005  5.044574975199073E-005  4.790885738504319E-005  4.624435591228088E-005  4.506510284980110E-005  4.317710614664551E-005  4.183049296954878E-005  3.966373906451453E-005  3.811303560944247E-005  3.730308634530304E-005  3.646783171196084E-005  3.560362793571438E-005  3.470377016086317E-005  3.375484412340699E-005  3.157746559688557E-005  3.017748364021765E-005  2.816408875184702E-005
   653.000091483289       7.199880929632531E-005  6.972783111668604E-005  6.728901092570861E-005  6.465073323019185E-005  6.175410967094819E-005  5.852845370596634E-005  5.485286718476629E-005  5.278780222655529E-005  5.052422668530229E-005  4.801320269224530E-005  4.636169173190314E-005  4.518974944406414E-005  4.331176704504118E-005  4.197136486217647E-005  3.981389518669199E-005  3.826959617664009E-005  3.746305216064806E-005  3.663125543691423E-005  3.577055867769272E-005  3.487403371720920E-005  3.392820365946713E-005  3.175618642015015E-005  3.035910299279261E-005  2.834979413970157E-005
   655.000091763483       6.642932896918476E-005  6.473162949505203E-005  6.287744461647602E-005  6.082331749471348E-005  5.851672495538487E-005  5.587508947275959E-005  5.277555172841567E-005  5.099502766176603E-005  4.901456994788885E-005  4.678658947452815E-005  4.530531059911686E-005  4.424779400789495E-005  4.254329287885627E-005  4.131972703961550E-005  3.933841400887614E-005  3.790995129183420E-005  3.715952262701564E-005  3.638165066506546E-005  3.557182627195860E-005  3.472193731570159E-005  3.381741299852873E-005  3.170996254987068E-005  3.033686725498457E-005  2.834614155141914E-005
   657.000092043676       5.519261695206676E-005  5.405119521933767E-005  5.278909731101123E-005  5.138043027335298E-005  4.978319465558249E-005  4.793922411455839E-005  4.575832965934942E-005  4.449963165061182E-005  4.309607549879334E-005  4.151301220923047E-005  4.045815863657023E-005  3.970355710087801E-005  3.848294586654893E-005  3.760192545071351E-005  3.616075690205844E-005  3.510384611779553E-005  3.453972493811465E-005  3.394677673805701E-005  3.331878331873809E-005  3.264616120310806E-005  3.191320067482859E-005  3.013344786016200E-005  2.892176197175286E-005  2.709794228103982E-005
   659.000092323870       7.033582066626671E-005  6.826698720370963E-005  6.603080794439108E-005  6.359144652723222E-005  6.089436486152589E-005  5.786297352727706E-005  5.437516391606654E-005  5.240182352384571E-005  5.022934660677418E-005  4.780807439784724E-005  4.620957608906718E-005  4.507314401366216E-005  4.324822564621430E-005  4.194286219729771E-005  3.983747767482208E-005  3.832689227233201E-005  3.753652405950964E-005  3.672028233875399E-005  3.587427213982248E-005  3.499132639464551E-005  3.405758464506390E-005  3.190435193952894E-005  3.051345978328709E-005  2.850678229212067E-005
   661.000092604064       7.275499454432286E-005  7.040661473700367E-005  6.789611918666642E-005  6.518425609422881E-005  6.222464735093216E-005  5.894411283102855E-005  5.522415655403274E-005  5.314109530870372E-005  5.086367721440105E-005  4.834172716248966E-005  4.668479361007788E-005  4.551001619439005E-005  4.362860773173426E-005  4.228619586013139E-005  4.012626157383071E-005  3.858036158238767E-005  3.777292861922627E-005  3.694013741105474E-005  3.607833954402026E-005  3.518054618093235E-005  3.423312664041239E-005  3.205593532607846E-005  3.065355719106857E-005  2.863280286322883E-005
   663.000092884258       7.320227994346557E-005  7.077605253123926E-005  6.819472799730814E-005  6.541500939791532E-005  6.239571522422574E-005  5.906565521073169E-005  5.530693592226939E-005  5.320918114722778E-005  5.092168629972707E-005  4.839361233983337E-005  4.673511619454276E-005  4.556059179064751E-005  4.368115784080992E-005  4.234140115296039E-005  4.018771559943649E-005  3.864780575630230E-005  3.784384627920300E-005  3.701498012182683E-005  3.615745269318754E-005  3.526430612316895E-005  3.432195163332951E-005  3.215679538744914E-005  3.076262376897742E-005  2.875476655162407E-005
   665.000093164452       7.336083288717564E-005  7.091439829075338E-005  6.830969508073064E-005  6.551058038754564E-005  6.247717181917395E-005  5.913408691001276E-005  5.536843315666652E-005  5.326968433435777E-005  5.098084616057129E-005  4.845363329310499E-005  4.679646882832140E-005  4.562273975799724E-005  4.374489341284375E-005  4.240631246674123E-005  4.025420027112820E-005  3.871508342649700E-005  3.791148251037991E-005  3.708274051444418E-005  3.622528309959649E-005  3.533205791849244E-005  3.438946245745819E-005  3.222306012983124E-005  3.082743445190886E-005  2.881631061333306E-005
   667.000093444646       7.305183686963928E-005  7.060653907984991E-005  6.800689099970903E-005  6.521849132922858E-005  6.219908700402535E-005  5.887625809817601E-005  5.513788663454084E-005  5.305783681751876E-005  5.079037304462269E-005  4.828776648779165E-005  4.664712246750784E-005  4.548547208758588E-005  4.362699832001038E-005  4.230248978725289E-005  4.017269300634020E-005  3.864923789410991E-005  3.785357290125443E-005  3.703290198039177E-005  3.618342470048924E-005  3.529805663076806E-005  3.436309603680906E-005  3.221085518195108E-005  3.082186789574074E-005  2.881755889445501E-005
   669.000093724840       7.355846918831451E-005  7.110319140038926E-005  6.849437166280387E-005  6.569289634195997E-005  6.265879457881272E-005  5.931855522123917E-005  5.555706289718611E-005  5.346152654168079E-005  5.117633901432985E-005  4.865251660485076E-005  4.699689813998515E-005  4.582394375734454E-005  4.394714780614501E-005  4.260909260669113E-005  4.045722282975681E-005  3.891800445166034E-005  3.811431791701121E-005  3.728551267503153E-005  3.642801252206348E-005  3.553476227544453E-005  3.459227925607341E-005  3.242655038862203E-005  3.103195649282868E-005  2.902357050656898E-005
   671.000094005033       7.327367690108457E-005  7.082543204798936E-005  6.821908131595188E-005  6.542734368203767E-005  6.240157779426294E-005  5.907275291400143E-005  5.532834244467554E-005  5.324259873586365E-005  5.097034880253982E-005  4.846356540867305E-005  4.682057074698130E-005  4.565754330396721E-005  4.379776887754770E-005  4.247298425365905E-005  4.034386249228578E-005  3.882175736468915E-005  3.802699756223494E-005  3.720731802254508E-005  3.635901992838256E-005  3.547486643087567E-005  3.454110588419995E-005  3.239107595713793E-005  3.100283640455125E-005  2.899795030589167E-005
   673.000094285227       7.346522111969282E-005  7.102388711066248E-005  6.842669903817131E-005  6.564068028413996E-005  6.262306487666972E-005  5.930220776038115E-005  5.556224051445471E-005  5.347648925903154E-005  5.120397109817666E-005  4.869370967659341E-005  4.704716165649890E-005  4.588106846894256E-005  4.401533636947424E-005  4.268548591304342E-005  4.054690920222929E-005  3.901742444345153E-005  3.821879756812468E-005  3.739506882532962E-005  3.654267519799961E-005  3.565448168085566E-005  3.471685968747220E-005  3.256017443549652E-005  3.116979480555580E-005  2.916533743355130E-005
   675.000094565421       7.296268904681072E-005  7.054739796207803E-005  6.797416736570670E-005  6.521628017780353E-005  6.222774418008242E-005  5.893874672125423E-005  5.523519491407243E-005  5.317213326922997E-005  5.092300454984663E-005  4.844045763157659E-005  4.681369044948512E-005  4.566254797484127E-005  4.382135811477220E-005  4.250995486264842E-005  4.040302563096805E-005  3.889676719982375E-005  3.811019618808367E-005  3.729871051348165E-005  3.645847952185183E-005  3.558215554772287E-005  3.465578065068474E-005  3.251900367153054E-005  3.113678962039083E-005  2.913756427628076E-005
   677.000094845615       7.336577453264668E-005  7.093389999528852E-005  6.835017297268984E-005  6.557841401524010E-005  6.257157684344892E-005  5.926575366814672E-005  5.554075107943222E-005  5.346572688915661E-005  5.120259800725862E-005  4.870424557929828E-005  4.706600476648693E-005  4.590610307763497E-005  4.405070035813267E-005  4.272849133723148E-005  4.060344116551802E-005  3.908404325698385E-005  3.829064706913096E-005  3.747244893764643E-005  3.662557638541945E-005  3.574286224828362E-005  3.481049232677113E-005  3.266309652251099E-005  3.127632342276052E-005  2.927363430747644E-005
   679.000095125809       7.327143184298532E-005  7.085487228437343E-005  6.827718389170535E-005  6.551675298075248E-005  6.252052222860879E-005  5.922458040376140E-005  5.550996230491973E-005  5.344096224791810E-005  5.118433006994484E-005  4.869273891379465E-005  4.705918273775251E-005  4.590263470475193E-005  4.405279935015442E-005  4.273506499971156E-005  4.061758318521521E-005  3.910410180990036E-005  3.831399778810318E-005  3.749912021528775E-005  3.665564360086192E-005  3.577628805985219E-005  3.484712971285444E-005  3.270505660339693E-005  3.132002059312390E-005  2.931702004552716E-005
   681.000095406003       7.314675032909282E-005  7.073638722913493E-005  6.817092229648589E-005  6.542053161122102E-005  6.243990945059845E-005  5.915827488747156E-005  5.546227447005738E-005  5.340241290084284E-005  5.115730410346853E-005  4.867854849934493E-005  4.705391262494451E-005  4.590339724745422E-005  4.406400569576563E-005  4.275361542302414E-005  4.064816985477007E-005  3.914298225926396E-005  3.835700179591322E-005  3.754623960875456E-005  3.670681786778529E-005  3.583140168357705E-005  3.490607990153239E-005  3.277176472684345E-005  3.139110408710292E-005  2.939420465321473E-005
   683.000095686196       7.316774092710903E-005  7.077225240682651E-005  6.821938236325185E-005  6.548363972421533E-005  6.251695172638292E-005  5.925020132225169E-005  5.556649996086554E-005  5.351237098945794E-005  5.127135555035928E-005  4.879618018492398E-005  4.717289229042239E-005  4.602309744315100E-005  4.418339656196131E-005  4.287231380923301E-005  4.076429422952452E-005  3.925643697073136E-005  3.846879236430367E-005  3.765620453413648E-005  3.681474031839283E-005  3.593715660813395E-005  3.500952133852219E-005  3.287037105741243E-005  3.148708283766157E-005  2.948711316106291E-005
   685.000095966390       7.278739956477191E-005  7.040466134293259E-005  6.786599658667806E-005  6.514452271773930E-005  6.219228896178377E-005  5.894302463453895E-005  5.528436060653442E-005  5.324530684476784E-005  5.102286079830878E-005  4.857022743699376E-005  4.696327088951352E-005  4.582578371104521E-005  4.400721021392882E-005  4.271184744125173E-005  4.063061840879736E-005  3.914260798536437E-005  3.836541017801260E-005  3.756345759525278E-005  3.673274379539316E-005  3.586583435896453E-005  3.494865319745933E-005  3.282891435222709E-005  3.145432382421681E-005  2.946134991172460E-005
   687.000096246584       7.309451560794768E-005  7.071385810287250E-005  6.817631177365570E-005  6.545339833647056E-005  6.250260889210090E-005  5.925172378464145E-005  5.558711858089958E-005  5.354282075531947E-005  5.131354095846707E-005  4.885110014687215E-005  4.723562942734350E-005  4.609161865455040E-005  4.426108301970595E-005  4.295618695772825E-005  4.085807150219439E-005  3.935700677655812E-005  3.857278901706536E-005  3.776360866860620E-005  3.692552476839907E-005  3.605130475434510E-005  3.512700553087313E-005  3.299421514162969E-005  3.161401924637150E-005  2.961716853765632E-005
   689.000096526778       7.311523769033853E-005  7.073615488946990E-005  6.821198505595372E-005  6.550003983061550E-005  6.256008382255977E-005  5.931746647052573E-005  5.565891644042605E-005  5.361847465342725E-005  5.139234089518527E-005  4.893179833669361E-005  4.731754146662268E-005  4.617407313504133E-005  4.434440793782698E-005  4.304037206012741E-005  4.094421095746322E-005  3.944483420910631E-005  3.866166934775412E-005  3.785371817495933E-005  3.701699380682761E-005  3.614416484127240E-005  3.522130358521551E-005  3.309157044717871E-005  3.171335155402827E-005  2.971963705558936E-005
   691.000096806972       7.299119967731073E-005  7.062972153641994E-005  6.811076973040613E-005  6.540931179602944E-005  6.247968482155657E-005  5.924911407494460E-005  5.560447878827033E-005  5.357121084427269E-005  5.135226594280056E-005  4.890073286792303E-005  4.729238785457358E-005  4.615356613600008E-005  4.433149326791208E-005  4.303315640890132E-005  4.094631506450874E-005  3.945397442781723E-005  3.867452970196922E-005  3.787032713405731E-005  3.703738217738131E-005  3.616829018652291E-005  3.524902235393451E-005  3.312585112019211E-005  3.175041890302547E-005  2.975865239245161E-005
   693.000097087165       7.294517302554950E-005  7.058927980684939E-005  6.808837771603269E-005  6.539763690592929E-005  6.247674013552930E-005  5.925872101085120E-005  5.562649415698528E-005  5.359963362931373E-005  5.138676104531818E-005  4.894167303230923E-005  4.733728369032724E-005  4.620083047203345E-005  4.438257959797885E-005  4.308684669259502E-005  4.100395132884036E-005  3.951430325800400E-005  3.873620685501844E-005  3.793329617499285E-005  3.710165605163849E-005  3.623382307906137E-005  3.531571858174532E-005  3.319458373185395E-005  3.182005623108321E-005  2.982906960134772E-005
   695.000097367359       7.291092542741905E-005  7.056759775888165E-005  6.806949726579176E-005  6.539059386666468E-005  6.247877375502214E-005  5.926784465876051E-005  5.564530666002683E-005  5.362308090917297E-005  5.141593463549252E-005  4.897656336036379E-005  4.737600165029892E-005  4.624216676628838E-005  4.442799767535292E-005  4.313472331698911E-005  4.105556963876215E-005  3.956802024171030E-005  3.879081735073087E-005  3.798871219208970E-005  3.715773048751765E-005  3.629042698602804E-005  3.537279961151836E-005  3.325221595161329E-005  3.187760094387587E-005  2.988571042314739E-005
   697.000097647553       7.284648834244236E-005  7.051460452392503E-005  6.802776541192261E-005  6.536203279122856E-005  6.246629946899387E-005  5.927151797104114E-005  5.566257949196798E-005  5.364777980585364E-005  5.144791600359231E-005  4.901559534920322E-005  4.741928546009382E-005  4.628871925480345E-005  4.447939909345749E-005  4.318950666891691E-005  4.111600371069095E-005  3.963277407115621E-005  3.885792318766225E-005  3.805819032279305E-005  3.722965983225348E-005  3.636490809666281E-005  3.544977481355620E-005  3.333418399089957E-005  3.196249637021841E-005  2.997488708865254E-005
   699.000097927747       7.290853508198884E-005  7.057688605632633E-005  6.809922321306270E-005  6.543314125391321E-005  6.254214822892651E-005  5.935122905948021E-005  5.574507860301453E-005  5.373185831275704E-005  5.153228994813232E-005  4.910050012894216E-005  4.750408026313094E-005  4.637289270914167E-005  4.456239475807419E-005  4.327158568900542E-005  4.119576645319839E-005  3.971036653519966E-005  3.893425511831074E-005  3.813326380588307E-005  3.730344131294427E-005  3.643728367366945E-005  3.552077991767808E-005  3.340244661487256E-005  3.202915556289528E-005  3.003919125343046E-005
   701.000098207941       7.195398182965028E-005  6.965411813076076E-005  6.720639030049980E-005  6.457807438697647E-005  6.172918604592288E-005  5.858131787348869E-005  5.503268047696518E-005  5.305374393355004E-005  5.089564338913512E-005  4.851377030224129E-005  4.695372302635883E-005  4.585007209123729E-005  4.408681522386371E-005  4.283178762686025E-005  4.081716702661784E-005  3.937709122641473E-005  3.862461752951607E-005  3.784756118534055E-005  3.704160165383838E-005  3.619888274015745E-005  3.530488764652705E-005  3.322742190393897E-005  3.187173894219332E-005  2.989481681824447E-005
   703.000098488135       7.248195123862098E-005  7.018114829267400E-005  6.773129322583101E-005  6.509619322443292E-005  6.223685296997925E-005  5.908017939374687E-005  5.551366383244062E-005  5.352146129053460E-005  5.134729021971564E-005  4.894370033856970E-005  4.736684109388242E-005  4.624968362188001E-005  4.446280671719584E-005  4.318927386671415E-005  4.114233141755607E-005  3.967795167657573E-005  3.891276546015718E-005  3.812274750776834E-005  3.730389806061456E-005  3.644856808703940E-005  3.554255902907307E-005  3.344387724657439E-005  3.207974527157060E-005  3.009804062171691E-005
   705.000098768329       7.264733966042141E-005  7.034826469459288E-005  6.790352569404327E-005  6.527335167438491E-005  6.241593104545814E-005  5.926036241754534E-005  5.569301838296888E-005  5.370057827194662E-005  5.152338814789931E-005  4.911497619620459E-005  4.753404976959116E-005  4.641370775341203E-005  4.462082330916980E-005  4.334284713010787E-005  4.128776608322861E-005  3.981742313209866E-005  3.904913510988876E-005  3.825599129744724E-005  3.743402636503759E-005  3.657566320381795E-005  3.566674696800155E-005  3.356287498567034E-005  3.219675564875787E-005  3.021441499265488E-005
   707.000099048522       7.251031432294642E-005  7.022092123582519E-005  6.778106587781214E-005  6.516086823171270E-005  6.231493480776752E-005  5.916974306172101E-005  5.561529167930707E-005  5.362921047757197E-005  5.145983464643469E-005  4.906158253072552E-005  4.748734253791644E-005  4.637229682702585E-005  4.458820815969888E-005  4.331680483812429E-005  4.127292211128412E-005  3.981091347219045E-005  3.904687744727854E-005  3.825810789923982E-005  3.744048602955365E-005  3.658638714498528E-005  3.568153152023994E-005  3.358499163651079E-005  3.222182669141799E-005  3.024097411165919E-005
   709.000099328716       7.245648721596425E-005  7.017325428405873E-005  6.774437886739749E-005  6.513063013129040E-005  6.229054307922143E-005  5.915367153470458E-005  5.560842383943006E-005  5.362636451460538E-005  5.146255510451055E-005  4.906963138928589E-005  4.749912293876403E-005  4.638663721056148E-005  4.460702646547546E-005  4.333890702603928E-005  4.130057150514474E-005  3.984285666538809E-005  3.908115638313593E-005  3.829482116007741E-005  3.747974470023494E-005  3.662823240013383E-005  3.572599570396489E-005  3.363467272330878E-005  3.227434488479516E-005  3.029708546211504E-005
   711.000099608910       7.163039139490873E-005  6.941272563563737E-005  6.704823091218729E-005  6.450290404283347E-005  6.173569404197433E-005  5.867164149793890E-005  5.520472004665127E-005  5.326566873482646E-005  5.114694285622218E-005  4.880271003004831E-005  4.726336334559787E-005  4.617303303872993E-005  4.442784827031493E-005  4.318357658988675E-005  4.118229959191956E-005  3.974904245898665E-005  3.899932442053014E-005  3.822465965778059E-005  3.742079178050391E-005  3.657988016210385E-005  3.568759898389509E-005  3.361416095385653E-005  3.226191033956830E-005  3.029219479154178E-005
   713.000099889104       7.193249446233776E-005  6.968685140397281E-005  6.729537253761272E-005  6.472384738238954E-005  6.192935444491530E-005  5.884024329657546E-005  5.534876969197293E-005  5.339779142686651E-005  5.126681841488099E-005  4.890934073334521E-005  4.736213514665155E-005  4.626583015756481E-005  4.451184109657221E-005  4.326146915703281E-005  4.125107392962609E-005  3.981218452109698E-005  3.905985583386214E-005  3.828277557059139E-005  3.747671166915988E-005  3.663392016068503E-005  3.573999977296659E-005  3.366392501639775E-005  3.231054781356306E-005  3.033976233074787E-005
   715.000100169298       7.187037557030489E-005  6.963246874050073E-005  6.724877021782926E-005  6.468771561845540E-005  6.190471286612592E-005  5.882776693983523E-005  5.534833343414000E-005  5.340457208377780E-005  5.128053253140101E-005  4.892982721148940E-005  4.738667925786564E-005  4.629317424744864E-005  4.454331064436806E-005  4.329554744773197E-005  4.128899268409972E-005  3.985260680615012E-005  3.910156986242891E-005  3.832573120013622E-005  3.752094936185170E-005  3.667944228254888E-005  3.578685246632390E-005  3.371365844123678E-005  3.236202005003248E-005  3.039364256078991E-005
   717.000100449492       7.174426059834753E-005  6.951607356713237E-005  6.713971796217662E-005  6.458408521155194E-005  6.181043559972458E-005  5.874463342782823E-005  5.527719013607022E-005  5.333936105757351E-005  5.122285987271074E-005  4.888200407971147E-005  4.734633291693944E-005  4.625830693725145E-005  4.451831558010366E-005  4.327817467256010E-005  4.128498897671285E-005  3.985883349090415E-005  3.911317705968715E-005  3.834292007910830E-005  3.754373597098926E-005  3.670786432194443E-005  3.582079805782204E-005  3.375834994867826E-005  3.241216593531126E-005  3.044961815168175E-005
   719.000100729685       7.124352375447676E-005  6.903130145359716E-005  6.666741897747979E-005  6.413063406460892E-005  6.137289909166857E-005  5.833008310462262E-005  5.488959126240276E-005  5.296814715148560E-005  5.087075840531816E-005  4.855388657734685E-005  4.703564297596938E-005  4.596102033035142E-005  4.424378449761097E-005  4.302146127771849E-005  4.105859252146377E-005  3.965504846271557E-005  3.892123461555631E-005  3.816296777878272E-005  3.737581560514074E-005  3.655163817151435E-005  3.567572018883477E-005  3.363284468174515E-005  3.229394441631797E-005  3.033354546420372E-005
   721.000101009879       7.164914552985179E-005  6.943732247552620E-005  6.707659724771260E-005  6.453914355424236E-005  6.178488009035882E-005  5.873643945701604E-005  5.528770941256842E-005  5.336019413140067E-005  5.125343267577691E-005  4.892379881408745E-005  4.739403960202464E-005  4.631010720639649E-005  4.457528957976142E-005  4.333842615725410E-005  4.134902410248683E-005  3.992421848052938E-005  3.917887949793585E-005  3.840860847769340E-005  3.760919368428969E-005  3.677279120293740E-005  3.588495468095681E-005  3.381991408508519E-005  3.247116757245509E-005  3.050353824861955E-005
   723.000101290073       7.167002157157265E-005  6.945791845533767E-005  6.709499641930241E-005  6.455794561426270E-005  6.180141263435366E-005  5.874970994887905E-005  5.529697360001569E-005  5.336624747918488E-005  5.125800443302422E-005  4.892704355840535E-005  4.739792944382482E-005  4.631533592038624E-005  4.458426772182331E-005  4.335125105459389E-005  4.137007417791447E-005  3.995286732537841E-005  3.921185091323401E-005  3.844624123496356E-005  3.765166473496746E-005  3.682016240142495E-005  3.593717961297343E-005  3.388143644672443E-005  3.253734298807395E-005  3.057437221088088E-005
   725.000101570267       7.170409391650653E-005  6.951101064576790E-005  6.717428311830939E-005  6.465804722298673E-005  6.191662419017423E-005  5.888402529724371E-005  5.544853074876520E-005  5.352486046351072E-005  5.142263504861529E-005  4.909547828886370E-005  4.756700411401378E-005  4.648443702940105E-005  4.475171056794825E-005  4.351665897905971E-005  4.153095020676435E-005  4.010966388988215E-005  3.936647247257110E-005  3.859860553909566E-005  3.780178912178172E-005  3.696816266620732E-005  3.608323759900368E-005  3.402489779107015E-005  3.268101131122475E-005  3.072150599573085E-005
   727.000101850461       7.185479771424357E-005  6.965774276432666E-005  6.731404888342855E-005  6.479385323504810E-005  6.204747019775086E-005  5.901047912398402E-005  5.556883419268291E-005  5.364251658839218E-005  5.153634211864093E-005  4.920472189775562E-005  4.767339374127024E-005  4.658803825761575E-005  4.485105239320049E-005  4.361265954858486E-005  4.162091789788659E-005  4.019499494443289E-005  3.944930020518067E-005  3.867886125759287E-005  3.787946130988873E-005  3.704332131069802E-005  3.615602219839498E-005  3.409346651786828E-005  3.274761565409059E-005  3.078588329589769E-005
   729.000102130655       7.105214698354613E-005  6.888226874478907E-005  6.656565773021515E-005  6.407700971272054E-005  6.136794386319558E-005  5.837187462163300E-005  5.498196913392923E-005  5.308608858407137E-005  5.101551530989209E-005  4.872609472453057E-005  4.722457925646264E-005  4.616138294754921E-005  4.446181774513068E-005  4.325134075879160E-005  4.130670497325087E-005  3.991556515763597E-005  3.918796476057765E-005  3.843594059179706E-005  3.765495239384819E-005  3.683693939799900E-005  3.596718842139653E-005  3.393710622559843E-005  3.260578843573589E-005  3.065589378060967E-005
   731.000102410849       7.150932408307969E-005  6.933207944141683E-005  6.700863197998823E-005  6.450867363812500E-005  6.179132330200510E-005  5.877931037982936E-005  5.536801919501103E-005  5.345922569500600E-005  5.137254868481129E-005  4.906417223685317E-005  4.754825683528207E-005  4.647442208639565E-005  4.475560768260281E-005  4.353045763021637E-005  4.155958921798230E-005  4.014826250925271E-005  3.940991519328720E-005  3.864670783958788E-005  3.785434981581772E-005  3.702491800468728E-005  3.614386555138832E-005  3.409174411887139E-005  3.274933314204385E-005  3.078769426686083E-005
   733.000102691042       7.136807399533973E-005  6.921014265328523E-005  6.690900006977119E-005  6.442796150339670E-005  6.172907494666971E-005  5.874166893011166E-005  5.535457462943254E-005  5.345823648348818E-005  5.138411962477961E-005  4.908717605609321E-005  4.757786123008942E-005  4.650815836582834E-005  4.479498236852905E-005  4.357329476081794E-005  4.160727147034920E-005  4.019887631685741E-005  3.946198051697066E-005  3.870032367504630E-005  3.790953411773322E-005  3.708179572071219E-005  3.620261034274147E-005  3.415526879114080E-005  3.281665640661242E-005  3.086214979123412E-005
   735.000102971236       7.167491017167349E-005  6.951020741653488E-005  6.719543729539553E-005  6.470424813564184E-005  6.199420220717179E-005  5.899154888761497E-005  5.558445824110508E-005  5.367581366521292E-005  5.158822261129807E-005  4.927586296414606E-005  4.775665874043869E-005  4.668017195246945E-005  4.495640650915100E-005  4.372738454625202E-005  4.175049292562007E-005  4.033499423848048E-005  3.959454432792817E-005  3.882941298608264E-005  3.803525193220390E-005  3.720417180381666E-005  3.632177599927833E-005  3.426816037907615E-005  3.292625153770773E-005  3.096738678718070E-005
   737.000103251430       7.162210122663582E-005  6.946711395657264E-005  6.716678183709086E-005  6.469012645298366E-005  6.199391550630083E-005  5.900371520239730E-005  5.561149093668647E-005  5.370941903636838E-005  5.162903046714549E-005  4.932415381970782E-005  4.780947819944363E-005  4.673572373934658E-005  4.501674411001614E-005  4.379104258102933E-005  4.181933097956010E-005  4.040762134737689E-005  3.966925643039341E-005  3.890627662378919E-005  3.811442694569785E-005  3.728578495311336E-005  3.640594288745502E-005  3.435850573580193E-005  3.302119034353964E-005  3.107042471837001E-005
   739.000103531624       7.089770048358353E-005  6.876590455444278E-005  6.648982275318666E-005  6.404237439103539E-005  6.137346235730694E-005  5.841841509771093E-005  5.507234593651755E-005  5.319938883289828E-005  5.115230582482902E-005  4.888743870376544E-005  4.740133877610646E-005  4.634896759893419E-005  4.466538076356824E-005  4.346564547761048E-005  4.153734200028219E-005  4.015663420159266E-005  3.943413436384251E-005  3.868710559430637E-005  3.791103821522466E-005  3.709785255535678E-005  3.623295979424678E-005  3.421316133667077E-005  3.288806307050117E-005  3.094693778852520E-005
   741.000103811818       7.031850310501006E-005  6.821020085621329E-005  6.596677163576269E-005  6.354933025733828E-005  6.091559727199854E-005  5.800125841286769E-005  5.470273775070237E-005  5.285715908219992E-005  5.084114041752102E-005  4.861156834690932E-005  4.714820143958543E-005  4.611214158818489E-005  4.445399961111153E-005  4.327210748119506E-005  4.137079914080018E-005  4.000811554007391E-005  3.929446523594887E-005  3.855606039751989E-005  3.778838139068784E-005  3.698327161853795E-005  3.612611108671888E-005  3.412059453223694E-005  3.280181264898969E-005  3.086607684246200E-005
   743.000104092012       7.062883646839997E-005  6.853244174267453E-005  6.629003901874806E-005  6.387415076630060E-005  6.124396649407184E-005  5.832597873698770E-005  5.501522428730679E-005  5.316021237274636E-005  5.113047221451163E-005  4.888273517739215E-005  4.740663921993600E-005  4.636062295397248E-005  4.468687700142974E-005  4.349366330122593E-005  4.157533294089676E-005  4.020169732488680E-005  3.948286932049151E-005  3.873953162666120E-005  3.796713716489928E-005  3.715757680259655E-005  3.629614255624447E-005  3.428263027342591E-005  3.296044746387254E-005  3.102209084231747E-005
   745.000104372205       7.080450075134680E-005  6.869748284371499E-005  6.645211792636496E-005  6.403156127365364E-005  6.139351086608403E-005  5.847114698960113E-005  5.515437485038871E-005  5.329598499786465E-005  5.126286145594453E-005  4.901114206640598E-005  4.753228451357553E-005  4.648411751353808E-005  4.480660679186334E-005  4.361070446732537E-005  4.168732096543310E-005  4.030975108778459E-005  3.958882250805906E-005  3.884332219452249E-005  3.806876225482746E-005  3.725706370272755E-005  3.639358763357095E-005  3.437665120036397E-005  3.305335324107938E-005  3.111515469943890E-005
   747.000104652399       7.084634403137930E-005  6.876222318758768E-005  6.653000437837336E-005  6.412682833712982E-005  6.150649346471557E-005  5.859793046629864E-005  5.529079771799798E-005  5.343684879781012E-005  5.140614455729298E-005  4.915594742349267E-005  4.767659783297831E-005  4.662762623128883E-005  4.494765046005884E-005  4.374925145030434E-005  4.182079780974581E-005  4.043856336242445E-005  3.971499962677043E-005  3.896673562084155E-005  3.818925219355693E-005  3.737461392857558E-005  3.650823760338293E-005  3.448606378825496E-005  3.316078517644307E-005  3.122191904204500E-005
   749.000104932593       7.068319360615301E-005  6.860225241461947E-005  6.638097566071411E-005  6.398567186297177E-005  6.137245514541033E-005  5.847370346419226E-005  5.518249623182796E-005  5.333653905750838E-005  5.131589956021662E-005  4.907614382960319E-005  4.760399509178405E-005  4.655999201681127E-005  4.488818310999520E-005  4.369551657054600E-005  4.177657064470347E-005  4.040131040369726E-005  3.968140428990287E-005  3.893682368751567E-005  3.816320818389480E-005  3.735242690009450E-005  3.648996838478205E-005  3.447580203657357E-005  3.315466962808988E-005  3.122021910406877E-005
   751.000105212787       7.084674858804179E-005  6.876345390739346E-005  6.653855383442516E-005  6.413990384149274E-005  6.152545418080781E-005  5.862556475659291E-005  5.533009467626236E-005  5.348139766942653E-005  5.145726646327854E-005  4.921235784125757E-005  4.773600892013010E-005  4.668880217541345E-005  4.501126462959704E-005  4.381404985273659E-005  4.188666950695970E-005  4.050499008875303E-005  3.978170403578462E-005  3.903369538137042E-005  3.825665353406505E-005  3.744254045555680E-005  3.657691988334395E-005  3.455699560757719E-005  3.323347856300746E-005  3.129767207365363E-005
   753.000105492981       7.092022771734528E-005  6.883851791694297E-005  6.661604296072540E-005  6.421499156225725E-005  6.160000209868310E-005  5.869754978116472E-005  5.539738808324830E-005  5.354685145899170E-005  5.152112028221550E-005  4.927550831789820E-005  4.779923078595742E-005  4.675234829185834E-005  4.507578771805976E-005  4.387954762531196E-005  4.195431378863650E-005  4.057456680247833E-005  3.985231545113967E-005  3.910542169236755E-005  3.832942789613500E-005  3.751642264446399E-005  3.665195312539995E-005  3.463463160301589E-005  3.331279692090291E-005  3.137914300091925E-005
   755.000105773175       7.108990590034111E-005  6.901027779278386E-005  6.678597033920160E-005  6.439083528108474E-005  6.177550805860068E-005  5.887263828893126E-005  5.556968468260179E-005  5.371634391734702E-005  5.168577707753355E-005  4.943387736083908E-005  4.795310325745853E-005  4.690229925674822E-005  4.521933672878783E-005  4.401842067380061E-005  4.208538691416477E-005  4.070017319403432E-005  3.997518682546223E-005  3.922560511873445E-005  3.844706695204056E-005  3.763174386227408E-005  3.676523136005098E-005  3.474520819297268E-005  3.342333107739895E-005  3.149218046001874E-005
   757.000106053368       7.080019025056716E-005  6.872806179195309E-005  6.651750016841041E-005  6.413083177958696E-005  6.152627773213024E-005  5.863818961674082E-005  5.535493610820045E-005  5.351296248326699E-005  5.149634168162938E-005  4.926084933956894E-005  4.779172551318398E-005  4.675027639761344E-005  4.508247164706322E-005  4.389333108151415E-005  4.197993931436106E-005  4.060928009098123E-005  3.989178215812444E-005  3.914988264062094E-005  3.837905951430307E-005  3.757132233045172E-005  3.671212209665204E-005  3.470548294620408E-005  3.338938586882935E-005  3.146239543181557E-005
   759.000106333562       7.080052382780383E-005  6.873801377734472E-005  6.653341670031016E-005  6.415717068630105E-005  6.156438169047301E-005  5.868454419574465E-005  5.541129841302398E-005  5.357429276932621E-005  5.156205637934801E-005  4.933055976978755E-005  4.786305700745361E-005  4.682234319304952E-005  4.515501702167972E-005  4.396529858503933E-005  4.204998558362630E-005  4.067695431172771E-005  3.995815722393058E-005  3.921474571121274E-005  3.844242897470979E-005  3.763319251330494E-005  3.677260009240608E-005  3.476387597841459E-005  3.344739711460370E-005  3.152145860736642E-005
   761.000106613756       7.062092769503490E-005  6.856365752010748E-005  6.637256226577756E-005  6.400750720889940E-005  6.142516993459728E-005  5.855657887226330E-005  5.529752230134685E-005  5.346878628745611E-005  5.146585791829083E-005  4.924597886707021E-005  4.778656076051210E-005  4.675184709854739E-005  4.509519312368852E-005  4.391353047426450E-005  4.201256593521686E-005  4.065065714747764E-005  3.993778564042483E-005  3.920053542722462E-005  3.843445493847489E-005  3.763149561495172E-005  3.677712824510366E-005  3.478070594759299E-005  3.347067407334962E-005  3.155210965340589E-005
   763.000106893950       7.074027781790730E-005  6.869587619292756E-005  6.650980256838786E-005  6.415140851555673E-005  6.157516037259912E-005  5.871461973272116E-005  5.545952050347830E-005  5.363160373270212E-005  5.162893311588020E-005  4.940672777905469E-005  4.794493568090842E-005  4.690743499306184E-005  4.524519728525191E-005  4.405870003509676E-005  4.214762413293611E-005  4.077709288097060E-005  4.005947492424041E-005  3.931719466642393E-005  3.854589757884835E-005  3.773771876807607E-005  3.687827325334279E-005  3.487261157739234E-005  3.355860183377262E-005  3.163711220943838E-005
   765.000107174144       7.050594650791087E-005  6.847256899565390E-005  6.630065511605781E-005  6.395573711759818E-005  6.139530935166888E-005  5.855097142137470E-005  5.531503286874894E-005  5.349910999050280E-005  5.150806988535365E-005  4.929936428898279E-005  4.784697336484148E-005  4.681688528622518E-005  4.516648493789691E-005  4.398869877927606E-005  4.209285644132066E-005  4.073355832217527E-005  4.002169027440787E-005  3.928531837854688E-005  3.851993781348456E-005  3.771755361532439E-005  3.686368418004971E-005  3.486827374425658E-005  3.355886987549530E-005  3.164114500847910E-005
   767.000107454338       6.966065690025380E-005  6.766185379846406E-005  6.552542105385616E-005  6.321725757989433E-005  6.070043950336468E-005  5.790512641841634E-005  5.472797597352015E-005  5.294521894103830E-005  5.099304975924476E-005  4.882941535591409E-005  4.740728796446844E-005  4.639884224927171E-005  4.478463915014428E-005  4.363324980770951E-005  4.177981294124115E-005  4.045057977321801E-005  3.975411624322847E-005  3.903310567967681E-005  3.828303079609390E-005  3.749563629439450E-005  3.665631771003014E-005  3.468839588100740E-005  3.339190591037948E-005  3.148651219398128E-005
   769.000107734532       7.015921181050500E-005  6.815909938830233E-005  6.601665051102904E-005  6.370497105153497E-005  6.117885261599212E-005  5.837237268426380E-005  5.517573319323901E-005  5.337998573822267E-005  5.141149262663320E-005  4.922688693170278E-005  4.778988642420977E-005  4.677028850791329E-005  4.513684678891890E-005  4.397096870481913E-005  4.209379083473456E-005  4.074768708443284E-005  4.004256126119446E-005  3.931292596534170E-005  3.855427056496631E-005  3.775856377515387E-005  3.691132491654066E-005  3.492927084689514E-005  3.362734694509006E-005  3.171929127200415E-005
   771.000108014725       6.999231753056796E-005  6.799240139033137E-005  6.585104023780371E-005  6.354162858287898E-005  6.102055770105556E-005  5.821921257008845E-005  5.503143868629725E-005  5.324038324324217E-005  5.127798601899972E-005  4.910097685651528E-005  4.766869067487093E-005  4.665248909769796E-005  4.502421025324681E-005  4.386204002296763E-005  4.199033217341605E-005  4.064750225337847E-005  3.994391639812835E-005  3.921565381537082E-005  3.845828366764060E-005  3.766365906118042E-005  3.681727792906398E-005  3.483591534307562E-005  3.353297612953230E-005  3.162123131302848E-005
   773.000108294919       7.024584463983627E-005  6.823950248004716E-005  6.609362086394904E-005  6.377342666699614E-005  6.123985762045466E-005  5.842308635373041E-005  5.521822503576423E-005  5.341755228454031E-005  5.144379119932425E-005  4.925465849577552E-005  4.781477264304996E-005  4.679387822193285E-005  4.515870855438060E-005  4.399198231205358E-005  4.211425119690147E-005  4.076833281174234E-005  4.006343887571740E-005  3.933415432329974E-005  3.857590884358054E-005  3.778065162363645E-005  3.693377318890757E-005  3.495174328194689E-005  3.364874092831637E-005  3.173707294380423E-005
   775.000108575113       6.978827164026612E-005  6.780366087953495E-005  6.567869324647451E-005  6.338616763404454E-005  6.088133422995520E-005  5.809993126153786E-005  5.493296261376308E-005  5.315553655204272E-005  5.120771013886077E-005  4.904808922164784E-005  4.762798938987362E-005  4.662069916868489E-005  4.500753791079687E-005  4.385665748283933E-005  4.200335111997069E-005  4.067419116937305E-005  3.997779330864997E-005  3.925689886240412E-005  3.850696107374374E-005  3.771993313597919E-005  3.688125256906272E-005  3.491598887017603E-005  3.362223882667428E-005  3.172198229554250E-005
   777.000108855307       6.915498498772494E-005  6.722857763495295E-005  6.516876135310271E-005  6.293969666470980E-005  6.050279474615759E-005  5.778660139445890E-005  5.469079798129833E-005  5.294877262716564E-005  5.103770970041814E-005  4.891473072976727E-005  4.751685461777898E-005  4.652443131529965E-005  4.493264805537900E-005  4.379563634861264E-005  4.196230804819034E-005  4.064540600620268E-005  3.995476798168823E-005  3.923950771071385E-005  3.849503039885419E-005  3.771328420890622E-005  3.687978814002103E-005  3.492535892067473E-005  3.363804412131287E-005  3.174682496649657E-005
   779.000109135501       7.027445475858476E-005  6.829172710501103E-005  6.616859937504533E-005  6.387293680779936E-005  6.136454601074125E-005  5.857281664332469E-005  5.539209741600295E-005  5.360231698360993E-005  5.163876783144319E-005  4.945857482347928E-005  4.802280548271726E-005  4.700360501004257E-005  4.536984262090579E-005  4.420318266056638E-005  4.232323426628978E-005  4.097440908543253E-005  4.026769798523650E-005  3.953651053701411E-005  3.877632872649842E-005  3.797930945773525E-005  3.713105676751188E-005  3.514874147470855E-005  3.384812330896043E-005  3.194381069628416E-005
   781.000109415695       7.004205641195954E-005  6.806997578689560E-005  6.595807840505059E-005  6.367931750093933E-005  6.118492013072122E-005  5.841082864458016E-005  5.524667765315272E-005  5.346722889151396E-005  5.151522555429064E-005  4.934884861075841E-005  4.792261998917821E-005  4.691062270733862E-005  4.528909331730519E-005  4.413173478824009E-005  4.226864817979368E-005  4.093267296103657E-005  4.023293037032577E-005  3.950882734202775E-005  3.875593162754375E-005  3.796619478629343E-005  3.712516371645398E-005  3.515712684861354E-005  3.386409449009039E-005  3.196848714803253E-005
   783.000109695888       6.957296388644134E-005  6.762070771445858E-005  6.553628046630599E-005  6.328476515468813E-005  6.082035004801761E-005  5.808002851567370E-005  5.495562634637601E-005  5.319911689785787E-005  5.127229838184894E-005  4.913360987749701E-005  4.772591701716126E-005  4.672680106495934E-005  4.512574467956480E-005  4.398260905915166E-005  4.214140835277862E-005  4.082029767000874E-005  4.012792253266262E-005  3.941109674430959E-005  3.866531062205036E-005  3.788242888671356E-005  3.704799183729102E-005  3.509222968833029E-005  3.380477612687864E-005  3.191422351895551E-005
   785.000109976082       6.952223883367354E-005  6.757967475403799E-005  6.550176016384369E-005  6.325436659029644E-005  6.080001489938582E-005  5.806315068314055E-005  5.494502632492128E-005  5.319095998341033E-005  5.126652368103987E-005  4.913009131858307E-005  4.772402369268845E-005  4.672643738676187E-005  4.512807023357239E-005  4.398716624408554E-005  4.214978320791275E-005  4.083178485824146E-005  4.014110799722089E-005  3.942609683646342E-005  3.868216193130136E-005  3.790119278747723E-005  3.706864523172210E-005  3.511632308664656E-005  3.383033227290883E-005  3.194049132699874E-005
   787.000110256276       6.973127252593957E-005  6.780365223115319E-005  6.573037355527183E-005  6.349194120762416E-005  6.103962281183602E-005  5.830639878014627E-005  5.518550114779630E-005  5.342740887217473E-005  5.149750102512000E-005  4.935282163531814E-005  4.794019577999557E-005  4.693708693004873E-005  4.532908966715720E-005  4.418062468572170E-005  4.233027334855930E-005  4.100233167350372E-005  4.030639103441567E-005  3.958611400032843E-005  3.883694896900579E-005  3.805083385115608E-005  3.721340905663989E-005  3.525307498660133E-005  3.396469459182970E-005  3.207548657159621E-005
   789.000110536470       6.961156800514670E-005  6.769114275493188E-005  6.563034484165592E-005  6.340178411504417E-005  6.096137396262712E-005  5.824008707744193E-005  5.513078795954259E-005  5.337857888754251E-005  5.145568085988041E-005  4.931833429944386E-005  4.790990597485910E-005  4.690983734619188E-005  4.530703068582022E-005  4.416220345305656E-005  4.231783072271299E-005  4.099438401218337E-005  4.030080390604949E-005  3.958278508971961E-005  3.883585444560769E-005  3.805193764033819E-005  3.721659663668240E-005  3.525981086233658E-005  3.397265436694169E-005  3.208362012511983E-005
   791.000110816664       6.940221351563533E-005  6.748498628157820E-005  6.543079234828143E-005  6.321002832130873E-005  6.077725075914790E-005  5.806671486359133E-005  5.497031977312250E-005  5.322641416410637E-005  5.131239942731694E-005  4.918619395714464E-005  4.778642533780673E-005  4.679298308775248E-005  4.520120764742111E-005  4.406516888039599E-005  4.223600855943148E-005  4.092402132552055E-005  4.023651414329667E-005  3.952472250976318E-005  3.878408984328078E-005  3.800644660254260E-005  3.717722026922579E-005  3.523204502396358E-005  3.395038027990963E-005  3.206613337429943E-005
   793.000111096858       6.860600668843858E-005  6.671902680195228E-005  6.469668724962942E-005  6.251306930605681E-005  6.012466787251231E-005  5.746362201560211E-005  5.442790511294079E-005  5.272028538654101E-005  5.084703650042247E-005  4.876687255171034E-005  4.739843300060896E-005  4.642762259216839E-005  4.487264004164302E-005  4.376288163684001E-005  4.197536220111551E-005  4.069229004062589E-005  4.001937313629744E-005  3.932212675642839E-005  3.859581705198280E-005  3.783223895963131E-005  3.701672454560954E-005  3.509800483130046E-005  3.382952953627046E-005  3.195971613473346E-005
   795.000111377051       6.885347824226560E-005  6.697015595562487E-005  6.495135796417463E-005  6.277123234148150E-005  6.038244408055048E-005  5.771734728832771E-005  5.467355966923108E-005  5.295875730158374E-005  5.107463234709223E-005  4.898088689813189E-005  4.760125569829167E-005  4.662188200287742E-005  4.505190029087201E-005  4.393070553602389E-005  4.212411989798207E-005  4.082718521757054E-005  4.014718600590193E-005  3.944285215125718E-005  3.870956884848325E-005  3.793917649133801E-005  3.711713270077702E-005  3.518617367460610E-005  3.391185494194511E-005  3.203608840638293E-005
   797.000111657245       6.955773287288683E-005  6.764680301345832E-005  6.559690227475717E-005  6.338367231816036E-005  6.095672177492088E-005  5.825183337979217E-005  5.516065367644548E-005  5.341956388236605E-005  5.150640126344495E-005  4.937992322027814E-005  4.797874102742389E-005  4.698390447407981E-005  4.538843914762168E-005  4.424916885114082E-005  4.241343235718044E-005  4.109610834697638E-005  4.040578747736485E-005  3.969123468007982E-005  3.894802168967559E-005  3.816809710275963E-005  3.733711067631655E-005  3.539095021223553E-005  3.411118665716249E-005  3.223351793214915E-005
   799.000111937439       6.931604572353799E-005  6.743360909796201E-005  6.541787865759982E-005  6.323338650145719E-005  6.083546554514425E-005  5.815965590174441E-005  5.509874278984646E-005  5.337153066009606E-005  5.147364624709638E-005  4.936135930050153E-005  4.796864721605184E-005  4.697936036772245E-005  4.539236861748499E-005  4.425830516999661E-005  4.243019904416358E-005  4.111760430378604E-005  4.042949012605920E-005  3.971702471181158E-005  3.897567723987372E-005  3.819748122031322E-005  3.736805992018370E-005  3.542462563588707E-005  3.414622017195889E-005  3.227032122477696E-005
   801.000112217633       6.911892151321491E-005  6.723268772055488E-005  6.520676018233284E-005  6.301824493483180E-005  6.062048153321990E-005  5.794903781449182E-005  5.489648515351395E-005  5.317716730525369E-005  5.128937110659827E-005  4.919120399074638E-005  4.780847478936273E-005  4.682667927972474E-005  4.525223063572247E-005  4.412748358130490E-005  4.231457091178168E-005  4.101297470905477E-005  4.033060494704149E-005  3.962396180068691E-005  3.888856414885222E-005  3.811636124048841E-005  3.729295753379331E-005  3.536154897955601E-005  3.408909242641019E-005  3.221903695147768E-005
   803.000112497827       6.901022060733300E-005  6.712889890434543E-005  6.511392412163032E-005  6.293472627438269E-005  6.054579378983459E-005  5.787984967332413E-005  5.483519183155089E-005  5.311991177038302E-005  5.123590098617165E-005  4.914297514735599E-005  4.776464484545199E-005  4.678621212983937E-005  4.521839118291116E-005  4.409900778529383E-005  4.229623871756193E-005  4.100246973622502E-005  4.032429214651632E-005  3.962195936344868E-005  3.889088143585296E-005  3.812293527130473E-005  3.730374329660585E-005  3.538050166930411E-005  3.411223619166672E-005  3.224651599122051E-005
   805.000112778021       6.887476802831079E-005  6.699771459740846E-005  6.498943086392887E-005  6.281828137770165E-005  6.043816726673530E-005  5.778548637286473E-005  5.475448159966291E-005  5.304765601059114E-005  5.117373436701570E-005  4.909065442152742E-005  4.771870878150475E-005  4.674482612199278E-005  4.518358262131127E-005  4.406862049347041E-005  4.227197719781055E-005  4.098220434702640E-005  4.030596725426400E-005  3.960555987904094E-005  3.887641053807192E-005  3.811043141598003E-005  3.729312246074932E-005  3.537368755746977E-005  3.410733976350936E-005  3.224381068183542E-005
   807.000113058214       6.906291002836915E-005  6.719468645800537E-005  6.519096747427610E-005  6.301997782288691E-005  6.064310870853140E-005  5.798858808395477E-005  5.495216485366019E-005  5.323974540242965E-005  5.135849566414352E-005  4.926596880321060E-005  4.788665343347325E-005  4.690722044934890E-005  4.533665918733886E-005  4.421488572187617E-005  4.240715464139886E-005  4.110977263567389E-005  4.042972418507253E-005  3.972558365906998E-005  3.899273759520159E-005  3.822322540022575E-005  3.740263471271297E-005  3.547760365691834E-005  3.420942587260271E-005  3.234564913432862E-005
   809.000113338408       6.868077641729232E-005  6.682071242862121E-005  6.482287994061783E-005  6.266928118184927E-005  6.030641311264854E-005  5.766965258482153E-005  5.465740530739176E-005  5.296063573143178E-005  5.109711591215118E-005  4.902661441384287E-005  4.766271399020065E-005  4.669475889749868E-005  4.514281087293712E-005  4.403455750907418E-005  4.224897537603999E-005  4.096710404269310E-005  4.029492592392196E-005  3.959866192904063E-005  3.887367943637431E-005  3.811186797938559E-005  3.729877127562469E-005  3.538800687014661E-005  3.412632621181602E-005  3.226794429200450E-005
   811.000113618602       6.895975368703444E-005  6.710539035495146E-005  6.511766999981406E-005  6.296241531914116E-005  6.059890668436619E-005  5.796170012996366E-005  5.494383061393162E-005  5.324201523027838E-005  5.137118775489918E-005  4.928978970277343E-005  4.791732808807415E-005  4.694238803086175E-005  4.537816801051065E-005  4.426055807761378E-005  4.245849330385173E-005  4.116420470320043E-005  4.048554231370452E-005  3.978262191473928E-005  3.905093518805993E-005  3.828258349540364E-005  3.746324275805840E-005  3.554145508106559E-005  3.427570229896507E-005  3.241598333181821E-005
   813.000113898796       6.906449368937863E-005  6.720986052685031E-005  6.522222424178361E-005  6.307238792954868E-005  6.071041614360719E-005  5.807228902429992E-005  5.505337391437776E-005  5.334927189567865E-005  5.147613137146928E-005  4.939030613171630E-005  4.801440967646774E-005  4.703654589134819E-005  4.546735281480516E-005  4.434565772711303E-005  4.253651503858510E-005  4.123690371643790E-005  4.055551796229531E-005  3.984989956704124E-005  3.911563439299876E-005  3.834482746489258E-005  3.752319095256630E-005  3.559785914340627E-005  3.433112754185316E-005  3.247191789576011E-005
   815.000114178990       6.890666011792063E-005  6.705940195155090E-005  6.508005261339049E-005  6.293627544340072E-005  6.058209026416698E-005  5.795424729149139E-005  5.494607326450732E-005  5.324871948565827E-005  5.138203647323230E-005  4.930475800925300E-005  4.793477960831471E-005  4.696154828167040E-005  4.540007761364401E-005  4.428418933967686E-005  4.248517947259116E-005  4.119334948516350E-005  4.051607519457498E-005  3.981475112609448E-005  3.908488565497128E-005  3.831849434972725E-005  3.750129321628589E-005  3.558468627831088E-005  3.432242315346493E-005  3.246783127401332E-005
   817.000114459184       6.881061338728877E-005  6.697226147516110E-005  6.500170780318193E-005  6.286507891769210E-005  6.052152253619205E-005  5.790303864981762E-005  5.490473654320952E-005  5.321237895858592E-005  5.135279708159033E-005  4.928253007657552E-005  4.791736157756493E-005  4.694730843846267E-005  4.539116513772072E-005  4.427889998124696E-005  4.248560010491976E-005  4.119749990564784E-005  4.052210174838130E-005  3.982256405261757E-005  3.909443858480579E-005  3.832976575213297E-005  3.751429756960234E-005  3.560146943641314E-005  3.434148722467816E-005  3.249006453681504E-005
   819.000114739378       6.743584731360058E-005  6.565418417315266E-005  6.374262321380301E-005  6.166915645107891E-005  5.939705728444062E-005  5.685925705602707E-005  5.395642741287390E-005  5.231905136487345E-005  5.052160078125203E-005  4.852224235691970E-005  4.720520833504699E-005  4.626997915346358E-005  4.476988090898964E-005  4.369802173643400E-005  4.196947279635572E-005  4.072680656059803E-005  4.007438232647364E-005  3.939783505914537E-005  3.869251261176328E-005  3.795017029527269E-005  3.715639694902512E-005  3.528474320172502E-005  3.404431219597993E-005  3.221189682776848E-005
   821.000115019571       6.778464832520427E-005  6.599043160484486E-005  6.406740624156335E-005  6.198308684261894E-005  5.969387162653325E-005  5.713902593517176E-005  5.421362650607452E-005  5.256411684213056E-005  5.075148861010493E-005  4.873619355557999E-005  4.740885398975461E-005  4.646670504153918E-005  4.495637555391101E-005  4.387811788162759E-005  4.214079416624509E-005  4.089333007916723E-005  4.023880156804629E-005  3.956041195384625E-005  3.885338769872455E-005  3.810949128670085E-005  3.731421475728338E-005  3.543951009265404E-005  3.419746765624496E-005  3.236267817348625E-005
   823.000115299765       6.770491907206001E-005  6.592217224427713E-005  6.401004142751516E-005  6.193685363220266E-005  5.966345838182776E-005  5.712102679433116E-005  5.421033001287386E-005  5.256751861812230E-005  5.076142310248307E-005  4.875133687031346E-005  4.742618588104958E-005  4.648528918237249E-005  4.497577340699214E-005  4.389697442897462E-005  4.215725058468230E-005  4.090691825155343E-005  4.025065121199704E-005  3.957025925850852E-005  3.886117400124779E-005  3.811523866162017E-005  3.731810355809562E-005  3.544081039035310E-005  3.419850619658644E-005  3.236576847983868E-005
   825.000115579959       6.786750182115105E-005  6.607954367427509E-005  6.415917326964160E-005  6.207961688175152E-005  5.979666700529724E-005  5.724396272944005E-005  5.432244329147347E-005  5.267416613797571E-005  5.086195205626336E-005  4.884611535119165E-005  4.751715923835244E-005  4.657335134031116E-005  4.505947599976929E-005  4.397776747935259E-005  4.223344724593137E-005  4.098006786192359E-005  4.032229138732645E-005  3.964046913184111E-005  3.892993125671112E-005  3.818261167901921E-005  3.738414494868574E-005  3.550414918345576E-005  3.426030425234590E-005  3.242519767983132E-005
   827.000115860153       6.850233736260655E-005  6.669325674879127E-005  6.474870809507147E-005  6.264344478436689E-005  6.033357427099105E-005  5.775123486001573E-005  5.479194864913329E-005  5.312177627209752E-005  5.128376069376119E-005  4.923742882921673E-005  4.788736719900464E-005  4.692775433910266E-005  4.538801628211140E-005  4.428734109302214E-005  4.251199850907748E-005  4.123651368190185E-005  4.056757517462023E-005  3.987466800335701E-005  3.915335728508389E-005  3.839563524094217E-005  3.758737087107637E-005  3.569044316042224E-005  3.444022711248760E-005  3.260226661256314E-005
   829.000116140347       6.833872440408878E-005  6.653781669601717E-005  6.460436912988137E-005  6.250940739753150E-005  6.020946683417696E-005  5.763772118016461E-005  5.469222545452226E-005  5.302900867059332E-005  5.119956901071681E-005  4.916282075352236E-005  4.781926129532766E-005  4.686453767675412E-005  4.533279733841610E-005  4.423799196104862E-005  4.247227624007957E-005  4.120370381642456E-005  4.053832219326839E-005  3.984895609478694E-005  3.913114479462752E-005  3.837689086750773E-005  3.757204572426405E-005  3.568176313176419E-005  3.443488842188032E-005  3.260046963693993E-005
   831.000116420541       6.780384420672035E-005  6.601705232300045E-005  6.409775214772014E-005  6.202077734453591E-005  5.973993095356941E-005  5.719330624510109E-005  5.427834448253387E-005  5.263486483108138E-005  5.082920060144526E-005  4.882115235303171E-005  4.749847202689339E-005  4.655924067203444E-005  4.505363285496977E-005  4.397849534807106E-005  4.224585043155647E-005  4.100152942993872E-005  4.034873241191496E-005  3.967212785160114E-005  3.896709943255278E-005  3.822551174073658E-005  3.743305157059407E-005  3.556637311590335E-005  3.433060668777865E-005  3.250604629076936E-005
   833.000116700734       6.724626771468617E-005  6.549044559480350E-005  6.360925987986784E-005  6.156944948674948E-005  5.932745332630803E-005  5.682332587637932E-005  5.395523487192064E-005  5.233754722625371E-005  5.055821758811466E-005  4.857831759888645E-005  4.727243494510571E-005  4.634459124156177E-005  4.485573529370720E-005  4.379111294150612E-005  4.207282523823272E-005  4.083667542569059E-005  4.018742410166337E-005  3.951410945281124E-005  3.881208434020576E-005  3.807335891733261E-005  3.728362129823943E-005  3.542266995423036E-005  3.419022501134169E-005  3.237062618743672E-005
   835.000116980928       6.783295865081763E-005  6.605392916887656E-005  6.414684501524535E-005  6.208005539153859E-005  5.981239851857819E-005  5.727600625432143E-005  5.437083423557079E-005  5.273133659095191E-005  5.092813678662070E-005  4.892167744739837E-005  4.759889975935741E-005  4.665934984842499E-005  4.515253095376169E-005  4.407585006155743E-005  4.234014660656039E-005  4.109323981159434E-005  4.043907527568186E-005  3.976116836909404E-005  3.905491384910417E-005  3.831233527374898E-005  3.751913934549087E-005  3.565259177269081E-005  3.441839393901846E-005  3.259830530605799E-005
   837.000117261122       6.807417052228115E-005  6.628930781001810E-005  6.437446914833948E-005  6.230129279253169E-005  6.002241588807170E-005  5.747424980030215E-005  5.455317734021117E-005  5.290420092725187E-005  5.109020521612777E-005  4.907092309217098E-005  4.773859030854439E-005  4.679203110390872E-005  4.527332993620815E-005  4.418799855573039E-005  4.243792781236834E-005  4.118082110505513E-005  4.052147788294985E-005  3.983837323980794E-005  3.912697302641566E-005  3.837935268397015E-005  3.758135638106360E-005  3.570578728566526E-005  3.446738495518053E-005  3.264327139680514E-005
   839.000117541316       6.750871325966343E-005  6.574803935050911E-005  6.386077414153434E-005  6.181005773864346E-005  5.956176786961659E-005  5.704815345383535E-005  5.416840734332077E-005  5.254256680789319E-005  5.075396734828802E-005  4.876280399201543E-005  4.744953560639631E-005  4.651633537909629E-005  4.501873418287723E-005  4.394837663992212E-005  4.222234007294495E-005  4.098195110525603E-005  4.033103212295854E-005  3.965642206536911E-005  3.895342673553063E-005  3.821405918019952E-005  3.742402862858412E-005  3.556345131553418E-005  3.433208050866395E-005  3.251508753763640E-005
   841.000117821510       6.790642444936431E-005  6.613337873303114E-005  6.423000368176155E-005  6.216811406073169E-005  5.990254999524617E-005  5.736956722910600E-005  5.446586203042437E-005  5.282675593219964E-005  5.102361385988116E-005  4.901622784542774E-005  4.769225751397021E-005  4.675168026230754E-005  4.524264527277307E-005  4.416427013330433E-005  4.242588555626478E-005  4.117723921494074E-005  4.052232094058316E-005  3.984374085910953E-005  3.913696005117321E-005  3.839402482483498E-005  3.760070805975499E-005  3.573490697925811E-005  3.450220263050678E-005  3.268583727163647E-005
   843.000118101704       6.745957380130463E-005  6.569943371423287E-005  6.380853180960755E-005  6.176054850473312E-005  5.950965662064813E-005  5.699557165833709E-005  5.411731257137607E-005  5.249403912209951E-005  5.071097573461585E-005  4.872807770954066E-005  4.742202114095286E-005  4.649488316865520E-005  4.500849501159692E-005  4.394708739250388E-005  4.223655342011296E-005  4.100772763716260E-005  4.036285523151655E-005  3.969429677680172E-005  3.899736191270444E-005  3.826388138802548E-005  3.747953890190059E-005  3.562979913523247E-005  3.440364048830646E-005  3.259120244390418E-005
   845.000118381897       6.679482208566644E-005  6.507904182108179E-005  6.323602744605455E-005  6.123661607891391E-005  5.904196655441078E-005  5.658727468854221E-005  5.377508668215532E-005  5.218783818448456E-005  5.044259121952329E-005  4.849988239200913E-005  4.721907113330850E-005  4.630915498600653E-005  4.484933327886512E-005  4.380592241852362E-005  4.212219314931305E-005  4.091083245437584E-005  4.027443464134821E-005  3.961413608604611E-005  3.892519709679502E-005  3.819952662478015E-005  3.742286081556914E-005  3.558876325471588E-005  3.437143874144983E-005  3.257049048622761E-005
   847.000118662091       6.706687583523608E-005  6.532252749855995E-005  6.344783328661261E-005  6.141949855795408E-005  5.919396681326601E-005  5.670872020411779E-005  5.386499775280792E-005  5.226182370446775E-005  5.050060499827668E-005  4.854235418476119E-005  4.725244555763935E-005  4.633671990102287E-005  4.486886124767801E-005  4.382082537206613E-005  4.213215026434340E-005  4.091930253100881E-005  4.028282098950449E-005  3.962281379528111E-005  3.893454633106886E-005  3.820980997353502E-005  3.743416846026808E-005  3.560183004364216E-005  3.438530422207959E-005  3.258553715197255E-005
   849.000118942285       6.690687491176362E-005  6.517719651753818E-005  6.332108299278674E-005  6.130945453422226E-005  5.910087635077328E-005  5.663258151555120E-005  5.380528614570932E-005  5.220966014878561E-005  5.045558429462338E-005  4.850402716653486E-005  4.721766196873979E-005  4.630404872958957E-005  4.483882499666559E-005  4.379187389660513E-005  4.210323592576077E-005  4.088876121374012E-005  4.025078030422372E-005  3.958876172748785E-005  3.889787760090934E-005  3.816983330270241E-005  3.739001921766320E-005  3.554464214087862E-005  3.431511235401323E-005  3.248528509541512E-005
   851.000119222479       6.445031191062510E-005  6.277763709717466E-005  6.098480057475888E-005  5.904463414907352E-005  5.691805261322011E-005  5.454616305841070E-005  5.183732953020439E-005  5.031316648173181E-005  4.864215295788850E-005  4.678927291849214E-005  4.557183770646403E-005  4.470907843160457E-005  4.332834747839045E-005  4.234358254265825E-005  4.075636934041099E-005  3.961310156103061E-005  3.901073668574188E-005  3.838354083176642E-005  3.772585136613755E-005  3.702838285086770E-005  3.627548330956130E-005  3.447069762885999E-005  3.325833156099626E-005  3.145880273816318E-005
   853.000119502673       6.664327672853044E-005  6.493377324167525E-005  6.309835950258411E-005  6.110788572430362E-005  5.892015167583442E-005  5.647155568722002E-005  5.366236836336554E-005  5.207501335492809E-005  5.032867625373678E-005  4.838463165780868E-005  4.710302352285496E-005  4.619290412705040E-005  4.473369856325401E-005  4.369166756072131E-005  4.201250452994606E-005  4.080629142930942E-005  4.017313947611855E-005  3.951644941125093E-005  3.883137709673982E-005  3.810957911865549E-005  3.733636215872172E-005  3.550483215824940E-005  3.428205845462859E-005  3.245575072886143E-005
   855.000119782867       5.916471077712045E-005  5.763288746028447E-005  5.599614649193948E-005  5.423153584970551E-005  5.230658225312047E-005  5.017387749885615E-005  4.776165253004814E-005  4.641766419602058E-005  4.495663446373810E-005  4.335270536858648E-005  4.230803152083453E-005  4.157181178688363E-005  4.039959779760581E-005  3.956677873885833E-005  3.822555384216113E-005  3.725510343782308E-005  3.674016637865793E-005  3.619995007371185E-005  3.562771834454054E-005  3.501293848522886E-005  3.433847776508188E-005  3.266659610644411E-005  3.148922166297507E-005  2.964307501703103E-005
   857.000120063060       6.742811929850901E-005  6.572300733187300E-005  6.388952859362734E-005  6.189793047643902E-005  5.970476840505047E-005  5.724403397422927E-005  5.441230404582537E-005  5.280748635049893E-005  5.103731763046132E-005  4.906031797970983E-005  4.775282363465324E-005  4.682211192702324E-005  4.532600078516914E-005  4.425465761215842E-005  4.252368315947919E-005  4.127801496057590E-005  4.062409684192745E-005  3.994637622265575E-005  3.924052145689934E-005  3.849887092094791E-005  3.770757071972334E-005  3.584966667849490E-005  3.462360848146125E-005  3.281641103384448E-005
   859.000120343254       6.596272267985968E-005  6.430648814004792E-005  6.252998469956226E-005  6.060407019499541E-005  5.848855209967755E-005  5.612016042819429E-005  5.340193781459502E-005  5.186490309660359E-005  5.017272530209427E-005  4.828735536053269E-005  4.704344079443200E-005  4.615945245766850E-005  4.474082317695539E-005  4.372653417308290E-005  4.208912005890407E-005  4.090998589226087E-005  4.028985764838777E-005  3.964571718985665E-005  3.897269108944045E-005  3.826256337523033E-005  3.750099260362918E-005  3.569704064572360E-005  3.449661811879674E-005  3.271728184136181E-005
   861.000120623448       6.555764942052805E-005  6.390459781384722E-005  6.213322023106401E-005  6.021543325748767E-005  5.810969104207824E-005  5.575540372258546E-005  5.305658226234559E-005  5.153266332619122E-005  4.985677891042829E-005  4.799211876597616E-005  4.676337844564170E-005  4.589091635416656E-005  4.449200875424669E-005  4.349291380227303E-005  4.188135932190066E-005  4.072141185382839E-005  4.011128875006470E-005  3.947733830849538E-005  3.881453388654804E-005  3.811454867240125E-005  3.736295515557138E-005  3.557884246348285E-005  3.438926673033263E-005  3.262392621842522E-005
   863.000120903642       6.732294720894694E-005  6.562798925010771E-005  6.380239457642714E-005  6.181705970293064E-005  5.962824494446368E-005  5.717049273313306E-005  5.434168612914000E-005  5.273898022185335E-005  5.097219464839244E-005  4.900073174221348E-005  4.769773385864131E-005  4.677067093944811E-005  4.528091524573279E-005  4.421437369560376E-005  4.249131202026286E-005  4.125119012994840E-005  4.060011461938709E-005  3.992531770419709E-005  3.922254677285427E-005  3.848428605359509E-005  3.769685980259486E-005  3.584941889502310E-005  3.463108665832864E-005  3.283658631701064E-005
   865.000121183836       6.631607733996122E-005  6.469058582852328E-005  6.294007462656701E-005  6.103446790414017E-005  5.892983753422691E-005  5.656060680081089E-005  5.382390933087470E-005  5.226875209516982E-005  5.055060185370168E-005  4.862915591082987E-005  4.735746437577136E-005  4.645198542787274E-005  4.499608881231082E-005  4.395338909389377E-005  4.226822306021317E-005  4.105465886137587E-005  4.041702718240170E-005  3.975556255946391E-005  3.906573744966881E-005  3.833966493565262E-005  3.756326017648743E-005  3.573226440255536E-005  3.451718032813447E-005  3.271462925439304E-005
   867.000121464030       5.801470392692806E-005  5.661024140227098E-005  5.510870658547905E-005  5.348706051646425E-005  5.171267033412873E-005  4.973799023611394E-005  4.749139688991930E-005  4.623329687360106E-005  4.486043701589251E-005  4.334718338597303E-005  4.235811266301756E-005  4.165935989652377E-005  4.054358360285247E-005  3.974814887388048E-005  3.846149885816249E-005  3.752556423133540E-005  3.702714424497104E-005  3.650296800868888E-005  3.594644820416955E-005  3.534740481391498E-005  3.468939568602929E-005  3.305873616117414E-005  3.191371686130564E-005  3.012623529446657E-005
   869.000121744224       6.561028361875217E-005  6.400174989120058E-005  6.226821002457931E-005  6.037943842746535E-005  5.829254045257889E-005  5.594485623423373E-005  5.323840540870180E-005  5.170401066789179E-005  5.001211677466341E-005  4.812436898489335E-005  4.687745376650745E-005  4.599059856394461E-005  4.456617205407948E-005  4.354682683467124E-005  4.190001395056397E-005  4.071384230707756E-005  4.009029996779909E-005  3.944314923272899E-005  3.876786341871894E-005  3.805662542347579E-005  3.729555371882544E-005  3.549861015089881E-005  3.430475612956713E-005  3.253421925100295E-005
   871.000122024417       6.731238302160651E-005  6.560225906623110E-005  6.375971571806063E-005  6.175456782451684E-005  5.954485163516818E-005  5.706561283973560E-005  5.421891365088833E-005  5.261030176877981E-005  5.084057721804920E-005  4.887037648745234E-005  4.757102763873358E-005  4.664787499911677E-005  4.516631806204269E-005  4.410710343465324E-005  4.239800587071630E-005  4.116931290711877E-005  4.052464623738174E-005  3.985670163972142E-005  3.916127345508483E-005  3.843092070113921E-005  3.765210270070754E-005  3.582490067122314E-005  3.461930478017553E-005  3.284205765558255E-005
   873.000122304611       6.633191333774055E-005  6.472896474028517E-005  6.299758718908760E-005  6.110242486053817E-005  5.900686727068377E-005  5.664206967466886E-005  5.390805705036384E-005  5.235393662217934E-005  5.063684893325519E-005  4.871659981433585E-005  4.744544668689447E-005  4.654024307739243E-005  4.508400480769502E-005  4.404064626072784E-005  4.235316710776101E-005  4.113720818812251E-005  4.049835747747498E-005  3.983577681758897E-005  3.914527379657029E-005  3.841936773957035E-005  3.764453347587761E-005  3.582414692100769E-005  3.462177150156482E-005  3.284839859785503E-005
   875.000122584805       6.086596944913252E-005  5.953374462979482E-005  5.810220819370941E-005  5.654395426396032E-005  5.481904637415718E-005  5.287458914986955E-005  5.062379138455636E-005  4.934321858026742E-005  4.792994059918074E-005  4.635143130521298E-005  4.530821815330999E-005  4.456601999748584E-005  4.337250334754809E-005  4.251651516791532E-005  4.112597756328122E-005  4.011336755073887E-005  3.957522168058775E-005  3.901110586460897E-005  3.841527131504150E-005  3.777868367708425E-005  3.708668234755635E-005  3.541300582878715E-005  3.427854966944372E-005  3.257646201543872E-005
   877.000122864999       6.565701081810684E-005  6.413514215522044E-005  6.249137110191022E-005  6.068964223699402E-005  5.868706296147096E-005  5.641919488811794E-005  5.378116344316855E-005  5.227284250825138E-005  5.060019535044384E-005  4.872070156645870E-005  4.747146564508765E-005  4.657952172666217E-005  4.514108788353903E-005  4.410763661158536E-005  4.243156871771934E-005  4.122072896967391E-005  4.058346241838284E-005  3.992200886548094E-005  3.923201840031296E-005  3.850611744293825E-005  3.773085795133475E-005  3.590946051909092E-005  3.470770371109946E-005  3.293841486877162E-005
   879.000123145193       6.728424023682718E-005  6.557049412053020E-005  6.372503784186124E-005  6.171621389336547E-005  5.950138705852198E-005  5.702145700396941E-005  5.417600903339675E-005  5.257052794796793E-005  5.080601034034964E-005  4.884254390201431E-005  4.754790971356737E-005  4.662839664870990E-005  4.515252981193426E-005  4.409747153843087E-005  4.239478957419403E-005  4.117075127645240E-005  4.052852412438096E-005  3.986325347938912E-005  3.917073460632813E-005  3.844363417563380E-005  3.766857165453739E-005  3.585131882799901E-005  3.465314905768234E-005  3.288830602215891E-005
   881.000123425386       6.698646502292168E-005  6.525961912922556E-005  6.339558158460231E-005  6.136935528279044E-005  5.914370739676242E-005  5.665508468351497E-005  5.381123461384872E-005  5.221002719700029E-005  5.045295565947592E-005  4.850302041043846E-005  4.721978759234540E-005  4.630907278888459E-005  4.484987261324228E-005  4.380778370023525E-005  4.212810236644681E-005  4.092152189381564E-005  4.028861975371557E-005  3.963297660059942E-005  3.895028854820924E-005  3.823309575598912E-005  3.746797330886879E-005  3.567086098341851E-005  3.448342369910009E-005  3.273090514540297E-005
   883.000123705580       6.652112671828976E-005  6.486918951856088E-005  6.308501678483994E-005  6.113810031283944E-005  5.898909458997233E-005  5.657557429469866E-005  5.379898156997300E-005  5.222790666074270E-005  5.049828186117306E-005  4.857203559535558E-005  4.730078480291863E-005  4.639703540357274E-005  4.494581235793014E-005  4.390774212208964E-005  4.223117441206293E-005  4.102446443175249E-005  4.039074810087307E-005  3.973380111046161E-005  3.904928676205414E-005  3.832985107974053E-005  3.756204086049961E-005  3.575829302769402E-005  3.456691305229646E-005  3.281014522931506E-005
   885.000123985774       6.400670452709171E-005  6.263345057830143E-005  6.114002817486724E-005  5.948617176484043E-005  5.763563512254885E-005  5.551850503562062E-005  5.303282405109216E-005  5.160356771581260E-005  5.001089106293014E-005  4.821462103461228E-005  4.701778895627977E-005  4.616171046328624E-005  4.477906519598277E-005  4.378402056324166E-005  4.216750103880053E-005  4.099670672115439E-005  4.037932094260152E-005  3.973734523136504E-005  3.906625737840310E-005  3.835840088624899E-005  3.760023838701402E-005  3.581044450182302E-005  3.462426091618529E-005  3.287221207247020E-005
   887.000124265968       5.913655750505516E-005  5.797238365042914E-005  5.670713336082234E-005  5.531073993984576E-005  5.374922147527762E-005  5.196736977122381E-005  4.988278032994655E-005  4.868945822560357E-005  4.736549944464010E-005  4.587990486483313E-005  4.489421044222325E-005  4.419087808865235E-005  4.305637078351082E-005  4.223981082411440E-005  4.090716149922099E-005  3.993209969865087E-005  3.941234619462279E-005  3.886640748109309E-005  3.828855674374796E-005  3.766999948715153E-005  3.699630499663881E-005  3.536191746454314E-005  3.425016641090501E-005  3.257642475199234E-005
   889.000124546162       6.605507779846613E-005  6.449524405633188E-005  6.280237425956714E-005  6.094154769632780E-005  5.887720933390522E-005  5.653783732489554E-005  5.382619945881783E-005  5.228245041713149E-005  5.057632258257439E-005  4.866828063746359E-005  4.740573476903680E-005  4.650666990370022E-005  4.506113267735228E-005  4.402570167190772E-005  4.235205746347735E-005  4.114691325390229E-005  4.051399739326217E-005  3.985780601983216E-005  3.917426621257159E-005  3.845592702781118E-005  3.768947649857259E-005  3.589013593134500E-005  3.470276641758172E-005  3.295299292020089E-005
   891.000124826356       6.707362145435263E-005  6.535914775315465E-005  6.351810519965060E-005  6.151272286713771E-005  5.931078409061230E-005  5.684843105519025E-005  5.403000982326119E-005  5.244187697510037E-005  5.069726293123763E-005  4.875651923717820E-005  4.747720793261173E-005  4.656767336078621E-005  4.510769172825351E-005  4.406314100572153E-005  4.237614729481298E-005  4.116223171756497E-005  4.052499747291546E-005  3.986471334990862E-005  3.917727071376181E-005  3.845540884475074E-005  3.768598218316459E-005  3.588260084332549E-005  3.469440501805434E-005  3.294600810044019E-005
   893.000125106549       6.682364385668538E-005  6.507685891988412E-005  6.319852717441678E-005  6.116848213331155E-005  5.894393263404339E-005  5.646781312848644E-005  5.364824162900416E-005  5.206501295011233E-005  5.033053480563259E-005  4.840714206610050E-005  4.714211574868774E-005  4.624466978418984E-005  4.480598995787577E-005  4.377831476682461E-005  4.212118552722361E-005  4.092996003357172E-005  4.030479426179217E-005  3.965680947051837E-005  3.898184822611180E-005  3.827244501488902E-005  3.751526231938584E-005  3.573542975746236E-005  3.455846775056292E-005  3.282026366480687E-005
   895.000125386743       6.738990771596838E-005  6.561469361487540E-005  6.370722499054244E-005  6.164308886822321E-005  5.938329716235388E-005  5.686908585314267E-005  5.400854626499768E-005  5.240332602723438E-005  5.064540808259323E-005  4.869590269533692E-005  4.741359254186590E-005  4.650343365731904E-005  4.504430987054550E-005  4.400186032877216E-005  4.232037581330768E-005  4.111166001553936E-005  4.047748815825519E-005  3.982052560581021E-005  3.913663656580675E-005  3.841853327844301E-005  3.765305068592499E-005  3.585800190898329E-005  3.467401312631980E-005  3.292897609918091E-005
   897.000125666937       6.704614393885134E-005  6.532928453640786E-005  6.347979181383234E-005  6.146650708824254E-005  5.925569425744533E-005  5.678255558078921E-005  5.395623325844390E-005  5.236556479356218E-005  5.062005134188944E-005  4.868054809090651E-005  4.740346114534357E-005  4.649652316408793E-005  4.504246712643329E-005  4.400331716911089E-005  4.232739298970802E-005  4.112295412033832E-005  4.049108154758356E-005  3.983652198124712E-005  3.915509749909596E-005  3.843950550404486E-005  3.767653339818441E-005  3.588696400601027E-005  3.470662137392375E-005  3.296729467987950E-005
   899.000125947131       6.603491146538900E-005  6.448139225142837E-005  6.279232272435380E-005  6.093704567231498E-005  5.887280451616252E-005  5.653291560807012E-005  5.382044873868162E-005  5.227687217742367E-005  5.057158154210637E-005  4.866461017571407E-005  4.740299070216046E-005  4.650479315576599E-005  4.506054439504764E-005  4.402606886540586E-005  4.235418155774596E-005  4.115065957390439E-005  4.051872126927700E-005  3.986378835452886E-005  3.918172174861907E-005  3.846527419732661E-005  3.770123936582521E-005  3.590909320224596E-005  3.472726332988835E-005  3.298621234148059E-005
   901.000126227325       5.821587713709397E-005  5.713277670224582E-005  5.594664308341799E-005  5.462870981726446E-005  5.314722102643778E-005  5.144552721448202E-005  4.944527627988096E-005  4.829565671575359E-005  4.701577352964388E-005  4.557381683697561E-005  4.461323625387320E-005  4.392586135688595E-005  4.281361471850866E-005  4.201020698161300E-005  4.069563839463176E-005  3.973192120079417E-005  3.921804444751664E-005  3.867850832395073E-005  3.810793792141996E-005  3.749791691232726E-005  3.683456687416460E-005  3.522810512827609E-005  3.413546500059124E-005  3.248836182199238E-005
   903.000126507519       6.235455691335634E-005  6.113097940174943E-005  5.979189631223166E-005  5.829842046702868E-005  5.660571761752969E-005  5.465245210047256E-005  5.233606935082102E-005  5.099414730061263E-005  4.949194682479383E-005  4.779076924409518E-005  4.665347878279507E-005  4.583862023670367E-005  4.451970452318331E-005  4.356867147142930E-005  4.201963238380897E-005  4.089398840076514E-005  4.029886114469514E-005  3.967860596300212E-005  3.902863551129986E-005  3.834104231788199E-005  3.760229769887402E-005  3.585043480623714E-005  3.468513684187823E-005  3.296010342710647E-005
   905.000126787713       6.639124791656156E-005  6.479245307677534E-005  6.305911474962532E-005  6.116036510409616E-005  5.905748934256877E-005  5.668510351077810E-005  5.394626874514097E-005  5.239255199282926E-005  5.067914982521909E-005  4.876580839017901E-005  4.750082768224681E-005  4.660043604715317E-005  4.515282568688020E-005  4.411581529246322E-005  4.243925682812333E-005  4.123184542285636E-005  4.059784118967330E-005  3.994088705327162E-005  3.925694276813766E-005  3.853893894041755E-005  3.777392954718957E-005  3.598295778230417E-005  3.480473370252628E-005  3.307331628386302E-005
   907.000127067906       6.564973961382798E-005  6.399249531561354E-005  6.220608481403499E-005  6.026805074866682E-005  5.814196888682328E-005  5.576954351801747E-005  5.306067540939335E-005  5.153602279439516E-005  4.986310071999935E-005  4.800372068460488E-005  4.677796898822927E-005  4.590683222503933E-005  4.450824010351090E-005  4.350747825916899E-005  4.188989683127872E-005  4.072448753904329E-005  4.011195754529239E-005  3.947656843958314E-005  3.881410491194344E-005  3.811726772195466E-005  3.737291135748471E-005  3.562120896876822E-005  3.446149101503914E-005  3.274773773913954E-005
   909.000127348100       6.466265323884702E-005  6.301558715959852E-005  6.124986494968149E-005  5.933718562333410E-005  5.724220236918025E-005  5.491261494874892E-005  5.226098873032912E-005  5.077212266947751E-005  4.914130211106387E-005  4.733188775085059E-005  4.614084396978904E-005  4.529532547437664E-005  4.393845831847977E-005  4.296779289821902E-005  4.139901884129138E-005  4.026771298304394E-005  3.967254814030772E-005  3.905446828530399E-005  3.840912463635356E-005  3.772905682546578E-005  3.700098287575607E-005  3.528003344905176E-005  3.413474776679825E-005  3.243469763001504E-005
   911.000127628294       6.615782512811052E-005  6.442351547536322E-005  6.256839537380291E-005  6.056166708512981E-005  5.836836789013710E-005  5.593527181841530E-005  5.317172154554413E-005  5.162229553198549E-005  4.992618177988337E-005  4.804678007053488E-005  4.681089113966243E-005  4.593424989889505E-005  4.452913618477910E-005  4.352555852562551E-005  4.190671583448520E-005  4.074254642349770E-005  4.013127114989514E-005  3.949755564187337E-005  3.883707806946097E-005  3.814253511304019E-005  3.740073620599307E-005  3.565496566846143E-005  3.449876624742170E-005  3.278860421383288E-005
   913.000127908488       6.699936107222923E-005  6.524221467597002E-005  6.335511144347797E-005  6.131869567340496E-005  5.909226290131381E-005  5.662130784855691E-005  5.381241311380345E-005  5.223696520335344E-005  5.050962071198990E-005  4.859260996285954E-005  4.733077110371747E-005  4.643458512498086E-005  4.499667835582575E-005  4.396827477109472E-005  4.230804497184536E-005  4.111357044903118E-005  4.048670311865963E-005  3.983705604581599E-005  3.916081308955791E-005  3.845077397198124E-005  3.769403026713545E-005  3.592104458050857E-005  3.475322373216655E-005  3.303473678992469E-005
   915.000128188682       6.699029339226370E-005  6.523380333988362E-005  6.335835217389245E-005  6.132385660654853E-005  5.910227979853040E-005  5.663271022705004E-005  5.382308701215636E-005  5.224653336574262E-005  5.051841536949342E-005  4.859999386274517E-005  4.733651336250135E-005  4.643935656834883E-005  4.499968704678610E-005  4.397012906147108E-005  4.230818575337068E-005  4.111275631234641E-005  4.048547599295812E-005  3.983559109690357E-005  3.915916659323041E-005  3.844912767412424E-005  3.769258860316147E-005  3.592067661358524E-005  3.475384410595055E-005  3.303665049629968E-005
   917.000128468876       6.665875433251305E-005  6.494998257516253E-005  6.310927671237568E-005  6.111420312907325E-005  5.892713505822324E-005  5.648791474289499E-005  5.370863776014296E-005  5.214443932595424E-005  5.042811428199750E-005  4.852165077591182E-005  4.726553903053526E-005  4.637311044305262E-005  4.494093595235145E-005  4.391661051860693E-005  4.226272117801552E-005  4.107291225083940E-005  4.044840319969327E-005  3.980135753805019E-005  3.912774968285278E-005  3.842046148775772E-005  3.766661225549226E-005  3.589991663499392E-005  3.473575018657287E-005  3.302142733248165E-005
   919.000128749069       6.615870436494383E-005  6.454339928975573E-005  6.279397246078961E-005  6.088853375691714E-005  5.877896611340775E-005  5.641067856916018E-005  5.368791063544834E-005  5.214803458007073E-005  5.045260614418017E-005  4.856242417364179E-005  4.731391701984767E-005  4.642549959531075E-005  4.499757619637642E-005  4.397462609949385E-005  4.232081316918342E-005  4.112949818818131E-005  4.050378922496578E-005  3.985523842699129E-005  3.917989949248241E-005  3.847079873077731E-005  3.771510106129086E-005  3.594533696442530E-005  3.478047239149689E-005  3.306746180492021E-005
   921.000129029263       6.354865021279316E-005  6.218804147276867E-005  6.070074140984775E-005  5.905339995618196E-005  5.720160828769889E-005  5.508158809979138E-005  5.259845367753209E-005  5.117301094746316E-005  4.958911258584173E-005  4.780828539920733E-005  4.662476734048394E-005  4.577978001214418E-005  4.441772844806427E-005  4.343943962353098E-005  4.185355895452108E-005  4.070785320997262E-005  4.010476505090930E-005  3.947847173605791E-005  3.882472580507433E-005  3.813627827120490E-005  3.740010250725887E-005  3.566540494408314E-005  3.451624156945572E-005  3.281716829517101E-005
   923.000129309457       5.508180345719301E-005  5.422413185458319E-005  5.327765129689587E-005  5.221734872677587E-005  5.101089785588687E-005  4.960954167048550E-005  4.793821219914467E-005  4.696425814245792E-005  4.586984201588908E-005  4.462412120806301E-005  4.378666798691798E-005  4.318369582314433E-005  4.220146081435848E-005  4.148645955343358E-005  4.030492391854117E-005  3.942793362736068E-005  3.895586801892597E-005  3.845648372643271E-005  3.792398357238507E-005  3.734951492976235E-005  3.671886083681093E-005  3.517092708101606E-005  3.410723995478553E-005  3.249554094445496E-005
   925.000129589651       6.225307302035491E-005  6.098305069534654E-005  5.959071366231790E-005  5.804361037274830E-005  5.629896229839046E-005  5.429459846670042E-005  5.193378514988345E-005  5.057369595299252E-005  4.905813051076604E-005  4.734923077310041E-005  4.621025636175440E-005  4.539583742547218E-005  4.408035321901419E-005  4.313363772939406E-005  4.159507722125669E-005  4.048038649585450E-005  3.989237892003143E-005  3.928075658369938E-005  3.864113668254127E-005  3.796613159977705E-005  3.724259763693408E-005  3.553078711143432E-005  3.439191841530147E-005  3.270211432445100E-005
   927.000129869845       6.473847030976114E-005  6.320213566511217E-005  6.154068812908758E-005  5.972085301087744E-005  5.770525329935939E-005  5.543656275987064E-005  5.282380152484922E-005  5.134493092070684E-005  4.971633678319232E-005  4.790114758946938E-005  4.670244296694572E-005  4.584991060607916E-005  4.447993879559341E-005  4.349867703281037E-005  4.191155404000417E-005  4.076700346143627E-005  4.016506672309500E-005  3.954034699092190E-005  3.888864884141889E-005  3.820285851093702E-005  3.747003774292041E-005  3.574535087065194E-005  3.460372431643542E-005  3.291620190017531E-005
   929.000130150039       6.616647519482297E-005  6.449434255649617E-005  6.268897391566641E-005  6.073550150327666E-005  5.859018558464354E-005  5.619496023953974E-005  5.346145356156300E-005  5.192172940597931E-005  5.023155282681283E-005  4.835253463908267E-005  4.711388405234333E-005  4.623338352064249E-005  4.481949318480845E-005  4.380757014178687E-005  4.217264253539860E-005  4.099547157054248E-005  4.037734447890229E-005  3.973665295963469E-005  3.906950912438071E-005  3.836893020827714E-005  3.762219427301927E-005  3.587236432037227E-005  3.471948272440397E-005  3.302196228973612E-005
   931.000130430233       6.636876525698477E-005  6.466121246960609E-005  6.282685793077349E-005  6.084218298922276E-005  5.867446290599016E-005  5.626155455940821E-005  5.351385150225738E-005  5.196998477147182E-005  5.027582284532259E-005  4.839343323330795E-005  4.715276954853577E-005  4.627089698111846E-005  4.485479731733421E-005  4.384109304619591E-005  4.220324933498786E-005  4.102393584290927E-005  4.040472383019186E-005  3.976301723217895E-005  3.909496115885886E-005  3.839355099050112E-005  3.764622438900030E-005  3.589626863138176E-005  3.474431900877688E-005  3.304971849950090E-005
   933.000130710426       6.623981954569562E-005  6.452245354208279E-005  6.268505661092997E-005  6.069714983932541E-005  5.852864212577086E-005  5.611953271838448E-005  5.337901965962966E-005  5.184029022897055E-005  5.015454873202566E-005  4.828185570341213E-005  4.704788304711783E-005  4.617134811501743E-005  4.476395615152007E-005  4.375695618808639E-005  4.213003221689490E-005  4.095873172314204E-005  4.034362031745210E-005  3.970605160439347E-005  3.904211112806320E-005  3.834487271691977E-005  3.760165495928545E-005  3.585997331038633E-005  3.471241066460551E-005  3.302276283109434E-005
   935.000130990620       6.623608814577831E-005  6.451911313744511E-005  6.267787779355320E-005  6.068926432899756E-005  5.851535604040541E-005  5.610527452320868E-005  5.336573506455796E-005  5.182799315073817E-005  5.014314698692274E-005  4.827226586393674E-005  4.703974505613172E-005  4.616406972989050E-005  4.475801729356695E-005  4.375180993682589E-005  4.212564251611950E-005  4.095450326848837E-005  4.033940731049797E-005  3.970178744750227E-005  3.903780699257630E-005  3.834051216807321E-005  3.759732640568558E-005  3.585620541852890E-005  3.470934175140338E-005  3.302112128583472E-005
   937.000131270814       6.624632444109621E-005  6.452748223544616E-005  6.268245242253907E-005  6.069264251694787E-005  5.851881792575690E-005  5.610663544494690E-005  5.336636962953615E-005  5.182793681965023E-005  5.014236505383135E-005  4.827018435982329E-005  4.703664163425059E-005  4.616033528257194E-005  4.475313812186859E-005  4.374598262886596E-005  4.211843156619942E-005  4.094646261379997E-005  4.033095736199999E-005  3.969301926550640E-005  3.902875031716779E-005  3.833123734650314E-005  3.758790106330864E-005  3.584684985240107E-005  3.470019832756476E-005  3.301230371340238E-005
   939.000131551008       6.599676633860675E-005  6.429368801268349E-005  6.247250470209933E-005  6.050374336936885E-005  5.835151038856188E-005  5.596202802763780E-005  5.324476485584945E-005  5.171887746895967E-005  5.004590431534313E-005  4.818711046614156E-005  4.696197579077706E-005  4.609125843736626E-005  4.469340234872390E-005  4.369298524510475E-005  4.207630796572395E-005  4.091200168405551E-005  4.030053564995139E-005  3.966669251400816E-005  3.900654504448931E-005  3.831319849050725E-005  3.757404512408751E-005  3.584166041960768E-005  3.470015261332514E-005  3.301946343741711E-005
   941.000131831202       6.352240751438739E-005  6.194132068903706E-005  6.024452888113770E-005  5.841021749266693E-005  5.640539172752047E-005  5.417595024133354E-005  5.163677100195144E-005  5.021037017257733E-005  4.864535367371027E-005  4.690767057899129E-005  4.576291265556978E-005  4.494963044702764E-005  4.364385274863276E-005  4.270914898464934E-005  4.119731468860093E-005  4.010618470935830E-005  3.953166825677602E-005  3.893471211756245E-005  3.831100691238895E-005  3.765325096514882E-005  3.694847987043764E-005  3.528059141558418E-005  3.416915006027534E-005  3.251680656422121E-005
   943.000132111396       6.528121050597067E-005  6.361215539481945E-005  6.182339968047485E-005  5.989475487376366E-005  5.778325025905987E-005  5.544154423337912E-005  5.277741060307553E-005  5.128173174621446E-005  4.964261093257890E-005  4.782208547121937E-005  4.662296965860879E-005  4.577107269046258E-005  4.440294096492217E-005  4.342382388061923E-005  4.184081822025812E-005  4.069968669218322E-005  4.009977797386344E-005  3.947737324913528E-005  3.882844299493448E-005  3.814597388398970E-005  3.741735537690511E-005  3.570490462202296E-005  3.457271045015604E-005  3.290042503724940E-005
   945.000132391589       6.521323079893671E-005  6.354534241460302E-005  6.175979605642784E-005  5.982889787223116E-005  5.771760899622609E-005  5.537252488651022E-005  5.270588983219247E-005  5.120878952583927E-005  4.956780997982836E-005  4.774688301812285E-005  4.654801849437060E-005  4.569677560923886E-005  4.433075064247244E-005  4.335397812988901E-005  4.177626988831507E-005  4.064019822866128E-005  4.004328849182193E-005  3.942420769468086E-005  3.877884280949048E-005  3.810016970606599E-005  3.737548335407908E-005  3.567138981671284E-005  3.454386990934462E-005  3.287692739865107E-005
   947.000132671783       6.561315604311507E-005  6.395770455700818E-005  6.217941627715022E-005  6.025319540159929E-005  5.813970921468963E-005  5.578841902673601E-005  5.310606164309472E-005  5.159789951043226E-005  4.994096291390931E-005  4.809833801033446E-005  4.688280669083338E-005  4.601858382216115E-005  4.462993846394822E-005  4.363548158636117E-005  4.202722361650735E-005  4.086835001385297E-005  4.025953470993935E-005  3.962834390506683E-005  3.897096773302334E-005  3.828056963347449E-005  3.754470745362801E-005  3.582101454053798E-005  3.468598900097490E-005  3.301579458732543E-005
   949.000132951977       6.543172906771880E-005  6.382057088108167E-005  6.208128229393120E-005  6.019358949686483E-005  5.811603505508242E-005  5.579397202965743E-005  5.313560018708992E-005  5.163599425567093E-005  4.998670142147742E-005  4.814948290572114E-005  4.693555567334707E-005  4.607198016050291E-005  4.468295755090151E-005  4.368720525665182E-005  4.207536690973476E-005  4.091286572014735E-005  4.030196405742352E-005  3.966849916874480E-005  3.900876175418060E-005  3.831597782815658E-005  3.757785284055672E-005  3.585045526091033E-005  3.471439674352131E-005  3.304478432661206E-005
   951.000133232171       6.458661918966143E-005  6.308255543121100E-005  6.145117945248449E-005  5.966148790000955E-005  5.767817184959651E-005  5.544043223151218E-005  5.285526536590507E-005  5.138836988499376E-005  4.976894683959991E-005  4.796001930981759E-005  4.676304618509459E-005  4.591037630555457E-005  4.453823469732602E-005  4.355422387110529E-005  4.196096101839551E-005  4.081138373116587E-005  4.020708731314839E-005  3.958029529339686E-005  3.892715388171221E-005  3.824088365134698E-005  3.750908667572249E-005  3.579386848672923E-005  3.466389157975132E-005  3.300064446645460E-005
   953.000133512365       6.215548089667455E-005  6.094524516562781E-005  5.960981370126626E-005  5.811843731143971E-005  5.642946013589938E-005  5.447588316207165E-005  5.215973954184963E-005  5.081860530444681E-005  4.931797681511775E-005  4.761815865427067E-005  4.648171050618090E-005  4.566714477149551E-005  4.434835803859399E-005  4.339721751226230E-005  4.184883189965821E-005  4.072589750538262E-005  4.013359625791296E-005  3.951787964263026E-005  3.887469022252682E-005  3.819712762302424E-005  3.747271882449804E-005  3.576860565364234E-005  3.464304330517555E-005  3.298410030778798E-005
   955.000133792559       5.380772272335886E-005  5.305048900669413E-005  5.221046700609549E-005  5.126126281389120E-005  5.017287562406741E-005  4.889669905304657E-005  4.735942467927476E-005  4.645744612393770E-005  4.543824994349383E-005  4.427123592718193E-005  4.348260621081599E-005  4.291293939379302E-005  4.198131724389582E-005  4.130062950098219E-005  4.017116272305709E-005  3.932944178003037E-005  3.887526983680412E-005  3.839412619214335E-005  3.788031297211498E-005  3.732532847030984E-005  3.671547803520371E-005  3.521714229084269E-005  3.418710905225402E-005  3.262601229623777E-005
   957.000134072752       6.249897486152164E-005  6.123582302880039E-005  5.984271747895897E-005  5.829798217760555E-005  5.655162536624178E-005  5.454261211836191E-005  5.217396374574615E-005  5.080834579541506E-005  4.928543280588571E-005  4.756648939875854E-005  4.642053471034937E-005  4.560068062546043E-005  4.427572783696646E-005  4.332182929709780E-005  4.177175224139389E-005  4.064950734443794E-005  4.005824156789374E-005  3.944396969853904E-005  3.880273294755496E-005  3.812765496489090E-005  3.740629156603669E-005  3.571012051814417E-005  3.458955799976793E-005  3.293683366044620E-005
   959.000134352946       6.442600443711308E-005  6.292143816081388E-005  6.129342345923817E-005  5.951012827796370E-005  5.753428930077842E-005  5.530725437087625E-005  5.273718501444897E-005  5.127973723458533E-005  4.967161663186295E-005  4.787468403552845E-005  4.668570753736572E-005  4.583849978999706E-005  4.447465514783835E-005  4.349605446970338E-005  4.191093059968505E-005  4.076682652657947E-005  4.016517339057273E-005  3.954106795573658E-005  3.889072076727984E-005  3.820746389736095E-005  3.747901282977129E-005  3.577254493193417E-005  3.464916018634996E-005  3.299687840172697E-005
   961.000134633140       6.428352673076455E-005  6.271838438678854E-005  6.102787488210071E-005  5.919306257538255E-005  5.718152558004950E-005  5.492982351464806E-005  5.235386567011571E-005  5.090185216250977E-005  4.930577834842352E-005  4.752827024078682E-005  4.635475245132811E-005  4.551979016378427E-005  4.417783031108378E-005  4.321608570517209E-005  4.165969871533527E-005  4.053680876444588E-005  3.994627474694922E-005  3.933349273985471E-005  3.869449905360783E-005  3.802249729594189E-005  3.730509077869396E-005  3.561968018358576E-005  3.450623589546528E-005  3.286330785770333E-005
   963.000134913334       6.395834324773434E-005  6.238935729999566E-005  6.070185030568705E-005  5.887425884284279E-005  5.686996976210277E-005  5.463292013115721E-005  5.207910151088965E-005  5.064028767164412E-005  4.906011225909158E-005  4.730145303726248E-005  4.614085541612787E-005  4.531544580240295E-005  4.398911386869003E-005  4.303884669769352E-005  4.150095048807024E-005  4.039104499903354E-005  3.980713691867242E-005  3.920093498128737E-005  3.856855711694429E-005  3.790305929043486E-005  3.719205470663425E-005  3.551924588946281E-005  3.441230725002513E-005  3.277668271679664E-005
   965.000135193528       6.448738822247139E-005  6.287097197649746E-005  6.114125592460408E-005  5.926688371255539E-005  5.721640024057471E-005  5.493544882184402E-005  5.233663899295564E-005  5.087528245025234E-005  4.927253742681940E-005  4.749096114591571E-005  4.631636495392036E-005  4.548126618376307E-005  4.413993335612955E-005  4.317913014187266E-005  4.162493539206947E-005  4.050401691967881E-005  3.991454212958128E-005  3.930290349064871E-005  3.866520468396548E-005  3.799461312168548E-005  3.727878590238294E-005  3.559735687799128E-005  3.448642167133483E-005  3.284645725962041E-005
   967.000135473722       6.392094413749294E-005  6.233373774661682E-005  6.062827536546238E-005  5.878682153035816E-005  5.676930672086827E-005  5.452582324415434E-005  5.196864900977969E-005  5.053095699261608E-005  4.895281410370201E-005  4.719767983000504E-005  4.604003427243163E-005  4.521692924796419E-005  4.389464942220089E-005  4.294757986283769E-005  4.141505698689176E-005  4.030933021048250E-005  3.972767241344977E-005  3.912386809867171E-005  3.849392872509658E-005  3.783103048143394E-005  3.712276706202618E-005  3.545605727458356E-005  3.435271285650366E-005  3.272146344770384E-005
   969.000135753915       6.421052357691928E-005  6.261458632722511E-005  6.089832613116291E-005  5.904549170834200E-005  5.701853980765694E-005  5.476273919851470E-005  5.219138860751260E-005  5.074468111580781E-005  4.915739364742126E-005  4.739222908395479E-005  4.622810776337714E-005  4.540033665669221E-005  4.407040144259042E-005  4.311789259214296E-005  4.157696780501228E-005  4.046557623816785E-005  3.988098805516674E-005  3.927430745949331E-005  3.864155696095493E-005  3.797587790524277E-005  3.726489569299342E-005  3.559342747027960E-005  3.448845070538750E-005  3.285681269696614E-005
   971.000136034109       6.474927120186340E-005  6.312119117439644E-005  6.137110209628063E-005  5.948656263567838E-005  5.742385918396431E-005  5.513162024996629E-005  5.252109027496876E-005  5.105404227933406E-005  4.944287118015213E-005  4.765099131138967E-005  4.646840278526543E-005  4.562743142718635E-005  4.427519400008790E-005  4.330633516079971E-005  4.173809101418481E-005  4.060701783304313E-005  4.001246407965577E-005  3.939583167477516E-005  3.875337397150064E-005  3.807845206505693E-005  3.735892947715540E-005  3.567328154101841E-005  3.456317504704559E-005  3.292947919866871E-005
   973.000136314303       6.467283686942008E-005  6.305455695094941E-005  6.131589372366299E-005  5.943559546343884E-005  5.738173963733033E-005  5.509722842958782E-005  5.249494667511673E-005  5.103174297039760E-005  4.942544043084796E-005  4.763768610947761E-005  4.645749931940878E-005  4.561792082353343E-005  4.426768186092194E-005  4.329967700818877E-005  4.173267725133652E-005  4.060203717608377E-005  4.000753969677315E-005  3.939094013766494E-005  3.874843190276141E-005  3.807347790183373E-005  3.735398309407578E-005  3.566872650843388E-005  3.455920176861410E-005  3.292678721623728E-005
   975.000136594497       6.408158142730605E-005  6.247606623233063E-005  6.075919557631131E-005  5.890314732267180E-005  5.687219521328424E-005  5.461666431700055E-005  5.204943692870509E-005  5.060671918036991E-005  4.902443916256123E-005  4.726557428405200E-005  4.610597273542746E-005  4.528151371229445E-005  4.395699114025256E-005  4.300821942069406E-005  4.147330853767206E-005  4.036613202287480E-005  3.978375044137343E-005  3.917936065955270E-005  3.854906216862708E-005  3.788605930712258E-005  3.717803532439024E-005  3.551370910331219E-005  3.441324381527277E-005  3.278746803266370E-005
   977.000136874691       6.442743481104261E-005  6.281167687120441E-005  6.108063231538549E-005  5.921179324189887E-005  5.716838423951952E-005  5.489635327391978E-005  5.230877000792021E-005  5.085413643742846E-005  4.925862271622943E-005  4.748365888537652E-005  4.631237591121160E-005  4.547936581031053E-005  4.414026234954786E-005  4.318050530924650E-005  4.162691891811438E-005  4.050595250894178E-005  3.991644726325045E-005  3.930494717681824E-005  3.866762294547310E-005  3.799792308257456E-005  3.728375635608429E-005  3.561006942905348E-005  3.450734104970018E-005  3.288369933541873E-005
   979.000137154885       6.431669194555939E-005  6.270487050839294E-005  6.097669738993699E-005  5.911047409337919E-005  5.707246517136783E-005  5.480582270927687E-005  5.222400850780238E-005  5.077261425941430E-005  4.917984613291492E-005  4.740801827109943E-005  4.623921582047149E-005  4.540797123795808E-005  4.407187513439977E-005  4.311462624332175E-005  4.156570666337338E-005  4.044853627969432E-005  3.986120019092248E-005  3.925197533136256E-005  3.861704970185527E-005  3.794980341109787E-005  3.723812206286744E-005  3.556919997505366E-005  3.446867540610555E-005  3.284657764644564E-005
   981.000137435078       6.433984527548488E-005  6.273616047685448E-005  6.101615088291056E-005  5.915689412875700E-005  5.712620905460255E-005  5.486712667344874E-005  5.229344442897360E-005  5.084552408103319E-005  4.925574591141967E-005  4.748688040663030E-005  4.631886877359390E-005  4.548761171327259E-005  4.415051659596122E-005  4.319162613730793E-005  4.163845727069277E-005  4.051701016304589E-005  3.992715774100792E-005  3.931517649098629E-005  3.867738314314997E-005  3.800726169969111E-005  3.729291272962638E-005  3.562014262678915E-005  3.451927237149381E-005  3.290036576512864E-005
   983.000137715272       6.415100393732050E-005  6.255891403100616E-005  6.084817934862196E-005  5.900014370816043E-005  5.697923966300289E-005  5.473206441130485E-005  5.217107561038527E-005  5.073008737234189E-005  4.914836806535793E-005  4.738778075132952E-005  4.622535318661933E-005  4.539823789523959E-005  4.406826614363193E-005  4.311472920619304E-005  4.157060890035690E-005  4.045614783784966E-005  3.987000013802478E-005  3.926192971208145E-005  3.862812719506817E-005  3.796208961450097E-005  3.725186315094211E-005  3.558756040654620E-005  3.449138959952002E-005  3.287827750513554E-005
   985.000137995466       6.392070139172367E-005  6.234370626048190E-005  6.064865765339992E-005  5.881946877321149E-005  5.681555334610784E-005  5.458663312705288E-005  5.204553098342759E-005  5.061502241018421E-005  4.904400478080441E-005  4.729559586015980E-005  4.614072092249247E-005  4.531907470657822E-005  4.399727058490618E-005  4.304928162070041E-005  4.151359337111075E-005  4.040462507146524E-005  3.982108574436899E-005  3.921546984232034E-005  3.858404390674099E-005  3.792025828873843E-005  3.721215274146592E-005  3.555186538980237E-005  3.445764277725709E-005  3.284647290952633E-005
   987.000138275660       6.371636586400288E-005  6.214563798928054E-005  6.046138404522415E-005  5.863843526908155E-005  5.664674722809532E-005  5.442906813856073E-005  5.190119307494900E-005  5.047885696770831E-005  4.891637587067424E-005  4.717815556703714E-005  4.603068909942728E-005  4.521426399123809E-005  4.390123920018923E-005  4.295965716275215E-005  4.143446289260043E-005  4.033289575124665E-005  3.975324390466853E-005  3.915161377261806E-005  3.852415692537765E-005  3.786436128006964E-005  3.716027626515248E-005  3.550832435684486E-005  3.441879451556924E-005  3.281352079733662E-005
   989.000138555854       6.334902617528777E-005  6.180537573504069E-005  6.014754307967297E-005  5.835574366010053E-005  5.639235704179512E-005  5.420651746543452E-005  5.171142774267087E-005  5.030572529267362E-005  4.876082303930256E-005  4.704047728789734E-005  4.590397310600263E-005  4.509474018408813E-005  4.379277259248662E-005  4.285861819791252E-005  4.134427667307523E-005  4.024974340711688E-005  3.967350006562550E-005  3.907516668059628E-005  3.845095273195163E-005  3.779428261234794E-005  3.709325993387623E-005  3.544739995367013E-005  3.436110589289237E-005  3.275976331463159E-005
   991.000138836048       6.328079189827393E-005  6.173557190532967E-005  6.008102102097991E-005  5.828896661924344E-005  5.632414777772986E-005  5.413816155618420E-005  5.164623697894295E-005  5.024292465832544E-005  4.870110859623395E-005  4.698535768511641E-005  4.585236676473673E-005  4.504641216501139E-005  4.375000638543678E-005  4.282027686496912E-005  4.131421182965891E-005  4.022614576745674E-005  3.965340620689280E-005  3.905872446433977E-005  3.843824726996022E-005  3.778538333325036E-005  3.708816303312745E-005  3.544994829089706E-005  3.436786002812364E-005  3.277164375148090E-005
   993.000139116241       6.362709587874030E-005  6.207982466023084E-005  6.041457646993562E-005  5.861080457214350E-005  5.663686700165223E-005  5.443667335124362E-005  5.192401609842136E-005  5.050835494826574E-005  4.895169356305173E-005  4.721681468691656E-005  4.607010098323008E-005  4.525352057355352E-005  4.393883581600106E-005  4.299532725177930E-005  4.146507181275515E-005  4.035880604202145E-005  3.977645263621261E-005  3.917193588079991E-005  3.854165593906050E-005  3.787918469722908E-005  3.717280368572466E-005  3.551832396961676E-005  3.442937984434217E-005  3.282799633919020E-005
   995.000139396435       6.352250150800217E-005  6.198745370745958E-005  6.033371189795761E-005  5.854480419508323E-005  5.658192932484042E-005  5.439052058970395E-005  5.188678005076737E-005  5.047457274856089E-005  4.892101546786165E-005  4.718923848499542E-005  4.604432565480752E-005  4.522901814752672E-005  4.391618281178936E-005  4.297394157060361E-005  4.144628984336496E-005  4.034229361994422E-005  3.976123250296525E-005  3.915816571468374E-005  3.852938160618852E-005  3.786850597460012E-005  3.716379485272593E-005  3.551308471345504E-005  3.442660553786430E-005  3.282892520693136E-005
   997.000139676629       6.340413669575174E-005  6.188349421821125E-005  6.025010675915636E-005  5.847523192456585E-005  5.652704057605083E-005  5.434649517251134E-005  5.185259294249948E-005  5.044414104812111E-005  4.889446837884876E-005  4.716603855649043E-005  4.602315782506545E-005  4.520875560278912E-005  4.389756386894998E-005  4.295624048074210E-005  4.142991570098976E-005  4.032681905169916E-005  3.974624816413611E-005  3.914375472879092E-005  3.851558078251924E-005  3.785541067477639E-005  3.715154279063760E-005  3.550317496795033E-005  3.441858501436162E-005  3.282420529786472E-005
   999.000139956823       6.311687184949606E-005  6.164111120295943E-005  6.004579037329733E-005  5.830865240648030E-005  5.639275276797907E-005  5.424409939767419E-005  5.177554490374509E-005  5.037863784625028E-005  4.883911063752745E-005  4.712006624124986E-005  4.598201068695675E-005  4.517089470506078E-005  4.386438404751579E-005  4.292609897847366E-005  4.140398286288428E-005  4.030334990452931E-005  3.972399997789263E-005  3.912256507453670E-005  3.849547753536961E-005  3.783639891784834E-005  3.713364782843763E-005  3.548803957873425E-005  3.440541006682458E-005  3.281409941209229E-005
   1002.50014044716       6.021013397153975E-005  5.904564222355055E-005  5.776846200707722E-005  5.634772554119101E-005  5.474937718704995E-005  5.291001553617073E-005  5.074384422344048E-005  4.949431373246707E-005  4.809961958322018E-005  4.652262552254060E-005  4.546873292025140E-005  4.471299923800127E-005  4.348852183686965E-005  4.260372775300293E-005  4.115917738353395E-005  4.010723753705874E-005  3.955057757894896E-005  3.897053942699856E-005  3.836310988640217E-005  3.772159993331934E-005  3.703409284433707E-005  3.541186298792276E-005  3.433788259539462E-005  3.275355286881514E-005
   1007.50014114765       5.821840882726324E-005  5.715461575499754E-005  5.598735386991219E-005  5.468767260120630E-005  5.321902314219489E-005  5.152955747433593E-005  4.953250623987429E-005  4.837885758433369E-005  4.708886895860147E-005  4.562749436064341E-005  4.464941092222627E-005  4.394725200098874E-005  4.280770423857469E-005  4.198303390739555E-005  4.063301051026657E-005  3.964635248147768E-005  3.912274260384978E-005  3.857571793051163E-005  3.800116663624041E-005  3.739224886099405E-005  3.673703712663804E-005  3.517981981006574E-005  3.414079925708885E-005  3.259791890592433E-005
   1012.50014184813       6.228386252389855E-005  6.084126716900470E-005  5.928531713451428E-005  5.759140510295898E-005  5.572724329727700E-005  5.363420440972619E-005  5.123006136072729E-005  4.987047215517074E-005  4.837186151078774E-005  4.669709524383747E-005  4.558791592009518E-005  4.479697483204614E-005  4.352180353244671E-005  4.260497141423560E-005  4.111578689617609E-005  4.003735170188367E-005  3.946898502937618E-005  3.887853712291998E-005  3.826236939872051E-005  3.761420455536903E-005  3.692253056618066E-005  3.530078580906861E-005  3.423234318535832E-005  3.266005715224045E-005
   1017.50014254862       6.225107323830702E-005  6.077157639754684E-005  5.918246354443179E-005  5.746052832879247E-005  5.557146544501349E-005  5.346351605690581E-005  5.105356719662874E-005  4.969461312711484E-005  4.819922138720969E-005  4.653233265677799E-005  4.542977413954589E-005  4.464425381226784E-005  4.337883555951631E-005  4.246979966185035E-005  4.099427700515593E-005  3.992605872195407E-005  3.936319799008518E-005  3.877846332596229E-005  3.816819462939611E-005  3.752608818326999E-005  3.684065686038808E-005  3.523239096294193E-005  3.417178714264091E-005  3.260930894119279E-005
   1022.50014324910       6.243676277644872E-005  6.094549482344785E-005  5.934052568910941E-005  5.760295259438802E-005  5.570081086540030E-005  5.357871183704156E-005  5.115446611241115E-005  4.978734548743852E-005  4.828401438875416E-005  4.660710165499389E-005  4.549773185501385E-005  4.470741921258465E-005  4.343388464154498E-005  4.251882548127773E-005  4.103321108265461E-005  3.995786672113731E-005  3.939133160894645E-005  3.880299410367537E-005  3.818918920108394E-005  3.754383054392596E-005  3.685557205788091E-005  3.524388313143822E-005  3.418342989442704E-005  3.262428390540876E-005
   1027.50014394959       6.239097445381787E-005  6.090186922784048E-005  5.930968892138395E-005  5.758420322168026E-005  5.569029309344326E-005  5.357892841279161E-005  5.116637409056569E-005  4.980429859768521E-005  4.830512481542222E-005  4.663195858297235E-005  4.552398984430901E-005  4.473401170516551E-005  4.346025578388513E-005  4.254425345012974E-005  4.105589452041532E-005  3.997776055137586E-005  3.940959765650522E-005  3.881949076441285E-005  3.820401356531180E-005  3.755714020115804E-005  3.686771953810966E-005  3.525584419295737E-005  3.419748802208006E-005  3.264462840007564E-005
   1032.50014465007       6.183437953457218E-005  6.036666444067030E-005  5.879192618562312E-005  5.708810898665140E-005  5.521741807819003E-005  5.313475421206297E-005  5.075508660351571E-005  4.941330343552596E-005  4.793679928104291E-005  4.628926927196208E-005  4.519858727619851E-005  4.442080555209557E-005  4.316675980640062E-005  4.226469321357079E-005  4.079856232047479E-005  3.973580488117163E-005  3.917540543649094E-005  3.859305577245335E-005  3.798524036370206E-005  3.734580537040782E-005  3.666356609250757E-005  3.506501832754548E-005  3.401261051156045E-005  3.246490558767980E-005
   1037.50014535055       6.176308789141871E-005  6.030709685790802E-005  5.873881781801865E-005  5.704280069447352E-005  5.518091494654025E-005  5.310547071085152E-005  5.073369642153073E-005  4.939569133881925E-005  4.792352917239049E-005  4.627993335641932E-005  4.519189641116559E-005  4.441609929158872E-005  4.316500363674788E-005  4.226533063409596E-005  4.080270989376398E-005  3.974253404772338E-005  3.918348934250468E-005  3.860263821829343E-005  3.799647818188003E-005  3.735900479012589E-005  3.667916516569355E-005  3.508784539913527E-005  3.404142512998620E-005  3.250379836458422E-005
   1042.50014605104       6.163688145888646E-005  6.019084150987328E-005  5.863929534112209E-005  5.695954010562014E-005  5.511392268577247E-005  5.305338242093896E-005  5.069612944956290E-005  4.936502574493205E-005  4.789922279775775E-005  4.626136655134333E-005  4.517617290608655E-005  4.440183559458327E-005  4.315305618559143E-005  4.225443784378325E-005  4.079319528135352E-005  3.973369125428956E-005  3.917504553516490E-005  3.859461897381669E-005  3.798894576609824E-005  3.735209080691085E-005  3.667312203212015E-005  3.508516078339974E-005  3.404226590064522E-005  3.251185163001461E-005
   1047.50014675152       6.072042018628304E-005  5.931237144771759E-005  5.780424289675975E-005  5.616937531196859E-005  5.437230024253887E-005  5.236794767411041E-005  5.007301127640363E-005  4.877696013067163E-005  4.734898047188961E-005  4.575429678914398E-005  4.469758906778719E-005  4.394389701312839E-005  4.272812759395115E-005  4.185343008648201E-005  4.043072144659525E-005  3.939857509701281E-005  3.885384102137447E-005  3.828734361763728E-005  3.769554921770107E-005  3.707238146119827E-005  3.640677560115182E-005  3.484448410010179E-005  3.381412173196651E-005  3.229648129914451E-005
   1052.50014745201       6.100678412933630E-005  5.959698094297265E-005  5.807788937153880E-005  5.643177563767668E-005  5.462588580034460E-005  5.260762804797298E-005  5.029581737628644E-005  4.898934639813368E-005  4.754952344257119E-005  4.594072869752045E-005  4.487467581105358E-005  4.411400567528079E-005  4.288637161625741E-005  4.200285008487385E-005  4.056552836981011E-005  3.952275319549540E-005  3.897255052350952E-005  3.840061786782160E-005  3.780347158111798E-005  3.717523430360208E-005  3.650503210863769E-005  3.493597145988375E-005  3.390436278194058E-005  3.238899084616520E-005
   1057.50014815249       6.070717606779222E-005  5.930771980118566E-005  5.780705547465622E-005  5.617701156519740E-005  5.439117595225206E-005  5.239439659211989E-005  5.010809942307740E-005  4.881614202586012E-005  4.739188582005989E-005  4.579915494173923E-005  4.474302663871763E-005  4.398890887439988E-005  4.277113653916562E-005  4.189383357617754E-005  4.046524905792908E-005  3.942776798115662E-005  3.888007120575780E-005  3.831054575212580E-005  3.771589891485532E-005  3.709020481932782E-005  3.642277246912773E-005  3.486059599039415E-005  3.383384344702086E-005  3.232626723006992E-005
   1062.50014885298       6.045478945746393E-005  5.906961280752381E-005  5.758024891762964E-005  5.596653048988593E-005  5.419313817841943E-005  5.221281539290833E-005  4.994280888671110E-005  4.865951174198923E-005  4.724426226783075E-005  4.566157029468522E-005  4.461163892739419E-005  4.386158530401762E-005  4.265015104465964E-005  4.177707619534295E-005  4.035478386952565E-005  3.932134315239671E-005  3.877561469052725E-005  3.820806787129081E-005  3.761531119051293E-005  3.699156765404679E-005  3.632617258459161E-005  3.476912575458833E-005  3.374601857128078E-005  3.224424969763742E-005
   1067.50014955346       5.904855307226184E-005  5.773501116681361E-005  5.631896982490941E-005  5.478594241987198E-005  5.310027377772325E-005  5.121181022678365E-005  4.904336093697680E-005  4.781505674001107E-005  4.645974846396188E-005  4.494159006233032E-005  4.393354799810036E-005  4.321333703278260E-005  4.204920398433928E-005  4.120983161990150E-005  3.984100186397279E-005  3.884509521303636E-005  3.831854201070537E-005  3.777029128425460E-005  3.719679600852952E-005  3.659219490670725E-005  3.594565864556414E-005  3.442575589464063E-005  3.342189863144851E-005  3.194204598841536E-005
   1072.50015025395       5.964454292571505E-005  5.830329629784817E-005  5.686205230830467E-005  5.529453584249133E-005  5.357143378436209E-005  5.164259835264540E-005  4.942873882354657E-005  4.817559259617206E-005  4.679326945852084E-005  4.524668341964577E-005  4.422059719144921E-005  4.348740296905284E-005  4.230334722816427E-005  4.144965703137350E-005  4.005843059485928E-005  3.904683879380188E-005  3.851230632830890E-005  3.795602967118017E-005  3.737465814236238E-005  3.676240789644948E-005  3.610876352844771E-005  3.457696187174201E-005  3.356887345214730E-005  3.208701826120993E-005
   1077.50015095443       5.950958462065221E-005  5.817602957279568E-005  5.673842930412594E-005  5.517971709093027E-005  5.346554897649868E-005  5.154480770618990E-005  4.934010587501876E-005  4.809174638220332E-005  4.671435309756061E-005  4.517293999956488E-005  4.414976184001352E-005  4.341887919568961E-005  4.223810228831181E-005  4.138681059635343E-005  3.999926321224723E-005  3.899024448581564E-005  3.845707241369311E-005  3.790223526804594E-005  3.732235342901041E-005  3.671172353667880E-005  3.605984134125222E-005  3.453278677085940E-005  3.352822123264697E-005  3.205202403012489E-005
   1082.50015165492       5.889885066648065E-005  5.759959982407118E-005  5.619876201065344E-005  5.467382105599619E-005  5.299261641511041E-005  5.110781571645059E-005  4.894070811463683E-005  4.771287039477415E-005  4.635825361481138E-005  4.484199141216728E-005  4.383576589902357E-005  4.311706917847188E-005  4.195568859215790E-005  4.111865325805712E-005  3.975379218924854E-005  3.876093412332615E-005  3.823608586409633E-005  3.768964685277796E-005  3.711831157430349E-005  3.651628118476001E-005  3.587302602240710E-005  3.436350260782860E-005  3.336841406847182E-005  3.190343861338539E-005
   1087.50015235540       5.852976260788998E-005  5.730316869499613E-005  5.596694618126083E-005  5.450841509611665E-005  5.288946064588670E-005  5.105510263669903E-005  4.893065273871011E-005  4.772019978277445E-005  4.637921521235573E-005  4.487323844424977E-005  4.387121286002331E-005  4.315446591782306E-005  4.199450857428440E-005  4.115742039518772E-005  3.979091521531141E-005  3.879589678048915E-005  3.826962365041462E-005  3.772166452016459E-005  3.714871363016831E-005  3.654508949631966E-005  3.590043487478908E-005  3.438964606762439E-005  3.339544949358251E-005  3.193401701176534E-005
   1092.50015305588       5.298196109006996E-005  5.219469220979967E-005  5.131764929980847E-005  5.033458596505742E-005  4.920899304907913E-005  4.789576423227351E-005  4.632083822895844E-005  4.539868098548021E-005  4.435826632329798E-005  4.316666392829103E-005  4.236131130292012E-005  4.177935148253473E-005  4.082731333719518E-005  4.013205496835055E-005  3.898113372985123E-005  3.812868786159018E-005  3.767200859361940E-005  3.719159634911647E-005  3.668329420360922E-005  3.614056766083973E-005  3.555233072075835E-005  3.414081612997985E-005  3.319210845833254E-005  3.177841924071001E-005
   1097.50015375637       5.645338682094050E-005  5.543765501208190E-005  5.431753394998433E-005  5.307104335751053E-005  5.166320906996064E-005  5.004333475217757E-005  4.812909966751702E-005  4.702235623237521E-005  4.578340164176010E-005  4.437700196182341E-005  4.343329265458868E-005  4.275471242665329E-005  4.165099835518163E-005  4.085004321325528E-005  3.953556070208273E-005  3.857279704208984E-005  3.806175947901470E-005  3.752829082077416E-005  3.696893448744007E-005  3.637795106676626E-005  3.574498329051717E-005  3.425558582915583E-005  3.327243531332681E-005  3.182472462195775E-005
   1102.50015445685       5.862796732653441E-005  5.737957707579929E-005  5.602718995518362E-005  5.455000904021419E-005  5.291450424198792E-005  5.107117205306959E-005  4.894007101585109E-005  4.772854573718427E-005  4.638694623337738E-005  4.488009415049743E-005  4.387673958893287E-005  4.315856973132797E-005  4.199505325658624E-005  4.115422340378820E-005  3.977956621400280E-005  3.877716282853943E-005  3.824673614793163E-005  3.769447345120486E-005  3.711718608607976E-005  3.650951190541590E-005  3.586152699091070E-005  3.434837138194202E-005  3.335698077578521E-005  3.190499467306163E-005
   1107.50015515734       5.889782500585250E-005  5.761281468927879E-005  5.622644057447130E-005  5.471481108559642E-005  5.304981388486861E-005  5.117952618916907E-005  4.902583083557902E-005  4.780253172455904E-005  4.644958866110963E-005  4.493124217605759E-005  4.392050618935498E-005  4.319718160393824E-005  4.202555194014491E-005  4.117898706183306E-005  3.979509424535967E-005  3.878638818742558E-005  3.825280683460487E-005  3.769739470872616E-005  3.711714331055126E-005  3.650678360296063E-005  3.585645994282821E-005  3.434059883867192E-005  3.334957765006215E-005  3.190098592368330E-005
   1112.50015585782       5.853020712593213E-005  5.725245143939527E-005  5.587477378830578E-005  5.437364361631089E-005  5.271984996986426E-005  5.086674446497893E-005  4.873353455855318E-005  4.752360888111514E-005  4.618679569959105E-005  4.468717065033649E-005  4.368968983359733E-005  4.297574344852526E-005  4.181988621808163E-005  4.098446903285915E-005  3.961884987616949E-005  3.862281730474326E-005  3.809564803650141E-005  3.754669180664659E-005  3.697282502486129E-005  3.636874239103637E-005  3.572465577391004E-005  3.422142043899796E-005  3.323722183962419E-005  3.179660207760656E-005
   1117.50015655831       5.830273999859638E-005  5.702925136104959E-005  5.565536794481181E-005  5.416406390282555E-005  5.252081516547408E-005  5.067909598430152E-005  4.856158719039766E-005  4.736057705052102E-005  4.603341039769604E-005  4.454462647365686E-005  4.355413645396180E-005  4.284526002560009E-005  4.169714487033199E-005  4.086700359637835E-005  3.950939440478526E-005  3.851872594676863E-005  3.799427684475316E-005  3.744802830379820E-005  3.687689869614653E-005  3.627565858782474E-005  3.563458329943862E-005  3.413854197355337E-005  3.315922323455484E-005  3.172601051510380E-005
   1122.50015725879       5.832425328828200E-005  5.705156032638981E-005  5.568399825386945E-005  5.419787777883585E-005  5.255793328223758E-005  5.072005729961288E-005  4.860345884321764E-005  4.740208805556381E-005  4.607377827575181E-005  4.458219727201712E-005  4.358933131791668E-005  4.287833667693325E-005  4.172613394447833E-005  4.089288378166889E-005  3.952952426797234E-005  3.853450720406824E-005  3.800775384923590E-005  3.745917842132382E-005  3.688575443953866E-005  3.628237287380243E-005  3.563946425764815E-005  3.414164421661145E-005  3.316336398418893E-005  3.173478457167397E-005
   1127.50015795928       5.720399147385803E-005  5.598245052891308E-005  5.466628075262214E-005  5.323584296045425E-005  5.165690412923296E-005  4.988560337174013E-005  4.784649243505707E-005  4.668936055447825E-005  4.540905864892771E-005  4.397266360355808E-005  4.301663516815728E-005  4.233233104625833E-005  4.122359109491455E-005  4.042165765019912E-005  3.910938130127994E-005  3.815072001150182E-005  3.764262201629507E-005  3.711284044253584E-005  3.655827248907213E-005  3.597354803631406E-005  3.534896369629266E-005  3.388657807070015E-005  3.292588613500627E-005  3.151590603262738E-005
   1132.50015865976       5.716275262792790E-005  5.594634127541819E-005  5.463546641403795E-005  5.320735184876595E-005  5.163392094206359E-005  4.986610504475564E-005  4.782969933800289E-005  4.667262958317237E-005  4.539339124042617E-005  4.395682101794343E-005  4.300002876187555E-005  4.231500565286106E-005  4.120475020653307E-005  4.040159471254917E-005  3.908674816205472E-005  3.812589895492567E-005  3.761662438935443E-005  3.708562859596493E-005  3.652978917982606E-005  3.594388037131859E-005  3.531826318494341E-005  3.385516119190852E-005  3.289543167189071E-005  3.148871364168200E-005
   1137.50015936025       5.735612263304855E-005  5.612576271554469E-005  5.480415826787421E-005  5.336502607791683E-005  5.177803789070863E-005  4.999749518328282E-005  4.794668933985560E-005  4.678197227258808E-005  4.549351205193246E-005  4.404652091360119E-005  4.308232657829656E-005  4.239183971259377E-005  4.127191989829008E-005  4.046135366634371E-005  3.913358658657060E-005  3.816295786015137E-005  3.764850530577122E-005  3.711221462635425E-005  3.655112529316599E-005  3.596008948185959E-005  3.532972342307118E-005  3.385908046259262E-005  3.289717808373486E-005  3.149068594931863E-005
   1142.50016006073       5.674428819815663E-005  5.554198569514950E-005  5.424408178631924E-005  5.282859751931760E-005  5.126924072220811E-005  4.951905554432713E-005  4.750525487510443E-005  4.636245676771771E-005  4.509762738149558E-005  4.367787669480990E-005  4.273277688229000E-005  4.205577659698374E-005  4.095863815226498E-005  4.016460555283111E-005  3.886404846802185E-005  3.791300002197109E-005  3.740864149803490E-005  3.688262021982461E-005  3.633181150160006E-005  3.575104585998654E-005  3.513081771062450E-005  3.368025115760303E-005  3.272874936696353E-005  3.133405462969720E-005
   1147.50016076122       5.734348894115529E-005  5.612517791083435E-005  5.480981067622763E-005  5.337766511270978E-005  5.180011546999752E-005  5.002618485200744E-005  4.798108098173095E-005  4.681850520921866E-005  4.553150046480770E-005  4.408354573367610E-005  4.311782964304201E-005  4.242521184628092E-005  4.130060871900948E-005  4.048549122810856E-005  3.914823049055579E-005  3.816923392984572E-005  3.764997702095036E-005  3.710854869120963E-005  3.654213682799876E-005  3.594586986199229E-005  3.531067806078018E-005  3.383392017564391E-005  3.287249090633863E-005  3.147299794504790E-005
   1152.50016146170       5.716551099659296E-005  5.595684149769671E-005  5.464692652638921E-005  5.322387831241022E-005  5.165347489232890E-005  4.989140673804244E-005  4.785787073934558E-005  4.670164686023267E-005  4.542138814506811E-005  4.398037264763661E-005  4.301877329720273E-005  4.232899303201955E-005  4.120909669680716E-005  4.039708071507770E-005  3.906470960812582E-005  3.808902188332583E-005  3.757144148823080E-005  3.703177512416890E-005  3.646719752671126E-005  3.587290351876502E-005  3.523989560867189E-005  3.376869194407619E-005  3.281136676113367E-005  3.141855154943429E-005
   1157.50016216218       5.682848978926730E-005  5.562804057681794E-005  5.433219243996514E-005  5.292292805439963E-005  5.136369640607447E-005  4.961539533124616E-005  4.759919900251217E-005  4.645340473765479E-005  4.518472953178442E-005  4.375830240599589E-005  4.280644981278181E-005  4.212388304955366E-005  4.101583752136256E-005  4.021273225477622E-005  3.889456109858191E-005  3.792908967099927E-005  3.741684466463635E-005  3.688259763067817E-005  3.632346327921872E-005  3.573464679194230E-005  3.510718120828511E-005  3.364749285571895E-005  3.269651727817582E-005  3.131120009947741E-005
   1162.50016286267       5.596051472892421E-005  5.479282443765973E-005  5.353410094866328E-005  5.216520046406198E-005  5.065608728632014E-005  4.895908144875402E-005  4.700294849749852E-005  4.589119798465377E-005  4.465974686937691E-005  4.327538042427076E-005  4.235188280441139E-005  4.168943779636020E-005  4.061365697798291E-005  3.983346812473417E-005  3.855193582481426E-005  3.761181558216149E-005  3.711234946514381E-005  3.659083128516629E-005  3.604430560901773E-005  3.546782679905099E-005  3.485234309190115E-005  3.341558766311823E-005  3.247582974845614E-005  3.110214622658841E-005
   1167.50016356315       5.554455366283672E-005  5.440629011780246E-005  5.317546385634261E-005  5.183415821857142E-005  5.035380269490979E-005  4.868794667300480E-005  4.676468377157734E-005  4.567011607017194E-005  4.445745945506517E-005  4.309223155608483E-005  4.218077822777388E-005  4.152645333548982E-005  4.046316233580415E-005  3.969145552779335E-005  3.842286683139326E-005  3.749143086256488E-005  3.699630667605344E-005  3.647913039273116E-005  3.593692804273327E-005  3.536481812456010E-005  3.475378376742512E-005  3.332683296241715E-005  3.239324183625569E-005  3.102845960527088E-005
   1172.50016426364       5.639083000623505E-005  5.522008102972284E-005  5.395222239281823E-005  5.257476271984661E-005  5.105342757263804E-005  4.934079598647061E-005  4.736270810300966E-005  4.623624425829077E-005  4.498709642156373E-005  4.357943419737703E-005  4.263845797720289E-005  4.196270428676893E-005  4.086356190024953E-005  4.006513323284751E-005  3.875207749009723E-005  3.778814270020550E-005  3.727606013783539E-005  3.674165232748574E-005  3.618212795397585E-005  3.559292561879076E-005  3.496544524446208E-005  3.350951194368977E-005  3.256464428518831E-005  3.119358643745368E-005
   1177.50016496412       5.499507398270238E-005  5.388070327983443E-005  5.268345233586712E-005  5.137300846597650E-005  4.992834693357472E-005  4.830104039391067E-005  4.642034709427080E-005  4.534888254116108E-005  4.415941792389046E-005  4.281840670850154E-005  4.192179389411771E-005  4.127747705710606E-005  4.022903046018338E-005  3.946668542823109E-005  3.821155616132455E-005  3.728843967937600E-005  3.679715284921590E-005  3.628365058865798E-005  3.574500746648246E-005  3.517639899722665E-005  3.456904502225120E-005  3.315153638432515E-005  3.222526543332771E-005  3.087326307935194E-005
   1182.50016566461       5.527161340427802E-005  5.413890770364169E-005  5.292526911218752E-005  5.159800159538154E-005  5.013325968261457E-005  4.848305788275260E-005  4.657546760430738E-005  4.548906356680961E-005  4.428362028042301E-005  4.292530752703191E-005  4.201703331208975E-005  4.136482942713559E-005  4.030389442465157E-005  3.953315005540949E-005  3.826443733457998E-005  3.733185731299352E-005  3.683587798272068E-005  3.631770757491202E-005  3.577449932319933E-005  3.520157992467536E-005  3.459035020859943E-005  3.316745329756072E-005  3.224056821420001E-005  3.089117909134267E-005
   1187.50016636509       5.480007099136809E-005  5.369147992396031E-005  5.249558091307665E-005  5.119196581691083E-005  4.974969072712332E-005  4.812704084356390E-005  4.625294766062036E-005  4.518486710257421E-005  4.400006718713566E-005  4.266477782411122E-005  4.177185845657956E-005  4.113050702152846E-005  4.008656960036927E-005  3.932762668436027E-005  3.807729295491974E-005  3.715724937642224E-005  3.666742782553542E-005  3.615537452708045E-005  3.561813841187333E-005  3.505101741273395E-005  3.444536008257372E-005  3.303310567416918E-005  3.211133712169127E-005  3.076692713034398E-005
   1192.50016706558       5.569349250113354E-005  5.455941857687381E-005  5.333272846739713E-005  5.199463803692897E-005  5.051683360965941E-005  4.885090906124847E-005  4.692344099862670E-005  4.582425330267318E-005  4.460349783442184E-005  4.322582240401671E-005  4.230284116399704E-005  4.163909186169537E-005  4.055771081525840E-005  3.977047288521400E-005  3.847223600543127E-005  3.751637457946258E-005  3.700763552096088E-005  3.647616316674726E-005  3.591924790561523E-005  3.533261340670735E-005  3.470805488135264E-005  3.326226670253932E-005  3.232741848813044E-005  3.097575563103547E-005
   1197.50016776606       5.447791181340707E-005  5.338105703548040E-005  5.219538273429650E-005  5.090383174075804E-005  4.947575875609211E-005  4.786884579084927E-005  4.601082564239481E-005  4.495304779120048E-005  4.377888307909040E-005  4.245487393466212E-005  4.156905424353897E-005  4.093230676716993E-005  3.989515236244324E-005  3.914055011610098E-005  3.789597386091223E-005  3.697923460115028E-005  3.649092057587821E-005  3.598032032672998E-005  3.544462138890113E-005  3.487929900835447E-005  3.427596167695266E-005  3.287161569537284E-005  3.195715483078066E-005  3.062625128559314E-005
   1202.50016846655       5.483162271034443E-005  5.373197893850097E-005  5.254024126840611E-005  5.124325866353095E-005  4.981025818209014E-005  4.819440279420732E-005  4.632413100309086E-005  4.525683714678638E-005  4.407067511670939E-005  4.273120294849105E-005  4.183360178169131E-005  4.118780842103750E-005  4.013507406251090E-005  3.936846005189597E-005  3.810323451889533E-005  3.717072314311949E-005  3.667403271493952E-005  3.615474216263017E-005  3.561017666232398E-005  3.503595513561366E-005  3.442390422924301E-005  3.300409411018243E-005  3.208386581185992E-005  3.075070900125708E-005
   1207.50016916703       5.447232537016462E-005  5.338402191197214E-005  5.221232744969068E-005  5.093042440442878E-005  4.951521852808705E-005  4.791658097725466E-005  4.606720572767279E-005  4.501106511527957E-005  4.383641403937523E-005  4.251044017848614E-005  4.162218592806797E-005  4.098315940262862E-005  3.994139105194678E-005  3.918273458792975E-005  3.793081981036263E-005  3.700809483171615E-005  3.651655095474552E-005  3.600255660247261E-005  3.546340999169611E-005  3.489468700037938E-005  3.428826909551849E-005  3.288042293195824E-005  3.196727238868618E-005  3.064353740441731E-005
   1212.50016986752       5.446207727673264E-005  5.337417372672243E-005  5.219925658452607E-005  5.091952577732215E-005  4.950507779341719E-005  4.790877236253138E-005  4.606160506637769E-005  4.500638059515984E-005  4.383413265526365E-005  4.250945224770414E-005  4.162201631458225E-005  4.098310251019816E-005  3.994153857988740E-005  3.918246270642942E-005  3.792890593278714E-005  3.700417513407840E-005  3.651127606953083E-005  3.599573102052555E-005  3.545485641128845E-005  3.488429278877093E-005  3.427602864041551E-005  3.286537672932406E-005  3.195173514793472E-005  3.062883248623729E-005
   1217.50017056800       5.463469351718979E-005  5.354828978367957E-005  5.237810513504086E-005  5.109493007310546E-005  4.967592976356320E-005  4.807539345695326E-005  4.621903643307453E-005  4.515903546193054E-005  4.397948641740881E-005  4.264581843422481E-005  4.175091823881926E-005  4.110635657359190E-005  4.005445936369107E-005  3.928711576588605E-005  3.801860312199222E-005  3.708174780511181E-005  3.658218249591111E-005  3.605961797442364E-005  3.551147911616315E-005  3.493349148949689E-005  3.431793505520076E-005  3.289436784295245E-005  3.197602015196176E-005  3.065142225197847E-005
   1222.50017126848       5.439010418731900E-005  5.331604644922332E-005  5.215264413516708E-005  5.088374695098778E-005  4.947848494040781E-005  4.789269915861733E-005  4.605403313197772E-005  4.500287106371253E-005  4.383274412619123E-005  4.250936946439009E-005  4.162138308012176E-005  4.098151447208243E-005  3.993696443531223E-005  3.917478618502479E-005  3.791404160796022E-005  3.698261484498926E-005  3.648566667940104E-005  3.596571039146547E-005  3.542010043675867E-005  3.484465720385989E-005  3.423165192443932E-005  3.281378999571657E-005  3.189922872674044E-005  3.058036913697962E-005
   1227.50017196897       5.399682967139084E-005  5.293911700965091E-005  5.179632890253858E-005  5.054648040302467E-005  4.916275590575588E-005  4.760035774099649E-005  4.578834311740105E-005  4.475299872329182E-005  4.360033256613388E-005  4.229619835649605E-005  4.142076476896598E-005  4.078970191855157E-005  3.975863064078278E-005  3.900591419829181E-005  3.775935461049872E-005  3.683705774702658E-005  3.634459476818643E-005  3.582896844991475E-005  3.528754925601458E-005  3.471615944537118E-005  3.410718721261451E-005  3.269799948933450E-005  3.178871439416713E-005  3.047707540446467E-005
   1232.50017266945       5.392288497716554E-005  5.286938877032627E-005  5.173284551093067E-005  5.048537972713692E-005  4.910655890291847E-005  4.754558686294589E-005  4.573536822065231E-005  4.470000724837004E-005  4.354810411246582E-005  4.224390798791494E-005  4.136813462465835E-005  4.073699819413633E-005  3.970604900720606E-005  3.895319513482635E-005  3.770702691476817E-005  3.678528568644128E-005  3.629317187302148E-005  3.577792925540005E-005  3.523702310164820E-005  3.466624222356806E-005  3.405805271615875E-005  3.265148180702188E-005  3.174475023548239E-005  3.043794595272043E-005
   1237.50017336994       5.377315504693000E-005  5.272596651415333E-005  5.159257601714009E-005  5.035271638008179E-005  4.898096297671496E-005  4.742935591381075E-005  4.562931483069083E-005  4.459968843210861E-005  4.345407070014743E-005  4.215679946286320E-005  4.128523531650674E-005  4.065705218780544E-005  3.963034835911524E-005  3.888022414475050E-005  3.763720412955239E-005  3.671671124394215E-005  3.622487611776482E-005  3.570966196743459E-005  3.516851403109242E-005  3.459734004804394E-005  3.398872207268390E-005  3.258221592135006E-005  3.167662871746516E-005  3.037290343055346E-005
   1242.50017407042       5.362666720032101E-005  5.258458035378621E-005  5.145441776747431E-005  5.022012263614864E-005  4.885045171825837E-005  4.730572838811857E-005  4.551338937288470E-005  4.448750994905122E-005  4.334593016273247E-005  4.205310329165400E-005  4.118458262772359E-005  4.055847563839454E-005  3.953500356707508E-005  3.878724082690007E-005  3.754801551836760E-005  3.663019103128595E-005  3.613981843081802E-005  3.562604523014996E-005  3.508641801893342E-005  3.451686619332825E-005  3.391005087601819E-005  3.250825769464626E-005  3.160632245368563E-005  3.030858303570111E-005
   1247.50017477091       5.346721439668184E-005  5.243706371472501E-005  5.132318714865159E-005  5.010359509329556E-005  4.875334995518338E-005  4.722374909803669E-005  4.544659403673030E-005  4.442911990013996E-005  4.329551445432757E-005  4.201009997732767E-005  4.114586008382728E-005  4.052198843045492E-005  3.950145450123281E-005  3.875486177715952E-005  3.751621119307475E-005  3.659772516432985E-005  3.610653853324096E-005  3.559181331666315E-005  3.505095888688300E-005  3.448000602233413E-005  3.387170014812832E-005  3.246761851070253E-005  3.156563285846639E-005  3.027014546521609E-005
   1252.50017547139       5.312632652511426E-005  5.210594695968448E-005  5.100527647996180E-005  4.979830755034543E-005  4.845682690727454E-005  4.694330550613065E-005  4.518350485926765E-005  4.417584704444935E-005  4.305296027735113E-005  4.178029407213842E-005  4.092495478276873E-005  4.030776615080781E-005  3.929828709238094E-005  3.856025879542789E-005  3.733607897260201E-005  3.642845912632414E-005  3.594313009543627E-005  3.543437684394276E-005  3.489971297980913E-005  3.433507601231786E-005  3.373319013817291E-005  3.234232786120320E-005  3.144756933631630E-005  3.016059982877794E-005
   1257.50017617188       5.273078339682755E-005  5.173840154379660E-005  5.065521142033372E-005  4.947313743781492E-005  4.815899410935422E-005  4.667230391424984E-005  4.494237183295324E-005  4.395100563335383E-005  4.284608620969581E-005  4.159244423656574E-005  4.074920300869089E-005  4.014074953714414E-005  3.914450432570770E-005  3.841529910887324E-005  3.720452426999067E-005  3.630542587379783E-005  3.582412167678811E-005  3.531925397068681E-005  3.478820195417220E-005  3.422696832974268E-005  3.362830248180645E-005  3.224405877443590E-005  3.135336687553871E-005  3.007216415700585E-005
   1262.50017687236       5.263672512175090E-005  5.164534444793292E-005  5.057726481859075E-005  4.940193609901992E-005  4.809496696004616E-005  4.661614138554633E-005  4.489703260228771E-005  4.391085117727033E-005  4.281035470972439E-005  4.156063502525992E-005  4.071942541508550E-005  4.011144461492072E-005  3.911560582773392E-005  3.838601971915362E-005  3.717287920838917E-005  3.627079568218344E-005  3.578754259498105E-005  3.528042080582455E-005  3.474694227558070E-005  3.418310888089890E-005  3.358182336493365E-005  3.219354342046852E-005  3.130220531112859E-005  3.002284292756257E-005
   1267.50017757285       5.252609319020985E-005  5.154436273387669E-005  5.047777527633082E-005  4.930966149850433E-005  4.801119175258679E-005  4.653810295639455E-005  4.482184946344811E-005  4.383688485210616E-005  4.273637996603356E-005  4.148735123345540E-005  4.064616913206056E-005  4.003898267852147E-005  3.904376693456241E-005  3.831482863847924E-005  3.710298133562481E-005  3.620224902993443E-005  3.571977176326376E-005  3.521351835398769E-005  3.468098104522775E-005  3.411824673643219E-005  3.351831232853723E-005  3.213383743657068E-005  3.124562040880882E-005  2.997155818411880E-005
   1272.50017827333       5.226911450274978E-005  5.132983938623556E-005  5.030490287216391E-005  4.917682937396566E-005  4.791472210802737E-005  4.647586722727120E-005  4.479071102979655E-005  4.381930625494714E-005  4.273151584766459E-005  4.149257408683845E-005  4.065593940470754E-005  4.005056547649266E-005  3.905705016304306E-005  3.832784131368900E-005  3.711295582889431E-005  3.620806511470116E-005  3.572284024850693E-005  3.521336119053897E-005  3.467721646295874E-005  3.411052437901423E-005  3.350645138671930E-005  3.211450119770781E-005  3.122385705814183E-005  2.994997968796176E-005
   1277.50017897382       5.093607539261071E-005  5.014600606919100E-005  4.926835689065025E-005  4.828969838517129E-005  4.717817564183555E-005  4.589045057465242E-005  4.434980649772327E-005  4.344894732294951E-005  4.242864240287641E-005  4.125406804087934E-005  4.045407645797464E-005  3.987199688529530E-005  3.891140020311415E-005  3.820252724605772E-005  3.701514468385173E-005  3.612595068899788E-005  3.564761876582237E-005  3.514426763375518E-005  3.461338160064192E-005  3.405102320528817E-005  3.345032802946545E-005  3.206256834875529E-005  3.117354409177587E-005  2.990265870557445E-005
   1282.50017967430       4.492557111526356E-005  4.444749800025925E-005  4.391018760122799E-005  4.329913261526483E-005  4.258727379724132E-005  4.174023062570425E-005  4.070055394605241E-005  4.007894878401869E-005  3.936484068495270E-005  3.853024665286550E-005  3.795515779611064E-005  3.753339856853054E-005  3.683185264934777E-005  3.630970945727988E-005  3.542538553439194E-005  3.475307800730019E-005  3.438663300727174E-005  3.399653282655136E-005  3.357888172053263E-005  3.312804490398322E-005  3.263499241206991E-005  3.144313185254974E-005  3.064255557224450E-005  2.945915393860736E-005
   1287.50018037478       5.081540323913143E-005  5.000337614839461E-005  4.910803194775745E-005  4.811085230535613E-005  4.698171411732418E-005  4.567576961469567E-005  4.412149333063906E-005  4.321529872716125E-005  4.219182504761724E-005  4.101605026430044E-005  4.021682548030557E-005  3.963604679521696E-005  3.867866458856730E-005  3.797295631120595E-005  3.679208822082914E-005  3.590847382162732E-005  3.543335916890049E-005  3.493353074526753E-005  3.440651219566528E-005  3.384838511115367E-005  3.325241823143503E-005  3.187650930857856E-005  3.099565482986331E-005  2.973662696051888E-005
   1292.50018107527       5.145408572257814E-005  5.053995636651049E-005  4.954211669492247E-005  4.844507518551787E-005  4.721793634511205E-005  4.581877034345373E-005  4.417803571713160E-005  4.323217338496210E-005  4.217262766570162E-005  4.096566914195524E-005  4.015041376449263E-005  3.955988621519904E-005  3.859016881623237E-005  3.787792920655784E-005  3.668947985103934E-005  3.580242352671331E-005  3.532608295412184E-005  3.482537884822378E-005  3.429782889403846E-005  3.373960389229892E-005  3.314402301693650E-005  3.177125158530060E-005  3.089361991562534E-005  2.963948686439344E-005
   1297.50018177575       5.153470862936944E-005  5.059985225126459E-005  4.958766230709292E-005  4.847218585668485E-005  4.723268912906795E-005  4.582274777396200E-005  4.417480751423613E-005  4.322635727634166E-005  4.216626641177739E-005  4.095935218327001E-005  4.014410376944647E-005  3.955344422901462E-005  3.858354940316482E-005  3.787045840422422E-005  3.667962232997373E-005  3.578971471238882E-005  3.531140980174428E-005  3.480836283479717E-005  3.427806560672672E-005  3.371677786091312E-005  3.311800237188484E-005  3.173967417874943E-005  3.086072953757095E-005  2.960804437727576E-005
   1302.50018247624       5.135069501302866E-005  5.041303973376067E-005  4.939765509488280E-005  4.828252890410423E-005  4.703834562834850E-005  4.563111417899202E-005  4.398735139026804E-005  4.304275276628568E-005  4.198716850478308E-005  4.078549011013474E-005  3.997449914712051E-005  3.938714268763765E-005  3.842308982769800E-005  3.771457539508435E-005  3.653219362793619E-005  3.564924086092854E-005  3.517479326217096E-005  3.467592109885160E-005  3.415019804189015E-005  3.359377294045544E-005  3.300018953176631E-005  3.163344437158533E-005  3.076136326754336E-005  2.951765304118679E-005
   1307.50018317672       5.131620467488642E-005  5.038461962406619E-005  4.937071506356765E-005  4.825751382757667E-005  4.702266810407914E-005  4.562022506404483E-005  4.398543467588037E-005  4.304512222353074E-005  4.199361298171016E-005  4.079539813482141E-005  3.998623627465560E-005  3.940011692749216E-005  3.843616008799209E-005  3.772691575819598E-005  3.654120814857786E-005  3.565382137499862E-005  3.517640160908522E-005  3.467400460861772E-005  3.414414191077511E-005  3.358313004228074E-005  3.298463829673702E-005  3.160852805799848E-005  3.073295234888585E-005  2.948789772328411E-005
   1312.50018387721       5.084909600492035E-005  4.992910699800689E-005  4.893119218681327E-005  4.783334562731414E-005  4.661580694887787E-005  4.523550248168566E-005  4.362599146370398E-005  4.270137056874289E-005  4.166776948704699E-005  4.049063130013314E-005  3.969559703461504E-005  3.911968127301972E-005  3.817295393402602E-005  3.747620483675411E-005  3.631100536939551E-005  3.543859110322272E-005  3.496905252283666E-005  3.447474954747436E-005  3.395311704935357E-005  3.340042056028138E-005  3.281031401330146E-005  3.145113774850406E-005  3.058449052218733E-005  2.934965816541577E-005
   1317.50018457769       5.057526823465551E-005  4.966374362285656E-005  4.867735037890120E-005  4.759414567250850E-005  4.639371593425639E-005  4.502954057446073E-005  4.343826599891009E-005  4.252418863375745E-005  4.150105819627668E-005  4.033584500017831E-005  3.954824661181365E-005  3.897758110966916E-005  3.803909270236283E-005  3.734820798439062E-005  3.619219115621414E-005  3.532603193895936E-005  3.485951175456664E-005  3.436810078342955E-005  3.384929636982203E-005  3.329929680637059E-005  3.271168915481432E-005  3.135757168479283E-005  3.049415480105539E-005  2.926430963997865E-005
   1322.50018527818       5.078396662481595E-005  4.986868407640271E-005  4.887861297049916E-005  4.779052404373466E-005  4.657990426117684E-005  4.520770975346998E-005  4.360539599766090E-005  4.268356745893343E-005  4.165244913028027E-005  4.047671859164372E-005  3.968147078982324E-005  3.910495486808287E-005  3.815590659535927E-005  3.745662418766178E-005  3.628532465857343E-005  3.540685148011043E-005  3.493347258340284E-005  3.443472452869744E-005  3.390815289085673E-005  3.335006076989863E-005  3.275428843830947E-005  3.138505973816359E-005  3.051564749557647E-005  2.928226807007489E-005
   1327.50018597866       5.045029283597467E-005  4.954150009499533E-005  4.855382300762000E-005  4.747462590233964E-005  4.627158932241391E-005  4.490920107711561E-005  4.331953862206226E-005  4.240468193200657E-005  4.138243589055196E-005  4.021802438807220E-005  3.943122370352356E-005  3.886129401620715E-005  3.792366365321598E-005  3.723312335204473E-005  3.607737203739354E-005  3.521072756512918E-005  3.474363953867894E-005  3.425152808866608E-005  3.373174700694778E-005  3.318057548887575E-005  3.259183859771583E-005  3.123679889570533E-005  3.037480787959376E-005  2.914949144967702E-005
   1332.50018667915       5.037402029782295E-005  4.947150387054280E-005  4.849504261002189E-005  4.742273034281585E-005  4.623012032895888E-005  4.487834873357290E-005  4.329956081021347E-005  4.239020036271899E-005  4.137358503480950E-005  4.021469269152506E-005  3.943056278571476E-005  3.886194672559988E-005  3.792583225140532E-005  3.723550579097694E-005  3.607832790935615E-005  3.520924354650003E-005  3.474040085466512E-005  3.424598511247979E-005  3.372348058027775E-005  3.316919807045666E-005  3.257704073162902E-005  3.121561739755485E-005  3.035171165101199E-005  2.912707716474898E-005
   1337.50018737963       5.016880635184827E-005  4.927354883236038E-005  4.830688654559802E-005  4.723990125469360E-005  4.605832509697386E-005  4.471627742326981E-005  4.314884460892031E-005  4.224633395703959E-005  4.123680567074176E-005  4.008550302474239E-005  3.930658762743329E-005  3.874155150819348E-005  3.781113245071829E-005  3.712500338255096E-005  3.597443915831775E-005  3.510986757361690E-005  3.464329206584228E-005  3.415108758495796E-005  3.363079044593134E-005  3.307872484377756E-005  3.248877275135094E-005  3.113228079258558E-005  3.027183926973608E-005  2.905274707947697E-005
   1342.50018808012       5.007085971660329E-005  4.918758873352638E-005  4.822763005154462E-005  4.717369391336063E-005  4.599681496054422E-005  4.466672442121603E-005  4.311100253541439E-005  4.221387859191775E-005  4.121049653714757E-005  4.006385710737994E-005  3.928738004120478E-005  3.872401108531260E-005  3.779503415847310E-005  3.710922109525935E-005  3.595744574323257E-005  3.509072153829803E-005  3.462261299031765E-005  3.412864678843030E-005  3.360620802208058E-005  3.305176249684054E-005  3.245929154521693E-005  3.109823520025727E-005  3.023654499627858E-005  2.901838743558993E-005
   1347.50018878060       4.988300492462448E-005  4.900640779171645E-005  4.805243990355373E-005  4.700648685034714E-005  4.584318136821989E-005  4.452236625255203E-005  4.297785006142641E-005  4.208771078287087E-005  4.109109104516981E-005  3.995245095769793E-005  3.918135957075239E-005  3.862097231411050E-005  3.769749205586218E-005  3.701531640315933E-005  3.586885501285700E-005  3.500563859444700E-005  3.453922708505003E-005  3.404674438270708E-005  3.352570371412673E-005  3.297246541043884E-005  3.238111068480246E-005  3.102254058413266E-005  3.016299014517904E-005  2.894887465090573E-005
   1352.50018948108       4.961343874722422E-005  4.874600391484522E-005  4.780687431716641E-005  4.677459337507860E-005  4.562476495656625E-005  4.431944803997177E-005  4.279255872074222E-005  4.191297969081433E-005  4.092630008977593E-005  3.979967794384259E-005  3.903612415394853E-005  3.848191142776427E-005  3.756705019549663E-005  3.689116299959445E-005  3.575458367631093E-005  3.489802828438644E-005  3.443476922012003E-005  3.394537577267317E-005  3.342722130712811E-005  3.287661686272931E-005  3.228773424646906E-005  3.093405821905856E-005  3.007757840761482E-005  2.886802672205823E-005
   1357.50019018157       4.928132065097959E-005  4.842091305666401E-005  4.748533360542759E-005  4.645998971894255E-005  4.532024876046426E-005  4.402451960300890E-005  4.250985147748327E-005  4.163831122469381E-005  4.066194412153977E-005  3.954770932811247E-005  3.879288279201786E-005  3.824490546713136E-005  3.734105146353759E-005  3.667351232124534E-005  3.555188649026522E-005  3.470658948744186E-005  3.424944290877819E-005  3.376645762174765E-005  3.325497379081945E-005  3.271134492700867E-005  3.212951105363174E-005  3.079017478985209E-005  2.994127917491925E-005  2.874017994145533E-005
   1362.50019088205       4.931607851618031E-005  4.846069050111949E-005  4.752950272766537E-005  4.650780246328066E-005  4.537051746520397E-005  4.407718888164232E-005  4.256481396130312E-005  4.169230612092704E-005  4.071509174484985E-005  3.959817891418982E-005  3.884050865872530E-005  3.829014582932164E-005  3.738176447180449E-005  3.671007956310959E-005  3.557974345667911E-005  3.472712359152813E-005  3.426566612594173E-005  3.377803228023201E-005  3.326148860502079E-005  3.271247307052808E-005  3.212509390705427E-005  3.077536234816078E-005  2.992240523447831E-005  2.871930494559925E-005
   1367.50019158254       4.906351822630244E-005  4.821251532813959E-005  4.729133031335211E-005  4.628158356371758E-005  4.515388533448607E-005  4.387441673864832E-005  4.237775920388939E-005  4.151482748357031E-005  4.054730989240827E-005  3.944122706052534E-005  3.869146024241638E-005  3.814654412007775E-005  3.724703885001137E-005  3.658187202021323E-005  3.546226498386796E-005  3.461702842953549E-005  3.415938935034237E-005  3.367552601363541E-005  3.316271220937907E-005  3.261735444141357E-005  3.203351117921367E-005  3.069091882697923E-005  2.984233122298468E-005  2.864568730958439E-005
   1372.50019228302       4.851992476092559E-005  4.769417995762331E-005  4.679042093011711E-005  4.580246929556331E-005  4.470415624901088E-005  4.345311356031973E-005  4.198787973085228E-005  4.114371545997876E-005  4.019794645960133E-005  3.911670740520588E-005  3.838368006231522E-005  3.785084687294198E-005  3.697086255761817E-005  3.632006938707979E-005  3.522321264839624E-005  3.439412543492552E-005  3.394464644642758E-005  3.346890560701501E-005  3.296415603947129E-005  3.242658510835789E-005  3.185027532953769E-005  3.052185358163741E-005  2.968027585948738E-005  2.849110385767053E-005
   1377.50019298351       4.861166788054532E-005  4.778186147485155E-005  4.687881956244975E-005  4.588473657822937E-005  4.478066956239984E-005  4.352523236313168E-005  4.205736481938876E-005  4.121068420181851E-005  4.026132188829503E-005  3.917558697633583E-005  3.843938279598782E-005  3.790378815908482E-005  3.701898401560415E-005  3.636388228104272E-005  3.525916680578676E-005  3.442349760052961E-005  3.397024879631564E-005  3.349046114406753E-005  3.298134741427245E-005  3.243926231818591E-005  3.185825870872686E-005  3.052127994372693E-005  2.967679612916655E-005  2.848729701957283E-005
   1382.50019368399       4.848598638232038E-005  4.766565529348692E-005  4.677014760356786E-005  4.578260880758092E-005  4.468554357172157E-005  4.344089830694809E-005  4.198323639536146E-005  4.114145190996319E-005  4.019835763649393E-005  3.911945632126246E-005  3.838654254046261E-005  3.785366759992050E-005  3.697163793050091E-005  3.631832077037453E-005  3.521515592822583E-005  3.437947388113842E-005  3.392580124818909E-005  3.344527308601500E-005  3.293502005130032E-005  3.239146584752024E-005  3.180873755654811E-005  3.046841043818063E-005  2.962316539542379E-005  2.843481307568373E-005
   1387.50019438448       4.852497515475560E-005  4.770928360098251E-005  4.681262106637698E-005  4.583511720752291E-005  4.474110178378608E-005  4.349771009154985E-005  4.203974140470147E-005  4.119742978775310E-005  4.025249231122534E-005  3.917058158038489E-005  3.843506753411091E-005  3.789947803323571E-005  3.701328971248920E-005  3.635585224072585E-005  3.524489714177233E-005  3.440225623023270E-005  3.394453514320660E-005  3.345941221242848E-005  3.294412919637834E-005  3.239508889297584E-005  3.180652418844566E-005  3.045465055518760E-005  2.960465603791958E-005  2.841341281310335E-005
   1392.50019508496       4.815118670597121E-005  4.734175285265446E-005  4.646795263692185E-005  4.550092000497785E-005  4.442719775473631E-005  4.320024193037050E-005  4.176504191496423E-005  4.093657885978626E-005  4.000623514692690E-005  3.894048369424424E-005  3.821578573407289E-005  3.768844567540568E-005  3.681618899171950E-005  3.616891863539849E-005  3.507496880436941E-005  3.424489721497176E-005  3.379387703497371E-005  3.331567254741620E-005  3.280746960220441E-005  3.226552967167419E-005  3.168416726272006E-005  3.034662575949826E-005  2.950427680549747E-005  2.832256029038552E-005
   1397.50019578545       4.803661330958652E-005  4.723017243211720E-005  4.635319506279699E-005  4.539001468790658E-005  4.432321440509719E-005  4.310479199581340E-005  4.167604023029359E-005  4.085240272061237E-005  3.992626540382892E-005  3.886599841750286E-005  3.814514563708074E-005  3.762042476907134E-005  3.675170071653396E-005  3.610687217804373E-005  3.501618921950096E-005  3.418769043121948E-005  3.373703461138480E-005  3.325902252437375E-005  3.275072124737126E-005  3.220834592645936E-005  3.162627549460551E-005  3.028737270675770E-005  2.944517366834714E-005  2.826540849340868E-005
   1402.50019648593       4.781455584801407E-005  4.701424223420678E-005  4.614568965134497E-005  4.519411097600885E-005  4.412754942954054E-005  4.291519614909004E-005  4.149354587975946E-005  4.067328050747092E-005  3.975298892644017E-005  3.869926837762021E-005  3.798311916257815E-005  3.746163645364791E-005  3.659842494600811E-005  3.595757771765746E-005  3.487403741368917E-005  3.405083089502625E-005  3.360302114814952E-005  3.312789789752458E-005  3.262253262361276E-005  3.208322973509509E-005  3.150418794308653E-005  3.017151893436161E-005  2.933295757137507E-005  2.815770851683610E-005
   1407.50019718641       4.778683129451594E-005  4.699499120314198E-005  4.613261679102452E-005  4.518093831117190E-005  4.412150704038844E-005  4.291813986136641E-005  4.150686804369461E-005  4.069086887573462E-005  3.977398654571502E-005  3.872252224611002E-005  3.800683074360308E-005  3.748561673491133E-005  3.662186610422140E-005  3.597982547692124E-005  3.489259727452290E-005  3.406533478111114E-005  3.361487989999093E-005  3.313672045893633E-005  3.262774357308006E-005  3.208433810064303E-005  3.150082430106211E-005  3.015911314776421E-005  2.931708716291000E-005  2.814078671597501E-005
   1412.50019788690       4.739908633330079E-005  4.661446958781692E-005  4.575786669617009E-005  4.482191137530304E-005  4.377898528800209E-005  4.259047762145930E-005  4.119786350405738E-005  4.039400704563157E-005  3.949092426412315E-005  3.845539520321080E-005  3.775115266545122E-005  3.723790259252308E-005  3.638758157515990E-005  3.575566003047771E-005  3.468535768745008E-005  3.387078685895839E-005  3.342714802356846E-005  3.295599007719216E-005  3.245431837791268E-005  3.191846157856470E-005  3.134265892453192E-005  3.001662935994367E-005  2.918273538595069E-005  2.801551476719141E-005
   1417.50019858738       4.744334646799515E-005  4.666471592778831E-005  4.581892132500294E-005  4.488400955416440E-005  4.384408302687225E-005  4.266223658229928E-005  4.127450822152992E-005  4.047109795699055E-005  3.956844437962686E-005  3.853262274986599E-005  3.782713706480620E-005  3.731247281875744E-005  3.645885397029949E-005  3.582387300888735E-005  3.474627656800843E-005  3.392479577687955E-005  3.347676970245803E-005  3.300056259237598E-005  3.249309070608415E-005  3.195059261334212E-005  3.136746457282348E-005  3.002570009332591E-005  2.918453345115450E-005  2.801165167146275E-005
   1422.50019928787       4.698826932323903E-005  4.621762786143599E-005  4.537784255156472E-005  4.445884835517578E-005  4.342833550951647E-005  4.226103532909244E-005  4.089193783068412E-005  4.010003284004675E-005  3.921232842996242E-005  3.819403858633569E-005  3.750078366016058E-005  3.699598247335492E-005  3.615898085117724E-005  3.553661137854103E-005  3.448129835024021E-005  3.367665941359940E-005  3.323773406134650E-005  3.277104007634621E-005  3.227345424455067E-005  3.174104134620498E-005  3.116809621890757E-005  2.984673289904212E-005  2.901605604202570E-005  2.785457450533554E-005
   1427.50019998835       4.667085580783399E-005  4.590730011544848E-005  4.507536230704665E-005  4.416115251544369E-005  4.314321151129745E-005  4.198611659447751E-005  4.063296697323656E-005  3.984945868098217E-005  3.897103473297368E-005  3.796426994097612E-005  3.727978245689927E-005  3.678077625471210E-005  3.595442791088708E-005  3.534012366220345E-005  3.429855601418966E-005  3.350471962364799E-005  3.307160716881044E-005  3.261103317993904E-005  3.211982998661871E-005  3.159406242697994E-005  3.102799407424158E-005  2.972085116499174E-005  2.889781976396597E-005  2.774534552547558E-005
   1432.50020068884       4.686679136241036E-005  4.610752609980377E-005  4.528050976501872E-005  4.437151990301833E-005  4.335459432082787E-005  4.220019278532091E-005  4.084343453627638E-005  4.005732750767261E-005  3.917328798314077E-005  3.815884881938763E-005  3.746750638417970E-005  3.696294858608194E-005  3.612573564744162E-005  3.550228526767365E-005  3.444324473008453E-005  3.363463112537407E-005  3.319305971360055E-005  3.272321484777291E-005  3.222200365765657E-005  3.168553060600898E-005  3.110824257540702E-005  2.977860727943915E-005  2.894550321343993E-005  2.778551292320494E-005
   1437.50020138932       4.682132568524932E-005  4.606484060547458E-005  4.524809157322639E-005  4.434676091462580E-005  4.334063931152764E-005  4.219367259556412E-005  4.084601455578169E-005  4.006573877514257E-005  3.918742744513585E-005  3.817829269436034E-005  3.748958653500822E-005  3.698662308870017E-005  3.615105935867150E-005  3.552799533955678E-005  3.446723794904308E-005  3.365536273209971E-005  3.321133066819576E-005  3.273838057520454E-005  3.223323430806642E-005  3.169200682777851E-005  3.110912267402287E-005  2.976715989012192E-005  2.892854906196456E-005  2.776509226308801E-005
   1442.50020208981       4.546738384794615E-005  4.474917784708255E-005  4.396641751843235E-005  4.310471461154966E-005  4.214358952366370E-005  4.105109229513574E-005  3.976863650759135E-005  3.902719946763025E-005  3.819355188639126E-005  3.723676682424514E-005  3.658512026678865E-005  3.611009398082057E-005  3.532184937619623E-005  3.473531858056302E-005  3.373902953490405E-005  3.297785167290442E-005  3.256191788338909E-005  3.211889842149700E-005  3.164555866809730E-005  3.113783730437501E-005  3.058974779249094E-005  2.931833850188774E-005  2.851405466891244E-005  2.738396277506627E-005
   1447.50020279029       4.638820912872147E-005  4.564603356968668E-005  4.483965757936258E-005  4.395271280006129E-005  4.296499547035481E-005  4.183579554973338E-005  4.051059065627578E-005  3.974253771366744E-005  3.887748075720031E-005  3.788361236856982E-005  3.720575938812772E-005  3.671011931997394E-005  3.588662845083393E-005  3.527254722425640E-005  3.422682741284034E-005  3.342603928181527E-005  3.298799420701037E-005  3.252109321624334E-005  3.202226667824682E-005  3.148755435951959E-005  3.091135057491257E-005  2.958329827806872E-005  2.875281326991041E-005  2.760037332284745E-005
   1452.50020349078       4.561881873830112E-005  4.489708321160520E-005  4.411784664563036E-005  4.325415156161756E-005  4.229269323446066E-005  4.119746419337905E-005  3.990946025641074E-005  3.916414265783094E-005  3.832494882162650E-005  3.736100612160328E-005  3.670317282580945E-005  3.622347156391965E-005  3.542660775010340E-005  3.483253540434523E-005  3.382175368614485E-005  3.304818747780436E-005  3.262492063944540E-005  3.217364255389691E-005  3.169114555098159E-005  3.117334549808512E-005  3.061441475167305E-005  2.932061770036032E-005  2.850670353087876E-005  2.737092076439946E-005
   1457.00020412121       4.591858582190696E-005  4.519030423673983E-005  4.439874849899787E-005  4.353234004329801E-005  4.256417566650822E-005  4.146165645042447E-005  4.016763687164014E-005  3.941742458917472E-005  3.857266947708540E-005  3.760102017687065E-005  3.693761271993091E-005  3.645239226515311E-005  3.564563609894714E-005  3.504294204805900E-005  3.401492450738593E-005  3.322568362639059E-005  3.279296114605773E-005  3.233115128301151E-005  3.183685957437941E-005  3.130605429425637E-005  3.073312503818984E-005  2.941014358620423E-005  2.858267909746595E-005  2.743545910099670E-005
   1462.00020482170       4.568875467993913E-005  4.496523182747409E-005  4.418110165287811E-005  4.332022416717065E-005  4.236118637327549E-005  4.126317779742393E-005  3.997374515109329E-005  3.922804793492049E-005  3.838744730823259E-005  3.742149654371066E-005  3.676245510201915E-005  3.628050681308392E-005  3.547945471101528E-005  3.488141945929996E-005  3.386223971372850E-005  3.308020743439501E-005  3.265156425853793E-005  3.219426312508436E-005  3.170479525337330E-005  3.117909851689154E-005  3.061144811790521E-005  2.929940592677287E-005  2.847770711570861E-005  2.733692274527160E-005
   1467.50020559223       4.566405724110898E-005  4.494709398890639E-005  4.417115952620007E-005  4.330895189571630E-005  4.235630477338506E-005  4.126332104108560E-005  3.997925109320562E-005  3.923612382732819E-005  3.839962023602057E-005  3.743640331730228E-005  3.677839546396629E-005  3.629732276051167E-005  3.549681388170812E-005  3.489885090040425E-005  3.387786010666243E-005  3.309311495886040E-005  3.266260853266432E-005  3.220273405604646E-005  3.171015650803717E-005  3.118073021631621E-005  3.060871327421081E-005  2.928729826809247E-005  2.846184650272594E-005  2.731987933140388E-005
   1472.50020629271       4.523740022945378E-005  4.452619912689831E-005  4.375230825751823E-005  4.290114431771505E-005  4.195375919462285E-005  4.087305956264220E-005  3.960370516322165E-005  3.886925190577626E-005  3.804330956082150E-005  3.709422169260200E-005  3.644618559952745E-005  3.597357342125692E-005  3.518743974596897E-005  3.460106660031434E-005  3.360090353416710E-005  3.283320043149048E-005  3.241216836027242E-005  3.196258640416925E-005  3.148094659952688E-005  3.096307655406348E-005  3.040312221459137E-005  2.910616450891825E-005  2.829268805647876E-005  2.716252108969258E-005
   1477.50020699320       4.497771456423237E-005  4.427358410305147E-005  4.351296258580621E-005  4.267831018388305E-005  4.174808167360251E-005  4.068321932937097E-005  3.943483097490900E-005  3.871077010827722E-005  3.789612173528373E-005  3.695895053323163E-005  3.631952225110338E-005  3.585167224596927E-005  3.507360507628391E-005  3.449249978555720E-005  3.350081583938187E-005  3.273845006767961E-005  3.232001329494070E-005  3.187289714486981E-005  3.139358496022032E-005  3.087780920276843E-005  3.031976545365515E-005  2.902644274556817E-005  2.821557132572511E-005  2.709031670055463E-005
   1482.50020769368       4.499254399801327E-005  4.429248206556642E-005  4.353691993102927E-005  4.270274597838233E-005  4.177142805919269E-005  4.071276298935593E-005  3.946259970107260E-005  3.873833954434591E-005  3.792371832676453E-005  3.698570247105645E-005  3.634519516212879E-005  3.587655066450071E-005  3.509631593625208E-005  3.451266633998301E-005  3.351577303252489E-005  3.274860557580685E-005  3.232702075908819E-005  3.187630458521660E-005  3.139287667943365E-005  3.087248122917727E-005  3.030926081013406E-005  2.900489214159684E-005  2.818903931617286E-005  2.706032887208865E-005
   1487.50020839417       4.434577323181142E-005  4.366047345702058E-005  4.292554987560309E-005  4.211810912160118E-005  4.121061129780255E-005  4.017764345499028E-005  3.896379476840341E-005  3.825967636909780E-005  3.746761223693873E-005  3.655588702417278E-005  3.593347754873419E-005  3.547804865499951E-005  3.472027931817715E-005  3.415394077579002E-005  3.318585332551592E-005  3.244050057355501E-005  3.203084916955509E-005  3.159274847927984E-005  3.112259645082297E-005  3.061620888145755E-005  3.006764983336295E-005  2.879411825624307E-005  2.799455323213777E-005  2.688441513336878E-005
   1492.50020909465       4.499402342089543E-005  4.430160220550627E-005  4.354511802090913E-005  4.272209401374198E-005  4.180093817203446E-005  4.074460398188329E-005  3.950629108764638E-005  3.878612742109155E-005  3.797509468437821E-005  3.703971684174919E-005  3.639963703243932E-005  3.593073612555258E-005  3.514940275201708E-005  3.456372649666492E-005  3.356085403512750E-005  3.278651170286668E-005  3.236027131227971E-005  3.190369073643616E-005  3.141322933664769E-005  3.088446053585605E-005  3.031161554448228E-005  2.898553226667685E-005  2.815974420956291E-005  2.702482593081394E-005
   1497.50020979514       4.462160875344139E-005  4.394049525413286E-005  4.319281485271941E-005  4.237727598380634E-005  4.146432241620086E-005  4.042054694010080E-005  3.919708816213394E-005  3.848611056893661E-005  3.768525486741277E-005  3.676355887215898E-005  3.613303680919729E-005  3.567174379693345E-005  3.490284654020852E-005  3.432718065576135E-005  3.334162537755518E-005  3.258079065833233E-005  3.216193439348490E-005  3.171330551532508E-005  3.123121385742327E-005  3.071114267574843E-005  3.014725943676996E-005  2.883939663283204E-005  2.802294372982541E-005  2.689835180203134E-005
   1502.50021049562       4.403269092104991E-005  4.336805557997847E-005  4.264449795345827E-005  4.184722582020794E-005  4.095685327347097E-005  3.993870143086155E-005  3.874209021599262E-005  3.804726991116259E-005  3.726403593731172E-005  3.636297412711186E-005  3.574724733571394E-005  3.529663505147985E-005  3.454577945131466E-005  3.398385547688610E-005  3.302174755916185E-005  3.227917135299990E-005  3.187025860054888E-005  3.143232717555194E-005  3.096159031748870E-005  3.045370177143550E-005  2.990275589043911E-005  2.862338915013533E-005  2.782283722169044E-005  2.671701232713144E-005
   1507.50021119611       4.389485576299394E-005  4.322991060524959E-005  4.250554243179670E-005  4.171323357415764E-005  4.082198454965261E-005  3.981188918641612E-005  3.862070976128249E-005  3.793071598038004E-005  3.715290252352427E-005  3.625750678614321E-005  3.564550180769767E-005  3.519781009137905E-005  3.445130816211394E-005  3.389265300660993E-005  3.293593196848482E-005  3.219707611649114E-005  3.179007158809884E-005  3.135388741513786E-005  3.088490350868163E-005  3.037853931592001E-005  2.982884784375065E-005  2.855087012265847E-005  2.775050147515491E-005  2.664454225013500E-005
   1512.50021189659       4.423281049541185E-005  4.356711544450538E-005  4.284078880637496E-005  4.203931503584708E-005  4.114106912019819E-005  4.011722090703735E-005  3.891071163127916E-005  3.821057732091778E-005  3.742232193874352E-005  3.651268799339963E-005  3.588974176101277E-005  3.543352023115157E-005  3.467263742890963E-005  3.410240890437205E-005  3.312490338258468E-005  3.236926004055050E-005  3.195271508132746E-005  3.150628269746852E-005  3.102601789158358E-005  3.050756384482294E-005  2.994492759106452E-005  2.863961147548508E-005  2.782601908780367E-005  2.670847156992912E-005
   1517.50021259708       4.413217372697567E-005  4.346374901228359E-005  4.274319125145749E-005  4.194631778248905E-005  4.105910858486660E-005  4.004479066269670E-005  3.885016796072219E-005  3.815713905096300E-005  3.737405875323216E-005  3.647119001580516E-005  3.585270912297891E-005  3.540004081886212E-005  3.464357588877608E-005  3.407638393984671E-005  3.310238779988556E-005  3.234824132636435E-005  3.193194297986822E-005  3.148539214366224E-005  3.100455118963871E-005  3.048477818131488E-005  2.992014617326929E-005  2.860888067911685E-005  2.779213098166396E-005  2.667249504741679E-005
   1522.50021329756       4.375185232566325E-005  4.309138530240224E-005  4.237817623427788E-005  4.159227618336106E-005  4.070619219386036E-005  3.970260768018826E-005  3.852003067979091E-005  3.783516052284502E-005  3.706333109336767E-005  3.617414049186433E-005  3.556522270857919E-005  3.511959396965346E-005  3.437642762689331E-005  3.381915750401843E-005  3.286349982680759E-005  3.212401320818961E-005  3.171605520056365E-005  3.127847198719240E-005  3.080729032636875E-005  3.029796359247780E-005  2.974447691590467E-005  2.845694860429613E-005  2.765255882330822E-005  2.654629459125364E-005
   1527.50021399805       4.374637275932807E-005  4.309942558192675E-005  4.237954195579308E-005  4.159906230921877E-005  4.072400662722845E-005  3.972626165582472E-005  3.855379520831857E-005  3.787108538595926E-005  3.710215364617933E-005  3.621565463344002E-005  3.560821041159157E-005  3.516300271924097E-005  3.441951331019266E-005  3.386140854840106E-005  3.290197385013584E-005  3.215762779446534E-005  3.174627945644741E-005  3.130433447090381E-005  3.082797544890773E-005  3.031242034514284E-005  2.975163619322125E-005  2.844767979328483E-005  2.763554079477316E-005  2.652355227479258E-005
   1532.50021469853       4.353002809720619E-005  4.288368760367431E-005  4.217575092190753E-005  4.139726537232561E-005  4.052704965608466E-005  3.953395066449176E-005  3.836483230287751E-005  3.768826511760739E-005  3.692364024931046E-005  3.604151698383678E-005  3.543814209967906E-005  3.499558721094131E-005  3.425744252954051E-005  3.370356023081954E-005  3.275228662795203E-005  3.201502103161223E-005  3.160779676141028E-005  3.117056437839194E-005  3.069930395785508E-005  3.018938665340184E-005  2.963468019071529E-005  2.834352569881772E-005  2.753780966341303E-005  2.643276091938400E-005
   1537.50021539901       4.335395429961847E-005  4.271400119419417E-005  4.201503731735089E-005  4.125257815744976E-005  4.039708631240420E-005  3.941792085149573E-005  3.826402827954305E-005  3.759553593873914E-005  3.684244568731372E-005  3.597358722651496E-005  3.537800219971529E-005  3.494138677466565E-005  3.421186180771691E-005  3.366378343831167E-005  3.272098475807883E-005  3.198840277090522E-005  3.158303144808770E-005  3.114707985452045E-005  3.067652976395049E-005  3.016651783859181E-005  2.961076150633975E-005  2.831495518496767E-005  2.750671762274281E-005  2.640083522436946E-005
   1542.50021609950       4.297104496458009E-005  4.233880162323514E-005  4.165105457924648E-005  4.089260485281695E-005  4.004126904326251E-005  3.907166412877882E-005  3.792934413421660E-005  3.726717456801699E-005  3.652102113614621E-005  3.565937779348086E-005  3.506867881295136E-005  3.463602447175993E-005  3.391356021879298E-005  3.337158197792351E-005  3.244061592233679E-005  3.171894988453461E-005  3.132033452984435E-005  3.089230622181534E-005  3.043092929022044E-005  2.993155130295486E-005  2.938814361289099E-005  2.812157382481364E-005  2.732947256000345E-005  2.624099721642722E-005
   1547.50021679998       4.296718182463305E-005  4.233338587858690E-005  4.165047867886864E-005  4.089639140785436E-005  4.005545198467468E-005  3.909387699561297E-005  3.796160090606205E-005  3.730582845328267E-005  3.656394637580026E-005  3.570889527234162E-005  3.512317225288023E-005  3.469324530480180E-005  3.397515361788160E-005  3.343519175703742E-005  3.250643223837998E-005  3.178447386568123E-005  3.138481102616192E-005  3.095487726007237E-005  3.049053701718667E-005  2.998682012074811E-005  2.943740707666944E-005  2.815389251949206E-005  2.735186757256439E-005  2.625365954575714E-005
   1552.50021750047       4.281407154702913E-005  4.218881032059536E-005  4.150478947785795E-005  4.075736867656035E-005  3.991851119223862E-005  3.896185815278229E-005  3.783653542805103E-005  3.718321742925918E-005  3.644680857993846E-005  3.559682475636112E-005  3.501437282436569E-005  3.458665226836799E-005  3.387255390319798E-005  3.333605610544605E-005  3.241262543627010E-005  3.169477547835301E-005  3.129727628002803E-005  3.086957943234980E-005  3.040757810843528E-005  2.990623223695882E-005  2.935914691669909E-005  2.807983349945125E-005  2.727990019045214E-005  2.618478128128983E-005
   1557.50021820095       4.248899054730078E-005  4.186565635604620E-005  4.118267517618722E-005  4.043011631488841E-005  3.958999620572986E-005  3.862857429152008E-005  3.749852777705634E-005  3.684332957624076E-005  3.610519358815188E-005  3.525519707825578E-005  3.467231538320245E-005  3.424567213496681E-005  3.353429904882813E-005  3.300088243246894E-005  3.208558370322223E-005  3.137721131140802E-005  3.098632197054456E-005  3.056684600738947E-005  3.011515520851653E-005  2.962654389188088E-005  2.909516351499145E-005  2.785677686141242E-005  2.708115973955694E-005  2.601368937454438E-005
   1562.50021890144       4.267252777749291E-005  4.205944873541346E-005  4.139397348212370E-005  4.066589016234812E-005  3.984676195184364E-005  3.891180212084328E-005  3.781003868198452E-005  3.717002071863382E-005  3.644659170804004E-005  3.560982418095558E-005  3.503591190604759E-005  3.461305881420477E-005  3.390565120885058E-005  3.337208791954565E-005  3.244966643473947E-005  3.172864193960534E-005  3.132767247145002E-005  3.089471592660183E-005  3.042536936732375E-005  2.991435100350093E-005  2.935478950132772E-005  2.804366370700787E-005  2.722745071263671E-005  2.611966401062461E-005
   1567.50021960192       4.210053736355947E-005  4.149157280002742E-005  4.082376370669804E-005  4.009589261605568E-005  3.927512877056880E-005  3.834533533207917E-005  3.724997156390305E-005  3.661508207158720E-005  3.589874525849580E-005  3.507337332987980E-005  3.450799377849598E-005  3.409337773647354E-005  3.340087531109257E-005  3.288079232277720E-005  3.198671740407792E-005  3.129217577131531E-005  3.090775379164884E-005  3.049422649435119E-005  3.004751573032325E-005  2.956270733404929E-005  2.903331413535966E-005  2.779201469355593E-005  2.701228697584488E-005  2.594054199001721E-005
   1572.50022030241       4.182224560496679E-005  4.120849845805930E-005  4.055626341708599E-005  3.982588512921173E-005  3.901694930603098E-005  3.809215558765067E-005  3.700521611666904E-005  3.637637948981882E-005  3.566611185742070E-005  3.484701126729180E-005  3.428580093024802E-005  3.387487586844537E-005  3.318729342626006E-005  3.267100781139916E-005  3.178323615346908E-005  3.109432551927326E-005  3.071336852272884E-005  3.030381935580417E-005  2.986189925222018E-005  2.938291478384156E-005  2.886057018208452E-005  2.763776493528911E-005  2.686924091541615E-005  2.581158403776853E-005
   1577.50022100289       4.148618061408483E-005  4.090225337570291E-005  4.026657180943279E-005  3.956279701515628E-005  3.877456800986048E-005  3.787645400810600E-005  3.682057036880571E-005  3.620587468041054E-005  3.551221928475558E-005  3.470954744230298E-005  3.415905045835920E-005  3.375513323765825E-005  3.307930952490252E-005  3.257082951255518E-005  3.169341864092212E-005  3.100955216273727E-005  3.062986227315621E-005  3.022049046540447E-005  2.977725534118586E-005  2.929498312745105E-005  2.876705227253892E-005  2.752681883293101E-005  2.674940444105217E-005  2.568496500560102E-005
   1582.50022170338       4.171732753754378E-005  4.112632379569329E-005  4.048522807105640E-005  3.978212568502105E-005  3.899064267773884E-005  3.809650326816414E-005  3.703814028018481E-005  3.642230568350971E-005  3.572655704094276E-005  3.492154702128945E-005  3.436813954846920E-005  3.396172849692927E-005  3.328076922925831E-005  3.276686881406446E-005  3.187885805842819E-005  3.118440362274944E-005  3.079810648309410E-005  3.038085664603017E-005  2.992832945591010E-005  2.943494028197665E-005  2.889398304658754E-005  2.762185809683120E-005  2.682685541092562E-005  2.574515875839554E-005
   1587.50022240386       4.032127651931696E-005  3.973214284899856E-005  3.909428703443501E-005  3.839719934990928E-005  3.761474918642878E-005  3.672251689200937E-005  3.567793560275855E-005  3.507513325872362E-005  3.439501501671113E-005  3.361495133477913E-005  3.308355640392368E-005  3.269538221306831E-005  3.205078094920375E-005  3.157003952562923E-005  3.075139433109805E-005  3.012288485330896E-005  2.977786485798161E-005  2.940889429194366E-005  2.901252631779766E-005  2.858438048238521E-005  2.811812830817211E-005  2.701891897316904E-005  2.631439464860774E-005  2.532317100608929E-005
   1592.50022310435       4.122958998201078E-005  4.064955153127997E-005  4.002433166485995E-005  3.933715075525232E-005  3.856644780515085E-005  3.768954858303789E-005  3.665366744464897E-005  3.605139375479109E-005  3.536906974410115E-005  3.458187704369278E-005  3.403990874442734E-005  3.364156197660782E-005  3.297442642804694E-005  3.247165396484926E-005  3.160232957757999E-005  3.092337338386152E-005  3.054597466221191E-005  3.013873000344845E-005  2.969719862002115E-005  2.921620999829070E-005  2.868888215318348E-005  2.744681272876068E-005  2.666700070605820E-005  2.560142220375657E-005
   1597.50022380483       4.140186964908369E-005  4.081818201170366E-005  4.019364484174019E-005  3.950729621341155E-005  3.873620881608938E-005  3.785279066572864E-005  3.680798540727452E-005  3.620002168991184E-005  3.551272520100369E-005  3.471652937682386E-005  3.416883095830933E-005  3.376550460234098E-005  3.309022099409612E-005  3.258059066006904E-005  3.169829217166438E-005  3.100706636669783E-005  3.062206869626424E-005  3.020581936534702E-005  2.975381226331866E-005  2.926043998433746E-005  2.871885053600965E-005  2.744426833250322E-005  2.664940506695725E-005  2.557266989170176E-005
   1605.00022485556       4.082645185398539E-005  4.026781706993379E-005  3.966243797709775E-005  3.900394953193665E-005  3.826030053939982E-005  3.741177040676576E-005  3.640538360708646E-005  3.582067180293868E-005  3.515801859629383E-005  3.438899623820120E-005  3.385941485165703E-005  3.346968465974388E-005  3.281484299156720E-005  3.232037241042937E-005  3.146316941712511E-005  3.079042928978862E-005  3.041563936876115E-005  3.000996087002461E-005  2.956906519246297E-005  2.908735699742223E-005  2.855778422781181E-005  2.730693700740073E-005  2.652244024386378E-005  2.545499789752791E-005
   1615.00022625653       3.991217539242975E-005  3.935788390842278E-005  3.875730078995858E-005  3.809816057377068E-005  3.736682485055741E-005  3.652629236630599E-005  3.553753869674203E-005  3.496288887175345E-005  3.431484606761206E-005  3.356642751355503E-005  3.305373304615921E-005  3.267791665438182E-005  3.204978521243353E-005  3.157814605328468E-005  3.076740355621943E-005  3.013762255517871E-005  2.978893013491650E-005  2.941339244811898E-005  2.900711393042857E-005  2.856489466962378E-005  2.807992412521543E-005  2.693103326071176E-005  2.620103105162060E-005  2.519216356655765E-005
   1625.00022765749       4.083724309147664E-005  4.027337060673534E-005  3.965917479807087E-005  3.898494497197615E-005  3.822692501685211E-005  3.735610989080233E-005  3.632829955391625E-005  3.572890324531353E-005  3.504981753712628E-005  3.426465254120905E-005  3.372477712862425E-005  3.332780717905901E-005  3.266175973191063E-005  3.215936279328765E-005  3.128899886250640E-005  3.060618825897647E-005  3.022543030557653E-005  2.981332412635863E-005  2.936518047990033E-005  2.887531229193132E-005  2.833673932048494E-005  2.706778612204518E-005  2.627823306048345E-005  2.521452780971883E-005
   1635.00022905846       3.960823536424025E-005  3.909265767002678E-005  3.853294758269488E-005  3.792007136746393E-005  3.722895630433474E-005  3.643933901881208E-005  3.550023280282119E-005  3.494968216488744E-005  3.432529507637594E-005  3.359999577744871E-005  3.309889353575810E-005  3.272890876550158E-005  3.210683080964805E-005  3.163609446745438E-005  3.081805180260971E-005  3.017481771092806E-005  2.981562742061084E-005  2.942651194095596E-005  2.900288828377037E-005  2.853923629048641E-005  2.802850197412297E-005  2.681775320608877E-005  2.605590947208934E-005  2.501826178544843E-005
   1645.00023045943       3.834208821044376E-005  3.784988940659755E-005  3.731235376067163E-005  3.672856009945903E-005  3.606520731228867E-005  3.530865112537152E-005  3.441083588267350E-005  3.388608275355674E-005  3.329291475838427E-005  3.260567225258753E-005  3.213224998927799E-005  3.178505247328758E-005  3.120382381861281E-005  3.076655776484124E-005  3.001235750488071E-005  2.942462731068569E-005  2.909826908215501E-005  2.874605619728952E-005  2.836390786456158E-005  2.794662275363015E-005  2.748721864577810E-005  2.639163840440052E-005  2.569101970910160E-005  2.471885060125886E-005
   1655.00023186040       3.988156924810015E-005  3.933441737899225E-005  3.873414836984726E-005  3.808046848542834E-005  3.734187316167307E-005  3.649660021972175E-005  3.549240770745465E-005  3.490886900793409E-005  3.424830013811799E-005  3.348279694297495E-005  3.295694454442393E-005  3.257007859468710E-005  3.192210700757312E-005  3.143349745247824E-005  3.058762159222196E-005  2.992551048612715E-005  2.955680087822087E-005  2.915819097062767E-005  2.872527745279236E-005  2.825280460784798E-005  2.773421954060188E-005  2.651455832183536E-005  2.575536084793019E-005  2.472986582592563E-005
   1665.00023326137       3.958765660109635E-005  3.904895760297833E-005  3.845954202070354E-005  3.780615882451992E-005  3.707309053318155E-005  3.623112002236500E-005  3.523812894875420E-005  3.465895850115013E-005  3.400372382233830E-005  3.324686197478753E-005  3.272665307969531E-005  3.234419071629767E-005  3.170331708757106E-005  3.121981043800598E-005  3.038344312184986E-005  2.972843705117856E-005  2.936341453236166E-005  2.896879382749415E-005  2.854010771303111E-005  2.807207623371408E-005  2.755823695517626E-005  2.634973986883808E-005  2.559766943041199E-005  2.458184120352706E-005
   1675.00023466234       3.799038258186369E-005  3.753669391482538E-005  3.703714671113604E-005  3.648886592520558E-005  3.586066906539369E-005  3.513935228279879E-005  3.427463834869474E-005  3.376630143234945E-005  3.318508079185944E-005  3.250569144164809E-005  3.203475829748078E-005  3.168665226223765E-005  3.109971847280829E-005  3.065473311105754E-005  2.988000921412271E-005  2.927016480936846E-005  2.892955057187895E-005  2.856066111048760E-005  2.815927872490127E-005  2.772024162839896E-005  2.723695240253646E-005  2.609179648891078E-005  2.536955700533286E-005  2.438169450753099E-005
   1685.00023606331       3.648888219510140E-005  3.606828129108771E-005  3.560031964490885E-005  3.508389104081491E-005  3.450131897257798E-005  3.382826303305798E-005  3.302019508822511E-005  3.254652664387350E-005  3.200622990789076E-005  3.137863054984625E-005  3.094556519294612E-005  3.062697050342235E-005  3.009268432099110E-005  2.968978863454371E-005  2.899375834796598E-005  2.844991614795378E-005  2.814756177362845E-005  2.782081647640570E-005  2.746592167353907E-005  2.707793778659965E-005  2.665033541312242E-005  2.562774643317709E-005  2.497039999816780E-005  2.405245851643914E-005
   1695.00023746428       3.854220144747955E-005  3.802745158495700E-005  3.746382956714148E-005  3.684687614738691E-005  3.614697811458076E-005  3.534144045643060E-005  3.438894328474048E-005  3.383428294594039E-005  3.320575120178610E-005  3.247698495318614E-005  3.197545552971553E-005  3.160660073353996E-005  3.098774527784644E-005  3.052050027084846E-005  2.971173676119944E-005  2.907798483792444E-005  2.872506133508705E-005  2.834363644089766E-005  2.792965106909992E-005  2.747811862699374E-005  2.698304248959755E-005  2.582069819957799E-005  2.509717558469607E-005  2.411781522069449E-005
   1705.00023886525       3.811702829577406E-005  3.759493761447191E-005  3.702370270335248E-005  3.639182381467786E-005  3.567854918898051E-005  3.486862839219773E-005  3.391106809607464E-005  3.335661806195844E-005  3.272913446401074E-005  3.200535216721820E-005  3.150885443054303E-005  3.114444417870628E-005  3.053488318409987E-005  3.007634397541977E-005  2.928472391412488E-005  2.866718798776847E-005  2.832426375156186E-005  2.795424916770723E-005  2.755338185209481E-005  2.711696872646834E-005  2.663913327970523E-005  2.551756190946188E-005  2.481705491219619E-005  2.386291011373655E-005
   1715.00024026622       3.783831741039067E-005  3.732422670596122E-005  3.675597643091440E-005  3.614076780206720E-005  3.544288822771305E-005  3.464675144914819E-005  3.370533676236293E-005  3.315873827307985E-005  3.254226990967710E-005  3.182992786253115E-005  3.134089337782515E-005  3.098122603356825E-005  3.037933121005948E-005  2.992578484965458E-005  2.914160828028584E-005  2.852850684557264E-005  2.818755503021845E-005  2.781946018742368E-005  2.742027330852237E-005  2.698541879033835E-005  2.650904118169164E-005  2.539119296498214E-005  2.469387215208553E-005  2.374575352638461E-005
   1725.00024166719       3.702054226264348E-005  3.654718737776032E-005  3.602580097212544E-005  3.544654908185197E-005  3.478999704931076E-005  3.403765370362946E-005  3.314485724771402E-005  3.262152724735504E-005  3.202830088224265E-005  3.133983710800876E-005  3.086566246929278E-005  3.051709429995835E-005  2.993251481346523E-005  2.949223573847379E-005  2.873129659880950E-005  2.813726583463399E-005  2.780749069230474E-005  2.745187140701523E-005  2.706674336744534E-005  2.664771144453802E-005  2.618919449644627E-005  2.511265503177443E-005  2.443790651945382E-005  2.351411108942275E-005
   1735.00024306816       3.388337879988600E-005  3.353732730643878E-005  3.315566769139814E-005  3.272931108176743E-005  3.224421476509717E-005  3.167916283422214E-005  3.099726913586043E-005  3.059364075231054E-005  3.013241800270604E-005  2.959357373756981E-005  2.922075746140045E-005  2.894566789463685E-005  2.848398154007707E-005  2.813552469145145E-005  2.753301239978260E-005  2.706237413687464E-005  2.680073591617156E-005  2.651807040442434E-005  2.621099778556393E-005  2.587504545918332E-005  2.550391762597086E-005  2.460736985186654E-005  2.401933100329131E-005  2.318118222078273E-005
   1745.00024446913       3.590614970397970E-005  3.547665219554542E-005  3.500897607559807E-005  3.448228698629110E-005  3.388668856571278E-005  3.319771776773705E-005  3.237008369994157E-005  3.188346422343911E-005  3.132852505776463E-005  3.068177475575293E-005  3.023429892155565E-005  2.990424113360635E-005  2.934995838535107E-005  2.893102003052060E-005  2.820558776546593E-005  2.763829695437758E-005  2.732294582123492E-005  2.698261084282662E-005  2.661384060053405E-005  2.621235446306972E-005  2.577261906032302E-005  2.473722481701892E-005  2.408486090462318E-005  2.318689941473569E-005
   1755.00024587009       3.634557053022739E-005  3.586415925269848E-005  3.533788778682917E-005  3.475149717307905E-005  3.409878674189959E-005  3.334738163526083E-005  3.245837980284929E-005  3.194066650987258E-005  3.135515316426637E-005  3.067757307565501E-005  3.021207983214921E-005  2.987000266440899E-005  2.929769100853883E-005  2.886700358609302E-005  2.812432659684596E-005  2.754558853745669E-005  2.722464324678790E-005  2.687893537952118E-005  2.650502397452704E-005  2.609884129474982E-005  2.565503953260441E-005  2.461510295133975E-005  2.396350073186449E-005  2.307016934825654E-005
   1765.00024727106       3.604327696857539E-005  3.555363453503448E-005  3.502391318571949E-005  3.443810161619439E-005  3.378811668049597E-005  3.303838220150286E-005  3.215424977607903E-005  3.164253992914165E-005  3.106222604977934E-005  3.039306690255757E-005  2.993349667562784E-005  2.959621205975594E-005  2.903154915497040E-005  2.860713895391124E-005  2.787552927822998E-005  2.730588553649551E-005  2.699012889842430E-005  2.664999503926838E-005  2.628226548637989E-005  2.588274858488481E-005  2.544623094580812E-005  2.442299266589369E-005  2.378117386678601E-005  2.289987147282188E-005
   1775.00024867203       3.583490155738218E-005  3.534664706031713E-005  3.481632434649171E-005  3.423248527867413E-005  3.358082383477607E-005  3.283298553786565E-005  3.195100714485577E-005  3.143771094528393E-005  3.085755336907655E-005  3.018865003318244E-005  2.972950454842570E-005  2.939279874604748E-005  2.882937823529511E-005  2.840598611573133E-005  2.767688235666442E-005  2.711002854592911E-005  2.679626239864338E-005  2.645863295891355E-005  2.609398534474623E-005  2.569838501362676E-005  2.526677733722617E-005  2.425694665585149E-005  2.362375699780724E-005  2.275347475086271E-005
   1785.00025007300       3.552141615791338E-005  3.504410087482936E-005  3.452748050699971E-005  3.395396554190177E-005  3.331154415162664E-005  3.257512897735234E-005  3.170684649169030E-005  3.120135737253449E-005  3.063043684868131E-005  2.997013816653537E-005  2.951714335303277E-005  2.918434847100572E-005  2.862795130957266E-005  2.820952315320747E-005  2.748900659155791E-005  2.692862083073132E-005  2.661839122338283E-005  2.628449589509616E-005  2.592382804834215E-005  2.553251814467856E-005  2.510552646557577E-005  2.410620795990370E-005  2.347937876884768E-005  2.261767110330141E-005
   1795.00025147397       3.530054189446816E-005  3.483104801468004E-005  3.431890755306129E-005  3.375517430181894E-005  3.312186530195962E-005  3.239570436245241E-005  3.153698482731345E-005  3.103615819764669E-005  3.046975547706380E-005  2.981473020180889E-005  2.936423086000217E-005  2.903325499698110E-005  2.847919329068975E-005  2.806248014709260E-005  2.734400351591697E-005  2.678495100085430E-005  2.647534852340173E-005  2.614229959422133E-005  2.578260448818844E-005  2.539257153685815E-005  2.496727982496619E-005  2.397344615415810E-005  2.335094976134105E-005  2.249615223033931E-005
   1805.00025287494       3.463893753844834E-005  3.420597439604046E-005  3.372688647091661E-005  3.319938348163425E-005  3.260279484546874E-005  3.191367722916974E-005  3.109119912600485E-005  3.061021742193351E-005  3.006386159469038E-005  2.942906510461519E-005  2.899181509696355E-005  2.867044261790576E-005  2.813178216384296E-005  2.772646266952144E-005  2.702792708072798E-005  2.648467148740356E-005  2.618400371406483E-005  2.586071352959977E-005  2.551178161268893E-005  2.513348901776839E-005  2.472103878126309E-005  2.375553121540077E-005  2.314819269063064E-005  2.231018263021735E-005
   1815.00025427591       3.171379478287279E-005  3.140801455995856E-005  3.107369988210974E-005  3.069684163417036E-005  3.026341062455052E-005  2.975744458882486E-005  2.914382795083395E-005  2.877958148384959E-005  2.836177352702842E-005  2.787218940853174E-005  2.753264538804437E-005  2.728196793088991E-005  2.686047236279949E-005  2.654189929807874E-005  2.599085601450179E-005  2.556050726784629E-005  2.532135902980910E-005  2.506320733983516E-005  2.478303913148698E-005  2.447688354945465E-005  2.413911231038994E-005  2.332415480917305E-005  2.278892365516571E-005  2.202347912626873E-005
   1825.00025567688       3.328248269944900E-005  3.291391087940717E-005  3.251121056379360E-005  3.205821805513965E-005  3.154315243019201E-005  3.094050976486459E-005  3.021082050093708E-005  2.977895390036816E-005  2.928446503001613E-005  2.870497719074365E-005  2.830292703871443E-005  2.800574458406171E-005  2.750607109898834E-005  2.712808908874876E-005  2.647408878512487E-005  2.596391412603688E-005  2.568105214491483E-005  2.537654037428653E-005  2.504751972376976E-005  2.469035660703370E-005  2.430015742486561E-005  2.338156331332608E-005  2.279823900290013E-005  2.198679480130421E-005
   1835.00025707785       3.387089014314160E-005  3.344027096143252E-005  3.296402213879264E-005  3.243987851292777E-005  3.184943095447976E-005  3.116940194016447E-005  3.036231061313545E-005  2.989047412238753E-005  2.935595824139686E-005  2.873706731970789E-005  2.831131688710579E-005  2.799854038708571E-005  2.747534916273346E-005  2.708188042145133E-005  2.640480447564514E-005  2.587928447432316E-005  2.558883433344429E-005  2.527679331597797E-005  2.494040560874557E-005  2.457625127654312E-005  2.417973259424325E-005  2.325282715015141E-005  2.266921435183170E-005  2.186172516753496E-005
   1845.00025847882       3.355934540058760E-005  3.312048575410788E-005  3.264437489263288E-005  3.211444249817505E-005  3.152268392371348E-005  3.084534707433071E-005  3.004121712302700E-005  2.957295076695594E-005  2.904343217665070E-005  2.843097210716254E-005  2.801028329574869E-005  2.770142663580933E-005  2.718526346520148E-005  2.679742843533904E-005  2.613100984607261E-005  2.561483745514271E-005  2.532982262412571E-005  2.502395222420637E-005  2.469450862959631E-005  2.433815817432012E-005  2.395041126888192E-005  2.304389208460401E-005  2.247198333674806E-005  2.167835185430826E-005
   1855.00025987979       3.327323600203023E-005  3.284971664620731E-005  3.238363528703385E-005  3.186762285440249E-005  3.128666554159120E-005  3.062033476856108E-005  2.982966351805595E-005  2.936787880239826E-005  2.884484309633711E-005  2.823908635874557E-005  2.782294882032021E-005  2.751749348482743E-005  2.700667276050000E-005  2.662282814124122E-005  2.596345068353575E-005  2.545253688173092E-005  2.517054598630273E-005  2.486797021442676E-005  2.454211591211185E-005  2.418969349729073E-005  2.380626561790532E-005  2.290970134495001E-005  2.234368114762474E-005  2.155776331592603E-005
   1865.00026128076       3.269955588653696E-005  3.230539380901569E-005  3.187599514943723E-005  3.139273544837257E-005  3.084800933832974E-005  3.021558440811612E-005  2.945881813449162E-005  2.901506580815401E-005  2.850889252983572E-005  2.792114366705751E-005  2.751581952148442E-005  2.721768041874261E-005  2.671868717941288E-005  2.634348929448979E-005  2.569847253192121E-005  2.519900396104341E-005  2.492346711394761E-005  2.462801074707972E-005  2.431003011675613E-005  2.396634315907166E-005  2.359252648641908E-005  2.271764170969803E-005  2.216340981137872E-005  2.139089403103878E-005
   1875.00026268172       2.945741088742814E-005  2.921394409320681E-005  2.894238264423093E-005  2.863300722042964E-005  2.827459924671239E-005  2.784823498852350E-005  2.732443249186344E-005  2.700981743720348E-005  2.664603444092498E-005  2.621698835711554E-005  2.591782090589352E-005  2.569629963922909E-005  2.532300634599587E-005  2.504075548888535E-005  2.455249555760241E-005  2.417172374252642E-005  2.396048776181468E-005  2.373270359829629E-005  2.348574005097282E-005  2.321599241543096E-005  2.291813012820328E-005  2.219462817313545E-005  2.171268275454350E-005  2.101325768540193E-005
   1885.00026408269       3.198409078618710E-005  3.161319524859303E-005  3.120707224017927E-005  3.075077928380383E-005  3.023509481360683E-005  2.963447822145013E-005  2.891431709925995E-005  2.849012017753456E-005  2.800585818009338E-005  2.744168508092770E-005  2.705196053962588E-005  2.676486611969246E-005  2.628356296592522E-005  2.592110361414002E-005  2.529722836234687E-005  2.481347392436900E-005  2.454649169193218E-005  2.426004624365109E-005  2.395167199522735E-005  2.361823881740708E-005  2.325538440400138E-005  2.240473951410137E-005  2.186427368831112E-005  2.110905025023216E-005
   1895.00026548366       3.176161480940266E-005  3.135802006029133E-005  3.091470896778894E-005  3.042458370163657E-005  2.987421902305818E-005  2.924307123633468E-005  2.849483737853856E-005  2.805921566038247E-005  2.756629049392258E-005  2.699676599121498E-005  2.660645327941435E-005  2.632043101340606E-005  2.584364190191982E-005  2.548679801992706E-005  2.487643094444666E-005  2.440629757911219E-005  2.414784565706383E-005  2.387132297441632E-005  2.357436768252474E-005  2.325400023605040E-005  2.290590612562576E-005  2.208969219792172E-005  2.156872839606109E-005  2.083508830040253E-005
   1905.00026688463       3.200896335455469E-005  3.159752767772365E-005  3.114925045147429E-005  3.065558127804445E-005  3.009892401327910E-005  2.946109803180387E-005  2.870467262949731E-005  2.826339656523107E-005  2.776367644394586E-005  2.718527861514119E-005  2.678814341700599E-005  2.649662909243416E-005  2.600984128779439E-005  2.564448513951476E-005  2.501790768697568E-005  2.453361126028832E-005  2.426688973294165E-005  2.398108316693506E-005  2.367382999537749E-005  2.334215777389082E-005  2.298187817437297E-005  2.214033372226959E-005  2.160781909093211E-005  2.086561987442621E-005
   1915.00026828560       3.168600222941260E-005  3.127759548083591E-005  3.083845668395623E-005  3.034876414592931E-005  2.980022047653612E-005  2.916908531452056E-005  2.842173355282179E-005  2.798605194342977E-005  2.749227224157744E-005  2.692130959206120E-005  2.652941206511934E-005  2.624192965047663E-005  2.576184572873085E-005  2.540190766625188E-005  2.478502140776011E-005  2.430881558841700E-005  2.404673471261697E-005  2.376615080388782E-005  2.346470319188437E-005  2.313950498332469E-005  2.278644456654562E-005  2.196157429048347E-005  2.143857391551639E-005  2.070774279018878E-005
   1925.00026968657       3.137501445530794E-005  3.097985294485238E-005  3.055103412243352E-005  3.007392604112867E-005  2.953685301953168E-005  2.892025510962198E-005  2.818653825094930E-005  2.775807432710904E-005  2.727192975785929E-005  2.670885385083304E-005  2.632209754144578E-005  2.603837957832061E-005  2.556436581704843E-005  2.520892478684838E-005  2.459984449079267E-005  2.412987706578055E-005  2.387134836737173E-005  2.359460632234654E-005  2.329739414329574E-005  2.297684296507304E-005  2.262885376614035E-005  2.181552493212540E-005  2.129926019196766E-005  2.057702962443574E-005
   1935.00027108754       3.072519179165139E-005  3.037182581582266E-005  2.998264047405409E-005  2.954782713484361E-005  2.905293693612290E-005  2.847684409350627E-005  2.778589159950602E-005  2.737834980996005E-005  2.691374847284738E-005  2.637277983820383E-005  2.599987703680840E-005  2.572555618327407E-005  2.526666267490058E-005  2.492199562760119E-005  2.433068910894015E-005  2.387421401758150E-005  2.362305750714242E-005  2.335422825263985E-005  2.306553009095764E-005  2.275411597482603E-005  2.241588369775535E-005  2.162338723100156E-005  2.111796429739838E-005  2.040774504605537E-005
   1945.00027248851       2.786954157062855E-005  2.763983014678923E-005  2.738284402185041E-005  2.709319716857319E-005  2.675815809383497E-005  2.636203055673239E-005  2.587704657927451E-005  2.558627252555710E-005  2.525146292896583E-005  2.485721375564357E-005  2.458298982858934E-005  2.438022112703974E-005  2.403917753912981E-005  2.378173332370685E-005  2.333741574295913E-005  2.299166232377462E-005  2.280006420684402E-005  2.259356105015859E-005  2.236970106146521E-005  2.212514130702898E-005  2.185481626437980E-005  2.119549246819526E-005  2.075336432956544E-005  2.010792234617446E-005
   1955.00027388948       3.025639759095008E-005  2.991406724580579E-005  2.953583469575543E-005  2.911179963328913E-005  2.863088177991994E-005  2.807134603265007E-005  2.739814377395551E-005  2.700102228260245E-005  2.654809996705692E-005  2.602014847171530E-005  2.565571627142481E-005  2.538758367229588E-005  2.493841489431321E-005  2.460077703885926E-005  2.402108289447349E-005  2.357309488489408E-005  2.332649543758093E-005  2.306245071831597E-005  2.277880171190850E-005  2.247278368619871E-005  2.214034560005906E-005  2.136129901173296E-005  2.086437055737761E-005  2.016621095743877E-005
   1965.00027529045       3.032460648210867E-005  2.994891989195249E-005  2.953693252015752E-005  2.908083968034484E-005  2.856650046414367E-005  2.797459747247877E-005  2.727098876938330E-005  2.685964197514184E-005  2.639355554963787E-005  2.585378347899395E-005  2.548326893916713E-005  2.521156066321154E-005  2.475817054714150E-005  2.441868313679248E-005  2.383812324003386E-005  2.339135414559437E-005  2.314606914649269E-005  2.288391280419213E-005  2.260280382096982E-005  2.230005785767711E-005  2.197175147320622E-005  2.120395884526684E-005  2.071457858934550E-005  2.002649779165292E-005
   1975.00027669142       3.001141454775017E-005  2.963485489572430E-005  2.922435620517910E-005  2.877103271731109E-005  2.826135581876952E-005  2.767547211141672E-005  2.698043229759043E-005  2.657492762943095E-005  2.611562381904173E-005  2.558404347062695E-005  2.521929869422552E-005  2.495183997604877E-005  2.450593734302903E-005  2.417218804021771E-005  2.360176764645054E-005  2.316317670112942E-005  2.292251218093337E-005  2.266539383386338E-005  2.238974342883883E-005  2.209295479326767E-005  2.177108508771977E-005  2.101762689779188E-005  2.053632679069651E-005  1.985793244295765E-005
   1985.00027809239       2.990128788473972E-005  2.952448951442108E-005  2.911356973815476E-005  2.865986486279272E-005  2.814938617576466E-005  2.756348232007552E-005  2.686892375050214E-005  2.646393745342785E-005  2.600490635950532E-005  2.547423097918818E-005  2.511019681605191E-005  2.484337061786036E-005  2.439833976725035E-005  2.406522917647320E-005  2.349589713963369E-005  2.305815280175657E-005  2.281794283156261E-005  2.256133873263285E-005  2.228632353224429E-005  2.199029477359150E-005  2.166941407780131E-005  2.091903934941196E-005  2.044026272237855E-005  1.976617040493718E-005
   1995.00027949336       2.964975138699869E-005  2.927652033095394E-005  2.886937476210665E-005  2.842021844519209E-005  2.791552090599833E-005  2.733642871140898E-005  2.664930424685905E-005  2.624807237840897E-005  2.579420209133655E-005  2.526935589757006E-005  2.490928079927297E-005  2.464542043551576E-005  2.420545975534388E-005  2.387628983534471E-005  2.331399800058033E-005  2.288191272192320E-005  2.264492819736145E-005  2.239185422181347E-005  2.212072304281401E-005  2.182895994601875E-005  2.151277055977376E-005  2.077316393597818E-005  2.030076654963918E-005  1.963485728944136E-005
   2005.00028089432       2.946249399749533E-005  2.909331690021452E-005  2.869126857417987E-005  2.824666510783680E-005  2.774757149846340E-005  2.717349082517249E-005  2.649216549467626E-005  2.609437272475405E-005  2.564375953351278E-005  2.512232188402301E-005  2.476451643923411E-005  2.450221666875493E-005  2.406489405595910E-005  2.373770874748405E-005  2.317888303848019E-005  2.274969369454312E-005  2.251438664249948E-005  2.226321196092143E-005  2.199420071505485E-005  2.170482028961735E-005  2.139133785076962E-005  2.065836889889753E-005  2.019030281270810E-005  1.953074677886436E-005
   2015.00028229529       2.926523017716309E-005  2.890128260814005E-005  2.850431311208380E-005  2.806514687401998E-005  2.757183105883011E-005  2.700466270505480E-005  2.633127565382409E-005  2.593776885536786E-005  2.549171660838007E-005  2.497524836899297E-005  2.462053104193517E-005  2.436039591847907E-005  2.392643331039950E-005  2.360151584377159E-005  2.304632199886909E-005  2.261971988875687E-005  2.238580965883767E-005  2.213611011315742E-005  2.186871515217804E-005  2.158112538814123E-005  2.126965526791778E-005  2.054173190931100E-005  2.007707089330552E-005  1.942270845702779E-005
   2025.00028369626       2.894067826217669E-005  2.858044608355791E-005  2.818669214693410E-005  2.775161147836738E-005  2.726231041127356E-005  2.670014516696610E-005  2.603287214553763E-005  2.564339620289241E-005  2.520224210293909E-005  2.469200005845427E-005  2.434214489107279E-005  2.408587985704464E-005  2.365896949254187E-005  2.333993259578716E-005  2.279595222755163E-005  2.237896410502314E-005  2.215067925916046E-005  2.190721818944003E-005  2.164671115786715E-005  2.136671398873677E-005  2.106352116296223E-005  2.035393610008728E-005  1.989941476537335E-005  1.925666885440248E-005
   2035.00028509723       2.860323472191058E-005  2.824813043235018E-005  2.785888495829094E-005  2.742910632173401E-005  2.694664302428618E-005  2.639218560925470E-005  2.573501028425798E-005  2.535172744685424E-005  2.491793756078298E-005  2.441678205070099E-005  2.407341845786812E-005  2.382214359304869E-005  2.340380677973042E-005  2.309150849502193E-005  2.255961055940057E-005  2.215237611388920E-005  2.192958225033699E-005  2.169207206232996E-005  2.143802028486510E-005  2.116497588420170E-005  2.086924042983113E-005  2.017601234964148E-005  1.973055132433108E-005  1.909840613538526E-005
   2045.00028649820       2.855164274773354E-005  2.819977714945211E-005  2.781571748614230E-005  2.739089929222247E-005  2.691286132783817E-005  2.636388470300159E-005  2.571105548236549E-005  2.532963688011623E-005  2.489709757147023E-005  2.439625163748200E-005  2.405245186380259E-005  2.380039557471640E-005  2.338017570433505E-005  2.306587870034053E-005  2.252960500227467E-005  2.211831926258727E-005  2.189312481108967E-005  2.165297909147154E-005  2.139606991921275E-005  2.112000242895131E-005  2.082117418314852E-005  2.012222990726896E-005  1.967475232571478E-005  1.904255649572726E-005
   2055.00028789917       2.828932347317063E-005  2.794087858932046E-005  2.755997404102293E-005  2.713898335533132E-005  2.666551967269031E-005  2.612090210555465E-005  2.547361124112692E-005  2.509541229802703E-005  2.466661089090755E-005  2.417041036615677E-005  2.382997014934855E-005  2.358052654038066E-005  2.316503872132496E-005  2.285465910662902E-005  2.232583160632536E-005  2.192109973871556E-005  2.169980513077379E-005  2.146405734656381E-005  2.121212040524223E-005  2.094164468208760E-005  2.064905316705112E-005  1.996444793473193E-005  1.952522448072232E-005  1.890311117675911E-005
   2065.00028930014       2.795317968022311E-005  2.761181761443245E-005  2.723792521125279E-005  2.682539256873939E-005  2.636093998140870E-005  2.582730859451611E-005  2.519359002167708E-005  2.482346861750593E-005  2.440386312835289E-005  2.391846258882752E-005  2.358551995754009E-005  2.334161217149596E-005  2.293534878945889E-005  2.263186590537027E-005  2.211486170677439E-005  2.171913382203350E-005  2.150273234844497E-005  2.127215298349296E-005  2.102566238766437E-005  2.076091036752366E-005  2.047430026109610E-005  1.980241714688795E-005  1.937015885499729E-005  1.875626791956244E-005
   2075.00029070111       2.779547237721220E-005  2.745554411077870E-005  2.708425861999018E-005  2.667368380354365E-005  2.621181837953299E-005  2.568028898765054E-005  2.504879528225794E-005  2.467962610121960E-005  2.426138229611439E-005  2.377751181590663E-005  2.344569344103961E-005  2.320271179670971E-005  2.279814515960431E-005  2.249607681269329E-005  2.198182336417928E-005  2.158847941431621E-005  2.137349400476744E-005  2.114450242303340E-005  2.089979903229931E-005  2.063706583087351E-005  2.035273931346123E-005  1.968643458338858E-005  1.925778119965141E-005  1.864901644998794E-005
   2085.00029210208       2.758297338402395E-005  2.724685272311809E-005  2.687846934533957E-005  2.647215065918257E-005  2.601418498785410E-005  2.548676608135114E-005  2.485986777267027E-005  2.449331849400643E-005  2.407781140225416E-005  2.359694971225833E-005  2.326734608385233E-005  2.302596121752252E-005  2.262426877236710E-005  2.232458435188084E-005  2.181497917096798E-005  2.142585502678648E-005  2.121346114805527E-005  2.098744728394422E-005  2.074616346439139E-005  2.048733256481336E-005  2.020742588547881E-005  1.955153768547021E-005  1.912915399092027E-005  1.852856507289912E-005
   2095.00029350305       2.728923916972905E-005  2.695758806805494E-005  2.659489352039517E-005  2.619408646787276E-005  2.574296466737095E-005  2.522372562410739E-005  2.460696710122065E-005  2.424667900330880E-005  2.383851061432427E-005  2.336651109864093E-005  2.304303982931229E-005  2.280629846373667E-005  2.241237571412806E-005  2.211856135424614E-005  2.161900019166552E-005  2.123758894827084E-005  2.102937405225577E-005  2.080778645450331E-005  2.057117388743127E-005  2.031726775698095E-005  2.004253562482953E-005  1.939778983671436E-005  1.898162407612823E-005  1.838847773748300E-005
   2105.00029490402       2.713449204067318E-005  2.680703992740235E-005  2.644950057515550E-005  2.605311081402788E-005  2.560681618008981E-005  2.509313335635488E-005  2.448216156693126E-005  2.412496920398066E-005  2.372000943108119E-005  2.325143032519361E-005  2.293017825875449E-005  2.269491816563822E-005  2.230336712132898E-005  2.201116086061284E-005  2.151410048195447E-005  2.113435267305485E-005  2.092696783090974E-005  2.070622253572044E-005  2.047046246633247E-005  2.021745914872332E-005  1.994370966212964E-005  1.930157157652324E-005  1.888744562995728E-005  1.829791839756848E-005
   2115.00029630499       2.685232944841018E-005  2.653020644269579E-005  2.617848937210241E-005  2.578770506092210E-005  2.534898207893596E-005  2.484306771503468E-005  2.424127765535537E-005  2.388942868161545E-005  2.349037740487059E-005  2.302883131860872E-005  2.271235318716933E-005  2.248073285742557E-005  2.209531946310730E-005  2.180788250434560E-005  2.131938858631321E-005  2.094661442049956E-005  2.074322448468713E-005  2.052684771825984E-005  2.029587404567723E-005  2.004807772282842E-005  1.977995900655209E-005  1.915022443985244E-005  1.874305710710281E-005  1.816193301730829E-005
   2125.00029770596       2.662875778020985E-005  2.631047690853629E-005  2.596293508514650E-005  2.557801623763243E-005  2.514367636068019E-005  2.464334729926756E-005  2.404804154527941E-005  2.369975634052532E-005  2.330456979734734E-005  2.284751043742425E-005  2.253426370174358E-005  2.230498107643665E-005  2.192367911096290E-005  2.163946381509741E-005  2.115683520167310E-005  2.078895597948987E-005  2.058837968342760E-005  2.037510224306634E-005  2.014755896380569E-005  1.990355195286883E-005  1.963959411418496E-005  1.901940858528615E-005  1.861793529298570E-005  1.804419542279824E-005
   2135.00029910692       2.643654458276358E-005  2.612366766924458E-005  2.578199764373911E-005  2.540261080900829E-005  2.497466677979633E-005  2.448106183750566E-005  2.389298141517219E-005  2.354896305859081E-005  2.315837621589904E-005  2.270633844995161E-005  2.239640620577221E-005  2.216949469352223E-005  2.179197819269517E-005  2.151046252133171E-005  2.103213975654173E-005  2.066732952086651E-005  2.046834531802739E-005  2.025670623601763E-005  2.003084031402443E-005  1.978857654499595E-005  1.952644735988155E-005  1.891040193185227E-005  1.851156727831794E-005  1.794175948267961E-005
   2145.00030050789       2.626228153007859E-005  2.595669101048574E-005  2.562163032736316E-005  2.524961054252147E-005  2.482866592285090E-005  2.434158261265882E-005  2.375964946036216E-005  2.341827417411379E-005  2.303035511025264E-005  2.258090405533344E-005  2.227238838865427E-005  2.204643579579627E-005  2.167037702058785E-005  2.138996322301723E-005  2.091360372979999E-005  2.055050345369614E-005  2.035255500441879E-005  2.014209533102794E-005  1.991759731371209E-005  1.967690993789360E-005  1.941658743239734E-005  1.880509490772874E-005  1.840936683342395E-005  1.784428221616823E-005
   2155.00030190886       2.583394520315904E-005  2.555675045581603E-005  2.525174605109012E-005  2.490931152984145E-005  2.451830405053435E-005  2.406144909680336E-005  2.350979737009569E-005  2.318340145361579E-005  2.281058826005925E-005  2.237644941006383E-005  2.207729828065100E-005  2.185762691035895E-005  2.149128456455121E-005  2.121760654456556E-005  2.075198670215309E-005  2.039659905391173E-005  2.020271960573363E-005  1.999650360256552E-005  1.977642751328717E-005  1.954030436716326E-005  1.928469909446989E-005  1.868288097849508E-005  1.829231469118132E-005  1.773363943532475E-005
   2165.00030330983       2.339442152007924E-005  2.321796497706752E-005  2.302307832493123E-005  2.279781941759709E-005  2.253936678762027E-005  2.223060461619737E-005  2.185105208665741E-005  2.162392233452393E-005  2.136229763237083E-005  2.105527014404666E-005  2.084306436572503E-005  2.068672206677176E-005  2.042538984976821E-005  2.022948300811826E-005  1.989432611604144E-005  1.963586075098418E-005  1.949346016058426E-005  1.934049555431060E-005  1.917500849590020E-005  1.899430115332112E-005  1.879408919058655E-005  1.829978850636797E-005  1.796152965453591E-005  1.745790379416366E-005
   2175.00030471080       2.519008017339790E-005  2.493403082025841E-005  2.464969061673125E-005  2.432946281188840E-005  2.396117401820637E-005  2.352983443256976E-005  2.300610966150391E-005  2.269543511148251E-005  2.233973941749755E-005  2.192492107118437E-005  2.163875947574684E-005  2.142884959484176E-005  2.107870905678429E-005  2.081727086103393E-005  2.037303896371970E-005  2.003439394203570E-005  1.984979321345141E-005  1.965351625964018E-005  1.944402603423288E-005  1.921913958329631E-005  1.897532230620621E-005  1.839847494244115E-005  1.802149649809110E-005  1.747894399656487E-005
   2185.00030611177       2.534933274942444E-005  2.506046510654944E-005  2.474259630626728E-005  2.438929286825954E-005  2.398902788946379E-005  2.352655663930021E-005  2.297341059470602E-005  2.264860350236056E-005  2.227969114306080E-005  2.185240785814461E-005  2.155933096861934E-005  2.134474095090648E-005  2.098805517738594E-005  2.072240552850782E-005  2.027200048455551E-005  1.992941872238721E-005  1.974294558468117E-005  1.954487909036368E-005  1.933377849737996E-005  1.910751429443771E-005  1.886272491239188E-005  1.828590393893223E-005  1.791041505589525E-005  1.737116160491386E-005
   2195.00030751274       2.531043176169549E-005  2.501545724412950E-005  2.469235426247737E-005  2.433384842101083E-005  2.393035249578569E-005  2.346329021538842E-005  2.290498054641682E-005  2.257807134710201E-005  2.220681944701325E-005  2.177708299644875E-005  2.148227164213333E-005  2.126664453438600E-005  2.090828333298147E-005  2.064144218178100E-005  2.018932621795338E-005  1.984568623725021E-005  1.965870346987586E-005  1.946022377598332E-005  1.924877272109478E-005  1.902231408092197E-005  1.877748813419736E-005  1.820150490926474E-005  1.782728524394003E-005  1.729086712830533E-005
   2205.00030891371       2.498007991820486E-005  2.468918027576030E-005  2.437140063335552E-005  2.401748595177005E-005  2.361954880776869E-005  2.315931597222584E-005  2.261139436168112E-005  2.229040261675305E-005  2.192675644755580E-005  2.150608260737059E-005  2.121802673301223E-005  2.100743090050247E-005  2.065796172228906E-005  2.039814888174335E-005  1.995860673655198E-005  1.962506985232470E-005  1.944376471113881E-005  1.925140317753708E-005  1.904650258810732E-005  1.882701140786141E-005  1.858953676588421E-005  1.802920366600288E-005  1.766343818877518E-005  1.713661962967879E-005
   2215.00031031468       2.485922664018389E-005  2.456963077647628E-005  2.425270259567073E-005  2.389945858601041E-005  2.350367916859550E-005  2.304538660977066E-005  2.249934039489430E-005  2.217990701788731E-005  2.181770406486447E-005  2.139880524282674E-005  2.111198993677967E-005  2.090229162428528E-005  2.055427560028375E-005  2.029549423520809E-005  1.985761907837604E-005  1.952530385523118E-005  1.934468908980156E-005  1.915302299902254E-005  1.894890310307177E-005  1.873028404152047E-005  1.849382289015697E-005  1.793618139630091E-005  1.757242935946419E-005  1.704891724740621E-005
   2225.00031171565       2.473706561313915E-005  2.444872683242698E-005  2.413235774661539E-005  2.378194673960487E-005  2.338574976263173E-005  2.292917054333238E-005  2.238465872536657E-005  2.206584646825281E-005  2.170371544346268E-005  2.128538928629423E-005  2.099890227316646E-005  2.078958503249093E-005  2.044223309467220E-005  2.018401171947849E-005  1.974751007891462E-005  1.941654203289621E-005  1.923675689281751E-005  1.904607204554195E-005  1.884311585000054E-005  1.862583828854712E-005  1.839092709239353E-005  1.783727752932246E-005  1.747631146473933E-005  1.695703248077046E-005
   2235.00031311662       2.454921351992242E-005  2.426254834143666E-005  2.395025940319449E-005  2.360341221865474E-005  2.321073353452330E-005  2.275845941538800E-005  2.221852466113969E-005  2.190223588897616E-005  2.154368712795713E-005  2.112919857728224E-005  2.084541214794251E-005  2.063807268598601E-005  2.029405127091136E-005  2.003850199430954E-005  1.960678509787745E-005  1.927968166906536E-005  1.910208117568575E-005  1.891380122505739E-005  1.871344218837280E-005  1.849900656895994E-005  1.826717660007863E-005  1.772051641681707E-005  1.736374937161898E-005  1.685002004302960E-005
   2245.00031451759       2.436200344473614E-005  2.407901293631883E-005  2.376773209113718E-005  2.342517055292779E-005  2.303757376760506E-005  2.258874495540889E-005  2.205393804157662E-005  2.174093099150857E-005  2.138602464301892E-005  2.097545634025497E-005  2.069461619990547E-005  2.048944977992175E-005  2.014914988324374E-005  1.989644926562233E-005  1.946968145754198E-005  1.914654360270991E-005  1.897116526589910E-005  1.878529635018526E-005  1.858754728871821E-005  1.837592026904376E-005  1.814712891236270E-005  1.760733955934300E-005  1.725472907033098E-005  1.674658688778957E-005
   2255.00031591855       2.405528682547633E-005  2.377594508421976E-005  2.347196201540375E-005  2.313310596305862E-005  2.275078314733270E-005  2.231030184915348E-005  2.178532202949153E-005  2.147846247328772E-005  2.113053611447060E-005  2.072908059878693E-005  2.045464995948029E-005  2.025434503907645E-005  1.992261624191506E-005  1.967648797017441E-005  1.926119950167851E-005  1.894702728571072E-005  1.877657272325753E-005  1.859587250503174E-005  1.840356700426830E-005  1.819764193070744E-005  1.797475687431679E-005  1.744726579252930E-005  1.710116586215183E-005  1.660013486330546E-005
   2265.00031731952       2.394818531071920E-005  2.366943095743566E-005  2.336519001647191E-005  2.302751936303913E-005  2.264695845304604E-005  2.220656194740876E-005  2.168252608014232E-005  2.137582084058903E-005  2.102820826706144E-005  2.062692220422165E-005  2.035266645046530E-005  2.015246955657285E-005  1.982092639951530E-005  1.957511189816272E-005  1.916063492552860E-005  1.884737634373174E-005  1.867754997723305E-005  1.849764291920896E-005  1.830631909721319E-005  1.810159757291744E-005  1.788016342708650E-005  1.735654747333904E-005  1.701324565123564E-005  1.651664736413749E-005
   2275.00031872049       2.379804349151270E-005  2.352364962978842E-005  2.322297157460770E-005  2.289077936188423E-005  2.251379989162144E-005  2.207932713808317E-005  2.156096692061337E-005  2.125726194069996E-005  2.091325141663634E-005  2.051567038186099E-005  2.024380661149979E-005  2.004539379991832E-005  1.971658371267596E-005  1.947262456257381E-005  1.906100709208631E-005  1.874975820535440E-005  1.858096877191314E-005  1.840213198225245E-005  1.821191560104642E-005  1.800835258539483E-005  1.778818827294878E-005  1.726773182169580E-005  1.692668831370439E-005  1.643381761770330E-005
   2285.00032012146       2.357186215451406E-005  2.330152779077029E-005  2.300344731107184E-005  2.267335102333807E-005  2.230121756648328E-005  2.187076497585013E-005  2.135816375475084E-005  2.105807516728626E-005  2.071815826837372E-005  2.032580041263569E-005  2.005769666826461E-005  1.986206601107241E-005  1.953823888766058E-005  1.929818522828440E-005  1.889380730458007E-005  1.858851658533866E-005  1.842312884569479E-005  1.824795922273346E-005  1.806175716516542E-005  1.786252809146089E-005  1.764699912113326E-005  1.713672228579196E-005  1.680149934758036E-005  1.631573823239365E-005
   2295.00032152243       2.341859414590705E-005  2.314865683947406E-005  2.285314162934715E-005  2.252700064906510E-005  2.215685040394280E-005  2.172999811417499E-005  2.122078922209822E-005  2.092295648837158E-005  2.058505068693413E-005  2.019495923222835E-005  1.992853207609075E-005  1.973416197958022E-005  1.941237181256753E-005  1.917405573654353E-005  1.877268355152993E-005  1.846984793702375E-005  1.830580844780939E-005  1.813217888867184E-005  1.794757641684939E-005  1.775009630038232E-005  1.753642186887397E-005  1.703021436347273E-005  1.669730185695817E-005  1.621423688596577E-005
   2305.00032292340       2.330030965970942E-005  2.303607641161251E-005  2.274276091917449E-005  2.241916429053584E-005  2.205270127369731E-005  2.162993118906716E-005  2.112406609494292E-005  2.082798729272846E-005  2.049224230655272E-005  2.010423393319547E-005  1.983899568528569E-005  1.964533999951881E-005  1.932460142322646E-005  1.908691876501436E-005  1.868646132605069E-005  1.838420526341542E-005  1.822048779581447E-005  1.804719686185921E-005  1.786301252947491E-005  1.766602708652514E-005  1.745301831481527E-005  1.694894041855418E-005  1.661795703977692E-005  1.613871182480687E-005
   2315.00032432437       2.310301478921276E-005  2.283712473393205E-005  2.254766519119279E-005  2.222628188788783E-005  2.186476142642140E-005  2.144425451301555E-005  2.094338314768333E-005  2.064976512444470E-005  2.031730854184080E-005  1.993328089989255E-005  1.967101859771630E-005  1.947978202505724E-005  1.916324581308022E-005  1.892892529825196E-005  1.853461212223485E-005  1.823739557834058E-005  1.807650347176731E-005  1.790628010414178E-005  1.772537909115250E-005  1.753192993452230E-005  1.732265966092212E-005  1.682681351950789E-005  1.650061558616240E-005  1.602735208310132E-005
   2325.00032572534       2.296043161033016E-005  2.269825691895519E-005  2.241171091297665E-005  2.209232008694248E-005  2.173233913992337E-005  2.131735950650314E-005  2.082027264129399E-005  2.052933870280913E-005  2.019962498342980E-005  1.981852328709484E-005  1.955807825615384E-005  1.936802332336748E-005  1.905360903753679E-005  1.882070508694725E-005  1.842866316793181E-005  1.813313284993007E-005  1.797317636545165E-005  1.780390320871596E-005  1.762404263263686E-005  1.743167158342225E-005  1.722358327932438E-005  1.673044582000971E-005  1.640587239089123E-005  1.593458414772535E-005
   2335.00032712631       2.274636171514141E-005  2.248961814778462E-005  2.220519320795514E-005  2.189016586472940E-005  2.153414491155945E-005  2.112231118697604E-005  2.063145269429554E-005  2.034446636196637E-005  2.001898824228984E-005  1.964330952165289E-005  1.938697923444067E-005  1.920015302262479E-005  1.889095458725205E-005  1.866217307785804E-005  1.827734002379141E-005  1.798738942447886E-005  1.783047812954252E-005  1.766448030438513E-005  1.748808570500743E-005  1.729939705686920E-005  1.709522390109505E-005  1.661074616744176E-005  1.629131402656994E-005  1.582680628266184E-005
   2345.00032852728       2.262935020949733E-005  2.237256159625684E-005  2.209058426318802E-005  2.177920109282782E-005  2.142607090987553E-005  2.101791029896059E-005  2.053027836775362E-005  2.024441313529716E-005  1.992058674063017E-005  1.954637578067537E-005  1.929086002029530E-005  1.910471218200230E-005  1.879635760030766E-005  1.856823511587913E-005  1.818452223007265E-005  1.789558522431828E-005  1.773931706737441E-005  1.757400180723707E-005  1.739843995737611E-005  1.721070677750912E-005  1.700763157571657E-005  1.652604533262884E-005  1.620875446394063E-005  1.574789113135841E-005
   2355.00032992825       2.245869992211308E-005  2.220336827296898E-005  2.192485493479753E-005  2.161431938545268E-005  2.126411215060987E-005  2.085905780320952E-005  2.037511755622681E-005  2.009182802337679E-005  1.977060676966841E-005  1.939948412416564E-005  1.914635573047427E-005  1.896175469522733E-005  1.865651543801128E-005  1.843075955404467E-005  1.805139287426153E-005  1.776590184835143E-005  1.761155685563808E-005  1.744831125349868E-005  1.727493583688320E-005  1.708954490261417E-005  1.688891446532833E-005  1.641255471926803E-005  1.609807028667922E-005  1.564002936598329E-005
   2365.00033132922       2.230803367902081E-005  2.205784910805674E-005  2.178032070871756E-005  2.147429599846663E-005  2.112848458658834E-005  2.072734888373354E-005  2.024855477137768E-005  1.996824110397268E-005  1.964988829931485E-005  1.928253995728248E-005  1.903150159235013E-005  1.884856068015434E-005  1.854596769884705E-005  1.832220070641622E-005  1.794618016376425E-005  1.766312765481477E-005  1.751014565470922E-005  1.734834688711941E-005  1.717651190363411E-005  1.699279695999158E-005  1.679401022933731E-005  1.632210531127482E-005  1.601071946465349E-005  1.555776028001245E-005
   2375.00033273019       2.207470017133841E-005  2.182289901292910E-005  2.155023260639388E-005  2.124402508194567E-005  2.089878410441294E-005  2.049967738377569E-005  2.002363449663518E-005  1.974531716830269E-005  1.943020971934392E-005  1.906711391533914E-005  1.881988333676861E-005  1.864011697180023E-005  1.834356036645620E-005  1.812492330460721E-005  1.775882222764642E-005  1.748436645907952E-005  1.733629786335324E-005  1.717994788869165E-005  1.701403742091070E-005  1.683666131050102E-005  1.664464532668805E-005  1.618745326341383E-005  1.588442128561591E-005  1.544162875440165E-005
   2385.00033413115       2.192408671423766E-005  2.167694484872829E-005  2.140615078714337E-005  2.110419565518518E-005  2.076410525300763E-005  2.037070277474134E-005  1.990087742223901E-005  1.962565756596960E-005  1.931432404814475E-005  1.895556273475077E-005  1.871102991320124E-005  1.853285292624031E-005  1.823892028776010E-005  1.802180991772311E-005  1.765776584717092E-005  1.738432842943292E-005  1.723669937369831E-005  1.708064874767231E-005  1.691494481607296E-005  1.673772531314108E-005  1.654579861140375E-005  1.608875990734997E-005  1.578578323466156E-005  1.534273646071255E-005
   2395.00033553212       2.181501996648463E-005  2.156954213449546E-005  2.130103259278788E-005  2.100245756344912E-005  2.066500645849216E-005  2.027365298818615E-005  1.980706291624650E-005  1.953375474620330E-005  1.922417240789815E-005  1.886671961555786E-005  1.862288624457842E-005  1.844534111565925E-005  1.815216907212285E-005  1.793561803823542E-005  1.757244789244704E-005  1.729978492377434E-005  1.715255091899044E-005  1.699698816514541E-005  1.683185502213341E-005  1.665529566447163E-005  1.646416857968308E-005  1.600939778846825E-005  1.570830527385589E-005  1.526882435874999E-005
   2405.00033693309       2.163905485180460E-005  2.139679957015563E-005  2.113091759562352E-005  2.083513094897120E-005  2.049985294856269E-005  2.011251783291085E-005  1.964936882571271E-005  1.937831732143317E-005  1.907136955746738E-005  1.871724282799429E-005  1.847603822090313E-005  1.830036707095737E-005  1.801062579378345E-005  1.779686481969768E-005  1.743875419534335E-005  1.717024142563821E-005  1.702537066604246E-005  1.687233670546882E-005  1.670992483279608E-005  1.653630152801502E-005  1.634831355714723E-005  1.590058883110599E-005  1.560373989252421E-005  1.516984879306804E-005
   2415.00033833406       2.145410328048630E-005  2.121472421052165E-005  2.095045704812528E-005  2.065526884156390E-005  2.032298982164281E-005  1.993813246526247E-005  1.947817591817603E-005  1.920974005782257E-005  1.890513883635191E-005  1.855498761719328E-005  1.831672681734424E-005  1.814340155107594E-005  1.785795502017765E-005  1.764769614826354E-005  1.729609597782054E-005  1.703296761270102E-005  1.689116101335850E-005  1.674145544059765E-005  1.658264600594704E-005  1.641283528459359E-005  1.622887636647638E-005  1.578979657029215E-005  1.549775203236448E-005  1.506942046186739E-005
   2425.00033973503       2.133571907171064E-005  2.109722786871854E-005  2.083636656194188E-005  2.054637289596163E-005  2.021728526121440E-005  1.983562069031132E-005  1.938013955935991E-005  1.911385426002304E-005  1.881194364333760E-005  1.846420852431407E-005  1.822738071310640E-005  1.805509177399946E-005  1.777098311052593E-005  1.756154245140318E-005  1.721102709477150E-005  1.694847396728402E-005  1.680688220659319E-005  1.665739352471215E-005  1.649875702333618E-005  1.632915290635981E-005  1.614545804400368E-005  1.570733666603144E-005  1.541629736934614E-005  1.499012066694444E-005
   2435.00034113600       2.115025701856001E-005  2.091687089770566E-005  2.065684502823243E-005  2.036865455223136E-005  2.004160535390011E-005  1.966282803206322E-005  1.921176678431080E-005  1.894760342625585E-005  1.864901713011088E-005  1.830503396237850E-005  1.807102745227837E-005  1.790093203133665E-005  1.762079188219014E-005  1.741442452417138E-005  1.706955186761245E-005  1.681149785495182E-005  1.667241248358991E-005  1.652558206357806E-005  1.636979354429685E-005  1.620319143977659E-005  1.602263295533223E-005  1.559137009478281E-005  1.530426852613357E-005  1.488291300426344E-005
   2445.00034253697       2.103590421373881E-005  2.080305921305591E-005  2.054495389797691E-005  2.025853541020206E-005  1.993468755632074E-005  1.956039752881522E-005  1.911242850499844E-005  1.885029151803630E-005  1.855369134741110E-005  1.821166504756128E-005  1.797897272673615E-005  1.780972445264620E-005  1.753078821094877E-005  1.732528764446717E-005  1.698181210555716E-005  1.672481922448721E-005  1.658630500711388E-005  1.644012133671696E-005  1.628501531236685E-005  1.611917183756947E-005  1.593947633543782E-005  1.551031200022151E-005  1.522466789738531E-005  1.480558083106295E-005
   2455.00034393794       2.079737460776585E-005  2.056563492660869E-005  2.031174658981374E-005  2.002858374450349E-005  1.970904652464808E-005  1.933907090825111E-005  1.889779348084026E-005  1.863982503537232E-005  1.834838364266614E-005  1.801309744541425E-005  1.778526046230283E-005  1.762000822542565E-005  1.734777937198340E-005  1.714774100975107E-005  1.681392726558033E-005  1.656454067745874E-005  1.643025455280549E-005  1.628855690114578E-005  1.613824414735363E-005  1.597745859354197E-005  1.580305202374853E-005  1.538539214935177E-005  1.510636186133748E-005  1.469545164802060E-005
   2465.00034533891       2.073249753611311E-005  2.050392635159336E-005  2.025043916170916E-005  1.997088910350655E-005  1.965154870865390E-005  1.928383187245256E-005  1.884491674803766E-005  1.858822780175780E-005  1.829762320281215E-005  1.796295958747742E-005  1.773518009471653E-005  1.756983880602605E-005  1.729740749799244E-005  1.709685125719269E-005  1.676197276137184E-005  1.651167081541827E-005  1.637687097216848E-005  1.623460718480556E-005  1.608368979623544E-005  1.592229941001939E-005  1.574733363227605E-005  1.532880555519426E-005  1.504976138919969E-005  1.463995258691940E-005
   2475.00034673988       2.055440905657731E-005  2.032578967816649E-005  2.007242821797136E-005  1.979419969275199E-005  1.947938060449855E-005  1.911424501724454E-005  1.867856733232996E-005  1.842381499757612E-005  1.813573927503411E-005  1.780477110140031E-005  1.758004693783318E-005  1.741692843680953E-005  1.714851682448495E-005  1.695138506663848E-005  1.662252459492914E-005  1.637703542121846E-005  1.624491480283465E-005  1.610550213582368E-005  1.595764071604712E-005  1.579946756749028E-005  1.562789016425366E-005  1.521682096124713E-005  1.494210921463256E-005  1.453761483471116E-005
   2485.00034814085       2.033011200784880E-005  2.010707042950575E-005  1.986248708690211E-005  1.959119066034157E-005  1.928451928011266E-005  1.892826995512060E-005  1.850361694613007E-005  1.825485079013730E-005  1.797370525261067E-005  1.765037349089484E-005  1.743052694653187E-005  1.727070772537662E-005  1.700792429021570E-005  1.681449539423543E-005  1.649169272621986E-005  1.625035101697255E-005  1.612030842914403E-005  1.598299040822045E-005  1.583722080926139E-005  1.568115361115236E-005  1.551169843167806E-005  1.510510464096890E-005  1.483294613702277E-005  1.443157927348151E-005
   2495.00034954182       2.025037075908857E-005  2.002517921748423E-005  1.977894246716637E-005  1.950394315660566E-005  1.919395911896293E-005  1.883399611696706E-005  1.840497758656379E-005  1.815401877782852E-005  1.787060434169844E-005  1.754527908700881E-005  1.732447217609963E-005  1.716403200360261E-005  1.690095537073708E-005  1.670790628221552E-005  1.638667156489558E-005  1.614745458452367E-005  1.601888663160276E-005  1.588331722788276E-005  1.573959395487411E-005  1.558586687485366E-005  1.541903645299496E-005  1.501849833342349E-005  1.475010876076862E-005  1.435388096771341E-005
   2505.00035094278       2.015657563538999E-005  1.993627142670807E-005  1.969409079079752E-005  1.942258814294130E-005  1.911654593174068E-005  1.876217515449368E-005  1.833842944833738E-005  1.809047907166559E-005  1.781017397192372E-005  1.748708864791875E-005  1.726743054761342E-005  1.710802230829386E-005  1.684587714418327E-005  1.665326329331148E-005  1.633211107332291E-005  1.609245182482073E-005  1.596352472370991E-005  1.582752323544363E-005  1.568331535316960E-005  1.552904832946179E-005  1.536172221066377E-005  1.496065366380029E-005  1.469256864393625E-005  1.429788727892225E-005
   2515.00035234375       2.001732984911373E-005  1.979806166851418E-005  1.955800433700303E-005  1.929094521239832E-005  1.898934302357776E-005  1.863832427280315E-005  1.821905907424658E-005  1.797429099728778E-005  1.769670940929019E-005  1.737745213920581E-005  1.716037048522247E-005  1.700269203404630E-005  1.674330870076891E-005  1.655254766398843E-005  1.623442452190764E-005  1.599692072704654E-005  1.586900013060018E-005  1.573403223098522E-005  1.559083133003139E-005  1.543760191218468E-005  1.527130552911238E-005  1.487247690680462E-005  1.460571602108604E-005  1.421264285515839E-005
   2525.00035374472       1.984605889683723E-005  1.962920523572585E-005  1.938815404076753E-005  1.911966359828023E-005  1.881617702163043E-005  1.846555175936687E-005  1.804758745403163E-005  1.780274622869136E-005  1.752656247102275E-005  1.720964810641349E-005  1.699451121676171E-005  1.683871827592923E-005  1.658297427776633E-005  1.639556041802190E-005  1.608419929826433E-005  1.585260309748131E-005  1.572822237514449E-005  1.559711263271804E-005  1.545815589637710E-005  1.530946412020028E-005  1.514799988202553E-005  1.475962627034791E-005  1.449889505133689E-005  1.411356714526411E-005
   2535.00035514569       1.973882354770926E-005  1.952593333703139E-005  1.929042822059249E-005  1.902806439481420E-005  1.872856676559079E-005  1.838504934616963E-005  1.797284957002372E-005  1.773218729103219E-005  1.745966895454639E-005  1.714617534449504E-005  1.693313612849608E-005  1.677860260612428E-005  1.652447778811769E-005  1.633781752860120E-005  1.602678741295907E-005  1.579476655852188E-005  1.566996647331617E-005  1.553829620589932E-005  1.539859714354457E-005  1.524910432484409E-005  1.508677311698064E-005  1.469692830992302E-005  1.443578002163348E-005  1.405058004109906E-005
   2545.00035654666       1.958500901569075E-005  1.937183289281783E-005  1.913563982656768E-005  1.887603512873701E-005  1.858225083249894E-005  1.823866233654869E-005  1.782927084768825E-005  1.759068454847927E-005  1.731991881148444E-005  1.700928506950326E-005  1.679839768833986E-005  1.664563040717195E-005  1.639454463525427E-005  1.621042067065681E-005  1.590403600479937E-005  1.567584599162376E-005  1.555313871501979E-005  1.542374414594155E-005  1.528649262301709E-005  1.513959661923914E-005  1.498006981040576E-005  1.459655907637316E-005  1.433922931900949E-005  1.395883321968883E-005
   2555.00035794763       1.942076658065465E-005  1.920936764991282E-005  1.897967909419841E-005  1.872259028462717E-005  1.843241919784406E-005  1.809577167220800E-005  1.769354180022413E-005  1.745771263207806E-005  1.719169214572620E-005  1.688593675117084E-005  1.667829453929592E-005  1.652778976229832E-005  1.628077060890868E-005  1.609944646201664E-005  1.579764383948611E-005  1.557272037701527E-005  1.545176056766477E-005  1.532411444460887E-005  1.518864856667733E-005  1.504355684039035E-005  1.488584015256538E-005  1.450608205302107E-005  1.425086131889695E-005  1.387316610045167E-005
   2565.00035934860       1.917807435300745E-005  1.896847649978537E-005  1.873538709289181E-005  1.847796383072304E-005  1.818612398570693E-005  1.784985155434390E-005  1.744873504160489E-005  1.721444230245775E-005  1.695110196353737E-005  1.665006217514371E-005  1.644678851794669E-005  1.630011783956899E-005  1.606029619664591E-005  1.588528909681326E-005  1.559587018403558E-005  1.538143600204763E-005  1.526646829465816E-005  1.514530158315491E-005  1.501674977509197E-005  1.487894963024320E-005  1.472881128825392E-005  1.436489472944146E-005  1.411835848101379E-005  1.375087459107600E-005
   2575.00036074957       1.919646445049221E-005  1.899142450053551E-005  1.876647498990473E-005  1.851472729787254E-005  1.822916858291642E-005  1.789850821459496E-005  1.750247890586696E-005  1.727022635375280E-005  1.700768748726637E-005  1.670582306259008E-005  1.650083572574429E-005  1.635206362411933E-005  1.610772219174729E-005  1.592836675290289E-005  1.562980474500290E-005  1.540736973541808E-005  1.528773602096065E-005  1.516153913649632E-005  1.502765390393888E-005  1.488429938753164E-005  1.472851435306547E-005  1.435365014628833E-005  1.410195768391650E-005  1.372991552546970E-005
   2585.00036215054       1.899529791585909E-005  1.879034495546791E-005  1.856830804003231E-005  1.831676264763186E-005  1.803381284360507E-005  1.770515320553415E-005  1.731238171334423E-005  1.708223179413911E-005  1.682283224716138E-005  1.652481645026911E-005  1.632252944748859E-005  1.617619408785040E-005  1.593618857849611E-005  1.576036738175884E-005  1.546835133058831E-005  1.525124449051709E-005  1.513463528355103E-005  1.501168441673434E-005  1.488127595249879E-005  1.474163729236710E-005  1.458978960141496E-005  1.422355926353831E-005  1.397675159221220E-005  1.361023060163865E-005
   2595.00036355151       1.894832509877961E-005  1.874736401326020E-005  1.852520457245025E-005  1.827827389530968E-005  1.799813984510825E-005  1.767163477071447E-005  1.728029023561389E-005  1.705106176796371E-005  1.679174187426584E-005  1.649360848374448E-005  1.629120718925581E-005  1.614454174593270E-005  1.590361109901833E-005  1.572703366662887E-005  1.543331521085648E-005  1.521472471430376E-005  1.509728626319900E-005  1.497344602022711E-005  1.484212168640475E-005  1.470154916416257E-005  1.454884410136447E-005  1.418129263874998E-005  1.393435000542327E-005  1.356889184668298E-005
   2605.00036495248       1.872908831932547E-005  1.853628700888764E-005  1.832403609862389E-005  1.808369941091169E-005  1.781442425393780E-005  1.749900090676753E-005  1.712004441278519E-005  1.689780088010384E-005  1.664625862172265E-005  1.635677681681209E-005  1.616012593011051E-005  1.601768696576656E-005  1.578371736448932E-005  1.561224039843681E-005  1.532693886514017E-005  1.511455203020238E-005  1.500035129650292E-005  1.487982340374177E-005  1.475181372950685E-005  1.461453707740987E-005  1.446502360370580E-005  1.410355801799774E-005  1.385972030993340E-005  1.349810103057503E-005
   2615.00036635345       1.831396257957706E-005  1.813662074424947E-005  1.793434710288709E-005  1.771108088710322E-005  1.745341910739829E-005  1.715267033795512E-005  1.678916946747129E-005  1.657601576466593E-005  1.633474220410768E-005  1.605835539873515E-005  1.587151637099492E-005  1.573672797807486E-005  1.551626249710853E-005  1.535566658449794E-005  1.509019841241479E-005  1.489355354913015E-005  1.478796761732581E-005  1.467652154104262E-005  1.455795759671589E-005  1.443037581446254E-005  1.429071807769443E-005  1.394955570765922E-005  1.371682501757571E-005  1.336827640327031E-005
   2625.00036775442       1.687116374428241E-005  1.675696498979895E-005  1.662880979364707E-005  1.648529880612065E-005  1.631736038962007E-005  1.611693932216914E-005  1.587261378766591E-005  1.572822161471844E-005  1.556335865059434E-005  1.537253797938336E-005  1.524253724712717E-005  1.514769244734815E-005  1.499093257032665E-005  1.487493946783216E-005  1.467888543343008E-005  1.452918640008884E-005  1.444693460620423E-005  1.435851867130553E-005  1.426258744043834E-005  1.415713387283655E-005  1.403907490924542E-005  1.374009699275455E-005  1.352889042176894E-005  1.320380179686096E-005
   2635.00036915538       1.816709981117577E-005  1.799933360418848E-005  1.781295807179103E-005  1.760359022528385E-005  1.735838722921186E-005  1.707021472391176E-005  1.671974381845010E-005  1.651229325916439E-005  1.627612534991992E-005  1.600295529548953E-005  1.581660446047930E-005  1.568134680185019E-005  1.545873021184671E-005  1.529524481742919E-005  1.502297779368186E-005  1.481993094053838E-005  1.471049990056373E-005  1.459489152676795E-005  1.447194393575213E-005  1.433987062649672E-005  1.419573826853914E-005  1.384618419686330E-005  1.360964271673391E-005  1.325780407374168E-005
   2645.00037055635       1.826414673061810E-005  1.807305825094040E-005  1.786285758580944E-005  1.762987786421374E-005  1.736247101270706E-005  1.705229299083578E-005  1.667978573061784E-005  1.646166530138958E-005  1.621516473262983E-005  1.593188435620997E-005  1.574003289418289E-005  1.560115412881199E-005  1.537360068434557E-005  1.520708034222151E-005  1.493087031268071E-005  1.472575186862676E-005  1.461561982504477E-005  1.449952818060804E-005  1.437637585840232E-005  1.424441668115513E-005  1.410079626548072E-005  1.375365231644206E-005  1.351917108662992E-005  1.317034441401979E-005
   2655.00037195732       1.817328594731212E-005  1.798218172693574E-005  1.777321285357240E-005  1.753836063985514E-005  1.727109560439904E-005  1.696215075296112E-005  1.659081713048466E-005  1.637404168641892E-005  1.612831352087569E-005  1.584637494140362E-005  1.565545547805655E-005  1.551730122607961E-005  1.529073055873153E-005  1.512495724880182E-005  1.484984938830258E-005  1.464554949981316E-005  1.453588001660010E-005  1.442028030087560E-005  1.429764169604699E-005  1.416627484083567E-005  1.402330372992901E-005  1.367781519012908E-005  1.344450729794545E-005  1.309751486746649E-005
   2665.00037335829       1.793135467356528E-005  1.774868598253708E-005  1.754488861238768E-005  1.731666434109027E-005  1.705811950799180E-005  1.675837257415939E-005  1.639969692031459E-005  1.618901134806517E-005  1.595112672074445E-005  1.567807344850594E-005  1.549319680860799E-005  1.535940095901852E-005  1.514013507768620E-005  1.497979822321794E-005  1.471365601568120E-005  1.451581478938986E-005  1.440947009280595E-005  1.429723110566030E-005  1.417798729719367E-005  1.404995798520457E-005  1.391028558031182E-005  1.357122901330466E-005  1.334122869466105E-005  1.299790559752135E-005
   2675.00037475926       1.758386450052179E-005  1.739498006185329E-005  1.719320693737322E-005  1.696344240403718E-005  1.670533985820782E-005  1.640853113410315E-005  1.605573727247353E-005  1.585190994999383E-005  1.562338259370763E-005  1.536472359793007E-005  1.519171130119334E-005  1.506800056878511E-005  1.486713555021691E-005  1.472178811368107E-005  1.448310652004104E-005  1.430693299898281E-005  1.421240783544305E-005  1.411245632411348E-005  1.400585108634798E-005  1.389067366842171E-005  1.376393716239207E-005  1.345123393507489E-005  1.323566926858339E-005  1.290978681787309E-005
   2685.00037616023       1.779986001436765E-005  1.761795004309806E-005  1.741815293269795E-005  1.719262920592025E-005  1.693621253755244E-005  1.663905156401974E-005  1.628241748019057E-005  1.607299897733952E-005  1.583610055205840E-005  1.556444059693260E-005  1.538025474562228E-005  1.524686127331270E-005  1.502797138396914E-005  1.486795725187083E-005  1.460248018055498E-005  1.440524649125842E-005  1.429928082385730E-005  1.418751521888373E-005  1.406884096597517E-005  1.394155150449106E-005  1.380277756614884E-005  1.346656499018697E-005  1.323913218761428E-005  1.290077687537980E-005
   2695.00037756120       1.778132633348213E-005  1.759293454483993E-005  1.738814865707742E-005  1.715678395149118E-005  1.689595989348304E-005  1.659315506356954E-005  1.623009667454792E-005  1.601690726280889E-005  1.577631711538353E-005  1.550061793893354E-005  1.531386721438217E-005  1.517874964699779E-005  1.495761470321978E-005  1.479594149907947E-005  1.452808425473190E-005  1.432949676415776E-005  1.422294498079371E-005  1.411073865491609E-005  1.399176421229946E-005  1.386436230131999E-005  1.372574716130017E-005  1.339080964760552E-005  1.316467922869683E-005  1.282848377517384E-005
   2705.00037896217       1.767101810572627E-005  1.748332189186363E-005  1.727618471359165E-005  1.704719849782796E-005  1.678493697289513E-005  1.648105163831831E-005  1.611902503425598E-005  1.590737055484739E-005  1.566830504749952E-005  1.539481284677360E-005  1.520968324905242E-005  1.507556935595359E-005  1.485661822463964E-005  1.469667541575921E-005  1.443175053028691E-005  1.423547259664358E-005  1.413018795930741E-005  1.401927699604643E-005  1.390169020334621E-005  1.377577028988452E-005  1.363871745230448E-005  1.330730917869815E-005  1.308332268970980E-005  1.274989859540556E-005
   2715.00038036314       1.756217087053071E-005  1.737869341449031E-005  1.717264133472536E-005  1.694252280233733E-005  1.668287175185942E-005  1.638064851636416E-005  1.602095770032596E-005  1.581011851086844E-005  1.557283276119546E-005  1.530071832493416E-005  1.511692470640716E-005  1.498402366111025E-005  1.476669186642887E-005  1.460807376746285E-005  1.434565408217077E-005  1.415145654360549E-005  1.404731310604267E-005  1.393764221948908E-005  1.382138323457706E-005  1.369687770832527E-005  1.356136845638243E-005  1.323355197791556E-005  1.301190434215753E-005  1.268183212624891E-005
   2725.00038176411       1.744982259463185E-005  1.726463404092131E-005  1.706098704427076E-005  1.683432124489959E-005  1.657618119931427E-005  1.627742157735272E-005  1.592025091043282E-005  1.571128164830487E-005  1.547547598927438E-005  1.520578052043496E-005  1.502342951954020E-005  1.489167812065475E-005  1.467640550007991E-005  1.451936044866370E-005  1.425953265826105E-005  1.406722367463505E-005  1.396417431786241E-005  1.385562934313685E-005  1.374057126319579E-005  1.361731062193416E-005  1.348311915018626E-005  1.315835060243140E-005  1.293862802616096E-005  1.261123283921940E-005
   2735.00038316508       1.732706867021997E-005  1.714469114584209E-005  1.694498617876257E-005  1.672198361218186E-005  1.646682669299018E-005  1.617167581165649E-005  1.581919825051678E-005  1.561220394502391E-005  1.537931825434361E-005  1.511283077184063E-005  1.493246728179155E-005  1.480219993362509E-005  1.458930022723762E-005  1.443395174491831E-005  1.417693973475038E-005  1.398671352771916E-005  1.388473240964968E-005  1.377734864007557E-005  1.366345476971660E-005  1.354141940476823E-005  1.340852874009847E-005  1.308664916818901E-005  1.286874075492140E-005  1.254390237032118E-005
   2745.00038456605       1.716002575750285E-005  1.698610093678936E-005  1.679468584022752E-005  1.657982615865133E-005  1.633506071176705E-005  1.604871915875148E-005  1.570615696502916E-005  1.550508519582506E-005  1.527769844522140E-005  1.501656712662714E-005  1.483975307320236E-005  1.471189986763381E-005  1.450253901108608E-005  1.434949302476988E-005  1.409640072473114E-005  1.390874736827908E-005  1.380807313761591E-005  1.370199892852506E-005  1.358941336630501E-005  1.346870549934332E-005  1.333711879399368E-005  1.301801214315899E-005  1.280181183591201E-005  1.247947758118861E-005
   2755.00038596701       1.654683631662072E-005  1.638018767601299E-005  1.619775753428481E-005  1.599504265082866E-005  1.576486352064794E-005  1.549741436380464E-005  1.518245882229312E-005  1.499960163331770E-005  1.479540641995968E-005  1.456482745103111E-005  1.441090011879223E-005  1.430059302077569E-005  1.412162488971231E-005  1.399205898482393E-005  1.377873315057068E-005  1.362046619819037E-005  1.353509168132338E-005  1.344453502142979E-005  1.334762902261791E-005  1.324255749676643E-005  1.312651563719256E-005  1.283880854631038E-005  1.263942503867069E-005  1.233632522767923E-005
   2765.00038736798       1.670568520829997E-005  1.654550160918194E-005  1.636643076665960E-005  1.616492145403478E-005  1.593564163756281E-005  1.566911493022545E-005  1.534877234976815E-005  1.516130845592665E-005  1.494968738976948E-005  1.470769522004180E-005  1.454407862273774E-005  1.442619301859248E-005  1.423348463366358E-005  1.409287701395272E-005  1.386024316564436E-005  1.368744990409260E-005  1.359445898612623E-005  1.349612282053552E-005  1.339124019297214E-005  1.327811434096408E-005  1.315392273037005E-005  1.284921276253443E-005  1.264047174205424E-005  1.232665755533172E-005
   2775.00038876895       1.684943189108088E-005  1.667833569623185E-005  1.648788419246433E-005  1.627338160490949E-005  1.602982192805450E-005  1.574742584619178E-005  1.540761821381449E-005  1.520924121327734E-005  1.498546473618631E-005  1.472918045863281E-005  1.455592213847743E-005  1.443083540832858E-005  1.422673089349553E-005  1.407804194519923E-005  1.383239865840604E-005  1.365078024991608E-005  1.355341900223997E-005  1.345087438262650E-005  1.334209321322490E-005  1.322539704559477E-005  1.309813716831396E-005  1.278895992801486E-005  1.257896323206751E-005  1.226492854961456E-005
   2785.00039016992       1.678669643743731E-005  1.661092844677888E-005  1.641516461311515E-005  1.620021014139283E-005  1.595451486905240E-005  1.566816471834467E-005  1.532689215554628E-005  1.512784096214897E-005  1.490381694351673E-005  1.464733030233887E-005  1.447442641731108E-005  1.434973043303669E-005  1.414621159581783E-005  1.399805838436326E-005  1.375367017803769E-005  1.357318493706792E-005  1.347652225436466E-005  1.337473497680559E-005  1.326677545306485E-005  1.315103277749101E-005  1.302481374081998E-005  1.271826584983752E-005  1.251004749649110E-005  1.219860812021969E-005
   2795.00039157089       1.670277560523715E-005  1.652722708148428E-005  1.633498505257644E-005  1.611799484575544E-005  1.587436912678394E-005  1.558964631127903E-005  1.525043872554863E-005  1.505202673177215E-005  1.482864203955914E-005  1.457404603473830E-005  1.440195564341476E-005  1.427784408999012E-005  1.407522655986275E-005  1.392778322759059E-005  1.368459547656657E-005  1.350492853073917E-005  1.340872914567309E-005  1.330740168461386E-005  1.319999174933266E-005  1.308482573722970E-005  1.295926320602979E-005  1.265438265097299E-005  1.244737542895134E-005  1.213791474945174E-005
   2805.00039297186       1.659777877202930E-005  1.642290321517940E-005  1.623158292288480E-005  1.601730216772895E-005  1.577336954507015E-005  1.548926774254106E-005  1.515217873126238E-005  1.495533651314053E-005  1.473391749123152E-005  1.448134273968439E-005  1.431062621677347E-005  1.418768622837708E-005  1.398715967291746E-005  1.384125248296407E-005  1.360056236727603E-005  1.342293301205400E-005  1.332781931612585E-005  1.322767890074877E-005  1.312145984135437E-005  1.300759438695428E-005  1.288340286284918E-005  1.258163236419352E-005  1.237656616268747E-005  1.206973199236285E-005
   2815.00039437283       1.649480713599913E-005  1.632299675356139E-005  1.613148183687555E-005  1.591703099092872E-005  1.567627364152907E-005  1.539657547713249E-005  1.506180366951925E-005  1.486692241921252E-005  1.464666280911458E-005  1.439584811941184E-005  1.422671273650406E-005  1.410475033482086E-005  1.390596313492586E-005  1.376126507583769E-005  1.352286260189756E-005  1.334688402183962E-005  1.325264777424462E-005  1.315344943131081E-005  1.304823646053233E-005  1.293540553609688E-005  1.281231924897275E-005  1.251309744362619E-005  1.230967196500521E-005  1.200515677297534E-005
   2825.00039577380       1.638830849863124E-005  1.621570838114259E-005  1.602584514067041E-005  1.581539497498422E-005  1.557515810647096E-005  1.529638312543259E-005  1.496440994988359E-005  1.477102514703326E-005  1.455255596104529E-005  1.430416736673883E-005  1.413651053360238E-005  1.401586215374978E-005  1.381908442894555E-005  1.367599171762389E-005  1.344018886549498E-005  1.326623060656461E-005  1.317308773048905E-005  1.307502686918182E-005  1.297101018108759E-005  1.285945155005833E-005  1.273770789796709E-005  1.244153575004833E-005  1.224001719549709E-005  1.193810234698790E-005
   2835.00039717477       1.628975874426313E-005  1.611982624473277E-005  1.593077200983478E-005  1.572088898429752E-005  1.548499588329034E-005  1.520896613719951E-005  1.487942318024351E-005  1.468799105735038E-005  1.447229758193332E-005  1.422529421811300E-005  1.405901599240208E-005  1.393930843731181E-005  1.374413475161598E-005  1.360221599171575E-005  1.336830418427011E-005  1.319574288656567E-005  1.310336291993118E-005  1.300605138007426E-005  1.290285241548685E-005  1.279214414193853E-005  1.267131211296839E-005  1.237730637523678E-005  1.217724361616494E-005  1.187754055776625E-005
   2845.00039857574       1.614236565012883E-005  1.597649228549958E-005  1.579022595332809E-005  1.558625096613432E-005  1.535190579365278E-005  1.507963505057974E-005  1.475549219800896E-005  1.456625395388417E-005  1.435340587058478E-005  1.411036528445147E-005  1.394690273636000E-005  1.382922101545194E-005  1.363753356770859E-005  1.349823008439114E-005  1.326890794062367E-005  1.309975286965665E-005  1.300921592792482E-005  1.291386236120832E-005  1.281262611887341E-005  1.270394746840668E-005  1.258519802055234E-005  1.229571332797921E-005  1.209825980216300E-005  1.180169907155055E-005
   2855.00039997671       1.603114026045045E-005  1.586933186564986E-005  1.569102761649085E-005  1.549029082500965E-005  1.526174634348563E-005  1.499605159848334E-005  1.467658228042714E-005  1.449053598798584E-005  1.427996473506252E-005  1.403959223781126E-005  1.387780629115999E-005  1.376116751093306E-005  1.357081989307765E-005  1.343253295552128E-005  1.320474387120258E-005  1.303666027273713E-005  1.294662134536422E-005  1.285181191371050E-005  1.275116530807415E-005  1.264306639178708E-005  1.252494969022322E-005  1.223697046420140E-005  1.204059226684797E-005  1.174581406351762E-005
   2865.00040137768       1.572223503937625E-005  1.557550059043788E-005  1.541328802674483E-005  1.523070450691660E-005  1.502226053909384E-005  1.477732402892045E-005  1.448183447575980E-005  1.430815635486189E-005  1.411177282150102E-005  1.388665042153725E-005  1.373457573213635E-005  1.362488791929008E-005  1.344582619348683E-005  1.331540613370425E-005  1.309988016562709E-005  1.294005958597660E-005  1.285410598921471E-005  1.276324281414854E-005  1.266635855989712E-005  1.256186124368098E-005  1.244710879934883E-005  1.216525717590137E-005  1.197192506084438E-005  1.168066857986706E-005
   2875.00040277864       1.509275383618573E-005  1.495426409692252E-005  1.479920624514990E-005  1.462704752755979E-005  1.443139230889797E-005  1.420619953363906E-005  1.394008748263930E-005  1.378757741007367E-005  1.361760138791807E-005  1.342721330049968E-005  1.330089711635197E-005  1.321080523506613E-005  1.306478491820354E-005  1.295907920182017E-005  1.278447458934023E-005  1.265405830613847E-005  1.258328445970861E-005  1.250775527543974E-005  1.242633431735778E-005  1.233734803630928E-005  1.223821641892890E-005  1.198870736837499E-005  1.181306915887734E-005  1.154230743706502E-005
   2885.00040417961       1.565022861310960E-005  1.550050003537266E-005  1.533028103913688E-005  1.514347903437720E-005  1.492620225416451E-005  1.467451467571183E-005  1.437099213909721E-005  1.419254078545311E-005  1.399159760761522E-005  1.376186470381169E-005  1.360693397861160E-005  1.349509169987124E-005  1.331320278738590E-005  1.318083532513016E-005  1.296295073944497E-005  1.280206996387604E-005  1.271581287038540E-005  1.262484060254622E-005  1.252813900546484E-005  1.242409107409705E-005  1.231014224414863E-005  1.203130110718928E-005  1.184049643511255E-005  1.155320913926533E-005
   2895.00040558058       1.565180929554770E-005  1.549468874289334E-005  1.531773240131848E-005  1.512189767512259E-005  1.489640284840751E-005  1.463685410478966E-005  1.432540698603881E-005  1.414398582846182E-005  1.393948587085543E-005  1.370643470051163E-005  1.354961856403708E-005  1.343689138608200E-005  1.325319102735961E-005  1.311991114878799E-005  1.290079181436419E-005  1.273931162367107E-005  1.265288491238271E-005  1.256184075763009E-005  1.246516171833579E-005  1.236127813579195E-005  1.224764424653604E-005  1.197004002424337E-005  1.178029407044549E-005  1.149478797686275E-005
   2905.00040698155       1.558020455668360E-005  1.542070210772588E-005  1.524300748987431E-005  1.504573201057461E-005  1.482110968004130E-005  1.455992856982758E-005  1.424830447082139E-005  1.406717746058385E-005  1.386313465840700E-005  1.363065917464259E-005  1.347438899333050E-005  1.336220025139905E-005  1.317949178758184E-005  1.304703202988277E-005  1.282935847463588E-005  1.266894894947379E-005  1.258312350398529E-005  1.249272915860037E-005  1.239675428566365E-005  1.229366246995995E-005  1.218089031294573E-005  1.190539305050438E-005  1.171705968536134E-005  1.143358008051217E-005
   2915.00040838252       1.547000308883351E-005  1.531039597081678E-005  1.513565259377888E-005  1.493809291542448E-005  1.471444884850289E-005  1.445583719996581E-005  1.414722396362044E-005  1.396792473611922E-005  1.376618602200048E-005  1.353655417591385E-005  1.338237978957734E-005  1.327156046907562E-005  1.309155083644914E-005  1.296099983255525E-005  1.274646511801512E-005  1.258848089814454E-005  1.250392965982912E-005  1.241484543322587E-005  1.232022772601538E-005  1.221852304963319E-005  1.210722349202352E-005  1.183493711335399E-005  1.164853303694827E-005  1.136755649316546E-005
   2925.00040978349       1.537459935598350E-005  1.521457100655792E-005  1.503762904972517E-005  1.484102121628551E-005  1.461868401393392E-005  1.436005919249600E-005  1.405317662012079E-005  1.387479444596033E-005  1.367407697882923E-005  1.344628910661966E-005  1.329350339676226E-005  1.318366529680607E-005  1.300542435392584E-005  1.287639940817991E-005  1.266452414440966E-005  1.250864088594865E-005  1.242526245883523E-005  1.233733960964162E-005  1.224401455354490E-005  1.214363725655463E-005  1.203374694246925E-005  1.176468042318118E-005  1.158024088690369E-005  1.130180674584723E-005
   2935.00041118446       1.530744617065708E-005  1.514980490586052E-005  1.497405133226919E-005  1.477821771893971E-005  1.455602713319253E-005  1.430017910703420E-005  1.399449978944849E-005  1.381653055158912E-005  1.361706277952194E-005  1.338978570141509E-005  1.323733900805102E-005  1.312777451073817E-005  1.294987112587206E-005  1.282095072471713E-005  1.260942601737274E-005  1.245376428441462E-005  1.237052576294771E-005  1.228280518152813E-005  1.218965559790945E-005  1.208954604145041E-005  1.197996390552077E-005  1.171182514533485E-005  1.152821552815724E-005  1.125135085313197E-005
   2945.00041258543       1.520402552000880E-005  1.504664008534025E-005  1.487290125562872E-005  1.467786415999197E-005  1.445880978992032E-005  1.420447005308336E-005  1.390053920700957E-005  1.372459042505494E-005  1.352657205745655E-005  1.330197483425178E-005  1.315118681549574E-005  1.304284740823445E-005  1.286698353828022E-005  1.273962644339860E-005  1.253070999158452E-005  1.237708144405038E-005  1.229484301215303E-005  1.220822408062763E-005  1.211621531079461E-005  1.201729051025820E-005  1.190895354975251E-005  1.164358494768106E-005  1.146164247203153E-005  1.118690949187651E-005
   2955.00041398640       1.511979869241664E-005  1.496553844351437E-005  1.479272906943199E-005  1.460110853539719E-005  1.438245479440080E-005  1.412929870255134E-005  1.382845125166203E-005  1.365321060877233E-005  1.345671261203094E-005  1.323338159772703E-005  1.308338814363193E-005  1.297583074637830E-005  1.280114433615430E-005  1.267459354225515E-005  1.246704051464063E-005  1.231440725094941E-005  1.223274661366000E-005  1.214672852210025E-005  1.205535817828283E-005  1.195711731946602E-005  1.184952529524592E-005  1.158602072474726E-005  1.140537187488371E-005  1.113266816152388E-005
   2965.00041538737       1.503052700883257E-005  1.487610448950523E-005  1.470441992928826E-005  1.451392751413974E-005  1.429711349742608E-005  1.404648272728313E-005  1.374781201202936E-005  1.357407260470216E-005  1.337907061584423E-005  1.315737908594855E-005  1.300864664657575E-005  1.290203718333723E-005  1.272885405364425E-005  1.260342934443514E-005  1.239776408037164E-005  1.224659208122019E-005  1.216571957471390E-005  1.208051375837637E-005  1.198996946584867E-005  1.189261304846270E-005  1.178596968536591E-005  1.152465920274753E-005  1.134544569885686E-005  1.107478954742553E-005
   2975.00041678834       1.493685911460955E-005  1.478222730665287E-005  1.461004575322165E-005  1.442254252069910E-005  1.420778735111020E-005  1.395887325085093E-005  1.366291574379627E-005  1.349023670466525E-005  1.329669572841325E-005  1.307722935811901E-005  1.292992923845507E-005  1.282431899025138E-005  1.265290671360626E-005  1.252885274240375E-005  1.232545438043278E-005  1.217597347737753E-005  1.209599265785472E-005  1.201170211488511E-005  1.192215811288446E-005  1.182583325153985E-005  1.172027437178078E-005  1.146144987937619E-005  1.128380442848465E-005  1.101530241520997E-005
   2985.00041818931       1.484510082617735E-005  1.469471698345368E-005  1.452568125766133E-005  1.433836520424285E-005  1.412471402914109E-005  1.387838478611491E-005  1.358479506205232E-005  1.341336593122256E-005  1.322144409764943E-005  1.300362689377866E-005  1.285758310654199E-005  1.275274667930051E-005  1.258273351521912E-005  1.245974202059339E-005  1.225812664267397E-005  1.210993959205205E-005  1.203066312950687E-005  1.194710921365122E-005  1.185833110249645E-005  1.176282838249801E-005  1.165815821991461E-005  1.140140872313994E-005  1.122512463414711E-005  1.095858631714082E-005
   2995.00041959028       1.474120624097509E-005  1.458893803904565E-005  1.442319344330562E-005  1.423711880429516E-005  1.402487947964675E-005  1.377981713023072E-005  1.348876138555320E-005  1.331932743486367E-005  1.312932441818054E-005  1.291381628373905E-005  1.276964093344467E-005  1.266616361546349E-005  1.249840587302978E-005  1.237724213343607E-005  1.217866365481784E-005  1.203271543939552E-005  1.195462490185749E-005  1.187231937408854E-005  1.178486024542853E-005  1.169068127994422E-005  1.158739513748066E-005  1.133370484373717E-005  1.115925987261016E-005  1.089505024251234E-005
   3005.00042099124       1.464699378287683E-005  1.449821467707879E-005  1.433351495356628E-005  1.414973878388582E-005  1.393963736083652E-005  1.369792566417177E-005  1.340979202601921E-005  1.324142987897619E-005  1.305294179787053E-005  1.283970687940919E-005  1.269677518890619E-005  1.259433634955313E-005  1.242822748488602E-005  1.230821237558861E-005  1.211159174366238E-005  1.196712268391934E-005  1.188981174323728E-005  1.180835172346507E-005  1.172169483624997E-005  1.162841649096071E-005  1.152606470597648E-005  1.127455944136016E-005  1.110151606736555E-005  1.083930996813898E-005
   3015.00042239221       1.455169957122242E-005  1.440721758558727E-005  1.424389297549656E-005  1.406159190339835E-005  1.385661362128241E-005  1.361780975015886E-005  1.333281372214609E-005  1.316676829565534E-005  1.298062249656054E-005  1.276952881572288E-005  1.262816362779138E-005  1.252667745147734E-005  1.236213533037187E-005  1.224324152184199E-005  1.204828441109533E-005  1.190507682167074E-005  1.182839593895329E-005  1.174757300152096E-005  1.166161527243329E-005  1.156903958603858E-005  1.146744804168532E-005  1.121769547330487E-005  1.104582383833477E-005  1.078536783513927E-005
   3025.00042379318       1.439977298987945E-005  1.426209059489086E-005  1.410877452417776E-005  1.393854597536508E-005  1.374236414133801E-005  1.351135331031031E-005  1.323488283563052E-005  1.307326366060934E-005  1.289175149578352E-005  1.268543222048635E-005  1.254697236089432E-005  1.244763908243274E-005  1.228621947362654E-005  1.216947904064991E-005  1.197796198424457E-005  1.183702176104820E-005  1.176156303166390E-005  1.168188151247350E-005  1.159709309783680E-005  1.150566159859177E-005  1.140522607273380E-005  1.115796088970664E-005  1.098759693487997E-005  1.072918564275102E-005
   3035.00042519415       1.368306321498835E-005  1.356544687852089E-005  1.343669812929248E-005  1.329198767829046E-005  1.312542758931749E-005  1.293289636620062E-005  1.270661211724848E-005  1.257647069526826E-005  1.243102678648789E-005  1.226668455649149E-005  1.215705392411118E-005  1.207846114234332E-005  1.195069405559400E-005  1.185779993735569E-005  1.170405288018964E-005  1.158892399570896E-005  1.152634407996043E-005  1.145957359443112E-005  1.138756575935182E-005  1.130883597187455E-005  1.122105565831485E-005  1.099976745683720E-005  1.084352682277654E-005  1.060161716155759E-005
   3045.00042659512       1.387768212955272E-005  1.375840335624043E-005  1.362684966746752E-005  1.347653873115487E-005  1.330527520541900E-005  1.310473310536624E-005  1.286426821653021E-005  1.272402048399077E-005  1.256682246132634E-005  1.238840860543722E-005  1.226908367223820E-005  1.218314285678870E-005  1.204379716750557E-005  1.194248827003331E-005  1.177515297593432E-005  1.165052749685482E-005  1.158309345223830E-005  1.151132617001452E-005  1.143421908341664E-005  1.135027023843132E-005  1.125709355712754E-005  1.102415462660609E-005  1.086134592363437E-005  1.061168432858043E-005
   3055.00042799609       1.416341089159747E-005  1.402997075958553E-005  1.387666036370732E-005  1.370688477272056E-005  1.351188363044167E-005  1.328356852274794E-005  1.301108599051686E-005  1.285227784297408E-005  1.267417302479752E-005  1.247154372511243E-005  1.233581380698854E-005  1.223853602737781E-005  1.208085483644072E-005  1.196694375505386E-005  1.178040407408060E-005  1.164319868261518E-005  1.156967551021183E-005  1.149215713555065E-005  1.140958012508548E-005  1.132054450843280E-005  1.122266004657119E-005  1.098145082390641E-005  1.081500834053309E-005  1.056211864989300E-005
   3065.00042939706       1.411481267129526E-005  1.397483753407989E-005  1.381510269606229E-005  1.364228402420526E-005  1.344398538990733E-005  1.321325668283646E-005  1.293779264154311E-005  1.277836597645899E-005  1.259948158670657E-005  1.239707547299518E-005  1.226175400736868E-005  1.216493270451952E-005  1.200836663556925E-005  1.189517773448625E-005  1.171006784687596E-005  1.157407286689164E-005  1.150129083045858E-005  1.142449620831230E-005  1.134278657197801E-005  1.125464935569942E-005  1.115778214371731E-005  1.091894735617927E-005  1.075401823874398E-005  1.050316797687485E-005
   3075.00043079803       1.405848217014612E-005  1.391854850701660E-005  1.376441168471795E-005  1.358809610666996E-005  1.338838924363261E-005  1.315809682860659E-005  1.288402674780012E-005  1.272470459287468E-005  1.254602442739514E-005  1.234397123010939E-005  1.220890779646637E-005  1.211219057344298E-005  1.195580516564099E-005  1.184281442694542E-005  1.165808638645139E-005  1.152245099008748E-005  1.144987682823269E-005  1.137334357590488E-005  1.129188744508600E-005  1.120406101750595E-005  1.110756444425061E-005  1.086980310385741E-005  1.070574292578374E-005  1.045641222992602E-005
   3085.00043219900       1.395180027025887E-005  1.380975535131272E-005  1.365455449466938E-005  1.348186129854876E-005  1.328355096366466E-005  1.305484119813004E-005  1.278258641440646E-005  1.262481103325398E-005  1.244845464136694E-005  1.224900813462254E-005  1.211613549206910E-005  1.202102323215105E-005  1.186730836465803E-005  1.175642897818410E-005  1.157517556189605E-005  1.144213250554412E-005  1.137096950998366E-005  1.129584567797202E-005  1.121584669335693E-005  1.112953264804948E-005  1.103459955730522E-005  1.080021840389415E-005  1.063809768560632E-005  1.039103977261396E-005
   3095.00043359997       1.388423738208192E-005  1.374337018088895E-005  1.358792654318483E-005  1.341307413356230E-005  1.321702234457449E-005  1.298895512491321E-005  1.271885528741671E-005  1.256217700058011E-005  1.238703993747257E-005  1.218873557527162E-005  1.205632361278601E-005  1.196189235608351E-005  1.180907669456738E-005  1.169881970885645E-005  1.151858149965410E-005  1.138624993187361E-005  1.131543692254543E-005  1.124072281700408E-005  1.116119293680047E-005  1.107535963088594E-005  1.098097565805202E-005  1.074794674108068E-005  1.058679068098794E-005  1.034126104870451E-005
   3105.00043500094       1.380679039111383E-005  1.366916614882748E-005  1.351416367814404E-005  1.334250972374296E-005  1.314717825295393E-005  1.292061720690739E-005  1.265218826819486E-005  1.249665281233711E-005  1.232257355067924E-005  1.212573741334186E-005  1.199457608935840E-005  1.190064318131947E-005  1.174895242233408E-005  1.163943956102523E-005  1.146056419953672E-005  1.132927211474680E-005  1.125897780924891E-005  1.118480387813284E-005  1.110584841231492E-005  1.102064447394685E-005  1.092691970612356E-005  1.069551485623613E-005  1.053546588246611E-005  1.029161317952304E-005
   3115.00043640191       1.365651297475301E-005  1.351988791154285E-005  1.336948562802982E-005  1.320015070003813E-005  1.300887359765229E-005  1.278716006830565E-005  1.252438769143014E-005  1.237192184603522E-005  1.220180973796178E-005  1.200988222671042E-005  1.188188354417452E-005  1.179049203532628E-005  1.164284040699145E-005  1.153638285610017E-005  1.136244038981886E-005  1.123466391266819E-005  1.116621643888296E-005  1.109392327675171E-005  1.101684973271619E-005  1.093357539793600E-005  1.084182776189637E-005  1.061461854070686E-005  1.045688087527360E-005  1.021565896797905E-005
   3125.00043780287       1.364106038878951E-005  1.350256999092352E-005  1.334877767759755E-005  1.318144581894086E-005  1.298983039479056E-005  1.276656137441055E-005  1.250202825529764E-005  1.234876650067474E-005  1.217744138677602E-005  1.198427834436491E-005  1.185551160030095E-005  1.176329628873220E-005  1.161451932596810E-005  1.150734163818815E-005  1.133213901853830E-005  1.120360739512159E-005  1.113476851903653E-005  1.106216747813895E-005  1.098477577968848E-005  1.090124644532205E-005  1.080929655576505E-005  1.058200405620895E-005  1.042457669184295E-005  1.018434749678460E-005
   3135.00043920384       1.356596298865142E-005  1.342917245327504E-005  1.327784246309896E-005  1.310940684838663E-005  1.291821614431136E-005  1.269681012735897E-005  1.243423578771106E-005  1.228174379608458E-005  1.211159627326524E-005  1.191959648690391E-005  1.179146088886026E-005  1.170009075214849E-005  1.155253542011070E-005  1.144621103644887E-005  1.127252247246614E-005  1.114510365163730E-005  1.107688099738084E-005  1.100485875520624E-005  1.092813954060591E-005  1.084528379018506E-005  1.075406627617928E-005  1.052849108945077E-005  1.037218550887960E-005  1.013354689166937E-005
   3145.00044060481       1.348734652848752E-005  1.335216652676837E-005  1.320209058088947E-005  1.303483609022892E-005  1.284407298152626E-005  1.262526615019749E-005  1.236450716147611E-005  1.221392095167225E-005  1.204530973114568E-005  1.185488324698988E-005  1.172806479712849E-005  1.163746706432285E-005  1.149112243836195E-005  1.138569241712686E-005  1.121348812812900E-005  1.108710374742556E-005  1.101947145189660E-005  1.094804911751834E-005  1.087196210015311E-005  1.078977339756465E-005  1.069928277471070E-005  1.047541779483232E-005  1.032026232130708E-005  1.008333474010198E-005
   3155.00044200578       1.339776536261196E-005  1.326304374095981E-005  1.311411753400607E-005  1.294862602315471E-005  1.276051794377056E-005  1.254250288931410E-005  1.228421071053903E-005  1.213520323811460E-005  1.196829528816601E-005  1.177991947134420E-005  1.165451542002564E-005  1.156488164767861E-005  1.142035983370190E-005  1.131623465248996E-005  1.114613789399133E-005  1.102132346210978E-005  1.095451514449208E-005  1.088394661957393E-005  1.080874856028112E-005  1.072750250405426E-005  1.063798166710857E-005  1.041635265795499E-005  1.026257694300695E-005  1.002752894160492E-005
   3165.00044340675       1.334576414599399E-005  1.321177000054198E-005  1.306242907894379E-005  1.289643403830656E-005  1.270803008447615E-005  1.249015638118013E-005  1.223210375396228E-005  1.208265377197282E-005  1.191569351192497E-005  1.172742900995143E-005  1.160208051102816E-005  1.151273189274516E-005  1.136834892553069E-005  1.126450195929347E-005  1.109507565977447E-005  1.097082798288033E-005  1.090432935151343E-005  1.083412140348399E-005  1.075933918351776E-005  1.067854256439848E-005  1.058954371603042E-005  1.036929069431442E-005  1.021654853615800E-005  9.983128160668822E-006
   3175.00044480772       1.325094672395319E-005  1.311889538407085E-005  1.297229299790163E-005  1.280739947723185E-005  1.262260081132486E-005  1.240729814252905E-005  1.215246474726581E-005  1.200506061926124E-005  1.184068851248621E-005  1.165500148312940E-005  1.153145409034039E-005  1.144322719435937E-005  1.130088353832449E-005  1.119842423037764E-005  1.103120537618723E-005  1.090848660448352E-005  1.084278378541001E-005  1.077340870661595E-005  1.069943155329976E-005  1.061947775871568E-005  1.053136550230568E-005  1.031305268924641E-005  1.016147588382180E-005  9.929591998663672E-006
   3185.00044620869       1.319553641905556E-005  1.306222400802682E-005  1.291373684488281E-005  1.275177475079787E-005  1.256612265291629E-005  1.235268998632739E-005  1.209849633649156E-005  1.195108115789882E-005  1.178684673049022E-005  1.160130223654705E-005  1.147815523606322E-005  1.139009917724411E-005  1.124817464897564E-005  1.114612193525609E-005  1.097960456149187E-005  1.085745671783829E-005  1.079205545976780E-005  1.072303854911705E-005  1.064945450329578E-005  1.056992682248058E-005  1.048229247521678E-005  1.026523125105320E-005  1.011457508756537E-005  9.884142907639358E-006
   3195.00044760966       1.312220280948148E-005  1.299132349521979E-005  1.284732171134226E-005  1.268494456333872E-005  1.250074889915080E-005  1.228781537461819E-005  1.203487253288877E-005  1.188886990126086E-005  1.172591911991387E-005  1.154217171568199E-005  1.141970304382849E-005  1.133239411415729E-005  1.119156854412163E-005  1.109020318767236E-005  1.092495514164965E-005  1.080372908195566E-005  1.073883257469230E-005  1.067032698861562E-005  1.059725472901575E-005  1.051829408498946E-005  1.043127659437559E-005  1.021570687604068E-005  1.006606822392508E-005  9.837183623400603E-006
   3210.00044971111       1.299892506241824E-005  1.286900831649333E-005  1.272435035950513E-005  1.256487157589302E-005  1.238348543957119E-005  1.217233906179703E-005  1.192320145522136E-005  1.177891187679469E-005  1.161847229872553E-005  1.143721418107783E-005  1.131686154492051E-005  1.123108556034477E-005  1.109275207474211E-005  1.099316877061938E-005  1.083088255020863E-005  1.071186337333392E-005  1.064810351421977E-005  1.058077161913711E-005  1.050895415524989E-005  1.043127365547631E-005  1.034561759711425E-005  1.013315591013805E-005  9.985445823211225E-006  9.759145645648337E-006
   3230.00045251305       1.286003132348178E-005  1.273032209879876E-005  1.259077971549325E-005  1.243286616209880E-005  1.225446610844699E-005  1.204663703940120E-005  1.180022287941601E-005  1.165767399083625E-005  1.149875274277616E-005  1.132007322078544E-005  1.120124262691561E-005  1.111662667578501E-005  1.098012585553642E-005  1.088210640324443E-005  1.072209156908394E-005  1.060481996091611E-005  1.054203609312053E-005  1.047568395907494E-005  1.040490369233874E-005  1.032833619543904E-005  1.024388014372427E-005  1.003432459159768E-005  9.888582897241816E-006  9.665190717518079E-006
   3250.00045531499       1.271062585205667E-005  1.258116137665092E-005  1.244251489819697E-005  1.228901404933314E-005  1.211094089245658E-005  1.190658860300622E-005  1.166434050035401E-005  1.152409297901292E-005  1.136809939245699E-005  1.119221433827751E-005  1.107564579540495E-005  1.099249416655616E-005  1.085871041043950E-005  1.076260984979774E-005  1.060598975578656E-005  1.049110878765672E-005  1.042959599504128E-005  1.036456317263007E-005  1.029518199838438E-005  1.022007915781378E-005  1.013718086829186E-005  9.931260318660622E-006  9.787854142762049E-006  9.567732987139385E-006
   3270.00045811693       1.254600084083669E-005  1.242543002935332E-005  1.228942043213718E-005  1.213816884704604E-005  1.196540888876454E-005  1.176603284450128E-005  1.152920320559778E-005  1.139227362310340E-005  1.123924326466794E-005  1.106740342049556E-005  1.095335455629732E-005  1.087201334677923E-005  1.074106729855604E-005  1.064704970191551E-005  1.049377937712438E-005  1.038128779847346E-005  1.032100672527107E-005  1.025725233875068E-005  1.018916564098048E-005  1.011541183084841E-005  1.003394587025950E-005  9.831313119011420E-006  9.690010453419840E-006  9.472835549956332E-006
   3290.00046091887       1.187260317941823E-005  1.177670668934492E-005  1.166994819308343E-005  1.155113346056507E-005  1.141418672816914E-005  1.125644598146772E-005  1.106963729066075E-005  1.096233096818908E-005  1.084211647563841E-005  1.070689626237417E-005  1.061703765908593E-005  1.055275810640975E-005  1.044859810337547E-005  1.037306615600176E-005  1.024807377778267E-005  1.015453732004192E-005  1.010364284177469E-005  1.004919758140350E-005  9.990386840148906E-006  9.925867615711426E-006  9.853705533167769E-006  9.670504318548521E-006  9.539970620874969E-006  9.335647445652202E-006
   3310.00046372080       1.213427940622553E-005  1.202629483790488E-005  1.190482270583516E-005  1.176843703746082E-005  1.161315548206802E-005  1.143054864351949E-005  1.121320177492387E-005  1.108737463399142E-005  1.094654521832666E-005  1.078808914680520E-005  1.068287263225411E-005  1.060789748417103E-005  1.048700380053311E-005  1.039995425554062E-005  1.025750644414250E-005  1.015240944964351E-005  1.009580487749925E-005  1.003574521653846E-005  9.971342938409488E-006  9.901290153444964E-006  9.823605069828314E-006  9.629220568121712E-006  9.492863904654609E-006  9.282226352730852E-006
   3330.00046652274       1.211490886842527E-005  1.199720638367707E-005  1.186571306515014E-005  1.171967767450004E-005  1.155470675357092E-005  1.136365126737293E-005  1.113693256382691E-005  1.100622889677603E-005  1.086118705134876E-005  1.069828006184681E-005  1.059037892580372E-005  1.051364096918734E-005  1.039033265824818E-005  1.030187650351127E-005  1.015775248359756E-005  1.005194337462863E-005  9.995157962226139E-006  9.935079900571274E-006  9.870796570527754E-006  9.801066513078492E-006  9.723867722464216E-006  9.531197758339107E-006  9.396252263450336E-006  9.187899311366810E-006
   3350.00046932468       1.201611616067808E-005  1.189658413686144E-005  1.176523837375239E-005  1.161935416722841E-005  1.145415608424404E-005  1.126343551789376E-005  1.103683164615497E-005  1.090687862487218E-005  1.076257061197647E-005  1.060066309915463E-005  1.049359602407103E-005  1.041736535140453E-005  1.029505072651250E-005  1.020742580964719E-005  1.006476789270191E-005  9.960092651822717E-006  9.903909935739689E-006  9.844471311837191E-006  9.780917116457340E-006  9.711969754300103E-006  9.635672407953907E-006  9.445273892573920E-006  9.311967559877433E-006  9.106170004741286E-006
   3370.00047212662       1.185797601480403E-005  1.174284095825036E-005  1.161336937537115E-005  1.146932778167393E-005  1.130760808311144E-005  1.111987719150974E-005  1.089887815137472E-005  1.077153401712245E-005  1.063042041936170E-005  1.047238876408821E-005  1.036787366772616E-005  1.029377089660756E-005  1.017482950591899E-005  1.008942748137066E-005  9.950544785095333E-006  9.848538453012207E-006  9.793777965300070E-006  9.735801613248193E-006  9.673740536477167E-006  9.606342578809515E-006  9.531656052368622E-006  9.344930112303116E-006  9.213874106079371E-006  9.011055030731935E-006
   3390.00047492856       1.172974808929658E-005  1.161459494051325E-005  1.148910685161080E-005  1.134647549953776E-005  1.118652822360611E-005  1.100113735271671E-005  1.078316636729678E-005  1.065791418455703E-005  1.051861169013514E-005  1.036280318098042E-005  1.026009413532646E-005  1.018711062397474E-005  1.006988144500297E-005  9.985857947119944E-006  9.849173601686498E-006  9.748839669888131E-006  9.694934711768659E-006  9.637857483738685E-006  9.576731711361645E-006  9.510318575834877E-006  9.436714484206293E-006  9.252557401390766E-006  9.123185478645859E-006  8.922783740902013E-006
   3410.00047773050       1.160050669722571E-005  1.148749576521518E-005  1.136160121081768E-005  1.122160597955587E-005  1.106308615511303E-005  1.088032967863492E-005  1.066486603173670E-005  1.054133715919776E-005  1.040429699535552E-005  1.025113843946312E-005  1.015019987416636E-005  1.007853006087179E-005  9.963443703295606E-006  9.881185035860239E-006  9.747145174213286E-006  9.648745076595479E-006  9.595895621805322E-006  9.539873208580824E-006  9.479876617878058E-006  9.414666810167954E-006  9.342345379662295E-006  9.161200469252263E-006  9.033789510881417E-006  8.836165648341767E-006
   3430.00048053244       1.149918231846490E-005  1.138749282298198E-005  1.126457488751882E-005  1.112638448236742E-005  1.096976274831881E-005  1.078852411930245E-005  1.057409503146286E-005  1.045155514342325E-005  1.031544223644952E-005  1.016335439256936E-005  1.006313420707796E-005  9.991840882617846E-006  9.877773293896521E-006  9.796043677287209E-006  9.663122025456754E-006  9.565593685471746E-006  9.513195909364469E-006  9.457683140191719E-006  9.398233604796845E-006  9.333619734943212E-006  9.261983455760005E-006  9.082655372681348E-006  8.956609399442868E-006  8.761212952594169E-006
   3450.00048333437       1.140064672280002E-005  1.128840321868104E-005  1.116553788417322E-005  1.102729545460782E-005  1.087170327838871E-005  1.069266109267696E-005  1.048069727517780E-005  1.035888675541510E-005  1.022366924196388E-005  1.007297328207778E-005  9.973470677709101E-006  9.902902947889570E-006  9.789728888818594E-006  9.708800017361744E-006  9.577046670350569E-006  9.480426099259552E-006  9.428549124886204E-006  9.373551223824867E-006  9.314688127819638E-006  9.250711418668876E-006  9.179786832019888E-006  9.002307735730181E-006  8.877626431241120E-006  8.684439330984132E-006
   3470.00048613631       1.127087418501924E-005  1.116080868634289E-005  1.103930827084812E-005  1.090386471022811E-005  1.075049013192324E-005  1.057253243624936E-005  1.036435135275491E-005  1.024440831225374E-005  1.011171363344655E-005  9.963482526947082E-006  9.865861002811936E-006  9.796662042265379E-006  9.685723886141813E-006  9.606447052135400E-006  9.477491027695857E-006  9.382821212553514E-006  9.331961171607613E-006  9.278052042169549E-006  9.220304745683547E-006  9.157503984815314E-006  9.087840605470805E-006  8.913297507199631E-006  8.790502561340380E-006  8.599938503380109E-006
   3490.00048893825       1.115244007000633E-005  1.104533948345902E-005  1.092723549466559E-005  1.079193840008449E-005  1.064156156352644E-005  1.046680847935541E-005  1.026047525438218E-005  1.014208770192392E-005  1.001135285751844E-005  9.865207733360129E-006  9.768938869684627E-006  9.700827163404906E-006  9.591449621484347E-006  9.513325056304454E-006  9.386275729524646E-006  9.293038310414991E-006  9.242928687980532E-006  9.189809846446275E-006  9.132884789893594E-006  9.070966844307087E-006  9.002266674449627E-006  8.830074097521191E-006  8.708874310375316E-006  8.520688869090426E-006
   3510.00049174019       1.104028019330843E-005  1.093162765028770E-005  1.081410165499100E-005  1.068091778010557E-005  1.053230501465856E-005  1.035964556724314E-005  1.015603715027230E-005  1.003942843495455E-005  9.910403642070848E-006  9.766443665569357E-006  9.671756579064687E-006  9.604609383835852E-006  9.497044653985181E-006  9.420148054513434E-006  9.295108721474342E-006  9.203312977849017E-006  9.153979092736462E-006  9.101664025330657E-006  9.045579593400581E-006  8.984571800922472E-006  8.916857017073304E-006  8.747027305617507E-006  8.627405972850174E-006  8.441528422728090E-006
   3530.00049454213       1.091944002226021E-005  1.081150282662395E-005  1.069436291014985E-005  1.056340812897500E-005  1.041578598564676E-005  1.024567069611397E-005  1.004505270143936E-005  9.930491788426878E-006  9.803400516107249E-006  9.661858649743153E-006  9.568887078034749E-006  9.502931678943472E-006  9.397499375856850E-006  9.322056275978210E-006  9.199540949869041E-006  9.109518304503163E-006  9.061109526571454E-006  9.009763715425144E-006  8.954675618178456E-006  8.894719284072919E-006  8.828128672994007E-006  8.660911656764226E-006  8.542942248464505E-006  8.359323111005407E-006
   3550.00049734407       1.080809421092220E-005  1.070395039865997E-005  1.058807525243948E-005  1.045960922081054E-005  1.031295529176791E-005  1.014507359777066E-005  9.947056532421735E-006  9.833868358062113E-006  9.708562404063633E-006  9.569051205486001E-006  9.477294705326095E-006  9.412308130965998E-006  9.308351195067329E-006  9.234081219272695E-006  9.113295951048608E-006  9.024583743068970E-006  8.976889779492660E-006  8.926260126408273E-006  8.871964779222187E-006  8.812835946403917E-006  8.747149199901944E-006  8.582170154880332E-006  8.465739957229134E-006  8.284455399775545E-006
   3570.00050014600       1.068762886848828E-005  1.058504566258736E-005  1.047068229118552E-005  1.034296981668623E-005  1.019936219583064E-005  1.003369343611158E-005  9.839067519399772E-006  9.727318330019935E-006  9.604202979204445E-006  9.467205134725612E-006  9.377227001142422E-006  9.313465130412710E-006  9.211595850985897E-006  9.138811035906656E-006  9.020398775266228E-006  8.933438053171872E-006  8.886642746432647E-006  8.836927835499871E-006  8.783577621300690E-006  8.725462244981555E-006  8.660861904808950E-006  8.498396515737385E-006  8.383564878031790E-006  8.204488668917693E-006
   3590.00050294794       1.057869374782774E-005  1.047698257517067E-005  1.036354292599684E-005  1.023955471308855E-005  1.009632833416731E-005  9.932639788934234E-006  9.739961019037177E-006  9.629939662070670E-006  9.508586981868294E-006  9.373754537956938E-006  9.285080311233732E-006  9.222421225709858E-006  9.122255579274497E-006  9.050668989549299E-006  8.934289940905853E-006  8.848743250623861E-006  8.802686926547435E-006  8.753796760792604E-006  8.701279020135500E-006  8.644051599063144E-006  8.580401736455082E-006  8.420220000300389E-006  8.306902242155236E-006  8.130024374421635E-006
   3610.00050574988       1.047905690247206E-005  1.037725001459957E-005  1.026597642026808E-005  1.014230193815525E-005  1.000032969815139E-005  9.838672998774654E-006  9.648250787562407E-006  9.539739567308571E-006  9.419773304796583E-006  9.286419644674133E-006  9.198912083521369E-006  9.136971426859750E-006  9.038070022417078E-006  8.967377917619025E-006  8.852520617558642E-006  8.768086810015637E-006  8.722634868249173E-006  8.674363161037983E-006  8.622517415813733E-006  8.566000310957324E-006  8.503133788970564E-006  8.344922236767193E-006  8.232993678546573E-006  8.058270186284429E-006
   3630.00050855182       1.037132418572743E-005  1.027228338737912E-005  1.016307261235187E-005  1.004039617678285E-005  9.901641688527983E-006  9.741905924174680E-006  9.554592730394850E-006  9.447062958261884E-006  9.328961720836690E-006  9.197583950686888E-006  9.111491246485301E-006  9.050516284386285E-006  8.953126234209237E-006  8.883605591102828E-006  8.770486284063971E-006  8.687316640910052E-006  8.642531628762874E-006  8.594940873658473E-006  8.543824179744457E-006  8.488084658309523E-006  8.426064692560215E-006  8.269885820596099E-006  8.159321716063872E-006  7.986623166188878E-006
   3650.00051135376       1.024691668918994E-005  1.014518900399705E-005  1.003750616573316E-005  9.916038549460944E-006  9.777912789935166E-006  9.620668302701556E-006  9.435777313497313E-006  9.330649486291968E-006  9.215048413779502E-006  9.086602315131726E-006  9.002677622178620E-006  8.943349063618183E-006  8.848586797493245E-006  8.780975336623801E-006  8.671071263567784E-006  8.590207940242520E-006  8.546617493519497E-006  8.500297275626428E-006  8.450479360832589E-006  8.396110812676195E-006  8.335541346739929E-006  8.182694923511256E-006  8.074171187349685E-006  7.904129814485841E-006
   3670.00051415570       1.013926293147204E-005  1.004279233653146E-005  9.936293074062221E-006  9.816991821788929E-006  9.682419784186500E-006  9.527753474908272E-006  9.346145743644763E-006  9.242834288954619E-006  9.129118191573507E-006  9.002985549382301E-006  8.920406025840031E-006  8.861962332470292E-006  8.768632398253765E-006  8.701990571257310E-006  8.593560837361229E-006  8.513677616266085E-006  8.470612782984889E-006  8.424805271655524E-006  8.375543458317340E-006  8.321763949168178E-006  8.261832495255242E-006  8.110513880501486E-006  8.003030669301272E-006  7.834582875350347E-006
   3690.00051695763       1.000278740236226E-005  9.906120589043933E-006  9.800077673435591E-006  9.683456797976618E-006  9.551109320049927E-006  9.399292003514365E-006  9.221879136061707E-006  9.121231506081125E-006  9.010363712873043E-006  8.887802331811676E-006  8.807787638376411E-006  8.751255472782186E-006  8.661111207074506E-006  8.596693377661494E-006  8.491926261673733E-006  8.414660353598340E-006  8.372918814560204E-006  8.328504219163483E-006  8.280665628147944E-006  8.228362245327147E-006  8.169977190932323E-006  8.022139450342311E-006  7.916718379836378E-006  7.750833312758339E-006
   3710.00051975957       9.907889588180992E-006  9.813132615649128E-006  9.709857847336169E-006  9.595570620164237E-006  9.465113918496777E-006  9.315386351090121E-006  9.139984102147008E-006  9.040684417790281E-006  8.931426142024899E-006  8.810505398398034E-006  8.731466402943967E-006  8.675705050561114E-006  8.586592725535702E-006  8.523013137886298E-006  8.419477947619572E-006  8.343078493513184E-006  8.301817603244172E-006  8.257869098432875E-006  8.210536090624964E-006  8.158783634224290E-006  8.101006762617460E-006  7.954694971017355E-006  7.850358640466428E-006  7.686168181362693E-006
   3730.00052256151       9.615750461299688E-006  9.536539049939874E-006  9.449720382323462E-006  9.350307587573877E-006  9.239427385756782E-006  9.110169441473228E-006  8.958887044947150E-006  8.872045324176254E-006  8.776080488432043E-006  8.669560894420136E-006  8.599459605266834E-006  8.549655583735660E-006  8.469543343668274E-006  8.411826898492492E-006  8.316823037578879E-006  8.245906968910177E-006  8.207294694990945E-006  8.165975370295285E-006  8.121222460292997E-006  8.072040993483208E-006  8.016854083091666E-006  7.876017326585517E-006  7.774796741418658E-006  7.614556126666714E-006
   3750.00052536345       9.396754630718244E-006  9.320425307491228E-006  9.236376937084731E-006  9.143530156722905E-006  9.037430612370968E-006  8.915354328957915E-006  8.772560183026341E-006  8.691429374789606E-006  8.602206655871254E-006  8.503302255590556E-006  8.438290884640059E-006  8.392190279151892E-006  8.318026150361703E-006  8.264559320318745E-006  8.176363341947588E-006  8.110274692414880E-006  8.074194019332494E-006  8.035461209414571E-006  7.993424869099149E-006  7.947094115759835E-006  7.894930926533295E-006  7.760933551216041E-006  7.663830710448130E-006  7.508911126627965E-006
   3770.00052816539       9.630458872835853E-006  9.540129337008089E-006  9.440708700847562E-006  9.329587172596506E-006  9.203896595783074E-006  9.059407795330943E-006  8.890571358898298E-006  8.794793512172468E-006  8.689366336836794E-006  8.572975859703536E-006  8.496958316525484E-006  8.443286571578063E-006  8.357644687766167E-006  8.296506679145595E-006  8.196923640293188E-006  8.123417395893966E-006  8.083661540245313E-006  8.041334909729806E-006  7.995706903050563E-006  7.945800534951970E-006  7.890051379626399E-006  7.748797677913056E-006  7.647982487381229E-006  7.489187586097024E-006
   3790.00053096733       9.547659080519838E-006  9.457709055742014E-006  9.357536978828485E-006  9.247410651498296E-006  9.122407922697504E-006  8.978377981130551E-006  8.810341571614384E-006  8.715160181404033E-006  8.610532897625958E-006  8.495124304511475E-006  8.419806912627297E-006  8.366723611062330E-006  8.282046913952437E-006  8.221578452523514E-006  8.123171640927142E-006  8.050529325083911E-006  8.011281755599683E-006  7.969466821194754E-006  7.924402893739263E-006  7.875103361290472E-006  7.820045709462114E-006  7.680499282995140E-006  7.580872163694816E-006  7.423871998373425E-006
   3810.00053376926       9.445115540527495E-006  9.355320228702062E-006  9.255998106722608E-006  9.146150682166108E-006  9.022294025965756E-006  8.880190395094826E-006  8.715004464672901E-006  8.621302519116895E-006  8.518688397626543E-006  8.405777946776126E-006  8.332103514396137E-006  8.280171440650490E-006  8.197351960410770E-006  8.138304893674453E-006  8.042152919239761E-006  7.971133422331638E-006  7.932702457128642E-006  7.891736958529549E-006  7.847551015503539E-006  7.799174269313204E-006  7.745088109329389E-006  7.607795661512459E-006  7.509585220294745E-006  7.354528356319478E-006
   3830.00053657120       9.368022991624987E-006  9.279746632462540E-006  9.181769415876712E-006  9.072623534080262E-006  8.949862779043042E-006  8.809667361707010E-006  8.645840398704485E-006  8.553161031283235E-006  8.451617411184997E-006  8.339454002874148E-006  8.266424847120688E-006  8.214852726208012E-006  8.132696433438841E-006  8.074111937421628E-006  7.978727157086173E-006  7.908223059443477E-006  7.870108456654628E-006  7.829482015434512E-006  7.785664432576152E-006  7.737708139749629E-006  7.684112543582084E-006  7.548162822882423E-006  7.451016476102983E-006  7.297814827553310E-006
   3850.00053937314       9.292135962212421E-006  9.204020481787323E-006  9.108020791622228E-006  9.001385543525440E-006  8.880155673849267E-006  8.740824980800378E-006  8.578437181411920E-006  8.486129540600800E-006  8.384957298740314E-006  8.273321700090620E-006  8.200573379237669E-006  8.149289945469062E-006  8.067448573665767E-006  8.009075383443251E-006  7.914056191202694E-006  7.843910268752335E-006  7.805990883069509E-006  7.765566714255772E-006  7.722004895279713E-006  7.674334623036724E-006  7.621080759193665E-006  7.486061027022108E-006  7.389639579763744E-006  7.237634638254503E-006
   3870.00054217508       9.184266475161654E-006  9.096811534890536E-006  9.003517025926443E-006  8.896820281315241E-006  8.777192008088705E-006  8.640581979401591E-006  8.481561119422432E-006  8.391206509671705E-006  8.292429022084893E-006  8.183601833472643E-006  8.112559816382659E-006  8.062451315474489E-006  7.982632800876207E-006  7.925647182024740E-006  7.832853277517550E-006  7.764247819309918E-006  7.727141242629086E-006  7.687556812849195E-006  7.644855132023655E-006  7.598086732764999E-006  7.545791386680561E-006  7.412958967182048E-006  7.317870093868009E-006  7.167636209172395E-006
   3890.00054497702       9.090487833725683E-006  9.005356686702543E-006  8.911073025887778E-006  8.806907752694517E-006  8.688640976662313E-006  8.553792138465810E-006  8.397313467909566E-006  8.308496432951132E-006  8.211546406301559E-006  8.104883902712442E-006  8.035415670667476E-006  7.986452540524095E-006  7.908294601246038E-006  7.852575950304290E-006  7.761762746899259E-006  7.694547910519699E-006  7.658145028447703E-006  7.619301742082071E-006  7.577364601893262E-006  7.531410468181068E-006  7.479990288820446E-006  7.349236210314362E-006  7.255516196704794E-006  7.107260303712355E-006
   3910.00054777896       8.988660457226394E-006  8.904150079624465E-006  8.811710123555561E-006  8.707925653612557E-006  8.591721543266832E-006  8.458605431864782E-006  8.304426923727651E-006  8.217199229235651E-006  8.122053376258777E-006  8.017689176193921E-006  7.949960162531654E-006  7.902217086156632E-006  7.826160916664850E-006  7.771917814626831E-006  7.683484449232643E-006  7.617945688726099E-006  7.582383750526402E-006  7.544437839258306E-006  7.503431277221356E-006  7.458445704310171E-006  7.408060662358397E-006  7.279734014750070E-006  7.187570612778622E-006  7.041496438392333E-006
   3930.00055058090       8.936014208935812E-006  8.853608333439178E-006  8.761076205466067E-006  8.659137855458070E-006  8.543669812310772E-006  8.411312718672094E-006  8.257530960773406E-006  8.170307541030433E-006  8.074966413580543E-006  7.970164591099661E-006  7.901891840374320E-006  7.853708514795300E-006  7.776986213166694E-006  7.722186220157414E-006  7.632930514011610E-006  7.566917899480779E-006  7.531167817076024E-006  7.493018123462933E-006  7.451846909728500E-006  7.406737285647624E-006  7.356256467565219E-006  7.227951385695988E-006  7.136017476475940E-006  6.990620116724024E-006
   3950.00055338283       8.844772204992265E-006  8.762528621379219E-006  8.670885632283940E-006  8.568787632175904E-006  8.454365106729117E-006  8.323584454127157E-006  8.171443247181960E-006  8.085741339795927E-006  7.991646762344564E-006  7.888523359645253E-006  7.821433717716268E-006  7.774179810967282E-006  7.698931243229973E-006  7.645266099644854E-006  7.557823561545136E-006  7.493081372487596E-006  7.458004530795519E-006  7.420570993618929E-006  7.380152672406714E-006  7.335842246222274E-006  7.286228896176022E-006  7.159970151933229E-006  7.069330154330386E-006  6.925690836571255E-006
   3970.00055618477       8.773567854534085E-006  8.691809482638643E-006  8.601899842866083E-006  8.500722005830536E-006  8.387724086345536E-006  8.258051686335929E-006  8.107056717486963E-006  8.021803610590818E-006  7.928608684051879E-006  7.826190335925090E-006  7.759590113478204E-006  7.712653812813810E-006  7.638001928231662E-006  7.584712232177608E-006  7.497891628463439E-006  7.433653049680444E-006  7.398860543605191E-006  7.361724152274177E-006  7.321626974447825E-006  7.277673211451455E-006  7.228473068586439E-006  7.103302815312323E-006  7.013493880734474E-006  6.871238475005140E-006
   3990.00055898671       8.654945093000618E-006  8.574483434137832E-006  8.485486765999350E-006  8.387529936862126E-006  8.276225142129478E-006  8.150217802076459E-006  8.003647429972897E-006  7.921113227028659E-006  7.830975709363573E-006  7.732056715838607E-006  7.667705263092072E-006  7.622436450267795E-006  7.550277608437959E-006  7.498815891397707E-006  7.414688059200717E-006  7.352339933532187E-006  7.318514805972682E-006  7.282358604046781E-006  7.243267799060417E-006  7.200350571849996E-006  7.152243489044238E-006  7.029436850188180E-006  6.940968594282085E-006  6.800304772951643E-006
   4010.00056178865       8.553060195725965E-006  8.473673447110881E-006  8.387340710501495E-006  8.290532350962769E-006  8.183051410981256E-006  8.059248777945805E-006  7.916688407145323E-006  7.836518020846946E-006  7.749141811492469E-006  7.653505726332578E-006  7.591402091229143E-006  7.547590639336760E-006  7.477888554494587E-006  7.428067446821751E-006  7.346640452823569E-006  7.286064818499143E-006  7.253134731281688E-006  7.217910004895650E-006  7.179780062824423E-006  7.137859970175938E-006  7.090818369669281E-006  6.970539606651651E-006  6.883741446383735E-006  6.745545371020237E-006
   4030.00056459059       8.469158072488192E-006  8.392316654624947E-006  8.307824912877120E-006  8.213956379198303E-006  8.107742927579525E-006  7.986250679834042E-006  7.845817414823390E-006  7.766821468194928E-006  7.680600911260712E-006  7.586242648830047E-006  7.524979545686067E-006  7.481794238860473E-006  7.413009689568249E-006  7.363811583991510E-006  7.283355459416089E-006  7.223468300576941E-006  7.190881608898064E-006  7.156007149219733E-006  7.118249033236671E-006  7.076720560274263E-006  7.030106691548654E-006  6.910891682895526E-006  6.824839396431864E-006  6.687838054561585E-006
   4050.00056739253       8.086614053011519E-006  8.030257697336427E-006  7.966445142696149E-006  7.895545736271449E-006  7.814799159794084E-006  7.722838844617649E-006  7.614563349082512E-006  7.552988441782284E-006  7.485147796642495E-006  7.409816383129356E-006  7.360010495641294E-006  7.324548065029113E-006  7.267190851771836E-006  7.225496279866966E-006  7.156021695769857E-006  7.103305227645187E-006  7.074295104268832E-006  7.042996548514718E-006  7.008826896299141E-006  6.970937674492294E-006  6.928054065013566E-006  6.816832883054788E-006  6.735371512560265E-006  6.604146847654149E-006
   4070.00057019446       8.337110043797633E-006  8.262122128710817E-006  8.179577690270741E-006  8.087613785209982E-006  7.983876660475869E-006  7.865135396947692E-006  7.726982533234050E-006  7.649047606373132E-006  7.564052388316986E-006  7.470719156015268E-006  7.409928499714776E-006  7.367190458674391E-006  7.298980036641665E-006  7.250268934325295E-006  7.170665436534438E-006  7.111448395856188E-006  7.079278149799602E-006  7.044869969446751E-006  7.007634016929608E-006  6.966715940549645E-006  6.920814411701870E-006  6.803528848253173E-006  6.718943354919837E-006  6.584320487032380E-006
   4090.00057299640       8.279366072000825E-006  8.203255690697343E-006  8.119637796810160E-006  8.026489405096714E-006  7.921690103411872E-006  7.802105399529064E-006  7.663539210349311E-006  7.585460656193991E-006  7.500497309748718E-006  7.407445550232894E-006  7.347015570400163E-006  7.304464386647045E-006  7.236693687447075E-006  7.188331900675187E-006  7.109337798380131E-006  7.050674059056272E-006  7.018822436115856E-006  6.984746776546855E-006  6.947878173072546E-006  6.907372671103821E-006  6.861940669293173E-006  6.745833090295448E-006  6.662068744586183E-006  6.528692351909408E-006
   4110.00057579834       8.220363481865836E-006  8.144799837306762E-006  8.060908858177552E-006  7.968536022304594E-006  7.863834651445580E-006  7.744818395035440E-006  7.606659021198970E-006  7.529176529024612E-006  7.444648423443455E-006  7.351974320486397E-006  7.291772736170795E-006  7.249428832883811E-006  7.182014757218029E-006  7.133924876441144E-006  7.055396125698992E-006  6.997123161720425E-006  6.965470017997171E-006  6.931642899396747E-006  6.895048064272723E-006  6.854850296504093E-006  6.809771637715351E-006  6.694661224247082E-006  6.611682631271360E-006  6.479647780240490E-006
   4130.00057860028       8.149652857841966E-006  8.074654149943866E-006  7.991719520663469E-006  7.899815372560723E-006  7.796396240590525E-006  7.678241976961333E-006  7.542131605071054E-006  7.465385056667272E-006  7.381751488292311E-006  7.290160775306579E-006  7.230707441205582E-006  7.188852592710147E-006  7.122244045458347E-006  7.074720036278181E-006  6.997144021648614E-006  6.939530895908978E-006  6.908246178614058E-006  6.874787018792119E-006  6.838602898661723E-006  6.798837045775571E-006  6.754247453163415E-006  6.640345316403479E-006  6.558214916590318E-006  6.427491815844579E-006
   4150.00058140222       8.050316693444105E-006  7.977648686772712E-006  7.896363229851079E-006  7.807033859636024E-006  7.706037347781532E-006  7.591251927050366E-006  7.458789542272240E-006  7.384310322389427E-006  7.303206063855067E-006  7.214510938871832E-006  7.156902074467238E-006  7.116357895237156E-006  7.051770524490461E-006  7.005597625696013E-006  6.930078454719760E-006  6.873860527929819E-006  6.843287597556459E-006  6.810566339334403E-006  6.775121690508461E-006  6.736140979571060E-006  6.692371731420112E-006  6.580339080128551E-006  6.499355630306162E-006  6.370177017081071E-006
   4170.00058420416       7.896227012826762E-006  7.824375567886640E-006  7.745351493755334E-006  7.658946571702002E-006  7.562349631061148E-006  7.453140279788469E-006  7.328311602437145E-006  7.258906534830503E-006  7.183928706587851E-006  7.102340000325582E-006  7.049500424278824E-006  7.012366058245560E-006  6.953053447098700E-006  6.910546047203399E-006  6.840559065718220E-006  6.788076142202503E-006  6.759381245479272E-006  6.728558410114396E-006  6.695059419741237E-006  6.658069581278226E-006  6.616383395905335E-006  6.508948966294028E-006  6.430687211753667E-006  6.305046029092944E-006
   4190.00058700609       7.903137814447427E-006  7.832261674378294E-006  7.753036018449223E-006  7.666399416402910E-006  7.568343581168969E-006  7.456765020935803E-006  7.328019348105390E-006  7.255636389807400E-006  7.176807796585265E-006  7.090711891768809E-006  7.034810192616186E-006  6.995425262780281E-006  6.932693237364088E-006  6.887822871799364E-006  6.814360006320485E-006  6.759621047316312E-006  6.729821584954249E-006  6.697898734433142E-006  6.663320368241964E-006  6.625259211600256E-006  6.582495001934037E-006  6.472918835973441E-006  6.393615080099251E-006  6.266982151101735E-006
   4210.00058980803       7.827004823497728E-006  7.756021445950552E-006  7.678139224200451E-006  7.590989040472812E-006  7.493072818102909E-006  7.382364828884408E-006  7.254901661046762E-006  7.183411793218454E-006  7.105713860283081E-006  7.020678551820181E-006  6.965535699987903E-006  6.926767180400391E-006  6.865000171288470E-006  6.820864755654389E-006  6.748614330011666E-006  6.694799852613124E-006  6.665498566879153E-006  6.634104933520111E-006  6.600075840405532E-006  6.562618923751276E-006  6.520508637756635E-006  6.412472890713107E-006  6.334148653874939E-006  6.208879461842373E-006
   4230.00059260997       7.794862016773688E-006  7.723845355931983E-006  7.645107471496363E-006  7.557696888260485E-006  7.459411275808814E-006  7.347920595812581E-006  7.219264613769207E-006  7.147139240031585E-006  7.068591676789118E-006  6.982773923595522E-006  6.927250061874036E-006  6.888176022922634E-006  6.825940721476994E-006  6.781509937336814E-006  6.708940859974363E-006  6.654936650697997E-006  6.625577921297791E-006  6.594149891632565E-006  6.560119537402860E-006  6.522682932646215E-006  6.480653356554825E-006  6.373052908877379E-006  6.295239818721678E-006  6.171034549344233E-006
   4250.00059541191       7.718933752931168E-006  7.647858106625429E-006  7.569677845403061E-006  7.484121954215051E-006  7.387399382082520E-006  7.276960011773241E-006  7.150165152570055E-006  7.079064487411280E-006  7.001902368874930E-006  6.917571696349883E-006  6.862999968540349E-006  6.824686254881482E-006  6.763593383180423E-006  6.719984652448876E-006  6.648654149212011E-006  6.595562445907840E-006  6.566676357782137E-006  6.535735545809494E-006  6.502230047631621E-006  6.465348681441944E-006  6.423913907818898E-006  6.317704551370823E-006  6.240764868153439E-006  6.117755752310590E-006
   4270.00059821385       7.655878607914251E-006  7.586163418002525E-006  7.509544389160524E-006  7.423765653033288E-006  7.328000112674896E-006  7.218866204830312E-006  7.093235644830059E-006  7.022867904398066E-006  6.946405195439274E-006  6.862952648732564E-006  6.808905596744664E-006  6.770930324965617E-006  6.710448545104390E-006  6.667289521710541E-006  6.596681561732351E-006  6.544126661720497E-006  6.515528632291395E-006  6.484899776351927E-006  6.451720814260245E-006  6.415201700324192E-006  6.374179030080789E-006  6.269022189063985E-006  6.192856588592183E-006  6.071089401276949E-006
   4290.00060101579       7.588232681150263E-006  7.519158565558446E-006  7.442974261043296E-006  7.358473569239236E-006  7.263347104748571E-006  7.155220302335692E-006  7.031150368699186E-006  6.961620625300048E-006  6.886219828589239E-006  6.803729731969620E-006  6.750379057048289E-006  6.712864377615014E-006  6.653166149933746E-006  6.610503326273798E-006  6.540731205839175E-006  6.488738842069349E-006  6.460421615213129E-006  6.430101457954413E-006  6.397210524438163E-006  6.361003102506107E-006  6.320291369483588E-006  6.215761206188090E-006  6.139848014439756E-006  6.018067819154647E-006
   4310.00060381773       7.519980113110157E-006  7.450800888735624E-006  7.375474414669141E-006  7.291463128993990E-006  7.197613073760974E-006  7.091082733867898E-006  6.968406931065705E-006  6.899612271822930E-006  6.825106951543552E-006  6.743847565931769E-006  6.691258231754813E-006  6.654266178150766E-006  6.595333733563091E-006  6.553236145532436E-006  6.484299457287116E-006  6.432876006208513E-006  6.404855292800532E-006  6.374830905540639E-006  6.342248708491046E-006  6.306347488137613E-006  6.265942463471172E-006  6.161999588956830E-006  6.086289766508576E-006  5.964418836200384E-006
   4330.00060661966       7.445712132429553E-006  7.378274030053983E-006  7.303474962916554E-006  7.220917166617086E-006  7.128001710558686E-006  7.023043187121043E-006  6.902429768098745E-006  6.834894646658947E-006  6.761804473714233E-006  6.682029011854500E-006  6.630410060176002E-006  6.594128973192353E-006  6.536340402463234E-006  6.495040696320657E-006  6.427323236628862E-006  6.376797053333738E-006  6.349243884403776E-006  6.319695339967440E-006  6.287619851267301E-006  6.252267430098776E-006  6.212466478398865E-006  6.109982216440332E-006  6.035284813323399E-006  5.915044940887251E-006
   4350.00060942160       7.369388840794852E-006  7.303955859143709E-006  7.231315826708384E-006  7.150469491801245E-006  7.060329967248971E-006  6.957153892657333E-006  6.838992479066902E-006  6.772833677463377E-006  6.701115350836720E-006  6.622790605085184E-006  6.572072249695465E-006  6.536414254135578E-006  6.479567692436478E-006  6.438858351770126E-006  6.372065394607308E-006  6.322109580917638E-006  6.294845289827831E-006  6.265574516499341E-006  6.233782548272623E-006  6.198698270417087E-006  6.159151810967227E-006  6.057059458763472E-006  5.982368810787779E-006  5.861593699953713E-006
   4370.00061222354       7.180822626878653E-006  7.119516913486259E-006  7.051094411503526E-006  6.976332210144090E-006  6.892540858287257E-006  6.798699930902662E-006  6.692208168677449E-006  6.633452387984159E-006  6.569736884568948E-006  6.500521618404920E-006  6.455638537812997E-006  6.423938578276290E-006  6.373111898514861E-006  6.336417691504029E-006  6.275640421597686E-006  6.229693584768463E-006  6.204443330347351E-006  6.177219157688247E-006  6.147493332989663E-006  6.114533545389033E-006  6.077187168562424E-006  5.979877025517196E-006  5.907965275714553E-006  5.790837279630452E-006
   4390.00061502548       7.205848210807676E-006  7.142593359741716E-006  7.074308569914127E-006  6.997935778129767E-006  6.912507607029796E-006  6.815584819783116E-006  6.704563768026872E-006  6.642545084663323E-006  6.575147336958061E-006  6.501690474520388E-006  6.454036984074531E-006  6.420449461666697E-006  6.366670966063859E-006  6.328036735201734E-006  6.264295679440439E-006  6.216349056597453E-006  6.190096940054490E-006  6.161846481344795E-006  6.131086986665737E-006  6.097065284633732E-006  6.058627247325822E-006  5.958998125865805E-006  5.885833776339258E-006  5.767294440577603E-006
   4410.00061782742       7.171517901890541E-006  7.107400685736281E-006  7.036883081770449E-006  6.958317557451724E-006  6.870292263329434E-006  6.770885458756570E-006  6.657064516951161E-006  6.593432375956364E-006  6.524500644976933E-006  6.449508762688643E-006  6.400965118204377E-006  6.366779034474486E-006  6.312302556608680E-006  6.273255526524866E-006  6.209071654705265E-006  6.160960303754824E-006  6.134641978599382E-006  6.106363500402117E-006  6.075591495042265E-006  6.041569528134186E-006  6.003137365075758E-006  5.903464459203212E-006  5.830100418791039E-006  5.710789673651481E-006
   4430.00062062936       7.124854873280233E-006  7.060438813637480E-006  6.989528547697489E-006  6.911217606526242E-006  6.823418091240655E-006  6.724111221586335E-006  6.610398559910386E-006  6.546986902677810E-006  6.478375003123279E-006  6.403630483797043E-006  6.355241326976324E-006  6.321238608603072E-006  6.267010652226676E-006  6.228190318098160E-006  6.164366055729381E-006  6.116557213766458E-006  6.090412347424119E-006  6.062333964904779E-006  6.031781565475457E-006  5.998017587432163E-006  5.959890306286306E-006  5.861081336253272E-006  5.788429437037598E-006  5.670435543718977E-006
   4450.00062343129       7.067416038501708E-006  7.003570994321539E-006  6.933301044571614E-006  6.855570144835493E-006  6.768514278094007E-006  6.670021823183434E-006  6.557374209615164E-006  6.494453949974776E-006  6.426582826247094E-006  6.352604687795171E-006  6.304773286257917E-006  6.271154530897155E-006  6.217520178391473E-006  6.179117896981786E-006  6.116009346570424E-006  6.068699012936782E-006  6.042833291745023E-006  6.015036123053983E-006  5.984793525468595E-006  5.951357811078162E-006  5.913596330623705E-006  5.815700818826099E-006  5.743696463325326E-006  5.626749299532366E-006
   4470.00062623323       7.019070928620604E-006  6.955030385401257E-006  6.884734271195520E-006  6.806778496906126E-006  6.719717772478230E-006  6.621246409881546E-006  6.508506590661228E-006  6.445704675928051E-006  6.377844848350764E-006  6.304032704365152E-006  6.256275635948764E-006  6.222757848064935E-006  6.169257902158168E-006  6.130945621478926E-006  6.068045422489848E-006  6.020895113842217E-006  5.995120100179736E-006  5.967415302704777E-006  5.937259144730270E-006  5.903917918838416E-006  5.866245499154733E-006  5.768445128374711E-006  5.696348320893131E-006  5.578891841622232E-006
   4490.00062903517       6.957376565104676E-006  6.894170247234801E-006  6.824622522112702E-006  6.748090341693906E-006  6.662458831954878E-006  6.565155817648964E-006  6.454179681072578E-006  6.392354765091366E-006  6.325643826122409E-006  6.252983439320683E-006  6.206008965073292E-006  6.173023530942696E-006  6.120405163905751E-006  6.082721602487216E-006  6.020782440644717E-006  5.974346007392945E-006  5.948947106252306E-006  5.921645798433336E-006  5.891933152604399E-006  5.859083309476524E-006  5.821967373538603E-006  5.725639749543322E-006  5.654681347749120E-006  5.539240142399565E-006
   4510.00063183711       6.899100932729222E-006  6.837032049863998E-006  6.767925405479414E-006  6.691940521941250E-006  6.607054982956065E-006  6.511120851233693E-006  6.401374060538708E-006  6.340320256219211E-006  6.274323318288534E-006  6.202508568356404E-006  6.156121910953744E-006  6.123508662333312E-006  6.071494074156887E-006  6.034243258287339E-006  5.972987765248100E-006  5.927029057798257E-006  5.901893291412248E-006  5.874861900763979E-006  5.845432771860371E-006  5.812875321347491E-006  5.776078373846562E-006  5.680498548295579E-006  5.610017663163391E-006  5.495278397702721E-006
   4530.00063463905       6.840911509445379E-006  6.778935281752810E-006  6.711052524228890E-006  6.635788789769739E-006  6.551519572282639E-006  6.456513698992187E-006  6.348214603809303E-006  6.287876429237510E-006  6.222629425143605E-006  6.151760872889372E-006  6.105966650242010E-006  6.073783318217668E-006  6.022431596537456E-006  5.985634647932338E-006  5.925078495027844E-006  5.879637413919216E-006  5.854760170481622E-006  5.828004652240978E-006  5.798867630370436E-006  5.766622439311956E-006  5.730150558571490E-006  5.635298800289740E-006  5.565218086385908E-006  5.450823864025325E-006
   4550.00063744099       6.783462636892835E-006  6.722620616768089E-006  6.655365374005539E-006  6.581030592329443E-006  6.497814978057779E-006  6.403995162934653E-006  6.296958348996446E-006  6.237360236702834E-006  6.173132883694049E-006  6.103216989810924E-006  6.058079526439483E-006  6.026339063604255E-006  5.975721097632967E-006  5.939436456056191E-006  5.879748371129666E-006  5.834937600816172E-006  5.810405060523532E-006  5.784021137148774E-006  5.755285183492645E-006  5.723485920027613E-006  5.687525365663454E-006  5.594037643817321E-006  5.525009737379442E-006  5.412441464127053E-006
   4570.00064024292       6.724042793929706E-006  6.663308724551075E-006  6.597143389222908E-006  6.523549423102724E-006  6.441513736239819E-006  6.348976665040919E-006  6.243480609431542E-006  6.184864981319855E-006  6.121645706275260E-006  6.052972854351887E-006  6.008584510206700E-006  5.977385292601366E-006  5.927589682206974E-006  5.891908423159742E-006  5.833148995766937E-006  5.789015414000123E-006  5.764848549032458E-006  5.738857457690763E-006  5.710537730988903E-006  5.679192881731006E-006  5.643742540172366E-006  5.551554268846576E-006  5.483475506503614E-006  5.372458717768749E-006
   4590.00064304486       6.665296586325193E-006  6.605311069176517E-006  6.540013822881268E-006  6.467768740095383E-006  6.386677793603834E-006  6.295463045471304E-006  6.191382190198149E-006  6.133572982893559E-006  6.071171365737411E-006  6.003332868171715E-006  5.959499923422980E-006  5.928676845896513E-006  5.879478868246238E-006  5.844184605004115E-006  5.786048406226590E-006  5.742346778748720E-006  5.718398385561260E-006  5.692627490639168E-006  5.664539104921652E-006  5.633438221407349E-006  5.598228235440760E-006  5.506516430922828E-006  5.438610973309144E-006  5.327509119368569E-006
   4610.00064584680       6.612972905409064E-006  6.553899079377605E-006  6.489525130845899E-006  6.418000108971323E-006  6.338175470221380E-006  6.247778950654007E-006  6.145101446702088E-006  6.087843949498602E-006  6.026242116579287E-006  5.959384261993051E-006  5.916104744148289E-006  5.885712454899492E-006  5.837160668488942E-006  5.802338535692100E-006  5.744981618868794E-006  5.701854102740387E-006  5.678234035085980E-006  5.652814254870207E-006  5.625112530125036E-006  5.594442696270404E-006  5.559739491347003E-006  5.469425856550162E-006  5.402649002082360E-006  5.293569197772028E-006
   4630.00064864874       6.545195732779326E-006  6.488481966835760E-006  6.426403308942066E-006  6.357246759465318E-006  6.279747248183472E-006  6.192216676929114E-006  6.092206546004415E-006  6.036586157161775E-006  5.976452575251649E-006  5.911006901467671E-006  5.868659524912395E-006  5.838876775110468E-006  5.791188850960663E-006  5.756958695622966E-006  5.700475686976050E-006  5.657942254898906E-006  5.634615071408939E-006  5.609499821230667E-006  5.582117084221702E-006  5.551780137069636E-006  5.517434032546242E-006  5.427946163611976E-006  5.361699711716786E-006  5.253380918356741E-006
   4650.00065145068       6.196864883347277E-006  6.158156587691064E-006  6.115175244260236E-006  6.067991999885110E-006  6.014883109556331E-006  5.954434181212743E-006  5.884725336812243E-006  5.845313722234833E-006  5.802016194428909E-006  5.753901274852676E-006  5.721952593258335E-006  5.699049937826839E-006  5.661702253319752E-006  5.634279016346833E-006  5.587915569993154E-006  5.552165127903944E-006  5.532289797361041E-006  5.510665295624464E-006  5.486848290241257E-006  5.460189000806754E-006  5.429679700486155E-006  5.348763748282982E-006  5.287800523437090E-006  5.186819152069205E-006
   4670.00065425262       6.255812819529693E-006  6.207977878798861E-006  6.155639777422407E-006  6.097871639589429E-006  6.034592717903914E-006  5.964253398602690E-006  5.884920436373144E-006  5.840969302622580E-006  5.793386123433783E-006  5.741206085096180E-006  5.706998428250588E-006  5.682655918996020E-006  5.643183689279888E-006  5.614381883941270E-006  5.565981072089718E-006  5.528889227240422E-006  5.508327319017957E-006  5.486038798160897E-006  5.461561300468239E-006  5.434244534789906E-006  5.403086592634087E-006  5.320904635513394E-006  5.259340583775458E-006  5.157914942565505E-006
   4690.00065705455       6.370636530717579E-006  6.317084975849656E-006  6.258094033476358E-006  6.192823358648106E-006  6.119337239226254E-006  6.036550442980460E-006  5.942211996608313E-006  5.889686147631502E-006  5.832963322879513E-006  5.771288191311786E-006  5.731240241194208E-006  5.703035435280309E-006  5.657839504243387E-006  5.625311084349756E-006  5.571459412663532E-006  5.530811238966260E-006  5.508484331720284E-006  5.484429261537151E-006  5.458175440982299E-006  5.429075459219475E-006  5.396103661855136E-006  5.310127397936687E-006  5.246444115042800E-006  5.142286280419309E-006
   4710.00065985649       6.345640386395223E-006  6.289845580457289E-006  6.228871493950310E-006  6.161122463033513E-006  6.085719572910656E-006  6.000730988770454E-006  5.904226719389352E-006  5.850836786351550E-006  5.793208028025535E-006  5.730676696313673E-006  5.690271256465239E-006  5.661876772492053E-006  5.616487294602786E-006  5.583890481963936E-006  5.530107598121929E-006  5.489615966362072E-006  5.467408779360049E-006  5.443496912615258E-006  5.417418726146430E-006  5.388532135788414E-006  5.355827084171036E-006  5.270619128878023E-006  5.207543071642376E-006  5.104392490551915E-006
   4730.00066265843       6.300521341484462E-006  6.245026441933240E-006  6.183600842591723E-006  6.116435050253422E-006  6.041463817290548E-006  5.956874930763554E-006  5.861010740538902E-006  5.807915422657018E-006  5.750758898024953E-006  5.688757212321257E-006  5.648739990266236E-006  5.620596877505202E-006  5.575670926327967E-006  5.543415965337158E-006  5.490207132343549E-006  5.450146018390007E-006  5.428182845634234E-006  5.404531918683122E-006  5.378755844221986E-006  5.350209353690533E-006  5.317891794453583E-006  5.233755726303351E-006  5.171531143580793E-006  5.069894177040568E-006
   4750.00066546037       6.248122320308935E-006  6.192873957737059E-006  6.132519441719386E-006  6.065427296938410E-006  5.991122015835552E-006  5.907660328402012E-006  5.813027694148383E-006  5.760598166981529E-006  5.704301332511028E-006  5.643202349209139E-006  5.603720676117306E-006  5.575980416257797E-006  5.531687519680845E-006  5.499863000559423E-006  5.447335543965794E-006  5.407775401528202E-006  5.386071711003893E-006  5.362701448134181E-006  5.337211536884815E-006  5.308971484123119E-006  5.276988368000520E-006  5.193649287045342E-006  5.131943743494641E-006  5.031037494951536E-006
   4770.00066826231       6.199161078469739E-006  6.144282737496697E-006  6.084379313695951E-006  6.018118747756234E-006  5.944318029104169E-006  5.861719719979994E-006  5.768016933643787E-006  5.716226626986999E-006  5.660506939246677E-006  5.600114003762250E-006  5.561145226584440E-006  5.533737168550379E-006  5.489944999993657E-006  5.458510177757732E-006  5.406580973087385E-006  5.367476739394945E-006  5.346019126920037E-006  5.322904328333961E-006  5.297694071356970E-006  5.269756914783481E-006  5.238114807248248E-006  5.155626760019925E-006  5.094523456612201E-006  4.994558874390278E-006
   4790.00067106425       6.152184656055988E-006  6.097813823557022E-006  6.038412467118405E-006  5.972627535884007E-006  5.899778041665976E-006  5.817779753180367E-006  5.725017809070303E-006  5.673788211128575E-006  5.618637727671326E-006  5.558875909942980E-006  5.520310206025422E-006  5.493200322351783E-006  5.449920329269947E-006  5.418802380399773E-006  5.367448382839429E-006  5.328756069605122E-006  5.307521437906696E-006  5.284650194734750E-006  5.259702398413105E-006  5.232059999918049E-006  5.200750867770612E-006  5.119137259172069E-006  5.058688093595203E-006  4.959822619308757E-006
   4810.00067386619       6.101605139128686E-006  6.047875869574288E-006  5.989015495917851E-006  5.924096725197575E-006  5.851865542355242E-006  5.770888764766505E-006  5.679174919319253E-006  5.628600492550977E-006  5.574135904836161E-006  5.515185684156407E-006  5.477108157536240E-006  5.450351003637178E-006  5.407590913903529E-006  5.376866617660950E-006  5.326102119999883E-006  5.287827169562922E-006  5.266813643450188E-006  5.244178297501522E-006  5.219474150216875E-006  5.192088424347637E-006  5.161052934525853E-006  5.080061121957901E-006  5.019984259438460E-006  4.921574594347258E-006
   4830.00067666812       6.055466006946218E-006  6.001826975878232E-006  5.943233097411982E-006  5.878917857316973E-006  5.807460106824207E-006  5.727350594824437E-006  5.636776961731963E-006  5.586789328231225E-006  5.533012125919971E-006  5.474739158103338E-006  5.437124755093170E-006  5.410700496278898E-006  5.368475420425784E-006  5.338118895856556E-006  5.287959574539925E-006  5.250139305923379E-006  5.229375974955283E-006  5.207004553467181E-006  5.182597742671826E-006  5.155539261791784E-006  5.124884212552017E-006  5.044912147580192E-006  4.985639208005474E-006  4.888673569959628E-006
   4850.00067947006       6.004761002674082E-006  5.952280557999072E-006  5.894629309818957E-006  5.831310344418151E-006  5.760487335168394E-006  5.681318642731216E-006  5.591740761466403E-006  5.542280084314217E-006  5.489188170593390E-006  5.431673408438442E-006  5.394564555494381E-006  5.368464920583731E-006  5.326750942107757E-006  5.296761735078084E-006  5.247189200381574E-006  5.209785936170400E-006  5.189243153821757E-006  5.167103186656234E-006  5.142941738932510E-006  5.116146251041911E-006  5.085769690284413E-006  5.006462217167876E-006  4.947617825850526E-006  4.851268306215599E-006
   4870.00068227200       5.958363449698071E-006  5.906036140292215E-006  5.848941318026887E-006  5.786074934296573E-006  5.715929249330488E-006  5.637634192420754E-006  5.549163407760549E-006  5.500321029001945E-006  5.447882431468041E-006  5.391101624426661E-006  5.354420632830972E-006  5.328648795014886E-006  5.287439970573601E-006  5.257799191675377E-006  5.208789324644688E-006  5.171804602812095E-006  5.151484451354705E-006  5.129585911029612E-006  5.105678896325382E-006  5.079165982468187E-006  5.049106080919726E-006  4.970602719141564E-006  4.912330927238490E-006  4.816878935176106E-006
   4890.00068507394       5.912655358701061E-006  5.860739767063762E-006  5.804222862531055E-006  5.741579102129629E-006  5.672578364954015E-006  5.595057281381511E-006  5.507523537010926E-006  5.459278842672807E-006  5.407400677715794E-006  5.351243782411877E-006  5.315002039537304E-006  5.289518008279324E-006  5.248741715980277E-006  5.219414832637627E-006  5.170922563375538E-006  5.134303336450903E-006  5.114188286185046E-006  5.092502795082382E-006  5.068823221260135E-006  5.042556764122591E-006  5.012772315488709E-006  4.934960392472284E-006  4.877178730681888E-006  4.782511928909727E-006
   4910.00068787588       5.863923497564910E-006  5.812603873938913E-006  5.756633570398967E-006  5.694949140513248E-006  5.626719197979916E-006  5.550104345013029E-006  5.463818174972576E-006  5.416235581407723E-006  5.365122430147755E-006  5.309816131887673E-006  5.274111507290636E-006  5.248986041255356E-006  5.208824125230573E-006  5.179912436437106E-006  5.132076900548594E-006  5.095949251649074E-006  5.076099745857316E-006  5.054686722051040E-006  5.031305580281143E-006  5.005368188530745E-006  4.975949132388515E-006  4.899068984265075E-006  4.841969056556629E-006  4.748418922063435E-006
   4930.00069067782       5.820234626342181E-006  5.769507455609101E-006  5.713846442832300E-006  5.652645984740008E-006  5.584875510681795E-006  5.509079982562543E-006  5.423544702296543E-006  5.376401110890456E-006  5.325796358972215E-006  5.271050695521465E-006  5.235703742986387E-006  5.210827027099277E-006  5.171031228940503E-006  5.142397387657822E-006  5.095001984069417E-006  5.059186834630802E-006  5.039502223773997E-006  5.018270306650247E-006  4.995080931338718E-006  4.969346638510547E-006  4.940151209827040E-006  4.863804684855759E-006  4.807055565522859E-006  4.714017605219074E-006
   4950.00069347975       5.772290671622760E-006  5.722248963967057E-006  5.666975892504117E-006  5.606456627854597E-006  5.539437116189003E-006  5.464524999254420E-006  5.380257708090691E-006  5.333817652436594E-006  5.283989090584017E-006  5.230063578673162E-006  5.195275524711027E-006  5.170770299362130E-006  5.131579215729882E-006  5.103370312834166E-006  5.056647153456128E-006  5.021336253281820E-006  5.001914992923351E-006  4.980962043338594E-006  4.958072926611903E-006  4.932669556991537E-006  4.903840122123024E-006  4.828413373210768E-006  4.772312378573727E-006  4.680289436939745E-006
   4970.00069628169       5.729396264769866E-006  5.679569445114832E-006  5.625075581731092E-006  5.565025551626438E-006  5.498740112562073E-006  5.424567377225046E-006  5.340969262755807E-006  5.294986177745316E-006  5.245646198548569E-006  5.192214955662891E-006  5.157749055872494E-006  5.133449708277334E-006  5.094607933888256E-006  5.066632373882726E-006  5.020295537290575E-006  4.985253667787231E-006  4.965978981364464E-006  4.945186568083932E-006  4.922468356918493E-006  4.897244099306793E-006  4.868612322238519E-006  4.793664883167309E-006  4.737888035353395E-006  4.646366814422213E-006
   4990.00069908363       5.687549343547176E-006  5.638136413807941E-006  5.584210680441850E-006  5.524904087732172E-006  5.459142143837257E-006  5.385781629266736E-006  5.303194982543726E-006  5.257735803122845E-006  5.209004126682915E-006  5.156178369095413E-006  5.122077809492967E-006  5.098090324357540E-006  5.059694062196150E-006  5.032051368403387E-006  4.986246461360369E-006  4.951602374056177E-006  4.932556715841173E-006  4.912007113722321E-006  4.889558118599105E-006  4.864639826798119E-006  4.836356299158681E-006  4.762363182328051E-006  4.707338066204972E-006  4.617114600129196E-006
   5010.00070188557       5.641123311125563E-006  5.592391204551414E-006  5.538862538922270E-006  5.480210251627575E-006  5.415025387640920E-006  5.342621778341815E-006  5.261096838642695E-006  5.216220038531789E-006  5.168097499623059E-006  5.115988485678497E-006  5.082373852053868E-006  5.058691577067204E-006  5.020787331124357E-006  4.993473741031517E-006  4.948196140625769E-006  4.913937050573712E-006  4.895081009737869E-006  4.874728907281002E-006  4.852487721766733E-006  4.827781923613712E-006  4.799725398093780E-006  4.726217203852899E-006  4.671452292572338E-006  4.581507768988368E-006
   5030.00070468751       5.598882432725454E-006  5.550684378990536E-006  5.497838856623196E-006  5.439580656590952E-006  5.375339315714883E-006  5.303575386313787E-006  5.222993841265990E-006  5.178613031975719E-006  5.130990166466956E-006  5.079517635820301E-006  5.046258099238635E-006  5.022846178685683E-006  4.985370806775645E-006  4.958367496132225E-006  4.913595558944908E-006  4.879703058860268E-006  4.861060059596536E-006  4.840937239705829E-006  4.818945593413148E-006  4.794521238597878E-006  4.766788975501760E-006  4.694154062442055E-006  4.640072765579451E-006  4.551317328652561E-006
   5050.00070748945       5.556672650664852E-006  5.508771850948172E-006  5.456346985066211E-006  5.398973532717536E-006  5.335246100716509E-006  5.264251698103321E-006  5.184400926095325E-006  5.140539679720140E-006  5.093429873387051E-006  5.042505759699287E-006  5.009560240509377E-006  4.986393893613158E-006  4.949282089977641E-006  4.922528573548440E-006  4.878132596947615E-006  4.844506823885394E-006  4.825996387154693E-006  4.806013013224181E-006  4.784159560760248E-006  4.759879973616152E-006  4.732292906157299E-006  4.659940520002920E-006  4.605975681052446E-006  4.517266693191607E-006
   5070.00071029138       5.514863973909025E-006  5.467049423000081E-006  5.415258651783812E-006  5.358204151470351E-006  5.295462443807222E-006  5.225294912206290E-006  5.146457059912375E-006  5.103162704483020E-006  5.056635878865520E-006  5.006361131529071E-006  4.973881215528241E-006  4.950992035623814E-006  4.914351350784955E-006  4.887909774928618E-006  4.844045438039363E-006  4.810819363331470E-006  4.792528022072016E-006  4.772775021484356E-006  4.751175567364062E-006  4.727175120699725E-006  4.699906903170869E-006  4.628393001544251E-006  4.575059317162098E-006  4.487413014327750E-006
   5090.00071309332       5.466563319308036E-006  5.419986095589196E-006  5.369232499562976E-006  5.313253614352651E-006  5.251594807996174E-006  5.182632321181839E-006  5.105178057196491E-006  5.062609605507427E-006  5.017008667316684E-006  4.967615618225269E-006  4.935668338616451E-006  4.913162335433495E-006  4.877113077393072E-006  4.851094594032117E-006  4.807893605039722E-006  4.775153977171947E-006  4.757117911635522E-006  4.737642698717942E-006  4.716343075907505E-006  4.692673784971496E-006  4.665770512835124E-006  4.595211842839932E-006  4.542592501551690E-006  4.456145333576724E-006
   5110.00071589526       5.402878239302140E-006  5.358537365154342E-006  5.310692348540546E-006  5.257557964759516E-006  5.198869476057969E-006  5.133335676913972E-006  5.059368020515543E-006  5.018640311260701E-006  4.974837715732050E-006  4.927267066290597E-006  4.896359232238491E-006  4.874537166396399E-006  4.839447291546774E-006  4.814055645172259E-006  4.771749616616526E-006  4.739596691964420E-006  4.721860038484071E-006  4.702682012376150E-006  4.681687934071778E-006  4.658329470931749E-006  4.631753526368329E-006  4.561909940519973E-006  4.509714758620824E-006  4.423830063205589E-006
   5130.00071869720       5.206980855690646E-006  5.170562005371586E-006  5.131503169489969E-006  5.089237469601887E-006  5.042938968839934E-006  4.991766436056030E-006  4.934122624084217E-006  4.902132729801946E-006  4.867418991396178E-006  4.829053280267307E-006  4.803703812213753E-006  4.785571405885774E-006  4.755969807932522E-006  4.734229051483973E-006  4.697418525876765E-006  4.668991045239102E-006  4.653158608495825E-006  4.635926875191362E-006  4.616930018509533E-006  4.595636659098448E-006  4.571222498586460E-006  4.506240278461845E-006  4.457079674628862E-006  4.375523765581046E-006
   5150.00072149914       5.333654775730094E-006  5.290046818283845E-006  5.242041176808357E-006  5.189298286061074E-006  5.130880816024352E-006  5.065685438598029E-006  4.992314796769751E-006  4.951882236698254E-006  4.908509014699106E-006  4.861377336653007E-006  4.830841376794360E-006  4.809285620116623E-006  4.774645247618688E-006  4.749595706793006E-006  4.707900273603527E-006  4.676222829910157E-006  4.658750622038690E-006  4.639866362318045E-006  4.619193569240651E-006  4.596198875260460E-006  4.570038932172076E-006  4.501294623727962E-006  4.449918462480888E-006  4.365364487767870E-006
   5170.00072430108       5.306677639300349E-006  5.261866065796349E-006  5.212862763913485E-006  5.158714644287533E-006  5.099352693928206E-006  5.033144029828092E-006  4.958914556475731E-006  4.918204860914300E-006  4.874599666601942E-006  4.827406014885230E-006  4.796888365306562E-006  4.775380274945899E-006  4.740886563112967E-006  4.715962102661779E-006  4.674556874471908E-006  4.643126451947288E-006  4.625811579505068E-006  4.607097077251828E-006  4.586623235568353E-006  4.563857810835932E-006  4.537967911938494E-006  4.469984169147555E-006  4.419221236948466E-006  4.335767571013904E-006
   5190.00072710301       5.271600218041553E-006  5.226806823575153E-006  5.177898291514263E-006  5.124309170710760E-006  5.065064680647647E-006  4.999322356047381E-006  4.925691837167771E-006  4.885259098122000E-006  4.842026688716167E-006  4.795182583326562E-006  4.764904497719798E-006  4.743577113100500E-006  4.709345093243881E-006  4.684619489748367E-006  4.643528033941558E-006  4.612337958152356E-006  4.595146676885745E-006  4.576566972788314E-006  4.556234880853791E-006  4.533621966163276E-006  4.507899717744798E-006  4.440308359400154E-006  4.389784377844473E-006  4.306607038595686E-006
   5210.00072990495       5.230424764640848E-006  5.185800797367883E-006  5.137264015869853E-006  5.084290696462574E-006  5.025718272104249E-006  4.960740146818897E-006  4.888017235147659E-006  4.848168467100605E-006  4.805440806441366E-006  4.759252283754867E-006  4.729381673311399E-006  4.708328854720976E-006  4.674529087950358E-006  4.650114281836432E-006  4.609511498273565E-006  4.578680279979521E-006  4.561678117426064E-006  4.543303224990022E-006  4.523192610470929E-006  4.500817374183331E-006  4.475356147582861E-006  4.408406988995634E-006  4.358324996125668E-006  4.275825984896432E-006
   5230.00073270689       5.192371096017880E-006  5.148222219333145E-006  5.100171758322508E-006  5.047569396036691E-006  4.989706508555765E-006  4.925388290518997E-006  4.853332412593674E-006  4.813886430923782E-006  4.771648364558772E-006  4.725951529060333E-006  4.696399202467626E-006  4.675551865991164E-006  4.642125736770693E-006  4.617962529761238E-006  4.577767963330004E-006  4.547239620749224E-006  4.530406519058734E-006  4.512206290866924E-006  4.492282684237433E-006  4.470115602680479E-006  4.444886935016358E-006  4.378529175645964E-006  4.328874196511763E-006  4.247060168428312E-006
   5250.00073550883       5.155373352683267E-006  5.111873183213008E-006  5.064135971451831E-006  5.012026820404948E-006  4.954639476320477E-006  4.890998951834840E-006  4.819753481272475E-006  4.780722966273633E-006  4.738965373214795E-006  4.693782066550408E-006  4.664599331963467E-006  4.644012752395663E-006  4.610963326931244E-006  4.587092166754469E-006  4.547361345030180E-006  4.517185510231406E-006  4.500544165689521E-006  4.482552141701310E-006  4.462858826423008E-006  4.440944157874334E-006  4.416004334367898E-006  4.350418868437890E-006  4.301351843466599E-006  4.220536463915562E-006
   5270.00073831077       5.116628663138513E-006  5.073346820535638E-006  5.026112862491301E-006  4.974472959530572E-006  4.917684896865407E-006  4.854652837719692E-006  4.784244716177783E-006  4.745645648845420E-006  4.704380503010814E-006  4.659751260401652E-006  4.630900489415888E-006  4.610541914171152E-006  4.577867738176398E-006  4.554250073683819E-006  4.514942401168771E-006  4.485072568909027E-006  4.468601485094654E-006  4.450787105001747E-006  4.431284681395091E-006  4.409581264682644E-006  4.384876283376718E-006  4.319881366976378E-006  4.271238818104563E-006  4.191110350540337E-006
   5290.00074111271       5.081848023955110E-006  5.038693866672725E-006  4.992145417860579E-006  4.940908776672297E-006  4.884564715539470E-006  4.822111380000208E-006  4.752340005568488E-006  4.714112114660750E-006  4.673225280975584E-006  4.628982776560151E-006  4.600373514016086E-006  4.580183285775902E-006  4.547770086872820E-006  4.524337477605169E-006  4.485316536259559E-006  4.455657500059880E-006  4.439296106638330E-006  4.421598560388060E-006  4.402217782968410E-006  4.380644590863614E-006  4.356080432149731E-006  4.291402958699214E-006  4.242945693576603E-006  4.163017487519003E-006
   5310.00074391464       5.045226675887382E-006  5.002621015988079E-006  4.956406175350830E-006  4.905659530142840E-006  4.849843421523643E-006  4.788076309248167E-006  4.719077940986075E-006  4.681321988974112E-006  4.640867345898913E-006  4.597139396467527E-006  4.568833814390127E-006  4.548889872630411E-006  4.516847239412446E-006  4.493682150868177E-006  4.455102318097498E-006  4.425783273844853E-006  4.409607962138830E-006  4.392114800018748E-006  4.372960141199154E-006  4.351640673032775E-006  4.327369308805031E-006  4.263489917341541E-006  4.215659722028586E-006  4.136829409426392E-006
   5330.00074671658       5.009209530401122E-006  4.966731598053109E-006  4.921152630366202E-006  4.870631377022298E-006  4.815448800865539E-006  4.754329662616056E-006  4.685976571388639E-006  4.648631476631929E-006  4.608607682300420E-006  4.565311540691397E-006  4.537303229042334E-006  4.517538590759196E-006  4.485811581293127E-006  4.462859656599015E-006  4.424638501538895E-006  4.395570101112168E-006  4.379531750350473E-006  4.362181961179519E-006  4.343181122960792E-006  4.322026018889703E-006  4.297934524432911E-006  4.234486495407086E-006  4.186937502903692E-006  4.108506698621560E-006
   5350.00074951852       4.971213046786463E-006  4.929497639585795E-006  4.884179163893042E-006  4.834435392247353E-006  4.779846406379155E-006  4.719527555446864E-006  4.652127283255158E-006  4.615340467766458E-006  4.575902696220304E-006  4.533224420081882E-006  4.505600244043947E-006  4.486112309067903E-006  4.454817727512550E-006  4.432157108542011E-006  4.394403548022917E-006  4.365691283712481E-006  4.349844043089205E-006  4.332699895976323E-006  4.313919962380589E-006  4.293008479607026E-006  4.269191134648253E-006  4.206455745082782E-006  4.159442054139857E-006  4.081915554186755E-006
   5370.00075232046       4.926740051450719E-006  4.885511963625033E-006  4.840717575059330E-006  4.791593321191330E-006  4.737853477667910E-006  4.678489220453111E-006  4.612375445943989E-006  4.576187544794460E-006  4.537572139387665E-006  4.495806669214924E-006  4.468762011964022E-006  4.449666125723902E-006  4.418967654234561E-006  4.396734825519706E-006  4.359660261368190E-006  4.331430389062014E-006  4.315835187880747E-006  4.298957490010257E-006  4.280460687093662E-006  4.259850850758023E-006  4.236356342002871E-006  4.174381449601061E-006  4.127866123070887E-006  4.051088662819840E-006
   5390.00075512240       4.895857245750205E-006  4.854842159531549E-006  4.810295737399665E-006  4.761844426384288E-006  4.708545056011209E-006  4.649481356656997E-006  4.583777056937410E-006  4.547936965558881E-006  4.509609063935161E-006  4.468075204548260E-006  4.441195791399515E-006  4.422228624649868E-006  4.391737764917008E-006  4.369639427399920E-006  4.332807577840524E-006  4.304767124387850E-006  4.289282288429252E-006  4.272519426577696E-006  4.254149722896202E-006  4.233685811623559E-006  4.210363821411110E-006  4.148869831783004E-006  4.102736616863314E-006  4.026615287887757E-006
   5410.00075792434       4.866471958957674E-006  4.825797405184040E-006  4.781676550150067E-006  4.733516858424206E-006  4.680522029668535E-006  4.621872929524055E-006  4.556555544718963E-006  4.520956642027656E-006  4.482792493242430E-006  4.441472129417587E-006  4.414739028258797E-006  4.395871248937580E-006  4.365531976440057E-006  4.343552389875732E-006  4.306922831173975E-006  4.279039338538045E-006  4.263640656102742E-006  4.246978300462834E-006  4.228724436807012E-006  4.208387097453861E-006  4.185217168094865E-006  4.124143344224617E-006  4.078340756021311E-006  4.002774928085555E-006
   5430.00076072628       4.827334585131106E-006  4.787257862742193E-006  4.743494887430110E-006  4.695838138542066E-006  4.643566434346357E-006  4.585706716103531E-006  4.521398834779737E-006  4.486207562163860E-006  4.448626628520602E-006  4.407943039674218E-006  4.381576362985579E-006  4.362974752672465E-006  4.333039875554044E-006  4.311352171054953E-006  4.275177628128997E-006  4.247615350059607E-006  4.232388071699817E-006  4.215904523449049E-006  4.197836340921236E-006  4.177698458175538E-006  4.154738116837859E-006  4.094136733622731E-006  4.048615256509345E-006  3.973406657144455E-006
   5450.00076352821       4.797572988223678E-006  4.757713686786684E-006  4.714340669215755E-006  4.666969293847256E-006  4.614966900615070E-006  4.557647076167538E-006  4.493709182230963E-006  4.458744390732465E-006  4.421383906917047E-006  4.380993612057889E-006  4.354807090990464E-006  4.336342185556367E-006  4.306622906003911E-006  4.285094434580825E-006  4.249180153487308E-006  4.221833856031637E-006  4.206731053651127E-006  4.190383165202770E-006  4.172463880284181E-006  4.152501741826367E-006  4.129751208202068E-006  4.069747976847251E-006  4.024720275965668E-006  3.950402491680952E-006
   5470.00076633015       4.756868851701241E-006  4.717509181072955E-006  4.674923815711306E-006  4.628166197760538E-006  4.577116859519054E-006  4.520707420055325E-006  4.457867673948966E-006  4.423537408603820E-006  4.386855115894262E-006  4.347153810664155E-006  4.321403522257770E-006  4.303212697976501E-006  4.273946629191056E-006  4.252731534989299E-006  4.217308767631611E-006  4.190315567611201E-006  4.175393927038576E-006  4.159237271857026E-006  4.141521446524491E-006  4.121770227280278E-006  4.099245810147199E-006  4.039771110546364E-006  3.995091176834793E-006  3.921316175692082E-006
   5490.00076913209       4.728443318484382E-006  4.689356502058626E-006  4.646790217131297E-006  4.600194312078038E-006  4.549457237839853E-006  4.493411489079110E-006  4.431060722684596E-006  4.396966339904507E-006  4.360545122347534E-006  4.321102394048347E-006  4.295545259515857E-006  4.277481160581441E-006  4.248421161550910E-006  4.227360563746954E-006  4.192195219058474E-006  4.165392268705178E-006  4.150579352153691E-006  4.134540191769266E-006  4.116953709675855E-006  4.097351677947122E-006  4.074995893571726E-006  4.015971712629718E-006  3.971620964807524E-006  3.898344166484104E-006
   5510.00077193403       4.693140166241702E-006  4.654565137486616E-006  4.612535405182234E-006  4.566786241376965E-006  4.516630676545057E-006  4.461290298389131E-006  4.399833919364231E-006  4.366302418280925E-006  4.330411567280986E-006  4.291614315126012E-006  4.266461546948866E-006  4.248665419828200E-006  4.220042041657885E-006  4.199278403394107E-006  4.164608176834653E-006  4.138166244699173E-006  4.123550046748154E-006  4.107721955021850E-006  4.090362615003238E-006  4.071008920169339E-006  4.048935292534795E-006  3.990643238676562E-006  3.946843440645210E-006  3.874492725955422E-006
   5530.00077473597       4.654185210306318E-006  4.615751413094635E-006  4.574217231067255E-006  4.528895290531708E-006  4.479342075620786E-006  4.424723831598825E-006  4.364131373498113E-006  4.331093714544825E-006  4.295798911710648E-006  4.257614660013221E-006  4.232839759887479E-006  4.215324337431876E-006  4.187116223883168E-006  4.166645792698986E-006  4.132436360979524E-006  4.106339128712918E-006  4.091908025903657E-006  4.076271517013907E-006  4.059117799037268E-006  4.039984192693473E-006  4.018149482049232E-006  3.960432168741604E-006  3.917019660897605E-006  3.845290102386253E-006
   5550.00077753791       4.630084498052989E-006  4.592122063804168E-006  4.550848027949558E-006  4.505890616656194E-006  4.456538828107443E-006  4.402169766504915E-006  4.341819885443457E-006  4.308867308304327E-006  4.273646188641384E-006  4.235489888686604E-006  4.210747259625601E-006  4.193280090255987E-006  4.165116292261436E-006  4.144689080658588E-006  4.110542161471100E-006  4.084504569366988E-006  4.070105822541289E-006  4.054510634547692E-006  4.037402981478167E-006  4.018325602306094E-006  3.996560112200727E-006  3.939047610353228E-006  3.895798028659497E-006  3.824300960571990E-006
   5570.00078033984       4.599328134693599E-006  4.561605357884777E-006  4.520495271200810E-006  4.475932875998010E-006  4.427062291715067E-006  4.373184065773429E-006  4.313317379578182E-006  4.280624138509223E-006  4.245705023275818E-006  4.207886977386779E-006  4.183373723817385E-006  4.166033754457799E-006  4.138125396946201E-006  4.117876875039015E-006  4.084055561978319E-006  4.058261795086515E-006  4.043998051283883E-006  4.028554239660579E-006  4.011614010183090E-006  3.992726250609265E-006  3.971180019170097E-006  3.914268741771682E-006  3.871498729887206E-006  3.800867666659370E-006
   5590.00078314178       4.558176649542387E-006  4.520854201872437E-006  4.480501356383797E-006  4.436484823629273E-006  4.388388257417909E-006  4.335500490505819E-006  4.276800783232468E-006  4.244808190232594E-006  4.210613537650739E-006  4.173556582543816E-006  4.149518550343697E-006  4.132513579863537E-006  4.105124210125626E-006  4.085232272221179E-006  4.051961491956838E-006  4.026557856975259E-006  4.012500911569104E-006  3.997266937857914E-006  3.980546141981027E-006  3.961886501174519E-006  3.940579162862950E-006  3.884193536220936E-006  3.841730361907678E-006  3.771501850565261E-006
   5610.00078594372       4.536402085374360E-006  4.499242805428639E-006  4.458961955656312E-006  4.415054711466111E-006  4.367119474694214E-006  4.314222560494131E-006  4.255590638323465E-006  4.223605519723890E-006  4.189365248899274E-006  4.152310791337515E-006  4.128284401446664E-006  4.111300114883623E-006  4.083933435506708E-006  4.064070935561756E-006  4.030870079999156E-006  4.005542828474701E-006  3.991533242354177E-006  3.976356578690429E-006  3.959706726213395E-006  3.941134418109088E-006  3.919939374447688E-006  3.863910018435214E-006  3.821758375226923E-006  3.752076063532248E-006
   5630.00078874566       4.503403221304208E-006  4.466525703555352E-006  4.426708366664063E-006  4.383281249663091E-006  4.335838336456476E-006  4.283652636906153E-006  4.225638261090876E-006  4.194048054907741E-006  4.160299989295889E-006  4.123718632678588E-006  4.099984687916750E-006  4.083193916881612E-006  4.056148985036196E-006  4.036509075446200E-006  4.003679789847095E-006  3.978619796740633E-006  3.964755325702229E-006  3.949732475448372E-006  3.933246472355366E-006  3.914852402520778E-006  3.893852890645658E-006  3.838301898222997E-006  3.796479288375341E-006  3.727308341650867E-006
   5650.00079154760       4.475587494112912E-006  4.438951414318189E-006  4.399170604470134E-006  4.356188418053660E-006  4.309181680192667E-006  4.257401837233816E-006  4.199882985949691E-006  4.168544064786696E-006  4.135032169655190E-006  4.098726598379425E-006  4.075194045794966E-006  4.058537700483129E-006  4.031705274173245E-006  4.012215880003045E-006  3.979651994263394E-006  3.954791845149218E-006  3.941042826482346E-006  3.926142452050750E-006  3.909795727458374E-006  3.891560572026965E-006  3.870748150589917E-006  3.815719250485440E-006  3.774319136209380E-006  3.705902251339840E-006
   5670.00079434954       4.443729945272660E-006  4.407469971755074E-006  4.368278608743978E-006  4.325912159084151E-006  4.279308267254595E-006  4.228136104995657E-006  4.171393269160593E-006  4.140442477099766E-006  4.107359904993887E-006  4.071505026239634E-006  4.048239154882438E-006  4.031778092847814E-006  4.005242661978087E-006  3.985972212764643E-006  3.953737913626801E-006  3.929126826201665E-006  3.915508759474392E-006  3.900752057580327E-006  3.884557770183201E-006  3.866489627566380E-006  3.845863011055184E-006  3.791305930340930E-006  3.750246231406818E-006  3.682381437500470E-006
   5690.00079715147       4.408561432604418E-006  4.372887990352554E-006  4.334239249664626E-006  4.292317069758433E-006  4.246564091068462E-006  4.196277902019675E-006  4.140595512705170E-006  4.110202169900477E-006  4.077741196662432E-006  4.042542465444181E-006  4.019666794634385E-006  4.003487216239443E-006  3.977364798100017E-006  3.958371398340295E-006  3.926585379378830E-006  3.902295578114529E-006  3.888845567473602E-006  3.874262659639449E-006  3.858251582656076E-006  3.840378406010050E-006  3.819960198187268E-006  3.765891524128082E-006  3.725147167283578E-006  3.657726959408428E-006
   5710.00079995341       4.368007409157238E-006  4.332781158683461E-006  4.294837633253501E-006  4.253375774388011E-006  4.208373346154482E-006  4.158937748102963E-006  4.104422701961264E-006  4.074720323207202E-006  4.042980184346060E-006  4.008580482158165E-006  3.986220396727665E-006  3.970377239275985E-006  3.944805441450503E-006  3.926193181861888E-006  3.895014773873660E-006  3.871160481916457E-006  3.857943501819477E-006  3.843605615986280E-006  3.827853205893617E-006  3.810255392372900E-006  3.790134271509477E-006  3.736764968529221E-006  3.696477142416546E-006  3.629766517283354E-006
   5730.00080275535       4.350050522496449E-006  4.315010866482058E-006  4.277233756079609E-006  4.236134598694643E-006  4.191299242326077E-006  4.142065639983746E-006  4.087518332896368E-006  4.057824644599972E-006  4.026012079575013E-006  3.991545875078092E-006  3.969150119005110E-006  3.953290243971767E-006  3.927675685755759E-006  3.909044949444555E-006  3.877852453014994E-006  3.854000265045731E-006  3.840790255626733E-006  3.826468243991841E-006  3.810739526388860E-006  3.793177476701622E-006  3.773113841136947E-006  3.719971729718151E-006  3.679920869138831E-006  3.613662298700357E-006
   5750.00080555729       4.324271341923641E-006  4.289352595969763E-006  4.251693595868562E-006  4.210840500866839E-006  4.166120754373156E-006  4.116962194842241E-006  4.062533646517352E-006  4.032906388280164E-006  4.001171442918351E-006  3.966820338776121E-006  3.944493393331804E-006  3.928690066780616E-006  3.903183039096161E-006  3.884644148970237E-006  3.853598026296791E-006  3.829872311630652E-006  3.816736790684476E-006  3.802494295739303E-006  3.786856456724429E-006  3.769399221431615E-006  3.749454911587729E-006  3.696637280948236E-006  3.656831694950678E-006  3.590978560246455E-006
   5770.00080835923       4.295013381872728E-006  4.260314319238346E-006  4.223079715522566E-006  4.182440744600877E-006  4.138095601297091E-006  4.089401620396603E-006  4.035527964390364E-006  4.006200358969139E-006  3.974793940621848E-006  3.940775371928685E-006  3.918676596608101E-006  3.903026230607148E-006  3.877779657261144E-006  3.859424338104120E-006  3.828683921484476E-006  3.805180396072506E-006  3.792169651287387E-006  3.778057201806945E-006  3.762562142737827E-006  3.745261024504076E-006  3.725491002409211E-006  3.673115358499421E-006  3.633626854005251E-006  3.568285363281099E-006
   5790.00081116117       4.265424278371947E-006  4.231256464476023E-006  4.193989745051742E-006  4.153845787087767E-006  4.110038559896677E-006  4.061912649134333E-006  4.008617698757959E-006  3.979587664775211E-006  3.948575476150722E-006  3.914917090838732E-006  3.893063734394356E-006  3.877581500268417E-006  3.852594302632703E-006  3.834418738566820E-006  3.803983124824596E-006  3.780706894366481E-006  3.767815495042968E-006  3.753834963695084E-006  3.738481494837990E-006  3.721333167739439E-006  3.701736635993144E-006  3.649800061388469E-006  3.610629454869933E-006  3.545804231151422E-006
   5810.00081396311       4.238138138916909E-006  4.204111721630747E-006  4.167340978989938E-006  4.127423655408804E-006  4.083886099628264E-006  4.036140983517271E-006  3.983348020933628E-006  3.954589280106531E-006  3.923854388935328E-006  3.890520939586896E-006  3.868848939320128E-006  3.853505214646344E-006  3.828742669733031E-006  3.810716055306739E-006  3.780531840006975E-006  3.757448772020285E-006  3.744663197903146E-006  3.730796028411503E-006  3.715565042081236E-006  3.698552828567605E-006  3.679108677884256E-006  3.627564527124499E-006  3.588681443019395E-006  3.524319164898809E-006
   5830.00081676504       4.210060318809569E-006  4.176455125861298E-006  4.140153403570711E-006  4.100634279977380E-006  4.057480884090365E-006  4.010278912152650E-006  3.958038147155010E-006  3.929557885363479E-006  3.899114317340595E-006  3.866105920845583E-006  3.844652096549524E-006  3.829452955601333E-006  3.804906733539736E-006  3.787049156184094E-006  3.757134470163541E-006  3.734248047295802E-006  3.721571423486631E-006  3.707821557199495E-006  3.692717643406318E-006  3.675847256148603E-006  3.656563621201772E-006  3.605438543997291E-006  3.566866655806323E-006  3.503019074827411E-006
   5850.00081956698       4.183499149133539E-006  4.150136807831456E-006  4.114029892375425E-006  4.074820276012939E-006  4.032107406103767E-006  3.985265538125396E-006  3.933410907977219E-006  3.905125117388110E-006  3.874951459844016E-006  3.842200322388284E-006  3.820917501514366E-006  3.805832496191180E-006  3.781487788159817E-006  3.763774409973199E-006  3.734096424334455E-006  3.711386657609386E-006  3.698809928937481E-006  3.685166442775324E-006  3.670180633666762E-006  3.653439537012182E-006  3.634305668656592E-006  3.583574590856970E-006  3.545303340846515E-006  3.481966296008952E-006
   5870.00082236892       4.152255452914525E-006  4.119744158334877E-006  4.084236815424636E-006  4.045747369500249E-006  4.003727832890380E-006  3.957636045177393E-006  3.906614391954817E-006  3.878836685117742E-006  3.849089553445160E-006  3.816808823826940E-006  3.795802754482491E-006  3.780915806231326E-006  3.756858279747471E-006  3.739342692449388E-006  3.709977870969012E-006  3.687500459763454E-006  3.675045130888565E-006  3.661531808951596E-006  3.646680235274259E-006  3.630085047707205E-006  3.611109541002383E-006  3.560762295954352E-006  3.522749074456220E-006  3.459796268242806E-006
   5890.00082517086       4.101681276404645E-006  4.071485207029906E-006  4.038463119645809E-006  4.002656700664850E-006  3.963459908747838E-006  3.920348931800083E-006  3.872355247550331E-006  3.846064843107665E-006  3.817788148228291E-006  3.786868865810322E-006  3.766639039897716E-006  3.752263782873688E-006  3.728936202471506E-006  3.711890681970661E-006  3.683237636054445E-006  3.661234912360364E-006  3.649019966312561E-006  3.635754128013402E-006  3.621156969366406E-006  3.604825951713771E-006  3.586127503897787E-006  3.536410010147628E-006  3.498799061611134E-006  3.436441985655609E-006
   5910.00082797280       3.945700276600500E-006  3.923807701800444E-006  3.900142385793400E-006  3.874519901068064E-006  3.846421161691337E-006  3.815268759364878E-006  3.779886605201984E-006  3.760004608160427E-006  3.738183280505247E-006  3.713741015722786E-006  3.697383213770304E-006  3.685587996882986E-006  3.666170920105988E-006  3.651769514543390E-006  3.627168022057423E-006  3.607972071139665E-006  3.597203282044347E-006  3.585421835743993E-006  3.572360302996395E-006  3.557629363109841E-006  3.540620818008445E-006  3.494762239964236E-006  3.459595287190828E-006  3.400703084292922E-006
   5930.00083077473       4.057916978571366E-006  4.027330386589838E-006  3.994358294640497E-006  3.958462224706567E-006  3.919227668613194E-006  3.876097221470071E-006  3.828256813873660E-006  3.802038306254110E-006  3.773882549077282E-006  3.743177757284344E-006  3.723109092877335E-006  3.708848760621174E-006  3.685725849416711E-006  3.668849613872722E-006  3.640492457313037E-006  3.618729795290761E-006  3.606653034846915E-006  3.593540966960450E-006  3.579117625729669E-006  3.562984983166937E-006  3.544519565696321E-006  3.495447325104988E-006  3.458338569400082E-006  3.396826436334338E-006
   5950.00083357667       4.012786811407685E-006  3.981968284434315E-006  3.948870757725675E-006  3.913143269655187E-006  3.874332298476846E-006  3.831996543187274E-006  3.785365015064996E-006  3.759981449531644E-006  3.732764397779259E-006  3.703084697852704E-006  3.683700583401397E-006  3.669911162943673E-006  3.647536274837286E-006  3.631188849517583E-006  3.603663889226081E-006  3.582495874570222E-006  3.570728843816371E-006  3.557931260730595E-006  3.543834201713892E-006  3.528035046519474E-006  3.509912455039220E-006  3.461554799104537E-006  3.424842339084372E-006  3.363881489457198E-006
   5970.00083637861       4.007982601974345E-006  3.976770343072242E-006  3.943327055483547E-006  3.907188816871908E-006  3.867892211612139E-006  3.824972299752575E-006  3.777633514055520E-006  3.751837921573955E-006  3.724235392441234E-006  3.694190024991643E-006  3.674595996387312E-006  3.660672601898938E-006  3.638119666130174E-006  3.621661015780227E-006  3.594003830954274E-006  3.572768139127311E-006  3.560981813092313E-006  3.548178304017789E-006  3.534090820419721E-006  3.518326217950931E-006  3.500272021217254E-006  3.452238945475979E-006  3.415872382945768E-006  3.355533398273371E-006
   5990.00083918055       3.992728170460491E-006  3.961398325530634E-006  3.927627076426416E-006  3.891260527590062E-006  3.851472407012880E-006  3.807967670131627E-006  3.759970571234994E-006  3.733828081785379E-006  3.705850007476104E-006  3.675434322074051E-006  3.655630862390436E-006  3.641573779838375E-006  3.618843771744522E-006  3.602271145645917E-006  3.574462457716021E-006  3.553138294234200E-006  3.541309359573803E-006  3.528469892611934E-006  3.514348832234212E-006  3.498557119897446E-006  3.480483106375371E-006  3.432447580584978E-006  3.396118776002759E-006  3.335903397185122E-006
   6010.00084198249       3.966248398031533E-006  3.935064686977992E-006  3.901455524170730E-006  3.865204903363787E-006  3.825747778194549E-006  3.782609367651762E-006  3.735003294164903E-006  3.709140436484382E-006  3.681441780692110E-006  3.651378645560267E-006  3.631772894628126E-006  3.617868124564707E-006  3.595379340095494E-006  3.578984137098292E-006  3.551459535501202E-006  3.530354882054804E-006  3.518648171168512E-006  3.505935149523471E-006  3.491951999178417E-006  3.476312744724738E-006  3.458407022073030E-006  3.410798313396195E-006  3.374776171415032E-006  3.315059978985129E-006
   6030.00084478443       3.944392680362002E-006  3.913481088438459E-006  3.879975803506770E-006  3.843820438349109E-006  3.804545557735541E-006  3.761518653078488E-006  3.714136963925592E-006  3.688392525148094E-006  3.660804422198810E-006  3.630872342177650E-006  3.611366130440740E-006  3.597531070193181E-006  3.575142984913902E-006  3.558831532782122E-006  3.531450802715618E-006  3.510457143182568E-006  3.498813962457847E-006  3.486171642684402E-006  3.472267878072003E-006  3.456716768712699E-006  3.438916495894140E-006  3.391594710112969E-006  3.355794937837430E-006  3.296447876193920E-006
   6050.00084758637       3.919598740301713E-006  3.888848765259012E-006  3.855552134922550E-006  3.819699804918858E-006  3.780700933449943E-006  3.738180054456378E-006  3.691213969518948E-006  3.665677886786005E-006  3.638345601832725E-006  3.608668574804042E-006  3.589339494470191E-006  3.575621420078120E-006  3.553439266751093E-006  3.537263398531421E-006  3.510110204590909E-006  3.489290101067332E-006  3.477740359835157E-006  3.465196909703238E-006  3.451402611892709E-006  3.435972065600455E-006  3.418307576624744E-006  3.371333535401699E-006  3.335787049502795E-006  3.276848255781862E-006
   6070.00085038830       3.892781107422852E-006  3.862295176695150E-006  3.829418554742187E-006  3.793893595631119E-006  3.755357970628824E-006  3.713240457339760E-006  3.666870549060211E-006  3.641643952283716E-006  3.614659476036847E-006  3.585334895298837E-006  3.566241257929799E-006  3.552684441284364E-006  3.530739961376122E-006  3.514736605741777E-006  3.487864978273170E-006  3.467249149740945E-006  3.455808342872095E-006  3.443382267928974E-006  3.429712354906385E-006  3.414415376921180E-006  3.396896772170692E-006  3.350281016204411E-006  3.314979326245070E-006  3.256416418999907E-006
   6090.00085319024       3.865809769231045E-006  3.835742841637213E-006  3.803337826327889E-006  3.768241004916435E-006  3.730153704767672E-006  3.688617663958514E-006  3.642843569943434E-006  3.617969224680785E-006  3.591333033676413E-006  3.562371259280822E-006  3.543500330279284E-006  3.530098574663737E-006  3.508400577973819E-006  3.492574851844524E-006  3.465983783482182E-006  3.445575013175406E-006  3.434246560607518E-006  3.421938861561915E-006  3.408395263783867E-006  3.393235969687230E-006  3.375869410243849E-006  3.329634673094105E-006  3.294605339247622E-006  3.236481383378399E-006
   6110.00085599218       3.836752375596159E-006  3.806967660751932E-006  3.775018919450377E-006  3.740517333477048E-006  3.703125570731970E-006  3.662268897742181E-006  3.617282843825107E-006  3.592808403333439E-006  3.566607161220068E-006  3.538096704887832E-006  3.519508774542029E-006  3.506300602884490E-006  3.484905087864070E-006  3.469291261419963E-006  3.443033208214367E-006  3.422862190001291E-006  3.411660634129494E-006  3.399485222448477E-006  3.386080712137153E-006  3.371069607497516E-006  3.353862878396306E-006  3.308007295376736E-006  3.273230216080774E-006  3.215486111539157E-006
   6130.00085879412       3.819232650678828E-006  3.789467191941441E-006  3.757487581212320E-006  3.722911837365092E-006  3.685403082453469E-006  3.644551495082110E-006  3.599504520875745E-006  3.574989470816124E-006  3.548791094065213E-006  3.520288196455951E-006  3.501698144581858E-006  3.488508334614160E-006  3.467148894032199E-006  3.451561047485781E-006  3.425369178914831E-006  3.405263942057443E-006  3.394102998641324E-006  3.381975765367729E-006  3.368630880728412E-006  3.353691155030399E-006  3.336574310973305E-006  3.290994433889602E-006  3.256452512174423E-006  3.199129110775695E-006
   6150.00086159606       3.796299719420397E-006  3.766745376324858E-006  3.734955837076108E-006  3.700705414019566E-006  3.663472261425559E-006  3.622900920574557E-006  3.578234910046516E-006  3.553911415657784E-006  3.527916040455277E-006  3.499647196756466E-006  3.481214545847506E-006  3.468123487635071E-006  3.446926925014135E-006  3.431457771059396E-006  3.405460274815899E-006  3.385503233619784E-006  3.374422661548882E-006  3.362385227089870E-006  3.349135878088368E-006  3.334305052318945E-006  3.317313199726765E-006  3.272063290443002E-006  3.237770506262835E-006  3.180860794124589E-006
   6170.00086439800       3.771791528425852E-006  3.742613006824996E-006  3.711025514868467E-006  3.677083323423535E-006  3.640275317755827E-006  3.600125427838723E-006  3.555902717403635E-006  3.531863137701141E-006  3.506122170429731E-006  3.478128621725680E-006  3.459875179145821E-006  3.446915840075049E-006  3.425924209068046E-006  3.410599281301685E-006  3.384836676038095E-006  3.365054810743971E-006  3.354072240678642E-006  3.342135860550440E-006  3.328998375662520E-006  3.314288172256974E-006  3.297431383163438E-006  3.252525657025807E-006  3.218480300959876E-006  3.161968988654350E-006
   6190.00086719993       3.747596173734507E-006  3.718611037953295E-006  3.687446233940683E-006  3.653874891290676E-006  3.617442757774880E-006  3.577668874403884E-006  3.533917614825193E-006  3.510130378986923E-006  3.484653713670135E-006  3.456968683276484E-006  3.438895939913122E-006  3.426049441073513E-006  3.405252655952534E-006  3.390063455759884E-006  3.364526532173079E-006  3.344913275845633E-006  3.334021526070389E-006  3.322183241762583E-006  3.309151325293845E-006  3.294557025998837E-006  3.277830086416033E-006  3.233254082694856E-006  3.199447348062348E-006  3.143320719227197E-006
   6210.00087000187       3.724875704450354E-006  3.696150920665892E-006  3.665276070332916E-006  3.631929647402837E-006  3.595803013258174E-006  3.556327546576308E-006  3.512955706832981E-006  3.489382578177064E-006  3.464130392572949E-006  3.436658471734449E-006  3.418732055028700E-006  3.405991699739750E-006  3.385356299115022E-006  3.370286777841833E-006  3.344943035344507E-006  3.325477337720815E-006  3.314665054433840E-006  3.302914466651336E-006  3.289978063356706E-006  3.275489191340247E-006  3.258882414728650E-006  3.214620607441673E-006  3.181048514449480E-006  3.125308132481044E-006
   6230.00087280381       3.692937533788133E-006  3.664732104169627E-006  3.634618677220115E-006  3.602078146410185E-006  3.566840328446763E-006  3.528419445815829E-006  3.486072349572420E-006  3.463023196942766E-006  3.438344806326375E-006  3.411463823746896E-006  3.393899194814204E-006  3.381397466032838E-006  3.361137992210063E-006  3.346327730346303E-006  3.321394819105648E-006  3.302211907223546E-006  3.291549299073018E-006  3.279950821653411E-006  3.267171947813323E-006  3.252849210775001E-006  3.236416301265632E-006  3.192548491132027E-006  3.159223119630682E-006  3.103838933805731E-006
   6250.00087560575       3.674238056994158E-006  3.646347476955151E-006  3.616283334468673E-006  3.583901663532806E-006  3.548791746514237E-006  3.510555030407046E-006  3.468406136741716E-006  3.445497915081874E-006  3.420924061278428E-006  3.394143423165522E-006  3.376643629383671E-006  3.364194552480247E-006  3.344014022425174E-006  3.329260464385183E-006  3.304434552632323E-006  3.285340919033741E-006  3.274728640934491E-006  3.263190089813736E-006  3.250478953431748E-006  3.236234457451401E-006  3.219896711963001E-006  3.176299193336814E-006  3.143189988757812E-006  3.088168054441639E-006
   6270.00087840769       3.645418795389568E-006  3.618047090379720E-006  3.588768608299426E-006  3.557218659554265E-006  3.523153831465572E-006  3.485956911944631E-006  3.444949561035180E-006  3.422590777522640E-006  3.398585301789673E-006  3.372362899152704E-006  3.355190366226616E-006  3.342971203198541E-006  3.323115630112586E-006  3.308586090475883E-006  3.284098643670142E-006  3.265240931597594E-006  3.254754915841909E-006  3.243344262378794E-006  3.230769709774724E-006  3.216670997592540E-006  3.200491008654897E-006  3.157280794685499E-006  3.124443002713807E-006  3.069853723860348E-006
   6290.00088120963       3.592151868991804E-006  3.565874328620628E-006  3.537844778693879E-006  3.507869749078295E-006  3.475613316387228E-006  3.440787488254799E-006  3.402489169449900E-006  3.381613419814958E-006  3.359188968717600E-006  3.334611055935740E-006  3.318468286269787E-006  3.306940655824589E-006  3.288168935938683E-006  3.274395531590504E-006  3.251099264967284E-006  3.233101068826213E-006  3.223063356722429E-006  3.212121689490288E-006  3.200036124053860E-006  3.186451718025599E-006  3.170818179646281E-006  3.128853881036083E-006  3.096804274987437E-006  3.043391828064211E-006
   6310.00088401157       3.594628459348621E-006  3.568033190180714E-006  3.539582850906162E-006  3.508904132989794E-006  3.475829155429637E-006  3.439805135431093E-006  3.400143982239964E-006  3.378503465367470E-006  3.355240959905434E-006  3.329805498607545E-006  3.313123488065566E-006  3.301225903381930E-006  3.281889777575545E-006  3.267722461370046E-006  3.243809686141852E-006  3.225374643456093E-006  3.215111105275850E-006  3.203937275323963E-006  3.191613421922189E-006  3.177784128173535E-006  3.161898650228849E-006  3.119407090204319E-006  3.087063533019214E-006  3.033236892795545E-006
   6330.00088681350       3.585856703347197E-006  3.558828831601534E-006  3.529760642251967E-006  3.498406972881769E-006  3.464543677801438E-006  3.427626799930630E-006  3.387023993504477E-006  3.364894330267021E-006  3.341157970464803E-006  3.315273378532269E-006  3.298355229185851E-006  3.286309562892249E-006  3.266767625270030E-006  3.252477749864932E-006  3.228409184603018E-006  3.209891037865184E-006  3.199595179961852E-006  3.188396146100013E-006  3.176056731872307E-006  3.162223633093271E-006  3.146351765742674E-006  3.103969689861676E-006  3.071763243893035E-006  3.018229330469659E-006
   6350.00088961544       3.565066191029570E-006  3.538038474683469E-006  3.509097295473033E-006  3.477921591843376E-006  3.444171520517841E-006  3.407415221459918E-006  3.366970542761803E-006  3.344966704442672E-006  3.321402187983926E-006  3.295690337680080E-006  3.278894961158874E-006  3.266935446818104E-006  3.247539392966204E-006  3.233356037918875E-006  3.209466322423048E-006  3.191084067115877E-006  3.180861406178900E-006  3.169743008243026E-006  3.157490485954287E-006  3.143753412301183E-006  3.127989115450613E-006  3.085880985333958E-006  3.053871128774024E-006  3.000648427994173E-006
   6370.00089241738       3.543285187067788E-006  3.516363191844378E-006  3.487663308264234E-006  3.456594515541304E-006  3.423121539439599E-006  3.386707101292732E-006  3.346669811164603E-006  3.324871879764383E-006  3.301533439310420E-006  3.276075261053876E-006  3.259435030360450E-006  3.247583019312512E-006  3.228362014915981E-006  3.214308646303561E-006  3.190629010016524E-006  3.172403982368698E-006  3.162269810085271E-006  3.151244823027281E-006  3.139094035117648E-006  3.125468576501818E-006  3.109829596373333E-006  3.068044893623456E-006  3.036272545873903E-006  2.983440996954004E-006
   6390.00089521932       3.521802094821158E-006  3.495218647973548E-006  3.466708548379473E-006  3.436068262621471E-006  3.402767546109553E-006  3.366658607158831E-006  3.326946034922670E-006  3.305316756478098E-006  3.282154813517914E-006  3.256902163853390E-006  3.240390967003005E-006  3.228636393644684E-006  3.209562513354403E-006  3.195614982183596E-006  3.172106897259343E-006  3.154013036871694E-006  3.143948390706116E-006  3.132998486075160E-006  3.120928840149074E-006  3.107393437758971E-006  3.091854406319395E-006  3.050321950758186E-006  3.018728320341087E-006  2.966174985818473E-006
   6420.00089942223       3.490752257657160E-006  3.464508477004943E-006  3.436186496368040E-006  3.405845035361929E-006  3.372989444215514E-006  3.337339144402562E-006  3.298120210144838E-006  3.276787429216306E-006  3.253917011651575E-006  3.228982605291435E-006  3.212667170512639E-006  3.201057367364450E-006  3.182210104584659E-006  3.168424351669502E-006  3.145191352523105E-006  3.127305756093243E-006  3.117356897986526E-006  3.106530228756165E-006  3.094596492815145E-006  3.081210934502029E-006  3.065843952338838E-006  3.024763796142196E-006  2.993510834495784E-006  2.941524302778056E-006
   6460.00090502610       3.446820852954705E-006  3.420977742708231E-006  3.393350894120198E-006  3.363562003544768E-006  3.331413166373862E-006  3.296498404671500E-006  3.258093996445208E-006  3.237230294744612E-006  3.214843061684061E-006  3.190422461484765E-006  3.174429272982985E-006  3.163049539298327E-006  3.144559952845907E-006  3.131035370285910E-006  3.108216846942885E-006  3.090638687720737E-006  3.080858205062569E-006  3.070210973853032E-006  3.058469392885325E-006  3.045293048904399E-006  3.030158066400334E-006  2.989661436973687E-006  2.958823730573113E-006  2.907496472991779E-006
   6500.00091062998       3.404328465992516E-006  3.378906160451493E-006  3.351786208456002E-006  3.322596396660317E-006  3.291150838330147E-006  3.256938977175262E-006  3.219345976722634E-006  3.198893406982712E-006  3.176957128317611E-006  3.153000401886771E-006  3.137308731204421E-006  3.126127450796378E-006  3.107969043395914E-006  3.094669655528101E-006  3.072230528789409E-006  3.054937475891250E-006  3.045307329972046E-006  3.034821357210143E-006  3.023253999678490E-006  3.010268915468233E-006  2.995346527151260E-006  2.955389126561971E-006  2.924939518025382E-006  2.874237919487879E-006
   6540.00091623386       3.366704912918637E-006  3.341515627219090E-006  3.314737340687997E-006  3.285906712489913E-006  3.254851553886514E-006  3.221065074232528E-006  3.183978664568590E-006  3.163800496469558E-006  3.142144127438088E-006  3.118502120542534E-006  3.103020242706710E-006  3.091987740415547E-006  3.074066405859743E-006  3.060941732429999E-006  3.038794823890688E-006  3.021726111229930E-006  3.012222182742206E-006  3.001874022853358E-006  2.990458680519343E-006  2.977644615749978E-006  2.962918646443493E-006  2.923488757957614E-006  2.893441137951708E-006  2.843408755094262E-006
   6580.00092183773       3.326641974261967E-006  3.301969587010401E-006  3.275607679933377E-006  3.247306916151458E-006  3.216761565355477E-006  3.183674686039262E-006  3.147275191096545E-006  3.127466384491955E-006  3.106209446567295E-006  3.082996623877008E-006  3.067775837944775E-006  3.056931675870589E-006  3.039301929890057E-006  3.026384466333999E-006  3.004584635273904E-006  2.987775784870011E-006  2.978413764573649E-006  2.968217300896217E-006  2.956966500114036E-006  2.944334106408436E-006  2.929812377704535E-006  2.890908232778258E-006  2.861245564746370E-006  2.811839240835315E-006
   6620.00092744161       3.286698889564638E-006  3.262504064922923E-006  3.236570609937455E-006  3.208830336122218E-006  3.178907461042125E-006  3.146417470840818E-006  3.110734670745484E-006  3.091306934059377E-006  3.070462873773484E-006  3.047667057529052E-006  3.032714574059915E-006  3.022061227054229E-006  3.004729550607318E-006  2.992031213669190E-006  2.970583449593655E-006  2.954040250904670E-006  2.944822864129338E-006  2.934781531322869E-006  2.923698266219803E-006  2.911249518861174E-006  2.896933457850309E-006  2.858554323463449E-006  2.829271326765911E-006  2.780473852402105E-006
   6660.00093304549       3.249033295044201E-006  3.225155823592241E-006  3.199653681365053E-006  3.172349801667450E-006  3.142887125092997E-006  3.110960734507717E-006  3.075912538485701E-006  3.056820455768022E-006  3.036308799269425E-006  3.013877338211035E-006  2.999157376982560E-006  2.988662918963007E-006  2.971591383583860E-006  2.959082307673837E-006  2.937946684492392E-006  2.921638987699109E-006  2.912552284638166E-006  2.902652060851383E-006  2.891722832772278E-006  2.879444864811251E-006  2.865323191355013E-006  2.827452519758002E-006  2.798549661960199E-006  2.750379388748164E-006
   6700.00093864936       3.209891537091033E-006  3.186515559650623E-006  3.161561232857163E-006  3.134763965933095E-006  3.105982592862167E-006  3.074696374460305E-006  3.040358452627736E-006  3.021667004935698E-006  3.001553259700444E-006  2.979555366407525E-006  2.965109279336015E-006  2.954805581769126E-006  2.938035955095762E-006  2.925739829491975E-006  2.904955871506688E-006  2.888909958351794E-006  2.879965105061191E-006  2.870215833094076E-006  2.859450433313366E-006  2.847352315027855E-006  2.833431120854816E-006  2.796073372034742E-006  2.767541798817097E-006  2.719970276795397E-006
   6740.00094425324       3.166943655519441E-006  3.144513488961135E-006  3.120567143978812E-006  3.094874331518300E-006  3.067188397791107E-006  3.037141252455573E-006  3.004041695544296E-006  2.985947727065346E-006  2.966443399521913E-006  2.945038778284748E-006  2.930959722319892E-006  2.920895239343226E-006  2.904502916159380E-006  2.892466781876742E-006  2.872092818676305E-006  2.856343485945637E-006  2.847557089747380E-006  2.837973633459198E-006  2.827384547458769E-006  2.815476540359660E-006  2.801764935796601E-006  2.764926249996593E-006  2.736760449830480E-006  2.689765022068486E-006
   6780.00094985712       3.105777197647099E-006  3.085045482190044E-006  3.062995430839399E-006  3.039379544880650E-006  3.014084315063391E-006  2.986601595831754E-006  2.956233365045439E-006  2.939551961523227E-006  2.921482374852724E-006  2.901524792366988E-006  2.888327116607286E-006  2.878864011881589E-006  2.863395972947419E-006  2.851997897210250E-006  2.832633384978476E-006  2.817603559314892E-006  2.809194997529687E-006  2.800007485851734E-006  2.789833969710719E-006  2.778367196579249E-006  2.765131820047152E-006  2.729432110199562E-006  2.702041423968258E-006  2.656255896408826E-006
   6820.00095546099       3.099272406491098E-006  3.077200387024309E-006  3.053573929325385E-006  3.028307115885383E-006  3.001087234637553E-006  2.971573054180618E-006  2.939144270152210E-006  2.921437017661642E-006  2.902386652650563E-006  2.881495516918953E-006  2.867753256047540E-006  2.857943394642357E-006  2.841957164273602E-006  2.830222084422980E-006  2.810364856932074E-006  2.795014511988039E-006  2.786449896705857E-006  2.777109140959695E-006  2.766786784934292E-006  2.755176252339371E-006  2.741805648435155E-006  2.705867448929047E-006  2.678377871074093E-006  2.632500139610688E-006
   6860.00096106487       3.065295968698013E-006  3.043395993527284E-006  3.019967168380173E-006  2.994950909196664E-006  2.968035163689721E-006  2.938909428463288E-006  2.906930439656542E-006  2.889471027981737E-006  2.870698041292339E-006  2.850120518323282E-006  2.836584151820189E-006  2.826917032383684E-006  2.811165137983352E-006  2.799601561931617E-006  2.780032192355460E-006  2.764898684606965E-006  2.756453435559590E-006  2.747241591750326E-006  2.737060770133814E-006  2.725607610169452E-006  2.712414156776206E-006  2.676938294946662E-006  2.649791372179519E-006  2.604474193347672E-006
   6900.00096666875       3.030354982827889E-006  3.008761622595568E-006  2.985770125183734E-006  2.961162769496139E-006  2.934735309802456E-006  2.906115239846545E-006  2.874683627986981E-006  2.857550211010797E-006  2.839101400340442E-006  2.818859259145673E-006  2.805545215710756E-006  2.796026513014038E-006  2.780522815763395E-006  2.769134802325412E-006  2.749855917895314E-006  2.734942268985711E-006  2.726615915679038E-006  2.717532336513723E-006  2.707489598438692E-006  2.696189233596277E-006  2.683167257540263E-006  2.648132597023003E-006  2.621308416222486E-006  2.576514863844412E-006
   6940.00097227262       2.995305472297763E-006  2.974125747562423E-006  2.951484493302052E-006  2.927359917344501E-006  2.901425380810755E-006  2.873316761244658E-006  2.842472543105844E-006  2.825646668423466E-006  2.807524246046884E-006  2.787637806759279E-006  2.774545017201519E-006  2.765186246810077E-006  2.749933487965854E-006  2.738727601932977E-006  2.719743697238042E-006  2.705051074611600E-006  2.696847843410823E-006  2.687893442882282E-006  2.677990659783593E-006  2.666843269947837E-006  2.653993093361382E-006  2.619396557904926E-006  2.592890539417294E-006  2.548611308889715E-006
   6980.00097787650       2.963029810727311E-006  2.942105211947575E-006  2.919865729941624E-006  2.896055956871085E-006  2.870480830716613E-006  2.842850209364265E-006  2.812476783496852E-006  2.795909447345702E-006  2.778052590690064E-006  2.758457471763624E-006  2.745555037522952E-006  2.736328905225924E-006  2.721287982470159E-006  2.710238985037987E-006  2.691512645706377E-006  2.677016606955671E-006  2.668920587757166E-006  2.660084973218579E-006  2.650312052205000E-006  2.639310235815267E-006  2.626626118490769E-006  2.592471256026062E-006  2.566298832938894E-006  2.522571733440013E-006
   7020.00098348038       2.928181243592840E-006  2.907723638530293E-006  2.885908802061311E-006  2.862608712812610E-006  2.837603227081964E-006  2.810527640360234E-006  2.780802190462102E-006  2.764569029596199E-006  2.747063145435228E-006  2.727847149933087E-006  2.715180750965452E-006  2.706119867699865E-006  2.691341119297753E-006  2.680479894795109E-006  2.662061993385468E-006  2.647794030153453E-006  2.639821911353269E-006  2.631117582811215E-006  2.621485654079833E-006  2.610638374560126E-006  2.598126173475726E-006  2.564406468046947E-006  2.538548449208950E-006  2.495327706380758E-006
   7060.00098908425       2.897101443376299E-006  2.876886429999358E-006  2.855319480798102E-006  2.832346550827291E-006  2.807671363344028E-006  2.781020365957497E-006  2.751707740166538E-006  2.735701483300729E-006  2.718440320210980E-006  2.699474713927908E-006  2.686978760999772E-006  2.678039377665094E-006  2.663454303368584E-006  2.652730937013959E-006  2.634548800162093E-006  2.620462153752916E-006  2.612591223044587E-006  2.603996009415368E-006  2.594483910699552E-006  2.583770681377641E-006  2.571411294253000E-006  2.538096442125443E-006  2.512542253597288E-006  2.469822741920838E-006
   7100.00099468813       2.865576245958045E-006  2.845602283783828E-006  2.824422976801433E-006  2.801767788624530E-006  2.777462815129694E-006  2.751197056729619E-006  2.722348544058806E-006  2.706583920963009E-006  2.689582329748532E-006  2.670894255830660E-006  2.658578211621849E-006  2.649769213224955E-006  2.635389182954385E-006  2.624814155766690E-006  2.606878256770004E-006  2.592979971252396E-006  2.585211791275835E-006  2.576727701836735E-006  2.567337686922359E-006  2.556759427601466E-006  2.544553385572648E-006  2.511639434064361E-006  2.486384068563756E-006  2.444157809413538E-006
   7140.00100029201       2.834375166984709E-006  2.814748836888968E-006  2.793854148560154E-006  2.771566048632288E-006  2.747737040115495E-006  2.721940827793938E-006  2.693588879008169E-006  2.678083264066359E-006  2.661362038434382E-006  2.642968738705577E-006  2.630839388941393E-006  2.622161956699809E-006  2.607995424832953E-006  2.597572837953511E-006  2.579891571121279E-006  2.566184283835099E-006  2.558520748810860E-006  2.550149259290550E-006  2.540882612250902E-006  2.530440714933136E-006  2.518389112494559E-006  2.485879958953699E-006  2.460926031744998E-006  2.419192892755477E-006
   7180.00100589589       2.803224025559504E-006  2.783906557106758E-006  2.763459111538690E-006  2.741572797686068E-006  2.718082701286368E-006  2.692726201167152E-006  2.664840821121437E-006  2.649598032131270E-006  2.633141804267483E-006  2.615032469331013E-006  2.603089558819962E-006  2.594534810947351E-006  2.580573641602635E-006  2.570299066938380E-006  2.552865958873007E-006  2.539344307925515E-006  2.531783084088941E-006  2.523521655047317E-006  2.514374229933227E-006  2.504063981471308E-006  2.492160650124805E-006  2.460034679970922E-006  2.435362844265667E-006  2.394089254385121E-006
   7220.00101149976       2.771236183173699E-006  2.752266674684707E-006  2.732234017889228E-006  2.710859263081202E-006  2.687917617443959E-006  2.663090618601064E-006  2.635803200713172E-006  2.620859976870354E-006  2.604716970107194E-006  2.586943085546540E-006  2.575212521622167E-006  2.566808894496465E-006  2.553081760022440E-006  2.542975602628107E-006  2.525816459482277E-006  2.512499411934088E-006  2.505047842259828E-006  2.496904202914200E-006  2.487882675663959E-006  2.477711582486199E-006  2.465963562387553E-006  2.434233460710724E-006  2.409848891111221E-006  2.369040172681559E-006
   7260.00101710364       2.741382175456580E-006  2.722750715791023E-006  2.702947867999332E-006  2.681870360360867E-006  2.659236136663005E-006  2.634817001544676E-006  2.607941648942782E-006  2.593224046610193E-006  2.577342836645480E-006  2.559838277601484E-006  2.548278037144241E-006  2.539993773198525E-006  2.526464197461839E-006  2.516501696405144E-006  2.499579833693023E-006  2.486440829971996E-006  2.479087881941558E-006  2.471050200656405E-006  2.462144400524946E-006  2.452100708017891E-006  2.440496942130880E-006  2.409141367673896E-006  2.385034700199292E-006  2.344683817715738E-006
   7300.00102270752       2.713733176108587E-006  2.695388144292454E-006  2.675882510028071E-006  2.655038015123599E-006  2.632720361410847E-006  2.608617919720607E-006  2.582102910391499E-006  2.567583426370314E-006  2.551888034185692E-006  2.534598457542678E-006  2.523184630317136E-006  2.515005460990503E-006  2.501641663082567E-006  2.491799822985992E-006  2.475083405338042E-006  2.462104119942241E-006  2.454840885776874E-006  2.446900887515008E-006  2.438103566396934E-006  2.428182668891258E-006  2.416720404295484E-006  2.385747655816104E-006  2.361934515909352E-006  2.322070076397055E-006
   7340.00102831139       2.683598029479421E-006  2.665532087177814E-006  2.646378406441559E-006  2.625998226096914E-006  2.604128782270324E-006  2.580487652712336E-006  2.554472099150871E-006  2.540216064374283E-006  2.524812363442161E-006  2.507820367191514E-006  2.496586799357742E-006  2.488538522200293E-006  2.475386242559200E-006  2.465694553672105E-006  2.449226126242814E-006  2.436431226342403E-006  2.429268298327788E-006  2.421435518520581E-006  2.412754001599685E-006  2.402959162342134E-006  2.391638634553314E-006  2.361028179963192E-006  2.337479286228682E-006  2.298044275826455E-006
   7380.00103391527       2.656056758777826E-006  2.638280638467035E-006  2.619450850924758E-006  2.599328268082933E-006  2.577801672551844E-006  2.554523116485890E-006  2.528859644156437E-006  2.514798446246013E-006  2.499602350044796E-006  2.482829963117057E-006  2.471744684114412E-006  2.463798246491450E-006  2.450806664585114E-006  2.441231941666133E-006  2.424961919088299E-006  2.412318214954661E-006  2.405239558411342E-006  2.397499061491054E-006  2.388918692052187E-006  2.379237837452779E-006  2.368047542087388E-006  2.337784963647632E-006  2.314500510846324E-006  2.275505926792048E-006
   7420.00103951915       2.624458595505779E-006  2.607350056101942E-006  2.589161446585584E-006  2.569753498201325E-006  2.548953803308043E-006  2.526402992041921E-006  2.501492286645277E-006  2.487785660787666E-006  2.472945420920465E-006  2.456535808899234E-006  2.445673410626737E-006  2.437880426185624E-006  2.425129876410509E-006  2.415722867077413E-006  2.399724331365963E-006  2.387279051003178E-006  2.380307472862239E-006  2.372679710766978E-006  2.364220353403798E-006  2.354670571730923E-006  2.343626206223440E-006  2.313730328423811E-006  2.290708808906462E-006  2.252134320999691E-006
   7460.00104512302       2.540550824080553E-006  2.528236410034127E-006  2.515004575508874E-006  2.500683454045979E-006  2.484975715181159E-006  2.467521576319758E-006  2.447610710533180E-006  2.436371710999429E-006  2.423979884695463E-006  2.410015089618629E-006  2.400630963598489E-006  2.393834668153542E-006  2.382606432243601E-006  2.374238969112443E-006  2.359854546739439E-006  2.348540066243145E-006  2.342156399948863E-006  2.335137240696295E-006  2.327312700681732E-006  2.318432990451516E-006  2.308107296611649E-006  2.279908939384190E-006  2.258006612409584E-006  2.221050547497421E-006
   7500.00105072690       2.501425308493312E-006  2.489831812445270E-006  2.477393157750030E-006  2.463904470346576E-006  2.449140783294478E-006  2.432689646572789E-006  2.413846087452857E-006  2.403194465137570E-006  2.391410074964694E-006  2.378103632494432E-006  2.369147269234004E-006  2.362646085808266E-006  2.351890939400574E-006  2.343858499590284E-006  2.330019859050594E-006  2.319104996522268E-006  2.312936379579474E-006  2.306144779167168E-006  2.298564372845684E-006  2.289950236148419E-006  2.279920532286272E-006  2.252484927148125E-006  2.231161498509626E-006  2.195209722276041E-006
   7540.00105633078       2.538937462821149E-006  2.523172041178016E-006  2.506359509429573E-006  2.488471581380519E-006  2.469199889835229E-006  2.448226998531929E-006  2.424915825736279E-006  2.412042269532684E-006  2.398038303318400E-006  2.382498431065844E-006  2.372183566599094E-006  2.364768034337300E-006  2.352617434251631E-006  2.343635191930377E-006  2.328333715339184E-006  2.316407804677609E-006  2.309718978866416E-006  2.302393612866923E-006  2.294262913042919E-006  2.285075440730323E-006  2.274439556552429E-006  2.245603684030932E-006  2.223366248214761E-006  2.186072270222723E-006
   7580.00106193465       2.519307204437860E-006  2.502953592316744E-006  2.485629360013154E-006  2.467176540485351E-006  2.447428772777151E-006  2.426050220819781E-006  2.402443255728849E-006  2.389482063115426E-006  2.375418643724833E-006  2.359866366651515E-006  2.349568767489699E-006  2.342175032389013E-006  2.330072483961329E-006  2.321139279731646E-006  2.305933352077308E-006  2.294094545247377E-006  2.287457530443101E-006  2.280192523049099E-006  2.272130920857877E-006  2.263024226851646E-006  2.252484660940513E-006  2.223921130595894E-006  2.201901312744264E-006  2.164983717401387E-006
   7620.00106753853       2.494200875366074E-006  2.477977551092607E-006  2.460813198018922E-006  2.442574481242811E-006  2.423051762518781E-006  2.401919439940175E-006  2.378607522244196E-006  2.365794376149064E-006  2.351908616091320E-006  2.336556579903590E-006  2.326390120168329E-006  2.319090126716717E-006  2.307144491889980E-006  2.298322914069369E-006  2.283305701314870E-006  2.271612097824164E-006  2.265055800873080E-006  2.257877747257086E-006  2.249911244275870E-006  2.240910911005442E-006  2.230492308116368E-006  2.202247657904220E-006  2.180467266850517E-006  2.143944515239519E-006
   7660.00107314241       2.468926196737942E-006  2.452942958322980E-006  2.436013220328950E-006  2.418001073082290E-006  2.398757303147066E-006  2.377949167388629E-006  2.354976666792597E-006  2.342351434716749E-006  2.328666458500941E-006  2.313530884075760E-006  2.303501181024691E-006  2.296300239243713E-006  2.284513682622209E-006  2.275807150863761E-006  2.260984750998698E-006  2.249437492257607E-006  2.242961155588745E-006  2.235870267057441E-006  2.227999220021078E-006  2.219104653164225E-006  2.208806702595263E-006  2.180879761412575E-006  2.159337640963462E-006  2.123208549562225E-006
   7700.00107874628       2.442990481256472E-006  2.427265573943649E-006  2.410646924983093E-006  2.392970420863511E-006  2.374061375108186E-006  2.353606783871275E-006  2.331032279920601E-006  2.318620864252319E-006  2.305160176098994E-006  2.290260641452854E-006  2.280384863987167E-006  2.273293864357436E-006  2.261680010842667E-006  2.253100552980823E-006  2.238486036452252E-006  2.227095893746517E-006  2.220705683948778E-006  2.213707211448046E-006  2.205936575097997E-006  2.197152936984033E-006  2.186979950600905E-006  2.159377150819023E-006  2.138075632862363E-006  2.102342358849547E-006
   7740.00108435016       2.418747085510490E-006  2.403246488532070E-006  2.386868727244292E-006  2.369448786670761E-006  2.350828136610643E-006  2.330704883430303E-006  2.308477888843819E-006  2.296260608989123E-006  2.282988643360396E-006  2.268295462449717E-006  2.258552251932245E-006  2.251553886434908E-006  2.240088285324545E-006  2.231615944777430E-006  2.217179253436635E-006  2.205923891986259E-006  2.199608482403943E-006  2.192690565624536E-006  2.185008215784902E-006  2.176322885647088E-006  2.166262271529152E-006  2.138956614894893E-006  2.117878554895064E-006  2.082512606365607E-006
   7780.00108995404       2.392259687954546E-006  2.377074739448541E-006  2.361006272059938E-006  2.343937493793892E-006  2.325697694159439E-006  2.305961898209961E-006  2.284169392003260E-006  2.272175305128115E-006  2.259153327986237E-006  2.244724127860725E-006  2.235150193173136E-006  2.228270599064779E-006  2.216994052451382E-006  2.208658964681182E-006  2.194450795462383E-006  2.183364894927395E-006  2.177140841748476E-006  2.170321143962185E-006  2.162744713329838E-006  2.154175154087825E-006  2.144243658061270E-006  2.117266936429805E-006  2.096429461820885E-006  2.061462739401270E-006
   7820.00109555791       2.370442297844620E-006  2.355392911599503E-006  2.339534505978938E-006  2.322661398406546E-006  2.304630634621294E-006  2.285120418755804E-006  2.263543876217095E-006  2.251673471340020E-006  2.238775783921931E-006  2.224487242668901E-006  2.215004504831105E-006  2.208193992990936E-006  2.197024059907508E-006  2.188768577032130E-006  2.174692472628504E-006  2.163711368529258E-006  2.157547047357886E-006  2.150792353324843E-006  2.143288866995378E-006  2.134802560087165E-006  2.124968068894921E-006  2.098258421759566E-006  2.077627783379555E-006  2.043000617418752E-006
   7860.00110116179       2.347301493566013E-006  2.332469354217677E-006  2.316776379351561E-006  2.300118106527319E-006  2.282308620293119E-006  2.263042337542382E-006  2.241741988205675E-006  2.230014486050420E-006  2.217275741953872E-006  2.203160729840042E-006  2.193792891416132E-006  2.187059928153543E-006  2.176024640574843E-006  2.167864691120394E-006  2.153953225645805E-006  2.143098530374254E-006  2.137004043894176E-006  2.130325451761206E-006  2.122905355874712E-006  2.114512035920686E-006  2.104783974063406E-006  2.078356945370742E-006  2.057940322840927E-006  2.023669169804918E-006
   7900.00110676567       2.324003087906444E-006  2.309347172991532E-006  2.293948335534141E-006  2.277531951766908E-006  2.259985602051140E-006  2.241000235108673E-006  2.220012868991166E-006  2.208454261464155E-006  2.195892797670173E-006  2.181966702660609E-006  2.172725232069546E-006  2.166083922879200E-006  2.155190154481533E-006  2.147135507352295E-006  2.133397896664005E-006  2.122675418881422E-006  2.116653473562069E-006  2.110053752508118E-006  2.102719338267105E-006  2.094421613377058E-006  2.084802205612946E-006  2.058660816451435E-006  2.038458437433668E-006  2.004540729227791E-006
   7940.00111236954       2.300965294308946E-006  2.286597424094460E-006  2.271347990605157E-006  2.255190378251503E-006  2.237923747565095E-006  2.219227122053992E-006  2.198547262338237E-006  2.187153901572620E-006  2.174772112752030E-006  2.161042742082429E-006  2.151925549938826E-006  2.145371494169900E-006  2.134620238961037E-006  2.126668734573556E-006  2.113103010443547E-006  2.102510650289693E-006  2.096560561916351E-006  2.090038017401765E-006  2.082788564071392E-006  2.074584744300259E-006  2.065072273289742E-006  2.039211806196886E-006  2.019219904165842E-006  1.985649439013782E-006
   7980.00111797342       2.278357078349389E-006  2.264151619507371E-006  2.249147755643166E-006  2.233243075063403E-006  2.216228077372118E-006  2.197818721166488E-006  2.177446650076165E-006  2.166225375277004E-006  2.154014319031903E-006  2.140473908689153E-006  2.131478898055546E-006  2.125011803666033E-006  2.114400388878708E-006  2.106549360913160E-006  2.093152311199541E-006  2.082688691482631E-006  2.076809086282028E-006  2.070362821033680E-006  2.063196581520890E-006  2.055085574571377E-006  2.045678757828306E-006  2.020096715443719E-006  2.000314035066439E-006  1.967089244614878E-006
   8020.00112357730       2.255518601062135E-006  2.241517947488163E-006  2.226781216199120E-006  2.211148963392497E-006  2.194418028333826E-006  2.176309112533490E-006  2.156266759276250E-006  2.145216473008717E-006  2.133187534658032E-006  2.119840629715859E-006  2.110974099450989E-006  2.104594920752943E-006  2.094127691133917E-006  2.086381662323377E-006  2.073156502757607E-006  2.062822162429893E-006  2.057013538410457E-006  2.050643481887031E-006  2.043560450055528E-006  2.035541162852930E-006  2.026237780098846E-006  2.000924882634290E-006  1.981341950908023E-006  1.948444567195942E-006
   8060.00112918117       2.233387207030483E-006  2.219626360587888E-006  2.205130196164347E-006  2.189724217207179E-006  2.173266785969314E-006  2.155444212142976E-006  2.135713424960951E-006  2.124825024234482E-006  2.112972065645050E-006  2.099809697977917E-006  2.091061683588249E-006  2.084767726325101E-006  2.074435995517518E-006  2.066788737592109E-006  2.053727888413963E-006  2.043517763592401E-006  2.037777734677871E-006  2.031481838933803E-006  2.024479419782269E-006  2.016549927398122E-006  2.007348747996512E-006  1.982304780609053E-006  1.962923892187066E-006  1.930360139750678E-006
   8100.00113478505       2.212264272275567E-006  2.198736418175416E-006  2.184436157993804E-006  2.169270440571359E-006  2.153045522990578E-006  2.135472700975544E-006  2.116009439977511E-006  2.105255850982240E-006  2.093553848689869E-006  2.080552965172049E-006  2.071909934049064E-006  2.065690009334526E-006  2.055478263272623E-006  2.047917451269260E-006  2.035003382175336E-006  2.024906649633864E-006  2.019229918143271E-006  2.013002237847303E-006  2.006075601584232E-006  1.998230991490676E-006  1.989127609578416E-006  1.964346473559248E-006  1.945166636119872E-006  1.912939053850555E-006
   8140.00114038893       2.186540137423433E-006  2.173366845332098E-006  2.159446541448493E-006  2.144713573791546E-006  2.128937653611529E-006  2.111864373615161E-006  2.092901512082317E-006  2.082423884406137E-006  2.070999760160457E-006  2.058294195728824E-006  2.049837582171921E-006  2.043745921714264E-006  2.033739688346514E-006  2.026323674688868E-006  2.013641777492338E-006  2.003713224416876E-006  1.998125685055575E-006  1.991991801121368E-006  1.985164112276834E-006  1.977425714358368E-006  1.968438418203033E-006  1.943943571193570E-006  1.924969888568544E-006  1.893087168551861E-006
   8180.00114599281       2.167552531003110E-006  2.154518270139447E-006  2.140790221786146E-006  2.126234240503142E-006  2.110672010867846E-006  2.093793423353169E-006  2.075069337234069E-006  2.064710103021522E-006  2.053418021567495E-006  2.040859101953022E-006  2.032499919500631E-006  2.026477901516938E-006  2.016586321211032E-006  2.009254814790426E-006  1.996719322273066E-006  1.986906384687752E-006  1.981384124470864E-006  1.975322456197769E-006  1.968575514008096E-006  1.960929114115397E-006  1.952048805566115E-006  1.927844267927708E-006  1.909088769491776E-006  1.877548305889470E-006
   8220.00115159668       2.149340952332229E-006  2.136379358980366E-006  2.122684542039914E-006  2.108176475561279E-006  2.092648847157942E-006  2.075816634714104E-006  2.057155475617323E-006  2.046835325749889E-006  2.035588179454033E-006  2.023086877778780E-006  2.014769361315831E-006  2.008780261211018E-006  1.998941608688080E-006  1.991652151527566E-006  1.979191558029307E-006  1.969440563907584E-006  1.963954142102036E-006  1.957932911831480E-006  1.951232324813952E-006  1.943639825322943E-006  1.934823757933448E-006  1.910802751543560E-006  1.892196570897512E-006  1.860919282058030E-006
   8260.00115720056       2.128908613954966E-006  2.116099488974686E-006  2.102618128964028E-006  2.088292158382502E-006  2.072970359487492E-006  2.056374890449143E-006  2.037964760984414E-006  2.027785760290004E-006  2.016685555847519E-006  2.004345214769526E-006  1.996129977729688E-006  1.990216203402150E-006  1.980498739969018E-006  1.973298877387018E-006  1.960987074396532E-006  1.951348746701488E-006  1.945925130702227E-006  1.939971681101014E-006  1.933345128484701E-006  1.925835100087281E-006  1.917113079093599E-006  1.893339780473855E-006  1.874920047814899E-006  1.843951172849857E-006
   8300.00116280444       2.108882340574161E-006  2.096251338771323E-006  2.082921792534689E-006  2.068827156557683E-006  2.053726362694313E-006  2.037361350115312E-006  2.019198332273742E-006  2.009149310610898E-006  1.998197597808967E-006  1.986012023631822E-006  1.977899852123429E-006  1.972056842839783E-006  1.962456464694650E-006  1.955340597637969E-006  1.943169822228046E-006  1.933640011094096E-006  1.928275991321035E-006  1.922387245404541E-006  1.915831460949560E-006  1.908400039557821E-006  1.899767885430535E-006  1.876232973707920E-006  1.857993070629511E-006  1.827321920396339E-006
   8340.00116840831       2.087852206318258E-006  2.075460037727286E-006  2.062405633139968E-006  2.048558085477498E-006  2.033752821527824E-006  2.017684087974410E-006  1.999829502499026E-006  1.989950564547104E-006  1.979175792713700E-006  1.967178691917791E-006  1.959187849950828E-006  1.953430026562632E-006  1.943966032735716E-006  1.936948396782719E-006  1.924939406341405E-006  1.915530080650795E-006  1.910231656457737E-006  1.904412851128118E-006  1.897933283916750E-006  1.890585704680201E-006  1.882047927726019E-006  1.858756997064108E-006  1.840697990757857E-006  1.810324276363271E-006
   8380.00117401219       2.068536918908802E-006  2.056338583110955E-006  2.043461658468755E-006  2.029786248188048E-006  2.015175406502444E-006  1.999330629398868E-006  1.981713411066705E-006  1.971959764803114E-006  1.961317176539382E-006  1.949464587132392E-006  1.941571787769474E-006  1.935882290602820E-006  1.926527335633154E-006  1.919589085384203E-006  1.907712936645189E-006  1.898405651029702E-006  1.893163721203718E-006  1.887406260085839E-006  1.880993878516063E-006  1.873721566316450E-006  1.865269815450330E-006  1.842207059030332E-006  1.824320425843369E-006  1.794231370781174E-006
   8420.00117961607       2.049923301268952E-006  2.037842787895736E-006  2.025107635027226E-006  2.011612403717961E-006  1.997174733328731E-006  1.981521553208730E-006  1.964117312573437E-006  1.954468437771432E-006  1.943944743573165E-006  1.932228558174669E-006  1.924420389481466E-006  1.918792915049988E-006  1.909540639784859E-006  1.902677528540759E-006  1.890928621919576E-006  1.881720230856983E-006  1.876533636899824E-006  1.870836930310485E-006  1.864491503710185E-006  1.857294679991385E-006  1.848930198974202E-006  1.826103613050321E-006  1.808398986261548E-006  1.778615493526546E-006
   8460.00118521994       2.031216128990340E-006  2.019292967336305E-006  2.006743118197734E-006  1.993415104647032E-006  1.979149044207353E-006  1.963689525600179E-006  1.946500143429205E-006  1.936971798769580E-006  1.926573996257944E-006  1.914996809942631E-006  1.907278707186863E-006  1.901715575734278E-006  1.892567472651163E-006  1.885780833998012E-006  1.874161627273544E-006  1.865052609443857E-006  1.859921132909243E-006  1.854284337689190E-006  1.848004968903545E-006  1.840882304732084E-006  1.832602828414813E-006  1.810003807306919E-006  1.792472710726902E-006  1.762978514939888E-006
   8500.00119082382       2.012540270082438E-006  2.000790377327764E-006  1.988399124798958E-006  1.975265762680265E-006  1.961213063313644E-006  1.945954793498932E-006  1.928989301038023E-006  1.919588271314284E-006  1.909321022804391E-006  1.897884653174054E-006  1.890258691519759E-006  1.884760744804607E-006  1.875719953697731E-006  1.869011310509847E-006  1.857521720207665E-006  1.848511901490325E-006  1.843435598591892E-006  1.837858395330293E-006  1.831644760847785E-006  1.824595230998315E-006  1.816399571855860E-006  1.794023204759794E-006  1.776660715256940E-006  1.747445856346565E-006
   8540.00119642770       1.993847130124618E-006  1.982271316350852E-006  1.970063284382516E-006  1.957130941686314E-006  1.943284670360173E-006  1.928262482593131E-006  1.911536646616206E-006  1.902255142600746E-006  1.892125315230209E-006  1.880834661868293E-006  1.873304501579791E-006  1.867875525699127E-006  1.858943555728344E-006  1.852314869473721E-006  1.840958424706414E-006  1.832050518089468E-006  1.827029975468056E-006  1.821513547548205E-006  1.815366010614143E-006  1.808390463360670E-006  1.800279097212741E-006  1.778126082175239E-006  1.760932516049432E-006  1.731998448112398E-006
   8580.00120203157       1.975586121157750E-006  1.964189164544555E-006  1.952182285512105E-006  1.939411206915738E-006  1.925769219271990E-006  1.910971841423666E-006  1.894473082399054E-006  1.885315965246064E-006  1.875312535047742E-006  1.864160714625710E-006  1.856721555137056E-006  1.851356474340811E-006  1.842527615458311E-006  1.835973545691006E-006  1.824742324013350E-006  1.815929414730373E-006  1.810961616506092E-006  1.805501887366250E-006  1.799417089742827E-006  1.792511560801567E-006  1.784480118734557E-006  1.762539806480114E-006  1.745507932508723E-006  1.716843185354006E-006
   8620.00120763545       1.956688295258064E-006  1.945527291746515E-006  1.933777019760520E-006  1.921310811480555E-006  1.907954810526567E-006  1.893419740898459E-006  1.877217951864836E-006  1.868221957436955E-006  1.858379871330696E-006  1.847397342587147E-006  1.840066447393671E-006  1.834778175826012E-006  1.826070833036047E-006  1.819604271035679E-006  1.808517103090571E-006  1.799812252363819E-006  1.794903822613650E-006  1.789507745186549E-006  1.783492293113755E-006  1.776663183983987E-006  1.768718574188326E-006  1.747005795288429E-006  1.730144138833416E-006  1.701759475906404E-006
   8660.00121323933       1.933536070506803E-006  1.922756196997082E-006  1.911404133606092E-006  1.899367889742998E-006  1.886477229630924E-006  1.872437863852026E-006  1.856747213701651E-006  1.848015914026642E-006  1.838455708715954E-006  1.827772575738065E-006  1.820632844749406E-006  1.815476889816479E-006  1.806981169806354E-006  1.800664618792807E-006  1.789820034198121E-006  1.781292454599354E-006  1.776479134189488E-006  1.771183469315139E-006  1.765274997811376E-006  1.758561740462720E-006  1.750745236458953E-006  1.729357956184437E-006  1.712739752865289E-006  1.684776177624192E-006
   8700.00121884320       1.920867278292654E-006  1.910126080704309E-006  1.898811823169717E-006  1.886801492442416E-006  1.873903872976768E-006  1.859853548992041E-006  1.844141068847396E-006  1.835400743387026E-006  1.825828017737207E-006  1.815136868603932E-006  1.807993706059927E-006  1.802836079831220E-006  1.794342053899714E-006  1.788029020122626E-006  1.777198018723412E-006  1.768687864626430E-006  1.763886844415423E-006  1.758607218235327E-006  1.752719492138698E-006  1.746033078785748E-006  1.738251359077599E-006  1.716971407795785E-006  1.700437475350997E-006  1.672595907943164E-006
   8740.00122444708       1.889661174089740E-006  1.880217971564339E-006  1.870207422777450E-006  1.859496089611834E-006  1.847893424143615E-006  1.835111326125941E-006  1.820654164164255E-006  1.812538481959283E-006  1.803599080297750E-006  1.793552796820503E-006  1.786809006234766E-006  1.781925747433505E-006  1.773854122344496E-006  1.767835226728973E-006  1.757468782572781E-006  1.749291375165995E-006  1.744666513758078E-006  1.739572037497834E-006  1.733880599125525E-006  1.727405783758877E-006  1.719857144476003E-006  1.699159147385500E-006  1.683038684431478E-006  1.655843230792214E-006
   8780.00123005096       1.872794388361897E-006  1.863465958156841E-006  1.853577482975435E-006  1.842994483167743E-006  1.831532813335019E-006  1.818906548893003E-006  1.804621176561203E-006  1.796597500064748E-006  1.787761783290403E-006  1.777828520191207E-006  1.771160542031032E-006  1.766330338179193E-006  1.758346218519739E-006  1.752391170540989E-006  1.742133337437412E-006  1.734039894871327E-006  1.729461700850960E-006  1.724417904058538E-006  1.718782625539847E-006  1.712370686078407E-006  1.704894402585144E-006  1.684390811363174E-006  1.668419623384776E-006  1.641475937251884E-006
   8820.00123565483       1.870213700911802E-006  1.859825578882044E-006  1.848852920535815E-006  1.837218621594992E-006  1.824742463527466E-006  1.811163207795840E-006  1.795979099035479E-006  1.787528064391316E-006  1.778276529545540E-006  1.767937769965831E-006  1.761028464275826E-006  1.756039782862167E-006  1.747820415959653E-006  1.741709102002173E-006  1.731218058499431E-006  1.722969710464242E-006  1.718313738055894E-006  1.713191720603740E-006  1.707477438528704E-006  1.700985145648819E-006  1.693426122361407E-006  1.672740439231780E-006  1.656659284439249E-006  1.629573196651742E-006
   8860.00124125871       1.854061403512767E-006  1.843739777008112E-006  1.832890200585133E-006  1.821368330347797E-006  1.809013443065379E-006  1.795565047605585E-006  1.780539969192816E-006  1.772180188587281E-006  1.763024725902399E-006  1.752797087644729E-006  1.745960722730560E-006  1.741024388242709E-006  1.732887772798910E-006  1.726838722645617E-006  1.716452140878088E-006  1.708283943059585E-006  1.703672726135549E-006  1.698599336597866E-006  1.692938565604031E-006  1.686506174377702E-006  1.679015936924053E-006  1.658514660590668E-006  1.642574345859999E-006  1.615724224905906E-006
   8900.00124686259       1.837796405754754E-006  1.827612363241970E-006  1.816864123383835E-006  1.805488406494584E-006  1.793288252713299E-006  1.780005878202679E-006  1.765167043322352E-006  1.756906405425672E-006  1.747861326869520E-006  1.737753517115311E-006  1.730996013522121E-006  1.726115404737832E-006  1.718071780122200E-006  1.712089378037256E-006  1.701816190538494E-006  1.693735113313749E-006  1.689172274634893E-006  1.684151580181682E-006  1.678548903966981E-006  1.672181666960680E-006  1.664766178411430E-006  1.644464711302549E-006  1.628676418185314E-006  1.602078169702175E-006
   8940.00125246647       1.822040871096981E-006  1.811963418360092E-006  1.801353968188440E-006  1.790107497704268E-006  1.778050443776744E-006  1.764922559990206E-006  1.750244647253143E-006  1.742075797753074E-006  1.733129916402617E-006  1.723127036966019E-006  1.716439654573749E-006  1.711609394896046E-006  1.703647938401143E-006  1.697725960605469E-006  1.687555387789681E-006  1.679554012660661E-006  1.675035630343815E-006  1.670063475076481E-006  1.664514516620851E-006  1.658207778596695E-006  1.650862072565480E-006  1.630748866770343E-006  1.615105392257258E-006  1.588749992855530E-006
   8980.00125807034       1.805324616472109E-006  1.795421749246689E-006  1.784983389900850E-006  1.773924856388543E-006  1.762069674043317E-006  1.749152958783357E-006  1.734705481647784E-006  1.726655894205612E-006  1.717836829593478E-006  1.707971720965418E-006  1.701373595069869E-006  1.696605585234159E-006  1.688744678632643E-006  1.682896233839901E-006  1.672845648857566E-006  1.664934207767105E-006  1.660465009375152E-006  1.655545842933461E-006  1.650054229018489E-006  1.643811005948820E-006  1.636537155680517E-006  1.616611872181756E-006  1.601108785214184E-006  1.574984470792243E-006
   9020.00126367422       1.790077288508737E-006  1.780280051441673E-006  1.769954249880635E-006  1.759019822156181E-006  1.747290118010344E-006  1.734508740043014E-006  1.720206607247177E-006  1.712240680876946E-006  1.703510164498539E-006  1.693745622179650E-006  1.687214277285055E-006  1.682496286149010E-006  1.674714972874727E-006  1.668924586711400E-006  1.658974149620104E-006  1.651141456022843E-006  1.646716342118526E-006  1.641845380135547E-006  1.636407468256517E-006  1.630225062084853E-006  1.623021656991586E-006  1.603288238203898E-006  1.587934043945533E-006  1.562061298842242E-006
   9060.00126927809       1.775120603324236E-006  1.765436222112644E-006  1.755217332568940E-006  1.744406755870507E-006  1.732793225605449E-006  1.720149745484978E-006  1.705999492731632E-006  1.698112383264525E-006  1.689472382473301E-006  1.679803120590850E-006  1.673334602963442E-006  1.668661740700055E-006  1.660954295987517E-006  1.655218157378507E-006  1.645360000649689E-006  1.637598945740715E-006  1.633213870763051E-006  1.628386869680311E-006  1.622997734304687E-006  1.616870258322118E-006  1.609730487824016E-006  1.590169007900264E-006  1.574947278120459E-006  1.549296905261663E-006
   9100.00127488197       1.759019054241662E-006  1.749490054841911E-006  1.739461024493695E-006  1.728816232375678E-006  1.717398741510169E-006  1.704956753888684E-006  1.691025967634674E-006  1.683253497355724E-006  1.674732360284136E-006  1.665193918726971E-006  1.658810967667945E-006  1.654197502717311E-006  1.646585920847375E-006  1.640919210161406E-006  1.631175068345126E-006  1.623499280439243E-006  1.619161024233277E-006  1.614383878286533E-006  1.609049160874807E-006  1.602981763378899E-006  1.595909764327538E-006  1.576525463706680E-006  1.561435658324717E-006  1.536000922813319E-006
   9140.00128048585       1.743890760882015E-006  1.734484949246798E-006  1.724589562532838E-006  1.714097834761320E-006  1.702840005649134E-006  1.690564959240801E-006  1.676805638124064E-006  1.669129041984650E-006  1.660711826143179E-006  1.651284860000980E-006  1.644975689893676E-006  1.640414434302376E-006  1.632886780798264E-006  1.627281323192010E-006  1.617641012164096E-006  1.610044877267961E-006  1.605750832564620E-006  1.601022014057248E-006  1.595740343259782E-006  1.589732482801068E-006  1.582729063768243E-006  1.563528729280806E-006  1.548579730436815E-006  1.523380178571718E-006
   9180.00128608973       1.729446983386114E-006  1.720135660490812E-006  1.710360174908646E-006  1.699977993345070E-006  1.688851562561261E-006  1.676706328599765E-006  1.663092089296604E-006  1.655494576724740E-006  1.647163076574849E-006  1.637830892159025E-006  1.631583923930473E-006  1.627068983313468E-006  1.619615633720239E-006  1.614065647078937E-006  1.604518971626757E-006  1.596995668204233E-006  1.592742810828625E-006  1.588058942386830E-006  1.582827365111232E-006  1.576876255635080E-006  1.569938595547996E-006  1.550917236152133E-006  1.536106855308981E-006  1.511140687712736E-006
   9220.00129169360       1.714859046196800E-006  1.705686476788253E-006  1.696026412879168E-006  1.685775974658432E-006  1.674788710650113E-006  1.662788526151788E-006  1.649327603696796E-006  1.641813738311988E-006  1.633574858463486E-006  1.624344260220269E-006  1.618164159722697E-006  1.613696246460850E-006  1.606320392802647E-006  1.600827190488259E-006  1.591377000732104E-006  1.583928446445855E-006  1.579716984483796E-006  1.575078560470998E-006  1.569897045937767E-006  1.564002208329287E-006  1.557129419688265E-006  1.538282872780673E-006  1.523606563468074E-006  1.498864450114977E-006
   9260.00129729748       1.700074757010925E-006  1.691007691320378E-006  1.681485961215388E-006  1.671374461888054E-006  1.660530449816971E-006  1.648682401405122E-006  1.635387533115527E-006  1.627965419611128E-006  1.619821329290045E-006  1.610694871643906E-006  1.604582421186145E-006  1.600163158728920E-006  1.592865996766900E-006  1.587429827330423E-006  1.578075072065973E-006  1.570699293839077E-006  1.566528346843509E-006  1.561933379480048E-006  1.556799819661659E-006  1.550958580649204E-006  1.544146997387550E-006  1.525463656088580E-006  1.510912120542660E-006  1.486379991156076E-006
   9300.00130290136       1.685868058527547E-006  1.676968259780459E-006  1.667569612474454E-006  1.657600326676913E-006  1.646900765262614E-006  1.635206863787599E-006  1.622070418865969E-006  1.614737033454942E-006  1.606689558244263E-006  1.597667004364360E-006  1.591621935926293E-006  1.587250831265154E-006  1.580032007136945E-006  1.574653134901588E-006  1.565395491675443E-006  1.558094398159525E-006  1.553964992363017E-006  1.549415686950876E-006  1.544332462711769E-006  1.538547935293372E-006  1.531801815411203E-006  1.513295022502813E-006  1.498878589497721E-006  1.474570508544634E-006
   9340.00130850523       1.671065064880714E-006  1.662312157270872E-006  1.653120682842000E-006  1.643349976318403E-006  1.632845693765833E-006  1.621352648169097E-006  1.608427050452399E-006  1.601202600905955E-006  1.593265399014601E-006  1.584361728355797E-006  1.578394409530445E-006  1.574077167252390E-006  1.566944626087189E-006  1.561628043224906E-006  1.552472399606711E-006  1.545248405226192E-006  1.541161464666026E-006  1.536657731197552E-006  1.531624401039786E-006  1.525895358594741E-006  1.519212349062120E-006  1.500872562032140E-006  1.486582215939343E-006  1.462482781178117E-006
   9380.00131410911       1.649414976912079E-006  1.641186080333922E-006  1.632508001214676E-006  1.623270614618943E-006  1.613323408543629E-006  1.602406936732863E-006  1.590081510092646E-006  1.583166398249006E-006  1.575551328735582E-006  1.566988089072349E-006  1.561236501264040E-006  1.557068460237404E-006  1.550169806794887E-006  1.545017297596891E-006  1.536124263536847E-006  1.529089730676911E-006  1.525103156666019E-006  1.520705391485021E-006  1.515784269776595E-006  1.510176493117914E-006  1.503627783141481E-006  1.485631956828072E-006  1.471601272013220E-006  1.447947200168285E-006
   9420.00131971299       1.641292498437128E-006  1.632971678554455E-006  1.624199958168420E-006  1.614876709974978E-006  1.604827314979257E-006  1.593800684019214E-006  1.581367703689706E-006  1.574398430859563E-006  1.566729432618235E-006  1.558109616568523E-006  1.552325362197261E-006  1.548136071698761E-006  1.541208808491598E-006  1.536038653816989E-006  1.527124510237898E-006  1.520081625701859E-006  1.516093559576964E-006  1.511696287870420E-006  1.506778587182431E-006  1.501177552279037E-006  1.494639423762804E-006  1.476677734739172E-006  1.462667828384902E-006  1.439023139338790E-006
   9460.00132531686       1.629920394048210E-006  1.621487339042899E-006  1.612599541139131E-006  1.603159742581905E-006  1.593008429717000E-006  1.581897947022296E-006  1.569396292556335E-006  1.562399139303761E-006  1.554713414861485E-006  1.546086163326254E-006  1.540301447482004E-006  1.536115203707804E-006  1.529195691051240E-006  1.524035320346342E-006  1.515144373823182E-006  1.508124491747732E-006  1.504151247626363E-006  1.499771573281373E-006  1.494875048921929E-006  1.489299748156168E-006  1.482793965384708E-006  1.464931069963017E-006  1.451006501465273E-006  1.427518770992457E-006
   9500.00133092074       1.616428258647557E-006  1.608073151778270E-006  1.599277336479532E-006  1.589939387904598E-006  1.579893908899466E-006  1.568903937973079E-006  1.556537201353049E-006  1.549618948755402E-006  1.542014979083119E-006  1.533479209282553E-006  1.527756122848429E-006  1.523613123378275E-006  1.516765980141087E-006  1.511658464742088E-006  1.502857010494168E-006  1.495905944005591E-006  1.491971016718101E-006  1.487633028409688E-006  1.482782445847334E-006  1.477258915152031E-006  1.470812553781027E-006  1.453109767746299E-006  1.439308580023897E-006  1.416029394132603E-006
   9540.00133652462       1.602760448873677E-006  1.594525983957588E-006  1.585849456895812E-006  1.576637132713378E-006  1.566731533080355E-006  1.555886244939028E-006  1.543679286288800E-006  1.536846692685770E-006  1.529336633179292E-006  1.520902378586370E-006  1.515245613571100E-006  1.511150238288855E-006  1.504378342809739E-006  1.499325939612692E-006  1.490615299855855E-006  1.483733386858673E-006  1.479836561121571E-006  1.475539698426445E-006  1.470734092444293E-006  1.465260501458333E-006  1.458871095960834E-006  1.441318602293218E-006  1.427630434607620E-006  1.404537241698668E-006
   9580.00134212849       1.590240955433417E-006  1.582093672307614E-006  1.573500384362089E-006  1.564376037231290E-006  1.554560859925583E-006  1.543810968666485E-006  1.531715521333586E-006  1.524945710350405E-006  1.517500658505042E-006  1.509144387560104E-006  1.503537293380232E-006  1.499478758248222E-006  1.492767208219815E-006  1.487759280019671E-006  1.479125925410440E-006  1.472304940899391E-006  1.468442541835118E-006  1.464183624166445E-006  1.459420550744633E-006  1.453995362685640E-006  1.447662468056740E-006  1.430265228923441E-006  1.416698077689296E-006  1.393808535040435E-006
   9620.00134773237       1.576887408893935E-006  1.568848612204866E-006  1.560386082306640E-006  1.551386238644480E-006  1.541711720662443E-006  1.531116525675054E-006  1.519177755355628E-006  1.512494425895884E-006  1.505144622972050E-006  1.496886219152486E-006  1.491345207246136E-006  1.487333033419497E-006  1.480696675500865E-006  1.475743569757764E-006  1.467201711237213E-006  1.460450681685703E-006  1.456626879089260E-006  1.452409694392581E-006  1.447692448218131E-006  1.442318314873167E-006  1.436043836747195E-006  1.418802060885426E-006  1.405352925117745E-006  1.382659480769608E-006
   9660.00135333625       1.564480356508159E-006  1.556519822765735E-006  1.548138129109670E-006  1.539226934246229E-006  1.529639528773203E-006  1.519143062304429E-006  1.507317431090999E-006  1.500691578256565E-006  1.493406502521965E-006  1.485224146485485E-006  1.479732344930697E-006  1.475755099060565E-006  1.469177464384129E-006  1.464267441858395E-006  1.455799511937976E-006  1.449106128668571E-006  1.445314853606742E-006  1.441133326245262E-006  1.436455646179866E-006  1.431126540065425E-006  1.424904252284772E-006  1.407804884973567E-006  1.394466260985730E-006  1.371958929487702E-006
   9700.00135894012       1.551855254949538E-006  1.543994153031110E-006  1.535709405159178E-006  1.526907434630209E-006  1.517436826724907E-006  1.507057063771592E-006  1.495363666036097E-006  1.488815279434982E-006  1.481610571441162E-006  1.473512737719371E-006  1.468078279932533E-006  1.464142020945692E-006  1.457630099585737E-006  1.452768525435112E-006  1.444382849920389E-006  1.437752883658228E-006  1.433997040751614E-006  1.429854193168524E-006  1.425219304356218E-006  1.419938374568571E-006  1.413771746364996E-006  1.396822815370195E-006  1.383600166364693E-006  1.361287684933933E-006
   9740.00136454400       1.538388191669106E-006  1.530666484788626E-006  1.522532793478422E-006  1.513882170866179E-006  1.504570041779546E-006  1.494356257789610E-006  1.482839734850908E-006  1.476384761940010E-006  1.469279665190917E-006  1.461291675274233E-006  1.455927223405623E-006  1.452039246680618E-006  1.445606743031070E-006  1.440801640815758E-006  1.432508331151636E-006  1.425947523773799E-006  1.422229123675071E-006  1.418126547032879E-006  1.413535303115531E-006  1.408302501521195E-006  1.402190282063735E-006  1.385383292097221E-006  1.372266520643949E-006  1.350128162647434E-006
   9780.00137014788       1.526453202497509E-006  1.518808531768849E-006  1.510748940247856E-006  1.502178734022912E-006  1.492957969543122E-006  1.482849814030078E-006  1.471442904714414E-006  1.465045425870052E-006  1.458004551237437E-006  1.450088622539097E-006  1.444772399659429E-006  1.440920228463143E-006  1.434545085410736E-006  1.429783211460065E-006  1.421563759250672E-006  1.415060804882837E-006  1.411375118298936E-006  1.407308461480756E-006  1.402757322672239E-006  1.397569984309785E-006  1.391510624583205E-006  1.374848191159787E-006  1.361843750271280E-006  1.339894229321563E-006
   9820.00137575175       1.514226916047036E-006  1.506677768899160E-006  1.498733579613784E-006  1.490275925631655E-006  1.481170331112781E-006  1.471174994823672E-006  1.459898931115840E-006  1.453574604965126E-006  1.446612957451005E-006  1.438784222083883E-006  1.433525425178095E-006  1.429713567742812E-006  1.423405276116927E-006  1.418692214356563E-006  1.410555907078080E-006  1.404117528613270E-006  1.400467878846054E-006  1.396440655962562E-006  1.391933071707635E-006  1.386794954934989E-006  1.380792435422652E-006  1.364283809444299E-006  1.351397813633772E-006  1.329646516854929E-006
   9860.00138135563       1.502184487457693E-006  1.494720027551742E-006  1.486851182400580E-006  1.478486477442062E-006  1.469469656497105E-006  1.459577171578722E-006  1.448416081445533E-006  1.442152042417291E-006  1.435256584797340E-006  1.427499770943916E-006  1.422287871908386E-006  1.418509987301494E-006  1.412256297298260E-006  1.407583349934722E-006  1.399513734413990E-006  1.393126418970711E-006  1.389505239360972E-006  1.385508727408622E-006  1.381035152202294E-006  1.375935095403253E-006  1.369976319334326E-006  1.353585681953844E-006  1.340791335283967E-006  1.319197641056365E-006
   9900.00138695951       1.490681883851734E-006  1.483301061527177E-006  1.475522766215811E-006  1.467242414898674E-006  1.458325990959296E-006  1.448541383199735E-006  1.437489706403162E-006  1.431289611129001E-006  1.424461018522094E-006  1.416778899404503E-006  1.411617159441932E-006  1.407874302316730E-006  1.401679755566035E-006  1.397050520407841E-006  1.389056073212590E-006  1.382727765920263E-006  1.379139885357294E-006  1.375180148165443E-006  1.370747492923729E-006  1.365693985061944E-006  1.359789429694433E-006  1.343546680353149E-006  1.330866178359499E-006  1.309460568366170E-006
   9940.00139256338       1.478651328091874E-006  1.471369214771375E-006  1.463677835565692E-006  1.455505628383230E-006  1.446698794198984E-006  1.437029483480642E-006  1.426106275707998E-006  1.419974173036908E-006  1.413221923576089E-006  1.405623067433935E-006  1.400515407460795E-006  1.396811604375918E-006  1.390679358111751E-006  1.386095905728358E-006  1.378177287937412E-006  1.371907235532173E-006  1.368351491339880E-006  1.364426666190068E-006  1.360032360435021E-006  1.355021693830338E-006  1.349166130475589E-006  1.333054224958936E-006  1.320473259252658E-006  1.299233137758511E-006
   9980.00139816726       1.467072945340873E-006  1.459880682034836E-006  1.452285475742131E-006  1.444209168419312E-006  1.435502809911125E-006  1.425938175272403E-006  1.415133537256634E-006  1.409066936123939E-006  1.402381878890235E-006  1.394859816612699E-006  1.389802188252441E-006  1.386134792679641E-006  1.380061754371909E-006  1.375521593898799E-006  1.367676699093399E-006  1.361463819019771E-006  1.357940087622104E-006  1.354050228225262E-006  1.349694687406081E-006  1.344727845706840E-006  1.338923025470876E-006  1.322948837506851E-006  1.310474433407017E-006  1.289413761595563E-006
   10020.0014037711       1.455561820627331E-006  1.448449688552725E-006  1.440954412220918E-006  1.432968597745504E-006  1.424365015689650E-006  1.414908970988394E-006  1.404220471171927E-006  1.398217746724886E-006  1.391603143942277E-006  1.384156719327228E-006  1.379149676306915E-006  1.375518109124011E-006  1.369503395729645E-006  1.365006220755647E-006  1.357233965515920E-006  1.351077271996042E-006  1.347584930976293E-006  1.343729172027150E-006  1.339411377598477E-006  1.334486984850089E-006  1.328731242018585E-006  1.312889561818950E-006  1.300517142036374E-006  1.279627323228026E-006
   20000.0028019384       3.707080255943226E-007  3.696637566566261E-007  3.685285241334381E-007  3.672784050151931E-007  3.658778470160338E-007  3.642719363041128E-007  3.623678103692941E-007  3.612547986032683E-007  3.599900714237307E-007  3.585173542473797E-007  3.574971357853110E-007  3.567420862919645E-007  3.554641055347838E-007  3.544868996258051E-007  3.527572998725171E-007  3.513541423298535E-007  3.505467972272442E-007  3.496469889808705E-007  3.486300579606410E-007  3.474599456086422E-007  3.460808565953307E-007  3.422419458922044E-007  3.392198169469431E-007  3.341131039390499E-007
   40000.0056038768       9.262503287645488E-008  9.241457177524267E-008  9.218104766937035E-008  9.191823835192912E-008  9.161703876991659E-008  9.126334840234882E-008  9.083359475471203E-008  9.057782556320436E-008  9.028369908984012E-008  8.993723295483613E-008  8.969514106113343E-008  8.951505699293969E-008  8.920876018881389E-008  8.897350661435361E-008  8.855542951088698E-008  8.821510530197882E-008  8.801897135034563E-008  8.780019355032278E-008  8.755280824885998E-008  8.726813158659792E-008  8.693279844479525E-008  8.600253857626055E-008  8.527580521435870E-008  8.406138094577525E-008
   60000.0084058152       4.090836883573564E-008  4.081834986810227E-008  4.071805036795509E-008  4.060472815207206E-008  4.047437332994982E-008  4.032078158669122E-008  4.013358557385612E-008  4.002195109458399E-008  3.989342302358989E-008  3.974187735360856E-008  3.963592986106679E-008  3.955710704690354E-008  3.942305057062072E-008  3.932012424205763E-008  3.913737002746622E-008  3.898883109737184E-008  3.890334590382031E-008  3.880811097902482E-008  3.870058938976350E-008  3.857709337382476E-008  3.843195376941711E-008  3.803107242303449E-008  3.771916166181290E-008  3.719764604836125E-008
   80000.0112077536       2.286230493119346E-008  2.281240426417057E-008  2.275674962256113E-008  2.269381099371266E-008  2.262135300085310E-008  2.253592122724874E-008  2.243175484577012E-008  2.236963359262232E-008  2.229812890813278E-008  2.221386654494180E-008  2.215500333703459E-008  2.211124128701857E-008  2.203688557754285E-008  2.197986588644848E-008  2.187878794504894E-008  2.179679759046145E-008  2.174967793412063E-008  2.169723883360362E-008  2.163809866982674E-008  2.157024630175826E-008  2.149058360541832E-008  2.127074419399529E-008  2.109943721301843E-008  2.081060050250605E-008
   100000.014009692       1.454532651922552E-008  1.451367032007459E-008  1.447835495985370E-008  1.443841106054304E-008  1.439242443052442E-008  1.433821392837349E-008  1.427215133849662E-008  1.423278305652614E-008  1.418750361619060E-008  1.413420323976833E-008  1.409701064758407E-008  1.406938317487736E-008  1.402248853942596E-008  1.398656706015138E-008  1.392296899679954E-008  1.387144590414511E-008  1.384185702410726E-008  1.380894185152505E-008  1.377183296329774E-008  1.372926483658107E-008  1.367928191035447E-008  1.354112563498959E-008  1.343291094501914E-008  1.324796921682527E-008
   120000.016811630       1.004727294016864E-008  1.002543865724119E-008  1.000108296173274E-008  9.973541076254549E-009  9.941844706128173E-009  9.904503139673594E-009  9.859041636230363E-009  9.831977258468760E-009  9.800876795660508E-009  9.764306319627259E-009  9.738812576866139E-009  9.719887877173148E-009  9.687787854017571E-009  9.663216049674718E-009  9.619740123571786E-009  9.584535164911159E-009  9.564319902679574E-009  9.541830854945146E-009  9.516470862144013E-009  9.487366066544177E-009  9.453160601430606E-009  9.358290705999174E-009  9.283394352009961E-009  9.153212929136543E-009
   140000.019613569       7.346459160868520E-009  7.330517367796305E-009  7.312740032885482E-009  7.292645604171681E-009  7.269533531840118E-009  7.242326606452313E-009  7.209238433211413E-009  7.189559198800289E-009  7.166962424022329E-009  7.140413202115796E-009  7.121917767097469E-009  7.108193665242147E-009  7.084923480939671E-009  7.067115876759942E-009  7.035612248658203E-009  7.010098173933911E-009  6.995442680363865E-009  6.979131957101079E-009  6.960727177712089E-009  6.939583799381527E-009  6.914696860370961E-009  6.845337745578100E-009  6.790041601232765E-009  6.692069234393788E-009
   160000.022415507       5.600406823740333E-009  5.588276929288448E-009  5.574755910376960E-009  5.559480379565758E-009  5.541922057444893E-009  5.521269053097746E-009  5.496175194787418E-009  5.481262179742725E-009  5.464147656374865E-009  5.444050229499720E-009  5.430054498409915E-009  5.419671086574301E-009  5.402066887624397E-009  5.388594824778476E-009  5.364754890155711E-009  5.345435282534515E-009  5.334330228629292E-009  5.321962156100484E-009  5.307992391306722E-009  5.291921420199153E-009  5.272966273874044E-009  5.219825302388933E-009  5.176982782284569E-009  5.099480736415373E-009
