MH = 0.0  Teff = 9000 K  logg = 4.4  L/H = 1.25  Vturb = 2.0 km/s                         
          24 angles   1.00000000000000       0.900000000000000       0.800000000000000       0.700000000000000       0.600000000000000       0.500000000000000       0.400000000000000       0.350000000000000       0.300000000000000       0.250000000000000       0.220000000000000       0.200000000000000       0.170000000000000       0.150000000000000       0.120000000000000       0.100000000000000       9.000000000000000E-002  8.000000000000000E-002  7.000000000000001E-002  6.000000000000000E-002  5.000000000000000E-002  3.000000000000000E-002  2.000000000000000E-002  1.000000000000000E-002
   9.09000142606891       1.633037329984051E-111  5.688920945145792E-112  1.774118595159004E-112  4.835747463185758E-113  1.117246317517125E-113  2.105688549237954E-114  3.117639841135939E-115  1.103587666469560E-115  3.902078508909266E-116  1.579501721207536E-116  1.055079103913908E-116  8.605969023150123E-117  6.830016849173685E-117  6.020034451289582E-117  4.989191586766677E-117  4.291550457909758E-117  3.912806557321566E-117  3.502781033114878E-117  3.052706355049808E-117  2.554075520262448E-117  2.000863944614259E-117  7.732265900763481E-118  2.399096722120880E-118  7.332898233407348E-120
   9.35000169137598       8.085490442074907E-109  2.932905116999043E-109  9.588778647928860E-110  2.766288947489022E-110  6.855150670556808E-111  1.409942369923273E-111  2.310434632288025E-112  8.529451944512870E-113  3.021726978249355E-113  1.109974219452167E-113  6.618666492950895E-114  4.967884326127337E-114  3.539229138102100E-114  2.960092847839554E-114  2.328370635219637E-114  1.955233760831552E-114  1.763421437744285E-114  1.561158164931607E-114  1.343834006271795E-114  1.107630116443922E-114  8.507599207704156E-115  3.048645866731486E-115  8.619114908425771E-116  1.994968383159604E-117
   9.61000100300860       3.003331432959503E-106  1.133504259713809E-106  3.882799734724044E-107  1.184850770712776E-107  3.145440568015268E-108  7.040945530360665E-109  1.274234598266492E-109  4.935385954868769E-110  1.798710083369600E-110  6.379496096749455E-111  3.521271806965345E-111  2.450973971582957E-111  1.536177166555296E-111  1.188031637901234E-111  8.545511802956924E-112  6.882146044996063E-112  6.099520437905814E-112  5.311909540659979E-112  4.497220445481365E-112  3.639395681836663E-112  2.733172287708441E-112  9.037034908003366E-113  2.319986031509335E-113  4.032081538052778E-115
   9.77000182651065       9.998005363707358E-105  3.865697081788673E-105  1.362441247140599E-105  4.302140019678668E-106  1.190532826376252E-106  2.802688581102179E-107  5.381034774986516E-108  2.148693762446763E-108  8.026451403684673E-109  2.850411339497357E-109  1.533748807855203E-109  1.032758687460780E-109  6.022520454236903E-110  4.407877829583441E-110  2.941520749702249E-110  2.278435349822689E-110  1.986642416426782E-110  1.704583734989888E-110  1.422836516694015E-110  1.134797632034020E-110  8.382326224244934E-111  2.625785194832246E-111  6.335562206396739E-112  9.179565876592612E-114
   9.96000143351230       5.677600880585729E-103  2.258510017884657E-103  8.230866938404509E-104  2.705015021727144E-104  7.854331131913792E-105  1.958738876117702E-105  4.023159690822910E-106  1.665227694467042E-106  6.427897937974464E-107  2.319889050310284E-107  1.233590023283273E-107  8.111822618684720E-108  4.431743985525490E-108  3.052393726145610E-108  1.844056953001052E-108  1.345220796334081E-108  1.142316775163692E-108  9.566186349863231E-109  7.805210229684616E-109  6.087056168517929E-109  4.389590109576850E-109  1.280894532444190E-109  2.862596600036593E-110  3.327397744876747E-112
   10.2000012382537       7.652222053027075E-101  3.154903408429426E-101  1.199108717506096E-101  4.142007625533057E-102  1.276023959894779E-102  3.413053945595471E-103  7.607402375630014E-104  3.292505519973310E-104  1.328418245040670E-104  4.961214922622998E-105  2.651164858711642E-105  1.726115913170670E-105  9.007992674965299E-106  5.867036219762483E-106  3.151924285077902E-106  2.104332878180546E-106  1.710540200791214E-106  1.373241487598825E-106  1.075760850905020E-106  8.060916274628739E-107  5.578145188689104E-107  1.459128323705160E-107  2.928878719036271E-108  2.530225644837256E-110
   10.3800015686470       2.665560367117543E-099  1.128508403673990E-099  4.424075420689895E-100  1.584722008764038E-100  5.094696800438433E-101  1.432359774419216E-101  3.383370175622958E-102  1.512230035068169E-102  6.308357440758062E-103  2.429508915483360E-103  1.314736501877521E-103  8.583723769759228E-104  4.430477794003492E-104  2.821495365493113E-104  1.423011729484374E-104  8.940526458736957E-105  7.022463522807259E-105  5.439155611597101E-105  4.106857441239351E-105  2.963588901840011E-105  1.971682205899890E-105  4.671730804120427E-106  8.579852855694814E-107  5.871293794122973E-109
   10.5600018990402       8.351034252830832E-098  3.629526550145493E-098  1.466848172923109E-098  5.443645283966988E-099  1.823545792053766E-099  5.377266563600040E-100  1.342568387318822E-100  6.189728335576995E-101  2.668331054228362E-101  1.061689534432385E-101  5.842290116415985E-102  3.844961640785588E-102  1.989781769355522E-102  1.256251574702820E-102  6.102510553760893E-103  3.663247846242661E-103  2.794600759441080E-103  2.094069483209222E-103  1.524273493145686E-103  1.056841755119910E-103  6.729775737671020E-104  1.424912236326599E-104  2.373793480502456E-105  1.271297401685271E-107
   10.7700019666076       4.073053548139273E-096  1.824600378223492E-096  7.635384468145065E-097  2.949621335745141E-097  1.034781438287826E-097  3.218010769633485E-098  8.546443105488793E-099  4.079527779474447E-099  1.825553748773162E-099  7.550474750876120E-100  4.248177926814635E-100  2.832582064201966E-100  1.486045968850859E-100  9.399734690856128E-101  4.489647626318006E-101  2.612608962331711E-101  1.947399229028017E-101  1.417659757208830E-101  9.964221649289176E-102  6.627233817089880E-102  4.017464374333007E-102  7.413195152986692E-103  1.092652943119742E-103  4.323309715040711E-106
   11.0400015085230       5.015862666942861E-094  2.333549616067747E-094  1.019527124186233E-094  4.136736141064963E-095  1.534703362927708E-095  5.088026409573802E-096  1.455416828997925E-096  7.244542667285958E-097  3.392606327007920E-097  1.472951596206966E-097  8.536865632742116E-098  5.802527881994922E-098  3.123552870663137E-098  2.001086756884320E-098  9.607770753784684E-099  5.520745142070658E-099  4.059746079535980E-099  2.897747818375982E-099  1.982253498982510E-099  1.271591174302603E-099  7.349250307901554E-100  1.160482316354476E-100  1.465932201753550E-101  3.906733293718025E-104
   11.4000012156351       2.243117539273760E-091  1.095450134475980E-091  5.054614450917347E-092  2.180873143036412E-092  8.671527396081604E-093  3.110900563293811E-093  9.750501730343694E-094  5.110688971817600E-094  2.531857297218220E-094  1.168490942539273E-094  7.039177221040697E-095  4.911471931043304E-095  2.747730185506104E-095  1.802289282590985E-095  8.888765857649525E-096  5.141788249916763E-096  3.772409542922672E-096  2.672260185195525E-096  1.801464245534466E-096  1.128003117469289E-096  6.277037071606520E-097  8.471411372944506E-098  8.878549424649180E-099  1.396025804214676E-101
   11.7800013833129       9.945008933272879E-089  5.095466427862372E-089  2.479894973788448E-089  1.135396784981196E-089  4.824757443371710E-090  1.866389284135917E-090  6.382033864128775E-091  3.513340503184556E-091  1.836102597700817E-091  8.982844217538925E-092  5.617080344502120E-092  4.020873436186355E-092  2.338137915334718E-092  1.572300244540622E-092  8.011808567099812E-093  4.704083968309095E-093  3.464203878988726E-093  2.453910056257752E-093  1.645496197210026E-093  1.016922602679435E-093  5.518007863304175E-094  6.535861886956587E-095  5.722927010834504E-096  5.182188225439118E-099
   12.1300018138166       2.025816128727754E-086  1.081617225178992E-086  5.508361338487289E-087  2.651650806889717E-087  1.191619876712060E-087  4.910640201232245E-088  1.805900358246170E-088  1.035576661333204E-088  5.657384817719989E-089  2.904486743549312E-089  1.872822239713107E-089  1.369049007554879E-089  8.216103891284089E-090  5.638133769274532E-090  2.950814902683335E-090  1.754417726090846E-090  1.296345485037769E-090  9.185944004613209E-091  6.134840928216593E-091  3.751027184609570E-091  1.992426376390459E-091  2.101348201533576E-092  1.558055940690511E-093  8.354571534087988E-097
   12.4800012906458       3.162954931378287E-084  1.754893144073039E-084  9.320899879204824E-085  4.699592183284459E-085  2.223579604260595E-085  9.711192968219552E-086  3.816649906306663E-086  2.271286632249145E-086  1.291537562236085E-086  6.923340021681073E-087  4.587103994209480E-087  3.415320143270575E-087  2.106049626733193E-087  1.470116970712410E-087  7.862565703773370E-088  4.717322294638781E-088  3.491277438372116E-088  2.470407660852452E-088  1.640219862181892E-088  9.903067859487630E-089  5.138042120807828E-089  4.792000906709300E-090  2.983625852371653E-091  9.224501447378742E-095
   12.7100018187788       7.663218272722195E-083  4.353392928374592E-083  2.372598920482816E-083  1.230613719299950E-083  6.008463705102706E-084  2.718443349726170E-084  1.112213705866478E-084  6.768119465899946E-085  3.941981595886337E-085  2.167841856897880E-085  1.459276229982238E-085  1.098055688116769E-085  6.875997171566386E-086  4.845121197614617E-086  2.620733697505404E-086  1.578450284952702E-086  1.168158511645899E-086  8.248618547123723E-087  5.449005621985706E-087  3.258535907434190E-087  1.662351257298979E-087  1.424414930722170E-088  7.876710959025318E-090  1.678131318072081E-093
   12.8400019514324       4.447846521064610E-082  2.559247598611107E-082  1.414321318801708E-082  7.448581780974140E-083  3.698813812730411E-083  1.705517180613479E-083  7.129648400898384E-084  4.390508037416121E-084  2.589932258420306E-084  1.443613835153211E-084  9.798353872387445E-085  7.413354303627196E-085  4.678775399561539E-085  3.312415068366589E-085  1.801387750103359E-085  1.086567364513331E-085  8.038168324750824E-086  5.667077280020521E-086  3.731473478381591E-086  2.218459163628004E-086  1.120510595762689E-086  9.142103703148539E-088  4.723206891973085E-089  8.134936993487068E-093
   13.0500020189997       7.136535448451890E-081  4.188627918398749E-081  2.365297773627906E-081  1.275536854895838E-081  6.502233606519063E-082  3.087353290265567E-082  1.334110632643790E-082  8.366938083161838E-083  5.032467224372626E-083  2.862892926020459E-083  1.967404156320795E-083  1.500662865270374E-083  9.580574187065161E-084  6.828588162094118E-084  3.740792024474028E-084  2.259395211209935E-084  1.669436631142084E-084  1.173311963104546E-084  7.680031715279920E-085  4.519844151830881E-085  2.244502623863094E-085  1.687756788030070E-086  7.794195292485728E-088  9.459771721796076E-092
   13.2400016260014       8.200520432682696E-080  4.896887441316236E-080  2.817583056536671E-080  1.550957763674153E-080  8.087621501554203E-081  3.938526979828339E-081  1.751108512994019E-081  1.115496816587826E-081  6.821130708775374E-082  3.947588983322172E-082  2.740874512976330E-082  2.104598225699859E-082  1.356090842428898E-082  9.716309471399378E-083  5.350173374724179E-083  3.231691656804800E-083  2.383741727835094E-083  1.669436441160670E-083  1.086051499889218E-083  6.327361923548368E-084  3.090785846945952E-084  2.150883032238902E-085  8.938653203096538E-087  7.816483527642120E-091
   13.3900022192206       5.401488007697712E-079  3.267916709298860E-079  1.907179367370903E-079  1.066242909705879E-079  5.656038805327461E-080  2.807362664572867E-080  1.275138201321581E-080  8.218122999439502E-081  5.087243295691520E-081  2.981486749295837E-081  2.085616484330818E-081  1.609124851315543E-081  1.043611454271013E-081  7.504170601778562E-082  4.145119213924723E-082  2.502280556806561E-082  1.842550995896687E-082  1.286342288071209E-082  8.324451522998556E-083  4.809218733292217E-083  2.317740367793331E-083  1.515229274268391E-084  5.786896759065410E-086  3.894585078135754E-090
   13.6600017611360       0.000000000000000E+000  0.000000000000000E+000  0.000000000000000E+000  0.000000000000000E+000  0.000000000000000E+000  0.000000000000000E+000  0.000000000000000E+000  0.000000000000000E+000  0.000000000000000E+000  0.000000000000000E+000  0.000000000000000E+000  0.000000000000000E+000  0.000000000000000E+000  0.000000000000000E+000  0.000000000000000E+000  0.000000000000000E+000  0.000000000000000E+000  0.000000000000000E+000  0.000000000000000E+000  0.000000000000000E+000  0.000000000000000E+000  0.000000000000000E+000  0.000000000000000E+000  0.000000000000000E+000
   13.9800015007912       0.000000000000000E+000  0.000000000000000E+000  0.000000000000000E+000  0.000000000000000E+000  0.000000000000000E+000  0.000000000000000E+000  0.000000000000000E+000  0.000000000000000E+000  0.000000000000000E+000  0.000000000000000E+000  0.000000000000000E+000  0.000000000000000E+000  0.000000000000000E+000  0.000000000000000E+000  0.000000000000000E+000  0.000000000000000E+000  0.000000000000000E+000  0.000000000000000E+000  0.000000000000000E+000  0.000000000000000E+000  0.000000000000000E+000  0.000000000000000E+000  0.000000000000000E+000  0.000000000000000E+000
   14.3300019312949       0.000000000000000E+000  0.000000000000000E+000  0.000000000000000E+000  0.000000000000000E+000  0.000000000000000E+000  0.000000000000000E+000  0.000000000000000E+000  0.000000000000000E+000  0.000000000000000E+000  0.000000000000000E+000  0.000000000000000E+000  0.000000000000000E+000  0.000000000000000E+000  0.000000000000000E+000  0.000000000000000E+000  0.000000000000000E+000  0.000000000000000E+000  0.000000000000000E+000  0.000000000000000E+000  0.000000000000000E+000  0.000000000000000E+000  0.000000000000000E+000  0.000000000000000E+000  0.000000000000000E+000
   14.7200023292555       0.000000000000000E+000  0.000000000000000E+000  0.000000000000000E+000  0.000000000000000E+000  0.000000000000000E+000  0.000000000000000E+000  0.000000000000000E+000  0.000000000000000E+000  0.000000000000000E+000  0.000000000000000E+000  0.000000000000000E+000  0.000000000000000E+000  0.000000000000000E+000  0.000000000000000E+000  0.000000000000000E+000  0.000000000000000E+000  0.000000000000000E+000  0.000000000000000E+000  0.000000000000000E+000  0.000000000000000E+000  0.000000000000000E+000  0.000000000000000E+000  0.000000000000000E+000  0.000000000000000E+000
   15.1000024969333       0.000000000000000E+000  0.000000000000000E+000  0.000000000000000E+000  0.000000000000000E+000  0.000000000000000E+000  0.000000000000000E+000  0.000000000000000E+000  0.000000000000000E+000  0.000000000000000E+000  0.000000000000000E+000  0.000000000000000E+000  0.000000000000000E+000  0.000000000000000E+000  0.000000000000000E+000  0.000000000000000E+000  0.000000000000000E+000  0.000000000000000E+000  0.000000000000000E+000  0.000000000000000E+000  0.000000000000000E+000  0.000000000000000E+000  0.000000000000000E+000  0.000000000000000E+000  0.000000000000000E+000
   15.5200026320679       0.000000000000000E+000  0.000000000000000E+000  0.000000000000000E+000  0.000000000000000E+000  0.000000000000000E+000  0.000000000000000E+000  0.000000000000000E+000  0.000000000000000E+000  0.000000000000000E+000  0.000000000000000E+000  0.000000000000000E+000  0.000000000000000E+000  0.000000000000000E+000  0.000000000000000E+000  0.000000000000000E+000  0.000000000000000E+000  0.000000000000000E+000  0.000000000000000E+000  0.000000000000000E+000  0.000000000000000E+000  0.000000000000000E+000  0.000000000000000E+000  0.000000000000000E+000  0.000000000000000E+000
   15.8800023391800       0.000000000000000E+000  0.000000000000000E+000  0.000000000000000E+000  0.000000000000000E+000  0.000000000000000E+000  0.000000000000000E+000  0.000000000000000E+000  0.000000000000000E+000  0.000000000000000E+000  0.000000000000000E+000  0.000000000000000E+000  0.000000000000000E+000  0.000000000000000E+000  0.000000000000000E+000  0.000000000000000E+000  0.000000000000000E+000  0.000000000000000E+000  0.000000000000000E+000  0.000000000000000E+000  0.000000000000000E+000  0.000000000000000E+000  0.000000000000000E+000  0.000000000000000E+000  0.000000000000000E+000
   16.2000030325097       0.000000000000000E+000  0.000000000000000E+000  0.000000000000000E+000  0.000000000000000E+000  0.000000000000000E+000  0.000000000000000E+000  0.000000000000000E+000  0.000000000000000E+000  0.000000000000000E+000  0.000000000000000E+000  0.000000000000000E+000  0.000000000000000E+000  0.000000000000000E+000  0.000000000000000E+000  0.000000000000000E+000  0.000000000000000E+000  0.000000000000000E+000  0.000000000000000E+000  0.000000000000000E+000  0.000000000000000E+000  0.000000000000000E+000  0.000000000000000E+000  0.000000000000000E+000  0.000000000000000E+000
   16.6000027070787       0.000000000000000E+000  0.000000000000000E+000  0.000000000000000E+000  0.000000000000000E+000  0.000000000000000E+000  0.000000000000000E+000  0.000000000000000E+000  0.000000000000000E+000  0.000000000000000E+000  0.000000000000000E+000  0.000000000000000E+000  0.000000000000000E+000  0.000000000000000E+000  0.000000000000000E+000  0.000000000000000E+000  0.000000000000000E+000  0.000000000000000E+000  0.000000000000000E+000  0.000000000000000E+000  0.000000000000000E+000  0.000000000000000E+000  0.000000000000000E+000  0.000000000000000E+000  0.000000000000000E+000
   17.0300030724962       0.000000000000000E+000  0.000000000000000E+000  0.000000000000000E+000  0.000000000000000E+000  0.000000000000000E+000  0.000000000000000E+000  0.000000000000000E+000  0.000000000000000E+000  0.000000000000000E+000  0.000000000000000E+000  0.000000000000000E+000  0.000000000000000E+000  0.000000000000000E+000  0.000000000000000E+000  0.000000000000000E+000  0.000000000000000E+000  0.000000000000000E+000  0.000000000000000E+000  0.000000000000000E+000  0.000000000000000E+000  0.000000000000000E+000  0.000000000000000E+000  0.000000000000000E+000  0.000000000000000E+000
   17.3400025818685       0.000000000000000E+000  0.000000000000000E+000  0.000000000000000E+000  0.000000000000000E+000  0.000000000000000E+000  0.000000000000000E+000  0.000000000000000E+000  0.000000000000000E+000  0.000000000000000E+000  0.000000000000000E+000  0.000000000000000E+000  0.000000000000000E+000  0.000000000000000E+000  0.000000000000000E+000  0.000000000000000E+000  0.000000000000000E+000  0.000000000000000E+000  0.000000000000000E+000  0.000000000000000E+000  0.000000000000000E+000  0.000000000000000E+000  0.000000000000000E+000  0.000000000000000E+000  0.000000000000000E+000
   17.6800027820894       0.000000000000000E+000  0.000000000000000E+000  0.000000000000000E+000  0.000000000000000E+000  0.000000000000000E+000  0.000000000000000E+000  0.000000000000000E+000  0.000000000000000E+000  0.000000000000000E+000  0.000000000000000E+000  0.000000000000000E+000  0.000000000000000E+000  0.000000000000000E+000  0.000000000000000E+000  0.000000000000000E+000  0.000000000000000E+000  0.000000000000000E+000  0.000000000000000E+000  0.000000000000000E+000  0.000000000000000E+000  0.000000000000000E+000  0.000000000000000E+000  0.000000000000000E+000  0.000000000000000E+000
   18.0200029823102       0.000000000000000E+000  0.000000000000000E+000  0.000000000000000E+000  0.000000000000000E+000  0.000000000000000E+000  0.000000000000000E+000  0.000000000000000E+000  0.000000000000000E+000  0.000000000000000E+000  0.000000000000000E+000  0.000000000000000E+000  0.000000000000000E+000  0.000000000000000E+000  0.000000000000000E+000  0.000000000000000E+000  0.000000000000000E+000  0.000000000000000E+000  0.000000000000000E+000  0.000000000000000E+000  0.000000000000000E+000  0.000000000000000E+000  0.000000000000000E+000  0.000000000000000E+000  0.000000000000000E+000
   18.1700026218550       0.000000000000000E+000  0.000000000000000E+000  0.000000000000000E+000  0.000000000000000E+000  0.000000000000000E+000  0.000000000000000E+000  0.000000000000000E+000  0.000000000000000E+000  0.000000000000000E+000  0.000000000000000E+000  0.000000000000000E+000  0.000000000000000E+000  0.000000000000000E+000  0.000000000000000E+000  0.000000000000000E+000  0.000000000000000E+000  0.000000000000000E+000  0.000000000000000E+000  0.000000000000000E+000  0.000000000000000E+000  0.000000000000000E+000  0.000000000000000E+000  0.000000000000000E+000  0.000000000000000E+000
   18.6100032175553       0.000000000000000E+000  0.000000000000000E+000  0.000000000000000E+000  0.000000000000000E+000  0.000000000000000E+000  0.000000000000000E+000  0.000000000000000E+000  0.000000000000000E+000  0.000000000000000E+000  0.000000000000000E+000  0.000000000000000E+000  0.000000000000000E+000  0.000000000000000E+000  0.000000000000000E+000  0.000000000000000E+000  0.000000000000000E+000  0.000000000000000E+000  0.000000000000000E+000  0.000000000000000E+000  0.000000000000000E+000  0.000000000000000E+000  0.000000000000000E+000  0.000000000000000E+000  0.000000000000000E+000
   19.1000030573210       0.000000000000000E+000  0.000000000000000E+000  0.000000000000000E+000  0.000000000000000E+000  0.000000000000000E+000  0.000000000000000E+000  0.000000000000000E+000  0.000000000000000E+000  0.000000000000000E+000  0.000000000000000E+000  0.000000000000000E+000  0.000000000000000E+000  0.000000000000000E+000  0.000000000000000E+000  0.000000000000000E+000  0.000000000000000E+000  0.000000000000000E+000  0.000000000000000E+000  0.000000000000000E+000  0.000000000000000E+000  0.000000000000000E+000  0.000000000000000E+000  0.000000000000000E+000  0.000000000000000E+000
   19.3900021061276       0.000000000000000E+000  0.000000000000000E+000  0.000000000000000E+000  0.000000000000000E+000  0.000000000000000E+000  0.000000000000000E+000  0.000000000000000E+000  0.000000000000000E+000  0.000000000000000E+000  0.000000000000000E+000  0.000000000000000E+000  0.000000000000000E+000  0.000000000000000E+000  0.000000000000000E+000  0.000000000000000E+000  0.000000000000000E+000  0.000000000000000E+000  0.000000000000000E+000  0.000000000000000E+000  0.000000000000000E+000  0.000000000000000E+000  0.000000000000000E+000  0.000000000000000E+000  0.000000000000000E+000
   19.8400029321108       0.000000000000000E+000  0.000000000000000E+000  0.000000000000000E+000  0.000000000000000E+000  0.000000000000000E+000  0.000000000000000E+000  0.000000000000000E+000  0.000000000000000E+000  0.000000000000000E+000  0.000000000000000E+000  0.000000000000000E+000  0.000000000000000E+000  0.000000000000000E+000  0.000000000000000E+000  0.000000000000000E+000  0.000000000000000E+000  0.000000000000000E+000  0.000000000000000E+000  0.000000000000000E+000  0.000000000000000E+000  0.000000000000000E+000  0.000000000000000E+000  0.000000000000000E+000  0.000000000000000E+000
   20.1800031323317       0.000000000000000E+000  0.000000000000000E+000  0.000000000000000E+000  0.000000000000000E+000  0.000000000000000E+000  0.000000000000000E+000  0.000000000000000E+000  0.000000000000000E+000  0.000000000000000E+000  0.000000000000000E+000  0.000000000000000E+000  0.000000000000000E+000  0.000000000000000E+000  0.000000000000000E+000  0.000000000000000E+000  0.000000000000000E+000  0.000000000000000E+000  0.000000000000000E+000  0.000000000000000E+000  0.000000000000000E+000  0.000000000000000E+000  0.000000000000000E+000  0.000000000000000E+000  0.000000000000000E+000
   20.5000028719869       0.000000000000000E+000  0.000000000000000E+000  0.000000000000000E+000  0.000000000000000E+000  0.000000000000000E+000  0.000000000000000E+000  0.000000000000000E+000  0.000000000000000E+000  0.000000000000000E+000  0.000000000000000E+000  0.000000000000000E+000  0.000000000000000E+000  0.000000000000000E+000  0.000000000000000E+000  0.000000000000000E+000  0.000000000000000E+000  0.000000000000000E+000  0.000000000000000E+000  0.000000000000000E+000  0.000000000000000E+000  0.000000000000000E+000  0.000000000000000E+000  0.000000000000000E+000  0.000000000000000E+000
   21.0500021861006       0.000000000000000E+000  0.000000000000000E+000  0.000000000000000E+000  0.000000000000000E+000  0.000000000000000E+000  0.000000000000000E+000  0.000000000000000E+000  0.000000000000000E+000  0.000000000000000E+000  0.000000000000000E+000  0.000000000000000E+000  0.000000000000000E+000  0.000000000000000E+000  0.000000000000000E+000  0.000000000000000E+000  0.000000000000000E+000  0.000000000000000E+000  0.000000000000000E+000  0.000000000000000E+000  0.000000000000000E+000  0.000000000000000E+000  0.000000000000000E+000  0.000000000000000E+000  0.000000000000000E+000
   21.6200038681289       0.000000000000000E+000  0.000000000000000E+000  0.000000000000000E+000  0.000000000000000E+000  0.000000000000000E+000  0.000000000000000E+000  0.000000000000000E+000  0.000000000000000E+000  0.000000000000000E+000  0.000000000000000E+000  0.000000000000000E+000  0.000000000000000E+000  0.000000000000000E+000  0.000000000000000E+000  0.000000000000000E+000  0.000000000000000E+000  0.000000000000000E+000  0.000000000000000E+000  0.000000000000000E+000  0.000000000000000E+000  0.000000000000000E+000  0.000000000000000E+000  0.000000000000000E+000  0.000000000000000E+000
   21.9800026215666       0.000000000000000E+000  0.000000000000000E+000  0.000000000000000E+000  0.000000000000000E+000  0.000000000000000E+000  0.000000000000000E+000  0.000000000000000E+000  0.000000000000000E+000  0.000000000000000E+000  0.000000000000000E+000  0.000000000000000E+000  0.000000000000000E+000  0.000000000000000E+000  0.000000000000000E+000  0.000000000000000E+000  0.000000000000000E+000  0.000000000000000E+000  0.000000000000000E+000  0.000000000000000E+000  0.000000000000000E+000  0.000000000000000E+000  0.000000000000000E+000  0.000000000000000E+000  0.000000000000000E+000
   22.3000023612218       0.000000000000000E+000  0.000000000000000E+000  0.000000000000000E+000  0.000000000000000E+000  0.000000000000000E+000  0.000000000000000E+000  0.000000000000000E+000  0.000000000000000E+000  0.000000000000000E+000  0.000000000000000E+000  0.000000000000000E+000  0.000000000000000E+000  0.000000000000000E+000  0.000000000000000E+000  0.000000000000000E+000  0.000000000000000E+000  0.000000000000000E+000  0.000000000000000E+000  0.000000000000000E+000  0.000000000000000E+000  0.000000000000000E+000  0.000000000000000E+000  0.000000000000000E+000  0.000000000000000E+000
   22.6800034825740       0.000000000000000E+000  0.000000000000000E+000  0.000000000000000E+000  0.000000000000000E+000  0.000000000000000E+000  0.000000000000000E+000  0.000000000000000E+000  0.000000000000000E+000  0.000000000000000E+000  0.000000000000000E+000  0.000000000000000E+000  0.000000000000000E+000  0.000000000000000E+000  0.000000000000000E+000  0.000000000000000E+000  0.000000000000000E+000  0.000000000000000E+000  0.000000000000000E+000  0.000000000000000E+000  0.000000000000000E+000  0.000000000000000E+000  0.000000000000000E+000  0.000000000000000E+000  0.000000000000000E+000
   23.0000032222292       0.000000000000000E+000  0.000000000000000E+000  0.000000000000000E+000  0.000000000000000E+000  0.000000000000000E+000  0.000000000000000E+000  0.000000000000000E+000  0.000000000000000E+000  0.000000000000000E+000  0.000000000000000E+000  0.000000000000000E+000  0.000000000000000E+000  0.000000000000000E+000  0.000000000000000E+000  0.000000000000000E+000  0.000000000000000E+000  0.000000000000000E+000  0.000000000000000E+000  0.000000000000000E+000  0.000000000000000E+000  0.000000000000000E+000  0.000000000000000E+000  0.000000000000000E+000  0.000000000000000E+000
   23.4000028967981       0.000000000000000E+000  0.000000000000000E+000  0.000000000000000E+000  0.000000000000000E+000  0.000000000000000E+000  0.000000000000000E+000  0.000000000000000E+000  0.000000000000000E+000  0.000000000000000E+000  0.000000000000000E+000  0.000000000000000E+000  0.000000000000000E+000  0.000000000000000E+000  0.000000000000000E+000  0.000000000000000E+000  0.000000000000000E+000  0.000000000000000E+000  0.000000000000000E+000  0.000000000000000E+000  0.000000000000000E+000  0.000000000000000E+000  0.000000000000000E+000  0.000000000000000E+000  0.000000000000000E+000
   24.0000033623261       0.000000000000000E+000  0.000000000000000E+000  0.000000000000000E+000  0.000000000000000E+000  0.000000000000000E+000  0.000000000000000E+000  0.000000000000000E+000  0.000000000000000E+000  0.000000000000000E+000  0.000000000000000E+000  0.000000000000000E+000  0.000000000000000E+000  0.000000000000000E+000  0.000000000000000E+000  0.000000000000000E+000  0.000000000000000E+000  0.000000000000000E+000  0.000000000000000E+000  0.000000000000000E+000  0.000000000000000E+000  0.000000000000000E+000  0.000000000000000E+000  0.000000000000000E+000  0.000000000000000E+000
   24.6500030719193       0.000000000000000E+000  0.000000000000000E+000  0.000000000000000E+000  0.000000000000000E+000  0.000000000000000E+000  0.000000000000000E+000  0.000000000000000E+000  0.000000000000000E+000  0.000000000000000E+000  0.000000000000000E+000  0.000000000000000E+000  0.000000000000000E+000  0.000000000000000E+000  0.000000000000000E+000  0.000000000000000E+000  0.000000000000000E+000  0.000000000000000E+000  0.000000000000000E+000  0.000000000000000E+000  0.000000000000000E+000  0.000000000000000E+000  0.000000000000000E+000  0.000000000000000E+000  0.000000000000000E+000
   25.2400033071644       0.000000000000000E+000  0.000000000000000E+000  0.000000000000000E+000  0.000000000000000E+000  0.000000000000000E+000  0.000000000000000E+000  0.000000000000000E+000  0.000000000000000E+000  0.000000000000000E+000  0.000000000000000E+000  0.000000000000000E+000  0.000000000000000E+000  0.000000000000000E+000  0.000000000000000E+000  0.000000000000000E+000  0.000000000000000E+000  0.000000000000000E+000  0.000000000000000E+000  0.000000000000000E+000  0.000000000000000E+000  0.000000000000000E+000  0.000000000000000E+000  0.000000000000000E+000  0.000000000000000E+000
   25.6800039028647       0.000000000000000E+000  0.000000000000000E+000  0.000000000000000E+000  0.000000000000000E+000  0.000000000000000E+000  0.000000000000000E+000  0.000000000000000E+000  0.000000000000000E+000  0.000000000000000E+000  0.000000000000000E+000  0.000000000000000E+000  0.000000000000000E+000  0.000000000000000E+000  0.000000000000000E+000  0.000000000000000E+000  0.000000000000000E+000  0.000000000000000E+000  0.000000000000000E+000  0.000000000000000E+000  0.000000000000000E+000  0.000000000000000E+000  0.000000000000000E+000  0.000000000000000E+000  0.000000000000000E+000
   26.0000036425199       0.000000000000000E+000  0.000000000000000E+000  0.000000000000000E+000  0.000000000000000E+000  0.000000000000000E+000  0.000000000000000E+000  0.000000000000000E+000  0.000000000000000E+000  0.000000000000000E+000  0.000000000000000E+000  0.000000000000000E+000  0.000000000000000E+000  0.000000000000000E+000  0.000000000000000E+000  0.000000000000000E+000  0.000000000000000E+000  0.000000000000000E+000  0.000000000000000E+000  0.000000000000000E+000  0.000000000000000E+000  0.000000000000000E+000  0.000000000000000E+000  0.000000000000000E+000  0.000000000000000E+000
   26.4000033170889       0.000000000000000E+000  0.000000000000000E+000  0.000000000000000E+000  0.000000000000000E+000  0.000000000000000E+000  0.000000000000000E+000  0.000000000000000E+000  0.000000000000000E+000  0.000000000000000E+000  0.000000000000000E+000  0.000000000000000E+000  0.000000000000000E+000  0.000000000000000E+000  0.000000000000000E+000  0.000000000000000E+000  0.000000000000000E+000  0.000000000000000E+000  0.000000000000000E+000  0.000000000000000E+000  0.000000000000000E+000  0.000000000000000E+000  0.000000000000000E+000  0.000000000000000E+000  0.000000000000000E+000
   26.8500041430721       0.000000000000000E+000  0.000000000000000E+000  0.000000000000000E+000  0.000000000000000E+000  0.000000000000000E+000  0.000000000000000E+000  0.000000000000000E+000  0.000000000000000E+000  0.000000000000000E+000  0.000000000000000E+000  0.000000000000000E+000  0.000000000000000E+000  0.000000000000000E+000  0.000000000000000E+000  0.000000000000000E+000  0.000000000000000E+000  0.000000000000000E+000  0.000000000000000E+000  0.000000000000000E+000  0.000000000000000E+000  0.000000000000000E+000  0.000000000000000E+000  0.000000000000000E+000  0.000000000000000E+000
   27.3500042131205       0.000000000000000E+000  0.000000000000000E+000  0.000000000000000E+000  0.000000000000000E+000  0.000000000000000E+000  0.000000000000000E+000  0.000000000000000E+000  0.000000000000000E+000  0.000000000000000E+000  0.000000000000000E+000  0.000000000000000E+000  0.000000000000000E+000  0.000000000000000E+000  0.000000000000000E+000  0.000000000000000E+000  0.000000000000000E+000  0.000000000000000E+000  0.000000000000000E+000  0.000000000000000E+000  0.000000000000000E+000  0.000000000000000E+000  0.000000000000000E+000  0.000000000000000E+000  0.000000000000000E+000
   27.8500042831690       0.000000000000000E+000  0.000000000000000E+000  0.000000000000000E+000  0.000000000000000E+000  0.000000000000000E+000  0.000000000000000E+000  0.000000000000000E+000  0.000000000000000E+000  0.000000000000000E+000  0.000000000000000E+000  0.000000000000000E+000  0.000000000000000E+000  0.000000000000000E+000  0.000000000000000E+000  0.000000000000000E+000  0.000000000000000E+000  0.000000000000000E+000  0.000000000000000E+000  0.000000000000000E+000  0.000000000000000E+000  0.000000000000000E+000  0.000000000000000E+000  0.000000000000000E+000  0.000000000000000E+000
   28.4000035972827       0.000000000000000E+000  0.000000000000000E+000  0.000000000000000E+000  0.000000000000000E+000  0.000000000000000E+000  0.000000000000000E+000  0.000000000000000E+000  0.000000000000000E+000  0.000000000000000E+000  0.000000000000000E+000  0.000000000000000E+000  0.000000000000000E+000  0.000000000000000E+000  0.000000000000000E+000  0.000000000000000E+000  0.000000000000000E+000  0.000000000000000E+000  0.000000000000000E+000  0.000000000000000E+000  0.000000000000000E+000  0.000000000000000E+000  0.000000000000000E+000  0.000000000000000E+000  0.000000000000000E+000
   29.0000040628107       0.000000000000000E+000  0.000000000000000E+000  0.000000000000000E+000  0.000000000000000E+000  0.000000000000000E+000  0.000000000000000E+000  0.000000000000000E+000  0.000000000000000E+000  0.000000000000000E+000  0.000000000000000E+000  0.000000000000000E+000  0.000000000000000E+000  0.000000000000000E+000  0.000000000000000E+000  0.000000000000000E+000  0.000000000000000E+000  0.000000000000000E+000  0.000000000000000E+000  0.000000000000000E+000  0.000000000000000E+000  0.000000000000000E+000  0.000000000000000E+000  0.000000000000000E+000  0.000000000000000E+000
   29.6000045283386       0.000000000000000E+000  0.000000000000000E+000  0.000000000000000E+000  0.000000000000000E+000  0.000000000000000E+000  0.000000000000000E+000  0.000000000000000E+000  0.000000000000000E+000  0.000000000000000E+000  0.000000000000000E+000  0.000000000000000E+000  0.000000000000000E+000  0.000000000000000E+000  0.000000000000000E+000  0.000000000000000E+000  0.000000000000000E+000  0.000000000000000E+000  0.000000000000000E+000  0.000000000000000E+000  0.000000000000000E+000  0.000000000000000E+000  0.000000000000000E+000  0.000000000000000E+000  0.000000000000000E+000
   30.1000045983871       0.000000000000000E+000  0.000000000000000E+000  0.000000000000000E+000  0.000000000000000E+000  0.000000000000000E+000  0.000000000000000E+000  0.000000000000000E+000  0.000000000000000E+000  0.000000000000000E+000  0.000000000000000E+000  0.000000000000000E+000  0.000000000000000E+000  0.000000000000000E+000  0.000000000000000E+000  0.000000000000000E+000  0.000000000000000E+000  0.000000000000000E+000  0.000000000000000E+000  0.000000000000000E+000  0.000000000000000E+000  0.000000000000000E+000  0.000000000000000E+000  0.000000000000000E+000  0.000000000000000E+000
   30.8000035520456       0.000000000000000E+000  0.000000000000000E+000  0.000000000000000E+000  0.000000000000000E+000  0.000000000000000E+000  0.000000000000000E+000  0.000000000000000E+000  0.000000000000000E+000  0.000000000000000E+000  0.000000000000000E+000  0.000000000000000E+000  0.000000000000000E+000  0.000000000000000E+000  0.000000000000000E+000  0.000000000000000E+000  0.000000000000000E+000  0.000000000000000E+000  0.000000000000000E+000  0.000000000000000E+000  0.000000000000000E+000  0.000000000000000E+000  0.000000000000000E+000  0.000000000000000E+000  0.000000000000000E+000
   31.8000036921425       0.000000000000000E+000  0.000000000000000E+000  0.000000000000000E+000  0.000000000000000E+000  0.000000000000000E+000  0.000000000000000E+000  0.000000000000000E+000  0.000000000000000E+000  0.000000000000000E+000  0.000000000000000E+000  0.000000000000000E+000  0.000000000000000E+000  0.000000000000000E+000  0.000000000000000E+000  0.000000000000000E+000  0.000000000000000E+000  0.000000000000000E+000  0.000000000000000E+000  0.000000000000000E+000  0.000000000000000E+000  0.000000000000000E+000  0.000000000000000E+000  0.000000000000000E+000  0.000000000000000E+000
   32.8000038322394       0.000000000000000E+000  0.000000000000000E+000  0.000000000000000E+000  0.000000000000000E+000  0.000000000000000E+000  0.000000000000000E+000  0.000000000000000E+000  0.000000000000000E+000  0.000000000000000E+000  0.000000000000000E+000  0.000000000000000E+000  0.000000000000000E+000  0.000000000000000E+000  0.000000000000000E+000  0.000000000000000E+000  0.000000000000000E+000  0.000000000000000E+000  0.000000000000000E+000  0.000000000000000E+000  0.000000000000000E+000  0.000000000000000E+000  0.000000000000000E+000  0.000000000000000E+000  0.000000000000000E+000
   33.8000039723363       0.000000000000000E+000  0.000000000000000E+000  0.000000000000000E+000  0.000000000000000E+000  0.000000000000000E+000  0.000000000000000E+000  0.000000000000000E+000  0.000000000000000E+000  0.000000000000000E+000  0.000000000000000E+000  0.000000000000000E+000  0.000000000000000E+000  0.000000000000000E+000  0.000000000000000E+000  0.000000000000000E+000  0.000000000000000E+000  0.000000000000000E+000  0.000000000000000E+000  0.000000000000000E+000  0.000000000000000E+000  0.000000000000000E+000  0.000000000000000E+000  0.000000000000000E+000  0.000000000000000E+000
   34.8000041124333       0.000000000000000E+000  0.000000000000000E+000  0.000000000000000E+000  0.000000000000000E+000  0.000000000000000E+000  0.000000000000000E+000  0.000000000000000E+000  0.000000000000000E+000  0.000000000000000E+000  0.000000000000000E+000  0.000000000000000E+000  0.000000000000000E+000  0.000000000000000E+000  0.000000000000000E+000  0.000000000000000E+000  0.000000000000000E+000  0.000000000000000E+000  0.000000000000000E+000  0.000000000000000E+000  0.000000000000000E+000  0.000000000000000E+000  0.000000000000000E+000  0.000000000000000E+000  0.000000000000000E+000
   35.7000057643996       0.000000000000000E+000  0.000000000000000E+000  0.000000000000000E+000  0.000000000000000E+000  0.000000000000000E+000  0.000000000000000E+000  0.000000000000000E+000  0.000000000000000E+000  0.000000000000000E+000  0.000000000000000E+000  0.000000000000000E+000  0.000000000000000E+000  0.000000000000000E+000  0.000000000000000E+000  0.000000000000000E+000  0.000000000000000E+000  0.000000000000000E+000  0.000000000000000E+000  0.000000000000000E+000  0.000000000000000E+000  0.000000000000000E+000  0.000000000000000E+000  0.000000000000000E+000  0.000000000000000E+000
   36.6000036016681       0.000000000000000E+000  0.000000000000000E+000  0.000000000000000E+000  0.000000000000000E+000  0.000000000000000E+000  0.000000000000000E+000  0.000000000000000E+000  0.000000000000000E+000  0.000000000000000E+000  0.000000000000000E+000  0.000000000000000E+000  0.000000000000000E+000  0.000000000000000E+000  0.000000000000000E+000  0.000000000000000E+000  0.000000000000000E+000  0.000000000000000E+000  0.000000000000000E+000  0.000000000000000E+000  0.000000000000000E+000  0.000000000000000E+000  0.000000000000000E+000  0.000000000000000E+000  0.000000000000000E+000
   37.5000052536345       0.000000000000000E+000  0.000000000000000E+000  0.000000000000000E+000  0.000000000000000E+000  0.000000000000000E+000  0.000000000000000E+000  0.000000000000000E+000  0.000000000000000E+000  0.000000000000000E+000  0.000000000000000E+000  0.000000000000000E+000  0.000000000000000E+000  0.000000000000000E+000  0.000000000000000E+000  0.000000000000000E+000  0.000000000000000E+000  0.000000000000000E+000  0.000000000000000E+000  0.000000000000000E+000  0.000000000000000E+000  0.000000000000000E+000  0.000000000000000E+000  0.000000000000000E+000  0.000000000000000E+000
   38.5000053937314       0.000000000000000E+000  0.000000000000000E+000  0.000000000000000E+000  0.000000000000000E+000  0.000000000000000E+000  0.000000000000000E+000  0.000000000000000E+000  0.000000000000000E+000  0.000000000000000E+000  0.000000000000000E+000  0.000000000000000E+000  0.000000000000000E+000  0.000000000000000E+000  0.000000000000000E+000  0.000000000000000E+000  0.000000000000000E+000  0.000000000000000E+000  0.000000000000000E+000  0.000000000000000E+000  0.000000000000000E+000  0.000000000000000E+000  0.000000000000000E+000  0.000000000000000E+000  0.000000000000000E+000
   39.5000055338283       0.000000000000000E+000  0.000000000000000E+000  0.000000000000000E+000  0.000000000000000E+000  0.000000000000000E+000  0.000000000000000E+000  0.000000000000000E+000  0.000000000000000E+000  0.000000000000000E+000  0.000000000000000E+000  0.000000000000000E+000  0.000000000000000E+000  0.000000000000000E+000  0.000000000000000E+000  0.000000000000000E+000  0.000000000000000E+000  0.000000000000000E+000  0.000000000000000E+000  0.000000000000000E+000  0.000000000000000E+000  0.000000000000000E+000  0.000000000000000E+000  0.000000000000000E+000  0.000000000000000E+000
   40.5000056739253       0.000000000000000E+000  0.000000000000000E+000  0.000000000000000E+000  0.000000000000000E+000  0.000000000000000E+000  0.000000000000000E+000  0.000000000000000E+000  0.000000000000000E+000  0.000000000000000E+000  0.000000000000000E+000  0.000000000000000E+000  0.000000000000000E+000  0.000000000000000E+000  0.000000000000000E+000  0.000000000000000E+000  0.000000000000000E+000  0.000000000000000E+000  0.000000000000000E+000  0.000000000000000E+000  0.000000000000000E+000  0.000000000000000E+000  0.000000000000000E+000  0.000000000000000E+000  0.000000000000000E+000
   41.4000073258916       0.000000000000000E+000  0.000000000000000E+000  0.000000000000000E+000  0.000000000000000E+000  0.000000000000000E+000  0.000000000000000E+000  0.000000000000000E+000  0.000000000000000E+000  0.000000000000000E+000  0.000000000000000E+000  0.000000000000000E+000  0.000000000000000E+000  0.000000000000000E+000  0.000000000000000E+000  0.000000000000000E+000  0.000000000000000E+000  0.000000000000000E+000  0.000000000000000E+000  0.000000000000000E+000  0.000000000000000E+000  0.000000000000000E+000  0.000000000000000E+000  0.000000000000000E+000  0.000000000000000E+000
   42.2000066750296       0.000000000000000E+000  0.000000000000000E+000  0.000000000000000E+000  0.000000000000000E+000  0.000000000000000E+000  0.000000000000000E+000  0.000000000000000E+000  0.000000000000000E+000  0.000000000000000E+000  0.000000000000000E+000  0.000000000000000E+000  0.000000000000000E+000  0.000000000000000E+000  0.000000000000000E+000  0.000000000000000E+000  0.000000000000000E+000  0.000000000000000E+000  0.000000000000000E+000  0.000000000000000E+000  0.000000000000000E+000  0.000000000000000E+000  0.000000000000000E+000  0.000000000000000E+000  0.000000000000000E+000
   43.0000060241676       0.000000000000000E+000  0.000000000000000E+000  0.000000000000000E+000  0.000000000000000E+000  0.000000000000000E+000  0.000000000000000E+000  0.000000000000000E+000  0.000000000000000E+000  0.000000000000000E+000  0.000000000000000E+000  0.000000000000000E+000  0.000000000000000E+000  0.000000000000000E+000  0.000000000000000E+000  0.000000000000000E+000  0.000000000000000E+000  0.000000000000000E+000  0.000000000000000E+000  0.000000000000000E+000  0.000000000000000E+000  0.000000000000000E+000  0.000000000000000E+000  0.000000000000000E+000  0.000000000000000E+000
   44.1000046523951       0.000000000000000E+000  0.000000000000000E+000  0.000000000000000E+000  0.000000000000000E+000  0.000000000000000E+000  0.000000000000000E+000  0.000000000000000E+000  0.000000000000000E+000  0.000000000000000E+000  0.000000000000000E+000  0.000000000000000E+000  0.000000000000000E+000  0.000000000000000E+000  0.000000000000000E+000  0.000000000000000E+000  0.000000000000000E+000  0.000000000000000E+000  0.000000000000000E+000  0.000000000000000E+000  0.000000000000000E+000  0.000000000000000E+000  0.000000000000000E+000  0.000000000000000E+000  0.000000000000000E+000
   45.1000047924920       0.000000000000000E+000  0.000000000000000E+000  0.000000000000000E+000  0.000000000000000E+000  0.000000000000000E+000  0.000000000000000E+000  0.000000000000000E+000  0.000000000000000E+000  0.000000000000000E+000  0.000000000000000E+000  0.000000000000000E+000  0.000000000000000E+000  0.000000000000000E+000  0.000000000000000E+000  0.000000000000000E+000  0.000000000000000E+000  0.000000000000000E+000  0.000000000000000E+000  0.000000000000000E+000  0.000000000000000E+000  0.000000000000000E+000  0.000000000000000E+000  0.000000000000000E+000  0.000000000000000E+000
   46.0000064444583       0.000000000000000E+000  0.000000000000000E+000  0.000000000000000E+000  0.000000000000000E+000  0.000000000000000E+000  0.000000000000000E+000  0.000000000000000E+000  0.000000000000000E+000  0.000000000000000E+000  0.000000000000000E+000  0.000000000000000E+000  0.000000000000000E+000  0.000000000000000E+000  0.000000000000000E+000  0.000000000000000E+000  0.000000000000000E+000  0.000000000000000E+000  0.000000000000000E+000  0.000000000000000E+000  0.000000000000000E+000  0.000000000000000E+000  0.000000000000000E+000  0.000000000000000E+000  0.000000000000000E+000
   47.0000065845552       0.000000000000000E+000  0.000000000000000E+000  0.000000000000000E+000  0.000000000000000E+000  0.000000000000000E+000  0.000000000000000E+000  0.000000000000000E+000  0.000000000000000E+000  0.000000000000000E+000  0.000000000000000E+000  0.000000000000000E+000  0.000000000000000E+000  0.000000000000000E+000  0.000000000000000E+000  0.000000000000000E+000  0.000000000000000E+000  0.000000000000000E+000  0.000000000000000E+000  0.000000000000000E+000  0.000000000000000E+000  0.000000000000000E+000  0.000000000000000E+000  0.000000000000000E+000  0.000000000000000E+000
   48.0000067246522       0.000000000000000E+000  0.000000000000000E+000  0.000000000000000E+000  0.000000000000000E+000  0.000000000000000E+000  0.000000000000000E+000  0.000000000000000E+000  0.000000000000000E+000  0.000000000000000E+000  0.000000000000000E+000  0.000000000000000E+000  0.000000000000000E+000  0.000000000000000E+000  0.000000000000000E+000  0.000000000000000E+000  0.000000000000000E+000  0.000000000000000E+000  0.000000000000000E+000  0.000000000000000E+000  0.000000000000000E+000  0.000000000000000E+000  0.000000000000000E+000  0.000000000000000E+000  0.000000000000000E+000
   49.0000068647491       0.000000000000000E+000  0.000000000000000E+000  0.000000000000000E+000  0.000000000000000E+000  0.000000000000000E+000  0.000000000000000E+000  0.000000000000000E+000  0.000000000000000E+000  0.000000000000000E+000  0.000000000000000E+000  0.000000000000000E+000  0.000000000000000E+000  0.000000000000000E+000  0.000000000000000E+000  0.000000000000000E+000  0.000000000000000E+000  0.000000000000000E+000  0.000000000000000E+000  0.000000000000000E+000  0.000000000000000E+000  0.000000000000000E+000  0.000000000000000E+000  0.000000000000000E+000  0.000000000000000E+000
   50.0000070048460       0.000000000000000E+000  0.000000000000000E+000  0.000000000000000E+000  0.000000000000000E+000  0.000000000000000E+000  0.000000000000000E+000  0.000000000000000E+000  0.000000000000000E+000  0.000000000000000E+000  0.000000000000000E+000  0.000000000000000E+000  0.000000000000000E+000  0.000000000000000E+000  0.000000000000000E+000  0.000000000000000E+000  0.000000000000000E+000  0.000000000000000E+000  0.000000000000000E+000  0.000000000000000E+000  0.000000000000000E+000  0.000000000000000E+000  0.000000000000000E+000  0.000000000000000E+000  0.000000000000000E+000
   50.6000055630250       0.000000000000000E+000  0.000000000000000E+000  0.000000000000000E+000  0.000000000000000E+000  0.000000000000000E+000  0.000000000000000E+000  0.000000000000000E+000  0.000000000000000E+000  0.000000000000000E+000  0.000000000000000E+000  0.000000000000000E+000  0.000000000000000E+000  0.000000000000000E+000  0.000000000000000E+000  0.000000000000000E+000  0.000000000000000E+000  0.000000000000000E+000  0.000000000000000E+000  0.000000000000000E+000  0.000000000000000E+000  0.000000000000000E+000  0.000000000000000E+000  0.000000000000000E+000  0.000000000000000E+000
   51.2000079359019       0.000000000000000E+000  0.000000000000000E+000  0.000000000000000E+000  0.000000000000000E+000  0.000000000000000E+000  0.000000000000000E+000  0.000000000000000E+000  0.000000000000000E+000  0.000000000000000E+000  0.000000000000000E+000  0.000000000000000E+000  0.000000000000000E+000  0.000000000000000E+000  0.000000000000000E+000  0.000000000000000E+000  0.000000000000000E+000  0.000000000000000E+000  0.000000000000000E+000  0.000000000000000E+000  0.000000000000000E+000  0.000000000000000E+000  0.000000000000000E+000  0.000000000000000E+000  0.000000000000000E+000
   52.0000072850398       0.000000000000000E+000  0.000000000000000E+000  0.000000000000000E+000  0.000000000000000E+000  0.000000000000000E+000  0.000000000000000E+000  0.000000000000000E+000  0.000000000000000E+000  0.000000000000000E+000  0.000000000000000E+000  0.000000000000000E+000  0.000000000000000E+000  0.000000000000000E+000  0.000000000000000E+000  0.000000000000000E+000  0.000000000000000E+000  0.000000000000000E+000  0.000000000000000E+000  0.000000000000000E+000  0.000000000000000E+000  0.000000000000000E+000  0.000000000000000E+000  0.000000000000000E+000  0.000000000000000E+000
   53.0000074251368       0.000000000000000E+000  0.000000000000000E+000  0.000000000000000E+000  0.000000000000000E+000  0.000000000000000E+000  0.000000000000000E+000  0.000000000000000E+000  0.000000000000000E+000  0.000000000000000E+000  0.000000000000000E+000  0.000000000000000E+000  0.000000000000000E+000  0.000000000000000E+000  0.000000000000000E+000  0.000000000000000E+000  0.000000000000000E+000  0.000000000000000E+000  0.000000000000000E+000  0.000000000000000E+000  0.000000000000000E+000  0.000000000000000E+000  0.000000000000000E+000  0.000000000000000E+000  0.000000000000000E+000
   54.0000075652337       0.000000000000000E+000  0.000000000000000E+000  0.000000000000000E+000  0.000000000000000E+000  0.000000000000000E+000  0.000000000000000E+000  0.000000000000000E+000  0.000000000000000E+000  0.000000000000000E+000  0.000000000000000E+000  0.000000000000000E+000  0.000000000000000E+000  0.000000000000000E+000  0.000000000000000E+000  0.000000000000000E+000  0.000000000000000E+000  0.000000000000000E+000  0.000000000000000E+000  0.000000000000000E+000  0.000000000000000E+000  0.000000000000000E+000  0.000000000000000E+000  0.000000000000000E+000  0.000000000000000E+000
   55.0000077053306       0.000000000000000E+000  0.000000000000000E+000  0.000000000000000E+000  0.000000000000000E+000  0.000000000000000E+000  0.000000000000000E+000  0.000000000000000E+000  0.000000000000000E+000  0.000000000000000E+000  0.000000000000000E+000  0.000000000000000E+000  0.000000000000000E+000  0.000000000000000E+000  0.000000000000000E+000  0.000000000000000E+000  0.000000000000000E+000  0.000000000000000E+000  0.000000000000000E+000  0.000000000000000E+000  0.000000000000000E+000  0.000000000000000E+000  0.000000000000000E+000  0.000000000000000E+000  0.000000000000000E+000
   56.0000078454275       0.000000000000000E+000  0.000000000000000E+000  0.000000000000000E+000  0.000000000000000E+000  0.000000000000000E+000  0.000000000000000E+000  0.000000000000000E+000  0.000000000000000E+000  0.000000000000000E+000  0.000000000000000E+000  0.000000000000000E+000  0.000000000000000E+000  0.000000000000000E+000  0.000000000000000E+000  0.000000000000000E+000  0.000000000000000E+000  0.000000000000000E+000  0.000000000000000E+000  0.000000000000000E+000  0.000000000000000E+000  0.000000000000000E+000  0.000000000000000E+000  0.000000000000000E+000  0.000000000000000E+000
   57.0000079855244       0.000000000000000E+000  0.000000000000000E+000  0.000000000000000E+000  0.000000000000000E+000  0.000000000000000E+000  0.000000000000000E+000  0.000000000000000E+000  0.000000000000000E+000  0.000000000000000E+000  0.000000000000000E+000  0.000000000000000E+000  0.000000000000000E+000  0.000000000000000E+000  0.000000000000000E+000  0.000000000000000E+000  0.000000000000000E+000  0.000000000000000E+000  0.000000000000000E+000  0.000000000000000E+000  0.000000000000000E+000  0.000000000000000E+000  0.000000000000000E+000  0.000000000000000E+000  0.000000000000000E+000
   58.0000081256214       0.000000000000000E+000  0.000000000000000E+000  0.000000000000000E+000  0.000000000000000E+000  0.000000000000000E+000  0.000000000000000E+000  0.000000000000000E+000  0.000000000000000E+000  0.000000000000000E+000  0.000000000000000E+000  0.000000000000000E+000  0.000000000000000E+000  0.000000000000000E+000  0.000000000000000E+000  0.000000000000000E+000  0.000000000000000E+000  0.000000000000000E+000  0.000000000000000E+000  0.000000000000000E+000  0.000000000000000E+000  0.000000000000000E+000  0.000000000000000E+000  0.000000000000000E+000  0.000000000000000E+000
   59.0000082657183       0.000000000000000E+000  0.000000000000000E+000  0.000000000000000E+000  0.000000000000000E+000  0.000000000000000E+000  0.000000000000000E+000  0.000000000000000E+000  0.000000000000000E+000  0.000000000000000E+000  0.000000000000000E+000  0.000000000000000E+000  0.000000000000000E+000  0.000000000000000E+000  0.000000000000000E+000  0.000000000000000E+000  0.000000000000000E+000  0.000000000000000E+000  0.000000000000000E+000  0.000000000000000E+000  0.000000000000000E+000  0.000000000000000E+000  0.000000000000000E+000  0.000000000000000E+000  0.000000000000000E+000
   60.0000084058152       0.000000000000000E+000  0.000000000000000E+000  0.000000000000000E+000  0.000000000000000E+000  0.000000000000000E+000  0.000000000000000E+000  0.000000000000000E+000  0.000000000000000E+000  0.000000000000000E+000  0.000000000000000E+000  0.000000000000000E+000  0.000000000000000E+000  0.000000000000000E+000  0.000000000000000E+000  0.000000000000000E+000  0.000000000000000E+000  0.000000000000000E+000  0.000000000000000E+000  0.000000000000000E+000  0.000000000000000E+000  0.000000000000000E+000  0.000000000000000E+000  0.000000000000000E+000  0.000000000000000E+000
   61.0000085459121       0.000000000000000E+000  0.000000000000000E+000  0.000000000000000E+000  0.000000000000000E+000  0.000000000000000E+000  0.000000000000000E+000  0.000000000000000E+000  0.000000000000000E+000  0.000000000000000E+000  0.000000000000000E+000  0.000000000000000E+000  0.000000000000000E+000  0.000000000000000E+000  0.000000000000000E+000  0.000000000000000E+000  0.000000000000000E+000  0.000000000000000E+000  0.000000000000000E+000  0.000000000000000E+000  0.000000000000000E+000  0.000000000000000E+000  0.000000000000000E+000  0.000000000000000E+000  0.000000000000000E+000
   62.0000086860090       0.000000000000000E+000  0.000000000000000E+000  0.000000000000000E+000  0.000000000000000E+000  0.000000000000000E+000  0.000000000000000E+000  0.000000000000000E+000  0.000000000000000E+000  0.000000000000000E+000  0.000000000000000E+000  0.000000000000000E+000  0.000000000000000E+000  0.000000000000000E+000  0.000000000000000E+000  0.000000000000000E+000  0.000000000000000E+000  0.000000000000000E+000  0.000000000000000E+000  0.000000000000000E+000  0.000000000000000E+000  0.000000000000000E+000  0.000000000000000E+000  0.000000000000000E+000  0.000000000000000E+000
   63.0000088261060       0.000000000000000E+000  0.000000000000000E+000  0.000000000000000E+000  0.000000000000000E+000  0.000000000000000E+000  0.000000000000000E+000  0.000000000000000E+000  0.000000000000000E+000  0.000000000000000E+000  0.000000000000000E+000  0.000000000000000E+000  0.000000000000000E+000  0.000000000000000E+000  0.000000000000000E+000  0.000000000000000E+000  0.000000000000000E+000  0.000000000000000E+000  0.000000000000000E+000  0.000000000000000E+000  0.000000000000000E+000  0.000000000000000E+000  0.000000000000000E+000  0.000000000000000E+000  0.000000000000000E+000
   64.0000089662029       0.000000000000000E+000  0.000000000000000E+000  0.000000000000000E+000  0.000000000000000E+000  0.000000000000000E+000  0.000000000000000E+000  0.000000000000000E+000  0.000000000000000E+000  0.000000000000000E+000  0.000000000000000E+000  0.000000000000000E+000  0.000000000000000E+000  0.000000000000000E+000  0.000000000000000E+000  0.000000000000000E+000  0.000000000000000E+000  0.000000000000000E+000  0.000000000000000E+000  0.000000000000000E+000  0.000000000000000E+000  0.000000000000000E+000  0.000000000000000E+000  0.000000000000000E+000  0.000000000000000E+000
   65.0000091062998       0.000000000000000E+000  0.000000000000000E+000  0.000000000000000E+000  0.000000000000000E+000  0.000000000000000E+000  0.000000000000000E+000  0.000000000000000E+000  0.000000000000000E+000  0.000000000000000E+000  0.000000000000000E+000  0.000000000000000E+000  0.000000000000000E+000  0.000000000000000E+000  0.000000000000000E+000  0.000000000000000E+000  0.000000000000000E+000  0.000000000000000E+000  0.000000000000000E+000  0.000000000000000E+000  0.000000000000000E+000  0.000000000000000E+000  0.000000000000000E+000  0.000000000000000E+000  0.000000000000000E+000
   65.8000122701356       0.000000000000000E+000  0.000000000000000E+000  0.000000000000000E+000  0.000000000000000E+000  0.000000000000000E+000  0.000000000000000E+000  0.000000000000000E+000  0.000000000000000E+000  0.000000000000000E+000  0.000000000000000E+000  0.000000000000000E+000  0.000000000000000E+000  0.000000000000000E+000  0.000000000000000E+000  0.000000000000000E+000  0.000000000000000E+000  0.000000000000000E+000  0.000000000000000E+000  0.000000000000000E+000  0.000000000000000E+000  0.000000000000000E+000  0.000000000000000E+000  0.000000000000000E+000  0.000000000000000E+000
   66.5000093164452       0.000000000000000E+000  0.000000000000000E+000  0.000000000000000E+000  0.000000000000000E+000  0.000000000000000E+000  0.000000000000000E+000  0.000000000000000E+000  0.000000000000000E+000  0.000000000000000E+000  0.000000000000000E+000  0.000000000000000E+000  0.000000000000000E+000  0.000000000000000E+000  0.000000000000000E+000  0.000000000000000E+000  0.000000000000000E+000  0.000000000000000E+000  0.000000000000000E+000  0.000000000000000E+000  0.000000000000000E+000  0.000000000000000E+000  0.000000000000000E+000  0.000000000000000E+000  0.000000000000000E+000
   67.5000094565421       0.000000000000000E+000  0.000000000000000E+000  0.000000000000000E+000  0.000000000000000E+000  0.000000000000000E+000  0.000000000000000E+000  0.000000000000000E+000  0.000000000000000E+000  0.000000000000000E+000  0.000000000000000E+000  0.000000000000000E+000  0.000000000000000E+000  0.000000000000000E+000  0.000000000000000E+000  0.000000000000000E+000  0.000000000000000E+000  0.000000000000000E+000  0.000000000000000E+000  0.000000000000000E+000  0.000000000000000E+000  0.000000000000000E+000  0.000000000000000E+000  0.000000000000000E+000  0.000000000000000E+000
   68.5000095966390       0.000000000000000E+000  0.000000000000000E+000  0.000000000000000E+000  0.000000000000000E+000  0.000000000000000E+000  0.000000000000000E+000  0.000000000000000E+000  0.000000000000000E+000  0.000000000000000E+000  0.000000000000000E+000  0.000000000000000E+000  0.000000000000000E+000  0.000000000000000E+000  0.000000000000000E+000  0.000000000000000E+000  0.000000000000000E+000  0.000000000000000E+000  0.000000000000000E+000  0.000000000000000E+000  0.000000000000000E+000  0.000000000000000E+000  0.000000000000000E+000  0.000000000000000E+000  0.000000000000000E+000
   69.5000097367359       0.000000000000000E+000  0.000000000000000E+000  0.000000000000000E+000  0.000000000000000E+000  0.000000000000000E+000  0.000000000000000E+000  0.000000000000000E+000  0.000000000000000E+000  0.000000000000000E+000  0.000000000000000E+000  0.000000000000000E+000  0.000000000000000E+000  0.000000000000000E+000  0.000000000000000E+000  0.000000000000000E+000  0.000000000000000E+000  0.000000000000000E+000  0.000000000000000E+000  0.000000000000000E+000  0.000000000000000E+000  0.000000000000000E+000  0.000000000000000E+000  0.000000000000000E+000  0.000000000000000E+000
   70.5000098768329       0.000000000000000E+000  0.000000000000000E+000  0.000000000000000E+000  0.000000000000000E+000  0.000000000000000E+000  0.000000000000000E+000  0.000000000000000E+000  0.000000000000000E+000  0.000000000000000E+000  0.000000000000000E+000  0.000000000000000E+000  0.000000000000000E+000  0.000000000000000E+000  0.000000000000000E+000  0.000000000000000E+000  0.000000000000000E+000  0.000000000000000E+000  0.000000000000000E+000  0.000000000000000E+000  0.000000000000000E+000  0.000000000000000E+000  0.000000000000000E+000  0.000000000000000E+000  0.000000000000000E+000
   71.6000085050603       0.000000000000000E+000  0.000000000000000E+000  0.000000000000000E+000  0.000000000000000E+000  0.000000000000000E+000  0.000000000000000E+000  0.000000000000000E+000  0.000000000000000E+000  0.000000000000000E+000  0.000000000000000E+000  0.000000000000000E+000  0.000000000000000E+000  0.000000000000000E+000  0.000000000000000E+000  0.000000000000000E+000  0.000000000000000E+000  0.000000000000000E+000  0.000000000000000E+000  0.000000000000000E+000  0.000000000000000E+000  0.000000000000000E+000  0.000000000000000E+000  0.000000000000000E+000  0.000000000000000E+000
   72.6000086451573       0.000000000000000E+000  0.000000000000000E+000  0.000000000000000E+000  0.000000000000000E+000  0.000000000000000E+000  0.000000000000000E+000  0.000000000000000E+000  0.000000000000000E+000  0.000000000000000E+000  0.000000000000000E+000  0.000000000000000E+000  0.000000000000000E+000  0.000000000000000E+000  0.000000000000000E+000  0.000000000000000E+000  0.000000000000000E+000  0.000000000000000E+000  0.000000000000000E+000  0.000000000000000E+000  0.000000000000000E+000  0.000000000000000E+000  0.000000000000000E+000  0.000000000000000E+000  0.000000000000000E+000
   73.5000102971236       0.000000000000000E+000  0.000000000000000E+000  0.000000000000000E+000  0.000000000000000E+000  0.000000000000000E+000  0.000000000000000E+000  0.000000000000000E+000  0.000000000000000E+000  0.000000000000000E+000  0.000000000000000E+000  0.000000000000000E+000  0.000000000000000E+000  0.000000000000000E+000  0.000000000000000E+000  0.000000000000000E+000  0.000000000000000E+000  0.000000000000000E+000  0.000000000000000E+000  0.000000000000000E+000  0.000000000000000E+000  0.000000000000000E+000  0.000000000000000E+000  0.000000000000000E+000  0.000000000000000E+000
   74.5000104372205       0.000000000000000E+000  0.000000000000000E+000  0.000000000000000E+000  0.000000000000000E+000  0.000000000000000E+000  0.000000000000000E+000  0.000000000000000E+000  0.000000000000000E+000  0.000000000000000E+000  0.000000000000000E+000  0.000000000000000E+000  0.000000000000000E+000  0.000000000000000E+000  0.000000000000000E+000  0.000000000000000E+000  0.000000000000000E+000  0.000000000000000E+000  0.000000000000000E+000  0.000000000000000E+000  0.000000000000000E+000  0.000000000000000E+000  0.000000000000000E+000  0.000000000000000E+000  0.000000000000000E+000
   75.5000105773175       0.000000000000000E+000  0.000000000000000E+000  0.000000000000000E+000  0.000000000000000E+000  0.000000000000000E+000  0.000000000000000E+000  0.000000000000000E+000  0.000000000000000E+000  0.000000000000000E+000  0.000000000000000E+000  0.000000000000000E+000  0.000000000000000E+000  0.000000000000000E+000  0.000000000000000E+000  0.000000000000000E+000  0.000000000000000E+000  0.000000000000000E+000  0.000000000000000E+000  0.000000000000000E+000  0.000000000000000E+000  0.000000000000000E+000  0.000000000000000E+000  0.000000000000000E+000  0.000000000000000E+000
   76.5000107174144       0.000000000000000E+000  0.000000000000000E+000  0.000000000000000E+000  0.000000000000000E+000  0.000000000000000E+000  0.000000000000000E+000  0.000000000000000E+000  0.000000000000000E+000  0.000000000000000E+000  0.000000000000000E+000  0.000000000000000E+000  0.000000000000000E+000  0.000000000000000E+000  0.000000000000000E+000  0.000000000000000E+000  0.000000000000000E+000  0.000000000000000E+000  0.000000000000000E+000  0.000000000000000E+000  0.000000000000000E+000  0.000000000000000E+000  0.000000000000000E+000  0.000000000000000E+000  0.000000000000000E+000
   77.5000108575113       0.000000000000000E+000  0.000000000000000E+000  0.000000000000000E+000  0.000000000000000E+000  0.000000000000000E+000  0.000000000000000E+000  0.000000000000000E+000  0.000000000000000E+000  0.000000000000000E+000  0.000000000000000E+000  0.000000000000000E+000  0.000000000000000E+000  0.000000000000000E+000  0.000000000000000E+000  0.000000000000000E+000  0.000000000000000E+000  0.000000000000000E+000  0.000000000000000E+000  0.000000000000000E+000  0.000000000000000E+000  0.000000000000000E+000  0.000000000000000E+000  0.000000000000000E+000  0.000000000000000E+000
   78.5000109976082       0.000000000000000E+000  0.000000000000000E+000  0.000000000000000E+000  0.000000000000000E+000  0.000000000000000E+000  0.000000000000000E+000  0.000000000000000E+000  0.000000000000000E+000  0.000000000000000E+000  0.000000000000000E+000  0.000000000000000E+000  0.000000000000000E+000  0.000000000000000E+000  0.000000000000000E+000  0.000000000000000E+000  0.000000000000000E+000  0.000000000000000E+000  0.000000000000000E+000  0.000000000000000E+000  0.000000000000000E+000  0.000000000000000E+000  0.000000000000000E+000  0.000000000000000E+000  0.000000000000000E+000
   79.5000111377051       0.000000000000000E+000  0.000000000000000E+000  0.000000000000000E+000  0.000000000000000E+000  0.000000000000000E+000  0.000000000000000E+000  0.000000000000000E+000  0.000000000000000E+000  0.000000000000000E+000  0.000000000000000E+000  0.000000000000000E+000  0.000000000000000E+000  0.000000000000000E+000  0.000000000000000E+000  0.000000000000000E+000  0.000000000000000E+000  0.000000000000000E+000  0.000000000000000E+000  0.000000000000000E+000  0.000000000000000E+000  0.000000000000000E+000  0.000000000000000E+000  0.000000000000000E+000  0.000000000000000E+000
   80.5000112778021       0.000000000000000E+000  0.000000000000000E+000  0.000000000000000E+000  0.000000000000000E+000  0.000000000000000E+000  0.000000000000000E+000  0.000000000000000E+000  0.000000000000000E+000  0.000000000000000E+000  0.000000000000000E+000  0.000000000000000E+000  0.000000000000000E+000  0.000000000000000E+000  0.000000000000000E+000  0.000000000000000E+000  0.000000000000000E+000  0.000000000000000E+000  0.000000000000000E+000  0.000000000000000E+000  0.000000000000000E+000  0.000000000000000E+000  0.000000000000000E+000  0.000000000000000E+000  0.000000000000000E+000
   81.5000114178990       0.000000000000000E+000  0.000000000000000E+000  0.000000000000000E+000  0.000000000000000E+000  0.000000000000000E+000  0.000000000000000E+000  0.000000000000000E+000  0.000000000000000E+000  0.000000000000000E+000  0.000000000000000E+000  0.000000000000000E+000  0.000000000000000E+000  0.000000000000000E+000  0.000000000000000E+000  0.000000000000000E+000  0.000000000000000E+000  0.000000000000000E+000  0.000000000000000E+000  0.000000000000000E+000  0.000000000000000E+000  0.000000000000000E+000  0.000000000000000E+000  0.000000000000000E+000  0.000000000000000E+000
   82.5000115579959       0.000000000000000E+000  0.000000000000000E+000  0.000000000000000E+000  0.000000000000000E+000  0.000000000000000E+000  0.000000000000000E+000  0.000000000000000E+000  0.000000000000000E+000  0.000000000000000E+000  0.000000000000000E+000  0.000000000000000E+000  0.000000000000000E+000  0.000000000000000E+000  0.000000000000000E+000  0.000000000000000E+000  0.000000000000000E+000  0.000000000000000E+000  0.000000000000000E+000  0.000000000000000E+000  0.000000000000000E+000  0.000000000000000E+000  0.000000000000000E+000  0.000000000000000E+000  0.000000000000000E+000
   83.5000116980928       0.000000000000000E+000  0.000000000000000E+000  0.000000000000000E+000  0.000000000000000E+000  0.000000000000000E+000  0.000000000000000E+000  0.000000000000000E+000  0.000000000000000E+000  0.000000000000000E+000  0.000000000000000E+000  0.000000000000000E+000  0.000000000000000E+000  0.000000000000000E+000  0.000000000000000E+000  0.000000000000000E+000  0.000000000000000E+000  0.000000000000000E+000  0.000000000000000E+000  0.000000000000000E+000  0.000000000000000E+000  0.000000000000000E+000  0.000000000000000E+000  0.000000000000000E+000  0.000000000000000E+000
   84.5000118381897       0.000000000000000E+000  0.000000000000000E+000  0.000000000000000E+000  0.000000000000000E+000  0.000000000000000E+000  0.000000000000000E+000  0.000000000000000E+000  0.000000000000000E+000  0.000000000000000E+000  0.000000000000000E+000  0.000000000000000E+000  0.000000000000000E+000  0.000000000000000E+000  0.000000000000000E+000  0.000000000000000E+000  0.000000000000000E+000  0.000000000000000E+000  0.000000000000000E+000  0.000000000000000E+000  0.000000000000000E+000  0.000000000000000E+000  0.000000000000000E+000  0.000000000000000E+000  0.000000000000000E+000
   85.5000119782867       0.000000000000000E+000  0.000000000000000E+000  0.000000000000000E+000  0.000000000000000E+000  0.000000000000000E+000  0.000000000000000E+000  0.000000000000000E+000  0.000000000000000E+000  0.000000000000000E+000  0.000000000000000E+000  0.000000000000000E+000  0.000000000000000E+000  0.000000000000000E+000  0.000000000000000E+000  0.000000000000000E+000  0.000000000000000E+000  0.000000000000000E+000  0.000000000000000E+000  0.000000000000000E+000  0.000000000000000E+000  0.000000000000000E+000  0.000000000000000E+000  0.000000000000000E+000  0.000000000000000E+000
   86.5000121183836       0.000000000000000E+000  0.000000000000000E+000  0.000000000000000E+000  0.000000000000000E+000  0.000000000000000E+000  0.000000000000000E+000  0.000000000000000E+000  0.000000000000000E+000  0.000000000000000E+000  0.000000000000000E+000  0.000000000000000E+000  0.000000000000000E+000  0.000000000000000E+000  0.000000000000000E+000  0.000000000000000E+000  0.000000000000000E+000  0.000000000000000E+000  0.000000000000000E+000  0.000000000000000E+000  0.000000000000000E+000  0.000000000000000E+000  0.000000000000000E+000  0.000000000000000E+000  0.000000000000000E+000
   87.5000122584805       0.000000000000000E+000  0.000000000000000E+000  0.000000000000000E+000  0.000000000000000E+000  0.000000000000000E+000  0.000000000000000E+000  0.000000000000000E+000  0.000000000000000E+000  0.000000000000000E+000  0.000000000000000E+000  0.000000000000000E+000  0.000000000000000E+000  0.000000000000000E+000  0.000000000000000E+000  0.000000000000000E+000  0.000000000000000E+000  0.000000000000000E+000  0.000000000000000E+000  0.000000000000000E+000  0.000000000000000E+000  0.000000000000000E+000  0.000000000000000E+000  0.000000000000000E+000  0.000000000000000E+000
   88.5000123985774       0.000000000000000E+000  0.000000000000000E+000  0.000000000000000E+000  0.000000000000000E+000  0.000000000000000E+000  0.000000000000000E+000  0.000000000000000E+000  0.000000000000000E+000  0.000000000000000E+000  0.000000000000000E+000  0.000000000000000E+000  0.000000000000000E+000  0.000000000000000E+000  0.000000000000000E+000  0.000000000000000E+000  0.000000000000000E+000  0.000000000000000E+000  0.000000000000000E+000  0.000000000000000E+000  0.000000000000000E+000  0.000000000000000E+000  0.000000000000000E+000  0.000000000000000E+000  0.000000000000000E+000
   89.5000125386743       0.000000000000000E+000  0.000000000000000E+000  0.000000000000000E+000  0.000000000000000E+000  0.000000000000000E+000  0.000000000000000E+000  0.000000000000000E+000  0.000000000000000E+000  0.000000000000000E+000  0.000000000000000E+000  0.000000000000000E+000  0.000000000000000E+000  0.000000000000000E+000  0.000000000000000E+000  0.000000000000000E+000  0.000000000000000E+000  0.000000000000000E+000  0.000000000000000E+000  0.000000000000000E+000  0.000000000000000E+000  0.000000000000000E+000  0.000000000000000E+000  0.000000000000000E+000  0.000000000000000E+000
   90.5000126787713       0.000000000000000E+000  0.000000000000000E+000  0.000000000000000E+000  0.000000000000000E+000  0.000000000000000E+000  0.000000000000000E+000  0.000000000000000E+000  0.000000000000000E+000  0.000000000000000E+000  0.000000000000000E+000  0.000000000000000E+000  0.000000000000000E+000  0.000000000000000E+000  0.000000000000000E+000  0.000000000000000E+000  0.000000000000000E+000  0.000000000000000E+000  0.000000000000000E+000  0.000000000000000E+000  0.000000000000000E+000  0.000000000000000E+000  0.000000000000000E+000  0.000000000000000E+000  0.000000000000000E+000
   91.5000128188682       1.364248836384299E-012  1.291381964351868E-012  1.214640491238150E-012  1.133266972391339E-012  1.046219104672879E-012  9.519990077831124E-013  8.483287557049774E-013  7.918704470293335E-013  7.314627255437912E-013  6.661355085213480E-013  6.240125327536721E-013  5.944627280864843E-013  5.475270375573874E-013  5.141785009794092E-013  4.603036982620218E-013  4.211488287704345E-013  4.003438595111860E-013  3.785482578194379E-013  3.555751080511401E-013  3.311566759166977E-013  3.048839375964028E-013  2.434651356272085E-013  2.042054757572683E-013  1.494971401621768E-013
   92.5000129589651       7.603255829458561E-012  7.029640780264445E-012  6.438591332926672E-012  5.828309386956070E-012  5.196602635744171E-012  4.540685391329062E-012  3.856762350694719E-012  3.502613936920188E-012  3.139012973966707E-012  2.764443216682980E-012  2.533514957975228E-012  2.376558215597889E-012  2.135865639832841E-012  1.971277618963748E-012  1.716583449202831E-012  1.540029031417207E-012  1.449092065575076E-012  1.355936253889522E-012  1.260066789509472E-012  1.160769063096348E-012  1.056953944408094E-012  8.270878937233523E-013  6.901974527707749E-013  5.101815618695826E-013
   93.5000130990620       1.065770393832555E-011  9.792089708512018E-012  8.908695740976028E-012  8.006206815790087E-012  7.083031753149161E-012  6.137115229928617E-012  5.165504789051633E-012  4.668650810397265E-012  4.163221758279780E-012  3.647727975548943E-012  3.332641917449409E-012  3.119706576984241E-012  2.795132673190004E-012  2.574571408132462E-012  2.235481292701206E-012  2.001963585920219E-012  1.882147371551867E-012  1.759702786371384E-012  1.633965387556859E-012  1.503965749897806E-012  1.368214724998080E-012  1.067576292790294E-012  8.881783395396484E-013  6.528230263843801E-013
   94.5000132391589       1.500708378902702E-011  1.373214820428318E-011  1.243822661449751E-011  1.112438438658857E-011  9.789529534680354E-012  8.432244545170304E-012  7.050344960868116E-012  6.349002348836361E-012  5.639626800894663E-012  4.920736203084196E-012  4.483825820924853E-012  4.189719155906623E-012  3.743345057172180E-012  3.441441469258040E-012  2.979766240145508E-012  2.663739176914609E-012  2.502245480846748E-012  2.337695198085922E-012  2.169247687843555E-012  1.995660102896417E-012  1.814993235951461E-012  1.416517395253453E-012  1.178735487728541E-012  8.651974536104308E-013
   95.5000133792558       2.107011080653410E-011  1.928057443402144E-011  1.746349782813357E-011  1.561745533536073E-011  1.374079792163144E-011  1.183142565071882E-011  9.886185221703041E-012  8.898470969041519E-012  7.899153609400744E-012  6.886185317706361E-012  6.270467867418167E-012  5.855987815142759E-012  5.226958570988098E-012  4.801594485702297E-012  4.151395699768516E-012  3.706671745133253E-012  3.479591407181657E-012  3.248387689183954E-012  3.011948208182933E-012  2.768635854137566E-012  2.515914623545422E-012  1.961806105981890E-012  1.635342885441561E-012  1.213441316649160E-012
   96.5000135193528       2.743427126306050E-011  2.508975687182481E-011  2.271123401362640E-011  2.029712801128128E-011  1.784565733923301E-011  1.535457636363560E-011  1.282045720062101E-011  1.153541122240827E-011  1.023658527019933E-011  8.921542269677834E-012  8.123062125031221E-012  7.585957056550859E-012  6.771523131684593E-012  6.221318185567983E-012  5.381272705224027E-012  4.807511268607911E-012  4.514845097753174E-012  4.217101606378037E-012  3.912886511857598E-012  3.600138535872340E-012  3.275646334768775E-012  2.565255262865252E-012  2.146798644690359E-012  1.604606884862692E-012
   97.5000136594497       2.966992117028368E-011  2.726649061081638E-011  2.481494245985627E-011  2.231165468360266E-011  1.975221347707707E-011  1.713086891741334E-011  1.443930331663030E-011  1.306320060618260E-011  1.166349223618046E-011  1.023604633976594E-011  9.363641736026978E-012  8.774143376805589E-012  7.875789630466552E-012  7.265574497319762E-012  6.328205819747846E-012  5.683656716895805E-012  5.353445275264859E-012  5.016478252713307E-012  4.671106266588152E-012  4.314909794023383E-012  3.944126168422256E-012  3.127698357581717E-012  2.642097965128913E-012  1.999571536722311E-012
   98.5000137995466       4.076153531348247E-011  3.733480142791086E-011  3.385433431311188E-011  3.031694598937316E-011  2.671885289106424E-011  2.305514525340721E-011  1.931844799498074E-011  1.741894806788206E-011  1.549521574246134E-011  1.354273945393536E-011  1.235445330060271E-011  1.155377260837042E-011  1.033724587419512E-011  9.513497698341627E-012  8.252248908406853E-012  7.387814426313677E-012  6.945763862328460E-012  6.495158371287279E-012  6.033727992044974E-012  5.558134914821872E-012  5.063208693975317E-012  3.973613280291501E-012  3.327594961489346E-012  2.486049719155575E-012
   99.5000139396435       4.753624982808038E-011  4.358465170139257E-011  3.956811277491235E-011  3.548232092680540E-011  3.132204638724466E-011  2.708039064580436E-011  2.274697096054632E-011  2.054059460494618E-011  1.830304643784798E-011  1.602828081359484E-011  1.464158409441486E-011  1.370606916818435E-011  1.228262228272663E-011  1.131712201568917E-011  9.835721168283731E-012  8.817780036019237E-012  8.296262936829500E-012  7.763905330391076E-012  7.217919965262599E-012  6.654238329575641E-012  6.066599272698588E-012  4.769034640808309E-012  3.996312820790376E-012  2.981376193950049E-012
   100.500014079740       6.230333370293051E-011  5.717023982759898E-011  5.194742407965399E-011  4.662860290818450E-011  4.120616448569191E-011  3.567015936417429E-011  3.000590853641935E-011  2.711843555220718E-011  2.418768140249506E-011  2.120563646137465E-011  1.938659673845086E-011  1.815895692854134E-011  1.629045999634434E-011  1.502283247225073E-011  1.307783151026236E-011  1.174164601885855E-011  1.105730500604845E-011  1.035895767110827E-011  9.643010413010546E-012  8.904185770945543E-012  8.134306992647806E-012  6.435045321372971E-012  5.423046962318271E-012  4.092761241727090E-012
   101.500014219837       7.547999661235977E-011  6.933013757401566E-011  6.306719167048728E-011  5.668285157921130E-011  5.016699928764618E-011  4.350639025877393E-011  3.668160338136551E-011  3.319815997538731E-011  2.965912759822164E-011  2.605433124545588E-011  2.385335821321791E-011  2.236702183050345E-011  2.010326754700471E-011  1.856641188316744E-011  1.620657783829937E-011  1.458418386692642E-011  1.375288040031156E-011  1.290430860674593E-011  1.203409575882074E-011  1.113581786142346E-011  1.019950703847135E-011  8.131411964610538E-012  6.896880792403605E-012  5.260740495737075E-012
   102.500014359934       7.564401326484684E-011  6.988176138141985E-011  6.397252266044281E-011  5.790196743167310E-011  5.165207475122868E-011  4.519889757911521E-011  3.850792045485291E-011  3.505715557259764E-011  3.152304660877045E-011  2.789022535531102E-011  2.565370036967788E-011  2.413459027684125E-011  2.180597181961789E-011  2.021374957446226E-011  1.774856780818461E-011  1.603734714176313E-011  1.515459652862263E-011  1.424890247404324E-011  1.331482975751614E-011  1.234445499825266E-011  1.132557000767963E-011  9.043397019225897E-012  7.656051645447424E-012  5.783654155733081E-012
   103.500014500031       1.075655560895089E-010  9.898205538020993E-011  9.022475289494810E-011  8.127932405824959E-011  7.212803580530110E-011  6.274741631973541E-011  5.310305401933795E-011  4.816535793474909E-011  4.313649357632864E-011  3.799924367816213E-011  3.485396647479926E-011  3.272569270968116E-011  2.947678411690868E-011  2.726529140106969E-011  2.385873892719280E-011  2.150772998164878E-011  2.029976379082703E-011  1.906409697850945E-011  1.779392096215468E-011  1.647929805401696E-011  1.510491625886983E-011  1.205321597132249E-011  1.022153280247651E-011  7.788100329818310E-012
   104.500014640128       1.297408913016805E-010  1.194846158477103E-010  1.090134853053545E-010  9.830870284024679E-011  8.734684904570124E-011  7.609681692646802E-011  6.451308365894797E-011  5.857424870464065E-011  5.251899772706323E-011  4.632512763162989E-011  4.252832140909384E-011  3.995697190816940E-011  3.602790481926159E-011  3.335058526558024E-011  2.922144657684449E-011  2.636778237424278E-011  2.490014138255654E-011  2.339775920992884E-011  2.185216493061974E-011  2.025098168482579E-011  1.857510943811374E-011  1.484466090670273E-011  1.259692128574556E-011  9.599798784481623E-012
   105.500014780225       1.522036777698497E-010  1.403105541765882E-010  1.281586202385531E-010  1.157241512446083E-010  1.029773741142141E-010  8.987852092703822E-011  7.636930110931308E-011  6.943293985482988E-011  6.235202658766427E-011  5.509860723642045E-011  5.064629779891499E-011  4.762808393192182E-011  4.301108194942624E-011  3.986103175052387E-011  3.499551610962128E-011  3.162690430961971E-011  2.989219524956900E-011  2.811466267787104E-011  2.628395574289816E-011  2.438496691498856E-011  2.239439918474230E-011  1.794989789697873E-011  1.525994481164447E-011  1.165187653858410E-011
   106.500014920322       1.767324046845487E-010  1.630482000510079E-010  1.490565047661981E-010  1.347280206755681E-010  1.200258016906437E-010  1.049003244197571E-010  8.927891705776151E-011  8.124754466606949E-011  7.304001357835444E-011  6.462169579602148E-011  5.944795662671646E-011  5.593750148411569E-011  5.056184408868906E-011  4.688973667656564E-011  4.120962626422850E-011  3.727035329099936E-011  3.523941314816247E-011  3.315657790501433E-011  3.100952521793546E-011  2.878032491684301E-011  2.644137483212694E-011  2.121015047911495E-011  1.803506790577587E-011  1.375678245499869E-011
   107.500015060419       2.221011692891276E-010  2.049665539405486E-010  1.874297369758922E-010  1.694519916040533E-010  1.509848807809927E-010  1.319642565072142E-010  1.122974119929192E-010  1.021779785495941E-010  9.183164143339554E-011  8.121544099223632E-011  7.468949576175208E-011  7.026123422046577E-011  6.348015912403485E-011  5.884849191520069E-011  5.168605881118333E-011  4.672124807676499E-011  4.416278828485095E-011  4.154007574778874E-011  3.883797196205108E-011  3.603448067410970E-011  3.309586598769134E-011  2.654278192159600E-011  2.259284655952599E-011  1.732811097715914E-011
   108.500015200516       2.666968425977286E-010  2.462564446525886E-010  2.253189219802579E-010  2.038352720435724E-010  1.817442681461148E-010  1.589651003338849E-010  1.353817137871301E-010  1.232341396397884E-010  1.108045473698358E-010  9.804009996449794E-011  9.018797219246471E-011  8.485727660789209E-011  7.669019212643700E-011  7.110893985972909E-011  6.247345758590824E-011  5.648448882534981E-011  5.339741023152974E-011  5.023231717172554E-011  4.697103392331525E-011  4.358716030475182E-011  4.004019460509747E-011  3.213154769712128E-011  2.736450643012617E-011  2.100774870156546E-011
   109.500015340613       3.043905609187126E-010  2.812987293374198E-010  2.576315000980812E-010  2.333303908610742E-010  2.083219093487943E-010  1.825085058767323E-010  1.557494569285769E-010  1.419493535591225E-010  1.278145058082837E-010  1.132808554946479E-010  1.043296243334704E-010  9.824733208553400E-011  8.891893492154460E-011  8.253622067813442E-011  7.264561500467549E-011  6.577317956633223E-011  6.222571068165597E-011  5.858451845732626E-011  5.482777786045500E-011  5.092376376584461E-011  4.682370572062010E-011  3.764106309422637E-011  3.206320436629588E-011  2.455241378138616E-011
   110.500015480710       7.331154768189893E-010  6.843217415486050E-010  6.334871785888816E-010  5.802744840195894E-010  5.242419518667463E-010  4.647882136284283E-010  4.010494506581506E-010  3.671829971963168E-010  3.316830609730408E-010  2.942203633166906E-010  2.706114451042645E-010  2.543183563311440E-010  2.289129272174043E-010  2.112278581184694E-010  1.833293915145841E-010  1.636033133208243E-010  1.533234234672673E-010  1.427151279619320E-010  1.317264552902987E-010  1.202871934777941E-010  1.082975808831542E-010  8.195340924153840E-011  6.682072299093854E-011  4.870070118940381E-011
   111.500015620807       2.039105364317677E-009  1.902013440663793E-009  1.761827636224950E-009  1.616798211167290E-009  1.465086179545714E-009  1.304322384980690E-009  1.131150892407170E-009  1.038403537111977E-009  9.403849984587724E-010  8.358350206785373E-010  7.692517947057202E-010  7.229477371281098E-010  6.501182999951806E-010  5.989363807048799E-010  5.173357045680714E-010  4.589858624451812E-010  4.283674285745335E-010  3.966288398952011E-010  3.636157818482194E-010  3.291309145394986E-010  2.929127452305525E-010  2.136344199600533E-010  1.690776857307668E-010  1.187446935006152E-010
   112.500015760903       2.610056697440045E-009  2.436008824722568E-009  2.258692412619988E-009  2.075669437316472E-009  1.884431607637935E-009  1.681771702884499E-009  1.463153864684507E-009  1.345819804213945E-009  1.221559109534748E-009  1.088660866850262E-009  1.003799539784203E-009  9.446694612971818E-010  8.514589376561442E-010  7.857906686129186E-010  6.807927684071064E-010  6.054713350243740E-010  5.658637532584511E-010  5.247459267935496E-010  4.819116396533861E-010  4.370994289105978E-010  3.899671959520864E-010  2.866576298525653E-010  2.286825987730859E-010  1.638084451541949E-010
   113.500015901000       3.300227485228619E-009  3.080542972975375E-009  2.856742649752436E-009  2.625774130385719E-009  2.384468877771646E-009  2.128774423708070E-009  1.852973385463744E-009  1.704967510810979E-009  1.548248571384042E-009  1.380677789899565E-009  1.273708759797420E-009  1.199193809029215E-009  1.081771976423505E-009  9.990836668247258E-010  8.669561257623234E-010  7.722567529027362E-010  7.224959230184554E-010  6.708705800789697E-010  6.171328963288283E-010  5.609712426225721E-010  5.019824237850751E-010  3.731235726184951E-010  3.012712969290804E-010  2.218142258710177E-010
   114.500016041097       3.754151964567346E-009  3.508829479851189E-009  3.257623798320297E-009  2.997579606005013E-009  2.725250301397186E-009  2.436103308436458E-009  2.123705577405381E-009  1.955897438920323E-009  1.778124108367288E-009  1.587980057483628E-009  1.466588762435076E-009  1.382030119348245E-009  1.248800907303661E-009  1.155007445247946E-009  1.005211665190297E-009  8.979364297795046E-010  8.416082840713215E-010  7.832071577393999E-010  7.224658077783821E-010  6.590510164972263E-010  5.925367388602591E-010  4.477419378795517E-010  3.675284339637322E-010  2.798551206258753E-010
   115.500016181194       3.922876932928052E-009  3.669622661645241E-009  3.409647314393827E-009  3.140070860821290E-009  2.857413971022973E-009  2.557065717532873E-009  2.232478530331749E-009  2.058157838122375E-009  1.873561880165611E-009  1.676257470627471E-009  1.550395904051363E-009  1.462781226488276E-009  1.324852397128866E-009  1.227850379588226E-009  1.073141750772376E-009  9.625461013998431E-010  9.045557585706463E-010  8.445008378354075E-010  7.821261094770306E-010  7.171170649249316E-010  6.490781395245539E-010  5.017066288446004E-010  4.207900563333291E-010  3.337014094411372E-010
   116.500016321291       4.924446331396370E-009  4.612065110127114E-009  4.290451784644584E-009  3.956251319183932E-009  3.605247734549869E-009  3.231810319578870E-009  2.827948421464969E-009  2.611036632407311E-009  2.381407979872388E-009  2.136140068133660E-009  1.979828106134075E-009  1.871108065718812E-009  1.700150378890019E-009  1.580100748327234E-009  1.389042184518063E-009  1.252866777419980E-009  1.181638909672985E-009  1.108030693277003E-009  1.031779048732356E-009  9.525719954964761E-010  8.700388907813062E-010  6.932102796053120E-010  5.980714136804288E-010  4.993080139604388E-010
   117.500016461388       5.535982848093367E-009  5.190805168568726E-009  4.834240027173375E-009  4.462810807438016E-009  4.072074980402961E-009  3.656094268017634E-009  3.206493568926073E-009  2.965377451164686E-009  2.710582579769007E-009  2.439149660174325E-009  2.266660880210994E-009  2.146968000899831E-009  1.959304564442439E-009  1.827994830700029E-009  1.620001665741102E-009  1.472669133395032E-009  1.395976996939960E-009  1.317037677876451E-009  1.235654595589828E-009  1.151615231567328E-009  1.064704846902039E-009  8.817497321053566E-010  7.863782024430822E-010  6.926103657915041E-010
   118.500016601485       5.790761879078034E-009  5.430309444912266E-009  5.055820452854038E-009  4.663365841686411E-009  4.247786169525239E-009  3.801990709052128E-009  3.315659199993823E-009  3.052575567801305E-009  2.772530529889022E-009  2.471494786082979E-009  2.278485575592199E-009  2.143648647760633E-009  1.930520206911020E-009  1.779946930707413E-009  1.538465296736559E-009  1.364668658656622E-009  1.273078064818983E-009  1.177839211623839E-009  1.078441218954975E-009  9.742265679248519E-010  8.643149463406099E-010  6.217310098429117E-010  4.836742628584959E-010  3.249160276725921E-010
   119.500016741582       3.588538425036348E-009  3.352656277522406E-009  3.105865539874920E-009  2.846176600482636E-009  2.571001193691570E-009  2.276847510194352E-009  1.958770577359207E-009  1.788569833602934E-009  1.609274524562324E-009  1.419142820641512E-009  1.298896818183121E-009  1.215758299876950E-009  1.085953041252772E-009  9.955468951838052E-010  8.530640420935772E-010  7.526239408667236E-010  7.004612081755778E-010  6.468130002748174E-010  5.914875487327276E-010  5.342289035221088E-010  4.746754078503192E-010  3.460822815303925E-010  2.741688755751402E-010  1.908778248658173E-010
   120.500016881679       3.436237531604082E-009  3.203557952845024E-009  2.960073030662978E-009  2.704106185913639E-009  2.433507984517536E-009  2.145432525451042E-009  1.835947853214758E-009  1.671481071561880E-009  1.499287057809896E-009  1.318089633906502E-009  1.204356366225601E-009  1.126158208481293E-009  1.004851003362958E-009  9.209758549666626E-010  7.898995581667159E-010  6.983748428725466E-010  6.511394760266235E-010  6.027731840610867E-010  5.531201237795654E-010  5.019644285524364E-010  4.489877919011342E-010  3.351052260685646E-010  2.711802850269821E-010  1.949006979950257E-010
   121.500017021776       6.812760004205695E-010  6.343788023627550E-010  5.862500782170315E-010  5.367305160595414E-010  4.856030713034870E-010  4.325519050412306E-010  3.770733844136103E-010  3.481660326561966E-010  3.182500632498125E-010  2.870333748502598E-010  2.674861442323064E-010  2.540182304503774E-010  2.329816912156467E-010  2.182439272529586E-010  1.946354804112183E-010  1.774637094031159E-010  1.682665494819182E-010  1.585313282341199E-010  1.481115331150826E-010  1.367946958968793E-010  1.242581582120459E-010  9.304702579616432E-011  7.160308193757122E-011  4.089162487617240E-011
   122.500017161873       3.784833102183385E-009  3.529634145013529E-009  3.262731960900796E-009  2.982363603846952E-009  2.686270162950529E-009  2.371460864072832E-009  2.033798353572642E-009  1.854606785892290E-009  1.667186886881000E-009  1.470169911154408E-009  1.346600542373100E-009  1.261672343350885E-009  1.129956666493384E-009  1.038886142567221E-009  8.965014333367096E-010  7.969629822464767E-010  7.455228156621926E-010  6.927794226090354E-010  6.385309555891868E-010  5.824932184995558E-010  5.242398812842523E-010  3.976947498504669E-010  3.251342358637216E-010  2.352241408898989E-010
   123.500017301970       8.082393549046284E-009  7.583038123481308E-009  7.058161191262687E-009  6.502706931957168E-009  5.910015596807918E-009  5.270975843318939E-009  4.572473454926205E-009  4.195018642547730E-009  3.794234561328764E-009  3.365276980480878E-009  3.091660773595309E-009  2.901331066685429E-009  2.602136518674829E-009  2.392185339727214E-009  2.058450948876103E-009  1.820944853401110E-009  1.696824635666405E-009  1.568604499373812E-009  1.435772455275861E-009  1.297664787022171E-009  1.153377029030667E-009  8.401418375199350E-010  6.648871283304295E-010  4.643213061244496E-010
   124.500017442067       1.365464976121124E-008  1.286542689002870E-008  1.205418194455603E-008  1.121418800010083E-008  1.033713820738281E-008  9.412409133321623E-009  8.425882925812993E-009  7.903609313934720E-009  7.357922460959484E-009  6.784899548209948E-009  6.425979091572885E-009  6.179651818698675E-009  5.798550303818239E-009  5.536077233038633E-009  5.128575132921599E-009  4.847100200168742E-009  4.703333282988738E-009  4.557577905833628E-009  4.409941592559721E-009  4.260662004205436E-009  4.110215522935771E-009  3.810531986548994E-009  3.667246491494297E-009  3.537864641640871E-009
   125.500017582163       2.885236634449543E-008  2.638537274431810E-008  2.419521415449852E-008  2.216452596453913E-008  2.022163325727527E-008  1.831687041589507E-008  1.640719450007707E-008  1.543628962717119E-008  1.444578527076657E-008  1.342757224979035E-008  1.279934398772204E-008  1.237182592246420E-008  1.171546911760630E-008  1.126656324819722E-008  1.057395698093677E-008  1.009825093830348E-008  9.856048107760777E-009  9.611001388794131E-009  9.363300630351502E-009  9.113360540243296E-009  8.862004994791327E-009  8.363184582976675E-009  8.126255368221448E-009  7.916718048659952E-009
   126.500017722260       4.158660273916498E-008  3.382746798914587E-008  2.870409039428477E-008  2.509498458266830E-008  2.227301957955596E-008  1.982085059878662E-008  1.751777984282252E-008  1.638007074213774E-008  1.523293680919770E-008  1.406134250544373E-008  1.333929080817591E-008  1.284712381743413E-008  1.208850516174867E-008  1.156627680720802E-008  1.075217008375641E-008  1.018464096510995E-008  9.892173802636810E-009  9.593298681086750E-009  9.287576406469627E-009  8.974649313544982E-009  8.654382228933258E-009  7.994895159066939E-009  7.663255293977400E-009  7.351667174122032E-009
   127.500017862357       1.162910729212844E-007  8.120582370487966E-008  5.984569070689094E-008  4.719125657118646E-008  3.946353697651032E-008  3.419027115866005E-008  3.001420524711167E-008  2.812304416069330E-008  2.630091932831814E-008  2.451477900072684E-008  2.344773451186152E-008  2.273419637238399E-008  2.165542553846312E-008  2.092744509012870E-008  1.981697683914057E-008  1.906197343510260E-008  1.867995826562782E-008  1.829536939281747E-008  1.790911587682996E-008  1.752302850636349E-008  1.714069024121889E-008  1.642413360799807E-008  1.614305188249185E-008  1.604926563752648E-008
   128.500018002454       4.163683136345617E-007  2.694125597837362E-007  1.744938463321561E-007  1.176565807880671E-007  8.596660818821914E-008  6.876504358652463E-008  5.863209811149210E-008  5.483357362017968E-008  5.149505998376316E-008  4.847097971466100E-008  4.677161429344946E-008  4.567949812064156E-008  4.409782180498134E-008  4.308057913042903E-008  4.161656866838788E-008  4.069332643215502E-008  4.025391428309682E-008  3.983477290430362E-008  3.944277950095676E-008  3.908887344101184E-008  3.879131181227215E-008  3.852759910302277E-008  3.877615333152826E-008  3.980863452659689E-008
   129.500018142551       6.413727711746814E-007  4.163165182311302E-007  2.649264896784322E-007  1.708501637633062E-007  1.173376624496304E-007  8.900395399761219E-008  7.378662465015839E-008  6.857856171069516E-008  6.420504085580899E-008  6.037154529596016E-008  5.826272847408070E-008  5.692457240201962E-008  5.501259508152979E-008  5.380190867358032E-008  5.209407363455577E-008  5.104767731357477E-008  5.056266016928530E-008  5.011187950353344E-008  4.970623451019934E-008  4.936292206326472E-008  4.911050109825509E-008  4.913227473335004E-008  4.974496522496143E-008  5.161290965575785E-008
   130.500018282648       3.861773628632594E-007  2.558982170074027E-007  1.671988438849290E-007  1.109866302937975E-007  7.798232404826812E-008  5.960871285557620E-008  4.900446152472032E-008  4.513041853540610E-008  4.172801749314594E-008  3.859146431872683E-008  3.678085787135993E-008  3.558991040422108E-008  3.381339209918578E-008  3.262758842148219E-008  3.083311721943357E-008  2.961918953367493E-008  2.900577566606514E-008  2.838825518075863E-008  2.776770381558751E-008  2.714675957074509E-008  2.653118973066672E-008  2.538278368988672E-008  2.495640183692890E-008  2.493688916826203E-008
   131.500018422745       1.033162165241372E-006  6.780687581317558E-007  4.281317344971562E-007  2.651718747886740E-007  1.685548397348536E-007  1.169652041299635E-007  9.120356065458420E-008  8.336920203983715E-008  7.727143695786943E-008  7.221450711425696E-008  6.951480380785873E-008  6.782570168899984E-008  6.544230237701775E-008  6.395211197631361E-008  6.188065099143948E-008  6.063707146905083E-008  6.007153361386007E-008  5.955610514210957E-008  5.910650372495897E-008  5.874765917516846E-008  5.852127770594219E-008  5.884297351512546E-008  5.990690747280805E-008  6.293394202648143E-008
   132.500018562842       1.395790198043849E-006  9.205053361473757E-007  5.799783849874070E-007  3.538328774122252E-007  2.175707612384367E-007  1.444234082204949E-007  1.088210823946886E-007  9.855944262310735E-008  9.090263524450827E-008  8.477063722937673E-008  8.156257453564862E-008  7.957507810021653E-008  7.679609855136556E-008  7.507565526368702E-008  7.271408523459635E-008  7.132331198662869E-008  7.070292928000702E-008  7.014919028552220E-008  6.968280307759951E-008  6.933659933294130E-008  6.916554730093681E-008  6.984787523151658E-008  7.138946352648381E-008  7.557691443228614E-008
   133.500018702939       1.493206379835989E-006  9.922599622927094E-007  6.284790932571224E-007  3.831515360812323E-007  2.328612805421847E-007  1.509879022796182E-007  1.109865129888241E-007  9.959463513644299E-008  9.119339545610570E-008  8.449963983524050E-008  8.098036398746355E-008  7.878202523246473E-008  7.566821005421387E-008  7.370425748124519E-008  7.093013764137300E-008  6.921827969239964E-008  6.841789832751053E-008  6.766734468059240E-008  6.698315520997998E-008  6.639225192971504E-008  6.594078507650064E-008  6.588801715438603E-008  6.689924561647779E-008  7.029270060198030E-008
   134.500018843036       2.159331688769396E-006  1.447676307647444E-006  9.209992815915825E-007  5.582974347869417E-007  3.312933600754786E-007  2.056376786179046E-007  1.447248791115355E-007  1.281317858056182E-007  1.164960378379538E-007  1.077127115495503E-007  1.032688609744872E-007  1.005511210748334E-007  9.678149085912718E-008  9.445919913112952E-008  9.127695637614169E-008  8.939966953632593E-008  8.855894820824456E-008  8.780467341637093E-008  8.716356318787711E-008  8.667844000895844E-008  8.642178743095138E-008  8.726352692418498E-008  8.930535385097871E-008  9.503798719874032E-008
   135.500018983133       2.022419471916896E-006  1.360937708991490E-006  8.693102341981298E-007  5.289053937255738E-007  3.143687902525003E-007  1.945616648737467E-007  1.358669107322276E-007  1.197305892104542E-007  1.083382681988057E-007  9.965049039856172E-008  9.519670174760356E-008  9.244081678387086E-008  8.855801794034158E-008  8.611513826421385E-008  8.266247804984992E-008  8.052322714502348E-008  7.951771796861974E-008  7.856938122478931E-008  7.769730401394156E-008  7.693309235733287E-008  7.633181518066658E-008  7.614605550252052E-008  7.733087993553979E-008  8.157126823676994E-008
   136.500019123230       2.004059125838583E-006  1.356015344270034E-006  8.714779605267083E-007  5.334586890063561E-007  3.183985229979332E-007  1.968585435640996E-007  1.364644514040983E-007  1.196694491323106E-007  1.077353460129098E-007  9.856742999858077E-008  9.382629254293307E-008  9.086955627656640E-008  8.665946848249994E-008  8.397287807994654E-008  8.009734684350147E-008  7.762065976544598E-008  7.642280771955900E-008  7.526148585413626E-008  7.415034994248294E-008  7.311314998816632E-008  7.219295806756519E-008  7.113643656679440E-008  7.165551648136656E-008  7.481697780302609E-008
   137.500019263326       2.124049468981417E-006  1.430635415835210E-006  9.151759237089107E-007  5.579746680769506E-007  3.323262676103194E-007  2.055777325757074E-007  1.426281593135818E-007  1.249642541475657E-007  1.122616193120861E-007  1.023615549202756E-007  9.718005514391104E-008  9.392314929366876E-008  8.924335314731224E-008  8.622324659286763E-008  8.179873235496326E-008  7.890719890916890E-008  7.748084496196840E-008  7.607258934462527E-008  7.469134933559813E-008  7.335419034683781E-008  7.209427029356086E-008  7.016435591906359E-008  7.006659309265584E-008  7.232317097560658E-008
   138.500019403423       1.639349586868933E-006  1.102785184441521E-006  7.101285997092676E-007  4.421215031937837E-007  2.747149532692487E-007  1.805063850290846E-007  1.319115713313096E-007  1.172051142502202E-007  1.058762156574669E-007  9.642415635470541E-008  9.123783137176530E-008  8.789138130943284E-008  8.295632023521881E-008  7.968033022363717E-008  7.471529171658110E-008  7.132568716369484E-008  6.959436660282110E-008  6.783313613785972E-008  6.603871622569141E-008  6.421019663399434E-008  6.235273937976044E-008  5.867966431169259E-008  5.714932480947326E-008  5.690212161010102E-008
   139.500019543520       1.812639061454976E-006  1.220027384190463E-006  7.863031082945476E-007  4.902012247866253E-007  3.050848553138162E-007  2.006120863720120E-007  1.463345917381957E-007  1.297609471930503E-007  1.169276743906425E-007  1.061899626964872E-007  1.002932994233219E-007  9.648720568934986E-008  9.087038726068021E-008  8.713668153539288E-008  8.146254387142963E-008  7.757071792682303E-008  7.557411392938226E-008  7.353470166285890E-008  7.144562564620319E-008  6.930114532472256E-008  6.709964164890038E-008  6.260866176263395E-008  6.056262665506106E-008  5.967669985533438E-008
   140.500019683617       2.477035910858850E-006  1.691363200118483E-006  1.098885143072773E-006  6.808718374449686E-007  4.107902114030487E-007  2.548471997053235E-007  1.750520908939650E-007  1.522325564983347E-007  1.357214562862770E-007  1.227865693790283E-007  1.159596842892968E-007  1.116293694211004E-007  1.053250662809680E-007  1.011840671102626E-007  9.496442495019358E-008  9.075361476284826E-008  8.861328383314200E-008  8.644312756541318E-008  8.423963930938764E-008  8.200267585395189E-008  7.974045216631558E-008  7.531926801829025E-008  7.354748583082867E-008  7.352800496052689E-008
   141.500019823714       2.963039801573368E-006  2.048581285404930E-006  1.343338967690853E-006  8.330941775837368E-007  4.945407618549627E-007  2.945523473478252E-007  1.919990038921033E-007  1.636915884639189E-007  1.441882270199774E-007  1.297373456400034E-007  1.223761827393962E-007  1.177729122943625E-007  1.111313779989257E-007  1.067957144337298E-007  1.003138662056286E-007  9.594547357247893E-008  9.373207887619427E-008  9.149362026351410E-008  8.922796841794722E-008  8.693733185156027E-008  8.463406800488829E-008  8.020859944768866E-008  7.853244144921351E-008  7.884939942585520E-008
   142.500019963811       3.578335602216399E-006  2.483826617546466E-006  1.632498091352358E-006  1.010990214580282E-006  5.949367082413079E-007  3.474732991346041E-007  2.206804937367804E-007  1.861817469001384E-007  1.628907059881428E-007  1.460698415536782E-007  1.376602316774689E-007  1.324472051336380E-007  1.249754562821419E-007  1.201240829053192E-007  1.129051442855833E-007  1.080620455948925E-007  1.056150246131241E-007  1.031452699589964E-007  1.006510332748881E-007  9.813577182252069E-008  9.561495360089907E-008  9.081713539490309E-008  8.906314876929094E-008  8.965005634414754E-008
   143.500020103908       3.073901962846112E-006  2.137866260821900E-006  1.411459953190300E-006  8.820024168278137E-007  5.275695358423379E-007  3.159397057867536E-007  2.060134370933110E-007  1.753233915012481E-007  1.540257520288655E-007  1.381284411948511E-007  1.299738876554720E-007  1.248472749988344E-007  1.174023007347672E-007  1.125030017146729E-007  1.051009553023602E-007  1.000412590924422E-007  9.744788387443608E-008  9.479897544345645E-008  9.208408679597543E-008  8.929353227961859E-008  8.642174709239445E-008  8.051458249256419E-008  7.776384284821534E-008  7.643160780020864E-008
   144.200017150218       3.985291356017231E-006  2.785280156473617E-006  1.844358238113489E-006  1.150691709304658E-006  6.807620695752487E-007  3.972500602839066E-007  2.497775604111000E-007  2.093016626888562E-007  1.819779204720858E-007  1.623375088285604E-007  1.525560450895531E-007  1.464955562993421E-007  1.377933970600609E-007  1.321202973617317E-007  1.236202192459780E-007  1.178585687381256E-007  1.149217088625277E-007  1.119345148114912E-007  1.088876602326942E-007  1.057741609684436E-007  1.025943686952026E-007  9.618709811974305E-008  9.336736670157647E-008  9.250185604119971E-008
   144.700017220266       4.247864791923496E-006  2.968995825756524E-006  1.966269620711838E-006  1.227067527193036E-006  7.262385718615204E-007  4.239351399210224E-007  2.664988949575325E-007  2.232276604781116E-007  1.940002774911058E-007  1.730008442163281E-007  1.625559297539182E-007  1.560913666262583E-007  1.468192527408873E-007  1.407806461518199E-007  1.317394060321001E-007  1.256125362268864E-007  1.224888113491398E-007  1.193102078308320E-007  1.160657698636086E-007  1.127465025774437E-007  1.093502951078380E-007  1.024675415426281E-007  9.939074973045732E-008  9.831838793039622E-008
   145.500020384102       4.688003795274740E-006  3.306964450470549E-006  2.212969299641596E-006  1.396150130614223E-006  8.338071614958100E-007  4.875356351201093E-007  3.031008793074659E-007  2.517210129264935E-007  2.170837657087478E-007  1.925669879780577E-007  1.805987542946519E-007  1.732770050082178E-007  1.628797017454779E-007  1.561658451260942E-007  1.461875148191738E-007  1.394733447422984E-007  1.360652022787838E-007  1.326080955527168E-007  1.290915282349603E-007  1.255079890806537E-007  1.218589670431115E-007  1.145516582204934E-007  1.113881268802406E-007  1.106094369342672E-007
   146.500020524199       4.443741405680181E-006  3.165408427189181E-006  2.143933968904802E-006  1.372263822029448E-006  8.324627848616881E-007  4.928061161665731E-007  3.068043750776368E-007  2.537845848295965E-007  2.177221313212974E-007  1.922030939653057E-007  1.798125707197387E-007  1.722563439856411E-007  1.615375869122658E-007  1.546070818313804E-007  1.442642866868936E-007  1.372579990085132E-007  1.336812607814255E-007  1.300353351621109E-007  1.263039532382854E-007  1.224711430156881E-007  1.185251617244549E-007  1.103706075238581E-007  1.065155891263619E-007  1.045093191583884E-007
   147.500020664296       4.591232255332381E-006  3.290085814200532E-006  2.243695261626281E-006  1.447074487712006E-006  8.845490245999678E-007  5.265129746608022E-007  3.278341019187574E-007  2.706260630271504E-007  2.315633952503921E-007  2.039069838854152E-007  1.904937819538829E-007  1.823162523856815E-007  1.707063828276820E-007  1.631835943701144E-007  1.519139931045014E-007  1.442368194204483E-007  1.402992934090659E-007  1.362695895617722E-007  1.321249809957770E-007  1.278404850726883E-007  1.233911057937976E-007  1.139757143479552E-007  1.092535871634056E-007  1.059986701657285E-007
   148.500020804393       5.016802443406890E-006  3.609494218732942E-006  2.471713044768493E-006  1.600306842856678E-006  9.807950583627417E-007  5.835550138692802E-007  3.615423829587860E-007  2.973892994938315E-007  2.536228489648667E-007  2.227696737609230E-007  2.078824909843884E-007  1.988331809202313E-007  1.860130881849039E-007  1.777164088769955E-007  1.652884767525147E-007  1.568126749589715E-007  1.524589722844062E-007  1.479963968420964E-007  1.433966754933561E-007  1.386273676179200E-007  1.336529963368167E-007  1.229961449909533E-007  1.174918088056935E-007  1.132654205871042E-007
   149.500020944490       5.765898221593560E-006  4.153328028318206E-006  2.846266863725107E-006  1.842474198726472E-006  1.126780488527183E-006  6.665654979627560E-007  4.088903038144936E-007  3.345201997542690E-007  2.839876218068458E-007  2.486359416671273E-007  2.317154011361433E-007  2.214809244930323E-007  2.070435266833118E-007  1.977331201138107E-007  1.838230727614030E-007  1.743530294371472E-007  1.694910189080275E-007  1.645073514262654E-007  1.593685879994197E-007  1.540356595751295E-007  1.484643268211458E-007  1.364623485783983E-007  1.301781594145606E-007  1.251368459559456E-007
   150.500021084586       6.050533838845321E-006  4.377070215206347E-006  3.014172926437669E-006  1.961853033297642E-006  1.206929284619626E-006  7.179990370124261E-007  4.419119378753353E-007  3.616062035686748E-007  3.067645931565391E-007  2.682305174337840E-007  2.497375532335956E-007  2.385371502091247E-007  2.227152728500627E-007  2.124941861794616E-007  1.971847561827025E-007  1.867235076863307E-007  1.813358485430585E-007  1.757983970431267E-007  1.700691703581640E-007  1.640972333855373E-007  1.578210100915037E-007  1.440840252000461E-007  1.366313452287656E-007  1.299501163637057E-007
   151.200018130896       5.308990965152908E-006  3.844952790451481E-006  2.656060941240766E-006  1.740476517359246E-006  1.084774916128657E-006  6.598318109777916E-007  4.181455187780032E-007  3.466745486500857E-007  2.968442207216728E-007  2.607912088596316E-007  2.430281429339755E-007  2.321076717155081E-007  2.164801965219887E-007  2.062660508256420E-007  1.907952279537207E-007  1.800977125758567E-007  1.745440385266585E-007  1.688010593989447E-007  1.628177818303935E-007  1.565296515675228E-007  1.498533215072133E-007  1.348780381531113E-007  1.263405014660409E-007  1.176082274591823E-007
   151.700018200944       6.194827671378573E-006  4.494326595474353E-006  3.108806385830941E-006  2.037331317335556E-006  1.265872531196646E-006  7.625619281255833E-007  4.744282619775517E-007  3.891876829692149E-007  3.302352308252192E-007  2.883802166508522E-007  2.682031980686489E-007  2.559700712023736E-007  2.386755007339663E-007  2.274864705917612E-007  2.106784673209709E-007  1.991415564954969E-007  1.931779755117867E-007  1.870297173902012E-007  1.806448655449758E-007  1.739587079410356E-007  1.668894652772919E-007  1.511795962647178E-007  1.423803525867388E-007  1.337729555338543E-007
   152.500021364780       7.376931320826767E-006  5.473103580463168E-006  3.880381200221855E-006  2.607895623500388E-006  1.653973657474585E-006  1.000119584304695E-006  6.044639702553599E-007  4.830294338612383E-007  3.987348532679686E-007  3.405380356120031E-007  3.138313529301573E-007  2.982511989911716E-007  2.770570036867430E-007  2.638330551421730E-007  2.446073875994549E-007  2.318219715193189E-007  2.253419876117306E-007  2.187556662866292E-007  2.120216419188358E-007  2.050934596547499E-007  1.979211791727449E-007  1.827206927878313E-007  1.749619142599169E-007  1.691511148311972E-007
   153.500021504877       1.057684287371467E-005  8.213542629503811E-006  6.142683809027046E-006  4.386873505088386E-006  2.964337573222820E-006  1.883874278223720E-006  1.136925918950423E-006  8.784698948903238E-007  6.868387631575795E-007  5.515309005468093E-007  4.922126561905569E-007  4.599946718822332E-007  4.205352662980782E-007  3.989915837631095E-007  3.721677571643729E-007  3.572865624648055E-007  3.506740654339716E-007  3.446410277051399E-007  3.392625507484220E-007  3.346895056247746E-007  3.312092452997800E-007  3.304438480467083E-007  3.375577278420245E-007  3.627220200670083E-007
   154.500021644974       1.436821202892307E-005  1.141080605108239E-005  8.760641081028301E-006  6.449387792444787E-006  4.507972016984049E-006  2.962539517647409E-006  1.826904782821456E-006  1.410630590769624E-006  1.089502008165507E-006  8.550025910712579E-007  7.509225898532520E-007  6.948424998228570E-007  6.280793948252760E-007  5.936108453169454E-007  5.546297680875558E-007  5.362263210270812E-007  5.292667149406387E-007  5.239267471120632E-007  5.204356286116193E-007  5.192110717406967E-007  5.210034736605072E-007  5.407698834913334E-007  5.688803338447351E-007  6.375330758605574E-007
   155.500021785071       1.015227720950636E-005  8.067611213426625E-006  6.218102959657455E-006  4.619609369983964E-006  3.286004624160121E-006  2.226696501236562E-006  1.442413611031818E-006  1.149652009376424E-006  9.184187088278612E-007  7.429140262043610E-007  6.611828089030830E-007  6.153035000526379E-007  5.577961966773334E-007  5.260536143553689E-007  4.868510598594318E-007  4.656992028278333E-007  4.565624009026369E-007  4.484360134316485E-007  4.414335437881727E-007  4.357751086752350E-007  4.318720843151310E-007  4.334051050105327E-007  4.448282858972985E-007  4.806769346315038E-007
   156.500021925168       8.715631190769582E-006  6.971288143066337E-006  5.416260280268147E-006  4.063494348819292E-006  2.924845979361173E-006  2.009322982210841E-006  1.319980725246359E-006  1.058204821482905E-006  8.485928453279771E-007  6.869860114964403E-007  6.106590770072103E-007  5.674120143914617E-007  5.126686033593154E-007  4.821012365690800E-007  4.437565613659562E-007  4.225177654253406E-007  4.130876585346264E-007  4.044538826349768E-007  3.966715761125778E-007  3.898710717267721E-007  3.843185853090624E-007  3.797662566938162E-007  3.850462567595144E-007  4.080444318774040E-007
   157.500022065265       1.465858418864909E-005  1.185334108129789E-005  9.304618687087626E-006  7.041152490969294E-006  5.092722885124252E-006  3.487859887348712E-006  2.249095671937399E-006  1.770253384165297E-006  1.383658786535044E-006  1.085089287363393E-006  9.451827170821130E-007  8.669097563711583E-007  7.699886429746253E-007  7.177346826460534E-007  6.556561533888832E-007  6.240727457425546E-007  6.110900308434719E-007  6.000370811599136E-007  5.910770964965033E-007  5.845454342708476E-007  5.810845314309896E-007  5.897770799923404E-007  6.112616148862212E-007  6.707618713949864E-007
   158.500022205362       1.884928621785558E-005  1.538858722781952E-005  1.220356734036103E-005  9.332015472272208E-006  6.815903619659859E-006  4.699830294188956E-006  3.026597622489420E-006  2.366552502993430E-006  1.826692387383783E-006  1.405264617881880E-006  1.206896799442119E-006  1.096049556525653E-006  9.596665253379830E-007  8.871126876620432E-007  8.029078245916178E-007  7.616312757630409E-007  7.452056501267955E-007  7.316228590997109E-007  7.210660502850691E-007  7.139468648098820E-007  7.110851847164570E-007  7.264744995625464E-007  7.569321888966926E-007  8.373064307071872E-007
   159.500022345459       2.157931572144127E-005  1.771038217468727E-005  1.412572527794302E-005  1.086918981648248E-005  7.990685358305709E-006  5.545083658704653E-006  3.588151230743231E-006  2.808182134205060E-006  2.165671682410229E-006  1.660620796886309E-006  1.421710206441080E-006  1.287897383648370E-006  1.123053720445610E-006  1.035368207140219E-006  9.338431939095925E-007  8.843670183313862E-007  8.648125686201848E-007  8.487658561318467E-007  8.364614317039586E-007  8.284196063863334E-007  8.256730330483762E-007  8.465761635045678E-007  8.856703273569133E-007  9.882193397180308E-007
   160.500022485556       2.157869967933706E-005  1.773817354862704E-005  1.417191031844673E-005  1.092389183180517E-005  8.044440032514074E-006  5.589336392682029E-006  3.616134012735560E-006  2.826401980266495E-006  2.173713325278607E-006  1.658653783022342E-006  1.414051190881086E-006  1.276629480934047E-006  1.106669659577200E-006  1.015740266479131E-006  9.094165908356097E-007  8.565416013561422E-007  8.351132357137705E-007  8.169893994439603E-007  8.023040984654020E-007  7.914271752555332E-007  7.851515043985307E-007  7.948393083538397E-007  8.234363893472315E-007  9.045273369259626E-007
   161.500022625653       2.142535355477298E-005  1.763938416417421E-005  1.412441603642537E-005  1.092201842966151E-005  8.079506390549058E-006  5.649132895692574E-006  3.684802992734670E-006  2.892668027308074E-006  2.232908535535477E-006  1.706521054291236E-006  1.453490910724348E-006  1.309984537750992E-006  1.130537701008160E-006  1.033261125524460E-006  9.177107216774173E-007  8.589576686866142E-007  8.346394814803363E-007  8.136079832393305E-007  7.959267849685920E-007  7.818537398852593E-007  7.720008186125465E-007  7.718517765945592E-007  7.921395136655353E-007  8.570455939094913E-007
   162.500022765750       1.817995940071729E-005  1.496164795395670E-005  1.198472249245955E-005  9.282685783723025E-006  6.892784562599322E-006  4.854918538869485E-006  3.208539587014467E-006  2.542681178561056E-006  1.985175651856144E-006  1.536018698374554E-006  1.317289907414593E-006  1.191780909569815E-006  1.032402723609433E-006  9.442051300413206E-007  8.364941012805844E-007  7.794964114199955E-007  7.550734156460253E-007  7.332673990738810E-007  7.140851149978209E-007  6.976614381084405E-007  6.843699041181067E-007  6.717471296694529E-007  6.797247132805011E-007  7.193708451321273E-007
   163.500022905846       2.032415271850957E-005  1.685583443900343E-005  1.362776962571746E-005  1.067400389493881E-005  8.033151722942062E-006  5.747906708112258E-006  3.863084420510652E-006  3.084248567944443E-006  2.420374276131284E-006  1.874103196366462E-006  1.602936788387173E-006  1.445413883245971E-006  1.243085502874904E-006  1.130000873617568E-006  9.910960413603577E-007  9.175745674786806E-007  8.861844664566938E-007  8.582690883744621E-007  8.338307073961639E-007  8.130094568105983E-007  7.962120791256403E-007  7.798170565832522E-007  7.885207604291695E-007  8.335702577346278E-007
   164.500023045943       2.814329474673216E-005  2.368141279026302E-005  1.945242739058753E-005  1.550045747905107E-005  1.187875228860244E-005  8.651260741736759E-006  5.893577631679273E-006  4.717466497279278E-006  3.691431998116114E-006  2.826262515262869E-006  2.388289400372885E-006  2.131055934344732E-006  1.797919294470258E-006  1.610960662873324E-006  1.382440189071287E-006  1.263808834020953E-006  1.214342670216771E-006  1.171374673773256E-006  1.134957819425689E-006  1.105339200435190E-006  1.083160437613118E-006  1.069025436914623E-006  1.089769036397016E-006  1.166880103895500E-006
   165.500023186040       1.893867877398098E-005  1.580186461008666E-005  1.286228799483912E-005  1.015020001041013E-005  7.700884151676275E-006  5.554912061426156E-006  3.757415182674293E-006  3.003969701671956E-006  2.354661728832397E-006  1.813686676471550E-006  1.542051794420447E-006  1.382987816038623E-006  1.176863022012223E-006  1.060449472254405E-006  9.155803332253953E-007  8.374173350607991E-007  8.034356151804522E-007  7.726662510282003E-007  7.449993113907295E-007  7.203915127832028E-007  6.989417188251157E-007  6.679115742737319E-007  6.629449386425226E-007  6.801560814923984E-007
   166.500023326137       2.839678077422428E-005  2.397815370289928E-005  1.977953518425922E-005  1.584303816247592E-005  1.221983010949378E-005  8.971913400234086E-006  6.173551301707904E-006  4.969482742274358E-006  3.910734737944011E-006  3.008686013877791E-006  2.546978312022814E-006  2.273424495685814E-006  1.915312481694359E-006  1.711528553304499E-006  1.457722851866821E-006  1.322211870983829E-006  1.264239630875807E-006  1.212644323533409E-006  1.167367348275586E-006  1.128466275620843E-006  1.096254859938450E-006  1.056808130085105E-006  1.058165546244940E-006  1.100184618834612E-006
   167.200020372447       1.718498642253801E-005  1.430030610211510E-005  1.161395172712493E-005  9.151538697000957E-006  6.942047872188388E-006  5.017575862643687E-006  3.412124297449123E-006  2.739427297539594E-006  2.158211143797906E-006  1.670901768915699E-006  1.423935501142009E-006  1.278045701433065E-006  1.086694184989260E-006  9.767863334623038E-007  8.366133979681119E-007  7.580633944949986E-007  7.227257941090725E-007  6.897175630500949E-007  6.587822279087166E-007  6.296344351377669E-007  6.019606982306913E-007  5.497064569423342E-007  5.246789093857087E-007  5.019180462828286E-007
   167.700020442495       2.737025589292807E-005  2.321171552093045E-005  1.924782522607126E-005  1.551651993713389E-005  1.206426969228679E-005  8.947835049301058E-006  6.235852825190916E-006  5.056392277386573E-006  4.009262899613666E-006  3.105920619970072E-006  2.637609336124168E-006  2.357495377381734E-006  1.986874811878282E-006  1.773454656698344E-006  1.504398290462808E-006  1.359073207790411E-006  1.296571878997463E-006  1.240837188484990E-006  1.191924112693979E-006  1.150017016820505E-006  1.115584339354279E-006  1.075137874029881E-006  1.079189652909587E-006  1.130565735358802E-006
   168.500023606331       3.226818104798583E-005  2.746943546574266E-005  2.287909973234248E-005  1.853984321458303E-005  1.450402724447495E-005  1.083601474252395E-005  7.614756058287451E-006  6.200917031930366E-006  4.936094225948526E-006  3.834923324319413E-006  3.259113569271660E-006  2.912653509591737E-006  2.451438089211627E-006  2.184214191974849E-006  1.845649739398142E-006  1.662389987150134E-006  1.583746727070604E-006  1.513936083920604E-006  1.453202313929351E-006  1.402002785902027E-006  1.361242813094394E-006  1.321058208431081E-006  1.337639255807639E-006  1.427835791059254E-006
   169.500023746428       2.603810627730414E-005  2.207602169670023E-005  1.831374081835284E-005  1.478655166691098E-005  1.153664528618817E-005  8.614149665593733E-006  6.077839693106000E-006  4.975162929439544E-006  3.994624788989943E-006  3.145226605190594E-006  2.702142803453385E-006  2.435547799107860E-006  2.079951222038858E-006  1.872958538433405E-006  1.608336074517627E-006  1.462959770188167E-006  1.399785642678484E-006  1.343150571624615E-006  1.293346138359492E-006  1.250905807929763E-006  1.216839724242679E-006  1.184344739454189E-006  1.202040845778314E-006  1.290765254392013E-006
   170.500023886525       2.716187781161706E-005  2.312043128233987E-005  1.926721413987102E-005  1.563744349121987E-005  1.227389423117156E-005  9.228306342181296E-006  6.562492168596665E-006  5.394100220243212E-006  4.348236547269704E-006  3.434867087053027E-006  2.954523770059393E-006  2.663735877672509E-006  2.273078931109492E-006  2.043713618334158E-006  1.747425531470545E-006  1.582495374187401E-006  1.510102416711621E-006  1.444664946604942E-006  1.386504968052285E-006  1.336173937065261E-006  1.294665746956640E-006  1.247936881237599E-006  1.257179549116126E-006  1.329949407388487E-006
   171.500024026622       2.989769361632858E-005  2.564445082292822E-005  2.156345522053078E-005  1.768935483574955E-005  1.406458778851894E-005  1.074122181900780E-005  7.783052631454987E-006  6.464532102535247E-006  5.267455376097737E-006  4.203748051553556E-006  3.634832053995141E-006  3.286224089264264E-006  2.811602125948646E-006  2.528823410665726E-006  2.157976643275121E-006  1.948493526455623E-006  1.855889223450618E-006  1.771941224609760E-006  1.697299839031442E-006  1.632960070706223E-006  1.580558270093754E-006  1.526349079871759E-006  1.545181080876702E-006  1.652569901215733E-006
   172.500024166719       2.977995623657389E-005  2.557808625064374E-005  2.154386776498356E-005  1.771057727186912E-005  1.411905790151885E-005  1.081961636139856E-005  7.874229887906044E-006  6.557399469415995E-006  5.358649636408669E-006  4.289781148988110E-006  3.716057655691185E-006  3.363523273331680E-006  2.881920944127578E-006  2.593755084245666E-006  2.213715880632529E-006  1.997366968295834E-006  1.901117707014670E-006  1.813395767044897E-006  1.734870588450071E-006  1.666571053613148E-006  1.610194473439041E-006  1.548597342019949E-006  1.564988263212962E-006  1.674264954240342E-006
   173.500024306816       3.386952226522104E-005  2.924559286743269E-005  2.478250711887048E-005  2.051470429663586E-005  1.648504846206343E-005  1.274716880084854E-005  9.368522076755759E-006  7.839728573745489E-006  6.434401270368853E-006  5.166960752769705E-006  4.479482003463338E-006  4.054030028938148E-006  3.468508338772115E-006  3.115497625234283E-006  2.646603188744101E-006  2.377982005501682E-006  2.258139269704559E-006  2.148786588879204E-006  2.050857118310827E-006  1.965732966841643E-006  1.895625695227879E-006  1.819944175513156E-006  1.841298777236722E-006  1.978134239419539E-006
   174.500024446913       3.272510430757475E-005  2.824004057202658E-005  2.391735486753949E-005  1.979009145919330E-005  1.589893091710173E-005  1.229436802611935E-005  9.039596277640381E-006  7.567505702007363E-006  6.214268414850654E-006  4.993243397365953E-006  4.330330675878462E-006  3.919658102542707E-006  3.353547827215298E-006  3.011364987140573E-006  2.554886926803007E-006  2.291403173335854E-006  2.172950495198963E-006  2.064032673213786E-006  1.965388339813073E-006  1.878106450239090E-006  1.803926791355222E-006  1.710235885682594E-006  1.712063237432238E-006  1.806930864056070E-006
   175.500024587009       3.795025931672756E-005  3.289203687996547E-005  2.799209712032434E-005  2.328638328761677E-005  1.881982112932788E-005  1.464908705262023E-005  1.084640455143163E-005  9.111197660354099E-006  7.505033849742821E-006  6.044345527232790E-006  5.245685569059406E-006  4.748569804976127E-006  4.059959814625144E-006  3.641679390805900E-006  3.081165936790300E-006  2.756461310328577E-006  2.610327977595359E-006  2.475989559897706E-006  2.354504331944808E-006  2.247409330212036E-006  2.157124101544841E-006  2.047960117716002E-006  2.057829638607627E-006  2.191644413443336E-006
   176.500024727106       2.920123109856290E-005  2.515772495411531E-005  2.127216277309853E-005  1.757527687927334E-005  1.410462870306290E-005  1.090608025304212E-005  8.035239672896831E-006  6.743054125543890E-006  5.558626400106368E-006  4.492056646713611E-006  3.913171890817907E-006  3.554217049216579E-006  3.058200997992768E-006  2.757043263769310E-006  2.352029395615555E-006  2.114991582672355E-006  2.007016697256059E-006  1.906514550044193E-006  1.813991840883533E-006  1.730225120181310E-006  1.656503640714218E-006  1.551149984840651E-006  1.536887269368044E-006  1.600077908825921E-006
   177.500024867203       3.636507322910055E-005  3.152600478369672E-005  2.684005724812857E-005  2.234173352299037E-005  1.807402671384012E-005  1.409091843757134E-005  1.046042878219541E-005  8.803531501632318E-006  7.268920798020447E-006  5.871389052911074E-006  5.105710413037454E-006  4.628176167283483E-006  3.964779659935094E-006  3.560128064334693E-006  3.014346680724717E-006  2.694860419175287E-006  2.549661477733483E-006  2.414949997422371E-006  2.291584731608807E-006  2.180826338738673E-006  2.084688295088495E-006  1.954151481100226E-006  1.944872879143300E-006  2.045676824436053E-006
   178.500025007300       3.650149416589278E-005  3.162486254201751E-005  2.690495353077644E-005  2.237701004934837E-005  1.808477436845356E-005  1.408284554531519E-005  1.043966305810833E-005  8.778728926379080E-006  7.241515241000682E-006  5.842584035729409E-006  5.076446030803946E-006  4.598651757930153E-006  3.934700326107850E-006  3.529356508159594E-006  2.981447931276820E-006  2.659202076704851E-006  2.511958692798042E-006  2.374567741981463E-006  2.247666600463582E-006  2.132182435135755E-006  2.029592730409263E-006  1.876289695276697E-006  1.844330926920633E-006  1.897488849026229E-006
   179.500025147397       4.193551590266666E-005  3.652498743973929E-005  3.126268067212430E-005  2.618448005534809E-005  2.133548675911047E-005  1.677290345160740E-005  1.257025053206835E-005  1.063283591646741E-005  8.823781621263278E-006  7.160530838939014E-006  6.241109784321481E-006  5.664080892224542E-006  4.856912271911876E-006  4.360760531730221E-006  3.685776784539014E-006  3.286701489732456E-006  3.104072457516068E-006  2.933750103960231E-006  2.776837583198700E-006  2.634928602900499E-006  2.510526456200722E-006  2.336034834746340E-006  2.316168636146140E-006  2.428381922621900E-006
   180.500025287494       3.816260470753383E-005  3.315250778974021E-005  2.829899807723527E-005  2.363592657553890E-005  1.920514387086588E-005  1.505883278591525E-005  1.126274180666941E-005  9.521364514707976E-006  7.900766175148176E-006  6.415493662504920E-006  5.596236596501232E-006  5.082560409504328E-006  4.364257587682705E-006  3.922478198629195E-006  3.320006872248514E-006  2.961800068191770E-006  2.796833778962422E-006  2.641978494267103E-006  2.497963605114982E-006  2.365845736727230E-006  2.247299312396491E-006  2.065778825960526E-006  2.023886324404072E-006  2.077011997591655E-006
   181.500025427591       3.889892825371218E-005  3.387713730242136E-005  2.899952859524156E-005  2.429950148913570E-005  1.981879002629506E-005  1.560982746183789E-005  1.173910569762260E-005  9.956278093608751E-006  8.291709656249718E-006  6.760151232028035E-006  5.912118213646586E-006  5.378887648054701E-006  4.630776801000436E-006  4.168883244821135E-006  3.536097403303848E-006  3.157819317761020E-006  2.982964316565457E-006  2.818400832658392E-006  2.664956467550188E-006  2.523842004383637E-006  2.396986675761000E-006  2.203205712899202E-006  2.160569649407722E-006  2.225798487382367E-006
   182.500025567688       3.634045846643147E-005  3.158935443154561E-005  2.698954125338899E-005  2.257309525586553E-005  1.837909354669739E-005  1.445532166174999E-005  1.086090945318816E-005  9.209690083300258E-006  7.670197665531571E-006  6.255263345582130E-006  5.472230080209533E-006  4.979908053229034E-006  4.288996504100204E-006  3.862057190955948E-006  3.275946649497932E-006  2.924053668479771E-006  2.760619048738621E-006  2.606049961189595E-006  2.460903080587044E-006  2.325991771344627E-006  2.202621806090672E-006  2.002367580695132E-006  1.942734352309142E-006  1.962634310834626E-006
   183.500025707785       3.541597089849892E-005  3.075816466456687E-005  2.625150384898287E-005  2.192853051151304E-005  1.782905378827062E-005  1.400201108430895E-005  1.050775821738946E-005  8.908114595093965E-006  7.420965692191087E-006  6.058468539851833E-006  5.306368715010840E-006  4.834147494935512E-006  4.172053745223761E-006  3.762996662031501E-006  3.200660162229515E-006  2.861699565042544E-006  2.703536439805140E-006  2.553238525217879E-006  2.411149681859408E-006  2.277786193722691E-006  2.154008073949438E-006  1.943485811939285E-006  1.869469182628491E-006  1.857320960315202E-006
   184.500025847882       3.167993388191038E-005  2.750429952153941E-005  2.347226918510138E-005  1.961233698206436E-005  1.595926574979556E-005  1.255561959468119E-005  9.453448472989587E-006  8.034730551554716E-006  6.716096217866417E-006  5.507464562264909E-006  4.839512379018571E-006  4.419550497998681E-006  3.829472973689680E-006  3.463767443614912E-006  2.958643129360818E-006  2.652019026503598E-006  2.508089358397623E-006  2.370620433243061E-006  2.239839601027582E-006  2.116102858102886E-006  2.000031299469761E-006  1.797246609044826E-006  1.720837489838411E-006  1.695891911416323E-006
   185.500025987979       3.498892411430717E-005  3.048203285968205E-005  2.611251047088100E-005  2.191001710638326E-005  1.791091725944142E-005  1.416002710776661E-005  1.071318068380229E-005  9.125046228893594E-006  7.640612715209359E-006  6.271632801883251E-006  5.511098658906294E-006  5.031328598984638E-006  4.355001919373767E-006  3.934507618654361E-006  3.352089514536307E-006  2.997791827792323E-006  2.831374212687038E-006  2.672428842772340E-006  2.521295653377564E-006  2.378484511500492E-006  2.244846476137801E-006  2.013355245247743E-006  1.928371527570892E-006  1.906098518809806E-006
   186.500026128076       3.672315991419343E-005  3.209281959540411E-005  2.759307492396072E-005  2.325241464707768E-005  1.910581988388597E-005  1.519647230254221E-005  1.157842190533049E-005  9.899413869545071E-006  8.320519526245703E-006  6.853735802201987E-006  6.033214025160690E-006  5.513087076177448E-006  4.776016978509911E-006  4.315173284401588E-006  3.673137577358001E-006  3.280264949504521E-006  3.095107176406081E-006  2.917904877386138E-006  2.749114128778885E-006  2.589397799211619E-006  2.439824497663416E-006  2.181016581443341E-006  2.086696865785848E-006  2.063553998789153E-006
   187.500026268173       3.783377780057570E-005  3.300063609271072E-005  2.831330755517279E-005  2.380266983968156E-005  1.950643186594960E-005  1.547087922008952E-005  1.175314541347307E-005  1.003500492457137E-005  8.424280672565831E-006  6.932833063042699E-006  6.100762977047372E-006  5.574183871539496E-006  4.829098107628638E-006  4.363836570093347E-006  3.716076002892266E-006  3.319513746074437E-006  3.132356373710789E-006  2.952915081790601E-006  2.781496828191484E-006  2.618547294286186E-006  2.464799745837349E-006  2.192062473943732E-006  2.084471837238436E-006  2.034866010643210E-006
   188.500026408269       3.809455661791133E-005  3.329367109766195E-005  2.862975357864426E-005  2.413268539487479E-005  1.983903496797850E-005  1.579372839270393E-005  1.205248374201230E-005  1.031701840927863E-005  8.685096888284592E-006  7.168525949610225E-006  6.319516737642576E-006  5.780887621144384E-006  5.016631729895710E-006  4.537894604753189E-006  3.868940771283866E-006  3.457627787002259E-006  3.262910865152686E-006  3.075783727224737E-006  2.896544750058420E-006  2.725625274084182E-006  2.563733269530572E-006  2.273991535856342E-006  2.157374405786892E-006  2.098431568902409E-006
   189.500026548366       3.926298264454638E-005  3.441025351896045E-005  2.968168610161779E-005  2.510656246361974E-005  2.072104797550887E-005  1.656999677348784E-005  1.270938718588609E-005  1.090939894245544E-005  9.209989972466277E-006  7.623288453993945E-006  6.731136840384564E-006  6.163393459609831E-006  5.355110557319961E-006  4.846914032134181E-006  4.133934214747136E-006  3.693666146785569E-006  3.484697505407631E-006  3.283540789133657E-006  3.090569668646549E-006  2.906323627035417E-006  2.731675690427251E-006  2.419500062081923E-006  2.295010265714752E-006  2.235457356823821E-006
   190.500026688463       3.639375071599672E-005  3.186483226408833E-005  2.746576934635416E-005  2.322269834304828E-005  1.916718378658029E-005  1.533808218584921E-005  1.178375418529786E-005  1.012819800611507E-005  8.565676242884923E-006  7.106782129272457E-006  6.286181299441670E-006  5.763681458835461E-006  5.019065377196737E-006  4.550136741247132E-006  3.890412417846727E-006  3.481158134113791E-006  3.286088380583087E-006  3.097591818363538E-006  2.915865543443704E-006  2.741199811940361E-006  2.574087775664881E-006  2.267704350096966E-006  2.137334204249548E-006  2.054796342080073E-006
   191.500026828560       4.000452163399358E-005  3.509325871140501E-005  3.030238010403242E-005  2.566124223116556E-005  2.120634991479498E-005  1.698332508846258E-005  1.304949669101860E-005  1.121305243298894E-005  9.477673221625910E-006  7.855743756834038E-006  6.942845028111923E-006  6.361405122311461E-006  5.532642493067630E-006  5.010696929930648E-006  4.276515454963583E-006  3.821271757300042E-006  3.604371862604300E-006  3.394849770195718E-006  3.192922014172522E-006  2.998891666082155E-006  2.813254862704926E-006  2.472229240210110E-006  2.325530910500321E-006  2.227049644778164E-006
   192.500026968657       4.057121856799171E-005  3.560541130015569E-005  3.075971556203409E-005  2.606353476240313E-005  2.155334844674170E-005  1.727480499768064E-005  1.328575295901515E-005  1.142217600194625E-005  9.660413876666238E-006  8.013268415356555E-006  7.086020402600208E-006  6.495402809932452E-006  5.653497211820932E-006  5.123194887883338E-006  4.376935662152048E-006  3.913720136669037E-006  3.692749693146878E-006  3.479016175331525E-006  3.272639161317532E-006  3.073778514244523E-006  2.882705281866454E-006  2.527141483448267E-006  2.369014556085673E-006  2.250509939493990E-006
   193.500027108754       3.574720783147331E-005  3.117074230870627E-005  2.673958921682798E-005  2.248373424868897E-005  1.843956742545552E-005  1.465116632311445E-005  1.117233204750624E-005  9.568987224564708E-006  8.068743284883532E-006  6.682003624814960E-006  5.909032805970324E-006  5.419816793097518E-006  4.726795864984506E-006  4.292792567326611E-006  3.684604703981985E-006  3.307511095970706E-006  3.127201387501451E-006  2.952119217999992E-006  2.781948335555858E-006  2.616229586051097E-006  2.454297128521556E-006  2.137397209772451E-006  1.979058693788396E-006  1.821636701198788E-006
   194.500027248851       4.232601327673114E-005  3.721815098327414E-005  3.223060993517288E-005  2.739231785451521E-005  2.273911783525042E-005  1.831549341635321E-005  1.417743875871596E-005  1.223703229288514E-005  1.039627106277393E-005  8.667422208330045E-006  7.689595794275579E-006  7.064520089367015E-006  6.169717768734788E-006  5.603261393722574E-006  4.801270940436534E-006  4.299762980286510E-006  4.059252699830081E-006  3.825685435639755E-006  3.599147642908944E-006  3.379758176350628E-006  3.167733772740262E-006  2.768702365638767E-006  2.587961574573766E-006  2.447288191346314E-006
   195.500027388948       4.215880207589177E-005  3.712255852312092E-005  3.219957360369359E-005  2.741807679670987E-005  2.281283039917699E-005  1.842694016410602E-005  1.431449757134862E-005  1.238154510248644E-005  1.054412579236393E-005  8.814019974463834E-006  7.832983226104970E-006  7.204656620814452E-006  6.303174351090088E-006  5.730987139738410E-006  4.918309333799665E-006  4.408161961345131E-006  4.162839097810812E-006  3.924104953716451E-006  3.692021564050303E-006  3.466669501589521E-006  3.248207179762159E-006  2.834383158016679E-006  2.644669545875056E-006  2.492586179633445E-006
   196.700024505306       4.484457719957205E-005  3.956244569629562E-005  3.439112592781481E-005  2.935837952644003E-005  2.449839097570731E-005  1.985403779461667E-005  1.547954918047941E-005  1.341462169059208E-005  1.144504125642378E-005  9.583177850275059E-006  8.523662607876476E-006  7.843423781241558E-006  6.864945638000483E-006  6.242199424633026E-006  5.355245188314363E-006  4.796907933035241E-006  4.527974391863119E-006  4.266000344859667E-006  4.011091357964574E-006  3.763382993131938E-006  3.523113478326037E-006  3.067953674486168E-006  2.859576068283862E-006  2.692879171739326E-006
   197.600033786668       4.396578323925404E-005  3.880284156373387E-005  3.375187501057856E-005  2.883881113916886E-005  2.409547727872890E-005  1.956132062087102E-005  1.528633651052662E-005  1.326555800037754E-005  1.133551188353029E-005  9.507878140099067E-006  8.466068081324375E-006  7.796353316993580E-006  6.831603983230360E-006  6.216539265993174E-006  5.338673722396575E-006  4.784580342761289E-006  4.517153564941831E-006  4.256229216681474E-006  4.001861313949290E-006  3.754111845390885E-006  3.513102257342696E-006  3.053368000526891E-006  2.839802032815486E-006  2.662213862243530E-006
   198.400021691712       4.264425487151690E-005  3.763486422682342E-005  3.273479786842616E-005  2.796993727868502E-005  2.337204570112755E-005  1.898073590215768E-005  1.484598744698854E-005  1.289416669495203E-005  1.103189225451548E-005  9.270203738473481E-006  8.266593085999818E-006  7.621540900929345E-006  6.692177360064425E-006  6.099322376065930E-006  5.251988016872463E-006  4.715829893750229E-006  4.456447666174681E-006  4.202831287697621E-006  3.954912114625200E-006  3.712583691064393E-006  3.475721759120971E-006  3.018547135900529E-006  2.801047214603246E-006  2.610194910812660E-006
   199.500027949336       4.147886032571908E-005  3.664638676182127E-005  3.192007856253446E-005  2.732396886948254E-005  2.288775041174237E-005  1.864760196627536E-005  1.464852747126497E-005  1.275647300827741E-005  1.094699156354039E-005  9.229659991203354E-006  8.247958770736363E-006  7.615335311541919E-006  6.701103234605334E-006  6.115852937629536E-006  5.275962232922575E-006  4.741947273415522E-006  4.482724200043995E-006  4.228606733644889E-006  3.979464808535687E-006  3.735094186781523E-006  3.495209883412511E-006  3.027630036669301E-006  2.800870866110920E-006  2.593188516404363E-006
   200.500028089432       3.996735622781277E-005  3.527293791524717E-005  3.069268580978378E-005  2.625051831088135E-005  2.197502285067822E-005  1.790085350433707E-005  1.407012572823787E-005  1.226185633927486E-005  1.053498197333004E-005  8.898196110284662E-006  7.963354200578113E-006  7.361157084894002E-006  6.491005183639985E-006  5.933831267344346E-006  5.133441185968993E-006  4.623454097739548E-006  4.375347055104154E-006  4.131617443092198E-006  3.891996949711511E-006  3.656092792222221E-006  3.423337477544672E-006  2.963748109689246E-006  2.734962688132687E-006  2.513475067212358E-006
   201.500028229529       3.930810889015287E-005  3.473233345377710E-005  3.025686479313979E-005  2.590560353420976E-005  2.170751980184835E-005  1.769798147270302E-005  1.392051666815365E-005  1.213520176721040E-005  1.042917396066202E-005  8.811376894303438E-006  7.887083996422469E-006  7.291561063935394E-006  6.430839175689484E-006  5.879512150437336E-006  5.087051454043733E-006  4.581591935709223E-006  4.335428941791740E-006  4.093353705589033E-006  3.855005825017455E-006  3.619842772131123E-006  3.387043116840308E-006  2.922665386861154E-006  2.685846634752839E-006  2.443324988958576E-006
   202.500028369626       3.770335007888754E-005  3.327991378830328E-005  2.897037396295256E-005  2.479588009644885E-005  2.078197473363517E-005  1.695957732172043E-005  1.336704955876852E-005  1.167148449660274E-005  1.005221996464833E-005  8.517029504651675E-006  7.639667743383911E-006  7.074064945178944E-006  6.255751114006737E-006  5.730741700792662E-006  4.974157207729364E-006  4.489705124134289E-006  4.252999426677320E-006  4.019580926879284E-006  3.788985195508654E-006  3.560531650094149E-006  3.333200390544708E-006  2.874541516168626E-006  2.636167660289434E-006  2.384577687736068E-006
   203.500028509723       4.111382284007590E-005  3.638413412952399E-005  3.175887842489156E-005  2.726106426252485E-005  2.291865787484692E-005  1.876553782231001E-005  1.484306247920615E-005  1.298379145320106E-005  1.120211722109314E-005  9.506228945021565E-006  8.533516211031978E-006  7.904913298205830E-006  6.993120378172392E-006  6.406618112992230E-006  5.559336925137807E-006  5.015666969993689E-006  4.749795361313456E-006  4.487545328003518E-006  4.228491720468056E-006  3.972009184047281E-006  3.717162614350929E-006  3.205784285836622E-006  2.943418213717721E-006  2.673744286029481E-006
   204.500028649820       4.422833853235481E-005  3.922451116504928E-005  3.431549984386294E-005  2.952441443643490E-005  2.487958579774167E-005  2.041607064951329E-005  1.617799062862979E-005  1.416058117325451E-005  1.222196009579576E-005  1.037187362495852E-005  9.308751501731566E-006  8.621035391738782E-006  7.622722683084820E-006  6.980189134084860E-006  6.051723074508202E-006  5.456052610415241E-006  5.164874611806711E-006  4.877809235146078E-006  4.594456832603440E-006  4.314227164407017E-006  4.036237436419913E-006  3.480851305854249E-006  3.198295627188102E-006  2.911871666655440E-006
   205.500028789917       4.220165411927294E-005  3.743133893956384E-005  3.275186444122154E-005  2.818584651959127E-005  2.376110916416211E-005  1.951192085545225E-005  1.548067929986091E-005  1.356288008225717E-005  1.172038913246432E-005  9.961806414596141E-006  8.950736538385189E-006  8.296276068171859E-006  7.345281370429778E-006  6.732331244658661E-006  5.844739991486797E-006  5.273575435158367E-006  4.993676420557658E-006  4.717136651406734E-006  4.443439093380428E-006  4.171814526766711E-006  3.901082703411158E-006  3.353460987601868E-006  3.067572355246194E-006  2.761940180272766E-006
   206.500028930014       4.141980338430853E-005  3.673154600028464E-005  3.213885771318743E-005  2.766363064548271E-005  2.333256113177845E-005  1.917823831585075E-005  1.524052205722123E-005  1.336783421473738E-005  1.156857060003814E-005  9.850535482599708E-006  8.862101677018333E-006  8.221867227151210E-006  7.290665633058123E-006  6.689688843342898E-006  5.817798531318735E-006  5.255213251265846E-006  4.978892393182510E-006  4.705359227747822E-006  4.433992699515210E-006  4.163870048001137E-006  3.893579996252088E-006  3.341788214001380E-006  3.048944976264431E-006  2.727231999771085E-006
   207.400022952585       4.523626079349612E-005  4.027830354805667E-005  3.539838038752518E-005  3.061683237541526E-005  2.595863823012218E-005  2.145505835505072E-005  1.714596961733637E-005  1.507997145939096E-005  1.308317747310156E-005  1.116464843207809E-005  1.005521145918452E-005  9.334322886190952E-006  8.282625695502173E-006  7.601966877379105E-006  6.612194292876570E-006  5.972620127145416E-006  5.658457380075926E-006  5.347624572211431E-006  5.039614286785360E-006  4.733668219933022E-006  4.428627812516389E-006  3.812723902864326E-006  3.493522765500297E-006  3.158218289174580E-006
   207.800032163898       4.662762992357883E-005  4.151200998736423E-005  3.647773875535432E-005  3.154640613836273E-005  2.674473624565453E-005  2.210557233844141E-005  1.767040561849049E-005  1.554534912484999E-005  1.349213957931955E-005  1.151969786257272E-005  1.037898675077031E-005  9.637620101671505E-006  8.555659677131317E-006  7.855037194538231E-006  6.835477925676038E-006  6.176043329960677E-006  5.851919578061151E-006  5.531100705102901E-006  5.213074909077858E-006  4.897089724749515E-006  4.582011564825662E-006  3.946368844342350E-006  3.618062130994865E-006  3.276194086588987E-006
   208.500029210208       4.552685989475256E-005  4.051392235355048E-005  3.558766614761773E-005  3.076925214635584E-005  2.608451256200017E-005  2.156512401742502E-005  1.725060353714914E-005  1.518527222778707E-005  1.319083056652256E-005  1.127556744056465E-005  1.016809007585970E-005  9.448295356909305E-006  8.397612571744585E-006  7.716958196941087E-006  6.725620548628721E-006  6.083490215195104E-006  5.767429082351550E-006  5.454181789721817E-006  5.143134269315975E-006  4.833385095122578E-006  4.523570390093701E-006  3.893684831216949E-006  3.563541997481246E-006  3.210776179147427E-006
   209.500029350305       4.388052175544719E-005  3.906924606843466E-005  3.433789094563523E-005  2.970675334266993E-005  2.520080545973600E-005  2.085135561076357E-005  1.669769859519554E-005  1.470940026924350E-005  1.278969805394913E-005  1.094664806710878E-005  9.881096091006834E-006  9.188564155491510E-006  8.177540742290503E-006  7.522334040044946E-006  6.567296787914066E-006  5.947779403529499E-006  5.642425894976489E-006  5.339405855931391E-006  5.038017988617295E-006  4.737230479100910E-006  4.435481628623391E-006  3.817362156852987E-006  3.488726590200390E-006  3.128816705274023E-006
   210.500029490402       4.178173759283385E-005  3.715998430883708E-005  3.262925870020278E-005  2.820952491007039E-005  2.392517630275767E-005  1.980569581159718E-005  1.588700816553941E-005  1.401632124734047E-005  1.221288494502923E-005  1.048326850575297E-005  9.483642179375705E-006  8.833867030990442E-006  7.884716551691478E-006  7.268952340144354E-006  6.369681001577135E-006  5.784527489587526E-006  5.495306161696378E-006  5.207581135529373E-006  4.920501852386074E-006  4.632822502370795E-006  4.342654164532437E-006  3.740546395132865E-006  3.413274272099037E-006  3.042987935702188E-006
   211.500029630499       4.246878018692041E-005  3.780680020354948E-005  3.323352014853435E-005  2.876871620675828E-005  2.443619338983916E-005  2.026498399591240E-005  1.629056019358874E-005  1.439033000992634E-005  1.255616130822155E-005  1.079452012151014E-005  9.774956497545779E-006  9.111537596040314E-006  8.141299579043844E-006  7.510956313859308E-006  6.588782584366091E-006  5.987417504236316E-006  5.689708814111616E-006  5.393176325314712E-006  5.096897995297881E-006  4.799532305668994E-006  4.499050311655918E-006  3.873405193423696E-006  3.531729710077108E-006  3.142481651966091E-006
   212.500029770596       4.413764985881661E-005  3.935308173405397E-005  3.464996938658296E-005  3.004745584640979E-005  2.556926419669293E-005  2.124437882454373E-005  1.710885494550145E-005  1.512579445711761E-005  1.320763497227802E-005  1.136128040780191E-005  1.029072761283340E-005  9.593299415292814E-006  8.572056700616858E-006  7.907713738246711E-006  6.934486211109120E-006  6.298960148532431E-006  5.984096004904955E-006  5.670331461782756E-006  5.356715326257764E-006  5.041867001255768E-006  4.723690863870096E-006  4.061406226050362E-006  3.699848716867756E-006  3.287006749744676E-006
   213.500029910692       3.616885203710151E-005  3.220249700178605E-005  2.832263981439549E-005  2.454558999077899E-005  2.089094936139663E-005  1.738166543912862E-005  1.404510583137291E-005  1.245126592066599E-005  1.091256141248555E-005  9.432928160262839E-006  8.574778069567378E-006  8.015194482228589E-006  7.194270546918353E-006  6.658638599982908E-006  5.870103313088833E-006  5.351337257355117E-006  5.092682892292509E-006  4.833526998564472E-006  4.572764601226223E-006  4.308803889884127E-006  4.039245723861432E-006  3.465021143532240E-006  3.139946239136954E-006  2.750321871420226E-006
   214.500030050789       4.216975987365949E-005  3.762091376752098E-005  3.315646666957562E-005  2.879441380676526E-005  2.455617536924899E-005  2.046752438390691E-005  1.655924915559467E-005  1.468394408960921E-005  1.286781052800586E-005  1.111582084712321E-005  1.009725939825393E-005  9.432192728556374E-006  8.455496708937793E-006  7.817835763150027E-006  6.879299116138797E-006  6.262729982085542E-006  5.955868684371963E-006  5.648979853632501E-006  5.340953187204473E-006  5.030186149673007E-006  4.714245209112107E-006  4.048181128265731E-006  3.677262392010328E-006  3.241760925616460E-006
   215.500030190886       4.256827310214274E-005  3.800602698242474E-005  3.352648596859568E-005  2.914748626279470E-005  2.489024505010086E-005  2.078021553394068E-005  1.684771467532131E-005  1.495895080795484E-005  1.312824423012174E-005  1.136031852845690E-005  1.033137972316015E-005  9.658976923428319E-006  8.670559937568612E-006  8.024514662989777E-006  7.072349729817832E-006  6.445826143465845E-006  6.133663276705187E-006  5.821216760390212E-006  5.507333854173056E-006  5.190352303165494E-006  4.867756401286224E-006  4.186452655056921E-006  3.806300828156403E-006  3.359248868239583E-006
   216.500030330983       3.987372311431969E-005  3.560715372427024E-005  3.142356676847047E-005  2.733903277599269E-005  2.337237954578009E-005  1.954578793910145E-005  1.588592630802785E-005  1.412812824681682E-005  1.242401181184933E-005  1.077762490798898E-005  9.818790101736952E-006  9.191803820138717E-006  8.269235271467901E-006  7.665385412849254E-006  6.773508427361545E-006  6.184804750327386E-006  5.890707429160695E-006  5.595670884499029E-006  5.298447804581588E-006  4.997230455555512E-006  4.689274841945887E-006  4.031852681194388E-006  3.658093151105040E-006  3.205511770960855E-006
   217.500030471080       3.949127362996611E-005  3.529525646237082E-005  3.118024558408862E-005  2.716153303487691E-005  2.325719398412873E-005  1.948843215973257E-005  1.588062964882501E-005  1.414609104846183E-005  1.246289954468894E-005  1.083459869656780E-005  9.884976169925941E-006  9.263317712407328E-006  8.347374962900134E-006  7.746889162073607E-006  6.858207049216802E-006  6.270167459725099E-006  5.975872913711667E-006  5.680231787519504E-006  5.381935312523057E-006  5.079093633421712E-006  4.768841202095588E-006  4.103924348556572E-006  3.724010451445771E-006  3.261728358285319E-006
   218.500030611177       4.113730924521793E-005  3.682225573673038E-005  3.258051542826662E-005  2.842755388820226E-005  2.438150502877074E-005  2.046397071085929E-005  1.670060391548351E-005  1.488595175537909E-005  1.312134433070898E-005  1.141052511894732E-005  1.041101013614031E-005  9.755990227044314E-006  8.789901806029812E-006  8.155952716192957E-006  7.217021729544349E-006  6.595397051289081E-006  6.284254214010303E-006  5.971700128799980E-006  5.656391723636946E-006  5.336386561671275E-006  5.008734355213574E-006  4.307587126529437E-006  3.907938373417755E-006  3.422692187865116E-006
   219.500030751274       4.421011280465799E-005  3.961798880793531E-005  3.509696209084101E-005  3.066319579002511E-005  2.633585516696866E-005  2.213799893014982E-005  1.809734428227231E-005  1.614586928688707E-005  1.424598277415579E-005  1.240166061953854E-005  1.132288361644326E-005  1.061537100563894E-005  9.571015924012118E-006  8.885145620990271E-006  7.868553900909134E-006  7.195118301446746E-006  6.857982556758413E-006  6.519314789061586E-006  6.177706606009497E-006  5.831113976533612E-006  5.476429251172679E-006  4.718610412439388E-006  4.287846696617146E-006  3.766904567968040E-006
   220.500030891371       4.239505206184151E-005  3.801639881678420E-005  3.370618176763555E-005  2.947949902450703E-005  2.535445929379751E-005  2.135212368209725E-005  1.749723750192338E-005  1.563377621951735E-005  1.381779020106138E-005  1.205254239772627E-005  1.101856911967366E-005  1.033971396923993E-005  9.336355049235206E-006  8.676401080379654E-006  7.696314379011827E-006  7.045459751394282E-006  6.719015685587075E-006  6.390591838598482E-006  6.058725867339835E-006  5.721291599886427E-006  5.375054904118558E-006  4.630925392548527E-006  4.203955210726400E-006  3.680546679696420E-006
   221.500031031468       3.836511624906727E-005  3.440960812474842E-005  3.051827849393573E-005  2.670475149422701E-005  2.298517797507572E-005  1.937896671090948E-005  1.590883861032538E-005  1.423274218507961E-005  1.260016379254159E-005  1.101369957341133E-005  1.008439766035379E-005  9.474063291946443E-006  8.571363031873100E-006  7.976911249305388E-006  7.092346215825822E-006  6.503079925490578E-006  6.206710984378582E-006  5.907827090487269E-006  5.604901278093014E-006  5.295714354707383E-006  4.976877172358565E-006  4.283603441792374E-006  3.878055225705563E-006  3.367279517820947E-006
   222.500031171565       3.833993575935730E-005  3.439466251686191E-005  3.051423350363207E-005  2.671206245029824E-005  2.300443578401937E-005  1.941058146925240E-005  1.595317760662410E-005  1.428351222704957E-005  1.265736707212406E-005  1.107712818138807E-005  1.015136679717926E-005  9.543224859067367E-006  8.643443993259030E-006  8.050575671152748E-006  7.167521691380333E-006  6.578392509643046E-006  6.281707914230136E-006  5.982162345964312E-006  5.678128603069706E-006  5.367233955790584E-006  5.045852666464102E-006  4.342999456395909E-006  3.927896375730180E-006  3.398183812228359E-006
   223.500031311662       4.420948065945659E-005  3.972184974716088E-005  3.529604949159247E-005  3.094703306170374E-005  2.669244846733875E-005  2.255357794999659E-005  1.855581435459268E-005  1.661886543782062E-005  1.472818443989029E-005  1.288688579434249E-005  1.180647941012884E-005  1.109618064213499E-005  1.004466126902969E-005  9.351661539810395E-006  8.319918753160540E-006  7.632527417825955E-006  7.286903632974977E-006  6.938494357567256E-006  6.585608366609659E-006  6.225792672316913E-006  5.855298194625712E-006  5.052828702160684E-006  4.586548770473490E-006  4.004601985405908E-006
   224.500031451759       3.927538917589516E-005  3.533674381227556E-005  3.145585352545001E-005  2.764452769154964E-005  2.391674250480052E-005  2.028894344748236E-005  1.678002505768566E-005  1.507656868309097E-005  1.341029962318454E-005  1.178268415165660E-005  1.082455032891139E-005  1.019298331946575E-005  9.255035831332092E-006  8.634486330790434E-006  7.706090283176818E-006  7.083779460550047E-006  6.769479137443075E-006  6.451548986322114E-006  6.128278669156253E-006  5.797187635458836E-006  5.454514996822592E-006  4.704999664779568E-006  4.263990846374734E-006  3.706655602337059E-006
   225.500031591855       3.799116281961995E-005  3.416851761486741E-005  3.040429395502242E-005  2.671032818242616E-005  2.310076199775098E-005  1.959248334720960E-005  1.620484173743864E-005  1.456271425592064E-005  1.295820277517479E-005  1.139269467419265E-005  1.047189345813902E-005  9.865228377785766E-006  8.964554110767713E-006  8.368757464530933E-006  7.477191932753372E-006  6.879089560256648E-006  6.576712629075815E-006  6.270521993542503E-006  5.958719466818278E-006  5.638689898506889E-006  5.306423352994604E-006  4.573385127070512E-006  4.134985003581974E-006  3.566560434579632E-006
   226.500031731952       3.809673876907236E-005  3.427735553501032E-005  3.051648390405807E-005  2.682618812822136E-005  2.322042835770782E-005  1.971586296701280E-005  1.633100897686325E-005  1.468948470243459E-005  1.308467296866110E-005  1.151758595874546E-005  1.059500753441130E-005  9.986719531163647E-006  9.082839504454345E-006  8.484279974382271E-006  7.587411929781863E-006  6.984806501866330E-006  6.679819452475787E-006  6.370733704092640E-006  6.055704262593334E-006  5.732050757449684E-006  5.395667835405231E-006  4.652197332553125E-006  4.206626062256542E-006  3.627599492583873E-006
   227.500031872049       4.121608087558075E-005  3.711202173168811E-005  3.306999715795091E-005  2.910240994506016E-005  2.522355343412224E-005  2.144960464758008E-005  1.779888828989518E-005  1.602579125907815E-005  1.429037214205758E-005  1.259367796597813E-005  1.159382180890573E-005  1.093418980367745E-005  9.953451286636693E-006  9.303658914508653E-006  8.329629964955080E-006  7.675023847630912E-006  7.343722589027447E-006  7.008012223950347E-006  6.665935579341270E-006  6.314654676418391E-006  5.949833462395086E-006  5.145318578265541E-006  4.665228394904343E-006  4.045373081496877E-006
   228.500032012146       4.331495614470966E-005  3.902809871981350E-005  3.480047349978485E-005  3.064491646564185E-005  2.657651852333187E-005  2.261232283752742E-005  1.877207732323857E-005  1.690479144143304E-005  1.507572244444228E-005  1.328593457052146E-005  1.223041588537745E-005  1.153374116480291E-005  1.049744991160568E-005  9.810578818660248E-006  8.780685502914363E-006  8.088515241040113E-006  7.738264085577812E-006  7.383436283913390E-006  7.022015494778072E-006  6.651066435299977E-006  6.266103509321977E-006  5.418609616694198E-006  4.914073205720524E-006  4.264077739776534E-006
   229.500032152243       4.021167431053624E-005  3.626093599116651E-005  3.236369552342858E-005  2.853126579999502E-005  2.477665727444435E-005  2.111539862342154E-005  1.756605338731284E-005  1.583950345845513E-005  1.414795921057994E-005  1.249243411498971E-005  1.151586088731475E-005  1.087109243213040E-005  9.911532589947610E-006  9.275000670151362E-006  8.319261423496982E-006  7.675505542616682E-006  7.349119827461696E-006  7.017906658789237E-006  6.679827584970112E-006  6.331924590490795E-006  5.969669312564875E-006  5.166293845956637E-006  4.682795945850952E-006  4.052029981917921E-006
   230.500032292340       4.033500214104282E-005  3.644030530180363E-005  3.259508471463809E-005  2.880919392173330E-005  2.509437525942013E-005  2.146385364819451E-005  1.793279952815582E-005  1.620920779198857E-005  1.451551508704211E-005  1.285179010692950E-005  1.186697439137521E-005  1.121516691663503E-005  1.024252227725633E-005  9.595444494698127E-006  8.620865868223203E-006  7.962312169903811E-006  7.627777211177539E-006  7.287862572931284E-006  6.940474378793522E-006  6.582577794908008E-006  6.209535898699140E-006  5.381371883170531E-006  4.882917680348193E-006  4.233171564764072E-006
   231.500032432437       3.935343622723877E-005  3.556470885785060E-005  3.182410104530824E-005  2.814172144053194E-005  2.452925575826846E-005  2.100036643866022E-005  1.757012890694667E-005  1.589670201764187E-005  1.425289999691806E-005  1.263856984369378E-005  1.168301127835325E-005  1.105048614086552E-005  1.010627583850259E-005  9.477714019993239E-006  8.529970713263983E-006  7.888409325968216E-006  7.561984720131804E-006  7.229843684505308E-006  6.889797537465032E-006  6.538673010779223E-006  6.171611482539305E-006  5.351147609455686E-006  4.851959771554619E-006  4.192207144764522E-006
   232.500032572534       3.895089996646152E-005  3.520237843568649E-005  3.150548777787751E-005  2.787006530817831E-005  2.430785259317160E-005  2.083197096662822E-005  1.745666837383735E-005  1.581085009260877E-005  1.419421315832300E-005  1.260617436374619E-005  1.166560618254273E-005  1.104262370153600E-005  1.011183015097974E-005  9.491439177212088E-006  8.554376802171092E-006  7.918506805165874E-006  7.594344046517337E-006  7.263966909698808E-006  6.925064351906000E-006  6.574281793274333E-006  6.206479350501557E-006  5.379026045907482E-006  4.870830994802588E-006  4.192091918851082E-006
   233.500032712631       3.643704169223334E-005  3.289346970944821E-005  2.940668701109135E-005  2.598706217041053E-005  2.264638006399521E-005  1.939775158360255E-005  1.625483615755751E-005  1.472678155428629E-005  1.322864870070094E-005  1.175935429377688E-005  1.088993574829368E-005  1.031422246518827E-005  9.453912850286740E-006  8.880082466228734E-006  8.011792435511898E-006  7.420632090714298E-006  7.118290127320191E-006  6.809226497075750E-006  6.490951814871629E-006  6.159830584487457E-006  5.810267412312461E-006  5.011020400817644E-006  4.507462470513244E-006  3.812972943543754E-006
   234.500032852728       3.263428990496004E-005  2.942373275707525E-005  2.627282812219421E-005  2.319188508195078E-005  2.019251168236075E-005  1.728741285403507E-005  1.448949152120724E-005  1.313407152105728E-005  1.180832974424572E-005  1.051083868562336E-005  9.744029575889030E-006  9.236460334568315E-006  8.477877807594988E-006  7.971492131351291E-006  7.203726660361855E-006  6.679126897124032E-006  6.409928988578884E-006  6.133927122385966E-006  5.848646916418667E-006  5.550486369465621E-006  5.233920775897433E-006  4.501680054525099E-006  4.033797663422912E-006  3.381869158413001E-006
   235.500032992825       4.007519464595300E-005  3.628283761125913E-005  3.253404656924062E-005  2.883872225431363E-005  2.520831669100551E-005  2.165580282945239E-005  1.819522912331920E-005  1.650346614916963E-005  1.483862896545565E-005  1.319990358510903E-005  1.222761571067783E-005  1.158284256096971E-005  1.061821903063389E-005  9.974347670233943E-006  9.000144177292640E-006  8.337680228170251E-006  7.999420975626328E-006  7.654221891165528E-006  7.299546920726529E-006  6.931694915537928E-006  6.544970611288374E-006  5.669343714931836E-006  5.125644034835491E-006  4.387172880487384E-006
   236.500033132922       3.393111992481457E-005  3.065294005616999E-005  2.742765236453918E-005  2.426532799149817E-005  2.117741997656250E-005  1.817658802255760E-005  1.527576656637257E-005  1.386622532228868E-005  1.248455175372635E-005  1.112922060517609E-005  1.032669912949497E-005  9.794842224212712E-006  8.998980012035288E-006  8.467047983119890E-006  7.659533610050324E-006  7.107047827923199E-006  6.823292831526314E-006  6.532171748529897E-006  6.231028692790508E-006  5.915985596623414E-006  5.581074569435695E-006  4.804008313913179E-006  4.304895901860742E-006  3.604413966072781E-006
   237.500033273018       3.713080960049425E-005  3.364112447407204E-005  3.019748692287249E-005  2.680889037404145E-005  2.348558861676509E-005  2.023900005706048E-005  1.708072219832989E-005  1.553761499631492E-005  1.401886138604180E-005  1.252264298771418E-005  1.163359775991774E-005  1.104315546008785E-005  1.015794332022015E-005  9.565373950251624E-006  8.665100748853237E-006  8.049425694844337E-006  7.733623507481470E-006  7.410125273091396E-006  7.076245489682951E-006  6.728059240605840E-006  6.359509939789257E-006  5.512569962190154E-006  4.975080981633160E-006  4.226507259958298E-006
   238.500033413115       3.126708576981324E-005  2.826161517998777E-005  2.530767379671999E-005  2.241415048229068E-005  1.959105706455581E-005  1.684931344717407E-005  1.419966308293871E-005  1.291185557273701E-005  1.164872800567913E-005  1.040813850875023E-005  9.672315989650603E-006  9.183904455075442E-006  8.451492638882959E-006  7.960584404914372E-006  7.212401700387283E-006  6.697769391293584E-006  6.432349779360101E-006  6.159120905033588E-006  5.875380101145720E-006  5.577191896225035E-006  5.258517313958242E-006  4.511653056248294E-006  4.025971607125685E-006  3.335628448252559E-006
   239.500033553212       3.542694498353738E-005  3.206246451163255E-005  2.875009074478788E-005  2.549939177200610E-005  2.232115971117056E-005  1.922717123788201E-005  1.622900370854064E-005  1.476854437526969E-005  1.333387283575055E-005  1.192275337205101E-005  1.108497652394350E-005  1.052866691716029E-005  9.694340516710324E-006  9.135282014868655E-006  8.284104589496564E-006  7.699832081211372E-006  7.399101818483411E-006  7.090089236959277E-006  6.769921314783639E-006  6.434401941036887E-006  6.077065652726951E-006  5.245084363090889E-006  4.707869131287463E-006  3.947697586866237E-006
   240.500033693309       3.372476887902346E-005  3.057032480347882E-005  2.746421492761014E-005  2.441459624450742E-005  2.143042617796085E-005  1.852108365686943E-005  1.569503667987197E-005  1.431472274650591E-005  1.295546665205427E-005  1.161434256612808E-005  1.081564175622716E-005  1.028405428417942E-005  9.484674111394829E-006  8.947398321621296E-006  8.126452149458374E-006  7.560589674818159E-006  7.268506213763119E-006  6.967750024908006E-006  6.655432644656166E-006  6.327341800028755E-006  5.976996954142982E-006  5.157691212371741E-006  4.626332585434448E-006  3.872499085939850E-006
   241.500033833406       3.488465385792730E-005  3.164914816485271E-005  2.846196604631841E-005  2.533132794976081E-005  2.226623645369981E-005  1.927606253457106E-005  1.636914227039964E-005  1.494825049519823E-005  1.354818141721213E-005  1.216581419349462E-005  1.134203043404042E-005  1.079352381479432E-005  9.968357017576051E-006  9.413544595900761E-006  8.565602696700541E-006  7.981148573402659E-006  7.679549858627138E-006  7.369113448877286E-006  7.046935299036948E-006  6.708793079409647E-006  6.348204321801705E-006  5.508015865333252E-006  4.966470912536501E-006  4.204241636590855E-006
   242.500033973503       3.911909946069079E-005  3.559947685761075E-005  3.211677321943862E-005  2.867851946312372E-005  2.529302305528481E-005  2.196884350154935E-005  1.871382755838209E-005  1.711337072878243E-005  1.552994571967422E-005  1.396033196699822E-005  1.302224271792586E-005  1.239666293955875E-005  1.145450905443874E-005  1.082071013171107E-005  9.852640782619069E-006  9.186889731845945E-006  8.844256241012153E-006  8.492523076646256E-006  8.128796260028410E-006  7.748877285176379E-006  7.346356907576237E-006  6.422637480227091E-006  5.840765070240908E-006  5.042848283485175E-006
   243.500034113600       3.747187985783283E-005  3.415916535379216E-005  3.087756041857066E-005  2.763335874756455E-005  2.443313318779492E-005  2.128402268111923E-005  1.819155026107334E-005  1.666703456182363E-005  1.515566472809331E-005  1.365389536021277E-005  1.275440587650624E-005  1.215365645795083E-005  1.124739814902503E-005  1.063661695133044E-005  9.701750770742342E-006  9.057312663946923E-006  8.725108540577163E-006  8.383671613311896E-006  8.030126346348205E-006  7.660295677435570E-006  7.267793955131395E-006  6.364038737355604E-006  5.792075647210475E-006  5.003154711153866E-006
   244.500034253697       4.060315068163324E-005  3.700384030482046E-005  3.343748746106155E-005  2.991064810327301E-005  2.643079365215206E-005  2.300591007289296E-005  1.964253545967868E-005  1.798471384627154E-005  1.634146902512913E-005  1.470926941135014E-005  1.373207270280370E-005  1.307968852369773E-005  1.209607646399562E-005  1.143367774598844E-005  1.042089124314976E-005  9.723773591430772E-006  9.364848389241091E-006  8.996303734932332E-006  8.615121221424566E-006  8.216914599465120E-006  7.794963262181865E-006  6.826278799641891E-006  6.215299221079521E-006  5.374625359978201E-006
   245.500034393794       3.948375613905279E-005  3.604618512411239E-005  3.263571184389103E-005  2.925780907071080E-005  2.591849187032333E-005  2.262347526405837E-005  1.937661861968872E-005  1.777113289701511E-005  1.617572720836599E-005  1.458632476417207E-005  1.363220315728476E-005  1.299404309473181E-005  1.202991075667655E-005  1.137917430819917E-005  1.038175835818160E-005  9.693357042103636E-006  9.338290057338531E-006  8.973247973319071E-006  8.595198441296217E-006  8.199739423227665E-006  7.780133808892291E-006  6.814983912651257E-006  6.205430713565855E-006  5.366832358483927E-006
   246.500034533891       3.987171194738470E-005  3.639622750045335E-005  3.294768377042320E-005  2.953141149869771E-005  2.615373483104100E-005  2.282081441958612E-005  1.953703461182355E-005  1.791372031625338E-005  1.630100248664169E-005  1.469488735953349E-005  1.373109811607039E-005  1.308666602705798E-005  1.211337151397668E-005  1.145674826838592E-005  1.045083300606915E-005  9.756984902282156E-006  9.399243592607598E-006  9.031544636318990E-006  8.650822829083252E-006  8.252619583180310E-006  7.830087787250195E-006  6.857398541483422E-006  6.241484598239266E-006  5.389607901690513E-006
   247.500034673988       3.769954815752885E-005  3.443814793563890E-005  3.120405305471007E-005  2.800197156947960E-005  2.483783541475270E-005  2.171662537907504E-005  1.864202005461940E-005  1.712173734276313E-005  1.561074174393913E-005  1.410477221041764E-005  1.320010739412963E-005  1.259461437634615E-005  1.167892629879471E-005  1.106005475804523E-005  1.010965452501942E-005  9.451915071685118E-006  9.111920406110409E-006  8.761738459161302E-006  8.398289813393871E-006  8.017096081299324E-006  7.611307325723742E-006  6.671443338900355E-006  6.072002419109739E-006  5.238064293840976E-006
   248.500034814085       3.962436988631700E-005  3.618995677297558E-005  3.278585747283822E-005  2.941768677746412E-005  2.609164443787027E-005  2.281376168175402E-005  1.958774226634417E-005  1.799373464280457E-005  1.641027273022349E-005  1.483280550061833E-005  1.388558788791143E-005  1.325179490394348E-005  1.229358379860457E-005  1.164619742981122E-005  1.065233719851597E-005  9.964781491275880E-006  9.609435217878676E-006  9.243468629058342E-006  8.863638268686445E-006  8.465219872884650E-006  8.040965698022377E-006  7.057083179663654E-006  6.427812806197328E-006  5.548629156627454E-006
   249.500034954182       3.795982706474864E-005  3.468591421749755E-005  3.144473581884475E-005  2.824181744535310E-005  2.508308079159486E-005  2.197354570192815E-005  1.891602224685819E-005  1.740571861417027E-005  1.590519124162578E-005  1.440956177920661E-005  1.351067798977304E-005  1.290867349439749E-005  1.199745421327056E-005  1.138081018895191E-005  1.043201352238485E-005  9.773652219217061E-006  9.432594348765313E-006  9.080681618713560E-006  8.714630494230091E-006  8.329676767173641E-006  7.918510482924227E-006  6.959283984103285E-006  6.341280052092769E-006  5.472692426635067E-006
   250.500035094278       4.429523522762301E-005  4.053561913398936E-005  3.679651389945456E-005  3.308310906894347E-005  2.940008544001269E-005  2.575209180332838E-005  2.214207912643781E-005  2.035054901141724E-005  1.856556577174087E-005  1.678242653429995E-005  1.570950643125252E-005  1.499082337663788E-005  1.390340697368161E-005  1.316842162108459E-005  1.204035412423962E-005  1.126091676873248E-005  1.085869054677991E-005  1.044506788627533E-005  1.001664433657438E-005  9.568468822499022E-006  9.092949047142635E-006  7.999275312848985E-006  7.308085543144998E-006  6.353899869419755E-006
   251.300038258114       3.822143355684868E-005  3.497772244576795E-005  3.176383895176764E-005  2.858371309069817E-005  2.544167878792171E-005  2.234142222829206E-005  1.928375708122930E-005  1.776928154200339E-005  1.626123534716381E-005  1.475432064153717E-005  1.384657959064968E-005  1.323770428038471E-005  1.231441418193247E-005  1.168843542842942E-005  1.072322231692838E-005  1.005187875230656E-005  9.703542666152667E-006  9.343694613925218E-006  8.968916926809091E-006  8.574233785614162E-006  8.152010239637781E-006  7.164018413672401E-006  6.524935449382716E-006  5.622483560671046E-006
   251.800038328163       3.905378449169345E-005  3.574695722010361E-005  3.246784229367728E-005  2.922158724846657E-005  2.601288938474070E-005  2.284632169409511E-005  1.972373588931230E-005  1.817754033734613E-005  1.663844876631639E-005  1.510120978827153E-005  1.417562515618101E-005  1.355500507770352E-005  1.261437626839511E-005  1.197699366167111E-005  1.099494941765118E-005  1.031260567991560E-005  9.958853932550349E-006  9.593669855448239E-006  9.213660175440959E-006  8.813887683991883E-006  8.386794184986140E-006  7.390443546975736E-006  6.748870858536816E-006  5.847395586620105E-006
   252.500035374472       3.593215178586018E-005  3.289772357296281E-005  2.989178030778077E-005  2.691858262178897E-005  2.398257030953363E-005  2.108784035095978E-005  1.823544541783374E-005  1.682341504995994E-005  1.541776072412415E-005  1.401293877993932E-005  1.316627659359348E-005  1.259803453717356E-005  1.173563480564895E-005  1.115019640131196E-005  1.024586853996165E-005  9.615291305147593E-006  9.287456275430417E-006  8.948233851781780E-006  8.594254253159279E-006  8.220610470710633E-006  7.819777775395945E-006  6.876438585639918E-006  6.261506493572379E-006  5.385990044540050E-006
   253.500035514569       3.507676463680594E-005  3.211367291383928E-005  2.917932321902964E-005  2.627798134530113E-005  2.341394337799120E-005  2.059087233919592E-005  1.781006098494889E-005  1.643406029541643E-005  1.506477130991793E-005  1.369712293315970E-005  1.287339093417260E-005  1.232081872679931E-005  1.148268478323042E-005  1.091407154060058E-005  1.003625004936199E-005  9.424382807417772E-006  9.106262848882424E-006  8.777017636605239E-006  8.433281764365868E-006  8.070144384798346E-006  7.680063083981784E-006  6.758700426241096E-006  6.154783524444448E-006  5.290754191123721E-006
   254.500035654666       3.412375379833110E-005  3.124206427870949E-005  2.839679786781544E-005  2.559312081945150E-005  2.283601752577678E-005  2.012993062072302E-005  1.747683956553095E-005  1.616878763743755E-005  1.487011338246185E-005  1.357551626705213E-005  1.279658159128830E-005  1.227417208962789E-005  1.148142720598074E-005  1.094296653007753E-005  1.010958345474023E-005  9.526216692632970E-006  9.221771176760409E-006  8.905659321892059E-006  8.574360353083039E-006  8.222755765337225E-006  7.843016672880855E-006  6.936921631225970E-006  6.335998883370994E-006  5.467107035107898E-006
   255.500035794763       3.762754757014738E-005  3.448358424145464E-005  3.137797533522434E-005  2.831610290205800E-005  2.530335167621746E-005  2.234321024897092E-005  1.943515372344774E-005  1.799762790866724E-005  1.656653744017679E-005  1.513454289682883E-005  1.426958819141646E-005  1.368778444635829E-005  1.280211068765105E-005  1.219846395341233E-005  1.126102619714452E-005  1.060294699254113E-005  1.025913989405881E-005  9.902074533319604E-006  9.527967735723212E-006  9.131356599238868E-006  8.703899326282111E-006  7.690421165266491E-006  7.025524126272006E-006  6.076757870209224E-006
   256.500035934860       3.808853755264291E-005  3.490332912743037E-005  3.175278636788371E-005  2.864228327771927E-005  2.557735068299817E-005  2.256200529090083E-005  1.959654249810367E-005  1.812988047779009E-005  1.666975110259598E-005  1.520925192366642E-005  1.432766561820741E-005  1.373506407572512E-005  1.283372162836741E-005  1.222006709308070E-005  1.126834716130824E-005  1.060117272693910E-005  1.025288055850067E-005  9.891311806917350E-006  9.512589544908991E-006  9.111091537870645E-006  8.678206250064747E-006  7.649644626418106E-006  6.971276123978161E-006  5.994268189408677E-006
   257.500036074957       4.270083393080812E-005  3.916916945906205E-005  3.566180472738067E-005  3.218316582191508E-005  2.873761071653720E-005  2.532875972785416E-005  2.195727810223098E-005  2.028342958230686E-005  1.861376374045016E-005  1.694188534067919E-005  1.593277161666859E-005  1.525490404789848E-005  1.422528825082162E-005  1.352582681705340E-005  1.244466976074761E-005  1.169036180497352E-005  1.129807611926697E-005  1.089207854703438E-005  1.046831575917512E-005  1.002089197033194E-005  9.540749945065843E-006  8.409917819350478E-006  7.671996541428254E-006  6.619777591297725E-006
   258.500036215054       4.339674748271985E-005  3.982331255255948E-005  3.627191710527722E-005  3.274669858088177E-005  2.925155360513159E-005  2.578942813416673E-005  2.235991477427072E-005  2.065474707859455E-005  1.895189823098419E-005  1.724452869699525E-005  1.621279205713708E-005  1.551917367786177E-005  1.446474304625261E-005  1.374778696726591E-005  1.263856685009153E-005  1.186394669664780E-005  1.146085604181477E-005  1.104350723000045E-005  1.060771385982222E-005  1.014737769496240E-005  9.653115914054539E-006  8.487444336074284E-006  7.724410992042132E-006  6.629681661987935E-006
   259.500036355151       4.259153497046856E-005  3.907721884826659E-005  3.558940337291036E-005  3.213235775622662E-005  2.871009257163551E-005  2.532535400982044E-005  2.197705861261103E-005  2.031357419565471E-005  1.865275918018294E-005  1.698737674739166E-005  1.598058249167702E-005  1.530339315271934E-005  1.427313977022714E-005  1.357185340594929E-005  1.248510061047343E-005  1.172440343277875E-005  1.132780136438983E-005  1.091650738607376E-005  1.048619708977964E-005  1.003056396049556E-005  9.539896950679774E-006  8.375449599939854E-006  7.607044701077165E-006  6.496727988289942E-006
   260.500036495248       4.067239227158665E-005  3.734446007204322E-005  3.403898802835028E-005  3.076013778672616E-005  2.751197995915090E-005  2.429749142859943E-005  2.111589116149618E-005  1.953451157931748E-005  1.795499984596702E-005  1.637009153999238E-005  1.541115275392121E-005  1.476567459431992E-005  1.378267065534023E-005  1.311264236524550E-005  1.207232955876057E-005  1.134219601361319E-005  1.096071023045395E-005  1.056438720497399E-005  1.014885951508264E-005  9.707756527414751E-006  9.231264924863202E-006  8.093263979200063E-006  7.336117114889688E-006  6.233544782688355E-006
   261.500036635345       3.981924172085947E-005  3.656008305953287E-005  3.332714351825560E-005  3.012454568543164E-005  2.695621416889222E-005  2.382485380690304E-005  2.072923455946390E-005  1.919170347392219E-005  1.765645518983244E-005  1.611606452097869E-005  1.518386432374687E-005  1.455618085161365E-005  1.359973960514131E-005  1.294725731030283E-005  1.193279068182289E-005  1.121932058706943E-005  1.084588282334049E-005  1.045733240748224E-005  1.004920207991968E-005  9.614972285623323E-006  9.144598519770098E-006  8.014739140383241E-006  7.257554658643868E-006  6.148469770232435E-006
   262.500036775441       4.455166822355815E-005  4.097985552534800E-005  3.742098366545045E-005  3.387785865654144E-005  3.035294256245585E-005  2.684728776512174E-005  2.335799740787822E-005  2.161589057610855E-005  1.987067212117562E-005  1.811475764539297E-005  1.705049911974453E-005  1.633360391518509E-005  1.524153631141030E-005  1.449740180111709E-005  1.334354824277799E-005  1.253584438593890E-005  1.211488426740747E-005  1.167852959509561E-005  1.122229451891171E-005  1.073961923316458E-005  1.022036633426462E-005  8.990133997316129E-006  8.178784368490225E-006  7.002764403785890E-006
   263.500036915538       4.485126413345107E-005  4.129796061847529E-005  3.775847605851137E-005  3.423566904388567E-005  3.073133746483424E-005  2.724546678515830E-005  2.377360742791883E-005  2.203855012805691E-005  2.029866725373164E-005  1.854569458704401E-005  1.748168850267251E-005  1.676418786800706E-005  1.566983746758348E-005  1.492309513259270E-005  1.376340864286433E-005  1.295032475837448E-005  1.252618069254975E-005  1.208630444966909E-005  1.162621614268266E-005  1.113940649634494E-005  1.061585786905924E-005  9.378193538163784E-006  8.566609341415825E-006  7.401638855024835E-006
   264.500037055635       5.184578315834604E-005  4.781276214566686E-005  4.377940948953425E-005  3.974663591372827E-005  3.571639251303520E-005  3.168865037735863E-005  2.765832623853960E-005  2.563762462601662E-005  2.360772510687972E-005  2.155991262800670E-005  2.031649934192631E-005  1.947819975686952E-005  1.820060337011651E-005  1.733016208412395E-005  1.598204077885901E-005  1.504098618187470E-005  1.455198135010988E-005  1.404654923605749E-005  1.352011046554277E-005  1.296600234755396E-005  1.237398758280354E-005  1.099424200119417E-005  1.010699075728285E-005  8.858047421129129E-006
   265.500037195732       5.173625216800521E-005  4.776380122133710E-005  4.378723722104412E-005  3.980840853287984E-005  3.582684236766672E-005  3.184130561001793E-005  2.784450973067026E-005  2.583620790193815E-005  2.381508420964474E-005  2.177187732936691E-005  2.052878344595210E-005  1.968954681760729E-005  1.840855933886203E-005  1.753440832118354E-005  1.617812886224631E-005  1.522965137032834E-005  1.473624949630637E-005  1.422589753802919E-005  1.369397658654812E-005  1.313373560208712E-005  1.253485311784342E-005  1.113847165716840E-005  1.024073943909833E-005  8.978305022645980E-006
   266.500037335829       4.605917399382959E-005  4.252343712469485E-005  3.899511475920372E-005  3.547632066562309E-005  3.196806908519747E-005  2.846873809854172E-005  2.497185170678625E-005  2.321887364386722E-005  2.145654274972997E-005  1.967570006526751E-005  1.859180573683149E-005  1.785948312643281E-005  1.674014057614078E-005  1.597464329311637E-005  1.478284815472082E-005  1.394511318790846E-005  1.350741979413061E-005  1.305300990756588E-005  1.257723899289856E-005  1.207335011825719E-005  1.153097192772486E-005  1.024771464637074E-005  9.406258081353129E-006  8.199556022886908E-006
   267.500037475926       4.912747651455129E-005  4.538184340492464E-005  4.163936602214490E-005  3.789976348750367E-005  3.416406258091971E-005  3.042899224659606E-005  2.668663166883563E-005  2.480663101964139E-005  2.291395158021461E-005  2.099881534804088E-005  1.983213165391363E-005  1.904356686805092E-005  1.783800923556527E-005  1.701357072851196E-005  1.573072092835936E-005  1.483004950232199E-005  1.436004330206519E-005  1.387264694948898E-005  1.336308938927917E-005  1.282443254629816E-005  1.224604003911932E-005  1.088481752622445E-005  9.998625110947953E-006  8.736367811683057E-006
   268.500037616023       4.937458124606839E-005  4.561677519547204E-005  4.186168509884088E-005  3.811180511989031E-005  3.436657323325882E-005  3.062414683022549E-005  2.687690248163058E-005  2.499530626846333E-005  2.310165542490960E-005  2.118596854390063E-005  2.001904496193286E-005  1.923023717537056E-005  1.802412521632920E-005  1.719902981974724E-005  1.591434142554661E-005  1.501143834722424E-005  1.453982185914206E-005  1.405034023943167E-005  1.353805248330123E-005  1.299577597981218E-005  1.241248698412197E-005  1.103454827077744E-005  1.013287852302428E-005  8.842648969755855E-006
   269.500037756120       4.650739237974319E-005  4.301411306869241E-005  3.952559797371714E-005  3.604171038356057E-005  3.256258169655297E-005  2.908470809122671E-005  2.559879402137209E-005  2.384636644128592E-005  2.208030776852137E-005  2.029058459206371E-005  1.919834045441712E-005  1.845891708344856E-005  1.732628150991479E-005  1.654975885225893E-005  1.533736475262951E-005  1.448238269772553E-005  1.403470349818384E-005  1.356918612836279E-005  1.308097696774097E-005  1.256300240103674E-005  1.200443788571850E-005  1.067913721729286E-005  9.808077139964020E-006  8.558406245301332E-006
   270.500037896217       4.831526522364932E-005  4.470998100024716E-005  4.110514771789634E-005  3.750074710157531E-005  3.389569094063770E-005  3.028583035565294E-005  2.666098423160601E-005  2.483577960380884E-005  2.299466297730630E-005  2.112693251249009E-005  1.998625947845833E-005  1.921379126030780E-005  1.803022047047106E-005  1.721871135679477E-005  1.595195456834844E-005  1.505912808919802E-005  1.459191505177721E-005  1.410637714840899E-005  1.359754414628608E-005  1.305820333856596E-005  1.247730998280714E-005  1.110266349344502E-005  1.020236783028694E-005  8.915084806141458E-006
   271.500038036314       4.534490820578658E-005  4.198493638058704E-005  3.862810718119447E-005  3.527440833720774E-005  3.192267492258441E-005  2.856904404954589E-005  2.520297148351278E-005  2.350811416538914E-005  2.179789580009241E-005  2.006164339961257E-005  1.900006928654031E-005  1.828044191554354E-005  1.717622944659598E-005  1.641767374092726E-005  1.523034072119217E-005  1.439035087801908E-005  1.394947363312872E-005  1.349016701020291E-005  1.300740882895243E-005  1.249389603969987E-005  1.193843288017450E-005  1.061211931849228E-005  9.733007674164628E-006  8.461266950712103E-006
   272.500038176411       4.626213704293680E-005  4.286053490083199E-005  3.945833539377630E-005  3.605560061170338E-005  3.265038953039022E-005  2.923844553067372E-005  2.580865328520054E-005  2.407971535162163E-005  2.233361667451118E-005  2.055948716912288E-005  1.947411489026309E-005  1.873808272201210E-005  1.760834877466595E-005  1.683209179488720E-005  1.561690726546302E-005  1.475724020222199E-005  1.430608739871708E-005  1.383613425504751E-005  1.334226661703408E-005  1.281704516602673E-005  1.224905555061031E-005  1.089339617356158E-005  9.995219979889768E-006  8.696501794086412E-006
   273.500038316508       5.072752941571664E-005  4.698517454054616E-005  4.323697327336884E-005  3.948304752059475E-005  3.572227978152592E-005  3.195049675432269E-005  2.815738452716000E-005  2.624564386448156E-005  2.431599567389243E-005  2.235748607391407E-005  2.116095462618417E-005  2.035050214113614E-005  1.910848911178385E-005  1.825674777287220E-005  1.692687257784157E-005  1.598915906312433E-005  1.549823767725908E-005  1.498781152529264E-005  1.445251664994025E-005  1.388452843432576E-005  1.327179467714065E-005  1.181496238794288E-005  1.085236631697938E-005  9.458452945257810E-006
   274.500038456605       4.148629107814758E-005  3.841295344402379E-005  3.534717265119034E-005  3.228973983785951E-005  2.924024517321920E-005  2.619547873950639E-005  2.314573553265064E-005  2.161206289859876E-005  2.006502454408781E-005  1.849401852480088E-005  1.753257404029716E-005  1.688004344801284E-005  1.587691281170362E-005  1.518589469110565E-005  1.409959327236560E-005  1.332611902000462E-005  1.291792106204820E-005  1.249064526543535E-005  1.203894029982833E-005  1.155500349601659E-005  1.102682127398698E-005  9.741328926730770E-006  8.867554688506452E-006  7.574794179208515E-006
   275.500038596701       4.307258425752268E-005  3.993534215481695E-005  3.679972254189434E-005  3.366603805776709E-005  3.053328741615770E-005  2.739757583047385E-005  2.424843710208905E-005  2.266159044729691E-005  2.105884303823865E-005  1.942937932904404E-005  1.843142582666275E-005  1.775392057026472E-005  1.671231671805597E-005  1.599495095953140E-005  1.486806424102168E-005  1.406685897073592E-005  1.364462277795872E-005  1.320322234664204E-005  1.273734301581422E-005  1.223923571446053E-005  1.169696469993487E-005  1.038387807326677E-005  9.496160563818726E-006  8.183968409751418E-006
   276.500038736798       4.510932275077351E-005  4.184574868898695E-005  3.858580337896188E-005  3.532943361310054E-005  3.207495076720521E-005  2.881734476735884E-005  2.554439833596885E-005  2.389408511092090E-005  2.222613033008908E-005  2.052892621148468E-005  1.948863525710679E-005  1.878197170760044E-005  1.769487142127135E-005  1.694569826124169E-005  1.576812532195152E-005  1.493045686321716E-005  1.448891882999195E-005  1.402732460482755E-005  1.354016630878992E-005  1.301942866036700E-005  1.245278686290962E-005  1.108288394397562E-005  1.015966021626260E-005  8.801362240078114E-006
   277.500038876895       4.947288243419313E-005  4.595318980433815E-005  4.242591110123432E-005  3.888967153276078E-005  3.534164427881228E-005  3.177528391037192E-005  2.817627721210706E-005  2.635552773596484E-005  2.451155662297007E-005  2.263198205181811E-005  2.147880308977471E-005  2.069526015778981E-005  1.949010399046094E-005  1.866017971772389E-005  1.735791068238202E-005  1.643430810287085E-005  1.594881161255922E-005  1.544249789398790E-005  1.490975837359688E-005  1.434243118650888E-005  1.372796709274769E-005  1.225675554355949E-005  1.127706812491033E-005  9.848148493482435E-006
   278.500039016992       4.732955027305131E-005  4.397483243332454E-005  4.061782046194073E-005  3.725765192437206E-005  3.389176646140645E-005  3.051404849332399E-005  2.711058500869873E-005  2.539031808899222E-005  2.364863036078083E-005  2.187314026603678E-005  2.078322782238770E-005  2.004216776503087E-005  1.890110324559039E-005  1.811405145069756E-005  1.687593746401059E-005  1.599455428165613E-005  1.552978026851071E-005  1.504375108633778E-005  1.453063363742574E-005  1.398191522335356E-005  1.338446032942678E-005  1.193721289642622E-005  1.095738868418799E-005  9.502086067713416E-006
   279.500039157089       3.057338061305403E-005  2.851368812243676E-005  2.646784474919944E-005  2.443433830576907E-005  2.240948209688932E-005  2.038539014077827E-005  1.834552288909411E-005  1.730970724719313E-005  1.625355833558937E-005  1.516412957498891E-005  1.448584281055982E-005  1.401909517242900E-005  1.328917680835260E-005  1.277586931036791E-005  1.194749644050624E-005  1.133840739541397E-005  1.100944203556502E-005  1.065897923778361E-005  1.028121648048216E-005  9.867765974385792E-006  9.405847775195372E-006  8.235974020867615E-006  7.409292828364119E-006  6.159772301459897E-006
   280.500039297186       3.669588440259493E-005  3.413911089148853E-005  3.159618787899157E-005  2.906624650347384E-005  2.654634236752489E-005  2.402940304474390E-005  2.149963238939404E-005  2.022007727685483E-005  1.892088681278055E-005  1.758877888791450E-005  1.676476086092926E-005  1.620063556196070E-005  1.532396201843539E-005  1.471203229899089E-005  1.373359921488640E-005  1.302204661635663E-005  1.264067651155577E-005  1.223668808600165E-005  1.180387874936281E-005  1.133324983722610E-005  1.081103327612257E-005  9.502644433976966E-006  8.586496434855330E-006  7.205507848416198E-006
   281.500039437283       5.231606419191692E-005  4.865888912819976E-005  4.498819930418653E-005  4.130223258845088E-005  3.759747383460710E-005  3.386658458860391E-005  3.009395127772882E-005  2.818227320540601E-005  2.624391036109679E-005  2.426560641346989E-005  2.305049587876630E-005  2.222424389181225E-005  2.095233057230354E-005  2.007561284193555E-005  1.869833504666341E-005  1.772010260112469E-005  1.720529073618312E-005  1.666787247835717E-005  1.610170686347316E-005  1.549783115017730E-005  1.484241097511891E-005  1.326505990008737E-005  1.220581721958180E-005  1.064353608331550E-005
   282.500039577380       5.406607112271055E-005  5.034502709147376E-005  4.660214921839224E-005  4.283497675316755E-005  3.903844828077180E-005  3.520338298120967E-005  3.131176647559645E-005  2.933409922955600E-005  2.732469987812027E-005  2.526964799339581E-005  2.400538497959765E-005  2.314495297758093E-005  2.181947381103970E-005  2.090543162062430E-005  1.946968629630655E-005  1.845094338512978E-005  1.791552527366251E-005  1.735738290028483E-005  1.677053463248741E-005  1.614629432084736E-005  1.547131427373318E-005  1.386189226532719E-005  1.279661898168026E-005  1.125172039744950E-005
   283.500039717477       5.196676800452988E-005  4.842013853116680E-005  4.485390428473588E-005  4.126518682920188E-005  3.764901727275526E-005  3.399618252240873E-005  3.028851721722150E-005  2.840333435276924E-005  2.648686799731296E-005  2.452512108539825E-005  2.331712077191750E-005  2.249432498672560E-005  2.122557554343333E-005  2.034957602661573E-005  1.897136685614552E-005  1.799136637908362E-005  1.747545985776723E-005  1.693693567790272E-005  1.636982526019109E-005  1.576545813041346E-005  1.511050598273574E-005  1.354182208715694E-005  1.249764506757982E-005  1.097580149901733E-005
   284.500039857574       4.973213479792926E-005  4.639403087653251E-005  4.303656860675725E-005  3.965635674172128E-005  3.624805493777651E-005  3.280223494552503E-005  2.930016612006950E-005  2.751715203738284E-005  2.570229750677988E-005  2.384180802565115E-005  2.269429556047852E-005  2.191175562156650E-005  2.070324010853962E-005  1.986729557108056E-005  1.854896104466904E-005  1.760873151702405E-005  1.711265690117067E-005  1.659392919241006E-005  1.604658158125501E-005  1.546195133290809E-005  1.482675245957070E-005  1.329813329230703E-005  1.227529239051623E-005  1.077944442767529E-005
   285.500039997671       4.739762814706716E-005  4.422142518245765E-005  4.103097463492950E-005  3.782356877076586E-005  3.459456152071010E-005  3.133482985185585E-005  2.802672976715570E-005  2.634388462254202E-005  2.463151693335768E-005  2.287595652296958E-005  2.179273686496003E-005  2.105363225117011E-005  1.991125199448041E-005  1.912009598725824E-005  1.787012282605298E-005  1.697629889639061E-005  1.650368776358240E-005  1.600860041536092E-005  1.548506434908969E-005  1.492440174314395E-005  1.431329257706520E-005  1.283288045604847E-005  1.183373737470034E-005  1.036066921338347E-005
   286.500040137768       5.269325791077182E-005  4.915493019891178E-005  4.559311778424352E-005  4.200472980190738E-005  3.838386070734970E-005  3.472022485075023E-005  3.099412406899336E-005  2.909625885784588E-005  2.716414153994892E-005  2.518346970240577E-005  2.396216611798902E-005  2.312959873468609E-005  2.184459712408359E-005  2.095656040064338E-005  1.955806481914093E-005  1.856276686123166E-005  1.803854193120012E-005  1.749117271177825E-005  1.691459412089740E-005  1.629999729156630E-005  1.563385391718769E-005  1.403823340043925E-005  1.297612215557077E-005  1.142723548558317E-005
   287.500040277865       5.124399389485203E-005  4.785473226474832E-005  4.444162754543816E-005  4.099990493664258E-005  3.752385949117860E-005  3.400126281217178E-005  3.041154680474850E-005  2.857968180927337E-005  2.671191757600495E-005  2.479353621254568E-005  2.360848004621821E-005  2.279954956806005E-005  2.154910601872396E-005  2.068341003542141E-005  1.931716862747942E-005  1.834227147800989E-005  1.782784082910256E-005  1.728992826388900E-005  1.672241656751269E-005  1.611642230042580E-005  1.545831837063692E-005  1.387651793257878E-005  1.281994105767761E-005  1.127687193089622E-005
   288.500040417961       5.261243294762848E-005  4.912898291987973E-005  4.562324411647540E-005  4.209099390334705E-005  3.852614671858785E-005  3.491873735705058E-005  3.124782410909484E-005  2.937651307400822E-005  2.746956409305599E-005  2.551225275593946E-005  2.430367245408985E-005  2.347877155087002E-005  2.220377753980929E-005  2.132107260821673E-005  1.992766792792313E-005  1.893296434846810E-005  1.840784059021680E-005  1.785851762766543E-005  1.727866745262425E-005  1.665906918485783E-005  1.598559288426738E-005  1.436373872139170E-005  1.327764976076210E-005  1.168794596220576E-005
   289.500040558058       5.028500658738153E-005  4.700321075025056E-005  4.370235027170916E-005  4.037933720981620E-005  3.702658638378684E-005  3.363315282745458E-005  3.017680843195938E-005  2.841251232885779E-005  2.661235337814341E-005  2.476071801102638E-005  2.361486144222783E-005  2.283141078920270E-005  2.161777489988346E-005  2.077530266317274E-005  1.944080650332933E-005  1.848405467582913E-005  1.797736245552162E-005  1.744601728257651E-005  1.688360184817681E-005  1.628078868922222E-005  1.562330062420300E-005  1.403036802780626E-005  1.295714819338516E-005  1.138172171725207E-005
   291.000040768204       5.731965055595034E-005  5.356488975072800E-005  4.977835691879478E-005  4.595659222519184E-005  4.209261746514634E-005  3.817327570605278E-005  3.417581868221665E-005  3.213493241534146E-005  3.005330397643352E-005  2.791517374680018E-005  2.659444797900462E-005  2.569315874329530E-005  2.430041593032855E-005  2.333675201737085E-005  2.181722965593725E-005  2.073434522654052E-005  2.016352760253329E-005  1.956716058907817E-005  1.893860382014615E-005  1.826819937247843E-005  1.754110438838509E-005  1.579765708620780E-005  1.463585722989334E-005  1.294081189432436E-005
   293.000041048398       5.521586690656265E-005  5.166377463561657E-005  4.807976723725310E-005  4.446034293830172E-005  4.079707194126943E-005  3.707813172322036E-005  3.328033777246982E-005  3.133901107963711E-005  2.935714472998612E-005  2.731838823666742E-005  2.605741404929319E-005  2.519583413605863E-005  2.386273070069680E-005  2.293880158644408E-005  2.147881859693165E-005  2.043553687851024E-005  1.988444689798309E-005  1.930772067783669E-005  1.869868173485429E-005  1.804758769582795E-005  1.733948724475441E-005  1.563192339491067E-005  1.448548841445850E-005  1.279998353968052E-005
   295.000041328591       5.549466251054982E-005  5.195119695542876E-005  4.837786154436339E-005  4.476823001747398E-005  4.111542293072688E-005  3.740668929264477E-005  3.361752786572926E-005  3.167935164669759E-005  2.969945217675657E-005  2.766114934566690E-005  2.639938816676576E-005  2.553677823968227E-005  2.420100515031307E-005  2.327440284039337E-005  2.180861949436249E-005  2.075975613268368E-005  2.020516585417205E-005  1.962433264194568E-005  1.901039715600733E-005  1.835340179777598E-005  1.763800273513884E-005  1.590858466503559E-005  1.474367865057186E-005  1.302554902103362E-005
   297.000041608785       5.734013495784933E-005  5.374364597225448E-005  5.010789093397345E-005  4.642885270504715E-005  4.269656983897121E-005  3.889638946627590E-005  3.500280350282463E-005  3.300658863209076E-005  3.096374815659011E-005  2.885764579960115E-005  2.755232271824055E-005  2.665927180819262E-005  2.527567249445130E-005  2.431549051968908E-005  2.279634889217220E-005  2.170951975407651E-005  2.113507268527258E-005  2.053370927920282E-005  1.989848007715110E-005  1.921926372291031E-005  1.848052940396366E-005  1.669948325169732E-005  1.550430901055509E-005  1.374749345118389E-005
   299.000041888979       5.816633380806316E-005  5.455688546574259E-005  5.090715599004936E-005  4.721266583544764E-005  4.346236642449928E-005  3.964177322674941E-005  3.572410939908872E-005  3.371375892514866E-005  3.165541634752445E-005  2.953162696464593E-005  2.821433678933932E-005  2.731271006529530E-005  2.591503051479273E-005  2.494450090817179E-005  2.340791211023017E-005  2.230770085065633E-005  2.172586317566078E-005  2.111647682079173E-005  2.047244144750574E-005  1.978340340729446E-005  1.903342098418508E-005  1.722231731269766E-005  1.600399667250348E-005  1.420745179665616E-005
   301.000042169173       5.949704886862018E-005  5.584943339694085E-005  5.215919838731027E-005  4.842063854967585E-005  4.462416007103199E-005  4.075315710142458E-005  3.677935225242956E-005  3.473823087635642E-005  3.264668336149796E-005  3.048605314796256E-005  2.914480280271506E-005  2.822613849907705E-005  2.680096017876780E-005  2.581059987522902E-005  2.424116500278004E-005  2.311642721802852E-005  2.252127351381628E-005  2.189771844786830E-005  2.123844832279119E-005  2.053285782646045E-005  1.976462600600978E-005  1.790886030091422E-005  1.666064657225300E-005  1.482173122562292E-005
   303.000042449367       5.936879475496878E-005  5.577512338924951E-005  5.213990406876305E-005  4.845548363484150E-005  4.471318153114555E-005  4.089514338984520E-005  3.697221409153762E-005  3.495568954336737E-005  3.288713029646561E-005  3.074866840325172E-005  2.941968890612393E-005  2.850868701816387E-005  2.709408450078508E-005  2.610995048520339E-005  2.454812377244991E-005  2.342669884768226E-005  2.283245922420311E-005  2.220915893287911E-005  2.154931609440366E-005  2.084203107163063E-005  2.007056939539886E-005  1.820039229944455E-005  1.693688051492227E-005  1.506785949083679E-005
   305.000042729561       5.958626255355549E-005  5.601923945345841E-005  5.240863827095767E-005  4.874831377201364E-005  4.502643523697768E-005  4.122610447931700E-005  3.731795717311200E-005  3.530697680147395E-005  3.324276778496297E-005  3.110663447645153E-005  2.977797135832567E-005  2.886654618579289E-005  2.745033251711824E-005  2.646411171119096E-005  2.489740459035268E-005  2.377110180257513E-005  2.317374009978603E-005  2.254671359418761E-005  2.188240064137280E-005  2.116969881281150E-005  2.039150697593283E-005  1.850123689174360E-005  1.722105603690686E-005  1.532340139531099E-005
   307.000043009754       5.989736981099591E-005  5.636563161703295E-005  5.278600169069934E-005  4.915203997701283E-005  4.545130219137827E-005  4.166596894814516E-005  3.776369196868894E-005  3.575157045227004E-005  3.368324114228717E-005  3.153890267846223E-005  3.020329451262345E-005  2.928628616841463E-005  2.785994583696934E-005  2.686577008142345E-005  2.528494107091834E-005  2.414748308335602E-005  2.354392591136243E-005  2.291023423642948E-005  2.223870785990929E-005  2.151812882179529E-005  2.073126161485930E-005  1.881981571048247E-005  1.752512656155288E-005  1.560397980467022E-005
   309.000043289948       6.107203193564258E-005  5.752172455088308E-005  5.392187066712982E-005  5.026448091973190E-005  4.653649879926916E-005  4.271973328451291E-005  3.878062187194797E-005  3.674738485350011E-005  3.465587334400611E-005  3.248601416515688E-005  3.113346349599787E-005  3.020438962294100E-005  2.875854499120992E-005  2.775026053412218E-005  2.614598314604871E-005  2.499101766188961E-005  2.437793078918253E-005  2.373407092723323E-005  2.305160065037561E-005  2.231907968599812E-005  2.151894327011312E-005  1.957427974259066E-005  1.825623973227941E-005  1.629908565267747E-005
   311.000043570142       6.010573819150750E-005  5.665583752948947E-005  5.315706616033625E-005  4.960270015761028E-005  4.597929070264529E-005  4.226696304923975E-005  3.843296229382266E-005  3.645227286096991E-005  3.441282853704481E-005  3.229413455604064E-005  3.097180867863638E-005  3.006251711437101E-005  2.864562223807840E-005  2.765588952748077E-005  2.607794340895747E-005  2.493885240781207E-005  2.433296778357983E-005  2.369566121671799E-005  2.301888868264825E-005  2.229094779434320E-005  2.149387016176027E-005  1.954770630975171E-005  1.822178307169141E-005  1.624569130128549E-005
   313.000043850336       6.060892979529063E-005  5.715073345149940E-005  5.364433326374423E-005  5.007953818034508E-005  4.644499263464794E-005  4.272043409143799E-005  3.887202483529458E-005  3.688319269296689E-005  3.483476930431991E-005  3.270601281572558E-005  3.137670324475615E-005  3.046251577424956E-005  2.903729867810500E-005  2.804133694931888E-005  2.645267840653642E-005  2.530509705518534E-005  2.469440361460665E-005  2.405177355533391E-005  2.336903573031720E-005  2.263426891875612E-005  2.182917252404830E-005  1.986060293695519E-005  1.851676974663756E-005  1.650965633631901E-005
   315.000044130530       6.237977157408810E-005  5.886975840915546E-005  5.530511739724540E-005  5.167636867016965E-005  4.797101274467490E-005  4.416862703052486E-005  4.023240360866416E-005  3.819536856685778E-005  3.609538157021158E-005  3.391087501333518E-005  3.254620117335661E-005  3.160727095174529E-005  3.014341970944241E-005  2.912043169113816E-005  2.748883668107377E-005  2.631077143318157E-005  2.568415229675871E-005  2.502504108674861E-005  2.432514875094888E-005  2.357238476568367E-005  2.274819104539713E-005  2.073568069339326E-005  1.936356932495074E-005  1.731433353547485E-005
   317.000044410724       6.254150034278708E-005  5.906688347638495E-005  5.553671025644689E-005  5.194152125664343E-005  4.826747054742248E-005  4.449252594895269E-005  4.058113219418528E-005  3.855490523770192E-005  3.646433657244488E-005  3.428809702826364E-005  3.292722909615331E-005  3.199044115961867E-005  3.052880930794634E-005  2.950659897629882E-005  2.787477815104056E-005  2.669528302408265E-005  2.606740012514593E-005  2.540655893920574E-005  2.470434427993450E-005  2.394847270811128E-005  2.312007922250958E-005  2.109324712428849E-005  1.970750536666942E-005  1.763117387864071E-005
   319.000044690917       6.010986961629532E-005  5.682184807723714E-005  5.348121685096246E-005  5.008063314268686E-005  4.660430665188251E-005  4.303234415266502E-005  3.932864184300347E-005  3.740795988137544E-005  3.542439359389540E-005  3.335620769214858E-005  3.206084614732428E-005  3.116789428606933E-005  2.977235544587227E-005  2.879435302332238E-005  2.722876833032931E-005  2.609309620427035E-005  2.548692512990108E-005  2.484758987913456E-005  2.416655953118139E-005  2.343146626238118E-005  2.262324470970130E-005  2.063372420334670E-005  1.926403181904752E-005  1.720088133011262E-005
   321.000044971111       6.209365239987376E-005  5.873015730350327E-005  5.531180287254754E-005  5.182838381188930E-005  4.826634324117043E-005  4.460306604030978E-005  4.080104154390471E-005  3.882779362961975E-005  3.678867530628843E-005  3.466175885490760E-005  3.332913685999863E-005  3.241033636519187E-005  3.097423663823118E-005  2.996775539112282E-005  2.835686378007072E-005  2.718869356366156E-005  2.656536567202448E-005  2.590811539949271E-005  2.520826744012861E-005  2.445316834508859E-005  2.362338196487703E-005  2.158285010675076E-005  2.017958472589843E-005  1.806704387417495E-005
   323.000045251305       6.083637774748649E-005  5.758005189563534E-005  5.427089095589215E-005  5.090004518616249E-005  4.745334499178631E-005  4.390732363476598E-005  4.022635764754065E-005  3.831511879023581E-005  3.633921344749321E-005  3.427622637280945E-005  3.298246780719171E-005  3.208979139720656E-005  3.069302681269975E-005  2.971288324648404E-005  2.814133501769906E-005  2.699909852586533E-005  2.638853606198030E-005  2.574383930968528E-005  2.505622532113087E-005  2.431290047582839E-005  2.349418775693101E-005  2.147155079841083E-005  2.007227110769008E-005  1.795318482098037E-005
   325.000045531499       6.269640738658570E-005  5.937697730305959E-005  5.600006297702259E-005  5.255632311179545E-005  4.903012040695461E-005  4.539902874104004E-005  4.162361064722599E-005  3.966133454269671E-005  3.763067905537601E-005  3.550906718182517E-005  3.417773229795145E-005  3.325887579144276E-005  3.182093238622615E-005  3.081180196091535E-005  2.919380523152937E-005  2.801816666184579E-005  2.738998865664124E-005  2.672688836846896E-005  2.601998736427637E-005  2.525625204579262E-005  2.441571223275864E-005  2.234278203672205E-005  2.091224294629061E-005  1.875124443147355E-005
   327.000045811693       6.377677541837679E-005  6.044265482837473E-005  5.704827470025852E-005  5.358466351400761E-005  5.003416516123692E-005  4.637284828010084E-005  4.256014287829229E-005  4.057508829859794E-005  3.851865656142839E-005  3.636717476977443E-005  3.501542480999543E-005  3.408155912070963E-005  3.261875499726245E-005  3.159108707090130E-005  2.994170682241375E-005  2.874185373635993E-005  2.810026296906593E-005  2.742269911076809E-005  2.669998711232007E-005  2.591880732351820E-005  2.505866224763216E-005  2.293619758677799E-005  2.147133522534136E-005  1.926073501441592E-005
   329.000046091887       6.495888892137249E-005  6.158833596607758E-005  5.815560215684868E-005  5.465099689580315E-005  5.105835058956062E-005  4.735333260523325E-005  4.349426458228010E-005  4.148555352204823E-005  3.940461835480766E-005  3.722753646053520E-005  3.586012905085870E-005  3.491558980609932E-005  3.343618944592686E-005  3.239698418801703E-005  3.072915765082193E-005  2.951584066655943E-005  2.886697457023399E-005  2.818161147391834E-005  2.745041047206054E-005  2.665975407143552E-005  2.578869163632836E-005  2.363595116321328E-005  2.214615371513361E-005  1.988950296227901E-005
   331.000046372081       6.592446899121246E-005  6.254696494171686E-005  5.910656983324072E-005  5.558983947900868E-005  5.198148335416126E-005  4.825520808973705E-005  4.436902907740001E-005  4.234338481690457E-005  4.024325676528749E-005  3.804413541860250E-005  3.666158151777891E-005  3.570620941094002E-005  3.420915144296370E-005  3.315708617754204E-005  3.146786002572380E-005  3.023856844815927E-005  2.958107140687379E-005  2.888655368297639E-005  2.814556584634494E-005  2.734435237177464E-005  2.646171578950146E-005  2.428083009525286E-005  2.277190392861168E-005  2.048594478967500E-005
   333.000046652274       6.498095494775590E-005  6.170095119019854E-005  5.835686985665780E-005  5.493656627941299E-005  5.142460630559215E-005  4.779453814301614E-005  4.400332876909193E-005  4.202479850336514E-005  3.997131494855095E-005  3.781830557808468E-005  3.646317271945481E-005  3.552574748844951E-005  3.405524812326007E-005  3.302054815895631E-005  3.135665302245794E-005  3.014359522770808E-005  2.949392073289272E-005  2.880698728403845E-005  2.807328832397712E-005  2.727897031002428E-005  2.640271136599020E-005  2.423211232734883E-005  2.272606516157357E-005  2.043931293597568E-005
   335.000046932468       6.460701810789837E-005  6.138525833521113E-005  5.810004326733713E-005  5.473840261312724E-005  5.128275835355653E-005  4.770723043895718E-005  4.396852417127011E-005  4.201532137217176E-005  3.998602623060755E-005  3.785572880391692E-005  3.651354466479430E-005  3.558442484414953E-005  3.412575849863706E-005  3.309839866901716E-005  3.144473071786068E-005  3.023770046741066E-005  2.959076779829788E-005  2.890634804888815E-005  2.817490736199380E-005  2.738253253522049E-005  2.650782320538722E-005  2.433838783154241E-005  2.283082093118839E-005  2.053729287929808E-005
   337.000047212662       6.495441237723540E-005  6.174586978754896E-005  5.847314000104864E-005  5.512527662623918E-005  5.168393964979891E-005  4.812380423967099E-005  4.440096506918061E-005  4.245546097164009E-005  4.043387966740944E-005  3.831105989004771E-005  3.697289716983130E-005  3.604621379899289E-005  3.459054513665373E-005  3.356453443080359E-005  3.191115707266822E-005  3.070255281533324E-005  3.005398704297652E-005  2.936716280129032E-005  2.863224214606840E-005  2.783495434204432E-005  2.695325358225605E-005  2.475849300072902E-005  2.322636581205444E-005  2.088634284978378E-005
   339.000047492856       6.521782168131867E-005  6.204678859804576E-005  5.880956200265129E-005  5.549413621124477E-005  5.208275097617954E-005  4.854870084616995E-005  4.484629064106269E-005  4.290881666736008E-005  4.089302149349323E-005  3.877376014398362E-005  3.743643744669484E-005  3.650973507923569E-005  3.505298401552902E-005  3.402550421377277E-005  3.236865034427129E-005  3.115674462154686E-005  3.050620857714673E-005  2.981715727073615E-005  2.907976637900168E-005  2.827972323105146E-005  2.739497396795847E-005  2.519312916822478E-005  2.365681804922692E-005  2.131157761769758E-005
   341.000047773050       6.667834602753683E-005  6.346086353718202E-005  6.017573612775746E-005  5.681218013151765E-005  5.335214326748772E-005  4.976794635038997E-005  4.601399891269115E-005  4.404976025868363E-005  4.200652725470824E-005  3.985874517957340E-005  3.850356201588478E-005  3.756447169144042E-005  3.608834069125042E-005  3.504723333702968E-005  3.336811952254445E-005  3.213966149198986E-005  3.148005416843264E-005  3.078121837530437E-005  3.003310871402555E-005  2.922108658656650E-005  2.832257598580036E-005  2.608355501694325E-005  2.451847730680109E-005  2.212553775211551E-005
   343.000048053244       6.726228148003896E-005  6.405663073846380E-005  6.078202247729458E-005  5.742740620553686E-005  5.397272985800221E-005  5.039041384896508E-005  4.663468554074230E-005  4.466751088207113E-005  4.262027378201282E-005  4.046659955489174E-005  3.910694469178155E-005  3.816459069997956E-005  3.668264034838529E-005  3.563713521347225E-005  3.395051590833854E-005  3.271625593158679E-005  3.205348693176874E-005  3.135125623925232E-005  3.059946140025533E-005  2.978340466187712E-005  2.888039773540523E-005  2.662977630469489E-005  2.505583891668649E-005  2.264670782812668E-005
   345.000048333437       6.719492370809700E-005  6.403621727438751E-005  6.080796375768502E-005  5.749877935541852E-005  5.408900909881617E-005  5.055024060240109E-005  4.683628542354108E-005  4.488908173724302E-005  4.286053233286051E-005  4.072450421807887E-005  3.937440050980472E-005  3.843789531421458E-005  3.696388963761139E-005  3.592281480074728E-005  3.424117373670495E-005  3.300865912768351E-005  3.234606981595025E-005  3.164346335291589E-005  3.089056728393767E-005  3.007248095955388E-005  2.916619189747779E-005  2.690283151729618E-005  2.531665922148640E-005  2.288558060046128E-005
   347.000048613631       6.698071159022450E-005  6.386873021509432E-005  6.068757058747033E-005  5.742383808260012E-005  5.405938344528967E-005  5.056507297759533E-005  4.689346098593500E-005  4.496695090701735E-005  4.295780613141359E-005  4.083975511890645E-005  3.949972453662875E-005  3.856941300051968E-005  3.710374671476701E-005  3.606742722643453E-005  3.439125178844250E-005  3.316076264870809E-005  3.249854473419616E-005  3.179570171878030E-005  3.104184717511867E-005  3.022187825597693E-005  2.931245126604252E-005  2.703669353519283E-005  2.543854771367434E-005  2.298592805399244E-005
   349.000048893825       6.734682393353048E-005  6.424571264441507E-005  6.107496334024836E-005  5.782163079084205E-005  5.446683685432672E-005  5.098066230743652E-005  4.731498402542701E-005  4.539000308017017E-005  4.338167930881837E-005  4.126275093775532E-005  3.992125536193007E-005  3.898938510789275E-005  3.752030584252450E-005  3.648075684111203E-005  3.479764212015534E-005  3.356048521801048E-005  3.289402705192307E-005  3.218618365936371E-005  3.142631036910817E-005  3.059896793337868E-005  2.968029249585523E-005  2.737617640327489E-005  2.575377382443830E-005  2.325855895086055E-005
   351.000049174019       6.886836946504433E-005  6.572412866065260E-005  6.250838084300459E-005  5.920669447860349E-005  5.579908117394934E-005  5.225601130064303E-005  4.852919570195918E-005  4.657156471191458E-005  4.452862374530969E-005  4.237353579968897E-005  4.100930019798125E-005  4.006183489207603E-005  3.856859617649521E-005  3.751237813647493E-005  3.580322265880363E-005  3.454785870988027E-005  3.387195743278719E-005  3.315437173959129E-005  3.238442179041511E-005  3.154651274240838E-005  3.061661713954839E-005  2.828611562795286E-005  2.664567040239121E-005  2.412057664049998E-005
   353.000049454213       6.930522762860621E-005  6.617647790889549E-005  6.297700232931546E-005  5.969149987533202E-005  5.630048463142101E-005  5.277336568966802E-005  4.906179154331433E-005  4.711159031814916E-005  4.507619009360086E-005  4.292826592867970E-005  4.156811786649579E-005  4.062324644346886E-005  3.913373861634009E-005  3.807977060563182E-005  3.637346096080333E-005  3.511945042377632E-005  3.444396663267973E-005  3.372655115207265E-005  3.295641765306820E-005  3.211785934843168E-005  3.118660125015051E-005  2.884917422858939E-005  2.720036110408957E-005  2.465620039339038E-005
   355.000049734407       7.030954531044424E-005  6.717659038320360E-005  6.396678580764818E-005  6.066889240134672E-005  5.725981515767817E-005  5.371032352367728E-005  4.996913525065640E-005  4.800063467668182E-005  4.594428138750843E-005  4.377257541271406E-005  4.239639897339083E-005  4.144005178891778E-005  3.993187197440327E-005  3.886437178142068E-005  3.713582725453763E-005  3.586539248585819E-005  3.518110844802208E-005  3.445444830896377E-005  3.367451463258784E-005  3.282549531732779E-005  3.188293680877176E-005  2.951896570283618E-005  2.785298464668541E-005  2.528398053080693E-005
   357.000050014600       6.899675286453692E-005  6.596080266172123E-005  6.285223931446126E-005  5.965798709605899E-005  5.635680799080378E-005  5.291733733868513E-005  4.929038657854849E-005  4.738077958941597E-005  4.538423838067749E-005  4.327320378739678E-005  4.193376868281794E-005  4.100203127470804E-005  3.953063903104874E-005  3.848760951756182E-005  3.679516707901209E-005  3.554800076566201E-005  3.487495917736906E-005  3.415912246958211E-005  3.338948209009971E-005  3.255002036332439E-005  3.161599064597618E-005  2.926375198701516E-005  2.759867443707558E-005  2.502333825108413E-005
   359.000050294794       6.918338423963793E-005  6.617433764879427E-005  6.309149316648429E-005  5.992212402109094E-005  5.664675516300998E-005  5.323338628467526E-005  4.963122621856919E-005  4.773369862388658E-005  4.574871542011862E-005  4.364839975093848E-005  4.231494187540073E-005  4.138677203730644E-005  3.992020087916206E-005  3.887974594396760E-005  3.718995075009910E-005  3.594331224428871E-005  3.527001582579204E-005  3.455343805774407E-005  3.378248832466424E-005  3.294093915663720E-005  3.200377878412468E-005  2.964009409854395E-005  2.796436932136041E-005  2.537036464813306E-005
   361.000050574988       6.967655788065546E-005  6.667920323487384E-005  6.360930690599516E-005  6.045000961277758E-005  5.718280095053549E-005  5.377550723311462E-005  5.017766914614323E-005  4.828078037839988E-005  4.629591643930686E-005  4.419436071898423E-005  4.285945441258332E-005  4.193008784549767E-005  4.046102385107580E-005  3.941846303995538E-005  3.772445986959895E-005  3.647414196109229E-005  3.579862923743084E-005  3.507950160912902E-005  3.430554754272260E-005  3.346042545096043E-005  3.251888077167292E-005  3.014191757001222E-005  2.845456381414478E-005  2.583836304126065E-005
   363.000050855182       7.040262837376465E-005  6.740607439307408E-005  6.433268376725955E-005  6.116963824486577E-005  5.789574341699993E-005  5.447847090705994E-005  5.086674958326901E-005  4.896125362218338E-005  4.696630654917559E-005  4.485320154707850E-005  4.351052674468348E-005  4.257548751671866E-005  4.109737264801924E-005  4.004822350079070E-005  3.834340942432456E-005  3.708505509956826E-005  3.640519518953495E-005  3.568147285582855E-005  3.490261648028889E-005  3.405216044810251E-005  3.310470021054537E-005  3.071273103794777E-005  2.901420655302812E-005  2.637850242950701E-005
   364.000050995279       7.008174311580505E-005  6.711189972348090E-005  6.406692955762607E-005  6.093318562353063E-005  5.768993808279286E-005  5.430499798474478E-005  5.072652035322086E-005  4.883791938494432E-005  4.685997952434862E-005  4.476371587374068E-005  4.343092426742800E-005  4.250228391051087E-005  4.103318593949954E-005  3.998961221090495E-005  3.829189043194803E-005  3.703704875520892E-005  3.635837994871694E-005  3.563533725546843E-005  3.485651287390124E-005  3.400523780640930E-005  3.305578108016810E-005  3.065395402308838E-005  2.894501989995163E-005  2.629058289141727E-005
   365.000051135376       7.205925358941369E-005  6.898987916012125E-005  6.584503100449489E-005  6.260951891342500E-005  5.926102361184947E-005  5.576634457209455E-005  5.207266734770304E-005  5.012371032248030E-005  4.808311018796747E-005  4.592203827695481E-005  4.454903499589909E-005  4.359308312421098E-005  4.208223968762049E-005  4.101020722738253E-005  3.926917097804032E-005  3.798507879851072E-005  3.729169483723588E-005  3.655390693354233E-005  3.576032668990979E-005  3.489428824307372E-005  3.393004703363119E-005  3.149828156115411E-005  2.977344783121839E-005  2.709835627343536E-005
   367.000051415570       7.255827709742276E-005  6.947388461144925E-005  6.631270543885838E-005  6.306011260067863E-005  5.969425039371029E-005  5.618071583397218E-005  5.246524652653396E-005  5.050405567009771E-005  4.845042959413548E-005  4.627447615191961E-005  4.489151810083479E-005  4.392834881083025E-005  4.240554535001972E-005  4.132462495425380E-005  3.956817950611929E-005  3.827184361155709E-005  3.757149869021894E-005  3.682603999553711E-005  3.602383764634453E-005  3.514796053356179E-005  3.417221621005418E-005  3.170892830778868E-005  2.996017676352570E-005  2.724892927295712E-005
   369.000051695763       7.081676438007812E-005  6.778588632308832E-005  6.468582202078935E-005  6.150481078685757E-005  5.822343657457169E-005  5.481169609131558E-005  5.122378989955238E-005  4.933996024319509E-005  4.737497488158697E-005  4.530265645386573E-005  4.399084854014846E-005  4.307956873277493E-005  4.164272214344305E-005  4.062537859824776E-005  3.897637336860853E-005  3.776174713734886E-005  3.710613321162654E-005  3.640855166915223E-005  3.565806111116764E-005  3.483869878652123E-005  3.392593087716591E-005  3.162216880397456E-005  2.998925794988523E-005  2.746709020506537E-005
   371.000051975957       7.014381733246288E-005  6.737604062070403E-005  6.455760477818140E-005  6.167742292408006E-005  5.871542187705092E-005  5.564212536552995E-005  5.240636627120107E-005  5.070048731351697E-005  4.891198073137204E-005  4.701083085422143E-005  4.579663351952361E-005  4.494746357170430E-005  4.359734043108283E-005  4.263228407882587E-005  4.105058006783680E-005  3.987156960683256E-005  3.923044275910097E-005  3.854488272840241E-005  3.780386711428835E-005  3.699135222010887E-005  3.608291114387716E-005  3.378277536517990E-005  3.215286501786306E-005  2.963972748818339E-005
   373.000052256151       6.821708499053756E-005  6.597495126260366E-005  6.367691002248839E-005  6.130776618250159E-005  5.883894484813853E-005  5.623327875113639E-005  5.342533853191830E-005  5.191311214381824E-005  5.030040568857144E-005  4.855290938838447E-005  4.741824648826111E-005  4.661590460584647E-005  4.532525319444648E-005  4.439178581995199E-005  4.284333011813800E-005  4.167548382341614E-005  4.103612414683173E-005  4.034957522742126E-005  3.960452416687299E-005  3.878476231516682E-005  3.786568390093068E-005  3.553483342282296E-005  3.388794642635296E-005  3.136896563656056E-005
   375.000052536345       8.281999182183149E-005  8.028531442301755E-005  7.763044950240466E-005  7.482219691106875E-005  7.182126490130712E-005  6.856243132695791E-005  6.494631550778472E-005  6.295397973337328E-005  6.079626633352875E-005  5.842194662219634E-005  5.686168040060707E-005  5.575018245646775E-005  5.394971492287927E-005  5.263896491114342E-005  5.045222419168945E-005  4.879612225539054E-005  4.788831655107657E-005  4.691346929486786E-005  4.585658530059036E-005  4.469641350090720E-005  4.340124238540746E-005  4.016264552490062E-005  3.793622063397571E-005  3.467094907074144E-005
   377.000052816539       8.857493693018737E-005  8.595062273979898E-005  8.316780623524543E-005  8.019065303690397E-005  7.696730024052898E-005  7.341767494781090E-005  6.942193363185059E-005  6.719617319275729E-005  6.476712349902214E-005  6.207509956777826E-005  6.029676811614447E-005  5.902625253038391E-005  5.696353574155616E-005  5.545998836255067E-005  5.295169046680602E-005  5.105599447324288E-005  5.001975079748807E-005  4.891021234508955E-005  4.771196774400461E-005  4.640346247875279E-005  4.495291676182182E-005  4.138456711713589E-005  3.898878903934164E-005  3.556430158983298E-005
   379.000053096733       1.123185363134457E-004  1.085134291616572E-004  1.044613966290255E-004  1.001073183071666E-004  9.537675626237430E-005  9.015840390036697E-005  8.428046376209058E-005  8.101075417675193E-005  7.745069545528766E-005  7.352074332921970E-005  7.093709991223979E-005  6.909908063712413E-005  6.613154201718109E-005  6.398374231651801E-005  6.043585528022540E-005  5.778935846508056E-005  5.635741303171499E-005  5.483693716694352E-005  5.321110105056629E-005  5.145657904789865E-005  4.953961594062565E-005  4.496863075520510E-005  4.203400818772062E-005  3.805539175398545E-005
   381.000053376926       1.366534164544964E-004  1.313866089915263E-004  1.257866217754930E-004  1.197851824250735E-004  1.132836557819917E-004  1.061490497599170E-004  9.816944717557390E-005  9.376267802826954E-005  8.899639096685096E-005  8.377776309135232E-005  8.037475186415676E-005  7.796850863636879E-005  7.411175849622222E-005  7.134378558470612E-005  6.681936554750811E-005  6.348772810936421E-005  6.170221284052225E-005  5.982058624787284E-005  5.782588352719213E-005  5.569490950135263E-005  5.339416968656213E-005  4.803690540943887E-005  4.470397492035965E-005  4.033459013801439E-005
   383.000053657120       1.064761672287767E-004  1.028872348254258E-004  9.906381561524610E-005  9.495723295114980E-005  9.049848835047314E-005  8.558867479002608E-005  8.007253601739315E-005  7.701256849088351E-005  7.368946496159947E-005  7.003199372541896E-005  6.763406882159217E-005  6.593121099812804E-005  6.318731979878353E-005  6.120545871040844E-005  5.793851620817406E-005  5.550656743742367E-005  5.419227673617011E-005  5.279781318477135E-005  5.130764168473703E-005  4.970032450974636E-005  4.794445258260362E-005  4.375185093127809E-005  4.104650956225803E-005  3.733998410850292E-005
   385.000053937314       1.588087031393999E-004  1.521947609350225E-004  1.451634250777999E-004  1.376318817848925E-004  1.294882972218943E-004  1.205683701404588E-004  1.106295699364024E-004  1.051616397395447E-004  9.926922827774595E-005  9.284772988700311E-005  8.867998795020263E-005  8.574362360733895E-005  8.105778826819797E-005  7.771233368699912E-005  7.228003160439941E-005  6.831275489942961E-005  6.619972252003118E-005  6.398392808520706E-005  6.164841224425433E-005  5.917013541364436E-005  5.651597195916347E-005  5.043782463246551E-005  4.674205867142820E-005  4.201712372948046E-005
   387.000054217508       1.886833625044956E-004  1.800350116328663E-004  1.708570729719799E-004  1.610464362875291E-004  1.504751734048337E-004  1.389514441712314E-004  1.261874230814611E-004  1.192079475793849E-004  1.117241783932494E-004  1.036207961091841E-004  9.839436776120976E-005  9.472983734640338E-005  8.891609070635957E-005  8.479393724918274E-005  7.815914747792678E-005  7.336672983227677E-005  7.083511559112524E-005  6.819770344443958E-005  6.543864538399976E-005  6.253660352530230E-005  5.946096034595748E-005  5.256479126124079E-005  4.849146510290428E-005  4.345068974279090E-005
   389.000054497702       9.519540675103951E-005  9.253503065744652E-005  8.968532610572599E-005  8.660536708318149E-005  8.323591890412515E-005  7.949440790671586E-005  7.524786157789477E-005  7.287038397742262E-005  7.026898845422079E-005  6.738020136208506E-005  6.547012922211671E-005  6.410512957668712E-005  6.188935379147096E-005  6.027501648843048E-005  5.758441249141947E-005  5.555387687050377E-005  5.444516348036294E-005  5.325910434350426E-005  5.197956904346401E-005  5.058400903738718E-005  4.903915187996188E-005  4.525001592459933E-005  4.271667595859619E-005  3.911437343403902E-005
   391.000054777896       1.946083379473719E-004  1.855389626351312E-004  1.758982922593152E-004  1.655914047956155E-004  1.544789196593933E-004  1.423635096700405E-004  1.289599073977785E-004  1.216416993401902E-004  1.138081519668377E-004  1.053474285398288E-004  9.990573780700153E-005  9.609843957069678E-005  9.007464804691587E-005  8.581758953858986E-005  7.899413279353464E-005  7.409039367207869E-005  7.150924886024103E-005  6.882730335361402E-005  6.602970485939137E-005  6.309577292991474E-005  5.999573053985042E-005  5.307267953143295E-005  4.899092790921002E-005  4.392219769050572E-005
   393.000055058090       2.059960973654146E-004  1.949151407949036E-004  1.831982077997145E-004  1.707491427804994E-004  1.574469023626860E-004  1.431180834642215E-004  1.275254943053990E-004  1.191544630869124E-004  1.103241910480745E-004  1.009584099706865E-004  9.504045778412675E-005  9.095381831618487E-005  8.458552268576991E-005  8.016107368859907E-005  7.321060517424914E-005  6.832793012239403E-005  6.579659853176731E-005  6.319483233962580E-005  6.051091500537013E-005  5.772777602333027E-005  5.481868908043582E-005  4.839978260857650E-005  4.460896560295015E-005  3.975416555018544E-005
   395.000055338283       1.992934575283325E-004  1.899725819428139E-004  1.800762947577135E-004  1.694907221096892E-004  1.580704354456050E-004  1.456158449886649E-004  1.318351615997576E-004  1.243117380111072E-004  1.162573287714486E-004  1.075621368911848E-004  1.019729952719525E-004  9.806495239454092E-005  9.188703854111802E-005  8.752523375388642E-005  8.054459101288360E-005  7.553681553343713E-005  7.290451322132768E-005  7.017241916760745E-005  6.732568798587127E-005  6.434427125828271E-005  6.119859310189235E-005  5.418947397019232E-005  5.006253606657606E-005  4.492294027214836E-005
   397.000055618477       9.436704528345839E-005  9.175923066066030E-005  8.895825300938619E-005  8.593370408745187E-005  8.261966754831089E-005  7.893245905280047E-005  7.474030581975360E-005  7.239015909435510E-005  6.981586269630110E-005  6.695316352975138E-005  6.505809183098876E-005  6.370248457893141E-005  6.149958581193667E-005  5.989245291975524E-005  5.720934089322099E-005  5.517995281304197E-005  5.407005030850403E-005  5.288093299655933E-005  5.159581471142167E-005  5.019101924350560E-005  4.863125352884077E-005  4.477622884224124E-005  4.216342238868631E-005  3.836526204573199E-005
   399.000055898671       1.932110862743053E-004  1.846354058503637E-004  1.755121525365773E-004  1.657280912507211E-004  1.551476883308206E-004  1.435703041993041E-004  1.306958961213018E-004  1.236347791820334E-004  1.160485094559187E-004  1.078192672242490E-004  1.025055075872863E-004  9.877697456543147E-005  9.285911777568025E-005  8.866176528648381E-005  8.190610413952442E-005  7.702762089433325E-005  7.445129546616242E-005  7.176790895650908E-005  6.896132018482985E-005  6.600955836194130E-005  6.288072228283758E-005  5.585384507795588E-005  5.168277191343785E-005  4.647028665911206E-005
   401.000056178865       2.386592776063310E-004  2.266969927524095E-004  2.139589052707882E-004  2.003179731958635E-004  1.855983080811799E-004  1.695643087206223E-004  1.518774181961695E-004  1.422643190868319E-004  1.320270586010533E-004  1.210494398465287E-004  1.140453860987901E-004  1.091768555275580E-004  1.015359340678682E-004  9.618943655069837E-005  8.772965703264120E-005  8.174811841546048E-005  7.863742282715521E-005  7.543583705310815E-005  7.213157302217503E-005  6.870810428435380E-005  6.514039476209318E-005  5.737263687376589E-005  5.293164858137457E-005  4.757615294373167E-005
   403.000056459059       2.445095182646257E-004  2.321207491678750E-004  2.189071184305059E-004  2.047321143390211E-004  1.894104359507653E-004  1.727135342957317E-004  1.543038259817432E-004  1.443127079797335E-004  1.336920964272329E-004  1.223331759640728E-004  1.151064315292333E-004  1.100938403516452E-004  1.022486762679024E-004  9.677616165495670E-005  8.814935069295726E-005  8.207624832424951E-005  7.892743653588860E-005  7.569358063347547E-005  7.236366276454172E-005  6.892184626533206E-005  6.534374779059464E-005  5.758037024590083E-005  5.315319010863971E-005  4.781532318627913E-005
   405.000056739253       2.425841996350549E-004  2.303391682059523E-004  2.172994852293576E-004  2.033274879064242E-004  1.882478130648809E-004  1.718208594523735E-004  1.537060806695594E-004  1.438683088135302E-004  1.334016007296414E-004  1.221965141767846E-004  1.150596966704831E-004  1.101065069399767E-004  1.023474078335532E-004  9.693021648382727E-005  8.838247009344816E-005  8.235849430809462E-005  7.923277848701634E-005  7.602096110740908E-005  7.271165311261023E-005  6.928870586561076E-005  6.572735615441715E-005  5.798832306477204E-005  5.356581124127090E-005  4.822019250953034E-005
   407.000057019446       2.249256458058375E-004  2.140165283063638E-004  2.024076104743692E-004  1.899803530477992E-004  1.765680540177554E-004  1.619550556972309E-004  1.458188082762390E-004  1.370369559949061E-004  1.276698412079803E-004  1.176038730682488E-004  1.111649703580832E-004  1.066796199361087E-004  9.962188371707651E-005  9.466613172080323E-005  8.678849548324267E-005  8.118486707606148E-005  7.825737502686729E-005  7.523331140274080E-005  7.209926823098666E-005  6.883661827913624E-005  6.541762343114640E-005  5.789520671274381E-005  5.353643471440279E-005  4.820565503321025E-005
   409.000057299640       1.562642088176120E-004  1.504028251068029E-004  1.441555070935534E-004  1.374358350239732E-004  1.301386023865581E-004  1.221070023921846E-004  1.131006019702913E-004  1.081183825829133E-004  1.027239359900248E-004  9.681341778169396E-005  9.295776165180721E-005  9.023126980310461E-005  8.586212958546187E-005  8.272769147051032E-005  7.760835124137036E-005  7.384320853295098E-005  7.182741342274373E-005  6.970496176662388E-005  6.745724314827845E-005  6.505884815731283E-005  6.247303475240450E-005  5.646830842305125E-005  5.274444263395139E-005  4.787330631339468E-005
   411.000057579834       1.151453762149678E-004  1.115966109279311E-004  1.078038698484123E-004  1.037124699630763E-004  9.925267481417808E-005  9.431796600083909E-005  8.874762582781901E-005  8.564510914215736E-005  8.226578703975669E-005  7.853457895930120E-005  7.608146788392104E-005  7.433606915705006E-005  7.151778931843440E-005  6.947728028305231E-005  6.610427999982571E-005  6.358499765395484E-005  6.222022444833753E-005  6.076940441568642E-005  5.921565763923775E-005  5.753549292150567E-005  5.569450133750594E-005  5.127137546847570E-005  4.839299823430557E-005  4.441076399194252E-005
   413.000057860028       2.132140699352086E-004  2.033504492688856E-004  1.928459635127932E-004  1.815979277691317E-004  1.694469592098573E-004  1.561800780011186E-004  1.414872821562827E-004  1.334652644233363E-004  1.248837029091189E-004  1.156244054227992E-004  1.096791036469563E-004  1.055251846542493E-004  9.896555114595426E-005  9.434024603970075E-005  8.694840536140281E-005  8.165522549990661E-005  7.887625425950670E-005  7.599435118543599E-005  7.299433928881189E-005  6.985517923311425E-005  6.654603471829948E-005  5.918323793329514E-005  5.485641751943210E-005  4.949014630082397E-005
   415.000058140222       2.381699965803268E-004  2.264849464506542E-004  2.140337264736101E-004  2.006954974530408E-004  1.862927128569905E-004  1.705979552334421E-004  1.532774814893450E-004  1.438612930163899E-004  1.338326441860642E-004  1.230787947401266E-004  1.162171257327816E-004  1.114470026972944E-004  1.039601792700056E-004  9.872000186636004E-005  9.042382308079350E-005  8.455137498841205E-005  8.149403692440273E-005  7.834389221234420E-005  7.508806206310480E-005  7.170831587150481E-005  6.817711262393545E-005  6.044303101852983E-005  5.598124018303227E-005  5.054436512653157E-005
   417.000058420416       2.421658433853028E-004  2.301535289775793E-004  2.173631201116236E-004  2.036466395423437E-004  1.888308963167361E-004  1.726861121178069E-004  1.548766948423489E-004  1.452037000915061E-004  1.349111639601338E-004  1.238912115180939E-004  1.168715788885091E-004  1.119984587114482E-004  1.043626357023235E-004  9.902859933152969E-005  9.060445382856330E-005  8.465840355748691E-005  8.156895307068126E-005  7.839043847234159E-005  7.511034199811709E-005  7.171086279447724E-005  6.816477510504126E-005  6.041422505081552E-005  5.594663080023991E-005  5.049175591470388E-005
   419.000058700609       2.420233748310532E-004  2.300155872197012E-004  2.172211043562341E-004  2.035110476523956E-004  1.887136495250298E-004  1.725928929902252E-004  1.548234911514971E-004  1.451793488097822E-004  1.349246375885173E-004  1.239516117309895E-004  1.169656036317020E-004  1.121174971726182E-004  1.045230750284740E-004  9.921954936280876E-005  9.084570722426541E-005  8.493650252726623E-005  8.186655080362254E-005  7.870827320028337E-005  7.544913297162640E-005  7.207130062356017E-005  6.854750304439415E-005  6.084268411616689E-005  5.639800204166113E-005  5.096678300043158E-005
   421.000058980803       2.426338359720033E-004  2.307215387749147E-004  2.180166066915649E-004  2.043811014415446E-004  1.896393867547468E-004  1.735506941687855E-004  1.557784115838973E-004  1.461167946401130E-004  1.358316387781888E-004  1.248144964513367E-004  1.177951994130243E-004  1.129219232152219E-004  1.052856325748105E-004  9.995145937805654E-005  9.152821909052428E-005  8.558389959863556E-005  8.249569297392992E-005  7.931854540665813E-005  7.603992561808623E-005  7.264186584760517E-005  6.909676565352970E-005  6.134430182441878E-005  5.687092615721071E-005  5.140157127359841E-005
   423.000059260997       2.386616804085191E-004  2.269071331702429E-004  2.143849034919303E-004  2.009599857267569E-004  1.864667529259968E-004  1.706784029471333E-004  1.532778459304059E-004  1.438347870805022E-004  1.337949565959165E-004  1.230511669944942E-004  1.162114780099336E-004  1.114642402034823E-004  1.040275194266680E-004  9.883341370345938E-005  9.063080078517469E-005  8.484089888028202E-005  8.183211493869127E-005  7.873579483554707E-005  7.553937854588692E-005  7.222473929660263E-005  6.876396551148683E-005  6.118067527745809E-005  5.678971139825569E-005  5.139604148187643E-005
   425.000059541191       2.386973731219381E-004  2.270586899979904E-004  2.146591529191436E-004  2.013585497999638E-004  1.869856447938440E-004  1.713121345010061E-004  1.540169644299459E-004  1.446193416100681E-004  1.346178529908117E-004  1.239061804967313E-004  1.170799293792984E-004  1.123390289601872E-004  1.049063021783356E-004  9.971024686085875E-005  9.149419938415738E-005  8.568595506413393E-005  8.266417085644906E-005  7.955177060094244E-005  7.633573294968352E-005  7.299723958813119E-005  6.950779573421804E-005  6.184915394126613E-005  5.740882308370479E-005  5.195373510230062E-005
   427.000059821385       2.323730278169709E-004  2.209993193737587E-004  2.088812848573753E-004  1.959072011389273E-004  1.819134200141382E-004  1.666893543900169E-004  1.499357887675976E-004  1.408563435298279E-004  1.312122637793644E-004  1.209051326417309E-004  1.143490814434366E-004  1.098013710555985E-004  1.026798839379829E-004  9.770694033779465E-005  8.985112530297252E-005  8.430044498438233E-005  8.141246672702922E-005  7.843704135257026E-005  7.536061960659621E-005  7.216400965425000E-005  6.881782364799744E-005  6.144422464177997E-005  5.713949037014356E-005  5.179926379585958E-005
   429.000060101579       2.311474386449804E-004  2.201239875053332E-004  2.083867004729784E-004  1.958038715268346E-004  1.822148206810740E-004  1.673993910679053E-004  1.510346684678371E-004  1.421298830671737E-004  1.326388554768212E-004  1.224500556640441E-004  1.159416692023094E-004  1.114131069419213E-004  1.042965268371194E-004  9.930784621447293E-005  9.139240426266952E-005  8.577222007209697E-005  8.283900493359643E-005  7.981042035604331E-005  7.667228461011101E-005  7.340459925137043E-005  6.997726355064082E-005  6.240757193843586E-005  5.798506268766866E-005  5.250819302321236E-005
   431.000060381772       2.079102630901299E-004  1.984292516780729E-004  1.883528981030256E-004  1.775770366124956E-004  1.659592777421924E-004  1.532994488587994E-004  1.393132802686464E-004  1.316887668898109E-004  1.235418720210484E-004  1.147633634856125E-004  1.091305183936113E-004  1.051966815240819E-004  9.898640174120250E-005  9.460780759797672E-005  8.760816771279215E-005  8.259099758660053E-005  7.995372361619141E-005  7.721543335905326E-005  7.436011394481781E-005  7.136524541777496E-005  6.819779960972968E-005  6.109177276773865E-005  5.685695047154530E-005  5.150271769090683E-005
   433.000060661966       1.413803791145821E-004  1.367007541867564E-004  1.317033474956753E-004  1.263182134527878E-004  1.204560158009287E-004  1.139829070739435E-004  1.066940424950593E-004  1.026455701001329E-004  9.824690664836676E-005  9.340596930452325E-005  9.023387481454797E-005  8.798287124567496E-005  8.435970336149719E-005  8.174648470373306E-005  7.744806602443429E-005  7.425727378751873E-005  7.253661731116139E-005  7.071416233985517E-005  6.877054626145497E-005  6.667903464630354E-005  6.440054235478898E-005  5.899043789742342E-005  5.552558183397662E-005  5.081604244393329E-005
   435.000060942160       1.188163923628015E-004  1.153494762521635E-004  1.116387206468979E-004  1.076314973782217E-004  1.032557376451029E-004  9.840580774140645E-005  9.291814112618404E-005  8.985598334754175E-005  8.651565679732914E-005  8.282074620175899E-005  8.038740820830048E-005  7.865382375244310E-005  7.585057889912823E-005  7.381758490680627E-005  7.044989922934141E-005  6.792791561111719E-005  6.655892639954945E-005  6.510128262146381E-005  6.353721059087521E-005  6.184201425104735E-005  5.997926620321174E-005  5.547598854918065E-005  5.251807779395230E-005  4.837634912089024E-005
   437.000061222354       2.066012170000182E-004  1.976549454062807E-004  1.881227954620476E-004  1.778974945525543E-004  1.668317615216677E-004  1.547220252575137E-004  1.412654102080648E-004  1.338934624478261E-004  1.259845529540879E-004  1.174213858825025E-004  1.119033303272685E-004  1.080373711526823E-004  1.019125377729232E-004  9.757716275341223E-005  9.061433795291902E-005  8.559684284024674E-005  8.294992131341126E-005  8.019438858778033E-005  7.731297272327208E-005  7.428183240414826E-005  7.106606968729443E-005  6.381700423587799E-005  5.947914869092587E-005  5.398758266030408E-005
   439.000061502548       2.241138017797784E-004  2.137946882574036E-004  2.027944297076722E-004  1.909830748208839E-004  1.782087409742789E-004  1.642494032150263E-004  1.487967739379465E-004  1.403707493773020E-004  1.313726474710417E-004  1.216931144850555E-004  1.154973014994853E-004  1.111796205552894E-004  1.043826060838552E-004  9.960785900295659E-005  9.201225609185698E-005  8.660186395370122E-005  8.377118035247543E-005  8.084274611471361E-005  7.780142054548590E-005  7.462589394289823E-005  7.128419313219107E-005  6.385312729336742E-005  5.946936379830254E-005  5.397798702069186E-005
   441.000061782742       2.273951964056183E-004  2.166588555066926E-004  2.052268140602732E-004  1.929748104631523E-004  1.797427891511571E-004  1.653257663966335E-004  1.494237559006113E-004  1.407843464190617E-004  1.315865565243483E-004  1.217278405831022E-004  1.154389872181168E-004  1.110670935331683E-004  1.042030584123743E-004  9.939528225248234E-005  9.177209510124036E-005  8.636117195099277E-005  8.353659263769546E-005  8.061891545522422E-005  7.759333805184730E-005  7.443876750991852E-005  7.112333674565950E-005  6.375930636705917E-005  5.941325675410627E-005  5.395475844826246E-005
   443.000062062936       2.275909905717569E-004  2.168147037783563E-004  2.053384410771933E-004  1.930456465591184E-004  1.797867133793803E-004  1.653509918458558E-004  1.494483582840505E-004  1.408177971027453E-004  1.316382485835039E-004  1.218106641149763E-004  1.155485454903549E-004  1.111988311202241E-004  1.043761131331894E-004  9.960268299979068E-005  9.204325349027658E-005  8.668488105070676E-005  8.389011891630214E-005  8.100487444944471E-005  7.801455986532770E-005  7.489843710969417E-005  7.162496250762363E-005  6.435764020796780E-005  6.006876809922042E-005  5.467724249081237E-005
   445.000062343129       2.316542921726711E-004  2.207796595034798E-004  2.091873505548381E-004  1.967482638387136E-004  1.833044624020786E-004  1.686391673109639E-004  1.524394467690173E-004  1.436268440277064E-004  1.342381711390251E-004  1.241683332518083E-004  1.177423299490405E-004  1.132748928391500E-004  1.062624162037168E-004  1.013528117761097E-004  9.357449830081743E-005  8.806007242138139E-005  8.518425469974703E-005  8.221600595786277E-005  7.914076090669731E-005  7.593772409606466E-005  7.257538031403313E-005  6.512384433399396E-005  6.073894649969190E-005  5.524838879479886E-005
   447.000062623323       2.309467137847565E-004  2.201971280091374E-004  2.087231528110364E-004  1.963983031347880E-004  1.830635597994423E-004  1.685017078089469E-004  1.524060138845411E-004  1.436470103350057E-004  1.343144662855175E-004  1.243030147493742E-004  1.179136121655644E-004  1.134711643145810E-004  1.064963254607767E-004  1.016121542697833E-004  9.387124870275285E-005  8.838081043302481E-005  8.551641203033319E-005  8.255888145977143E-005  7.949355056575421E-005  7.629930129519953E-005  7.294418972063734E-005  6.549984186996563E-005  6.111228400661974E-005  5.561051384251680E-005
   449.000062903517       2.276746331795529E-004  2.171936024537004E-004  2.060083403080985E-004  1.939935124475635E-004  1.809916350978079E-004  1.667864276697176E-004  1.510699984309355E-004  1.425094507551197E-004  1.333810965478852E-004  1.235795441515713E-004  1.173182029653915E-004  1.129617870393694E-004  1.061169968268783E-004  1.013192724968421E-004  9.370726333836932E-005  8.830107274217395E-005  8.547800472381843E-005  8.256122138125865E-005  7.953574963218481E-005  7.638041621301206E-005  7.306310111222696E-005  6.569055545073981E-005  6.133695248830597E-005  5.586758863985676E-005
   451.000063183711       2.311124310752463E-004  2.205450168429177E-004  2.092654544213211E-004  1.971483619922867E-004  1.840293769997373E-004  1.696816087868471E-004  1.537877299853389E-004  1.451187560561809E-004  1.358625362592587E-004  1.259085362080193E-004  1.195406355759178E-004  1.151054451501063E-004  1.081286530088987E-004  1.032325142240792E-004  9.545373398009801E-005  8.992166475902656E-005  8.703058509924213E-005  8.404202074744653E-005  8.094077977589646E-005  7.770530334517342E-005  7.430312037239805E-005  6.674528525580586E-005  6.229157067359524E-005  5.672238963734068E-005
   453.000063463905       2.281303962496079E-004  2.176231267352570E-004  2.064137292915669E-004  1.943809854135896E-004  1.813652247548742E-004  1.671496862070554E-004  1.514294519694537E-004  1.428722973305708E-004  1.337487974475199E-004  1.239567335388578E-004  1.177039133727824E-004  1.133547182592898E-004  1.065226134551825E-004  1.017352041380545E-004  9.414087769716210E-005  8.874783496973442E-005  8.593159316216870E-005  8.302151572186657E-005  8.000259275969423E-005  7.685322296537756E-005  7.354086682484495E-005  6.617142279986496E-005  6.181138691324754E-005  5.631849592851465E-005
   455.000063744099       2.249105008041938E-004  2.145752521584973E-004  2.035623674689520E-004  1.917510554550375E-004  1.789867794352720E-004  1.650632071391157E-004  1.496829034318722E-004  1.413140151262921E-004  1.323938972882599E-004  1.228176938168550E-004  1.166998731705039E-004  1.124422094328328E-004  1.057493256575211E-004  1.010551262098713E-004  9.359989774681327E-005  8.829797175816040E-005  8.552627740424804E-005  8.266000738768492E-005  7.968372047363938E-005  7.657552601166109E-005  7.330237490339839E-005  6.600194851909783E-005  6.166812025349368E-005  5.618908248221385E-005
   457.000064024292       2.285859462745244E-004  2.182431521303650E-004  2.072024804102237E-004  1.953464287154506E-004  1.825131864325265E-004  1.684821270792242E-004  1.529401611081595E-004  1.444625550404533E-004  1.354094666635860E-004  1.256712589976421E-004  1.194390324804972E-004  1.150972619592646E-004  1.082644259903395E-004  1.034666313887508E-004  9.583837244479427E-005  9.040743876829750E-005  8.756664341532358E-005  8.462787273621876E-005  8.157552939576280E-005  7.838753780388200E-005  7.503069813390703E-005  6.755186994050318E-005  6.312568186110324E-005  5.756074244742977E-005
   459.000064304486       2.254416171492346E-004  2.151879731683229E-004  2.042500026771861E-004  1.925069011450783E-004  1.798008131215273E-004  1.659249075197431E-004  1.505761955406105E-004  1.422173224818065E-004  1.333032413518802E-004  1.237317098899819E-004  1.176169534723592E-004  1.133618218286754E-004  1.066749236770939E-004  1.019862917010282E-004  9.454268425352582E-005  8.925075839937202E-005  8.648471486268891E-005  8.362433167048408E-005  8.065416644774113E-005  7.755207652251905E-005  7.428470763238737E-005  6.699263795576867E-005  6.265818336524230E-005  5.716527667799819E-005
   461.000064584680       2.284046136282306E-004  2.181147862096824E-004  2.071298328350153E-004  1.953283124248912E-004  1.825483422648158E-004  1.685747482419617E-004  1.530992669529444E-004  1.446617248686554E-004  1.356554652944129E-004  1.259738744190017E-004  1.197823217354689E-004  1.154706847321392E-004  1.086891111958425E-004  1.039302673433182E-004  9.636847077616936E-005  9.098790325505937E-005  8.817430636492415E-005  8.526407151901001E-005  8.224157085176862E-005  7.908472136316005E-005  7.576020529646798E-005  6.834850575513381E-005  6.395537758636797E-005  5.841696811486899E-005
   463.000064864874       2.240645385440117E-004  2.139810090625290E-004  2.032233181394262E-004  1.916761274021552E-004  1.791828044990169E-004  1.655336513119805E-004  1.504312159464800E-004  1.422023699864542E-004  1.334231201822505E-004  1.239901223708449E-004  1.179596653982423E-004  1.137611971012800E-004  1.071588512474595E-004  1.025261841012517E-004  9.516483364017069E-005  8.992571578914556E-005  8.718510163671697E-005  8.434930463018475E-005  8.140259947364583E-005  7.832261817262194E-005  7.507566569891276E-005  6.781765378636980E-005  6.349608747753412E-005  5.801341628983914E-005
   465.000065145068       2.261292092782669E-004  2.160126393232999E-004  2.052119592380287E-004  1.936083837252992E-004  1.810453046028392E-004  1.673090532865445E-004  1.520972026116950E-004  1.438040985360105E-004  1.349523089549937E-004  1.254372093113452E-004  1.193520564697715E-004  1.151146040453672E-004  1.084495020151863E-004  1.037718422405369E-004  9.633750078267760E-005  9.104544208483766E-005  8.827695257508594E-005  8.541222131566797E-005  8.243546769994567E-005  7.932421405521912E-005  7.604468687523970E-005  6.871741930151762E-005  6.435941493773483E-005  5.884033174927840E-005
   467.000065425262       2.251239141310851E-004  2.151170594530318E-004  2.044313723485096E-004  1.929516247535442E-004  1.805200484918604E-004  1.669262483532186E-004  1.518674175482323E-004  1.436548843814374E-004  1.348862482404129E-004  1.254563789143422E-004  1.194228684309367E-004  1.152196884694862E-004  1.086054550588949E-004  1.039607913255762E-004  9.657332352301125E-005  9.130965636672881E-005  8.855404371873694E-005  8.570100386889354E-005  8.273453661415132E-005  7.963179495180472E-005  7.635851194959301E-005  6.903399389970071E-005  6.466967923597313E-005  5.913422248412149E-005
   469.000065705455       2.194690042872889E-004  2.096759686512896E-004  1.992403879902549E-004  1.880501868580825E-004  1.759637762936500E-004  1.627783118970367E-004  1.482126096703952E-004  1.402868242562765E-004  1.318372893382882E-004  1.227641149529597E-004  1.169655218191996E-004  1.129286763903801E-004  1.065796815707933E-004  1.021231292018506E-004  9.503619020279586E-005  8.998590197896350E-005  8.734105702040064E-005  8.460162039276505E-005  8.175157586573696E-005  7.876810844421939E-005  7.561698227143390E-005  6.854531180609815E-005  6.431092632599052E-005  5.890367693292144E-005
   471.000065985649       2.127240402199971E-004  2.033411902727659E-004  1.933436860684677E-004  1.826244569295696E-004  1.710452342920042E-004  1.584154854346623E-004  1.444642609311287E-004  1.368721321823345E-004  1.287779452254765E-004  1.200849250105648E-004  1.145278506458143E-004  1.106583692020825E-004  1.045702475678041E-004  1.002945646667165E-004  9.348968358165303E-005  8.863445352445273E-005  8.608907740530207E-005  8.345027757998338E-005  8.070184754263728E-005  7.782080913976156E-005  7.477257536583852E-005  6.790564303725205E-005  6.377018637320446E-005  5.845190466396805E-005
   473.000066265843       2.213372304305962E-004  2.116235814614548E-004  2.012510387823681E-004  1.901117187213414E-004  1.780505618943614E-004  1.648646861515446E-004  1.502605873824483E-004  1.422957827643583E-004  1.337910234457378E-004  1.246429129138210E-004  1.187876479430163E-004  1.147074539800320E-004  1.082836069544787E-004  1.037698912242628E-004  9.658421607508004E-005  9.145795764687708E-005  8.877154096291442E-005  8.598786200014024E-005  8.309058281079369E-005  8.005657713314925E-005  7.685116502944521E-005  6.965680771315341E-005  6.535124861503667E-005  5.986023142457555E-005
   475.000066546037       2.205127586084602E-004  2.109318518357925E-004  2.007015669163295E-004  1.897068275747822E-004  1.777987579864993E-004  1.647683154319670E-004  1.503216873568720E-004  1.424349780052162E-004  1.340064165850821E-004  1.249309260496687E-004  1.191167551962653E-004  1.150624722997994E-004  1.086750304915117E-004  1.041833398961869E-004  9.702642716927886E-005  9.191567543103744E-005  8.923570632715797E-005  8.645740264901252E-005  8.356431962318059E-005  8.053318069289601E-005  7.732914061433344E-005  7.013245018661970E-005  6.582326377325900E-005  6.032862488414703E-005
   477.000066826231       2.183174887045550E-004  2.088628497261440E-004  1.987714380556644E-004  1.879294693337815E-004  1.761889325435963E-004  1.633493942515491E-004  1.491181202095359E-004  1.413508762776739E-004  1.330512635591016E-004  1.241154214831869E-004  1.183909828881828E-004  1.143992842585826E-004  1.081100042073068E-004  1.036867579905877E-004  9.663726196199061E-005  9.160115123667879E-005  8.895929848491196E-005  8.621953790299970E-005  8.336534648833805E-005  8.037330672310134E-005  7.720829561506995E-005  7.008721622460213E-005  6.581122657359198E-005  6.033583295078038E-005
   479.000067106425       2.156502868043637E-004  2.064317300143448E-004  1.965918787835523E-004  1.860218527760135E-004  1.745746887152381E-004  1.620489838874900E-004  1.481561053157772E-004  1.405669795102874E-004  1.324502651254673E-004  1.237011809523345E-004  1.180898056550495E-004  1.141730947879111E-004  1.079950666550134E-004  1.036442611818946E-004  9.669862724482567E-005  9.172677013027532E-005  8.911487135754206E-005  8.640328113645668E-005  8.357509930897710E-005  8.060650333324007E-005  7.746186745328414E-005  7.036962691131766E-005  6.609966719965539E-005  6.062028163873817E-005
   481.000067386618       2.092841630740190E-004  2.005428178486751E-004  1.912161619539003E-004  1.811987834774197E-004  1.703478813465191E-004  1.584707685626530E-004  1.452827241956875E-004  1.380684689942226E-004  1.303421660723840E-004  1.219981274081399E-004  1.166354772210139E-004  1.128865411757706E-004  1.069615600461959E-004  1.027792410055626E-004  9.608302420874222E-005  9.127254888154905E-005  8.873894029977079E-005  8.610349349400326E-005  8.334883560262937E-005  8.045057965256506E-005  7.737244416501735E-005  7.039799856557721E-005  6.617593969574664E-005  6.072908850689801E-005
   483.000067666812       1.926521080589476E-004  1.852137959058067E-004  1.772765900223561E-004  1.687469828076798E-004  1.594936454854278E-004  1.493337244350417E-004  1.379957245274998E-004  1.317582523255146E-004  1.250424713759530E-004  1.177385133115909E-004  1.130106589689076E-004  1.096870720543993E-004  1.043991599910757E-004  1.006370838794740E-004  9.455489316455957E-005  9.013439396828905E-005  8.778700905010797E-005  8.533019324921561E-005  8.274492251684711E-005  8.000486514505117E-005  7.707138310355583E-005  7.033232941456629E-005  6.618964883162441E-005  6.077458636892206E-005
   485.000067947006       1.370076737047688E-004  1.332092602824115E-004  1.291349164840191E-004  1.247266832359683E-004  1.199033719939707E-004  1.145461392870121E-004  1.084708771374324E-004  1.050747809036418E-004  1.013660133789919E-004  9.725869434768560E-005  9.455148443272149E-005  9.262187517158602E-005  8.950017126229197E-005  8.723527143524422E-005  8.348194174098737E-005  8.067015245050286E-005  7.914351028849647E-005  7.751774075616220E-005  7.577298570898190E-005  7.388153125482783E-005  7.180258236636156E-005  6.677303296868497E-005  6.346442577392516E-005  5.881635513086464E-005
   487.000068227200       1.086888080765357E-004  1.062236265521659E-004  1.035714320589536E-004  1.006946244664743E-004  9.753500100032125E-005  9.400983294953559E-005  8.999047185064379E-005  8.773180191640834E-005  8.525369389438069E-005  8.249349392774190E-005  8.066355663827386E-005  7.935329635330269E-005  7.722166725212839E-005  7.566448457806477E-005  7.306050604002946E-005  7.108675317811257E-005  7.000534039240963E-005  6.884507704779835E-005  6.758887933384978E-005  6.621252678809989E-005  6.467983138896797E-005  6.086539742048444E-005  5.825242587671634E-005  5.440327052287149E-005
   489.000068507394       1.813772524788938E-004  1.747578396133482E-004  1.676908479337159E-004  1.600907203422935E-004  1.518361762389498E-004  1.427579059123430E-004  1.326011027559069E-004  1.269989456084830E-004  1.209516049279689E-004  1.143528313352672E-004  1.100665535317744E-004  1.070453832185765E-004  1.022224582824158E-004  9.877772098201756E-005  9.318056034358013E-005  8.908758631374650E-005  8.690439722075947E-005  8.461152469304434E-005  8.218939228799364E-005  7.961094435309704E-005  7.683651922597864E-005  7.040096734170984E-005  6.639503781911510E-005  6.108827970896822E-005
   491.000068787588       2.026620344024142E-004  1.944563779625888E-004  1.856993930758435E-004  1.762923455362143E-004  1.661005014125180E-004  1.549352550953685E-004  1.425238531467169E-004  1.357265197512913E-004  1.284385776322707E-004  1.205565798820136E-004  1.154834127604861E-004  1.119327555426356E-004  1.063131541426377E-004  1.023394158752890E-004  9.596269942966248E-005  9.136838127532765E-005  8.894324969485398E-005  8.641617951920696E-005  8.376943242397624E-005  8.097807194129020E-005  7.800512080033810E-005  7.123056656375759E-005  6.709672123932153E-005  6.171239711650893E-005
   493.000069067782       2.054912801286407E-004  1.969813472506560E-004  1.879009867714913E-004  1.781458072144913E-004  1.675803117422434E-004  1.560199464363586E-004  1.431961126040779E-004  1.361896432027865E-004  1.286947714026878E-004  1.206133756678230E-004  1.154275174989185E-004  1.118062114374449E-004  1.060897924722618E-004  1.020599599679974E-004  9.561625150411655E-005  9.099220642128317E-005  8.855789274564218E-005  8.602597927553728E-005  8.337921256184358E-005  8.059318577361300E-005  7.763145618392451E-005  7.089921670284294E-005  6.679761115748094E-005  6.145414251456833E-005
   495.000069347975       2.090627796181385E-004  2.003594637264002E-004  1.910732009118904E-004  1.811044364566549E-004  1.703153891394294E-004  1.585196754536496E-004  1.454452288959584E-004  1.383055937455935E-004  1.306703129624646E-004  1.224386062889662E-004  1.171568582855911E-004  1.134686415089776E-004  1.076468755466755E-004  1.035428950671087E-004  9.698132769660576E-005  9.227390669048571E-005  8.979630652350396E-005  8.722002532216865E-005  8.452776591372606E-005  8.169507959207482E-005  7.868550416178255E-005  7.185433829964206E-005  6.770282968410226E-005  6.231434477876500E-005
   497.000069628169       2.108573396906742E-004  2.021071639393041E-004  1.927661813757627E-004  1.827262560909837E-004  1.718497935237820E-004  1.599448709310282E-004  1.467353746127394E-004  1.395176358219200E-004  1.317965539215298E-004  1.234712797906695E-004  1.181297582945077E-004  1.144004257910590E-004  1.085150726972827E-004  1.043677379950287E-004  9.773996950166599E-005  9.298795045818188E-005  9.048800547260968E-005  8.788936196522069E-005  8.517471981216184E-005  8.231965564942041E-005  7.928770461360405E-005  7.241184362598979E-005  6.823839312058729E-005  6.282994949466597E-005
   499.000069908363       2.086154267303865E-004  1.998838038414216E-004  1.905679873867088E-004  1.805630407791276E-004  1.697350305012748E-004  1.578998935300467E-004  1.447938377435884E-004  1.376459720019945E-004  1.300129228564677E-004  1.217993699877566E-004  1.165393348799511E-004  1.128720859768395E-004  1.070929759542977E-004  1.030269012090041E-004  9.653987542866942E-005  9.189652055706425E-005  8.945604005257854E-005  8.692066401929939E-005  8.427339562587501E-005  8.149003629869431E-005  7.853441501696950E-005  7.182504384300324E-005  6.773910786148821E-005  6.240799045165373E-005
   501.000070188557       2.048207917295762E-004  1.962572175930613E-004  1.871253068249079E-004  1.773196773160382E-004  1.667109380769556E-004  1.551229907279845E-004  1.423009362422013E-004  1.353139296011451E-004  1.278567892983106E-004  1.198385447426698E-004  1.147076344203817E-004  1.111316215982635E-004  1.054999345912262E-004  1.015396430621759E-004  9.522420758627419E-005  9.070507185757858E-005  8.832991737572164E-005  8.586214410801884E-005  8.328474205762934E-005  8.057360879322592E-005  7.769251188833101E-005  7.113752761727567E-005  6.712841953116470E-005  6.186354931053095E-005
   503.000070468751       2.073438248146511E-004  1.987522738505382E-004  1.895810834406223E-004  1.797313449040760E-004  1.690666038050291E-004  1.574077758381731E-004  1.444894429790322E-004  1.374413857361937E-004  1.299117972632010E-004  1.218056974678510E-004  1.166121261398846E-004  1.129896271527553E-004  1.072789050190781E-004  1.032587522405144E-004  9.684056748347666E-005  9.224242133813608E-005  8.982402596276715E-005  8.731021829927631E-005  8.468373600728507E-005  8.192024043153738E-005  7.898316090832857E-005  7.230502655707953E-005  6.823000917678398E-005  6.290318649814736E-005
   505.000070748945       2.048910338264800E-004  1.964655930628658E-004  1.874677086341259E-004  1.778019110668685E-004  1.673327898133102E-004  1.558836198407824E-004  1.431959075822382E-004  1.362725158127964E-004  1.288760460094266E-004  1.209131574620942E-004  1.158117022245415E-004  1.122534897263182E-004  1.066440842345101E-004  1.026952940705868E-004  9.639053007021799E-005  9.187275814038937E-005  8.949618914251296E-005  8.702535072637370E-005  8.444305319819169E-005  8.172499527609404E-005  7.883472166816499E-005  7.225451662551456E-005  6.823066841647751E-005  6.295601205578795E-005
   507.000071029138       2.070608044959126E-004  1.985796267946050E-004  1.895231582758255E-004  1.797907681187266E-004  1.692498377720199E-004  1.577158340965358E-004  1.449242946133306E-004  1.379386637695795E-004  1.304697022365260E-004  1.224210730567590E-004  1.172598222409939E-004  1.136574496567412E-004  1.079741729059698E-004  1.039701456403165E-004  9.757131966816723E-005  9.298191405494645E-005  9.056629580000282E-005  8.805394899776051E-005  8.542744762727498E-005  8.266217027790270E-005  7.972129202534102E-005  7.302820675514177E-005  6.894161481817898E-005  6.360166798581850E-005
   509.000071309332       2.061371144105967E-004  1.977126205412728E-004  1.887206829586065E-004  1.790577244606326E-004  1.685901255428785E-004  1.571373373265047E-004  1.444374351486705E-004  1.375021358967379E-004  1.300876362869733E-004  1.220989114417156E-004  1.169764208057028E-004  1.134014137553433E-004  1.077620655957943E-004  1.037891775378113E-004  9.744077278211742E-005  9.288775340853430E-005  9.049129273569603E-005  8.799877633899387E-005  8.539287116774982E-005  8.264898990883248E-005  7.973034845840740E-005  7.308423936744091E-005  6.902175521405809E-005  6.370314843397488E-005
   511.000071589526       2.055768708655172E-004  1.972367113634591E-004  1.883303870689612E-004  1.787567249305386E-004  1.683848243016133E-004  1.570313378202288E-004  1.444341812534288E-004  1.375512005658868E-004  1.301887533618601E-004  1.222510123710813E-004  1.171583279939839E-004  1.136023539793799E-004  1.079898282379215E-004  1.040335424859038E-004  9.770692052031881E-005  9.316572762656418E-005  9.077414553055406E-005  8.828565939544234E-005  8.568282151894011E-005  8.294089834024952E-005  8.002292730858242E-005  7.337300498831913E-005  6.930486944238266E-005  6.397574769017426E-005
   513.000071869720       2.041394245561821E-004  1.958361539280348E-004  1.869742166038061E-004  1.774545532789399E-004  1.671466541766056E-004  1.558734452184708E-004  1.433788898658073E-004  1.365588577442883E-004  1.292693223232568E-004  1.214171741951961E-004  1.163828855433275E-004  1.128695166874712E-004  1.073267812353607E-004  1.034213630112985E-004  9.717860459702205E-005  9.269875034599367E-005  9.033959489620622E-005  8.788478107265465E-005  8.531684863386398E-005  8.261107129850424E-005  7.973041620927411E-005  7.315721464520667E-005  6.912553936652012E-005  6.382121689218006E-005
   515.000072149914       2.023135350173528E-004  1.940879578687107E-004  1.853120508939810E-004  1.758840617338291E-004  1.656808269417843E-004  1.545257005934339E-004  1.421692999530610E-004  1.354299908939485E-004  1.282316144560485E-004  1.204841546020692E-004  1.155211756332687E-004  1.120594616032770E-004  1.066017342257686E-004  1.027587607979485E-004  9.661992668268221E-005  9.221720356681603E-005  8.989927478801750E-005  8.748764821218770E-005  8.496493733619416E-005  8.230654933076952E-005  7.947556137219816E-005  7.300879174380991E-005  6.903352283166569E-005  6.378534004019977E-005
   517.000072430108       1.979480322142511E-004  1.899621805966209E-004  1.814490672618519E-004  1.723185225431570E-004  1.624477834699906E-004  1.516682151633066E-004  1.397383518464108E-004  1.332325764774575E-004  1.262806130058636E-004  1.187918757620050E-004  1.139892877014459E-004  1.106362072780281E-004  1.053433160846071E-004  1.016109153202429E-004  9.563778508433179E-005  9.134455543106654E-005  8.908077181824965E-005  8.672274413871944E-005  8.425298676301440E-005  8.164674810278883E-005  7.886694917184319E-005  7.249928515715498E-005  6.857231711245266E-005  6.337482924978245E-005
   519.000072710301       1.980565868977934E-004  1.900777718561434E-004  1.815682443275097E-004  1.724335165323611E-004  1.625550640039358E-004  1.517634438903943E-004  1.398197239665897E-004  1.333079369153658E-004  1.263527693436977E-004  1.188660678081673E-004  1.140681495815380E-004  1.107199696387877E-004  1.054378489677281E-004  1.017150523030714E-004  9.576052946662766E-005  9.148263519752507E-005  8.922737533014245E-005  8.687844824160498E-005  8.441829218544908E-005  8.182210415147136E-005  7.905265012642192E-005  7.270505711292755E-005  6.878555864314991E-005  6.358737208632155E-005
   521.000072990495       1.998183192580832E-004  1.917914110405102E-004  1.832264488716312E-004  1.740269787485310E-004  1.640704919209780E-004  1.531868526511782E-004  1.411332261915122E-004  1.345582712048481E-004  1.275345265591721E-004  1.199729078973572E-004  1.151268950043859E-004  1.117456644849057E-004  1.064118356237249E-004  1.026536487389320E-004  9.664435609283192E-005  9.232900061486335E-005  9.005478853066062E-005  8.768666785282889E-005  8.520713479674187E-005  8.259132685534284E-005  7.980198946599497E-005  7.341339068508862E-005  6.947193133954857E-005  6.424719111938006E-005
   523.000073270689       1.972419252146733E-004  1.893677783259221E-004  1.809728995798065E-004  1.719640912591574E-004  1.622201828969712E-004  1.515753865018382E-004  1.397892729361135E-004  1.333607948274740E-004  1.264916523381279E-004  1.190931518049346E-004  1.143490143185981E-004  1.110369698081193E-004  1.058089564649179E-004  1.021218735439832E-004  9.621956898214036E-005  9.197464660412878E-005  8.973504971448740E-005  8.740094901288729E-005  8.495461185648696E-005  8.237094274564797E-005  7.961236758394396E-005  7.327957699922200E-005  6.936209478232853E-005  6.415875386426217E-005
   525.000073550883       1.998812631773699E-004  1.919728954485378E-004  1.835282555367132E-004  1.744535086333572E-004  1.646217542690463E-004  1.538602334601599E-004  1.419188106749959E-004  1.353937943846433E-004  1.284130118941494E-004  1.208842125574557E-004  1.160520076050606E-004  1.126764935087588E-004  1.073459677899672E-004  1.035854897507512E-004  9.756496726299281E-005  9.323590766103304E-005  9.095263752842416E-005  8.857389297746090E-005  8.608195603086708E-005  8.345185084905707E-005  8.064615448571303E-005  7.421820262180756E-005  7.025390203590233E-005  6.500568514873449E-005
   527.000073831077       1.941551009477951E-004  1.863870883872307E-004  1.781064803298113E-004  1.692275405437341E-004  1.596299873989104E-004  1.491571592760387E-004  1.375808891800785E-004  1.312768537001864E-004  1.245509566662814E-004  1.173201309080677E-004  1.126917609652241E-004  1.094648762709223E-004  1.043786478254890E-004  1.007973448972946E-004  9.507404329151393E-005  9.096467953922471E-005  8.879847006972921E-005  8.654195482663076E-005  8.417773398825402E-005  8.168106665203878E-005  7.901471530905358E-005  7.288276008735200E-005  6.907217366006858E-005  6.396935955326295E-005
   529.000074111271       1.979415648488448E-004  1.901415443477144E-004  1.818151312977121E-004  1.728716852894115E-004  1.631863879799911E-004  1.525921592584241E-004  1.408447432572401E-004  1.344291909190345E-004  1.275694414300309E-004  1.201747137799097E-004  1.154304569053563E-004  1.121172109735215E-004  1.068860012525538E-004  1.031959953492218E-004  9.728817289751078E-005  9.303920813348769E-005  9.079753095556144E-005  8.846143634334156E-005  8.601324239322550E-005  8.342799141299154E-005  8.066826768941394E-005  7.433574945284626E-005  7.042081656157540E-005  6.522205584327950E-005
   531.000074391465       1.955619736813365E-004  1.878874032095312E-004  1.797023072395407E-004  1.709129104394181E-004  1.614016717872432E-004  1.510016053895437E-004  1.394742426148168E-004  1.331798062575013E-004  1.264487909442153E-004  1.191917531450279E-004  1.145345599864402E-004  1.112814505779766E-004  1.061432812411353E-004  1.025173458662751E-004  9.670875633543239E-005  9.252787525995581E-005  9.032077080479415E-005  8.801946992984383E-005  8.560626396190060E-005  8.305599054139269E-005  8.033105408513198E-005  7.406542559998476E-005  7.017993167282162E-005  6.500100840911048E-005
   533.000074671658       1.932018318872535E-004  1.855545022064625E-004  1.774058847265679E-004  1.686686115745892E-004  1.592312724309791E-004  1.489374890342912E-004  1.375638240602739E-004  1.313713895960792E-004  1.247646449430403E-004  1.176594168585203E-004  1.131096070115205E-004  1.099358631202722E-004  1.049301960371441E-004  1.014023765637697E-004  9.575742458615174E-005  9.169771528567909E-005  8.955510096454614E-005  8.732106776809121E-005  8.497795642792638E-005  8.250078216667533E-005  7.985200050504130E-005  7.374789312215293E-005  6.994683042184884E-005  6.485020452910390E-005
   535.000074951852       1.958234981111908E-004  1.882085931866795E-004  1.800791419614576E-004  1.713444686045320E-004  1.618834898273073E-004  1.515319849130226E-004  1.400495157901261E-004  1.337766764099276E-004  1.270667093874899E-004  1.198313174232121E-004  1.151870485104506E-004  1.119428289686219E-004  1.068185869208957E-004  1.032023250973877E-004  9.740888571369314E-005  9.323872102563358E-005  9.103721001860903E-005  8.874171305239073E-005  8.633461845151025E-005  8.379086013226635E-005  8.107305320266480E-005  7.482553633178643E-005  7.095370768284708E-005  6.579789835733190E-005
   537.000075232046       1.941027808535501E-004  1.865742554114814E-004  1.785462086307122E-004  1.699271159378849E-004  1.605996219120730E-004  1.504022791267925E-004  1.391001704036449E-004  1.329282563919478E-004  1.263274434471525E-004  1.192090118273032E-004  1.146389358542371E-004  1.114458005660255E-004  1.064003073238201E-004  1.028378091549604E-004  9.712650713036746E-005  9.301157947014359E-005  9.083763307802136E-005  8.856957894326948E-005  8.618962840728103E-005  8.367259662512225E-005  8.098085015185243E-005  7.478198287766686E-005  7.093131599917511E-005  6.579244144198532E-005
   539.000075512240       1.936108522248434E-004  1.861211813959576E-004  1.781312676963033E-004  1.695492333125220E-004  1.602607720761158E-004  1.501040018060138E-004  1.388458721293875E-004  1.326989694501226E-004  1.261262671632952E-004  1.190401765293197E-004  1.144923196817080E-004  1.113154147053067E-004  1.062964699021925E-004  1.027535533748012E-004  9.707462514114278E-005  9.298350157674935E-005  9.082222292217549E-005  8.856737115979442E-005  8.620118173817617E-005  8.369849391633266E-005  8.102171052568921E-005  7.485428948276596E-005  7.101902921463836E-005  6.589054742077717E-005
   541.000075792434       1.914123445762604E-004  1.840208423032843E-004  1.761375673338931E-004  1.676775090293496E-004  1.585273141153020E-004  1.485306631705122E-004  1.374601270132799E-004  1.314201316056243E-004  1.249648270204314E-004  1.180093388280030E-004  1.135472277660189E-004  1.104310677749954E-004  1.055095323320889E-004  1.020361315168250E-004  9.646952651984854E-005  9.245928145959465E-005  9.034043665035230E-005  8.812939155506037E-005  8.580847572664249E-005  8.335258881090044E-005  8.072415562350775E-005  7.465826355779821E-005  7.087591071672231E-005  6.579993491652416E-005
   543.000076072628       1.919618693768933E-004  1.845905216800768E-004  1.767267654739427E-004  1.682834621977436E-004  1.591456106128701E-004  1.491520863031675E-004  1.380765443247621E-004  1.320292240216473E-004  1.255621437257132E-004  1.185889790640271E-004  1.141126622693374E-004  1.109850525059124E-004  1.060427325788775E-004  1.025525040811249E-004  9.695524875442511E-005  9.292005298869157E-005  9.078711413516968E-005  8.856076522550000E-005  8.622318347946115E-005  8.374911535499787E-005  8.110077860864141E-005  7.498830266760634E-005  7.117753739931378E-005  6.606572283981635E-005
   545.000076352821       1.919463194160074E-004  1.846350172538975E-004  1.768354142290452E-004  1.684565620356867E-004  1.593862051533386E-004  1.494641663791924E-004  1.384598693661110E-004  1.324475172464672E-004  1.260138613139486E-004  1.190712236748543E-004  1.146110456404458E-004  1.114927883052070E-004  1.065618229027390E-004  1.030769419718033E-004  9.748300522802023E-005  9.344621362360769E-005  9.131100606838037E-005  8.908132122125848E-005  8.673921859730912E-005  8.425936837463758E-005  8.160392224296626E-005  7.547392648209205E-005  7.165475469809920E-005  6.654233864524534E-005
   547.000076633015       1.912157303345854E-004  1.839572975925984E-004  1.762101231513581E-004  1.678862643091404E-004  1.588714349724532E-004  1.490080535306569E-004  1.380666460445836E-004  1.320882429789963E-004  1.256910136871775E-004  1.187884937220095E-004  1.143550283241964E-004  1.112560208236616E-004  1.063567873022572E-004  1.028952867191989E-004  9.734058706386859E-005  9.333337712317006E-005  9.121419034596490E-005  8.900142828019067E-005  8.667725816766076E-005  8.421641790994151E-005  8.158123196093876E-005  7.549601304207630E-005  7.170134995148413E-005  6.661283949949629E-005
   549.000076913209       1.908154389258044E-004  1.836109049376691E-004  1.759197449626502E-004  1.676559250525111E-004  1.587015829170815E-004  1.489021567280109E-004  1.380249834492714E-004  1.320783880123498E-004  1.257132616518941E-004  1.188428079200987E-004  1.144283072665027E-004  1.113419465620746E-004  1.064615499306238E-004  1.030126748447206E-004  9.747701176324937E-005  9.348263270205870E-005  9.136995488709343E-005  8.916376767727694E-005  8.684624230897303E-005  8.439219681520514E-005  8.176393540816539E-005  7.569327655702319E-005  7.190646002414169E-005  6.682601237920102E-005
   551.000077193403       1.902298914773912E-004  1.830801902882030E-004  1.754460635027217E-004  1.672427025310666E-004  1.583527554903323E-004  1.486186960033102E-004  1.378111105128732E-004  1.319008512075921E-004  1.255725356583289E-004  1.187393676375292E-004  1.143475309630396E-004  1.112763155022416E-004  1.064187566009851E-004  1.029850452471440E-004  9.747234048256153E-005  9.349333650007275E-005  9.138838330640880E-005  8.918998539712538E-005  8.688035984846425E-005  8.443430843247169E-005  8.181418764631517E-005  7.576017106221129E-005  7.198129263830565E-005  6.690583466110724E-005
   553.000077473597       1.886153876120568E-004  1.815385677273529E-004  1.739881865247438E-004  1.658800573584517E-004  1.571042591859544E-004  1.475052037929752E-004  1.368587189925195E-004  1.310409084286609E-004  1.248136691644132E-004  1.180917924119969E-004  1.137716401823428E-004  1.107504313488324E-004  1.059708971162407E-004  1.025912389568264E-004  9.716222181446477E-005  9.324038681869628E-005  9.116424566411955E-005  8.899473418794382E-005  8.671389077110057E-005  8.429639319834607E-005  8.170436276666284E-005  7.570370586606351E-005  7.194891287733618E-005  6.689465478979929E-005
   555.000077753791       1.889121363289727E-004  1.818730352311632E-004  1.743563486799568E-004  1.662797706365290E-004  1.575284641763693E-004  1.479466945700176E-004  1.373075089571460E-004  1.314890430454237E-004  1.252581482975325E-004  1.185288807940409E-004  1.142027135849084E-004  1.111768287951090E-004  1.063893709392968E-004  1.030039489120458E-004  9.756564602831561E-005  9.363743759622034E-005  9.155816719023029E-005  8.938559060124392E-005  8.710189044610107E-005  8.468183665228842E-005  8.208778144903757E-005  7.608639639713097E-005  7.233508594790964E-005  6.729169780987862E-005
   557.000078033984       1.877800675580987E-004  1.807889185395669E-004  1.733287073821591E-004  1.653136043325614E-004  1.566328327702315E-004  1.471324010562455E-004  1.365900233356588E-004  1.308270514362043E-004  1.246587808543960E-004  1.180001331275963E-004  1.137210084505947E-004  1.107285963732877E-004  1.059953110255981E-004  1.026486806744799E-004  9.727317291489608E-005  9.339010082091341E-005  9.133446721005755E-005  8.918627376838728E-005  8.692769932309125E-005  8.453355645258114E-005  8.196618944163934E-005  7.602036079586570E-005  7.229737785784003E-005  6.728055809728108E-005
   559.000078314178       1.868592797188891E-004  1.799238785595034E-004  1.725242752381176E-004  1.645745293321701E-004  1.559669786929114E-004  1.465499286402408E-004  1.361028446310858E-004  1.303934744227308E-004  1.242827674490437E-004  1.176869154631107E-004  1.134480813701168E-004  1.104837112085067E-004  1.057941257627332E-004  1.024778748632234E-004  9.714980651344838E-005  9.329968959841124E-005  9.126095064890214E-005  8.912996817241115E-005  8.688893892474977E-005  8.451272237377684E-005  8.196370170632192E-005  7.605612298205155E-005  7.235321690483355E-005  6.735700999826228E-005
   561.000078594372       1.866394103235536E-004  1.797529025104606E-004  1.723997132089312E-004  1.645007871223953E-004  1.559437711900607E-004  1.465778001415281E-004  1.361820056132443E-004  1.304974311269378E-004  1.244113546883664E-004  1.178390262216944E-004  1.136137215890374E-004  1.106581822757434E-004  1.059812299178594E-004  1.026729776200518E-004  9.735599287337789E-005  9.351234600563125E-005  9.147648872691052E-005  8.934805801655411E-005  8.710919777987701E-005  8.473465651227966E-005  8.218674506836721E-005  7.627907725460474E-005  7.257459435610031E-005  6.757553100945179E-005
   563.000078874566       1.863811548536622E-004  1.795481516202315E-004  1.722531742731145E-004  1.644121107503549E-004  1.559151327515387E-004  1.466098970813759E-004  1.362742136997560E-004  1.306184151789862E-004  1.245598419617813E-004  1.180125032609542E-004  1.138007630824486E-004  1.108533805705741E-004  1.061872748231479E-004  1.028851148680815E-004  9.757529551164655E-005  9.373488633853393E-005  9.170008088348182E-005  8.957233711511497E-005  8.733375037222007E-005  8.495905971353420E-005  8.241053617286374E-005  7.650032035421588E-005  7.279398365767478E-005  6.779280262030848E-005
   565.000079154760       1.854359246845623E-004  1.786610637645026E-004  1.714283124166610E-004  1.636532641153774E-004  1.552272947648820E-004  1.459997370557099E-004  1.357489471110989E-004  1.301401084208355E-004  1.241316287362333E-004  1.176388978946921E-004  1.134622779258397E-004  1.105394052123108E-004  1.059121835592429E-004  1.026373763418124E-004  9.737094923377476E-005  9.356129641582078E-005  9.154243308625153E-005  8.943101289916526E-005  8.720914436951921E-005  8.485153894499287E-005  8.232039222258415E-005  7.644477623480004E-005  7.275380319226662E-005  6.776044445238032E-005
   567.000079434954       1.844533002067965E-004  1.777252213356049E-004  1.705429895127108E-004  1.628233869370915E-004  1.544589864094685E-004  1.453004942848971E-004  1.351308764888649E-004  1.295678092532098E-004  1.236102087365198E-004  1.171749157750517E-004  1.130365220745262E-004  1.101411182648720E-004  1.055584116287935E-004  1.023159667569649E-004  9.710278148883047E-005  9.333245830089353E-005  9.133464247033543E-005  8.924530963858272E-005  8.704667759216557E-005  8.471361851029660E-005  8.220852302788433E-005  7.639059722559811E-005  7.273202207082690E-005  6.777357909369986E-005
   569.000079715147       1.840475828128563E-004  1.773701630825371E-004  1.702423050122451E-004  1.625815040885872E-004  1.542809293635950E-004  1.451905952628089E-004  1.350940822900466E-004  1.295700011727474E-004  1.236522392447661E-004  1.172575855565581E-004  1.131438677473604E-004  1.102648929885883E-004  1.057064942665303E-004  1.024798676303280E-004  9.728955549020337E-005  9.353346678011162E-005  9.154237075867120E-005  8.945943769815506E-005  8.726685807589447E-005  8.493946441777851E-005  8.243964343671619E-005  7.663166454377822E-005  7.297897081293638E-005  6.803149299495616E-005
   571.000079995341       1.834462658743108E-004  1.768188432617855E-004  1.697431385513463E-004  1.621381578822115E-004  1.538975289768384E-004  1.448722141707076E-004  1.348467153241773E-004  1.293608506755252E-004  1.234831980429698E-004  1.171309061882587E-004  1.130436912886492E-004  1.101829552722885E-004  1.056528046583916E-004  1.024456318456605E-004  9.728539379846537E-005  9.355002270801583E-005  9.156950974077122E-005  8.949729066518311E-005  8.731559682768683E-005  8.499924986317195E-005  8.251066971303459E-005  7.672586349821046E-005  7.308526485669270E-005  6.815042632093861E-005
   573.000080275535       1.832609961715542E-004  1.766918291347630E-004  1.696759815876726E-004  1.621354287563677E-004  1.539621787041888E-004  1.450067344040736E-004  1.350536630305304E-004  1.296035258259317E-004  1.237611237721263E-004  1.174417815501403E-004  1.133728494921609E-004  1.105231051053160E-004  1.060071642494965E-004  1.028074824866281E-004  9.765435193445502E-005  9.391988800294779E-005  9.193834186034049E-005  8.986389375342742E-005  8.767855943687411E-005  8.535696607484443E-005  8.286124117541027E-005  7.705503795920106E-005  7.339948124567822E-005  6.844735137407192E-005
   575.000080555729       1.821259204756192E-004  1.756030353499022E-004  1.686392559755149E-004  1.611557440067827E-004  1.530468026227466E-004  1.441647022171128E-004  1.342976732608514E-004  1.288975620840348E-004  1.231108401424972E-004  1.168549697104548E-004  1.128286622172280E-004  1.100097361207087E-004  1.055441743925058E-004  1.023813144821401E-004  9.728913061697020E-005  9.360002038166192E-005  9.164283316890961E-005  8.959399006973871E-005  8.743570785664907E-005  8.514275311697116E-005  8.267748020697990E-005  7.693875820423994E-005  7.332086958065626E-005  6.840865808420495E-005
   577.000080835923       1.816174171960593E-004  1.751454970426848E-004  1.682358141613889E-004  1.608088413683528E-004  1.527594264131346E-004  1.439425883256982E-004  1.341452030927694E-004  1.287816468266365E-004  1.230327564599504E-004  1.168161294256423E-004  1.128136316238549E-004  1.100106920876916E-004  1.055692742353911E-004  1.024223573453951E-004  9.735386104249505E-005  9.368010273604699E-005  9.173036469181640E-005  8.968883899276877E-005  8.753765080366625E-005  8.525154373220881E-005  8.279285232549606E-005  7.706630084716640E-005  7.345395903159809E-005  6.854699587333378E-005
   579.000081116117       1.808341645344581E-004  1.744123897022661E-004  1.675570858836891E-004  1.601885318555021E-004  1.522021517173568E-004  1.434529481587304E-004  1.337311623582107E-004  1.284086441608014E-004  1.227035884689301E-004  1.165338525696828E-004  1.125615016034539E-004  1.097795588262403E-004  1.053711306893458E-004  1.022474320220480E-004  9.721577122938799E-005  9.356820622248860E-005  9.163216155176149E-005  8.960475399925922E-005  8.746817993708355E-005  8.519726813769434E-005  8.275442223598714E-005  7.706195385076583E-005  7.346794863466731E-005  6.857910131925063E-005
   581.000081396311       1.802893753669697E-004  1.739152233927904E-004  1.671083013762463E-004  1.597918399512051E-004  1.518626189357477E-004  1.431761012705818E-004  1.335212105212732E-004  1.282350873650138E-004  1.225680878157823E-004  1.164385604760988E-004  1.124913948269921E-004  1.097267320809570E-004  1.053448871322646E-004  1.022392313345764E-004  9.723529705914399E-005  9.360647575158611E-005  9.167981996035260E-005  8.966184446212908E-005  8.753468109653245E-005  8.527314118737026E-005  8.283960765584601E-005  7.716546582997758E-005  7.358042216536085E-005  6.870044295743729E-005
   583.000081676504       1.797140440789969E-004  1.733869490911102E-004  1.666319210796606E-004  1.593706710329176E-004  1.515003688104637E-004  1.428776284263111E-004  1.332928184950848E-004  1.280440439870568E-004  1.224168005150725E-004  1.163290615171783E-004  1.124079367941463E-004  1.096610634931078E-004  1.053065615864022E-004  1.022195751400159E-004  9.724402784461182E-005  9.363435629042202E-005  9.171731273683834E-005  8.970890351512153E-005  8.759127879718805E-005  8.533920001582181E-005  8.291500019518922E-005  7.725887238078865E-005  7.368220890616577E-005  6.880946072515051E-005
   585.000081956698       1.789589418319014E-004  1.726776749443160E-004  1.659711363514600E-004  1.587640586611016E-004  1.509516159442102E-004  1.423922084405030E-004  1.328791155167943E-004  1.276698270050258E-004  1.220849312142075E-004  1.160435736687018E-004  1.121525155548156E-004  1.094267941427497E-004  1.051057993841262E-004  1.020426678503637E-004  9.710541120435499E-005  9.352330734992723E-005  9.162078124695106E-005  8.962744659742366E-005  8.752551630161741E-005  8.528983781688984E-005  8.288285723266893E-005  7.726425761977516E-005  7.370841178131419E-005  6.885840923846847E-005
   587.000082236892       1.781693787461468E-004  1.719627534925260E-004  1.653320029518046E-004  1.582000657326402E-004  1.504654109418812E-004  1.419876379485517E-004  1.325597906275688E-004  1.273953556579416E-004  1.218575073825644E-004  1.158651435845606E-004  1.120047814839649E-004  1.093001362404818E-004  1.050116858948028E-004  1.019708886467201E-004  9.706819276823311E-005  9.350983443348317E-005  9.161937727844926E-005  8.963827287152321E-005  8.754868931198958E-005  8.532550388399672E-005  8.293116523692773E-005  7.733840301601629E-005  7.379593158763781E-005  6.896001635518150E-005
   589.000082517086       1.755995647935398E-004  1.695029848964885E-004  1.629958913496530E-004  1.560018035388675E-004  1.484217688227100E-004  1.401180256625368E-004  1.308896544751719E-004  1.258362236261944E-004  1.204185910913891E-004  1.145573528775004E-004  1.107816787553278E-004  1.081362646064407E-004  1.039415600849031E-004  1.009667856728594E-004  9.616923039610926E-005  9.268560567621754E-005  9.083407654447977E-005  8.889307009312968E-005  8.684484974050876E-005  8.466439376818470E-005  8.231428095253246E-005  7.681496371245879E-005  7.332164917589275E-005  6.853480047968531E-005
   591.000082797280       1.769577928081844E-004  1.708189047101814E-004  1.642655854687292E-004  1.572212348787360E-004  1.495861758418816E-004  1.412212827455486E-004  1.319224483384724E-004  1.268302978734467E-004  1.213699602174142E-004  1.154618387021989E-004  1.116554325953129E-004  1.089884273907609E-004  1.047589873768523E-004  1.017593441591241E-004  9.692143395550576E-005  9.340847776023622E-005  9.154142974569806E-005  8.958424815347872E-005  8.751914304573223E-005  8.532103767269816E-005  8.295245285181573E-005  7.741362271643198E-005  7.389952568733122E-005  6.909236529299299E-005
   593.000083077474       1.763707267931590E-004  1.702746639486147E-004  1.637657276141286E-004  1.567699530638498E-004  1.491875068696470E-004  1.408795180859961E-004  1.316439213077234E-004  1.265857115024263E-004  1.211613694114949E-004  1.152914667230943E-004  1.115093372962251E-004  1.088590566341004E-004  1.046556546616548E-004  1.016741756361343E-004  9.686460577578160E-005  9.337140279289981E-005  9.151454502482980E-005  8.956777153543460E-005  8.751333867345405E-005  8.532620315367525E-005  8.296891478025411E-005  7.745389168203323E-005  7.395242234773549E-005  6.915810065698353E-005
   595.000083357667       1.754559926283612E-004  1.694211447320788E-004  1.629767569483903E-004  1.560495951935958E-004  1.485414258869267E-004  1.403144908890655E-004  1.311686748937685E-004  1.261596502207633E-004  1.207880910492020E-004  1.149750812747937E-004  1.112293697890052E-004  1.086043917172689E-004  1.044408640477180E-004  1.014871316151774E-004  9.672125974859009E-005  9.325869451785776E-005  9.141765582853878E-005  8.948701664157841E-005  8.744908727040001E-005  8.527882614580009E-005  8.293882973019083E-005  7.745984721721119E-005  7.397728736286035E-005  6.920249670257110E-005
   597.000083637861       1.750022002092374E-004  1.690040135413826E-004  1.625996640096978E-004  1.557152680974198E-004  1.482529980169273E-004  1.400770283029080E-004  1.309870673817196E-004  1.260078242490270E-004  1.206677515866012E-004  1.148880608974310E-004  1.111632193513254E-004  1.085526865037749E-004  1.044112784257845E-004  1.014727749022982E-004  9.673049513211801E-005  9.328416907255076E-005  9.145140100341311E-005  8.952917665098306E-005  8.749978566722323E-005  8.533823324951636E-005  8.300714422009795E-005  7.754691474581037E-005  7.407463430169831E-005  6.931183985142829E-005
   599.000083918055       1.740055132967790E-004  1.680602918791044E-004  1.617112507940677E-004  1.548878092507408E-004  1.474918586322758E-004  1.393899798138093E-004  1.303832452430075E-004  1.254510606656827E-004  1.201618838295563E-004  1.144382184265371E-004  1.107499704137834E-004  1.081652534276220E-004  1.040650132043293E-004  1.011557192518003E-004  9.646061199437341E-005  9.304824219776615E-005  9.123329511252728E-005  8.932955784012045E-005  8.731935534997501E-005  8.517775546873767E-005  8.286747757246906E-005  7.745165195441722E-005  7.400274309849218E-005  6.926210995953303E-005
   601.000084198249       1.731754101029059E-004  1.672598097715708E-004  1.609448326372628E-004  1.541597083763721E-004  1.468086001709694E-004  1.387587117602775E-004  1.298153496415648E-004  1.249198432416633E-004  1.196722928356198E-004  1.139963181173386E-004  1.103402631749018E-004  1.077788046157870E-004  1.037167397331315E-004  1.008354724270918E-004  9.618683089954767E-005  9.280907201363792E-005  9.101279230759493E-005  8.912870540304115E-005  8.713931927187075E-005  8.501984446284039E-005  8.273320507742321E-005  7.737049583885538E-005  7.395208414593666E-005  6.924566051535636E-005
   603.000084478443       1.729650934079635E-004  1.670909849040737E-004  1.608192809028059E-004  1.540802237501535E-004  1.467762607738100E-004  1.387726074347842E-004  1.298764830499774E-004  1.250045404216320E-004  1.197797430249511E-004  1.141255487379379E-004  1.104818041475996E-004  1.079280397236576E-004  1.038766746253594E-004  1.010018653478607E-004  9.636146738155563E-005  9.298807454951235E-005  9.119353199122324E-005  8.931084490020385E-005  8.732248348667507E-005  8.520362500528612E-005  8.291711190500519E-005  7.755293273046165E-005  7.413287312712670E-005  6.942477086965446E-005
   605.000084758637       1.723218501064233E-004  1.664957796110392E-004  1.602745031684555E-004  1.535891203297007E-004  1.463435700026980E-004  1.384050314829810E-004  1.295798837733194E-004  1.247460734296065E-004  1.195617388389032E-004  1.139501055724822E-004  1.103331741272072E-004  1.077977574497876E-004  1.037746558112934E-004  1.009190659155783E-004  9.630821701905522E-005  9.295481891094642E-005  9.117034213829240E-005  8.929778752976745E-005  8.731955753117255E-005  8.521085110558864E-005  8.293452574836424E-005  7.759090916383097E-005  7.418137212508047E-005  6.948409928412164E-005
   607.000085038830       1.719433640253652E-004  1.661605026804326E-004  1.599852594384473E-004  1.533483573560650E-004  1.461537521487989E-004  1.382694421025303E-004  1.295012788553003E-004  1.246969275203937E-004  1.195430721829234E-004  1.139619950536573E-004  1.103634431459504E-004  1.078401921308103E-004  1.038351860612887E-004  1.009913615316977E-004  9.639743624313532E-005  9.305463321976869E-005  9.127519159008373E-005  8.940741098955228E-005  8.743371789752065E-005  8.532923317559851E-005  8.305679943150634E-005  7.771991233284776E-005  7.431341419091359E-005  6.961997174822278E-005
   609.000085319024       1.712223789407580E-004  1.654797798840919E-004  1.593478258287794E-004  1.527566298025931E-004  1.456118853146822E-004  1.377824118197513E-004  1.290761753723143E-004  1.243064198114501E-004  1.191894198042754E-004  1.136488933432717E-004  1.100766711450388E-004  1.075719438379327E-004  1.035964860246890E-004  1.007737059041878E-004  9.621372089357541E-005  9.289547718227000E-005  9.112901388702605E-005  8.927477200547121E-005  8.731522149179348E-005  8.522560170858862E-005  8.296884366144863E-005  7.766632250719917E-005  7.427870199637928E-005  6.960434449212110E-005
   611.000085599218       1.704637669656507E-004  1.647594614890591E-004  1.586720249988441E-004  1.521257498853706E-004  1.450325630879280E-004  1.372602469535669E-004  1.286182435639156E-004  1.238842377124622E-004  1.188066240513651E-004  1.133091561466037E-004  1.097650977970014E-004  1.072803618364185E-004  1.033366856767565E-004  1.005365241412432E-004  9.601336479154286E-005  9.272179530246479E-005  9.096945934552917E-005  8.912993482460867E-005  8.718577790999910E-005  8.511230746759855E-005  8.287257071804658E-005  7.760723647444921E-005  7.424000537149937E-005  6.958648486529626E-005
   613.000085879412       1.694178487290543E-004  1.637524187761801E-004  1.577066319170381E-004  1.512093388659859E-004  1.441686894619497E-004  1.364583073894688E-004  1.278907336271210E-004  1.231999545518138E-004  1.181714433055473E-004  1.127303013113850E-004  1.092245576396854E-004  1.067674153255539E-004  1.028690995038492E-004  1.001021958261297E-004  9.563410643739044E-005  9.238350678957741E-005  9.065309226416084E-005  8.883661018912702E-005  8.691669505576558E-005  8.486878144344252E-005  8.265608737653487E-005  7.744999022142598E-005  7.411529573015958E-005  6.949588071216236E-005
   615.000086159606       1.671025356890432E-004  1.615431704883732E-004  1.556151888407367E-004  1.492507083316026E-004  1.423589613915308E-004  1.348183004578334E-004  1.264469415608018E-004  1.218664878954171E-004  1.169575512593861E-004  1.116471869094617E-004  1.082253903051846E-004  1.058270009210398E-004  1.020209280473010E-004  9.931857333419635E-005  9.495209873428965E-005  9.177264512226174E-005  9.007887108073574E-005  8.829973569397514E-005  8.641787618158194E-005  8.440871557635720E-005  8.223536904016945E-005  7.710869879845868E-005  7.381224125651142E-005  6.922459747747822E-005
   617.000086439800       1.678632593377320E-004  1.622910133291727E-004  1.563449986089784E-004  1.499551088829608E-004  1.430340496208465E-004  1.354544635610925E-004  1.270343380639814E-004  1.224250133116878E-004  1.174837274583956E-004  1.121369740224758E-004  1.086916563863255E-004  1.062768067318172E-004  1.024449110331160E-004  9.972457310034013E-005  9.533032551138691E-005  9.213201307643076E-005  9.042884314926507E-005  8.864040121263292E-005  8.674944661940657E-005  8.473152822713120E-005  8.255006224366801E-005  7.741130807948328E-005  7.411382371456678E-005  6.953551166251655E-005
   619.000086719993       1.681718197473992E-004  1.626393190535454E-004  1.567328006429425E-004  1.503823805344877E-004  1.434981039534642E-004  1.359539643964904E-004  1.275618464323191E-004  1.229627852263263E-004  1.180272693181138E-004  1.126807635701851E-004  1.092316453088554E-004  1.068120624588763E-004  1.029695036563902E-004  1.002390021952716E-004  9.582374317269573E-005  9.260668120407756E-005  9.089239292650783E-005  8.909153057837627E-005  8.718669078206561E-005  8.515328183890621E-005  8.295449678467948E-005  7.777491034236188E-005  7.445386080610817E-005  6.985172626078158E-005
   621.000087000187       1.675464574561411E-004  1.620548641451079E-004  1.561923261212227E-004  1.498916390335680E-004  1.430604267888410E-004  1.355733736942902E-004  1.272458406860078E-004  1.226816768670928E-004  1.177838115219033E-004  1.124776926869346E-004  1.090543292046837E-004  1.066527825446189E-004  1.028382502743290E-004  1.001273614243369E-004  9.574291289765956E-005  9.254753229600081E-005  9.084448635576144E-005  8.905513746945885E-005  8.716211943788965E-005  8.514090598977380E-005  8.295473166471951E-005  7.780211495253485E-005  7.449600032868449E-005  6.991104973984979E-005
   623.000087280381       1.666879340660813E-004  1.612378452481300E-004  1.554187205340272E-004  1.491632612127428E-004  1.423829739729879E-004  1.349539976451691E-004  1.266922022285768E-004  1.221652999158549E-004  1.173084189417701E-004  1.120476731375694E-004  1.086543497186177E-004  1.062742590865372E-004  1.024941976526614E-004  9.980808920367955E-005  9.546410382023589E-005  9.229826058092258E-005  9.061086177056324E-005  8.883785735412422E-005  8.696194699861362E-005  8.495865657235322E-005  8.279133884296240E-005  7.767949389444196E-005  7.439505946881482E-005  6.983032759444445E-005
   625.000087560575       1.648295820884438E-004  1.594259801704578E-004  1.536634660105181E-004  1.474724674923408E-004  1.407676030098182E-004  1.334291471006648E-004  1.252800398400926E-004  1.208203159111385E-004  1.160398788802499E-004  1.108673928925662E-004  1.075339778594911E-004  1.051970808822560E-004  1.014878056051551E-004  9.885318338921181E-005  9.459424257346160E-005  9.149104318563222E-005  8.983702983498000E-005  8.809887714319766E-005  8.625940941267333E-005  8.429421346161940E-005  8.216667792010720E-005  7.713855686013687E-005  7.389554566443635E-005  6.936269569623398E-005
   627.000087840769       1.657991804024132E-004  1.604307029180647E-004  1.546993119286139E-004  1.485383415406081E-004  1.418584366860186E-004  1.345369103557050E-004  1.263908472004903E-004  1.219249483983800E-004  1.171310629030192E-004  1.119354922390496E-004  1.085822125811869E-004  1.062289491559764E-004  1.024895911047516E-004  9.983066501691838E-005  9.552730819348561E-005  9.238817497777798E-005  9.071398987164922E-005  8.895405635549409E-005  8.709107152890785E-005  8.510058406055102E-005  8.294597888708853E-005  7.786005065413761E-005  7.459009102593792E-005  7.004476663606431E-005
   629.000088120963       1.652044155409359E-004  1.598757975756335E-004  1.541862409074988E-004  1.480709821590108E-004  1.414412742023246E-004  1.341726517208338E-004  1.260857063658953E-004  1.216519648425193E-004  1.168922297460683E-004  1.117334814945364E-004  1.084035638674787E-004  1.060665642439554E-004  1.023525425069300E-004  9.971129830837217E-005  9.543572876322357E-005  9.231612423030496E-005  9.065202340105606E-005  8.890242140431147E-005  8.705004514414327E-005  8.507045291148017E-005  8.292709231613320E-005  7.786489404727564E-005  7.460764232171743E-005  7.007579278430787E-005
   631.000088401157       1.641553934457122E-004  1.588646480223817E-004  1.532168053466341E-004  1.471451479037945E-004  1.405654395231830E-004  1.333555598991615E-004  1.253369527910378E-004  1.209428750263425E-004  1.162276975325953E-004  1.111195070403364E-004  1.078236473007468E-004  1.055112379746169E-004  1.018375100876909E-004  9.922571947264999E-005  9.499919387768394E-005  9.191623458516276E-005  9.027188137820012E-005  8.854309091214574E-005  8.671273518289837E-005  8.475650491471716E-005  8.263796319179606E-005  7.763019047573501E-005  7.440203252036013E-005  6.989679562133994E-005
   633.000088681350       1.637531861407760E-004  1.585037894028849E-004  1.528983280023753E-004  1.468734444692356E-004  1.403422292673834E-004  1.331839743279048E-004  1.252202172699241E-004  1.208552588484726E-004  1.161698929069158E-004  1.110921720987869E-004  1.078150046370801E-004  1.055151218595614E-004  1.018604639271624E-004  9.926147195688371E-005  9.505404913141584E-005  9.198377143974363E-005  9.034574310635227E-005  8.862330123839889E-005  8.679929432140101E-005  8.484946144274983E-005  8.273744142976503E-005  7.774388807465146E-005  7.452474103144185E-005  7.003367360807588E-005
   635.000088961544       1.616859845606092E-004  1.565609366936952E-004  1.510890789323266E-004  1.452056668475027E-004  1.388278920047950E-004  1.318358614257332E-004  1.240555871909454E-004  1.197898709217867E-004  1.152095359098098E-004  1.102440852106817E-004  1.070379823723495E-004  1.047872395571384E-004  1.012090619743985E-004  9.866316296197323E-005  9.453895679882719E-005  9.152682836353881E-005  8.991877581289917E-005  8.822694588978808E-005  8.643426844535631E-005  8.451655858138688E-005  8.243751773479567E-005  7.751299391697695E-005  7.433025244492541E-005  6.987751066911825E-005
   637.000089241738       1.616046154291136E-004  1.564853001758787E-004  1.510191711023514E-004  1.451449686608186E-004  1.387757303368585E-004  1.317939371496719E-004  1.240268228880857E-004  1.197683317997832E-004  1.151964452318334E-004  1.102404384707416E-004  1.070405827314731E-004  1.047941017225350E-004  1.012228190254504E-004  9.868178612597183E-005  9.456534452837186E-005  9.155874702302338E-005  8.995358354282062E-005  8.826473204202434E-005  8.647513641753971E-005  8.456061069227135E-005  8.248489366459517E-005  7.756742554195643E-005  7.438828415743267E-005  6.993838586092108E-005
   639.000089521932       1.618411470620572E-004  1.567211643916616E-004  1.512527127039384E-004  1.453754647103336E-004  1.390022548941233E-004  1.320170634948538E-004  1.242440923490199E-004  1.199818580903186E-004  1.154059563701220E-004  1.104449383967036E-004  1.072416072594596E-004  1.049927445170050E-004  1.014174658112344E-004  9.887344988732017E-005  9.475217811142829E-005  9.174204265591643E-005  9.013502700691193E-005  8.844432673177943E-005  8.665284552267389E-005  8.473646094946611E-005  8.265900298785272E-005  7.773903981198359E-005  7.456001471955677E-005  7.011300318981454E-005
   641.000089802126       1.607102396856244E-004  1.556364844659496E-004  1.502190920828144E-004  1.443959290823074E-004  1.380861297236231E-004  1.311717623354515E-004  1.234823979419769E-004  1.192683214268208E-004  1.147454501447141E-004  1.098438960025894E-004  1.066800365313033E-004  1.044593036008935E-004  1.009293393212224E-004  9.841792894631282E-005  9.434974266418647E-005  9.137828821064790E-005  8.979175740479755E-005  8.812237513839955E-005  8.635316183774628E-005  8.446005851815148E-005  8.240700162443236E-005  7.753957715702752E-005  7.438860394124653E-005  6.996931100144543E-005
   643.000090082320       1.603524449595344E-004  1.553279306456763E-004  1.499632563070884E-004  1.441970116712282E-004  1.379455751525646E-004  1.310901301718364E-004  1.234607622978664E-004  1.192760596094151E-004  1.147817730255359E-004  1.099077280631042E-004  1.067593302039466E-004  1.045484167457902E-004  1.010321047718969E-004  9.852899867073640E-005  9.447173688230191E-005  9.150628334588716E-005  8.992233075049761E-005  8.825518810139732E-005  8.648787796867251E-005  8.459633496755874E-005  8.254449264411107E-005  7.767873117087268E-005  7.452878134645335E-005  7.011246043035222E-005
   645.000090362513       1.581364016427051E-004  1.532080727040491E-004  1.479490886649022E-004  1.423027390841663E-004  1.361845802242802E-004  1.294852112690743E-004  1.220350879665445E-004  1.179519901345900E-004  1.135683566569895E-004  1.088153800820193E-004  1.057451790339840E-004  1.035889761402316E-004  1.001591085960801E-004  9.771671183585277E-005  9.375550853691665E-005  9.085797162818260E-005  8.930924561251705E-005  8.767826784894209E-005  8.594812827309065E-005  8.409483112652021E-005  8.208240050893764E-005  7.729918571957133E-005  7.419217757237291E-005  6.981825769378706E-005
   647.000090642707       1.583272853907776E-004  1.534474887091936E-004  1.482370910344126E-004  1.426333754720891E-004  1.365562627556524E-004  1.298903070026320E-004  1.224665251455742E-004  1.183917330113172E-004  1.140127363273231E-004  1.092598512400177E-004  1.061871402619320E-004  1.040279663848191E-004  1.005913577635743E-004  9.814277261160570E-005  9.416955705495128E-005  9.126180893948235E-005  8.970727122123437E-005  8.806999364994106E-005  8.633305796595898E-005  8.447249431212978E-005  8.245239334465381E-005  7.765372693217519E-005  7.454074746141354E-005  7.016736398321802E-005
   649.000090922901       1.561729233897698E-004  1.514224742818877E-004  1.463505144703587E-004  1.408944072647212E-004  1.349773342597432E-004  1.284841142369564E-004  1.212494485432639E-004  1.172764015775919E-004  1.130048638524855E-004  1.083651502962400E-004  1.053635421069583E-004  1.032531436952429E-004  9.989190989674888E-005  9.749518902257402E-005  9.360212684000869E-005  9.074959103729706E-005  8.922322044537931E-005  8.761450808076910E-005  8.590652183506333E-005  8.407527686931140E-005  8.208481595156643E-005  7.734532328697938E-005  7.425984501111309E-005  6.990545889198558E-005
   651.000091203095       1.535016124609486E-004  1.490018929329331E-004  1.441898474300113E-004  1.390113399005494E-004  1.333823728659381E-004  1.271925973182087E-004  1.202741705173616E-004  1.164629798265080E-004  1.123547701271645E-004  1.078780910968948E-004  1.049733349759412E-004  1.029265598179693E-004  9.965876339963994E-005  9.732235278524706E-005  9.351571289742897E-005  9.071728052940406E-005  8.921666822179933E-005  8.763272879991585E-005  8.594839828675263E-005  8.413963602149640E-005  8.217036341078262E-005  7.746935532686416E-005  7.440170072524098E-005  7.006641959597001E-005
   653.000091483289       1.456548334424924E-004  1.417728656136095E-004  1.376153142313829E-004  1.331264261537205E-004  1.282292673826574E-004  1.228180782213333E-004  1.167282089447752E-004  1.133511250983504E-004  1.096897142959043E-004  1.056716094546558E-004  1.030463975937366E-004  1.011874830690251E-004  9.820245427682431E-005  9.605465158649751E-005  9.252921401392672E-005  8.991575824592202E-005  8.850639835349653E-005  8.701263994704254E-005  8.541722679696361E-005  8.369580863318541E-005  8.181203445080775E-005  7.727499379215688E-005  7.428504797217957E-005  7.002410605334969E-005
   655.000091763483       1.198316641130404E-004  1.175322994603024E-004  1.150539292644360E-004  1.123588591980673E-004  1.093925004312916E-004  1.060777654869200E-004  1.022916396403743E-004  1.001624742451015E-004  9.782519541150804E-005  9.522119786888630E-005  9.349450087257801E-005  9.225809238661456E-005  9.024673414322136E-005  8.877731597452745E-005  8.632004726286742E-005  8.445706038979022E-005  8.343601719862300E-005  8.234011574262171E-005  8.115284899391557E-005  7.985076482916448E-005  7.839847423335756E-005  7.476573598181040E-005  7.225071593024146E-005  6.847526992072759E-005
   657.000092043676       9.435751788047400E-005  9.309830168814535E-005  9.173518329726189E-005  9.024584942891192E-005  8.859613023817082E-005  8.673819601791861E-005  8.459285128750700E-005  8.337350508147654E-005  8.202240427418930E-005  8.049882989467626E-005  7.947632789712373E-005  7.873737349377535E-005  7.752143732092675E-005  7.662106173542501E-005  7.508882706842495E-005  7.390136876076942E-005  7.323966499091632E-005  7.251993196529523E-005  7.172798930916315E-005  7.084340793933880E-005  6.983479233903421E-005  6.719234808717618E-005  6.524450453694361E-005  6.210881096800939E-005
   659.000092323870       1.365285063682441E-004  1.332670193245155E-004  1.297659944779560E-004  1.259725662557464E-004  1.218223674668843E-004  1.172146814964355E-004  1.119976077959587E-004  1.090876208115924E-004  1.059168852628043E-004  1.024160872189052E-004  1.001154661316117E-004  9.847921909245313E-005  9.583857497356469E-005  9.392745529464370E-005  9.076869375374330E-005  8.840780726483390E-005  8.712729777637892E-005  8.576412804411976E-005  8.430110375174770E-005  8.271389711420545E-005  8.096611472011474E-005  7.670613604813010E-005  7.385651378669668E-005  6.973341704921715E-005
   661.000092604064       1.488746450978813E-004  1.447143601184200E-004  1.402675762235856E-004  1.354720343944809E-004  1.302541663300294E-004  1.245040244926127E-004  1.180598778865914E-004  1.145004967876726E-004  1.106547969924909E-004  1.064516765507190E-004  1.037165015177740E-004  1.017851668110247E-004  9.869398964945796E-005  9.647769744537187E-005  9.285492996627764E-005  9.018161308780636E-005  8.874437411146407E-005  8.722438882253334E-005  8.560476329454854E-005  8.386151964004646E-005  8.195882115448632E-005  7.739585211501508E-005  7.440174250244898E-005  7.014696781695955E-005
   663.000092884258       1.523434294439283E-004  1.478941977318892E-004  1.431393611469918E-004  1.380222125025676E-004  1.324651612970287E-004  1.263580522094346E-004  1.195396852031548E-004  1.157877759723199E-004  1.117464125635347E-004  1.073469150347791E-004  1.044945099135729E-004  1.024857084625508E-004  9.928022616575420E-005  9.698964475986716E-005  9.325974561924973E-005  9.051895953595197E-005  8.904957700202802E-005  8.749874895578141E-005  8.584973977840478E-005  8.407888645816965E-005  8.215070503586443E-005  7.754583205028821E-005  7.453823590206435E-005  7.028226675583739E-005
   665.000093164452       1.532951170695666E-004  1.487510548008073E-004  1.438949331299309E-004  1.386736494048956E-004  1.330072246588724E-004  1.267880907270100E-004  1.198548629489434E-004  1.160453007119946E-004  1.119475900603167E-004  1.074935604243717E-004  1.046100257939727E-004  1.025814606068652E-004  9.934829036343195E-005  9.704088912483354E-005  9.328886672203916E-005  9.053607136053979E-005  8.906167889149010E-005  8.750660863213277E-005  8.585423452083372E-005  8.408101544705090E-005  8.215162866213582E-005  7.754880416363494E-005  7.454543514531380E-005  7.029765107177349E-005
   667.000093444646       1.533587484145509E-004  1.487860905219652E-004  1.439033269123236E-004  1.386519188231346E-004  1.329557843685470E-004  1.267064344189080E-004  1.197454303070930E-004  1.159236960352964E-004  1.118155230820423E-004  1.073540824212614E-004  1.044680311132507E-004  1.024388926197486E-004  9.920687998930449E-005  9.690188926206111E-005  9.315671071574519E-005  9.041115088256576E-005  8.894135754347123E-005  8.739166313135429E-005  8.574554992102599E-005  8.397959561093555E-005  8.205865968878374E-005  7.747730654140274E-005  7.448779505318965E-005  7.025702384457428E-005
   669.000093724840       1.533568777008714E-004  1.487836778571661E-004  1.439022664604052E-004  1.386531679476213E-004  1.329595100304136E-004  1.267138480326525E-004  1.197568201022525E-004  1.159378302906958E-004  1.118330312842682E-004  1.073753125189436E-004  1.044919676925755E-004  1.024649023517817E-004  9.923620924361203E-005  9.693370196675977E-005  9.319270707731048E-005  9.045019621986905E-005  8.898203199869408E-005  8.743403476722358E-005  8.578969686032559E-005  8.402563318433782E-005  8.210672004494399E-005  7.753018022064295E-005  7.454399884671605E-005  7.031869363400307E-005
   671.000094005033       1.530698883444873E-004  1.485085222718925E-004  1.436383154615214E-004  1.384014625470412E-004  1.327231786228332E-004  1.264951190322715E-004  1.195605544765887E-004  1.157543663318675E-004  1.116638775890395E-004  1.072230366900463E-004  1.043508515853506E-004  1.023317599256976E-004  9.911634508084498E-005  9.682347677572309E-005  9.309843744318220E-005  9.036787981063138E-005  8.890614527994892E-005  8.736494702706227E-005  8.572782892523118E-005  8.397144312424056E-005  8.206080004411015E-005  7.750316335513189E-005  7.452828236154899E-005  7.031673968860259E-005
   673.000094285227       1.525212260875496E-004  1.479867716356854E-004  1.431458004378230E-004  1.379421213029239E-004  1.322993852412670E-004  1.261125582209787E-004  1.192245598454108E-004  1.154450155369105E-004  1.113836024286027E-004  1.069747258636540E-004  1.041235516119545E-004  1.021193454339816E-004  9.892754408114424E-005  9.665147485294744E-005  9.295351963751764E-005  9.024242017588541E-005  8.879093375848975E-005  8.726036388015623E-005  8.563429981475034E-005  8.388946964400300E-005  8.199095444734747E-005  7.745987756929081E-005  7.450001384674810E-005  7.030581659592944E-005
   675.000094565421       1.519465956886472E-004  1.474274651044895E-004  1.426063020496741E-004  1.374224546401704E-004  1.318044332468726E-004  1.256453291044074E-004  1.187919608980713E-004  1.150330055481642E-004  1.109954580204933E-004  1.066146128134226E-004  1.037827359246311E-004  1.017925795112628E-004  9.862435288933266E-005  9.636593581091001E-005  9.269790963157494E-005  9.000967090816406E-005  8.857067009105113E-005  8.705343382807151E-005  8.544163127843598E-005  8.371215537126058E-005  8.183023779383876E-005  7.733721338061685E-005  7.439965358886236E-005  7.023091460136857E-005
   677.000094845615       1.518739464194382E-004  1.473833688100053E-004  1.425895678970403E-004  1.374356716418543E-004  1.318468459793088E-004  1.257180059677678E-004  1.188941950392629E-004  1.151489965508495E-004  1.111241087260144E-004  1.067541721003895E-004  1.039278865806800E-004  1.019409008872979E-004  9.877608632260822E-005  9.651893337256159E-005  9.285089806992398E-005  9.016099267376214E-005  8.872057388276307E-005  8.720141928078874E-005  8.558719438328389E-005  8.385471230187241E-005  8.196916463738553E-005  7.746685851289892E-005  7.452397065832998E-005  7.035121113993039E-005
   679.000095125809       1.513657311125883E-004  1.469032386913311E-004  1.421392187837682E-004  1.370170171750151E-004  1.314629816316595E-004  1.253723363159213E-004  1.185910780696306E-004  1.148697270111970E-004  1.108701443507276E-004  1.065278668478085E-004  1.037192840579555E-004  1.017446937316316E-004  9.859952773174139E-005  9.635617507400332E-005  9.271024763804937E-005  9.003620515077914E-005  8.860409012808489E-005  8.709353931885566E-005  8.548825892380611E-005  8.376512029686841E-005  8.188937052574213E-005  7.740848626129619E-005  7.447757864157575E-005  7.031780258186735E-005
   681.000095406003       1.508901397814200E-004  1.464550009320606E-004  1.417191155084400E-004  1.366294015024944E-004  1.311098999549908E-004  1.250574954373600E-004  1.183181312247977E-004  1.146201030832043E-004  1.106456989439365E-004  1.063305114563604E-004  1.035394955604101E-004  1.015771909943028E-004  9.845141539091044E-005  9.622184758415583E-005  9.259796807627981E-005  8.993973604052544E-005  8.851597395268604E-005  8.701410539251739E-005  8.541790493969004E-005  8.370429403845581E-005  8.183867256717160E-005  7.738065606267246E-005  7.446350378166350E-005  7.032134514318903E-005
   683.000095686196       1.502305664516399E-004  1.458238784877663E-004  1.411211491155986E-004  1.360664201265041E-004  1.305861354013877E-004  1.245770863683630E-004  1.178883690281496E-004  1.142185746147434E-004  1.102753191351837E-004  1.059947082395594E-004  1.032262800440779E-004  1.012799477730986E-004  9.817971168263049E-005  9.596840473942780E-005  9.237410494649061E-005  8.973732456985522E-005  8.832488580154282E-005  8.683481599836899E-005  8.525093524863149E-005  8.355023459653508E-005  8.169815538338845E-005  7.726956026276746E-005  7.436839165232273E-005  7.024248201377878E-005
   685.000095966390       1.498224272929709E-004  1.454432301266696E-004  1.407699789425882E-004  1.357462799225939E-004  1.302983006791762E-004  1.243251830256117E-004  1.176753727423825E-004  1.140264091646811E-004  1.101048065049947E-004  1.058472365308133E-004  1.030932868441859E-004  1.011570390990017E-004  9.807254744120403E-005  9.587214528938525E-005  9.229509899766336E-005  8.967059642954655E-005  8.826462726567581E-005  8.678127379750906E-005  8.520444058393975E-005  8.351123079307540E-005  8.166720626580935E-005  7.725736952036324E-005  7.436794470204415E-005  7.025744964350524E-005
   687.000096246584       1.494273891354447E-004  1.450778459969339E-004  1.404355364820311E-004  1.354442319814464E-004  1.300328776237050E-004  1.240983793705080E-004  1.174907003021020E-004  1.138642652211178E-004  1.099666555125323E-004  1.057340936387726E-004  1.029957829201608E-004  1.010702220038803E-004  9.800203556034489E-005  9.581293107798637E-005  9.225314297647735E-005  8.964046047584516E-005  8.824048635979244E-005  8.676323260307903E-005  8.519255958931321E-005  8.350561172807527E-005  8.166799574481039E-005  7.727177580537414E-005  7.439015367583529E-005  7.028984197087795E-005
   689.000096526778       1.489508539000279E-004  1.446310432126238E-004  1.400179339756785E-004  1.350591862011128E-004  1.296817439699374E-004  1.237860444896089E-004  1.172203918957128E-004  1.136169972244810E-004  1.097438662330149E-004  1.055376735303627E-004  1.028163248157080E-004  1.009025899311859E-004  9.785311804093000E-005  9.567704487308784E-005  9.213812345383388E-005  8.954036721201721E-005  8.814821209133750E-005  8.667907846563373E-005  8.511686294791345E-005  8.343874200447949E-005  8.161043536897771E-005  7.723485192611835E-005  7.436520049051874E-005  7.027924474064284E-005
   691.000096806972       1.484394365190316E-004  1.441472253306486E-004  1.395653204943527E-004  1.346400891112467E-004  1.292989012712102E-004  1.234417421296374E-004  1.169198475163372E-004  1.133402027896078E-004  1.094923830662603E-004  1.053136800123270E-004  1.026099188517387E-004  1.007083970436465E-004  9.767838013009068E-005  9.551602768769202E-005  9.199907854588000E-005  8.941716919675982E-005  8.803337972889865E-005  8.657295632710279E-005  8.501985237303841E-005  8.335130790623964E-005  8.153314070161202E-005  7.718011458414023E-005  7.432349812729592E-005  7.025283843875418E-005
   693.000097087165       1.478863679520670E-004  1.436242872780753E-004  1.390747758902167E-004  1.341829915672692E-004  1.288799569888224E-004  1.230646639319398E-004  1.165894606775416E-004  1.130357018139409E-004  1.092157462949756E-004  1.050670541578482E-004  1.023826581051964E-004  1.004948397008821E-004  9.748630324575721E-005  9.533911903146451E-005  9.184651357257526E-005  8.928202953379459E-005  8.790739462796342E-005  8.645646652599829E-005  8.491323425709336E-005  8.325504120032968E-005  8.144775906297466E-005  7.711874247652655E-005  7.427583608107800E-005  7.022099689020418E-005
   695.000097367359       1.474513036549016E-004  1.432165472876311E-004  1.386948837838485E-004  1.338351932001274E-004  1.285646135409184E-004  1.227849408547886E-004  1.163499134383866E-004  1.128176200379782E-004  1.090205727472942E-004  1.048967299405202E-004  1.022281507676341E-004  1.003511986142130E-004  9.735973553903715E-005  9.522450588173197E-005  9.175073132852537E-005  8.919957462706002E-005  8.783186503210875E-005  8.638806807530653E-005  8.485223101257092E-005  8.320169379585735E-005  8.140243293938560E-005  7.709106638973507E-005  7.425839056822746E-005  7.021604321965514E-005
   697.000097647553       1.469209360415953E-004  1.427138370538609E-004  1.382196548894088E-004  1.333906490187385E-004  1.281548911033252E-004  1.224131965453798E-004  1.160204354175246E-004  1.125119181881674E-004  1.087406144105861E-004  1.046445580196286E-004  1.019939807742964E-004  1.001298647749007E-004  9.715876728677136E-005  9.503805618146708E-005  9.158767321971326E-005  8.905347422252132E-005  8.769476057082589E-005  8.626032996788981E-005  8.473430770967880E-005  8.309411330450376E-005  8.130581530263585E-005  7.701890110935078E-005  7.420034275802982E-005  7.017433865131169E-005
   699.000097927747       1.465311208431565E-004  1.423496129505351E-004  1.378856781856861E-004  1.330868086735320E-004  1.278843071261444E-004  1.221786296072277E-004  1.158251953839842E-004  1.123374345138140E-004  1.085880109492893E-004  1.045153128722234E-004  1.018793704759195E-004  1.000251843219551E-004  9.706944711230955E-005  9.495927208365823E-005  9.152523383127039E-005  8.900230186690559E-005  8.764935830052358E-005  8.622080340629932E-005  8.470078119574908E-005  8.306674282889051E-005  8.128480278313915E-005  7.701166054667217E-005  7.420108667908976E-005  7.018523300187289E-005
   701.000098207941       1.455044077173317E-004  1.413595350395933E-004  1.369361374420136E-004  1.321825291114412E-004  1.270293713611963E-004  1.213817109102024E-004  1.150957495655551E-004  1.116470934041217E-004  1.079413895852383E-004  1.039177780204414E-004  1.013144712612632E-004  9.948369885594751E-005  9.656599239543605E-005  9.448342192952628E-005  9.109504855752231E-005  8.860604834467288E-005  8.727133317170831E-005  8.586200531198626E-005  8.436232595109517E-005  8.274992394416155E-005  8.099108613586729E-005  7.676957373057398E-005  7.398795446446292E-005  7.000222431686406E-005
   703.000098488135       1.453424606268927E-004  1.412161562918750E-004  1.368130175817189E-004  1.320815556688431E-004  1.269512317756085E-004  1.213277614332036E-004  1.150680835986317E-004  1.116332616562061E-004  1.079412728251844E-004  1.039316903501597E-004  1.013370071549768E-004  9.951183697649854E-005  9.660250074414140E-005  9.452529798143925E-005  9.114456276229603E-005  8.866024831236955E-005  8.732768618412601E-005  8.592039262228371E-005  8.442260680475134E-005  8.281194755334693E-005  8.105471141032247E-005  7.683642320824378E-005  7.405731930288456E-005  7.007787420949969E-005
   705.000098768329       1.449549453366574E-004  1.408612200136328E-004  1.364902924656264E-004  1.317921570690463E-004  1.266972732802680E-004  1.211109926877814E-004  1.148905976032733E-004  1.114757405668259E-004  1.078047650057003E-004  1.038166940523293E-004  1.012352382082085E-004  9.941898353687898E-005  9.652341143510340E-005  9.445552294360799E-005  9.108915677657425E-005  8.861473434026099E-005  8.728724388065800E-005  8.588513847767428E-005  8.439268097494055E-005  8.278753012094467E-005  8.103607446390362E-005  7.683065608528158E-005  7.405933239134465E-005  7.009010513976572E-005
   707.000099048522       1.445653642947907E-004  1.404958884573239E-004  1.361511519867051E-004  1.314796783656371E-004  1.264150840592250E-004  1.208601659264453E-004  1.146743882663106E-004  1.112786019473529E-004  1.076277310938070E-004  1.036610480178762E-004  1.010931323406268E-004  9.928635316851911E-005  9.640537781988829E-005  9.434775721956531E-005  9.099756275655611E-005  8.853458867189975E-005  8.721310256196454E-005  8.581718946030730E-005  8.433114778410183E-005  8.273271930644914E-005  8.098834381806719E-005  7.679872932032509E-005  7.403673304052651E-005  7.007906973688486E-005
   709.000099328716       1.441194212395243E-004  1.400727890759114E-004  1.357549329813227E-004  1.311130494273293E-004  1.260801005784050E-004  1.205604193029311E-004  1.144136697858716E-004  1.110391870650099E-004  1.074110110319758E-004  1.034688160187169E-004  1.009164617243691E-004  9.912055221055137E-005  9.625671551172712E-005  9.421105214360487E-005  9.087991989925834E-005  8.843049606358144E-005  8.711611752146504E-005  8.572756860811900E-005  8.424920501139257E-005  8.265878714168090E-005  8.092286752160129E-005  7.675209699411576E-005  7.400117985667578E-005  7.005712030818900E-005
   711.000099608910       1.417331943624448E-004  1.377604385200414E-004  1.335280462076554E-004  1.289852805525779E-004  1.240677049136419E-004  1.186853808584506E-004  1.127037458930284E-004  1.094250041549250E-004  1.059035225714235E-004  1.020809988999408E-004  9.960788960750883E-005  9.786840546640728E-005  9.509528134486918E-005  9.311470731632570E-005  8.988930368246950E-005  8.751677626014192E-005  8.624303445411638E-005  8.489676911732532E-005  8.346249095365874E-005  8.191815577325809E-005  8.023050958073101E-005  7.616370308350801E-005  7.346856914380673E-005  6.958116716682720E-005
   713.000099889104       1.427606136970487E-004  1.387723154881045E-004  1.345147236098270E-004  1.299405527941667E-004  1.249822387283123E-004  1.195489560235284E-004  1.135011384073065E-004  1.101827115016288E-004  1.066161333376285E-004  1.027424229194952E-004  1.002352036820189E-004  9.847135893029815E-005  9.565900595037530E-005  9.365029873398116E-005  9.037935845614110E-005  8.797399127999666E-005  8.668302128115789E-005  8.531896400541790E-005  8.386631388408666E-005  8.230300909393744E-005  8.059584586719910E-005  7.648892813844726E-005  7.377423725649887E-005  6.987051402736068E-005
   715.000100169298       1.423656445982681E-004  1.384068530233216E-004  1.341804912872406E-004  1.296397368991237E-004  1.247169243335020E-004  1.193203766209074E-004  1.133127307133979E-004  1.100156550179260E-004  1.064712203739284E-004  1.026205712350343E-004  1.001278299748843E-004  9.837360860854373E-005  9.557617827621566E-005  9.357762637353623E-005  9.032230792843048E-005  8.792768745625586E-005  8.664219546204156E-005  8.528373202521878E-005  8.383678808986285E-005  8.227938172783572E-005  8.057834616726763E-005  7.648496107266933E-005  7.377843883182798E-005  6.988570308469271E-005
   717.000100449492       1.420349665614579E-004  1.380949466564120E-004  1.338891277867389E-004  1.293695136548493E-004  1.244692663800224E-004  1.190966614196360E-004  1.131155772086075E-004  1.098328853352455E-004  1.063036336137134E-004  1.024691256014673E-004  9.998662227785263E-005  9.823975098369420E-005  9.545386945418838E-005  9.346360052198924E-005  9.022178003669449E-005  8.783705676798289E-005  8.655690926960419E-005  8.520407708966068E-005  8.376313779819305E-005  8.221217013313468E-005  8.051812098916697E-005  7.644116494957423E-005  7.374492142960626E-005  6.986550194625494E-005
   719.000100729685       1.415128754381226E-004  1.375981453182385E-004  1.334190770713893E-004  1.289276155350195E-004  1.240583212354173E-004  1.187205003182397E-004  1.127786742030515E-004  1.095172591288633E-004  1.060115556821950E-004  1.022025079345222E-004  9.973667004554643E-005  9.800147497731579E-005  9.523410915597762E-005  9.325712761430909E-005  9.003663514310810E-005  8.766737221325596E-005  8.639541023202622E-005  8.505109244100525E-005  8.361908797850726E-005  8.207748630136415E-005  8.039333321270832E-005  7.633809889255110E-005  7.365387241039644E-005  6.978699120936389E-005
   721.000101009879       1.411590646670378E-004  1.372710454191244E-004  1.331200512343279E-004  1.286594717997888E-004  1.238217206365902E-004  1.185181519475396E-004  1.126123420453673E-004  1.093702394003402E-004  1.058838828000887E-004  1.020954285509449E-004  9.964204554742502E-005  9.791537516897180E-005  9.516088055749268E-005  9.319251132579096E-005  8.998510143414437E-005  8.762460860084171E-005  8.635705285554870E-005  8.501716329088220E-005  8.358958170880832E-005  8.205243675598687E-005  8.037279394998827E-005  7.632700112603120E-005  7.364811047926151E-005  6.978810978719174E-005
   723.000101290073       1.406643269940427E-004  1.368018026863890E-004  1.326795017475007E-004  1.282473854249582E-004  1.234406603801391E-004  1.181716472006607E-004  1.123039735171936E-004  1.090829725266544E-004  1.056192348436976E-004  1.018548527003797E-004  9.941704774451602E-005  9.770126507099703E-005  9.496394050460911E-005  9.300768245507791E-005  8.981962853166438E-005  8.747303766899047E-005  8.621279044803063E-005  8.488049339628017E-005  8.346083367308483E-005  8.193200459895892E-005  8.026111789229888E-005  7.623456412466457E-005  7.356638547799712E-005  6.971768922955784E-005
   725.000101570267       1.399605811914452E-004  1.361282808900135E-004  1.320395669584566E-004  1.276443826115737E-004  1.228822993576270E-004  1.176619283512542E-004  1.118508831142174E-004  1.086615970439830E-004  1.052330748877196E-004  1.015074358921226E-004  9.909497737203642E-005  9.739717135120273E-005  9.468873005578679E-005  9.275308943357709E-005  8.959865207677518E-005  8.727656776505522E-005  8.602937432942116E-005  8.471074279668380E-005  8.330546897845345E-005  8.179188799812089E-005  8.013731584463842E-005  7.614813646306050E-005  7.350285146603347E-005  6.968414425694732E-005
   727.000101850461       1.398744402178982E-004  1.360619657871227E-004  1.319935487491598E-004  1.276198330652521E-004  1.228780859067159E-004  1.176781471550343E-004  1.118870738501731E-004  1.087070304567258E-004  1.052866492178159E-004  1.015683921294768E-004  9.915972776217582E-005  9.746385467433326E-005  9.475764823363764E-005  9.282291430409167E-005  8.966863980989885E-005  8.734568617854249E-005  8.609772593105152E-005  8.477804863422510E-005  8.337145809188398E-005  8.185623791818424E-005  8.019970224703375E-005  7.620565123519742E-005  7.355776610356248E-005  6.973755938609962E-005
   729.000102130655       1.391522544433975E-004  1.353649082211715E-004  1.313234779408475E-004  1.269805298460801E-004  1.222732541462203E-004  1.171125814341119E-004  1.113675480466000E-004  1.082143063635594E-004  1.048236795912317E-004  1.011389262126688E-004  9.875246050323111E-005  9.707269267866266E-005  9.439262715180912E-005  9.247694822387927E-005  8.935415115420665E-005  8.705461727793037E-005  8.581924535249316E-005  8.451285503734291E-005  8.312033299281791E-005  8.162008967014956E-005  7.997956710071692E-005  7.602148858718255E-005  7.339407272561022E-005  6.959616724069313E-005
   731.000102410849       1.388321914235067E-004  1.350679850630486E-004  1.310502638282373E-004  1.267331218123753E-004  1.220525465742132E-004  1.169198029890527E-004  1.112043120477451E-004  1.080660585754562E-004  1.046911367002696E-004  1.010222971737816E-004  9.864564237324704E-005  9.697231225051267E-005  9.430195676509107E-005  9.239269695518129E-005  8.927953407925884E-005  8.698628061092109E-005  8.575398579066887E-005  8.445064158828544E-005  8.306107512088748E-005  8.156367632051334E-005  7.992585777162771E-005  7.597232488668527E-005  7.334617714261041E-005  6.954717807248538E-005
   733.000102691042       1.384032401085902E-004  1.346656459534034E-004  1.306746881941649E-004  1.263861729150250E-004  1.217367198336640E-004  1.166381566451235E-004  1.109603319834098E-004  1.078432000593435E-004  1.044906405681980E-004  1.008459584492561E-004  9.848476106569208E-005  9.682239874339253E-005  9.416931618253347E-005  9.227221657235062E-005  8.917848114452614E-005  8.689923355190713E-005  8.567433349346379E-005  8.437867724527390E-005  8.299716835924999E-005  8.150829215398900E-005  7.987959142546431E-005  7.594720885689990E-005  7.333456328794111E-005  6.955473997394017E-005
   735.000102971236       1.381097029096823E-004  1.343965403293780E-004  1.304305824040516E-004  1.261696599309101E-004  1.215481403879762E-004  1.164803667060961E-004  1.108347583936435E-004  1.077340192669836E-004  1.043982867983527E-004  1.007707718998544E-004  9.841992343400937E-005  9.676431919481759E-005  9.412144228111740E-005  9.223113356840778E-005  8.914745530041246E-005  8.687484004793514E-005  8.565324231637491E-005  8.436087601641387E-005  8.298271103548675E-005  8.149722243711071E-005  7.987202776700281E-005  7.594749482116452E-005  7.333987682022444E-005  6.956733818821439E-005
   737.000103251430       1.376757617022978E-004  1.339863820688794E-004  1.300480124486994E-004  1.258143241590408E-004  1.212247797716163E-004  1.161907483150843E-004  1.105832236834268E-004  1.075033503420264E-004  1.041899361036584E-004  1.005864481073394E-004  9.825104456762261E-005  9.660626526364616E-005  9.398048983913210E-005  9.210219720405947E-005  8.903781518098408E-005  8.677907803776729E-005  8.556480806102586E-005  8.428008736201123E-005  8.290993056843995E-005  8.143291472435986E-005  7.981677952566678E-005  7.591326480379058E-005  7.331900664808937E-005  6.956545409134091E-005
   739.000103531624       1.370685796799746E-004  1.334010675188893E-004  1.294877954720484E-004  1.252816623258351E-004  1.207214036157972E-004  1.157215704664919E-004  1.101532532495027E-004  1.070954475396149E-004  1.038065913561923E-004  1.002305701866430E-004  9.791339368052157E-005  9.628171902674253E-005  9.367702167741024E-005  9.181420592685276E-005  8.877526949882726E-005  8.653550635591900E-005  8.533145496254061E-005  8.405757161310879E-005  8.269890836032152E-005  8.123415456677411E-005  7.963121233205650E-005  7.575757420798617E-005  7.318057274947975E-005  6.944616316142840E-005
   741.000103811818       1.364086461495020E-004  1.327663016406930E-004  1.288788046290093E-004  1.247022176292859E-004  1.201752143406909E-004  1.152126581124277E-004  1.096878906903212E-004  1.066553893869734E-004  1.033946088111056E-004  9.984977485967043E-005  9.755337407207072E-005  9.593650621410096E-005  9.335578703868104E-005  9.151018267558842E-005  8.849963526883569E-005  8.628076351653791E-005  8.508785841489587E-005  8.382565177152961E-005  8.247927041840521E-005  8.102751225420591E-005  7.943835000540882E-005  7.559529339703133E-005  7.303550995951992E-005  6.931988911031337E-005
   743.000104092012       1.355942388433075E-004  1.319922177643096E-004  1.281478855516182E-004  1.240178307739474E-004  1.195433801692196E-004  1.146388126081346E-004  1.091797580948643E-004  1.061834137256530E-004  1.029613557144430E-004  9.945887366663945E-005  9.718953039826057E-005  9.559166469560043E-005  9.304087764358246E-005  9.121641097831270E-005  8.823944824565063E-005  8.604458994578102E-005  8.486428494642947E-005  8.361514038719668E-005  8.228234050532088E-005  8.084476704508515E-005  7.927053432481247E-005  7.546034239946537E-005  7.291926172975799E-005  6.922497730202135E-005
   745.000104372205       1.354792506017999E-004  1.318914101045919E-004  1.280610983556580E-004  1.239443626566905E-004  1.194827003761962E-004  1.145921455171195E-004  1.091469016545107E-004  1.061575686155041E-004  1.029420903176696E-004  9.944577300378194E-005  9.718019802982680E-005  9.558458854191789E-005  9.303703935934902E-005  9.121461673115552E-005  8.824058950693823E-005  8.604755855594097E-005  8.486813728743335E-005  8.361983887053963E-005  8.228791408801568E-005  8.085121855519505E-005  7.927792243834197E-005  7.547017873657096E-005  7.293121169174653E-005  6.924142317198265E-005
   747.000104652399       1.344616947263820E-004  1.309113133992880E-004  1.271231321025084E-004  1.230540653253240E-004  1.186474239104850E-004  1.138196034259969E-004  1.084480932037931E-004  1.055009988058073E-004  1.023319576021594E-004  9.888751464308046E-005  9.665573718196649E-005  9.508402275807345E-005  9.257470851602863E-005  9.077943050333287E-005  8.784901538459063E-005  8.568728496470034E-005  8.452427544475370E-005  8.329294195636430E-005  8.197856569025078E-005  8.056008313421176E-005  7.900569416423183E-005  7.523816396637852E-005  7.272060660635566E-005  6.905304062098321E-005
   749.000104932593       1.344081923639716E-004  1.308719083160225E-004  1.271009537887759E-004  1.230496159513613E-004  1.186590136429622E-004  1.138475359190189E-004  1.084910061113020E-004  1.055502818389544E-004  1.023871676350520E-004  9.894708008455478E-005  9.671722340417431E-005  9.514650777858909E-005  9.263798630638598E-005  9.084281063955297E-005  8.791170173362785E-005  8.574893526128383E-005  8.458523991774709E-005  8.335313146459451E-005  8.203789106448736E-005  8.061848561227825E-005  7.906319848629446E-005  7.529461628340121E-005  7.277791160485555E-005  6.911475666350245E-005
   751.000105212787       1.343551371855942E-004  1.308318346648985E-004  1.270708447769546E-004  1.230297502211827E-004  1.186494125112773E-004  1.138456440414086E-004  1.084955233382117E-004  1.055573659264981E-004  1.023960980768881E-004  9.895755965952233E-005  9.672826647947934E-005  9.515779221482642E-005  9.264950660527543E-005  9.085440513913931E-005  8.792325057403475E-005  8.576037231186605E-005  8.459659380509655E-005  8.336443344933957E-005  8.204915882392373E-005  8.062977097074973E-005  7.907457967554408E-005  7.530674469853622E-005  7.279103714884176E-005  6.912991449300184E-005
   753.000105492981       1.340456991827934E-004  1.305432200527244E-004  1.268039695638147E-004  1.227872396205309E-004  1.184308808112018E-004  1.136543247872402E-004  1.083331289392028E-004  1.054102958141847E-004  1.022653858645226E-004  9.884388417574570E-005  9.662538580745417E-005  9.506236587167300E-005  9.256567455440514E-005  9.077865100932662E-005  8.786017172874229E-005  8.570634287410379E-005  8.454733182842748E-005  8.332011070421386E-005  8.201005186527616E-005  8.059618402960644E-005  7.904697609027499E-005  7.529341450922032E-005  7.278730332378900E-005  6.914060688824339E-005
   755.000105773175       1.337881553493797E-004  1.303092490877919E-004  1.265937870282578E-004  1.226000863826763E-004  1.182701699834014E-004  1.135209404597668E-004  1.082279229176065E-004  1.053201828263154E-004  1.021899873660606E-004  9.878375886344161E-005  9.657454030669848E-005  9.501766076419992E-005  9.253016554879532E-005  9.074924405403860E-005  8.783997868931249E-005  8.569225730748080E-005  8.453633910267903E-005  8.331223458358600E-005  8.200532922440651E-005  8.059472475705553E-005  7.904894502247601E-005  7.530346763269286E-005  7.280305585016960E-005  6.916609097592026E-005
   757.000106053368       1.333055103788668E-004  1.298472470777960E-004  1.261533741695550E-004  1.221844470023785E-004  1.178796045901673E-004  1.131587829942775E-004  1.078982260928484E-004  1.050076255995630E-004  1.018971340439946E-004  9.851210553038546E-005  9.631663458863728E-005  9.476952803942979E-005  9.229778424684733E-005  9.052809936924510E-005  8.763730344580054E-005  8.550322762680812E-005  8.435457821000677E-005  8.313813951814796E-005  8.183935327341538E-005  8.043737585185828E-005  7.890082611648606E-005  7.517617349140832E-005  7.268770492992066E-005  6.906375568548180E-005
   759.000106333562       1.329317259375009E-004  1.294951516752055E-004  1.258256345591067E-004  1.218815392913581E-004  1.176060663785290E-004  1.129159940289251E-004  1.076898930815577E-004  1.048180023041943E-004  1.017269628762484E-004  9.836276150138218E-005  9.618044331933634E-005  9.464249143799770E-005  9.218488016342132E-005  9.042502692873737E-005  8.754957508245892E-005  8.542618292407045E-005  8.428312461257038E-005  8.307241039047050E-005  8.177953130483605E-005  8.038369924660648E-005  7.885361700808071E-005  7.514354051861577E-005  7.266413513211627E-005  6.905294941805503E-005
   761.000106613756       1.325030713204832E-004  1.290883564801401E-004  1.254421601007330E-004  1.215230713972053E-004  1.172727240062463E-004  1.126104794945687E-004  1.074158067365392E-004  1.045611917717304E-004  1.014888646507411E-004  9.814479933371546E-005  9.597562424919991E-005  9.444671189379108E-005  9.200372093692839E-005  9.025425736674132E-005  8.739565254195125E-005  8.528465076635297E-005  8.414815479436483E-005  8.294435248957794E-005  8.165876947725426E-005  8.027070384109228E-005  7.874895853859503E-005  7.505801401781502E-005  7.259021697831122E-005  6.899367397425634E-005
   763.000106893950       1.320790169615699E-004  1.286865606497999E-004  1.250649961129791E-004  1.211722610400786E-004  1.169509801637226E-004  1.123217067565936E-004  1.071626226336275E-004  1.043276164091772E-004  1.012756502353884E-004  9.795389584064311E-005  9.579887124578109E-005  9.427983812497297E-005  9.185216531656419E-005  9.011344061494699E-005  8.727179162399763E-005  8.517274802807094E-005  8.404247200641807E-005  8.284506636109344E-005  8.156610163391893E-005  8.018490042531724E-005  7.867034321621016E-005  7.499529661119967E-005  7.253683671120500E-005  6.895201130059525E-005
   765.000107174144       1.315455698795634E-004  1.281727089144101E-004  1.245732415190891E-004  1.207049792106537E-004  1.165115477503295E-004  1.119120403647727E-004  1.067871695329924E-004  1.039714737799453E-004  1.009409780894522E-004  9.764256016892895E-005  9.550307554133741E-005  9.399515589562122E-005  9.158515466161281E-005  8.985921719644927E-005  8.703853752835888E-005  8.495492218581239E-005  8.383292078119551E-005  8.264418758135312E-005  8.137438824207305E-005  8.000290918431240E-005  7.849868992620940E-005  7.484665092063350E-005  7.240108162162842E-005  6.882980639901194E-005
   767.000107454338       1.308812287617706E-004  1.275320141242517E-004  1.239579298615505E-004  1.201160602921092E-004  1.159530050661279E-004  1.113882856509535E-004  1.063051789361577E-004  1.035138277595429E-004  1.005102795765223E-004  9.724255696455603E-005  9.512349060265476E-005  9.363022709695806E-005  9.124430708012649E-005  8.953586979202091E-005  8.674429481509686E-005  8.468238568897784E-005  8.357210064916540E-005  8.239576316498153E-005  8.113913214647853E-005  7.978174056411577E-005  7.829268635012584E-005  7.467536789943944E-005  7.225041377666881E-005  6.870370389274285E-005
   769.000107734532       1.306197748751548E-004  1.272899226215722E-004  1.237380240372565E-004  1.199185543965679E-004  1.157801741139344E-004  1.112417887349401E-004  1.061866643036653E-004  1.034095352787579E-004  1.004208524152413E-004  9.716838741076097E-005  9.505872309614849E-005  9.357177478925861E-005  9.119545140181316E-005  8.949352585206742E-005  8.671179192261889E-005  8.465659536919407E-005  8.354971892724641E-005  8.237685422568425E-005  8.112374794167499E-005  7.977000090298032E-005  7.828477653500292E-005  7.467627806043622E-005  7.225725524980503E-005  6.872009709024088E-005
   771.000108014725       1.301836309623081E-004  1.268754280414802E-004  1.233438447143841E-004  1.195495840565959E-004  1.154361853065495E-004  1.109262119183360E-004  1.059026471554753E-004  1.031424739366542E-004  1.001721371316487E-004  9.693904848157204E-005  9.484165890251363E-005  9.336319758355167E-005  9.100003661658161E-005  8.930715797362737E-005  8.653947063579426E-005  8.449392982781277E-005  8.339196045808501E-005  8.222403042552418E-005  8.097588285663043E-005  7.962708830862632E-005  7.814676407314736E-005  7.454742257072193E-005  7.213198758109159E-005  6.859597072060527E-005
   773.000108294919       1.299976809455376E-004  1.267105409777753E-004  1.232013081700914E-004  1.194297535966356E-004  1.153404065716462E-004  1.108540960902459E-004  1.058549036095873E-004  1.031070517621640E-004  1.001488597229280E-004  9.692792595786655E-005  9.483751503657301E-005  9.336369395950520E-005  9.100736517627155E-005  8.931895005947171E-005  8.655799418826903E-005  8.451701379174374E-005  8.341741177458342E-005  8.225193921725057E-005  8.100641301759063E-005  7.966047642602326E-005  7.818341509371905E-005  7.459319805765198E-005  7.218548197826001E-005  6.866392870613947E-005
   775.000108575113       1.295219631205914E-004  1.262544150590993E-004  1.227672516456947E-004  1.190189628013962E-004  1.149547308778158E-004  1.104963699246191E-004  1.055292567558687E-004  1.027994414062356E-004  9.986077854235576E-005  9.666142828908099E-005  9.458526780848676E-005  9.312154953849378E-005  9.078146027661604E-005  8.910479673902573E-005  8.636303888879241E-005  8.433624006684348E-005  8.324425843305831E-005  8.208683467751046E-005  8.084983297241035E-005  7.951300867632115E-005  7.804574675641368E-005  7.447805045218127E-005  7.208384861346611E-005  6.857879562498828E-005
   777.000108855307       1.262571360148735E-004  1.231546392656973E-004  1.198429756036961E-004  1.162827415262988E-004  1.124208942296590E-004  1.081830760421394E-004  1.034556796807801E-004  1.008556347510729E-004  9.805358722054788E-005  9.499895633318353E-005  9.301400263883670E-005  9.161318047563692E-005  8.937080550792815E-005  8.776183587572027E-005  8.512576286748389E-005  8.317259203706554E-005  8.211841990541887E-005  8.099960485243546E-005  7.980197470250196E-005  7.850537407012830E-005  7.707921769931795E-005  7.359665162302650E-005  7.124667238309935E-005  6.778793397883640E-005
   779.000109135501       1.288431568135759E-004  1.256176604389365E-004  1.221747465233481E-004  1.184738051466557E-004  1.144611321177331E-004  1.100581344546964E-004  1.051509635430727E-004  1.024530360664367E-004  9.954808085438274E-005  9.638402246796495E-005  9.432977748351847E-005  9.288119672711657E-005  9.056438389163473E-005  8.890378187884803E-005  8.618692462632453E-005  8.417744853874008E-005  8.309433008355816E-005  8.194600279106992E-005  8.071833944324908E-005  7.939116014458714E-005  7.793397064571430E-005  7.438866137404729E-005  7.200807444332228E-005  6.852158076656744E-005
   781.000109415695       1.284023172096122E-004  1.251956069811469E-004  1.217725225772670E-004  1.180929966229073E-004  1.141039741274595E-004  1.097276087709606E-004  1.048495394077903E-004  1.021680174038802E-004  9.928075243163359E-005  9.613643542490954E-005  9.409527145148763E-005  9.265586213844208E-005  9.035383787773539E-005  8.870389593025688E-005  8.600445699094136E-005  8.400783656599466E-005  8.293163386717897E-005  8.179059314373090E-005  8.057065971633885E-005  7.925175499482564E-005  7.780347652652999E-005  7.427874677834483E-005  7.191061004506542E-005  6.843940976858072E-005
   783.000109695888       1.277641879834061E-004  1.245786115372747E-004  1.211782382629840E-004  1.175249863329809E-004  1.135645324625515E-004  1.092211101907280E-004  1.043825751191335E-004  1.017242685842600E-004  9.886213359910350E-005  9.574633251936747E-005  9.372421177027532E-005  9.229841915065978E-005  9.001867512424166E-005  8.838483392713156E-005  8.571208374268315E-005  8.373526674279952E-005  8.266974636033374E-005  8.153992278152789E-005  8.033189645714756E-005  7.902563266693487E-005  7.759089365275384E-005  7.409660518064621E-005  7.174594995232161E-005  6.829433851221010E-005
   785.000109976082       1.271475766395621E-004  1.239871227754651E-004  1.206142170481587E-004  1.169910472169282E-004  1.130639388044085E-004  1.087590913733638E-004  1.039637957036229E-004  1.013295670474187E-004  9.849406124436841E-005  9.540721744792954E-005  9.340402743392728E-005  9.199145856943330E-005  8.973281558498185E-005  8.811400190300343E-005  8.546545624136661E-005  8.350613122072399E-005  8.244981461538728E-005  8.132960804387742E-005  8.013159385533865E-005  7.883583206319136E-005  7.741216447321727E-005  7.394215275531598E-005  7.160504935356320E-005  6.816818368324211E-005
   787.000110256276       1.264286478014478E-004  1.233203428741312E-004  1.200021047245889E-004  1.164364581955434E-004  1.125705047969761E-004  1.083303013381572E-004  1.036038531323698E-004  1.010053935278691E-004  9.820671518148837E-005  9.515741520480188E-005  9.317699223528710E-005  9.177984543284500E-005  8.954442607444850E-005  8.794112166912941E-005  8.531596291804255E-005  8.337222050149544E-005  8.232370829869532E-005  8.121131896219438E-005  8.002113536713441E-005  7.873324250123716E-005  7.731750904869671E-005  7.386410201709542E-005  7.153648729634297E-005  6.811256876673556E-005
   789.000110536470       1.257821166001248E-004  1.227092204376120E-004  1.194270869568890E-004  1.159011230979273E-004  1.120763039846484E-004  1.078801876714848E-004  1.032012150984340E-004  1.006283015898183E-004  9.785641725390201E-005  9.483587727972426E-005  9.287392148400815E-005  9.148959141355591E-005  8.927435515177958E-005  8.768527675921118E-005  8.508290268067443E-005  8.315557603914382E-005  8.211570642625001E-005  8.101231767097130E-005  7.983153968978477E-005  7.855350692994617E-005  7.714819047283689E-005  7.371786170599837E-005  7.140338542159592E-005  6.799430925029924E-005
   791.000110816664       1.259086086746159E-004  1.228081211305890E-004  1.195007608643222E-004  1.159468274484662E-004  1.120953931461388E-004  1.078741496809761E-004  1.031732164134079E-004  1.005903945689495E-004  9.781029815637512E-005  9.478346168177243E-005  9.281891226373954E-005  9.143345663690599E-005  8.921766358486297E-005  8.762923633625341E-005  8.502949880232211E-005  8.310542035118730E-005  8.206775048988721E-005  8.096700102428565E-005  7.978940125492426E-005  7.851522000987588E-005  7.711455799978789E-005  7.369705062994385E-005  7.139194230792556E-005  6.799643937447316E-005
   793.000111096858       1.256316252459631E-004  1.225398054274265E-004  1.192431839380559E-004  1.157007983588530E-004  1.118624823715151E-004  1.076540640475945E-004  1.029675724802380E-004  1.003934297478465E-004  9.762285945339559E-005  9.460681630005944E-005  9.264962005959784E-005  9.126949656585392E-005  8.906256069857540E-005  8.748066422909522E-005  8.489217769061605E-005  8.297677335277617E-005  8.194389564664664E-005  8.084831122031660E-005  7.967628782030177E-005  7.840818097532168E-005  7.701421389954627E-005  7.361277967991752E-005  7.131790378912792E-005  6.793602936536068E-005
   795.000111377051       1.247926465041940E-004  1.217479029277479E-004  1.185005307988534E-004  1.150125348438811E-004  1.112330075496102E-004  1.070894091851433E-004  1.024742966338714E-004  9.993820273562238E-005  9.720804797741553E-005  9.423473027130581E-005  9.230439022717799E-005  9.094282947452845E-005  8.876463209703462E-005  8.720256691018460E-005  8.464498219979396E-005  8.275110399400405E-005  8.172930291817751E-005  8.064502772256494E-005  7.948458984688463E-005  7.822839380478351E-005  7.684671630524254E-005  7.347143578248208E-005  7.119081694463466E-005  6.782456018429031E-005
   797.000111657245       1.252778479419673E-004  1.222267386647061E-004  1.189699341935510E-004  1.154693714828341E-004  1.116742215121908E-004  1.075105926548454E-004  1.028690165319940E-004  1.003165757732826E-004  9.756707700825425E-005  9.457100925253580E-005  9.262481836911775E-005  9.125172568527301E-005  8.905433364408024E-005  8.747808645782078E-005  8.489666655829940E-005  8.298483022396236E-005  8.195335834886185E-005  8.085892716182289E-005  7.968776796261933E-005  7.842029527210880E-005  7.702675345680634E-005  7.362632349962255E-005  7.133333298776594E-005  6.795804635157273E-005
   799.000111937439       1.235575680896930E-004  1.205865606391304E-004  1.174189199073192E-004  1.140150703326534E-004  1.103243606137592E-004  1.062774111736057E-004  1.017662503104994E-004  9.928524254067463E-005  9.661244812132161E-005  9.369901612218587E-005  9.180583183343963E-005  9.046974870135450E-005  8.833069989903778E-005  8.679556452824435E-005  8.427967502261261E-005  8.241467150233036E-005  8.140772260754065E-005  8.033862015684096E-005  7.919376915703160E-005  7.795362994547980E-005  7.658863266432668E-005  7.324965380414003E-005  7.099004189803854E-005  6.765016714811885E-005
   801.000112217633       1.243935185237938E-004  1.213800537709815E-004  1.181625218527245E-004  1.147061496999709E-004  1.109581453388156E-004  1.068478679086692E-004  1.022664134864665E-004  9.974759791167414E-005  9.703440480884605E-005  9.407804323084919E-005  9.215785732258039E-005  9.080310105919230E-005  8.863505920107301E-005  8.707972840756316E-005  8.453239987166177E-005  8.264554523146710E-005  8.162738044965107E-005  8.054688321683254E-005  7.939045407267478E-005  7.813857139721146E-005  7.676171446521585E-005  7.339920350049948E-005  7.112876837588142E-005  6.778096702174349E-005
   803.000112497827       1.239126914583456E-004  1.209176043327367E-004  1.177201903214178E-004  1.142855197493471E-004  1.105629582666293E-004  1.064796741074034E-004  1.019294435163374E-004  9.942809094071797E-005  9.673417840136406E-005  9.379918083900858E-005  9.189299030451621E-005  9.054805108277972E-005  8.839592285995599E-005  8.685208436443029E-005  8.432355201116333E-005  8.245056594749809E-005  8.143985051094222E-005  8.036721685859132E-005  7.921911069521028E-005  7.797612052804249E-005  7.660884249949838E-005  7.326833653328634E-005  7.101110599884115E-005  6.767929468651553E-005
   805.000112778021       1.236484316106991E-004  1.206709756852430E-004  1.174938047434433E-004  1.140777874752638E-004  1.103750167132146E-004  1.063131805406796E-004  1.017855358164144E-004  9.929631286235227E-005  9.661464848342600E-005  9.369244659376168E-005  9.179414956809715E-005  9.045461448716743E-005  8.831074169787801E-005  8.677257910516927E-005  8.425281536103573E-005  8.238591048033670E-005  8.137833937009184E-005  8.030892905314207E-005  7.916416062312453E-005  7.792465252586007E-005  7.656106433390207E-005  7.322911676034321E-005  7.097750480184981E-005  6.765417260004713E-005
   807.000113058214       1.232134903719186E-004  1.202552936574186E-004  1.170974127103764E-004  1.137052006344953E-004  1.100269525978295E-004  1.059928603895818E-004  1.014962887609752E-004  9.902395443459127E-005  9.636086713800683E-005  9.345861977638764E-005  9.157317061787385E-005  9.024271358965562E-005  8.811316891283043E-005  8.658515209640429E-005  8.408170705455985E-005  8.222660660661645E-005  8.122526577356328E-005  8.016234405282378E-005  7.902437635284164E-005  7.779203937859818E-005  7.643607520782437E-005  7.312129241810719E-005  7.087982746116736E-005  6.756885708849583E-005
   809.000113338408       1.228552746999299E-004  1.199140969299912E-004  1.167761507740518E-004  1.134029397466992E-004  1.097458350025644E-004  1.057347989221140E-004  1.012633082338035E-004  9.880482466870730E-005  9.615659874533289E-005  9.327017931467397E-005  9.139500668648301E-005  9.007161908255398E-005  8.795334237284594E-005  8.643328653951358E-005  8.394266275164698E-005  8.209688419777132E-005  8.110049107515143E-005  8.004276509781972E-005  7.891027595804099E-005  7.768375527460419E-005  7.633402806897055E-005  7.303368601506305E-005  7.080113781269244E-005  6.750176843860153E-005
   811.000113618602       1.225720361465548E-004  1.196497354878829E-004  1.165315821309456E-004  1.131803521823177E-004  1.095455503238248E-004  1.055585040717717E-004  1.011129641433995E-004  9.866843480389979E-005  9.603391736509137E-005  9.316236612091786E-005  9.129629839507917E-005  8.997907535529050E-005  8.787026079054013E-005  8.635671236822048E-005  8.387601520394689E-005  8.203701408408495E-005  8.104408903791424E-005  7.998989427999310E-005  7.886099963314674E-005  7.763818250443034E-005  7.629230281220311E-005  7.300056216191748E-005  7.077341755898019E-005  6.748199730077916E-005
   813.000113898796       1.222780860410488E-004  1.193737020514796E-004  1.162726135201249E-004  1.129392448343639E-004  1.093242466621540E-004  1.053590221032552E-004  1.009367357096102E-004  9.850435264013258E-005  9.588310610466721E-005  9.302520505940836E-005  9.116769263877312E-005  8.985643912004802E-005  8.775675955819480E-005  8.624945536542037E-005  8.377862919703499E-005  8.194657991837574E-005  8.095724262920680E-005  7.990676215002036E-005  7.878173717571734E-005  7.756297080327887E-005  7.622140153115881E-005  7.293963825135223E-005  7.071888855059261E-005  6.743660616072537E-005
   815.000114178990       1.219080023116755E-004  1.190203304736351E-004  1.159375740162581E-004  1.126244319351674E-004  1.090312638440756E-004  1.050889026573694E-004  1.006926162497517E-004  9.827430378855502E-005  9.566811913342735E-005  9.282646191711003E-005  9.097937789849547E-005  8.967534667899508E-005  8.758728717881742E-005  8.608819065380337E-005  8.363054855700894E-005  8.180807103409407E-005  8.082382788311793E-005  7.977869249553849E-005  7.865929251839139E-005  7.744650988583411E-005  7.611135678844263E-005  7.284438580315489E-005  7.063272696250759E-005  6.736214525591760E-005
   817.000114459184       1.215494844509168E-004  1.186778229663524E-004  1.156146034442650E-004  1.123205240181206E-004  1.087491912965865E-004  1.048301998681543E-004  1.004595859143572E-004  9.805522650438427E-005  9.546419192883392E-005  9.263871824833757E-005  9.080192698712652E-005  8.950517366510537E-005  8.742855693040478E-005  8.593753545320295E-005  8.349288454942408E-005  8.167974741399688E-005  8.070043930370718E-005  7.966045808305118E-005  7.854645601734676E-005  7.733938007197660E-005  7.601033036265012E-005  7.275729695458913E-005  7.055414619457697E-005  6.729454449247378E-005
   819.000114739378       1.199366266010938E-004  1.171176345239781E-004  1.141124949425012E-004  1.108867211251756E-004  1.073911544866085E-004  1.035608929980718E-004  9.929464977441741E-005  9.694936048203244E-005  9.442325261143053E-005  9.166994177973604E-005  8.988062666453876E-005  8.861757912750426E-005  8.659499217556800E-005  8.514268170358036E-005  8.276095384063471E-005  8.099357865734112E-005  8.003853609739820E-005  7.902383154803662E-005  7.793622606879981E-005  7.675679201856545E-005  7.545676689360314E-005  7.226644771694234E-005  7.009705907549011E-005  6.687191216447268E-005
   821.000115019571       1.201281253827178E-004  1.172816086433968E-004  1.142497623511054E-004  1.109972033251246E-004  1.074784055100244E-004  1.036272444076229E-004  9.934256053966800E-005  9.698991265883986E-005  9.445700629194560E-005  9.169765253936365E-005  8.990529288187805E-005  8.864032184591687E-005  8.661531014557925E-005  8.516179140650949E-005  8.277896705380836E-005  8.101161698997709E-005  8.005687445137768E-005  7.904272853808284E-005  7.795604167491401E-005  7.677794601373779E-005  7.547983976497968E-005  7.229609056088860E-005  7.013231374294688E-005  6.691603682089535E-005
   823.000115299765       1.196958491570055E-004  1.168766673633352E-004  1.138724339267920E-004  1.106506389059647E-004  1.071639160313943E-004  1.033465091994857E-004  9.909848043331885E-005  9.676471043092708E-005  9.425181677450846E-005  9.151335461894483E-005  8.973387484226923E-005  8.847786659767493E-005  8.646646416368594E-005  8.502221873433857E-005  8.265371590432745E-005  8.089619937193599E-005  7.994649632043197E-005  7.893746773621880E-005  7.785599003632466E-005  7.668323776498340E-005  7.539065242520027E-005  7.221894646287774E-005  7.006234955321298E-005  6.685582521898346E-005
   825.000115579959       1.195887323389285E-004  1.167722682243652E-004  1.137741760920973E-004  1.105569726341539E-004  1.070754357530060E-004  1.032635510939883E-004  9.902050010719849E-005  9.668883410419551E-005  9.417773850401130E-005  9.144069235065151E-005  8.966161388346768E-005  8.840563241369017E-005  8.639395707831697E-005  8.494927533481411E-005  8.257946710086714E-005  8.082059057763296E-005  7.987001445345654E-005  7.886000117847388E-005  7.777733700032063E-005  7.660321632149385E-005  7.530902517246420E-005  7.213330813798199E-005  6.997428087087504E-005  6.676534464708145E-005
   827.000115860153       1.203532314268401E-004  1.175149297345709E-004  1.144892200632273E-004  1.112404112224110E-004  1.077229485712176E-004  1.038681862581772E-004  9.957471250017670E-005  9.721453818317021E-005  9.467189336226671E-005  9.189971148963549E-005  9.009783661845137E-005  8.882563106638859E-005  8.678811160188367E-005  8.532515961026553E-005  8.292597621081856E-005  8.114607983268447E-005  8.018456261860634E-005  7.916329248743426E-005  7.806909614069988E-005  7.688317034020641E-005  7.557701480844752E-005  7.237774105688899E-005  7.020849879198778E-005  6.699395605423460E-005
   829.000116140347       1.199400315500321E-004  1.171194215796514E-004  1.141132017732774E-004  1.108859662033432E-004  1.073898746970884E-004  1.035602976900941E-004  9.929453243794133E-005  9.694949077157713E-005  9.442295359598172E-005  9.166852727582072E-005  8.987800612451169E-005  8.861379536799347E-005  8.658916947127272E-005  8.513517369519884E-005  8.275069724271688E-005  8.098147569734866E-005  8.002557749111543E-005  7.901019082572976E-005  7.792215602841660E-005  7.674272976340092E-005  7.544342950936800E-005  7.225925806288427E-005  7.009839231987345E-005  6.689250548061966E-005
   831.000116420541       1.196465480701343E-004  1.168343702240398E-004  1.138358355066589E-004  1.106176961345691E-004  1.071331640029774E-004  1.033151034098183E-004  9.906292584094968E-005  9.672610351818087E-005  9.420849966429989E-005  9.146430102646067E-005  8.968072142420782E-005  8.842151748042904E-005  8.640504111047366E-005  8.495711677859152E-005  8.258275762728850E-005  8.082115002978549E-005  7.986938523612322E-005  7.885836128738169E-005  7.777496229138726E-005  7.660043910347762E-005  7.530634422064530E-005  7.213330912798129E-005  6.997787407173730E-005  6.677531078545673E-005
   833.000116700734       1.185003998725204E-004  1.157337457020656E-004  1.127873174231362E-004  1.096236302276062E-004  1.061987325186913E-004  1.024468372391776E-004  9.826797018481764E-005  9.597124007785864E-005  9.349681296791010E-005  9.079867601309726E-005  8.904449851616477E-005  8.780584547560411E-005  8.582149160966960E-005  8.439595530917186E-005  8.205679050308873E-005  8.031979260835813E-005  7.938068510960952E-005  7.838251167904117E-005  7.731216766498054E-005  7.615082411035534E-005  7.486995371033109E-005  7.172258286098496E-005  6.957843086799932E-005  6.638386902306365E-005
   835.000116980928       1.190861528041766E-004  1.162978630592838E-004  1.133262749442866E-004  1.101355468207398E-004  1.066795598786008E-004  1.028923373583864E-004  9.867344714456607E-005  9.635376352290575E-005  9.385443327904821E-005  9.112896331187826E-005  8.935695660753440E-005  8.810567145830497E-005  8.610129889060329E-005  8.466160082698443E-005  8.229984838023506E-005  8.054690489749232E-005  7.959959133024887E-005  7.859310847222965E-005  7.751441020971594E-005  7.634482943108435E-005  7.505609471119201E-005  7.189687095301677E-005  6.975293837353985E-005  6.657485506750533E-005
   837.000117261122       1.188964536894111E-004  1.161175339675712E-004  1.131537492711004E-004  1.099718598098437E-004  1.065239549246247E-004  1.027437230576560E-004  9.853052571032721E-005  9.621305026847956E-005  9.371482461191090E-005  9.098893931796658E-005  8.921588979588321E-005  8.796351889405880E-005  8.595645660421337E-005  8.451425768086614E-005  8.214723643317174E-005  8.038944679319820E-005  7.943916728334585E-005  7.842927975117869E-005  7.734662730853188E-005  7.617242128319560E-005  7.487814084238583E-005  7.170300549349237E-005  6.954553026506052E-005  6.634003313341651E-005
   839.000117541316       1.184101329107487E-004  1.156398438376710E-004  1.126847706105192E-004  1.095124726302835E-004  1.060748971937579E-004  1.023068896481443E-004  9.810834380096711E-005  9.579911505694059E-005  9.331075917885646E-005  9.059691165687164E-005  8.883236745081571E-005  8.758646916848589E-005  8.559071321206508E-005  8.415748005443713E-005  8.180705556293999E-005  8.006343543052886E-005  7.912159329372660E-005  7.812134186501056E-005  7.704984857163478E-005  7.588877712229179E-005  7.461030000799548E-005  7.147999751996253E-005  6.935775049287403E-005  6.621143369153081E-005
   841.000117821510       1.181196717723844E-004  1.153587930736658E-004  1.124122311195307E-004  1.092483088566630E-004  1.058198221921896E-004  1.020600492644985E-004  9.786871008275459E-005  9.556304395746692E-005  9.307762205026639E-005  9.036681656973298E-005  8.860428284955101E-005  8.735976999841989E-005  8.536664705477021E-005  8.393564217502498E-005  8.159015860180995E-005  7.985157608695065E-005  7.891310782828646E-005  7.791700743718622E-005  7.685068476093747E-005  7.569610602080333E-005  7.442587024404839E-005  7.131994920864371E-005  6.921627525092059E-005  6.609779339237310E-005
   843.000118101704       1.175669060218858E-004  1.148165094070156E-004  1.118855068520252E-004  1.087383903227391E-004  1.053296630069059E-004  1.015959666312878E-004  9.743890704212955E-005  9.515551501286756E-005  9.269760260051713E-005  9.002157238832608E-005  8.828470009408197E-005  8.706005593141516E-005  8.510177412081523E-005  8.369836825166458E-005  8.140280636653911E-005  7.970505047854219E-005  7.878988346254082E-005  7.781943572197472E-005  7.678151429520998E-005  7.565862027705776E-005  7.442413961025060E-005  7.140771391747699E-005  6.936462778629340E-005  6.633344905272478E-005
   845.000118381897       1.155543248355906E-004  1.128999424834398E-004  1.100702827436945E-004  1.070331356434581E-004  1.037454118622140E-004  1.001440859791422E-004  9.613633029955542E-005  9.393514625198856E-005  9.156594660705219E-005  8.898611163963947E-005  8.731131198068676E-005  8.613001792617334E-005  8.424002558086698E-005  8.288444441092751E-005  8.066404048674244E-005  7.901830035143544E-005  7.812947681647055E-005  7.718536539825708E-005  7.617350725872227E-005  7.507598151430827E-005  7.386553553929782E-005  7.088812534967642E-005  6.885426793333597E-005  6.581293063350011E-005
   847.000118662091       1.161142439703105E-004  1.133604644995725E-004  1.104234858364516E-004  1.072710852213470E-004  1.038572936325737E-004  1.001199742676462E-004  9.596305302580706E-005  9.368248344729653E-005  9.123102754084887E-005  8.856679664005799E-005  8.684108618928653E-005  8.562621125824946E-005  8.368732113091416E-005  8.230093997929010E-005  8.003959636996202E-005  7.837259760456197E-005  7.747597269349784E-005  7.652664596981858E-005  7.551294765687748E-005  7.441799121469271E-005  7.321598666305247E-005  7.028337465068374E-005  6.829643485260847E-005  6.534064629865639E-005
   849.000118942285       1.164068605703449E-004  1.137176357890253E-004  1.108554338387308E-004  1.077899205054399E-004  1.044795286882720E-004  1.008657817657100E-004  9.686155206998946E-005  9.467141072879814E-005  9.232141652612614E-005  8.977135050574162E-005  8.812050500683866E-005  8.695804465813869E-005  8.510109798667328E-005  8.377080285827873E-005  8.159318914441313E-005  7.997884255260853E-005  7.910639033316458E-005  7.817889472454151E-005  7.718375185237155E-005  7.610279636359861E-005  7.490843781014437E-005  7.196045139057216E-005  6.993966805503358E-005  6.691152426746791E-005
   851.000119222479       1.129118655047951E-004  1.102221199123173E-004  1.073579159758439E-004  1.042910480339479E-004  1.009781836028892E-004  9.736394270433592E-005  9.336201867440717E-005  9.117587515855883E-005  8.883358770516125E-005  8.629734284579723E-005  8.465987067877714E-005  8.350944435948759E-005  8.167736738443452E-005  8.036998656665635E-005  7.824103554903289E-005  7.667317202711811E-005  7.582987096889416E-005  7.493658908577180E-005  7.398183352411448E-005  7.294886036534275E-005  7.181193833356789E-005  6.901815596587347E-005  6.710316881283600E-005  6.421439473130017E-005
   853.000119502673       1.159969312818695E-004  1.133714473251972E-004  1.105798229719158E-004  1.075968251286360E-004  1.043799243330264E-004  1.008738367961220E-004  9.699117017052443E-005  9.486654079774335E-005  9.258430306662455E-005  9.010184617589775E-005  8.848997939259992E-005  8.735206690363130E-005  8.552812812565560E-005  8.421605513542683E-005  8.205685522307841E-005  8.044616938765259E-005  7.957191940092945E-005  7.863963853166350E-005  7.763607282562315E-005  7.654231021510339E-005  7.532978390592770E-005  7.232384911956713E-005  7.025937738133334E-005  6.717411802256902E-005
   855.000119782867       1.075637991772321E-004  1.049607983858447E-004  1.022060268175921E-004  9.927306577883028E-005  9.613040826028760E-005  9.273464065403276E-005  8.902122595809192E-005  8.701452256618686E-005  8.488279592823333E-005  8.259628474156674E-005  8.113167363122324E-005  8.010773372877820E-005  7.848493640255080E-005  7.733165279269120E-005  7.545872377031935E-005  7.407990469778432E-005  7.333692343402851E-005  7.254784170462224E-005  7.170090904051175E-005  7.077893485393063E-005  6.975514862410986E-005  6.718228066017444E-005  6.535644560495918E-005  6.248907456981281E-005
   857.000120063060       1.166257900649874E-004  1.140724308317336E-004  1.113558165786466E-004  1.084466681471148E-004  1.053025055150093E-004  1.018626141163196E-004  9.803172313483863E-005  9.592306092074625E-005  9.364614002741679E-005  9.115372382972505E-005  8.952570018366514E-005  8.837148217102106E-005  8.651291330430999E-005  8.516934912111784E-005  8.294697697581928E-005  8.128068292661655E-005  8.037368338566438E-005  7.940480201564296E-005  7.836032818236455E-005  7.722076054770154E-005  7.595686334654019E-005  7.282823211293135E-005  7.069123049363827E-005  6.752986949040941E-005
   859.000120343254       1.105703498269879E-004  1.080315595902452E-004  1.053516979387543E-004  1.025067765576544E-004  9.946696515875763E-005  9.618891379718074E-005  9.260565286038546E-005  9.066656558682653E-005  8.860090737795768E-005  8.637437608213609E-005  8.493948954521759E-005  8.393120990462610E-005  8.232266460883224E-005  8.117060138486676E-005  7.928194374040588E-005  7.787692639831023E-005  7.711493720107312E-005  7.630234824841561E-005  7.542709587216444E-005  7.447187102853294E-005  7.341037156197687E-005  7.076012766527762E-005  6.891818940166684E-005  6.612567620456326E-005
   861.000120623448       1.090635990345527E-004  1.065164162326389E-004  1.038282517050435E-004  1.009787540771141E-004  9.793782507916202E-005  9.466599861181061E-005  9.110210180514806E-005  8.918055018967305E-005  8.713992517669583E-005  8.494856197995667E-005  8.354114486264601E-005  8.255448046971069E-005  8.098427967992261E-005  7.986234617446683E-005  7.802723805089851E-005  7.666443357227334E-005  7.592578175244789E-005  7.513815960935454E-005  7.428961424356135E-005  7.336294176160218E-005  7.233194792460878E-005  6.974901088796762E-005  6.794454206383850E-005  6.519641990763117E-005
   863.000120903642       1.173540811561611E-004  1.148883874136610E-004  1.122585752080107E-004  1.094310147844629E-004  1.063601946352160E-004  1.029787702894929E-004  9.918065409398368E-005  9.707321930198903E-005  9.478277568120002E-005  9.225718221177309E-005  9.059676528288994E-005  8.941456554782265E-005  8.750241778342177E-005  8.611396255382473E-005  8.380723687487486E-005  8.207091491484182E-005  8.112393046065037E-005  8.011132352373564E-005  7.901896307276402E-005  7.782691414869147E-005  7.650541511614565E-005  7.324373474024991E-005  7.103016074864461E-005  6.778714930109749E-005
   865.000121183836       1.125815225042748E-004  1.102450326525457E-004  1.077704478810423E-004  1.051327170525170E-004  1.022943667905570E-004  9.920158442487232E-005  9.576619633385558E-005  9.387632389492377E-005  9.183402606180080E-005  8.959345936876196E-005  8.812559522950776E-005  8.708207631590714E-005  8.539587846726974E-005  8.417165789734723E-005  8.213528481900108E-005  8.059784841115921E-005  7.975675465136883E-005  7.885477078838790E-005  7.787815770047028E-005  7.680741384570651E-005  7.561323175093690E-005  7.262609705407449E-005  7.055994148114825E-005  6.746654220140675E-005
   867.000121464030       9.631214504314187E-005  9.417710447399159E-005  9.196592333094425E-005  8.967194087484848E-005  8.727998261454346E-005  8.476928116968535E-005  8.210206640511527E-005  8.068860510444983E-005  7.920220563937431E-005  7.761709797248688E-005  7.660164936533254E-005  7.588948194231482E-005  7.475315480636848E-005  7.393709632454449E-005  7.259036077765471E-005  7.157687690905844E-005  7.102153505132478E-005  7.042393136542418E-005  6.977303154020446E-005  6.905276477443184E-005  6.823832344956644E-005  6.612480048217808E-005  6.457242853072892E-005  6.206102679685591E-005
   869.000121744224       1.142826352016846E-004  1.119505040835605E-004  1.094685975930412E-004  1.068083463931216E-004  1.039259793617089E-004  1.007595747665963E-004  9.720942278964066E-005  9.524097336087553E-005  9.310135287339742E-005  9.074044284721386E-005  8.918652746405740E-005  8.807872629469070E-005  8.628384474568347E-005  8.497756250502082E-005  8.280023259131747E-005  8.115410002675804E-005  8.025319894657336E-005  7.928713415994737E-005  7.824150586080219E-005  7.709595877402542E-005  7.582000942651346E-005  7.264080861550237E-005  7.045747249576489E-005  6.722345897079611E-005
   871.000122024417       1.195607140405303E-004  1.171280534165356E-004  1.145189650323275E-004  1.116960749319165E-004  1.086070215066301E-004  1.051735742884824E-004  1.012738429531590E-004  9.908892962755615E-005  9.669718742635788E-005  9.403954868320965E-005  9.228126770955627E-005  9.102435355215324E-005  8.898322301144248E-005  8.749546745957684E-005  8.501501859465779E-005  8.314244070666726E-005  8.211979132835392E-005  8.102563844247684E-005  7.984501822480906E-005  7.855694436568736E-005  7.713028974773781E-005  7.362288638328380E-005  7.126266458209610E-005  6.785205329138191E-005
   873.000122304611       1.139251532485909E-004  1.117236693744277E-004  1.093778356190244E-004  1.068556641047205E-004  1.041126083881302E-004  1.010828619991770E-004  9.766098723641584E-005  9.575003499552114E-005  9.366092460675767E-005  9.133996430547706E-005  8.980293355295096E-005  8.870257896547196E-005  8.691149347939769E-005  8.560162863147350E-005  8.340688632010769E-005  8.173871547835362E-005  8.082283600755347E-005  7.983865238699468E-005  7.877134231102414E-005  7.760001037069916E-005  7.629363408900657E-005  7.303784485208621E-005  7.080938541446142E-005  6.753366872300670E-005
   875.000122584805       9.078351313029441E-005  8.918207110558465E-005  8.753710414436388E-005  8.583819996696886E-005  8.406908496201587E-005  8.220253467684654E-005  8.019259360816130E-005  7.910935105519327E-005  7.795206227139127E-005  7.669350853374481E-005  7.587242028729194E-005  7.528916150174122E-005  7.434544232676223E-005  7.365773692591995E-005  7.250487934998205E-005  7.162337117071850E-005  7.113566065893664E-005  7.060743068696576E-005  7.002845595114900E-005  6.938390511423870E-005  6.865103195862783E-005  6.673718052065926E-005  6.533013774213622E-005  6.307352132976215E-005
   877.000122864999       1.086358659713217E-004  1.066250532112002E-004  1.044961052487086E-004  1.022229892172396E-004  9.976938307305563E-005  9.707921457145550E-005  9.406187349840495E-005  9.238462059784777E-005  9.055519264147679E-005  8.852584115324989E-005  8.718232310636181E-005  8.622016915775522E-005  8.465246655063421E-005  8.350403077168008E-005  8.157428424706454E-005  8.010147389840722E-005  7.929010782369760E-005  7.841575995380048E-005  7.746434053467010E-005  7.641591411193096E-005  7.524071290697079E-005  7.227949292604286E-005  7.022000624326459E-005  6.713370698911537E-005
   879.000123145193       1.205020207416991E-004  1.180882750759888E-004  1.154884520239753E-004  1.126621132421641E-004  1.095519519325786E-004  1.060730668862143E-004  1.020927867469525E-004  9.984950201171654E-005  9.738314924552083E-005  9.463014525357330E-005  9.280226353644891E-005  9.149282297443760E-005  8.936230820781840E-005  8.780710090982856E-005  8.521242191616322E-005  8.325471987147301E-005  8.218702415581826E-005  8.104647835306870E-005  7.981859569536760E-005  7.848319241496422E-005  7.701048216780858E-005  7.342535733854800E-005  7.104398883638665E-005  6.764029524280404E-005
   881.000123425386       1.221826659129386E-004  1.196912572282994E-004  1.170007699775137E-004  1.140658148905750E-004  1.108257628540484E-004  1.071895017930303E-004  1.030166262819994E-004  1.006604169961733E-004  9.806768996712183E-005  9.517347769928751E-005  9.325321355044521E-005  9.187887335536346E-005  8.964640945143087E-005  8.802053294640442E-005  8.531728397775498E-005  8.328718247097605E-005  8.218397356293358E-005  8.100882790497188E-005  7.974770693249790E-005  7.838098700805313E-005  7.687957848345857E-005  7.324865166981554E-005  7.085300332580650E-005  6.744525880350398E-005
   883.000123705580       1.179475403947776E-004  1.156407017178755E-004  1.131546954591731E-004  1.104488846563056E-004  1.074668818782762E-004  1.041276240504001E-004  1.003017336824524E-004  9.814351569944169E-005  9.576948280489094E-005  9.311904320760568E-005  9.135941096689957E-005  9.009899303105316E-005  8.804901231446608E-005  8.655326426058432E-005  8.405919229800807E-005  8.217844674459965E-005  8.115296035983525E-005  8.005752848548942E-005  7.887804204414818E-005  7.759471960599982E-005  7.617820489963484E-005  7.271957369621325E-005  7.040926636053165E-005  6.708186375075864E-005
   885.000123985774       1.024400383514316E-004  1.008254305985381E-004  9.910649780289241E-005  9.725798924657252E-005  9.524455311490804E-005  9.301216518736125E-005  9.047470520119312E-005  8.904804871506268E-005  8.747889244164836E-005  8.572238062065544E-005  8.455056036945328E-005  8.370712310250191E-005  8.232548940334510E-005  8.130776849076867E-005  7.958753706356077E-005  7.826635020659200E-005  7.753551414306219E-005  7.674556577858673E-005  7.588314164009998E-005  7.492926898782572E-005  7.385545024934343E-005  7.112558074490570E-005  6.920322066220812E-005  6.627934468202785E-005
   887.000124265968       8.700063047742596E-005  8.585005041339447E-005  8.464451835573407E-005  8.337009454383871E-005  8.200531353212015E-005  8.051869804237144E-005  7.885835692268456E-005  7.793658256558074E-005  7.693060409746286E-005  7.581205412584756E-005  7.506888026336640E-005  7.453484251446740E-005  7.366038454209369E-005  7.301554075229028E-005  7.192140341925134E-005  7.107481918752389E-005  7.060315210747379E-005  7.008995060817288E-005  6.952490989710755E-005  6.889315025219105E-005  6.817189296440544E-005  6.627808017162600E-005  6.488046389381483E-005  6.263604435841423E-005
   889.000124546162       1.122065249574629E-004  1.102198131042018E-004  1.080833234637278E-004  1.057628910443889E-004  1.032092237534906E-004  1.003497286853029E-004  9.706876949428239E-005  9.521292834034173E-005  9.316529420702974E-005  9.086885744000317E-005  8.933665538680247E-005  8.823478383138757E-005  8.643357834022920E-005  8.511135959088482E-005  8.288937428765980E-005  8.119761752577654E-005  8.026867153461238E-005  7.927093302737055E-005  7.819003165461672E-005  7.700581033089749E-005  7.568837796630986E-005  7.242459841945490E-005  7.020799762164160E-005  6.697079031787458E-005
   891.000124826356       1.208771363497292E-004  1.184157278247065E-004  1.157534179954598E-004  1.128474357261687E-004  1.096359090604371E-004  1.060303870035915E-004  1.018937057271825E-004  9.956008694934607E-005  9.699524672950039E-005  9.413704909524642E-005  9.224411256927154E-005  9.089122518086431E-005  8.869713070576953E-005  8.710192216813575E-005  8.445453006875991E-005  8.246978108277109E-005  8.139217255818792E-005  8.024482152328691E-005  7.901391671998578E-005  7.768007519086611E-005  7.621451558226915E-005  7.266625245955444E-005  7.031989355880564E-005  6.697300303473557E-005
   893.000125106549       1.235441552970202E-004  1.208831183389384E-004  1.180037906225560E-004  1.148591351444453E-004  1.113846780469058E-004  1.074884929749614E-004  1.030302479134947E-004  1.005236660555052E-004  9.777835890264191E-005  9.473314798180335E-005  9.272597515023964E-005  9.129664862647343E-005  8.898850718976096E-005  8.731865236843861E-005  8.456357625665970E-005  8.251183772814965E-005  8.140285239822129E-005  8.022593809524212E-005  7.896764644666922E-005  7.760905798016016E-005  7.612196542873870E-005  7.254359873617652E-005  7.019155391896725E-005  6.685034566426290E-005
   895.000125386743       1.244984274459177E-004  1.218033980294602E-004  1.188862672274827E-004  1.156987684462015E-004  1.121754590143981E-004  1.082226275557803E-004  1.036982775268967E-004  1.011540416850393E-004  9.836728536017386E-005  9.527618680465058E-005  9.323891413044050E-005  9.178835268638240E-005  8.944629374918917E-005  8.775228213641453E-005  8.495832357267422E-005  8.287866458506992E-005  8.175505264011052E-005  8.056303683250172E-005  7.928915800754821E-005  7.791448763473011E-005  7.641083069463037E-005  7.279830539671028E-005  7.042941110598333E-005  6.707356041834182E-005
   897.000125666937       1.210522251438497E-004  1.185811295240257E-004  1.159047261770908E-004  1.129781910535033E-004  1.097387438077849E-004  1.060968641540477E-004  1.019146868935564E-004  9.955466338580555E-005  9.696136916424397E-005  9.407315415408218E-005  9.216192761236642E-005  9.079701417465129E-005  8.858556279680205E-005  8.697971648145806E-005  8.431882148131247E-005  8.232771035590240E-005  8.124808101135029E-005  8.009971769641495E-005  7.886904992780552E-005  7.753701817483555E-005  7.607528693948645E-005  7.254380117624839E-005  7.021357353813476E-005  6.689428182823203E-005
   899.000125947131       1.119058842043213E-004  1.099909643668680E-004  1.079178410174873E-004  1.056493427365254E-004  1.031339886006223E-004  1.002951315264810E-004  9.701245683693772E-005  9.514534750347264E-005  9.307830432573477E-005  9.075298860130337E-005  8.919848898597710E-005  8.807954074266727E-005  8.624926122403580E-005  8.490535161001918E-005  8.264753685115905E-005  8.093006394893493E-005  7.998792414778090E-005  7.897692638308950E-005  7.788290563786438E-005  7.668599394474330E-005  7.535675603127493E-005  7.207536608749124E-005  6.985653470534999E-005  6.662868376671075E-005
   901.000126227325       8.671482180601026E-005  8.571954616384489E-005  8.465696326703314E-005  8.351108159313940E-005  8.225798872317595E-005  8.086209107939043E-005  7.926613553917982E-005  7.836391136462769E-005  7.736683612890939E-005  7.624396745712448E-005  7.549027185679993E-005  7.494519832348968E-005  7.404697158592871E-005  7.338055183054105E-005  7.224321818486803E-005  7.135871589833592E-005  7.086466433390437E-005  7.032635457704167E-005  6.973305385523478E-005  6.906931691083805E-005  6.831160084031730E-005  6.632658834070648E-005  6.486983768736795E-005  6.255037180070226E-005
   903.000126507519       9.561891546944315E-005  9.436997041874650E-005  9.302822840382303E-005  9.157191913551854E-005  8.996931727878433E-005  8.817315764522344E-005  8.610798537173276E-005  8.493615547467258E-005  8.363878324598184E-005  8.217612683844106E-005  8.119442041196680E-005  8.048489560205690E-005  7.931738332987813E-005  7.845318806611036E-005  7.698413799265359E-005  7.584852352734640E-005  7.521745889890952E-005  7.453295181272099E-005  7.378266592114522E-005  7.294902213671558E-005  7.200549732800255E-005  6.958038311041166E-005  6.784738783930153E-005  6.516778426830595E-005
   905.000126787713       1.143115262627868E-004  1.122440817780196E-004  1.100043347419031E-004  1.075526623905908E-004  1.048340701742943E-004  1.017677517699355E-004  9.822757768472824E-005  9.621817314927888E-005  9.399804657447219E-005  9.150779462835230E-005  8.984802852960562E-005  8.865615770897098E-005  8.671228363547027E-005  8.528991850752468E-005  8.291083741786978E-005  8.111079382317210E-005  8.012716200211439E-005  7.907477808297877E-005  7.793975811775859E-005  7.670263725740621E-005  7.533456965427802E-005  7.198407901175407E-005  6.973972880868977E-005  6.650271030852160E-005
   907.000127067906       1.187210703254303E-004  1.162641766632525E-004  1.136058294542617E-004  1.107045237339940E-004  1.074999744653598E-004  1.039073009119149E-004  9.979557904537166E-005  9.748270950577862E-005  9.494754923066566E-005  9.213225157221040E-005  9.027399993940036E-005  8.894918075071595E-005  8.680654345674160E-005  8.525347778747097E-005  8.268469531023679E-005  8.076563571771034E-005  7.972591651690770E-005  7.862045778854652E-005  7.743605369939529E-005  7.615410791109802E-005  7.474686304660513E-005  7.134112458991587E-005  6.908547193572217E-005  6.585508689292894E-005
   909.000127348100       1.198234686059842E-004  1.172091493921998E-004  1.143855439170742E-004  1.113085378425498E-004  1.079189810266444E-004  1.041324292360814E-004  9.982023149899385E-005  9.740623199471754E-005  9.477128819149137E-005  9.185978799270081E-005  8.994706657903411E-005  8.858796410706206E-005  8.639810747478322E-005  8.481722651050931E-005  8.221415030012437E-005  8.027878445359608E-005  7.923339833400947E-005  7.812422829799379E-005  7.693834699905810E-005  7.565747785224185E-005  7.425427589584787E-005  7.086789793405367E-005  6.862970673962609E-005  6.542625717196711E-005
   911.000127628294       1.231021137064604E-004  1.203307262379963E-004  1.173358842940113E-004  1.140728004503281E-004  1.104782727976102E-004  1.064642047014008E-004  1.018960667023820E-004  9.934157541232485E-005  9.655613636365575E-005  9.348276435009857E-005  9.146689999433200E-005  9.003622825479476E-005  8.773465486539009E-005  8.607610814376778E-005  8.335149293356197E-005  8.133148881700392E-005  8.024264325126259E-005  7.908923356857034E-005  7.785833690327780E-005  7.653168222431398E-005  7.508198563903180E-005  7.160115844343807E-005  6.931612938782749E-005  6.606889751101423E-005
   913.000127908488       1.237291111866162E-004  1.209252207925703E-004  1.178951805628698E-004  1.145948040219128E-004  1.109604266642065E-004  1.069032168064246E-004  1.022889906302132E-004  9.970994053228621E-005  9.689900924091708E-005  9.379910862045859E-005  9.176679941212970E-005  9.032496602625939E-005  8.800623497433201E-005  8.633605420835920E-005  8.359354920887171E-005  8.156135057721625E-005  8.046632296890161E-005  7.930666048502495E-005  7.806946137597998E-005  7.673646757783285E-005  7.528041471768735E-005  7.178723219290143E-005  6.949683309613162E-005  6.624648921918272E-005
   915.000128188682       1.231012088194897E-004  1.203628735834827E-004  1.174031491650156E-004  1.141753072742813E-004  1.106165501240359E-004  1.066370559759472E-004  1.021021154931909E-004  9.956243022806210E-005  9.679014846597514E-005  9.372722804103021E-005  9.171568442680665E-005  9.028693471821066E-005  8.798616739396031E-005  8.632658296706983E-005  8.359727875394317E-005  8.157156681830679E-005  8.047894023867485E-005  7.932105254922410E-005  7.808491623267448E-005  7.675222052197401E-005  7.529563946975558E-005  7.179884409116199E-005  6.950569658514771E-005  6.625363310447602E-005
   917.000128468876       1.206408824714163E-004  1.180772991828501E-004  1.153021591784055E-004  1.122705011796363E-004  1.089214012162067E-004  1.051666895605473E-004  1.008731616227063E-004  9.846109515049846E-005  9.582085000027566E-005  9.289433630358528E-005  9.096649805096439E-005  8.959414985844054E-005  8.737868393095000E-005  8.577620940215457E-005  8.313248739273377E-005  8.116338268219679E-005  8.009881210098530E-005  7.896875569604285E-005  7.776017663913113E-005  7.645471264863305E-005  7.502498655894180E-005  7.158054277649125E-005  6.931270298893240E-005  6.608465060543921E-005
   919.000128749069       1.152885238511212E-004  1.130929409596685E-004  1.107102947367767E-004  1.081003021381547E-004  1.052060467911437E-004  1.019453320196651E-004  9.819026852799893E-005  9.606597689987764E-005  9.372658179691448E-005  9.111428907589729E-005  8.938110830789469E-005  8.814087170520112E-005  8.612649735446368E-005  8.465957414321052E-005  8.222001814276428E-005  8.038639060941444E-005  7.938891377651229E-005  7.832525689082393E-005  7.718211767986240E-005  7.594082307723025E-005  7.457360467523674E-005  7.124693814572163E-005  6.903248358490434E-005  6.585056291084875E-005
   921.000129029263       1.029847546710106E-004  1.014712688983009E-004  9.982823670925762E-005  9.802553664102647E-005  9.602009215752359E-005  9.374837795470804E-005  9.110934820596973E-005  8.960207499720658E-005  8.792715046568604E-005  8.603431727144842E-005  8.476307876012111E-005  8.384476193707854E-005  8.233621724936304E-005  8.122282644404699E-005  7.933980626065728E-005  7.789546955854961E-005  7.709818383795904E-005  7.623831915337003E-005  7.530242426041481E-005  7.427150319247420E-005  7.311725542874135E-005  7.022005707699133E-005  6.821755945641472E-005  6.523632547861073E-005
   923.000129309457       7.864206460601472E-005  7.796521560949326E-005  7.723778716882843E-005  7.644833801593533E-005  7.557884077506967E-005  7.460297356906655E-005  7.347749298860673E-005  7.283660331166504E-005  7.212429689931664E-005  7.131668168086222E-005  7.077121296378852E-005  7.037485564591287E-005  6.971809104019768E-005  6.922762464674091E-005  6.838352164294955E-005  6.772013115114037E-005  6.734660897757640E-005  6.693697410535307E-005  6.648203561934137E-005  6.596841719008589E-005  6.537549362882082E-005  6.378422714980217E-005  6.257719720108921E-005  6.058344251719066E-005
   925.000129589651       9.905413003401741E-005  9.768959987307795E-005  9.620972449974469E-005  9.458723310467275E-005  9.278393787982154E-005  9.074283582727728E-005  8.837323752057636E-005  8.701996218209547E-005  8.551586183216675E-005  8.381504311271219E-005  8.267162623826947E-005  8.184488439796572E-005  8.048496526217996E-005  7.947944973012735E-005  7.777446732183747E-005  7.646198367611897E-005  7.573538664118991E-005  7.494987082142863E-005  7.409240633052277E-005  7.314454913426378E-005  7.207865226241580E-005  6.937757027993948E-005  6.748520567033240E-005  6.462389738155482E-005
   927.000129869845       1.107425471122967E-004  1.087415375574592E-004  1.065704586615637E-004  1.041920970862119E-004  1.015537508494810E-004  9.857873135334990E-005  9.514839579582680E-005  9.320471941408505E-005  9.106118077876727E-005  8.866286893686951E-005  8.706838863909267E-005  8.592555427979437E-005  8.406586968287924E-005  8.270844384401086E-005  8.044438998475620E-005  7.873650321730261E-005  7.780496591984232E-005  7.680953715479347E-005  7.573715741391493E-005  7.456945735365770E-005  7.327905966828191E-005  7.011822059512709E-005  6.799521182763035E-005  6.491516947556410E-005
   929.000130150039       1.183411339169339E-004  1.158794635214966E-004  1.132144063276702E-004  1.103017506384456E-004  1.070827241182073E-004  1.034719761506294E-004  9.933973009649866E-005  9.701641930356399E-005  9.447145717890012E-005  9.164790810475353E-005  8.978621911694303E-005  8.846003353121188E-005  8.631731685027646E-005  8.476597442852048E-005  8.220361042610077E-005  8.029250461807412E-005  7.925828045448059E-005  7.815963778096683E-005  7.698370184510317E-005  7.571235182886247E-005  7.431858408362098E-005  7.095450133530312E-005  6.873461090985764E-005  6.556792805653957E-005
   931.000130430233       1.203710409565217E-004  1.177309665050103E-004  1.148765416763210E-004  1.117653212107079E-004  1.083354517046030E-004  1.045019308353681E-004  1.001345940992994E-004  9.768948535398249E-005  9.502088187198151E-005  9.207287962044840E-005  9.013688047405215E-005  8.876170250721235E-005  8.654693633044041E-005  8.494901750052805E-005  8.232011390817247E-005  8.036769781178359E-005  7.931405440872300E-005  7.819696422353051E-005  7.700371710227262E-005  7.571638284582533E-005  7.430818803115619E-005  7.092141645305124E-005  6.869476172959139E-005  6.552775597139759E-005
   933.000130710426       1.209128383362812E-004  1.181957717430555E-004  1.152624804830286E-004  1.120680738677463E-004  1.085535125787786E-004  1.046322745945425E-004  1.001771146606668E-004  9.768877604509585E-005  9.497823121761486E-005  9.199079325144552E-005  9.003304842169242E-005  8.864447147683860E-005  8.641183606888847E-005  8.480385048644377E-005  8.216343134056867E-005  8.020647760661547E-005  7.915171585305429E-005  7.803440326426378E-005  7.684195901343693E-005  7.555659346976515E-005  7.415173055911296E-005  7.077685432198239E-005  6.855984857720668E-005  6.540694878922434E-005
   935.000130990620       1.211811767551004E-004  1.184335842112514E-004  1.154673469982440E-004  1.122401721815185E-004  1.086908067608846E-004  1.047342418088870E-004  1.002426942822716E-004  9.773605900645119E-005  9.500737942572969E-005  9.200207781114047E-005  9.003397673858411E-005  8.863867298049138E-005  8.639632405546327E-005  8.478219806742286E-005  8.213328141291711E-005  8.017121025638462E-005  7.911410701317657E-005  7.799463278566039E-005  7.680021522048078E-005  7.551310695689242E-005  7.410678088722603E-005  7.073022058887521E-005  6.851351736212280E-005  6.536317677779099E-005
   937.000131270814       1.210960663920607E-004  1.183413276730451E-004  1.153695656316881E-004  1.121361997569613E-004  1.085816669214491E-004  1.046208242846910E-004  1.001262304860254E-004  9.761905705316371E-005  9.489054362510870E-005  9.188653730526303E-005  8.991979423807466E-005  8.852579006797053E-005  8.628595933548214E-005  8.467404574538560E-005  8.202929397649675E-005  8.007075406740403E-005  7.901568084246766E-005  7.789844927731127E-005  7.670651103181174E-005  7.542216615571954E-005  7.401895318932998E-005  7.065018747097774E-005  6.843883099272909E-005  6.529652998700420E-005
   939.000131551008       1.200784346093987E-004  1.173530836880370E-004  1.144130728715412E-004  1.112172436075294E-004  1.077064577907546E-004  1.037972876710012E-004  9.936566287901732E-005  9.689524946043058E-005  9.420810252753860E-005  9.125112861874440E-005  8.931593890348474E-005  8.794458577811789E-005  8.574166546779772E-005  8.415647941372374E-005  8.155588627077224E-005  7.962999148753962E-005  7.859239909445039E-005  7.749352526560525E-005  7.632094998373798E-005  7.505710252797053E-005  7.367570657381111E-005  7.035563238771912E-005  6.817201900448346E-005  6.506070915698788E-005
   941.000131831202       1.171560451967562E-004  1.145163579435043E-004  1.116732898864230E-004  1.085887926526859E-004  1.052069902629835E-004  1.014502395325870E-004  9.720183215853381E-005  9.483833405197177E-005  9.227069977444595E-005  8.944884462154947E-005  8.760351902399393E-005  8.629639470653474E-005  8.419709785290391E-005  8.268659642332090E-005  8.020771980312588E-005  7.837051493612775E-005  7.737988560681838E-005  7.632991222097779E-005  7.520835388135196E-005  7.399784320399338E-005  7.267232804245419E-005  6.947266993263283E-005  6.735396143167073E-005  6.430988259100877E-005
   943.000132111396       1.190644149767805E-004  1.163794244511309E-004  1.134830816320780E-004  1.103340307614581E-004  1.068745063817615E-004  1.030230399916878E-004  9.865710872272776E-005  9.622359973158331E-005  9.357673232885590E-005  9.066421960641797E-005  8.875815961532515E-005  8.740738918152584E-005  8.523737342275447E-005  8.367567826967557E-005  8.111306929919690E-005  7.921469441761892E-005  7.819164874077151E-005  7.710792957464284E-005  7.595119282456987E-005  7.470397235451923E-005  7.334013089189416E-005  7.005884420913600E-005  6.789730633813317E-005  6.481116409770020E-005
   945.000132391589       1.185327109874240E-004  1.159023954980753E-004  1.130632424371746E-004  1.099717199200408E-004  1.065710446176554E-004  1.027783074581252E-004  9.846994122680159E-005  9.606434574721406E-005  9.344428292177288E-005  9.055702833973990E-005  8.866502041457498E-005  8.732306856815542E-005  8.516524464188920E-005  8.361093707285447E-005  8.105803530270861E-005  7.916512595807846E-005  7.814448988704250E-005  7.706296197109466E-005  7.590821497715673E-005  7.466280577873381E-005  7.330064526898277E-005  7.002294741351616E-005  6.786419062858642E-005  6.478370859669221E-005
   947.000132671783       1.173069019754477E-004  1.147880358797505E-004  1.120653859746356E-004  1.090969672638492E-004  1.058250836217233E-004  1.021678594818112E-004  9.800054762628329E-005  9.566708735620666E-005  9.311947693762371E-005  9.030407011115307E-005  8.845426452167410E-005  8.713975139868758E-005  8.502158599623466E-005  8.349236251514318E-005  8.097417397338664E-005  7.910182705325584E-005  7.809048819935763E-005  7.701749548314636E-005  7.587042300332933E-005  7.463171291902701E-005  7.327516930138092E-005  7.000498692820113E-005  6.784809055127445E-005  6.476907675581988E-005
   949.000132951977       1.147247126619681E-004  1.124108360912179E-004  1.099048832066125E-004  1.071654410137979E-004  1.041366944165903E-004  1.007375109605795E-004  9.684428755638739E-005  9.465383362311855E-005  9.225274720211853E-005  8.958647383768901E-005  8.782680898447120E-005  8.657232787943237E-005  8.454363970087389E-005  8.307320971009481E-005  8.064095583954238E-005  7.882360274812230E-005  7.783880240529615E-005  7.679156255416015E-005  7.566931896059390E-005  7.445437731004181E-005  7.312035831967801E-005  6.989070686691462E-005  6.775136670363668E-005  6.468779910410939E-005
   951.000133232171       1.091389840846057E-004  1.072159716457666E-004  1.051259787163284E-004  1.028322055779421E-004  1.002825540573780E-004  9.740128181372075E-005  9.407147801787986E-005  9.218138213147214E-005  9.009428499822362E-005  8.775576473508968E-005  8.619923682692430E-005  8.508274496077458E-005  8.326433622412961E-005  8.193589135482817E-005  7.971801023211795E-005  7.804329881310466E-005  7.712931301454260E-005  7.615226265375992E-005  7.509930620726375E-005  7.395241943416020E-005  7.268478660146753E-005  6.958030374713864E-005  6.749754326956735E-005  6.448252054154113E-005
   953.000133512365       9.605942812060216E-005  9.482582152427397E-005  9.348265349831279E-005  9.200358824097411E-005  9.035230764648731E-005  8.847437855463373E-005  8.628313173096996E-005  8.502682024139365E-005  8.362670959229802E-005  8.203871997239253E-005  8.096863994257975E-005  8.019369779216607E-005  7.891683718726273E-005  7.797112080637076E-005  7.636453892525538E-005  7.512535999661997E-005  7.443846684386942E-005  7.369517847598584E-005  7.288300470074586E-005  7.198425165855513E-005  7.097239277271379E-005  6.840292176745228E-005  6.659861267211057E-005  6.386471309559058E-005
   955.000133792559       7.583385624515027E-005  7.526453397922675E-005  7.464767588394033E-005  7.397199307406204E-005  7.322092878931375E-005  7.236957169649410E-005  7.137749099687675E-005  7.080797236247521E-005  7.017133138056881E-005  6.944512464174438E-005  6.895214248474919E-005  6.859274451053677E-005  6.799516661936803E-005  6.754731057785744E-005  6.677359105481393E-005  6.616311209177566E-005  6.581851973908699E-005  6.543993526104683E-005  6.501869868917953E-005  6.454218796770460E-005  6.399093892927700E-005  6.250596453832237E-005  6.137477510783286E-005  5.949833865060098E-005
   957.000134072752       9.815099549728549E-005  9.681417523233041E-005  9.535822876592139E-005  9.375493407555608E-005  9.196494457422681E-005  8.992993785558442E-005  8.755711612396399E-005  8.619786361423128E-005  8.468452290243020E-005  8.297069735246717E-005  8.181762642278052E-005  8.098370781635683E-005  7.961193425200312E-005  7.859799813528840E-005  7.688021159355661E-005  7.555988083664742E-005  7.482993353821492E-005  7.404174391804674E-005  7.318264468008475E-005  7.223473466985255E-005  7.117126227904203E-005  6.849021929416241E-005  6.662567169433165E-005  6.382962643691863E-005
   959.000134352946       1.090054610463335E-004  1.070480626304350E-004  1.049224538758672E-004  1.025908696460659E-004  1.000020413880413E-004  9.708002391122151E-005  9.370831272752979E-005  9.179752720484978E-005  8.969023084285676E-005  8.733293834928577E-005  8.576630188274386E-005  8.464382129749839E-005  8.281802267515364E-005  8.148606513194081E-005  7.926608307095132E-005  7.759299786658186E-005  7.668105438819499E-005  7.570709992167029E-005  7.465853273631557E-005  7.351762792569676E-005  7.225801349049399E-005  6.917874486545864E-005  6.711644273602152E-005  6.413404972769999E-005
   961.000134633140       1.125613940665532E-004  1.102894474059500E-004  1.078313100366832E-004  1.051473934846705E-004  1.021839053984067E-004  9.886304058116555E-005  9.506659350998346E-005  9.293381411820479E-005  9.059878129088033E-005  8.800942418036067E-005  8.630250617934268E-005  8.508660518839577E-005  8.312185785162122E-005  8.169893805908904E-005  7.934713246755889E-005  7.759108789842183E-005  7.663981054844968E-005  7.562835393948172E-005  7.454449433709517E-005  7.337097987943879E-005  7.208204449025777E-005  6.895754497908077E-005  6.688229192162343E-005  6.389836934253998E-005
   963.000134913334       1.129994244153231E-004  1.106197381999150E-004  1.080501764486485E-004  1.052518598746260E-004  1.021714641751472E-004  9.873319248892841E-005  9.482179573895401E-005  9.263440676273029E-005  9.024869594031538E-005  8.761451301558159E-005  8.588483971704554E-005  8.465609821218389E-005  8.267654664355026E-005  8.124741947725640E-005  7.889344207480716E-005  7.714197519299390E-005  7.619521737050405E-005  7.519001995572960E-005  7.411438050499771E-005  7.295132652351359E-005  7.167544045093865E-005  6.858682331532116E-005  6.653610937874817E-005  6.358387325383714E-005
   965.000135193528       1.152056184736873E-004  1.126925425294090E-004  1.099802700356699E-004  1.070291623651426E-004  1.037844117571347E-004  1.001682080968949E-004  9.606338978453236E-005  9.377253226918356E-005  9.127830421643934E-005  8.853019333564913E-005  8.672936083043659E-005  8.545195441260394E-005  8.339752845331580E-005  8.191712134567180E-005  7.948409625270283E-005  7.767839073865952E-005  7.670402805309518E-005  7.567087493939811E-005  7.456692907834086E-005  7.337521729415402E-005  7.207034306896708E-005  6.892318894554728E-005  6.684377629095740E-005  6.386588827876384E-005
   967.000135473722       1.143355826537291E-004  1.118251826011240E-004  1.091187991396905E-004  1.061768944336039E-004  1.029450188588183E-004  9.934797163417153E-005  9.527117693457416E-005  9.299904721628678E-005  9.052775026306009E-005  8.780818741335210E-005  8.602796796521515E-005  8.476605986204143E-005  8.273799282089677E-005  8.127763466156588E-005  7.887918650092999E-005  7.710021814491944E-005  7.614053391742533E-005  7.512305889304359E-005  7.403589585861126E-005  7.286222594228376E-005  7.157680843055763E-005  6.847382245615912E-005  6.641995467712915E-005  6.347135169225097E-005
   969.000135753915       1.149005294872353E-004  1.123394921533648E-004  1.095795598340886E-004  1.065808853486741E-004  1.032905556425024E-004  9.963207653668249E-005  9.549222080232170E-005  9.318860566869940E-005  9.068613349563990E-005  8.793656045563587E-005  8.613937086240998E-005  8.486677251366087E-005  8.282386557870211E-005  8.135475606215126E-005  7.894544431189309E-005  7.716122528877161E-005  7.619968538296275E-005  7.518097395571322E-005  7.409330393459914E-005  7.291997647062922E-005  7.163593811560644E-005  6.853992843938168E-005  6.649269453214376E-005  6.355432739322854E-005
   971.000136034109       1.154909606723907E-004  1.129313664874249E-004  1.101721251089667E-004  1.071720117950448E-004  1.038763839883937E-004  1.002077619359894E-004  9.604946162261077E-005  9.373171360517082E-005  9.121059505107389E-005  8.843610786176247E-005  8.662000751560400E-005  8.533271273921415E-005  8.326411905595864E-005  8.177487593547981E-005  7.932971649896171E-005  7.751696703954776E-005  7.653947172177939E-005  7.550351336459603E-005  7.439715830816689E-005  7.320352439863343E-005  7.189736855932499E-005  6.875092927088850E-005  6.667534960376607E-005  6.370856471175768E-005
   973.000136314303       1.151485185544374E-004  1.125929161554447E-004  1.098377197401702E-004  1.068435279824005E-004  1.035555208389439E-004  9.989671517388856E-005  9.575180653966481E-005  9.344262053445343E-005  9.093181757693035E-005  8.816999956966963E-005  8.636291786676794E-005  8.508235310435326E-005  8.302514607709091E-005  8.154455234051804E-005  7.911429474460192E-005  7.731304812697120E-005  7.634188247051663E-005  7.531270014451407E-005  7.421361558428272E-005  7.302782687941100E-005  7.173018741113866E-005  6.860342079539650E-005  6.653966051177968E-005  6.358737406043109E-005
   975.000136594497       1.146327276193629E-004  1.120812631605679E-004  1.093311858501552E-004  1.063432755462386E-004  1.030640252131902E-004  9.941669991342621E-005  9.528793376327145E-005  9.298942938376742E-005  9.049188102193145E-005  8.774667179385817E-005  8.595165352803448E-005  8.468031107607523E-005  8.263890136165329E-005  8.117049566818573E-005  7.876170410695526E-005  7.697741888894761E-005  7.601573195557339E-005  7.499679568707840E-005  7.390884192305024E-005  7.273520145859566E-005  7.145088485885699E-005  6.835523030400156E-005  6.630989533811522E-005  6.337825642763102E-005
   977.000136874691       1.146524285794712E-004  1.121148321089472E-004  1.093793458675471E-004  1.064062332450806E-004  1.031417806183239E-004  9.950922585068180E-005  9.539402221874613E-005  9.310120455786560E-005  9.060823457646250E-005  8.786584729868598E-005  8.607124576775520E-005  8.479945056162763E-005  8.275607401720479E-005  8.128520260226975E-005  7.887042932832943E-005  7.708021017062595E-005  7.611482745746912E-005  7.509162396844752E-005  7.399875504465868E-005  7.281947841074343E-005  7.152873338096634E-005  6.841775535100922E-005  6.636403908819543E-005  6.342611350199631E-005
   979.000137154885       1.143061881429362E-004  1.117813170013842E-004  1.090587906282778E-004  1.060998198954145E-004  1.028509803004436E-004  9.923637970289290E-005  9.514155172220375E-005  9.286028264248372E-005  9.037984335247562E-005  8.765120721732361E-005  8.586562561057548E-005  8.460026511942424E-005  8.256713313253191E-005  8.110362225863211E-005  7.870087409942500E-005  7.691945721306640E-005  7.595877210660717E-005  7.494050867523962E-005  7.385285765352665E-005  7.267913085482109E-005  7.139434926968304E-005  6.829707897434837E-005  6.625169344489175E-005  6.332430874683174E-005
   981.000137435078       1.139310204561806E-004  1.114196287034147E-004  1.087124880471928E-004  1.057706818601576E-004  1.025405521325753E-004  9.894669334652400E-005  9.487560670476279E-005  9.260769789243671E-005  9.014181023588357E-005  8.742908042635634E-005  8.565393298998758E-005  8.439586287605984E-005  8.237439117858084E-005  8.091914252047708E-005  7.852967764571673E-005  7.675785090850630E-005  7.580221905299218E-005  7.478919717819016E-005  7.370701813912307E-005  7.253902215736061E-005  7.126028655516892E-005  6.817645677006316E-005  6.613892516937473E-005  6.322112721348658E-005
   983.000137715272       1.133798909075305E-004  1.108890175567230E-004  1.082042589072246E-004  1.052871324371006E-004  1.020848704584806E-004  9.852266677964130E-005  9.448826985818991E-005  9.224106840679625E-005  8.979795104317026E-005  8.711054405435133E-005  8.535196600326591E-005  8.410566874054492E-005  8.210306341999417E-005  8.066133814376808E-005  7.829386571859844E-005  7.653809657767109E-005  7.559100251984913E-005  7.458692398388865E-005  7.351414996215439E-005  7.235610805310521E-005  7.108798367550201E-005  6.802812770667189E-005  6.600474842640005E-005  6.310419259823263E-005
   985.000137995466       1.127500780366494E-004  1.102716027297798E-004  1.076014251871988E-004  1.047005001769504E-004  1.015184090994222E-004  9.798063846406488E-005  9.397705744741234E-005  9.174845841790657E-005  8.932676696615571E-005  8.666430150906263E-005  8.492281774382911E-005  8.368895976955139E-005  8.170684199713429E-005  8.028020139694742E-005  7.793791665239068E-005  7.620100797724937E-005  7.526408991782427E-005  7.427074964184295E-005  7.320934671658389E-005  7.206338040607002E-005  7.080813062226671E-005  6.777682763124455E-005  6.576923030803783E-005  6.288481043507917E-005
   987.000138275660       1.123616959763093E-004  1.099041444087191E-004  1.072560548019794E-004  1.043803236814253E-004  1.012241486970204E-004  9.771484750968731E-005  9.374230100399502E-005  9.153043768617353E-005  8.912636607177005E-005  8.648254260092838E-005  8.475279434461564E-005  8.352701586150474E-005  8.155745829412180E-005  8.013951776029773E-005  7.781088962097285E-005  7.608360500570318E-005  7.515171118321007E-005  7.416356099538899E-005  7.310757530942039E-005  7.196732472949818E-005  7.071819503453031E-005  6.770128275087769E-005  6.570308792218543E-005  6.283221987259581E-005
   989.000138555854       1.112564174668147E-004  1.088544569288464E-004  1.062663307062449E-004  1.034546829047990E-004  1.003689684543905E-004  9.693663920403066E-005  9.304949119270974E-005  9.088394707678117E-005  8.852905339673191E-005  8.593771893881391E-005  8.424116776116035E-005  8.303833243793189E-005  8.110450672848120E-005  7.971133913536203E-005  7.742148682649168E-005  7.572124917123860E-005  7.480326308378446E-005  7.382932865062696E-005  7.278785494366761E-005  7.166244780206635E-005  7.042851560742526E-005  6.744317066515243E-005  6.546145062151268E-005  6.260778610698312E-005
   991.000138836048       1.114337793100125E-004  1.090218421437482E-004  1.064223216442821E-004  1.035976263860199E-004  1.004957714668881E-004  9.704498701402742E-005  9.313616556119988E-005  9.095860776094844E-005  8.859099224652190E-005  8.598619555451113E-005  8.428137770744804E-005  8.307302783918683E-005  8.113096003107579E-005  7.973246353882674E-005  7.743517761591763E-005  7.573063452909739E-005  7.481081383271140E-005  7.383532442011481E-005  7.279267027044881E-005  7.166655856562297E-005  7.043256796106803E-005  6.745019162955626E-005  6.547270810435618E-005  6.262746117912354E-005
   993.000139116241       1.108421610303786E-004  1.084799420772509E-004  1.059326755800151E-004  1.031633887146831E-004  1.001207656188403E-004  9.673264936256813E-005  9.288957147446001E-005  9.074551925635150E-005  8.841134598655788E-005  8.583926741390854E-005  8.415333134024522E-005  8.295697681530403E-005  8.103184523008222E-005  7.964360733356516E-005  7.735955938503589E-005  7.566190553344572E-005  7.474478091573490E-005  7.377138213916638E-005  7.273011912564315E-005  7.160458907277136E-005  7.037022959165605E-005  6.738350514394463E-005  6.540157450685656E-005  6.255023115068856E-005
   995.000139396435       1.101975189477727E-004  1.078832057109582E-004  1.053859175128772E-004  1.026680192133842E-004  9.967892516066481E-005  9.634586215200182E-005  9.255931762541985E-005  9.044441912051437E-005  8.813978961597947E-005  8.559771853428650E-005  8.393003488927607E-005  8.274591985200199E-005  8.083934236837844E-005  7.946359560071319E-005  7.719859535747622E-005  7.551395938295643E-005  7.460349436493547E-005  7.363691125696371E-005  7.260265666085966E-005  7.148440457545167E-005  7.025770269599829E-005  6.728829252853648E-005  6.531693582945445E-005  6.247914877218494E-005
   997.000139676629       1.091512947203652E-004  1.069302683251081E-004  1.045298456231468E-004  1.019134274827634E-004  9.903003699406130E-005  9.580688937767384E-005  9.213430392541013E-005  9.007717619484092E-005  8.783046294960407E-005  8.534578818288868E-005  8.371178346201216E-005  8.254970041251848E-005  8.067514038407749E-005  7.931986996444395E-005  7.708381188228767E-005  7.541698408220780E-005  7.451487815643219E-005  7.355623467094160E-005  7.252946782656505E-005  7.141821774831929E-005  7.019799625219481E-005  6.724001712065258E-005  6.527394056734671E-005  6.244249524850881E-005
   999.000139956823       1.069528978106744E-004  1.049003103038619E-004  1.026777329166393E-004  1.002487605397139E-004  9.756390340811228E-005  9.455186036254676E-005  9.110348996911180E-005  8.916331012356153E-005  8.703659880157950E-005  8.467438769029895E-005  8.311469168584263E-005  8.200232158404484E-005  8.020219297563766E-005  7.889622565942894E-005  7.673301236809530E-005  7.511355238531149E-005  7.423460359273353E-005  7.329869055812708E-005  7.229415178879236E-005  7.120453300970396E-005  7.000525035482440E-005  6.708657009284294E-005  6.513852442982471E-005  6.232350073744786E-005
   1002.50014044716       9.319211624747248E-005  9.190955214862900E-005  9.051360656028618E-005  8.897842161454703E-005  8.726801123618388E-005  8.532909398356061E-005  8.307851661264827E-005  8.179517164048027E-005  8.037202567619557E-005  7.876833344631846E-005  7.769453109426480E-005  7.692059876030822E-005  7.565257392158716E-005  7.471945049769301E-005  7.314658715333544E-005  7.194430414740798E-005  7.128198544985603E-005  7.056859903937567E-005  6.979298967694303E-005  6.893931250248245E-005  6.798377151192164E-005  6.558089774574206E-005  6.390950094533469E-005  6.139091449875342E-005
   1007.50014114765       8.871179057906943E-005  8.758993552906512E-005  8.636787976528995E-005  8.502300943270553E-005  8.352336388665015E-005  8.182078871991921E-005  7.984048502186982E-005  7.870910941830320E-005  7.745206547157243E-005  7.603228883741694E-005  7.507933711233447E-005  7.439127902478659E-005  7.326138670026463E-005  7.242771467253926E-005  7.101766112687761E-005  6.993528098185989E-005  6.933714815589688E-005  6.869127929887039E-005  6.798704838388266E-005  6.720933669744855E-005  6.633535084436321E-005  6.411957451317240E-005  6.256165212396393E-005  6.018726021138288E-005
   1012.50014184813       1.050173688241467E-004  1.029756362294292E-004  1.007690169537837E-004  9.836284351983741E-005  9.571005229407817E-005  9.274290176887031E-005  8.935821416024967E-005  8.746012502874549E-005  8.538454878591235E-005  8.308554451357274E-005  8.157115216307088E-005  8.049274507100729E-005  7.875042807068235E-005  7.748840547639667E-005  7.540123759149463E-005  7.384081227086356E-005  7.299447046951980E-005  7.209355390787230E-005  7.112676104756817E-005  7.007807933995854E-005  6.892353253272586E-005  6.610979489798549E-005  6.422610530357698E-005  6.149163426052134E-005
   1017.50014254862       1.071860870593767E-004  1.049545719312557E-004  1.025478924920015E-004  9.993066784253172E-005  9.705482196233523E-005  9.385168051987246E-005  9.021791382071145E-005  8.819051661428395E-005  8.598336985220093E-005  8.355111263312970E-005  8.195666576444025E-005  8.082515158167870E-005  7.900407123902133E-005  7.769053540540419E-005  7.552852162908849E-005  7.392058738690525E-005  7.305146614913239E-005  7.212858819232427E-005  7.114080585321109E-005  7.007231650941945E-005  6.889942618050693E-005  6.605547590144931E-005  6.416226996771600E-005  6.142751873457815E-005
   1022.50014324910       1.071667624754314E-004  1.049142263765944E-004  1.024865764726430E-004  9.984809031419080E-005  9.695080297606918E-005  9.372620273365995E-005  9.007133182991730E-005  8.803390399634772E-005  8.581696449787953E-005  8.337580779761873E-005  8.177644997920251E-005  8.064193747063843E-005  7.881679255978345E-005  7.750094431187285E-005  7.533620392470610E-005  7.372710175516988E-005  7.285765534380125E-005  7.193467548557006E-005  7.094705538042011E-005  6.987907401535923E-005  6.870717048362192E-005  6.586769381705838E-005  6.397940528939375E-005  6.125508135115446E-005
   1027.50014394959       1.065913319915113E-004  1.043525341482182E-004  1.019399652368372E-004  9.931832268512405E-005  9.644117576643445E-005  9.324012873547383E-005  8.961379102407468E-005  8.759299881811274E-005  8.539495923991172E-005  8.297511255755803E-005  8.139010339352226E-005  8.026589191510501E-005  7.845747274535298E-005  7.715376562268257E-005  7.500899179913159E-005  7.341463425887372E-005  7.255308065351563E-005  7.163839528647466E-005  7.065953523872502E-005  6.960086683079161E-005  6.843896253882435E-005  6.562267579844572E-005  6.374905448119153E-005  6.104521592116368E-005
   1032.50014465007       1.057843385765750E-004  1.035646778649201E-004  1.011731791854395E-004  9.857572235367260E-005  9.572547284533839E-005  9.255546775444597E-005  8.896617761861722E-005  8.696685176317039E-005  8.479281987336875E-005  8.240031557494397E-005  8.083367155376491E-005  7.972271155194529E-005  7.793597311092103E-005  7.664814849830433E-005  7.452990358809435E-005  7.295549307054333E-005  7.210474645391883E-005  7.120154137006396E-005  7.023492678670187E-005  6.918940312850867E-005  6.804171237967746E-005  6.525811139752044E-005  6.340382871912154E-005  6.072239667336980E-005
   1037.50014535055       1.050948989148272E-004  1.028997869863566E-004  1.005354074644283E-004  9.796685365003681E-005  9.514849694965123E-005  9.201479820738906E-005  8.846676977226105E-005  8.649062052655629E-005  8.434187161881102E-005  8.197712389914691E-005  8.042861764043337E-005  7.933043136806235E-005  7.756408654361366E-005  7.629081193240547E-005  7.419612121154397E-005  7.263885033369566E-005  7.179723111709328E-005  7.090359022503463E-005  6.994707755773385E-005  6.891231799341614E-005  6.777625483502610E-005  6.502012279715513E-005  6.318372007417019E-005  6.052796112656450E-005
   1042.50014605104       1.043635837463984E-004  1.021933386947865E-004  9.985510346322646E-005  9.731618330290398E-005  9.453004291066222E-005  9.143275385733754E-005  8.792644058077138E-005  8.597365655068539E-005  8.385038112604025E-005  8.151379240344001E-005  7.998371027707675E-005  7.889854684432826E-005  7.715309169662336E-005  7.589474647418059E-005  7.382436311079741E-005  7.228484962380264E-005  7.145269632306389E-005  7.056900028687176E-005  6.962298918481965E-005  6.859940588900781E-005  6.747537352211329E-005  6.474717332445030E-005  6.292818091804438E-005  6.029552726845233E-005
   1047.50014675152       1.028363975255249E-004  1.007083187391183E-004  9.841788948185748E-005  9.593284979841218E-005  9.320940233354804E-005  9.018491544712668E-005  8.676491955753632E-005  8.486194734874192E-005  8.279410905775655E-005  8.051985081658160E-005  7.903117112732410E-005  7.797564720315599E-005  7.627813528818613E-005  7.505444556818554E-005  7.304099653509108E-005  7.154347725810459E-005  7.073375803232245E-005  6.987361637340984E-005  6.895241699586839E-005  6.795509400232477E-005  6.685899800229814E-005  6.419314185417663E-005  6.240976255153810E-005  5.981739653848841E-005
   1052.50014745201       1.024924821106524E-004  1.003791748481675E-004  9.810414437245931E-005  9.563491421141531E-005  9.292768045369181E-005  8.992022633141103E-005  8.651863206832455E-005  8.462567567060051E-005  8.256845106370430E-005  8.030563026649534E-005  7.882432642122455E-005  7.777393644993556E-005  7.608453010789759E-005  7.486661866933448E-005  7.286247416085982E-005  7.137175883818535E-005  7.056570485210108E-005  6.970943603859940E-005  6.879239843813288E-005  6.779959837478342E-005  6.670853768723682E-005  6.405546385516371E-005  6.228132281543528E-005  5.970364894137954E-005
   1057.50014815249       1.018953384096580E-004  9.980756529232585E-005  9.756025025668596E-005  9.512044861067110E-005  9.244494470141987E-005  8.947226626601211E-005  8.610894390275420E-005  8.423666316650695E-005  8.220123270445193E-005  7.996159518920595E-005  7.849492645657828E-005  7.745464043186708E-005  7.578104219585832E-005  7.457412250763345E-005  7.258726807489118E-005  7.110871994640743E-005  7.030899693060277E-005  6.945924951280792E-005  6.854896405990604E-005  6.756321454235500E-005  6.647959523621967E-005  6.384349515822907E-005  6.208018649572539E-005  5.951844739102267E-005
   1062.50014885298       1.012202866648629E-004  9.915983818139182E-005  9.694075505771668E-005  9.453254401647296E-005  9.189108721942507E-005  8.895587176401809E-005  8.563416269922191E-005  8.378445457350934E-005  8.177314192320782E-005  7.955915587773616E-005  7.810877124484527E-005  7.707972916323908E-005  7.542370012874426E-005  7.422892987727785E-005  7.226117539412920E-005  7.079603847989325E-005  7.000326107165423E-005  6.916066065206296E-005  6.825775155697202E-005  6.727965712300382E-005  6.620406349704060E-005  6.358582665066321E-005  6.183326223229332E-005  5.928575164450390E-005
   1067.50014955346       9.876950264056810E-005  9.679911908897484E-005  9.467900103943662E-005  9.237899427196174E-005  8.985885457418689E-005  8.705970268647964E-005  8.389326380758861E-005  8.213023416818899E-005  8.021304371890126E-005  7.810206053157062E-005  7.671849159411431E-005  7.573650161513010E-005  7.415517984233130E-005  7.301345487378945E-005  7.113098337677724E-005  6.972725083766393E-005  6.896679409706925E-005  6.815775667674901E-005  6.728979215984466E-005  6.634821820113184E-005  6.531097312516062E-005  6.277652919861371E-005  6.107106421275295E-005  5.857787707230588E-005
   1072.50015025395       9.906529009880266E-005  9.709289201911471E-005  9.496825324349207E-005  9.266078813245245E-005  9.012911326231549E-005  8.731352772663558E-005  8.412482471608681E-005  8.234784099003677E-005  8.041438183698608E-005  7.828457348191792E-005  7.688826690469386E-005  7.589710496777974E-005  7.430094306094360E-005  7.314857290656249E-005  7.124889826895890E-005  6.983289461235341E-005  6.906609183429424E-005  6.825058226471898E-005  6.737607043901976E-005  6.642792969646763E-005  6.538420746664193E-005  6.283804020550236E-005  6.112853727495013E-005  5.863512990519889E-005
   1077.50015095443       9.846021276896326E-005  9.651438902994803E-005  9.441862115091306E-005  9.214265514955528E-005  8.964571020385106E-005  8.686862741871798E-005  8.372289853274536E-005  8.196948410245871E-005  8.006110324830347E-005  7.795810804377888E-005  7.657891806844712E-005  7.559960422444383E-005  7.402201576950863E-005  7.288263504224979E-005  7.100361918433633E-005  6.960237972086065E-005  6.884334587356315E-005  6.803593322002583E-005  6.716990425393317E-005  6.623074730884906E-005  6.519665013085184E-005  6.267279371553213E-005  6.097722835435579E-005  5.850214725757413E-005
   1082.50015165492       9.704550840398996E-005  9.519391346591884E-005  9.319632476094292E-005  9.102371388851929E-005  8.863532412023516E-005  8.597283753330873E-005  8.294781130890204E-005  8.125696614052022E-005  7.941254824783925E-005  7.737487582151760E-005  7.603541400528927E-005  7.508275174397332E-005  7.354542321848012E-005  7.243303203044923E-005  7.059471283385578E-005  6.922079848388888E-005  6.847550454543321E-005  6.768191481598527E-005  6.682982783849917E-005  6.590477560480317E-005  6.488503734764593E-005  6.239140355856878E-005  6.071265639712973E-005  5.825781123387476E-005
   1087.50015235540       9.357378923721546E-005  9.197684563038817E-005  9.024798377428654E-005  8.835868579404534E-005  8.627023800955735E-005  8.392617382421158E-005  8.123970082877941E-005  7.972626009751868E-005  7.806461225412173E-005  7.621460296974066E-005  7.498989145660589E-005  7.411447051143034E-005  7.269379072021794E-005  7.165948149781483E-005  6.993818934122143E-005  6.864178173382509E-005  6.793495331190465E-005  6.717954464405863E-005  6.636529784776431E-005  6.547766809942581E-005  6.449485808508307E-005  6.207337157068596E-005  6.042998636896775E-005  5.801086629336529E-005
   1092.50015305588       7.565508457911225E-005  7.491940738616119E-005  7.411637162659693E-005  7.323049680056521E-005  7.224020794915036E-005  7.111222038724249E-005  6.979421041299798E-005  6.903764480485400E-005  6.819355243527266E-005  6.723489492514622E-005  6.658779049184523E-005  6.611844215535240E-005  6.534348527726450E-005  6.476785742319936E-005  6.378577489993839E-005  6.302354308792554E-005  6.259878380857506E-005  6.213700941808557E-005  6.162952145096593E-005  6.106380946884941E-005  6.042085666127146E-005  5.875174325747250E-005  5.754015513703859E-005  5.562818034971452E-005
   1097.50015375637       8.486638517526691E-005  8.375254663069638E-005  8.254004527832180E-005  8.120675757059917E-005  7.972160551842508E-005  7.803886199952016E-005  7.608687367982666E-005  7.497449326038347E-005  7.374153193503955E-005  7.235279217726537E-005  7.142322331251549E-005  7.075335061203916E-005  6.965585998828163E-005  6.884814626636514E-005  6.748620786862605E-005  6.644441000627178E-005  6.587010248893450E-005  6.525108897970528E-005  6.457748555079876E-005  6.383521696684254E-005  6.300308569216053E-005  6.090269766434212E-005  5.943323680834314E-005  5.720271961492974E-005
   1102.50015445685       9.363093659970107E-005  9.196319076215820E-005  9.016028202588029E-005  8.819374088543198E-005  8.602416418496943E-005  8.359599436844559E-005  8.082300913005070E-005  7.926592725036962E-005  7.756114876105748E-005  7.566943333899748E-005  7.442101461437220E-005  7.353061305414890E-005  7.208918420872739E-005  7.104261345185950E-005  6.930639981044335E-005  6.800329880513421E-005  6.729445774478520E-005  6.653817843393876E-005  6.572445236168939E-005  6.483909211224859E-005  6.386082257835516E-005  6.145923198964602E-005  5.983587321605249E-005  5.745440280613697E-005
   1107.50015515734       9.473463479327282E-005  9.294483394043825E-005  9.101491157570242E-005  8.891539293323948E-005  8.660779801770730E-005  8.403574718561308E-005  8.111409860568671E-005  7.948148730728466E-005  7.770098953808819E-005  7.573423923839953E-005  7.444159866062093E-005  7.352228395702392E-005  7.203872085818211E-005  7.096519308468796E-005  6.919083531852391E-005  6.786439090363743E-005  6.714470467626739E-005  6.637824982914551E-005  6.555512842865553E-005  6.466132838187922E-005  6.367579321123888E-005  6.126481190509166E-005  5.964113112178048E-005  5.726638377802003E-005
   1112.50015585782       9.442586509969340E-005  9.261539728527910E-005  9.066444207662250E-005  8.854506311278742E-005  8.621858272392930E-005  8.362982772108297E-005  8.069560773931150E-005  7.905913438160481E-005  7.727716218473645E-005  7.531206981579547E-005  7.402246247801867E-005  7.310625155484343E-005  7.162931115855376E-005  7.056178083375169E-005  6.879943274831523E-005  6.748353881639308E-005  6.677006978430942E-005  6.601057722222827E-005  6.519527649356604E-005  6.431030281652411E-005  6.333480851714688E-005  6.094890393417062E-005  5.934162600148925E-005  5.698851737940419E-005
   1117.50015655831       9.399464413324186E-005  9.218913585757634E-005  9.024448827862024E-005  8.813291927419010E-005  8.581556416442163E-005  8.323825329750262E-005  8.031840902789849E-005  7.869059839433032E-005  7.691862301051577E-005  7.496532073529920E-005  7.368381142865507E-005  7.277353103683201E-005  7.130647824851929E-005  7.024627306266184E-005  6.849633257630106E-005  6.718990991003166E-005  6.648162992201843E-005  6.572769451702759E-005  6.491839294942123E-005  6.403995040033681E-005  6.307165525366291E-005  6.070328146645055E-005  5.910766457365914E-005  5.677130239285853E-005
   1122.50015725879       9.350810687599013E-005  9.171676486090858E-005  8.978758853578535E-005  8.769258941384485E-005  8.539391949549022E-005  8.283757575809774E-005  7.994173240910859E-005  7.832734042804597E-005  7.656998520512459E-005  7.463277597937170E-005  7.336167795597816E-005  7.245873351622679E-005  7.100336598659471E-005  6.995149897294366E-005  6.821498519571416E-005  6.691832329679927E-005  6.621522214126846E-005  6.546671433959126E-005  6.466313386104554E-005  6.379078097622603E-005  6.282906394853365E-005  6.047626212894298E-005  5.889089334636171E-005  5.656955575292394E-005
   1127.50015795928       9.150221266729978E-005  8.976991610776647E-005  8.790702096785084E-005  8.588637015556729E-005  8.367320203874905E-005  8.121630546799988E-005  7.843801069087147E-005  7.689131759928948E-005  7.520920594756962E-005  7.335638117316979E-005  7.214138963065891E-005  7.127847291482102E-005  6.988782085581795E-005  6.888271194304818E-005  6.722294497013900E-005  6.598277403439567E-005  6.530986581670927E-005  6.459302887597043E-005  6.382280520626557E-005  6.298571905756689E-005  6.206148948928197E-005  5.979213514823397E-005  5.825418611051696E-005  5.598614120244456E-005
   1132.50015865976       9.103955743810145E-005  8.932363102583121E-005  8.747807862018072E-005  8.547634263526366E-005  8.328276236350282E-005  8.084721943552179E-005  7.809189312604917E-005  7.655741204392561E-005  7.488802234404443E-005  7.304847565284008E-005  7.184180768758873E-005  7.098461357838074E-005  6.960277602506185E-005  6.860375393605193E-005  6.695350570741786E-005  6.572001747698736E-005  6.505058624148227E-005  6.433734947105742E-005  6.357087901720556E-005  6.273776112692703E-005  6.181779612594239E-005  5.955863122094167E-005  5.802767081832647E-005  5.577065043460486E-005
   1137.50015936025       9.136810048207865E-005  8.963528219906530E-005  8.777018272776428E-005  8.574676468746967E-005  8.352916524983440E-005  8.106582537321653E-005  7.827887776935775E-005  7.672661529434706E-005  7.503804059793084E-005  7.317747346979686E-005  7.195717948404270E-005  7.109043008355341E-005  6.969349425649791E-005  6.868378737336973E-005  6.701658040656993E-005  6.577113226257648E-005  6.509552903673038E-005  6.437601576200771E-005  6.360318372450552E-005  6.276367759144401E-005  6.183739189128543E-005  5.956671063863909E-005  5.803184473176572E-005  5.577542594382433E-005
   1142.50016006073       9.054628568489308E-005  8.883143152164247E-005  8.698726927112364E-005  8.498680490218210E-005  8.279535341607446E-005  8.036306333935860E-005  7.761324594332112E-005  7.608273958280936E-005  7.441863574982784E-005  7.258617901503991E-005  7.138488267941190E-005  7.053189753266430E-005  6.915755599509385E-005  6.816449342937061E-005  6.652520641876696E-005  6.530084989476187E-005  6.463672601022996E-005  6.392942238374529E-005  6.316965770889214E-005  6.234421857229617E-005  6.143320757522905E-005  5.919807270220114E-005  5.768478503878175E-005  5.545485454238960E-005
   1147.50016076122       9.051613724533696E-005  8.881555580005943E-005  8.698561406115966E-005  8.499885195577328E-005  8.281973702962272E-005  8.039729902102562E-005  7.765402302739665E-005  7.612499586252838E-005  7.446062584516228E-005  7.262563417499445E-005  7.142141735293554E-005  7.056577321706153E-005  6.918615874556696E-005  6.818856127932432E-005  6.654061243472736E-005  6.530896874012260E-005  6.464067489724450E-005  6.392880084629649E-005  6.316404036880245E-005  6.233315932412610E-005  6.141625481107359E-005  5.916834675240438E-005  5.764912486785321E-005  5.541687992709054E-005
   1152.50016146170       8.998273691866330E-005  8.830011783261753E-005  8.648861755105474E-005  8.452211312436818E-005  8.236480367005566E-005  7.996644168982230E-005  7.724989498510594E-005  7.573564564563958E-005  7.408705914925149E-005  7.226927404128159E-005  7.107619439594247E-005  7.022838836886337E-005  6.886122604791491E-005  6.787250964065405E-005  6.623896497475558E-005  6.501787442603508E-005  6.435521276195080E-005  6.364927466175608E-005  6.289080172143493E-005  6.206664615345871E-005  6.115703602791039E-005  5.892639927004729E-005  5.741835168201459E-005  5.520179138526040E-005
   1157.50016216218       8.934901764985624E-005  8.768426052435229E-005  8.589236045082955E-005  8.394681078689941E-005  8.181321547861969E-005  7.944133132928175E-005  7.675548302764960E-005  7.525827087614660E-005  7.362857080501010E-005  7.183166175832598E-005  7.065235899312245E-005  6.981433191093768E-005  6.846297976347942E-005  6.748571410267716E-005  6.587104402884167E-005  6.466396733406605E-005  6.400886534532292E-005  6.331093471575990E-005  6.256100055881460E-005  6.174602201679194E-005  6.084638913147091E-005  5.863926007625123E-005  5.714599240711664E-005  5.494882599429997E-005
   1162.50016286267       8.803738166448360E-005  8.640654285918026E-005  8.465238052900959E-005  8.275027087316569E-005  8.066660463886211E-005  7.835348081344651E-005  7.573765972367662E-005  7.428118188820701E-005  7.269704540076946E-005  7.095162076242320E-005  6.980672690409164E-005  6.899341053010033E-005  6.768214718586238E-005  6.673400326865419E-005  6.516733472385555E-005  6.399579364447814E-005  6.335973685034177E-005  6.268184123165694E-005  6.195304840343790E-005  6.116047850584326E-005  6.028472700932117E-005  5.813098883288682E-005  5.666825729691182E-005  5.450577047676649E-005
   1167.50016356315       8.692606466938900E-005  8.533470976849679E-005  8.362340554403504E-005  8.176880110262698E-005  7.973770481036816E-005  7.748340473505460E-005  7.493446559204503E-005  7.351515414534355E-005  7.197095984192297E-005  7.026908862865388E-005  6.915223772785885E-005  6.835857255486766E-005  6.707842795780411E-005  6.615222228564622E-005  6.462072381577357E-005  6.347440206679739E-005  6.285160166931970E-005  6.218746854849249E-005  6.147300930898127E-005  6.069544579179107E-005  5.983550635334300E-005  5.771678934559988E-005  5.627438282264003E-005  5.413677328364857E-005
   1172.50016426364       8.764991133733359E-005  8.603977243272451E-005  8.430623218522688E-005  8.242463350245942E-005  8.036080296908064E-005  7.806664841805630E-005  7.546859596153860E-005  7.402025328498549E-005  7.244330819103306E-005  7.070413858799601E-005  6.956231868457022E-005  6.875069417563793E-005  6.744144212491325E-005  6.649418204544407E-005  6.492813634100810E-005  6.375652171618392E-005  6.312030701742184E-005  6.244219952560236E-005  6.171319559301877E-005  6.092050540600717E-005  6.004488388863360E-005  5.789379090354083E-005  5.643594589591249E-005  5.428712098486544E-005
   1177.50016496412       8.560349465854651E-005  8.406206143075731E-005  8.240366163714578E-005  8.060539334858137E-005  7.863518547651263E-005  7.644697232061629E-005  7.397087759400178E-005  7.259113783367259E-005  7.108924520974075E-005  6.943278239473013E-005  6.834505722527742E-005  6.757164692385388E-005  6.632349636675970E-005  6.541987585196907E-005  6.392449479169670E-005  6.280416146262214E-005  6.219507397752924E-005  6.154522947197270E-005  6.084574982759261E-005  6.008401278614322E-005  5.924097241665815E-005  5.716117104466812E-005  5.574312443674212E-005  5.363897442743214E-005
   1182.50016566461       8.582296471071595E-005  8.426744090338930E-005  8.259442442989168E-005  8.077870324426643E-005  7.878910329040738E-005  7.657853406421529E-005  7.407677391368608E-005  7.268273340886224E-005  7.116519990067612E-005  6.949182466699954E-005  6.839318716132713E-005  6.761223740254829E-005  6.635221146804493E-005  6.544031157696975E-005  6.393198961404107E-005  6.280272009983489E-005  6.218909463791721E-005  6.153469377315799E-005  6.083067607039055E-005  6.006446726938543E-005  5.921712632908155E-005  5.713003985368538E-005  5.571004529676227E-005  5.360736381052637E-005
   1187.50016636509       8.493949422998763E-005  8.340747062347102E-005  8.175999519369599E-005  7.997460927560142E-005  7.801974430927772E-005  7.584993519895425E-005  7.339686174621039E-005  7.203080038452019E-005  7.054445589353430E-005  6.890594524567894E-005  6.783039503337159E-005  6.706592067807539E-005  6.583249776456529E-005  6.493973826338773E-005  6.346277299389689E-005  6.235656511507972E-005  6.175526063235190E-005  6.111378723200137E-005  6.042339125791104E-005  5.967161996709594E-005  5.883968024562889E-005  5.678730088991930E-005  5.538762190630657E-005  5.330924996828293E-005
   1192.50016706558       8.546101595175406E-005  8.392010839423324E-005  8.226172043293053E-005  8.046099520303253E-005  7.848640977704256E-005  7.629127111247727E-005  7.380463058303666E-005  7.241804956802529E-005  7.090777935736443E-005  6.924141783142500E-005  6.814681702543036E-005  6.736845135514874E-005  6.611219446081641E-005  6.520271310744192E-005  6.369790888861290E-005  6.257100868836452E-005  6.195863100965596E-005  6.130556397053113E-005  6.060302790819830E-005  5.983855310524107E-005  5.899337424870146E-005  5.691354938562672E-005  5.550094910009545E-005  5.341414514405383E-005
   1197.50016776606       8.428338014884669E-005  8.277619812066704E-005  8.115455287272734E-005  7.939529090017403E-005  7.746697448200156E-005  7.532420136126538E-005  7.289860696707569E-005  7.154656170786888E-005  7.007444743137192E-005  6.845056497829648E-005  6.738402103138446E-005  6.662567076700439E-005  6.540170644932571E-005  6.451555273952546E-005  6.304906392490828E-005  6.195045082332537E-005  6.135322560022332E-005  6.071608775645277E-005  6.003037880177373E-005  5.928376601319359E-005  5.845766161399459E-005  5.642074062663750E-005  5.503294556572575E-005  5.297477555208463E-005
   1202.50016846655       8.411900961881845E-005  8.261499275149060E-005  8.099660274890218E-005  7.924048001131926E-005  7.731586847981811E-005  7.517752356740349E-005  7.275689199767464E-005  7.140773788978335E-005  6.993896946091059E-005  6.831873073386696E-005  6.725464039969543E-005  6.649807461933046E-005  6.527698320807944E-005  6.439295057083601E-005  6.293008430502354E-005  6.183427466685772E-005  6.123863052070509E-005  6.060323478898912E-005  5.991947368764159E-005  5.917508848641415E-005  5.835161032461017E-005  5.632216645897682E-005  5.494054860777818E-005  5.289345234223404E-005
   1207.50016916703       8.335174944256821E-005  8.187282618581954E-005  8.028154749294569E-005  7.855568812840165E-005  7.666407699010544E-005  7.456269815142653E-005  7.218368109725426E-005  7.085767421537434E-005  6.941374921968562E-005  6.782070237256126E-005  6.677425640454063E-005  6.603006728365035E-005  6.482875897576857E-005  6.395882783423678E-005  6.251883580475062E-005  6.143975919617665E-005  6.085302993223277E-005  6.022700047455923E-005  5.955313161911265E-005  5.881927001482038E-005  5.800710213043101E-005  5.600375645645166E-005  5.463817148264150E-005  5.261186067547210E-005
   1212.50016986752       8.293968308302635E-005  8.147067439831945E-005  7.989007463282346E-005  7.817620056700996E-005  7.629806424885722E-005  7.421193232672964E-005  7.185090488730992E-005  7.053510389576921E-005  6.910248800455203E-005  6.752199016658403E-005  6.648378636739418E-005  6.574548409657765E-005  6.455361202026506E-005  6.369047321438274E-005  6.226162059536820E-005  6.119076095768157E-005  6.060845482815073E-005  5.998709624344298E-005  5.931819858814922E-005  5.858968328101153E-005  5.778334444511833E-005  5.579392966427912E-005  5.443744559802360E-005  5.242397271540219E-005
   1217.50017056800       8.264717559159000E-005  8.118953187482796E-005  7.961963130131679E-005  7.791696316290074E-005  7.604979665799782E-005  7.397471884160905E-005  7.162477476750234E-005  7.031443846675114E-005  6.888743008432837E-005  6.731260858405320E-005  6.627791510853081E-005  6.554197598398960E-005  6.435383459486078E-005  6.349330270579993E-005  6.206864893299518E-005  6.100090034213724E-005  6.042029239355309E-005  5.980076542172901E-005  5.913387488165843E-005  5.840761086113279E-005  5.760386943941178E-005  5.562157382135102E-005  5.427073538072475E-005  5.226701619817737E-005
   1222.50017126848       8.204674060924042E-005  8.060472301903340E-005  7.905280454783950E-005  7.736915735368051E-005  7.552342615078678E-005  7.347271023399617E-005  7.115098316745642E-005  6.985671620828853E-005  6.844733561900828E-005  6.689217721827312E-005  6.587049433638100E-005  6.514386119419413E-005  6.397073659474830E-005  6.312106866317654E-005  6.171434573428023E-005  6.065993824137346E-005  6.008652943238582E-005  5.947462034162832E-005  5.881585075669438E-005  5.809830687615381E-005  5.730404022856395E-005  5.534401553197240E-005  5.400713419009233E-005  5.202171529385070E-005
   1227.50017196897       8.136985396543798E-005  7.994932302747109E-005  7.842108326112700E-005  7.676385700458221E-005  7.494774800780279E-005  7.293065466489670E-005  7.064735033985258E-005  6.937457415786790E-005  6.798845461222569E-005  6.645872473791605E-005  6.545349867548412E-005  6.473837335475253E-005  6.358351913936906E-005  6.274676801071440E-005  6.136074076833588E-005  6.032118585155119E-005  5.975559564194932E-005  5.915181024828183E-005  5.850151993750416E-005  5.779287104598909E-005  5.700801613392095E-005  5.506910598276599E-005  5.374481686690702E-005  5.177553611407837E-005
   1232.50017266945       8.091969879435568E-005  7.951262560781834E-005  7.799861725753283E-005  7.635662691975476E-005  7.455692134505005E-005  7.255775776228260E-005  7.029444098410839E-005  6.903267448384645E-005  6.765844652974284E-005  6.614175207241803E-005  6.514501969819573E-005  6.443591346376909E-005  6.329072057789469E-005  6.246092636307178E-005  6.108632953008238E-005  6.005528174611842E-005  5.949427910269786E-005  5.889536001958758E-005  5.825027397407255E-005  5.754725535983553E-005  5.676856760642567E-005  5.484456806960108E-005  5.353015352732704E-005  5.157493790261509E-005
   1237.50017336994       8.051223698811758E-005  7.911921996534878E-005  7.761956864909064E-005  7.599291850052890E-005  7.420946309572174E-005  7.222739332407254E-005  6.998264257631877E-005  6.873083502122819E-005  6.736702539088474E-005  6.586138329710727E-005  6.487172712970878E-005  6.416756941067764E-005  6.303016176852769E-005  6.220590122377023E-005  6.084025948333230E-005  5.981576181420867E-005  5.925827040798549E-005  5.866306787785766E-005  5.802194619078446E-005  5.732320655237364E-005  5.654921925840324E-005  5.463673709731400E-005  5.333018471680040E-005  5.138669294575805E-005
   1242.50017407042       8.012940760073285E-005  7.875017772381303E-005  7.726495216753548E-005  7.565350881467136E-005  7.388579590773212E-005  7.192054393753247E-005  6.969370852965339E-005  6.845137849530095E-005  6.709745939748850E-005  6.560222304593170E-005  6.461907029354381E-005  6.391940498902033E-005  6.278896829124124E-005  6.196954203155784E-005  6.061159166186056E-005  5.959260081189474E-005  5.903802840625386E-005  5.844588096678582E-005  5.780798787904555E-005  5.711271490862568E-005  5.634252040120988E-005  5.443936767887596E-005  5.313933972566040E-005  5.120609615844824E-005
   1247.50017477091       7.937625311742168E-005  7.802197343688579E-005  7.656461385713507E-005  7.498284179649683E-005  7.324841103058991E-005  7.132052587612603E-005  6.913590693498136E-005  6.791698951776491E-005  6.658865387168665E-005  6.512133941614576E-005  6.415640130855246E-005  6.346957639403179E-005  6.235969321435387E-005  6.155497502523424E-005  6.022092842836819E-005  5.921942502631809E-005  5.867417465225501E-005  5.809182233077910E-005  5.746426060323001E-005  5.677996222452301E-005  5.602152800567396E-005  5.414526653952813E-005  5.286147634460899E-005  5.094870723014486E-005
   1252.50017547139       7.895493320108661E-005  7.760955566531153E-005  7.616124023271488E-005  7.458961312928104E-005  7.286612685660790E-005  7.095029689058773E-005  6.877964014553599E-005  6.756881028055838E-005  6.624941925299321E-005  6.479232279437088E-005  6.383426604740614E-005  6.315242237712249E-005  6.205072355451280E-005  6.125209105319220E-005  5.992834657528740E-005  5.893476215782997E-005  5.839389301872608E-005  5.781625251888717E-005  5.719381179906428E-005  5.651512765478263E-005  5.576293579050505E-005  5.390199041623954E-005  5.262830544428400E-005  5.072948237902931E-005
   1257.50017617188       7.795346099058374E-005  7.664119083678877E-005  7.522959888083489E-005  7.369857015330204E-005  7.202092230575406E-005  7.015693323184232E-005  6.804620197972813E-005  6.686884860921875E-005  6.558575728629165E-005  6.416853267279331E-005  6.323634570826200E-005  6.257271583538928E-005  6.150005301694116E-005  6.072202135083510E-005  5.943151799966385E-005  5.846195006469195E-005  5.793375844331096E-005  5.736932172374809E-005  5.676067255163285E-005  5.609646674995202E-005  5.535955901936869E-005  5.353242039554449E-005  5.227807129371604E-005  5.040192440821449E-005
   1262.50017687236       7.756666596015374E-005  7.627868481357833E-005  7.489171708393142E-005  7.338614751500967E-005  7.173415300822919E-005  6.989604648805093E-005  6.781072308866553E-005  6.664586908357339E-005  6.537504731440113E-005  6.396954359378383E-005  6.304410508374341E-005  6.238483902597578E-005  6.131841514352401E-005  6.054435440878183E-005  5.925941086711901E-005  5.829331770829518E-005  5.776678466312357E-005  5.720396526754284E-005  5.659691138813220E-005  5.593430619675173E-005  5.519906160366151E-005  5.337606394211338E-005  5.212513344601768E-005  5.025585285405059E-005
   1267.50017757285       7.707418132011371E-005  7.581801516351791E-005  7.446364471123650E-005  7.299166703447071E-005  7.137340577141064E-005  6.956998463816023E-005  6.751973027366598E-005  6.637248225973549E-005  6.511925252261134E-005  6.373133974150432E-005  6.281644511244548E-005  6.216417526157254E-005  6.110823771717942E-005  6.034120117826174E-005  5.906689333295055E-005  5.810806121865611E-005  5.758526187811519E-005  5.702627780986983E-005  5.642321028409785E-005  5.576480355859743E-005  5.503408023036887E-005  5.322197919174064E-005  5.197852472512857E-005  5.012061476031149E-005
   1272.50017827333       7.567359893509020E-005  7.451474252418379E-005  7.326172723504835E-005  7.189584187672762E-005  7.038939968482248E-005  6.870329563104540E-005  6.677640557197150E-005  6.569324181300111E-005  6.450555773011469E-005  6.318461607654514E-005  6.231053594806722E-005  6.168574263363479E-005  6.067136935530620E-005  5.993223662552188E-005  5.870005201484197E-005  5.776945975261415E-005  5.726082949661666E-005  5.671605282787220E-005  5.612724003322184E-005  5.548314915664959E-005  5.476685341466498E-005  5.298431784911869E-005  5.175663579951063E-005  4.991684459548031E-005
   1277.50017897382       7.098499733958883E-005  7.012040617283823E-005  6.918059739332189E-005  6.814835533952926E-005  6.700007580293365E-005  6.570084256732315E-005  6.419608626046126E-005  6.333959557149948E-005  6.239090872303175E-005  6.132306813764113E-005  6.060851293534379E-005  6.009360804098498E-005  5.924995803608243E-005  5.862891308756671E-005  5.758107950117533E-005  5.677873533617569E-005  5.633599992091425E-005  5.585839194780733E-005  5.533810553485680E-005  5.476398898455445E-005  5.411922174009990E-005  5.248510142471517E-005  5.133485241801446E-005  4.957523698634163E-005
   1282.50017967430       5.921988171018794E-005  5.881813598262041E-005  5.837930595519567E-005  5.789432797095113E-005  5.735076326214729E-005  5.672965119502341E-005  5.600034281300267E-005  5.557965186337335E-005  5.510807218446739E-005  5.456908875189286E-005  5.420286073824364E-005  5.393584835887831E-005  5.349203914189861E-005  5.315974614951066E-005  5.258677076072785E-005  5.213598826586432E-005  5.188216708862891E-005  5.160389666204253E-005  5.129505609438440E-005  5.094674956420612E-005  5.054528945889138E-005  4.947190015011244E-005  4.866160827504581E-005  4.732765643619752E-005
   1287.50018037478       7.120563217088097E-005  7.029737572522420E-005  6.931100268674984E-005  6.822862410278628E-005  6.702673964095064E-005  6.566939758893807E-005  6.410099725372830E-005  6.321033151270687E-005  6.222572100351478E-005  6.111988838503166E-005  6.038154796004963E-005  5.985036166846553E-005  5.898159784972929E-005  5.834341858984225E-005  5.726939800544487E-005  5.644943107746677E-005  5.599792801172467E-005  5.551163512768398E-005  5.498282463518090E-005  5.440046632198745E-005  5.374792175697485E-005  5.210118223170325E-005  5.094804805432725E-005  4.919258113621617E-005
   1292.50018107527       7.405447373848069E-005  7.292290775940214E-005  7.170022080738740E-005  7.036832967981269E-005  6.890058090394370E-005  6.725938320024924E-005  6.538625070016809E-005  6.433426994703454E-005  6.318175503475105E-005  6.190100871820957E-005  6.105416506994728E-005  6.044909243379468E-005  5.946722545872236E-005  5.875211271359803E-005  5.756052827824476E-005  5.666094084187419E-005  5.616934254569388E-005  5.564284821639134E-005  5.507380922905426E-005  5.445132068597658E-005  5.375893337325141E-005  5.203477998069568E-005  5.084570320845329E-005  4.906004767847811E-005
   1297.50018177575       7.439174882277698E-005  7.320398514139607E-005  7.192409038153008E-005  7.053269964843444E-005  6.900431829964179E-005  6.730120025779648E-005  6.536565302063180E-005  6.428274853780370E-005  6.309979250227743E-005  6.178957938212138E-005  6.092570232897276E-005  6.030969529543555E-005  5.931217081442415E-005  5.858725857732002E-005  5.738225783436095E-005  5.647485775411980E-005  5.597978984073667E-005  5.545018016473610E-005  5.487844857418792E-005  5.425377754393573E-005  5.355985324966951E-005  5.183552722104645E-005  5.064892519415365E-005  4.887008108310224E-005
   1302.50018247624       7.423808412107160E-005  7.303861114526394E-005  7.174664251986358E-005  7.034362301343701E-005  6.880382418244739E-005  6.708992701629268E-005  6.514499717380578E-005  6.405812839789161E-005  6.287197616808944E-005  6.155958381566442E-005  6.069507506719672E-005  6.007898122695109E-005  5.908195179753734E-005  5.835787528815913E-005  5.715512826031801E-005  5.625009378387974E-005  5.575654527741609E-005  5.522873462378340E-005  5.465913508746332E-005  5.403701440370825E-005  5.334616872647204E-005  5.163051017674423E-005  5.045057968805866E-005  4.868250390404800E-005
   1307.50018317672       7.392684572214383E-005  7.272923471633270E-005  7.143998743493016E-005  7.004025072779950E-005  6.850505204317299E-005  6.679701096742379E-005  6.485981920223596E-005  6.377777857157656E-005  6.259730122522647E-005  6.129163840868977E-005  6.043179176815194E-005  5.981911617061872E-005  5.882781008647460E-005  5.810799153989325E-005  5.691247879181061E-005  5.601298475031985E-005  5.552247756260624E-005  5.499792533826073E-005  5.443184153345126E-005  5.381355439610561E-005  5.312694486117944E-005  5.142163059950211E-005  5.024862924456235E-005  4.849070053244690E-005
   1312.50018387721       7.347118584992542E-005  7.228018403636444E-005  7.099871415868145E-005  6.960829516866572E-005  6.808324702342027E-005  6.638791298917290E-005  6.446623648395754E-005  6.339348346380504E-005  6.222358546167983E-005  6.093022459869889E-005  6.007879356841593E-005  5.947225130978376E-005  5.849112526386052E-005  5.777886071840902E-005  5.659615743207383E-005  5.570647470951283E-005  5.522135632063385E-005  5.470258441038406E-005  5.414274175410927E-005  5.353124198818497E-005  5.285211082339666E-005  5.116478006058517E-005  5.000332842701704E-005  4.826086385443388E-005
   1317.50018457769       7.284460342604731E-005  7.166913865485028E-005  7.040490640924018E-005  6.903371104906724E-005  6.753070564026722E-005  6.586035681945554E-005  6.396808146538155E-005  6.291212666090680E-005  6.176081246067169E-005  6.048822599305188E-005  5.965059598231637E-005  5.905390033624300E-005  5.808868458972654E-005  5.738796395923834E-005  5.622427476954560E-005  5.534867367320246E-005  5.487113093262673E-005  5.436035427316669E-005  5.380899207489364E-005  5.320655673552004E-005  5.253719332821530E-005  5.087241353728518E-005  4.972471571877891E-005  4.799974824547987E-005
   1322.50018527818       7.270170675363566E-005  7.153001722355451E-005  7.026854516366521E-005  6.890029264438283E-005  6.739980053074535E-005  6.573177729541946E-005  6.384110899462038E-005  6.278564903240901E-005  6.163457846018969E-005  6.036186679962064E-005  5.952390971144077E-005  5.892691300177217E-005  5.796104537018422E-005  5.725974702079605E-005  5.609497598606677E-005  5.521851192265270E-005  5.474050386241948E-005  5.422925431428769E-005  5.367743126553368E-005  5.307457908623286E-005  5.240490804430407E-005  5.074048003702128E-005  4.959434333075074E-005  4.787421927920482E-005
   1327.50018597866       7.227617935883010E-005  7.111445696028605E-005  6.986437326208776E-005  6.850800157368247E-005  6.702116267521369E-005  6.536809804344348E-005  6.349470094681170E-005  6.244891830484588E-005  6.130848279517168E-005  6.004751652187154E-005  5.921728736643255E-005  5.862580956161450E-005  5.766884467830072E-005  5.697401028700696E-005  5.581992209134635E-005  5.495145246626137E-005  5.447777868728466E-005  5.397113483577266E-005  5.342425467661598E-005  5.282675582913580E-005  5.216296043949999E-005  5.051269650858105E-005  4.937582240309424E-005  4.766859449538388E-005
   1332.50018667915       7.187244870589940E-005  7.072175832924107E-005  6.948317258032296E-005  6.813980567952599E-005  6.666685561939455E-005  6.502938183760928E-005  6.317354426445567E-005  6.213752003583360E-005  6.100756747427304E-005  5.975807361476532E-005  5.893534631361343E-005  5.834913284744085E-005  5.740062999329415E-005  5.671182833329508E-005  5.556758730627031E-005  5.470634852092950E-005  5.423655498087607E-005  5.373400876233980E-005  5.319148237014613E-005  5.259865859006370E-005  5.193994910235270E-005  5.030178420198795E-005  4.917277592453757E-005  4.747666856351465E-005
   1337.50018737963       7.144889008921815E-005  7.030876475368454E-005  6.908197402897992E-005  6.775119700931886E-005  6.629201098474805E-005  6.467021721346078E-005  6.283192804540284E-005  6.180568520734591E-005  6.068643113744540E-005  5.944874869752149E-005  5.863374049338290E-005  5.805302240904323E-005  5.711334409416370E-005  5.643092333001896E-005  5.529720529852739E-005  5.444383297494607E-005  5.397829599750043E-005  5.348027710288560E-005  5.294260545256056E-005  5.235503864195875E-005  5.170209750154078E-005  5.007785871435173E-005  4.895796762017196E-005  4.727460689165409E-005
   1342.50018808012       7.101515606985804E-005  6.988607943683032E-005  6.867125524632575E-005  6.735356630332952E-005  6.590888284536012E-005  6.430321455549175E-005  6.248346966253298E-005  6.146756751366955E-005  6.035961540855548E-005  5.913439821880500E-005  5.832757881327077E-005  5.775268942178335E-005  5.682237257720129E-005  5.614670639250160E-005  5.502409710262781E-005  5.417895772694558E-005  5.371785671928196E-005  5.322453702172716E-005  5.269187207707667E-005  5.210968975118572E-005  5.146261523171084E-005  4.985231777970867E-005  4.874139233984302E-005  4.707033402769240E-005
   1347.50018878060       7.059134882610959E-005  6.947292241675531E-005  6.827053257586364E-005  6.696593297512165E-005  6.553563574125292E-005  6.394602187594349E-005  6.214453701670154E-005  6.113884803139295E-005  6.004190986165413E-005  5.882889636188522E-005  5.803005992760755E-005  5.746081932078950E-005  5.653960130480821E-005  5.587049405020115E-005  5.475865400597623E-005  5.392150050926813E-005  5.346470733056021E-005  5.297594379432951E-005  5.244813922684478E-005  5.187118786176626E-005  5.122981489878606E-005  4.963310750046565E-005  4.853098118934827E-005  4.687218760615099E-005
   1352.50018948108       7.003447833057719E-005  6.893031713106442E-005  6.774268664161315E-005  6.645474677643654E-005  6.504355989767959E-005  6.347551331442041E-005  6.169914556708877E-005  6.070782428257494E-005  5.962676105588226E-005  5.843141747945398E-005  5.764428464989014E-005  5.708340752527561E-005  5.617573558620576E-005  5.551643425661331E-005  5.442077016619540E-005  5.359563242085930E-005  5.314530523880189E-005  5.266337632041226E-005  5.214282898069258E-005  5.157364000617108E-005  5.094064742677663E-005  4.936335200913887E-005  4.827311549361030E-005  4.662953680952166E-005
   1357.50019018157       6.965802828903152E-005  6.856168044459589E-005  6.738233001554443E-005  6.610359256989631E-005  6.470235931152993E-005  6.314542311466317E-005  6.138193908581577E-005  6.039785171889413E-005  5.932487835370585E-005  5.813862640253442E-005  5.735759433444433E-005  5.680109926296024E-005  5.590061614708994E-005  5.524661502619521E-005  5.415988330585031E-005  5.334157077597823E-005  5.289499532410098E-005  5.241710679862602E-005  5.190094028113671E-005  5.133655229113616E-005  5.070889864316546E-005  4.914475573629038E-005  4.806329364435809E-005  4.643201332363282E-005
   1362.50019088205       6.935028072459628E-005  6.826409093365840E-005  6.709569871589286E-005  6.582859941971382E-005  6.443952830071148E-005  6.289571715282118E-005  6.114631140097255E-005  6.016969385852246E-005  5.910450899389547E-005  5.792639008789431E-005  5.715042362182855E-005  5.659740824022057E-005  5.570230062619266E-005  5.505200731901784E-005  5.397108902789280E-005  5.315687744407208E-005  5.271244973656682E-005  5.223679934967930E-005  5.172298832104226E-005  5.116111471753985E-005  5.053620526851070E-005  4.897887847693408E-005  4.790235417632162E-005  4.627927648051649E-005
   1367.50019158254       6.889137199587504E-005  6.781606910072188E-005  6.665980342509459E-005  6.540551718044254E-005  6.403110697548715E-005  6.250363650406786E-005  6.077317157779891E-005  5.980725182574696E-005  5.875374550889805E-005  5.758871844056110E-005  5.682142447948368E-005  5.627460062033978E-005  5.538952757807859E-005  5.474654034898120E-005  5.367774030928757E-005  5.287262013218049E-005  5.243312935088565E-005  5.196272969406785E-005  5.145454190696314E-005  5.089874649225701E-005  5.028048864882628E-005  4.873900669744014E-005  4.767258880770808E-005  4.606301892480836E-005
   1372.50019228302       6.812339416819248E-005  6.706552959696705E-005  6.592842103266470E-005  6.469633031403129E-005  6.334692764719358E-005  6.184871887055658E-005  6.015286065861514E-005  5.920682785440694E-005  5.817555892860146E-005  5.703550419323343E-005  5.628485040279425E-005  5.574995363660208E-005  5.488423099747950E-005  5.425527152640177E-005  5.320960197232293E-005  5.242160165676014E-005  5.199128346444450E-005  5.153053391716923E-005  5.103253303481515E-005  5.048753794574783E-005  4.988078970976503E-005  4.836504561809164E-005  4.731336340532941E-005  4.572072265593489E-005
   1377.50019298351       6.806979121441548E-005  6.701300531742325E-005  6.587727234438536E-005  6.464557150515806E-005  6.329611839750419E-005  6.179712952186806E-005  6.009932830596378E-005  5.915185166092018E-005  5.811872664017781E-005  5.697632983484294E-005  5.622397414530782E-005  5.568783400277041E-005  5.482004172488052E-005  5.418955133059690E-005  5.314142417278014E-005  5.235168942597567E-005  5.192051578224575E-005  5.145893098633972E-005  5.096014956777335E-005  5.041448316086702E-005  4.980725974400024E-005  4.829197316840123E-005  4.724233164335514E-005  4.565572325894380E-005
   1382.50019368399       6.770349545764573E-005  6.665707763273032E-005  6.553194709387488E-005  6.431198635119595E-005  6.297521547429369E-005  6.149014292673561E-005  5.980794424358491E-005  5.886911916713293E-005  5.784523690131320E-005  5.671292672520769E-005  5.596711049365238E-005  5.543555535380576E-005  5.457508571186640E-005  5.394983032501316E-005  5.291022510844338E-005  5.212674644952506E-005  5.169892324991288E-005  5.124087698907417E-005  5.074585871314011E-005  5.020423823967620E-005  4.960142971129606E-005  4.809676584244424E-005  4.705418238441633E-005  4.547785210843899E-005
   1387.50019438448       6.742764200404180E-005  6.639074216483202E-005  6.527574549045740E-005  6.406619034107387E-005  6.274062879994341E-005  6.126709446024615E-005  5.959702101402396E-005  5.866450892274645E-005  5.764706737620538E-005  5.652132349202429E-005  5.577956016850885E-005  5.525073411890720E-005  5.439444473874722E-005  5.377203243390110E-005  5.273682884854679E-005  5.195643565626612E-005  5.153022790774083E-005  5.107386395540057E-005  5.058062197812695E-005  5.004091094930586E-005  4.944021546395952E-005  4.794099207611348E-005  4.690256527024652E-005  4.533349923523873E-005
   1392.50019508496       6.686880630455937E-005  6.584334892748520E-005  6.474079822564237E-005  6.354537015579931E-005  6.223607530981621E-005  6.078148564240810E-005  5.913412351577293E-005  5.821482339939989E-005  5.721230276435910E-005  5.610355947849319E-005  5.537324085093450E-005  5.485272324348245E-005  5.401002530326892E-005  5.339762010999597E-005  5.237920534106745E-005  5.161152097805610E-005  5.119224180036965E-005  5.074326404257350E-005  5.025794963443359E-005  4.972680510152077E-005  4.913545663194662E-005  4.765822867438929E-005  4.663341703225985E-005  4.508159279158969E-005
   1397.50019578545       6.659081674773545E-005  6.557330719449471E-005  6.447919378062386E-005  6.329259501640399E-005  6.199229576760313E-005  6.054742469042081E-005  5.891024898167105E-005  5.799628946212614E-005  5.699930913627772E-005  5.589638077921284E-005  5.516974486121107E-005  5.465176192273490E-005  5.381305256153793E-005  5.320345983832974E-005  5.218959385512936E-005  5.142525026455111E-005  5.100777726697051E-005  5.056072444460387E-005  5.007748913095310E-005  4.954862611154762E-005  4.895984015672939E-005  4.748924423740368E-005  4.646933954797132E-005  4.492554269064358E-005
   1402.50019648593       6.623932576761487E-005  6.523141812014230E-005  6.414705743790394E-005  6.297135469907408E-005  6.168266553145583E-005  6.025074793704755E-005  5.862791358766792E-005  5.772180673124177E-005  5.673326527607614E-005  5.563954557029173E-005  5.491882618965708E-005  5.440499022446167E-005  5.357289650344216E-005  5.296802736154960E-005  5.196183963950144E-005  5.120314281058703E-005  5.078869813955793E-005  5.034484427403021E-005  4.986501593147836E-005  4.933982226772301E-005  4.875504607550659E-005  4.729413460153447E-005  4.628068461433196E-005  4.474628797457224E-005
   1407.50019718641       6.589070863679468E-005  6.489222208786020E-005  6.381862110480660E-005  6.265420947753814E-005  6.137778468336748E-005  5.995928660545587E-005  5.835144266573773E-005  5.745357169025001E-005  5.647381934318110E-005  5.538960111655801E-005  5.467501208975722E-005  5.416548260241542E-005  5.334022540212137E-005  5.274019403861220E-005  5.174183403280772E-005  5.098883479678239E-005  5.057743319720422E-005  5.013677086399966E-005  4.966032937502107E-005  4.913875784162556E-005  4.855792078708501E-005  4.710645102562617E-005  4.609928449753363E-005  4.457415452003068E-005
   1412.50019788690       6.546433535635100E-005  6.447506311530726E-005  6.341110812755456E-005  6.225736194168631E-005  6.099314989711951E-005  5.958839854279859E-005  5.799652418792073E-005  5.710778577522490E-005  5.613819470352709E-005  5.506541870057341E-005  5.435848248176037E-005  5.385446021609355E-005  5.303821439549336E-005  5.244480462781534E-005  5.145755528411349E-005  5.071298869863137E-005  5.030619363884387E-005  4.987047112289847E-005  4.939934634227201E-005  4.888355976053199E-005  4.830909227228066E-005  4.687295610335365E-005  4.587566412121418E-005  4.436380006401716E-005
   1417.50019858738       6.511999414329308E-005  6.413986288481674E-005  6.308601648208039E-005  6.194327041209070E-005  6.069090193929222E-005  5.929920157653043E-005  5.772182494283123E-005  5.684101867502404E-005  5.587996368187022E-005  5.481636143403009E-005  5.411534174359223E-005  5.361546619833012E-005  5.280579641858793E-005  5.221706034418102E-005  5.123734426754089E-005  5.049826338780265E-005  5.009439153879800E-005  4.966174110523036E-005  4.919387252034172E-005  4.868157172517702E-005  4.811088712308757E-005  4.668379231906637E-005  4.569247408712256E-005  4.418928901376205E-005
   1422.50019928787       6.473084770347992E-005  6.375979023032201E-005  6.271527468815560E-005  6.158272719487872E-005  6.034176616783660E-005  5.896275549063417E-005  5.740002253519361E-005  5.652743308728136E-005  5.557541926441284E-005  5.452196010893725E-005  5.382764245045216E-005  5.333256784237797E-005  5.253071780680254E-005  5.194767900821135E-005  5.097747060286401E-005  5.024557098002036E-005  4.984562045536190E-005  4.941715803168757E-005  4.895379961963081E-005  4.844640165822353E-005  4.788112081316916E-005  4.646710590726859E-005  4.548433478706529E-005  4.399296854916559E-005
   1427.50019998835       6.434881297519117E-005  6.338639438573610E-005  6.235129882410759E-005  6.122891840642069E-005  5.999927301266290E-005  5.863295516755900E-005  5.708471909442618E-005  5.622034136679989E-005  5.527725957165589E-005  5.423377868658007E-005  5.354606874959034E-005  5.305573076968250E-005  5.226155141179911E-005  5.168410560945066E-005  5.072321931215497E-005  4.999833569191028E-005  4.960220689560514E-005  4.917782368423836E-005  4.871885012983897E-005  4.821622046952630E-005  4.765618452608027E-005  4.625486467701952E-005  4.528040483431065E-005  4.380058608993108E-005
   1432.50020068884       6.401586001033422E-005  6.306303693834003E-005  6.203794831532648E-005  6.092666304873468E-005  5.970893526527022E-005  5.835563316394901E-005  5.682189013181882E-005  5.596540241123220E-005  5.503073550437722E-005  5.399625579699877E-005  5.331431740710887E-005  5.282797962504850E-005  5.204012610379573E-005  5.146712000388177E-005  5.051335105275632E-005  4.979359321824540E-005  4.940017916360166E-005  4.897863675028376E-005  4.852265935189108E-005  4.802322139174653E-005  4.746664789743870E-005  4.607360595917366E-005  4.510468549708568E-005  4.363313943981849E-005
   1437.50020138932       6.369398226835258E-005  6.274988318291926E-005  6.173448819777371E-005  6.063371394028776E-005  5.942696711475626E-005  5.808589387615546E-005  5.656572341112503E-005  5.571662385581242E-005  5.478987778781746E-005  5.376395574552006E-005  5.308750588198466E-005  5.260502788747120E-005  5.182324566917759E-005  5.125454930639718E-005  5.030769410886079E-005  4.959296068394384E-005  4.920221113522215E-005  4.878346579657155E-005  4.833044306853829E-005  4.783415956431309E-005  4.728100119753566E-005  4.589612499762623E-005  4.493265779946635E-005  4.346927928647381E-005
   1442.50020208981       6.243123833115373E-005  6.152036989976951E-005  6.054201925938032E-005  5.948233112032656E-005  5.832243689041329E-005  5.703493036344455E-005  5.557735895122285E-005  5.476393005966584E-005  5.387658679550402E-005  5.289469334577647E-005  5.224742032283099E-005  5.178574982951776E-005  5.103761755535719E-005  5.049326857104910E-005  4.958643394495549E-005  4.890124339879903E-005  4.852631283621401E-005  4.812419018736378E-005  4.768869739773003E-005  4.721097975263189E-005  4.667758647916569E-005  4.533676475329904E-005  4.439833818777256E-005  4.296330028032368E-005
   1447.50020279029       6.294350042833909E-005  6.201650822083679E-005  6.101947078612686E-005  5.993847081611088E-005  5.875379857869216E-005  5.743764941794727E-005  5.594583867235899E-005  5.511270893484937E-005  5.420348306187312E-005  5.319699875100276E-005  5.253341473754817E-005  5.206010339348250E-005  5.129321139842937E-005  5.073534200559617E-005  4.980650241511815E-005  4.910529702983137E-005  4.872191173191281E-005  4.831101988778312E-005  4.786643648885274E-005  4.737931558771313E-005  4.683623389903939E-005  4.547571444061982E-005  4.452816382559979E-005  4.308681941532057E-005
   1452.50020349078       6.216997046406067E-005  6.126147252561942E-005  6.028526876006646E-005  5.922733243237877E-005  5.806877323224141E-005  5.678232941251989E-005  5.532521401400359E-005  5.451188389153415E-005  5.362461945600545E-005  5.264276437486005E-005  5.199554747057580E-005  5.153397989002730E-005  5.078611139688514E-005  5.024206358217093E-005  4.933605657206722E-005  4.865183105449222E-005  4.827758423980752E-005  4.787633326188992E-005  4.744197398540728E-005  4.696574520167117E-005  4.643435318068865E-005  4.510037550362032E-005  4.416839985352321E-005  4.274554444658396E-005
   1457.00020412121       6.227232506512593E-005  6.136080975029975E-005  6.038105272619596E-005  5.931851292944178E-005  5.815436227619336E-005  5.686081235131270E-005  5.539473526043883E-005  5.457600135546763E-005  5.368249723421092E-005  5.269336631590886E-005  5.204118872787468E-005  5.157599686740544E-005  5.082220222429314E-005  5.027381761399268E-005  4.936062528540995E-005  4.867109794706862E-005  4.829403503233314E-005  4.788986134564393E-005  4.745247081911866E-005  4.697312115812433E-005  4.643855735322333E-005  4.509852328103028E-005  4.416437264059116E-005  4.274185041069143E-005
   1462.00020482170       6.182029381464735E-005  6.091732801158058E-005  5.994727155302210E-005  5.889628378884400E-005  5.774570100156795E-005  5.646807088058329E-005  5.502086354579406E-005  5.421285219442210E-005  5.333117501721328E-005  5.235523675666231E-005  5.171175533542907E-005  5.125274623089536E-005  5.050887976566461E-005  4.996763805123196E-005  4.906612888715128E-005  4.838520502815925E-005  4.801274443961051E-005  4.761341065650212E-005  4.718114150438549E-005  4.670724082528140E-005  4.617853218459514E-005  4.485194132266349E-005  4.392589061770504E-005  4.251348954101047E-005
   1467.50020559223       6.163086837550348E-005  6.073138209647122E-005  5.976452072610657E-005  5.871691426807603E-005  5.756953873127066E-005  5.629518031458140E-005  5.485135625669925E-005  5.404509275251795E-005  5.316524669922037E-005  5.219133163279025E-005  5.154915547378362E-005  5.109106683043960E-005  5.034876032440628E-005  4.980868752878967E-005  4.890922309200090E-005  4.822995992026829E-005  4.785846460340694E-005  4.746021727684908E-005  4.702919003120147E-005  4.655674934636281E-005  4.602980208883720E-005  4.470839079590676E-005  4.378671510426509E-005  4.238223464098789E-005
   1472.50020629271       6.125229612012216E-005  6.035991889450000E-005  5.940080314608356E-005  5.836178763872325E-005  5.722422350586959E-005  5.596084001552369E-005  5.452971243451573E-005  5.373074891451209E-005  5.285902069763029E-005  5.189422632686334E-005  5.125819341956973E-005  5.080456083025286E-005  5.006953223897280E-005  4.953481913941584E-005  4.864438696157784E-005  4.797200938037934E-005  4.760428945120396E-005  4.721009259839633E-005  4.678344021203328E-005  4.631576585144378E-005  4.579407216891807E-005  4.448529000753922E-005  4.357165721037671E-005  4.217767327226564E-005
   1477.50020699320       6.071508392291714E-005  5.983662162240932E-005  5.889299656850584E-005  5.787100968532274E-005  5.675252364515867E-005  5.551090634166081E-005  5.410499254792672E-005  5.332027484181463E-005  5.246409513700099E-005  5.151656348663618E-005  5.089186879221108E-005  5.044627450405199E-005  4.972416350982067E-005  4.919873450857617E-005  4.832348560333625E-005  4.766224836652143E-005  4.730047797347874E-005  4.691253043552041E-005  4.649247361653422E-005  4.603180405954944E-005  4.551761489555432E-005  4.422598726319246E-005  4.332274811808362E-005  4.194214431875103E-005
   1482.50020769368       6.055076335340504E-005  5.967511209627822E-005  5.873428327109327E-005  5.771520230524239E-005  5.659954776399036E-005  5.536073505161808E-005  5.395771644872389E-005  5.317445989801379E-005  5.231980081064452E-005  5.137373892778011E-005  5.074994412888489E-005  5.030496883998071E-005  4.958381530438178E-005  4.905905876443493E-005  4.818489245226412E-005  4.752448663566596E-005  4.716318772009580E-005  4.677575881079940E-005  4.635629314292024E-005  4.589631801480210E-005  4.538297868472989E-005  4.409396538020668E-005  4.319308150226084E-005  4.181697222047673E-005
   1487.50020839417       5.996653309982665E-005  5.910835419192217E-005  5.818631792853288E-005  5.718797523243123E-005  5.609509551120355E-005  5.488173772772128E-005  5.350746888605104E-005  5.274016835621408E-005  5.190282808631024E-005  5.097575098792158E-005  5.036431127620314E-005  4.992803799955299E-005  4.922080085220093E-005  4.870598540652657E-005  4.784794737464856E-005  4.719930038681515E-005  4.684424936683773E-005  4.646336493487441E-005  4.605077618605354E-005  4.559807462692086E-005  4.509248003460552E-005  4.382092861942083E-005  4.293033342191164E-005  4.156677195731060E-005
   1492.50020909465       6.011582047745001E-005  5.925192867854073E-005  5.832341604493166E-005  5.731704874444446E-005  5.621442233954032E-005  5.498926843497469E-005  5.360043967815595E-005  5.282443925880171E-005  5.197724318707539E-005  5.103883830012895E-005  5.041975367845843E-005  4.997797782527859E-005  4.926173796560720E-005  4.874033759674641E-005  4.787142450087202E-005  4.721472727142396E-005  4.685537807757112E-005  4.646999034046779E-005  4.605268498734793E-005  4.559503940717532E-005  4.508427486368980E-005  4.380183747437416E-005  4.290584788276770E-005  4.153792270277885E-005
   1497.50020979514       5.970842257161543E-005  5.885253307048811E-005  5.793286718994016E-005  5.693621126391507E-005  5.584463119974754E-005  5.463190559746650E-005  5.325754427208114E-005  5.248988590083313E-005  5.165193055782957E-005  5.072396707929525E-005  5.011186087024692E-005  4.967510213934622E-005  4.896707685051666E-005  4.845171082015675E-005  4.759289023988454E-005  4.694383211969726E-005  4.658865336090512E-005  4.620771985824164E-005  4.579520394884650E-005  4.534275577250502E-005  4.483769889850361E-005  4.356897182168245E-005  4.268189319364022E-005  4.132659907723517E-005
   1502.50021049562       5.919450209092618E-005  5.835342851649647E-005  5.744952041075542E-005  5.647002976647696E-005  5.539722061696663E-005  5.420520319821906E-005  5.285406090784699E-005  5.209911190250032E-005  5.127478506680672E-005  5.036157655922598E-005  4.975894469853814E-005  4.932880082979440E-005  4.863119776637831E-005  4.812316184618112E-005  4.727598450791577E-005  4.663519060971281E-005  4.628430613631896E-005  4.590778918524406E-005  4.549981491061382E-005  4.505203735229654E-005  4.455178162144298E-005  4.329298584377696E-005  4.241088759391242E-005  4.105998615441406E-005
   1507.50021119611       5.896194358085119E-005  5.812034445898050E-005  5.721596000803513E-005  5.623640897854317E-005  5.516386025272264E-005  5.397279301340016E-005  5.262360537868422E-005  5.187020195229984E-005  5.104798788165866E-005  5.013764990350940E-005  4.953723323021181E-005  4.910883811222486E-005  4.841436528672498E-005  4.790884586172009E-005  4.706632518592424E-005  4.642944331244386E-005  4.608084935229528E-005  4.570690247393253E-005  4.530185177451148E-005  4.485744866190409E-005  4.436117032384686E-005  4.311335165839313E-005  4.223974396343213E-005  4.090301940751429E-005
   1512.50021189659       5.884183311521232E-005  5.800447753519588E-005  5.710422754757611E-005  5.612830334508638E-005  5.505886152582370E-005  5.387042026447072E-005  5.252272163326949E-005  5.176947790846369E-005  5.094690746209430E-005  5.003545156651661E-005  4.943392226116327E-005  4.900455065876818E-005  4.830822114305835E-005  4.780113653261680E-005  4.695572242050715E-005  4.631649762686298E-005  4.596659798382217E-005  4.559126686378005E-005  4.518476073736282E-005  4.473885866848846E-005  4.424109753223868E-005  4.299097369058230E-005  4.211743869047949E-005  4.078382181709547E-005
   1517.50021259708       5.852531033262278E-005  5.769421585395311E-005  5.680074933764997E-005  5.583222242880018E-005  5.477081084257475E-005  5.359126668215827E-005  5.225354080623194E-005  5.150588142793844E-005  5.068936228034471E-005  4.978464254408583E-005  4.918760016315774E-005  4.876147207286967E-005  4.807046686812487E-005  4.756737219839922E-005  4.672881085783569E-005  4.609500511842776E-005  4.574817552446638E-005  4.537622419771507E-005  4.497348852974343E-005  4.453185096731702E-005  4.403900233812850E-005  4.280172644371777E-005  4.193724041797715E-005  4.061659612507083E-005
   1522.50021329756       5.821602295634162E-005  5.739078898987166E-005  5.650368831626235E-005  5.554213399001313E-005  5.448878077221725E-005  5.331821001786756E-005  5.199133173081691E-005  5.125009843320783E-005  5.044094782838667E-005  4.954497914884422E-005  4.895411151709682E-005  4.853261369061771E-005  4.784958662087589E-005  4.735269702586280E-005  4.652539746705399E-005  4.590094450697036E-005  4.555957265649282E-005  4.519375717077406E-005  4.479800147826285E-005  4.436442746080788E-005  4.388107355105371E-005  4.266971894741771E-005  4.182474921221771E-005  4.053533345757213E-005
   1527.50021399805       5.788218829293719E-005  5.706140490507467E-005  5.617890449911103E-005  5.522204198057756E-005  5.417344093703460E-005  5.300777250837648E-005  5.168567000251635E-005  5.094668552873500E-005  5.013958561676290E-005  4.924532744783490E-005  4.865520663670861E-005  4.823404894951338E-005  4.755116222010314E-005  4.705401751536604E-005  4.622552643505053E-005  4.559945177548350E-005  4.525690245214923E-005  4.488957163763477E-005  4.449186917526986E-005  4.405578015998513E-005  4.356913167344669E-005  4.234723578226584E-005  4.149313030648201E-005  4.018791962150705E-005
   1532.50021469853       5.754000488558046E-005  5.672443534719840E-005  5.584729790778734E-005  5.489658737719443E-005  5.385479308105132E-005  5.269703607481208E-005  5.138451964474816E-005  5.065130835239071E-005  4.985096799803878E-005  4.896482221726365E-005  4.838050869449521E-005  4.796371859233549E-005  4.728837373871736E-005  4.679708973888225E-005  4.597910582531205E-005  4.536157444657259E-005  4.502390479305454E-005  4.466196076827870E-005  4.427024130587429E-005  4.384085435496958E-005  4.336179377568187E-005  4.215876878542963E-005  4.131685326252117E-005  4.002706264997009E-005
   1537.50021539901       5.727757686110629E-005  5.647094537320786E-005  5.560412899910819E-005  5.466475165579351E-005  5.363612549051170E-005  5.249378894555876E-005  5.119992017798396E-005  5.047776856900280E-005  4.969007555584136E-005  4.881869393638488E-005  4.824453143495304E-005  4.783520609216450E-005  4.717232140564697E-005  4.669037002159649E-005  4.588835102798152E-005  4.528315534492439E-005  4.495230491530568E-005  4.459771543298613E-005  4.421399480017205E-005  4.379341819790514E-005  4.332424652963784E-005  4.214660267151378E-005  4.132341522586086E-005  4.006474660069200E-005
   1542.50021609950       5.665943260975588E-005  5.585299198748135E-005  5.498659503600196E-005  5.404771744794799E-005  5.301964744101247E-005  5.187815705710772E-005  5.058558573929010E-005  4.986436071803118E-005  4.907793496438423E-005  4.820830670223692E-005  4.763558753932081E-005  4.722743151197384E-005  4.656675880777486E-005  4.608668911726818E-005  4.528836906520041E-005  4.468646355432204E-005  4.435758729009933E-005  4.400523641391318E-005  4.362406674080577E-005  4.320639548374545E-005  4.274051452539392E-005  4.157043180433899E-005  4.075076553510054E-005  3.949313227274429E-005
   1547.50021679998       5.657334225469314E-005  5.578037610026070E-005  5.492872202783369E-005  5.400664274837493E-005  5.299795999091552E-005  5.187917157802379E-005  5.061401305586832E-005  4.990885123776508E-005  4.914045614132251E-005  4.829129591120114E-005  4.773227404370791E-005  4.733394685440078E-005  4.668920740887869E-005  4.622066862499330E-005  4.544127574918560E-005  4.485331830780131E-005  4.453191805645431E-005  4.418744308227352E-005  4.381463423734348E-005  4.340593489263862E-005  4.294984610485011E-005  4.180371417828342E-005  4.100080108504756E-005  3.976915227465088E-005
   1552.50021750047       5.624418560079953E-005  5.545802532795750E-005  5.461423395514247E-005  5.370148533442150E-005  5.270380943373245E-005  5.159869832208716E-005  5.035106383239937E-005  4.965666130334801E-005  4.890088680478002E-005  4.806678045491041E-005  4.751825850080503E-005  4.712768365359470E-005  4.649589072500148E-005  4.603701184420693E-005  4.527395862689429E-005  4.469833270018881E-005  4.438359028302894E-005  4.404612827308487E-005  4.368070907433864E-005  4.327979045236390E-005  4.283188818317150E-005  4.170332089767181E-005  4.090966764417107E-005  3.968722098397914E-005
   1557.50021820095       5.553824146833422E-005  5.474147001273379E-005  5.388545919058901E-005  5.295838505770399E-005  5.194400666897669E-005  5.081903693065266E-005  4.954752027912193E-005  4.883946925301755E-005  4.806881559466070E-005  4.721868472229508E-005  4.666015243548190E-005  4.626286473175967E-005  4.562119462905258E-005  4.515614560049938E-005  4.438526511557004E-005  4.380621316557358E-005  4.349064020104440E-005  4.315318097199804E-005  4.278884980301578E-005  4.239045204677000E-005  4.194698770088628E-005  4.083628733924449E-005  4.005929102731014E-005  3.886603717462326E-005
   1562.50021890144       5.597348541389980E-005  5.521283870160772E-005  5.439663454068056E-005  5.351343181443764E-005  5.254785364813456E-005  5.147690242987509E-005  5.026493808149996E-005  4.958839745451242E-005  4.884989122271278E-005  4.803149951864627E-005  4.749101907489171E-005  4.710491730839329E-005  4.647789335805798E-005  4.602041464034224E-005  4.525551257272749E-005  4.467487889990216E-005  4.435606333709083E-005  4.401320284846399E-005  4.364077243042662E-005  4.323086197413840E-005  4.277147989688821E-005  4.160937676342215E-005  4.079101494399845E-005  3.953480892780174E-005
   1567.50021960192       5.491244713117903E-005  5.414383311600041E-005  5.332051998532534E-005  5.243162596208197E-005  5.146282202021071E-005  5.039304848386765E-005  4.919002529062994E-005  4.852284036306782E-005  4.779868143877608E-005  4.700198750241517E-005  4.647952375709682E-005  4.610821608527778E-005  4.550882232636394E-005  4.507440475499763E-005  4.435361728393791E-005  4.381101812372639E-005  4.351466705335936E-005  4.319712261260661E-005  4.285343000438798E-005  4.247643142999194E-005  4.205519210816873E-005  4.099216946619587E-005  4.024187254856994E-005  3.907995531387173E-005
   1572.50022030241       5.419726524057620E-005  5.342048228668617E-005  5.258791946379248E-005  5.168875064134028E-005  5.070847435609436E-005  4.962597174597744E-005  4.840930293430415E-005  4.773518288935488E-005  4.700433259809854E-005  4.620175982466476E-005  4.567652758136677E-005  4.530387146259010E-005  4.470357671287003E-005  4.426960524111134E-005  4.355182239340321E-005  4.301345878303983E-005  4.272013583017629E-005  4.240638112226670E-005  4.206737548309139E-005  4.169613200931986E-005  4.128191873567506E-005  4.023777261387490E-005  3.950005666142688E-005  3.835521884582882E-005
   1577.50022100289       5.500058412182640E-005  5.426960360479713E-005  5.348541079627921E-005  5.263686222605819E-005  5.170891081951439E-005  5.067903540874939E-005  4.951178618024429E-005  4.885914360295473E-005  4.814564785582602E-005  4.735343104348556E-005  4.682926401373546E-005  4.645430545680390E-005  4.584446128353175E-005  4.539878213081178E-005  4.465222833833785E-005  4.408441484272111E-005  4.377225077275153E-005  4.343626091016406E-005  4.307097740290485E-005  4.266857977440590E-005  4.221722351169337E-005  4.107389317339333E-005  4.026779779472366E-005  3.902961613852126E-005
   1582.50022170338       5.471165749086667E-005  5.398849227446783E-005  5.321325721980851E-005  5.237521821494550E-005  5.145957096121578E-005  5.044441084621665E-005  4.929524835059672E-005  4.865325384072390E-005  4.795168478332540E-005  4.717301254556233E-005  4.665787376598605E-005  4.628937925268120E-005  4.568995474889092E-005  4.525177027851824E-005  4.451740302413316E-005  4.395842730095505E-005  4.365092740938834E-005  4.331977934781706E-005  4.295953484141461E-005  4.256239870605419E-005  4.211656939716171E-005  4.098547031316928E-005  4.018659963799957E-005  3.895771221725863E-005
   1587.50022240386       5.180361622012965E-005  5.104896310265682E-005  5.024514571297296E-005  4.938372784613763E-005  4.845319315020283E-005  4.743752377076489E-005  4.631233447244675E-005  4.569690969518000E-005  4.503652632815066E-005  4.431956788875964E-005  4.385499295564631E-005  4.352750705363358E-005  4.300348612546618E-005  4.262708984350612E-005  4.200821429445495E-005  4.154616650735685E-005  4.129483714383047E-005  4.102608593011945E-005  4.073555337417933E-005  4.041687607737430E-005  4.006021473231442E-005  3.915281193115617E-005  3.850216274011117E-005  3.747542734921591E-005
   1592.50022310435       5.348715534406300E-005  5.277500296895409E-005  5.201388957695480E-005  5.119404601773057E-005  5.030251356137352E-005  4.931996802657621E-005  4.821615723763960E-005  4.760376278594234E-005  4.693822467247446E-005  4.620415641397253E-005  4.572115669786075E-005  4.537686278221611E-005  4.481889039033756E-005  4.441247573467517E-005  4.373368498634888E-005  4.321847536346320E-005  4.293539317588856E-005  4.263067689639084E-005  4.229920525029295E-005  4.193360920098085E-005  4.152267139666800E-005  4.047525137111596E-005  3.972888936846641E-005  3.856655705502630E-005
   1597.50022380483       5.442955916613439E-005  5.372292707758722E-005  5.296284812445578E-005  5.213849744271697E-005  5.123364581549369E-005  5.022534006800260E-005  4.907686689489017E-005  4.843194131018111E-005  4.772448212169660E-005  4.693618213990223E-005  4.641302742782992E-005  4.603805936449740E-005  4.542699062292540E-005  4.497955395913196E-005  4.422871129803574E-005  4.365676999055439E-005  4.334212765463561E-005  4.300337497987875E-005  4.263505446973725E-005  4.222937447368562E-005  4.177456140328968E-005  4.062469666337096E-005  3.981703281096258E-005  3.858295002905978E-005
   1605.00022485556       5.295994247269611E-005  5.228358174590465E-005  5.155983838379590E-005  5.077909564023005E-005  4.992768882740070E-005  4.898536549481408E-005  4.792020337136655E-005  4.732551796995761E-005  4.667579458070222E-005  4.595452816016968E-005  4.547715326416934E-005  4.513546012575613E-005  4.457922919969209E-005  4.417219987957740E-005  4.348904810432266E-005  4.296804641400597E-005  4.268100296594736E-005  4.237150356546935E-005  4.203432116677029E-005  4.166196426127796E-005  4.124306448623691E-005  4.017535346686712E-005  3.941625756133993E-005  3.823954941685489E-005
   1615.00022625653       5.082268278188672E-005  5.015664606814959E-005  4.944871218347312E-005  4.869129313039125E-005  4.787345367450201E-005  4.697907474235992E-005  4.598252590749046E-005  4.543311860857509E-005  4.483843576937398E-005  4.418493273397009E-005  4.375599438617894E-005  4.345059879329496E-005  4.295602095017234E-005  4.259585676890189E-005  4.199390069374847E-005  4.153621506045130E-005  4.128429090847850E-005  4.101266764616888E-005  4.071657883674769E-005  4.038915736462275E-005  4.001991794006041E-005  3.907217066825136E-005  3.839070927472598E-005  3.732055950442647E-005
   1625.00022765749       5.352225299136148E-005  5.283989931824151E-005  5.210393521381580E-005  5.130265194281599E-005  5.041979418762785E-005  4.943154238952227E-005  4.830010813896127E-005  4.766214693514441E-005  4.696029096412842E-005  4.617584527262460E-005  4.565399548172093E-005  4.527940307177240E-005  4.466804082372735E-005  4.421976683880256E-005  4.346653041011397E-005  4.289213305464005E-005  4.257598037389079E-005  4.223552550807255E-005  4.186531357274118E-005  4.145758046060843E-005  4.100061628465071E-005  3.984703545108633E-005  3.903940765450662E-005  3.781187417815311E-005
   1635.00022905846       5.090708423199152E-005  5.030452725448530E-005  4.965983824200404E-005  4.896404135225062E-005  4.820399164427018E-005  4.736042677250934E-005  4.640236102812648E-005  4.586480739807112E-005  4.527487707689119E-005  4.461647156582769E-005  4.417847311878874E-005  4.386383704379627E-005  4.334956146305769E-005  4.297155619893042E-005  4.233388178644806E-005  4.184485421730896E-005  4.157443906517436E-005  4.128210289012116E-005  4.096273921411002E-005  4.060903631738802E-005  4.020991178080944E-005  3.918756779832231E-005  3.845725582694890E-005  3.732145794783612E-005
   1645.00023045943       4.828970036690053E-005  4.773432568223907E-005  4.714575011381705E-005  4.651669948348684E-005  4.583712423511302E-005  4.509138835922505E-005  4.425432181128449E-005  4.378869005636128E-005  4.328052349604508E-005  4.271617382816965E-005  4.234201788921365E-005  4.207368817319934E-005  4.163559785893916E-005  4.131375948049358E-005  4.077054534444541E-005  4.035317947529796E-005  4.012191087414497E-005  3.987139137681639E-005  3.959699385619995E-005  3.929205826042653E-005  3.894643831132099E-005  3.805209388370157E-005  3.740384753482925E-005  3.637935004891733E-005
   1655.00023186040       5.223724440671364E-005  5.157322883350992E-005  5.085547040359768E-005  5.007253862157390E-005  4.920809841069408E-005  4.823831184912712E-005  4.712583313711261E-005  4.649773623434484E-005  4.580628515154711E-005  4.503326147092406E-005  4.451907213049796E-005  4.415011498347886E-005  4.354833209737148E-005  4.310752583380574E-005  4.236801156998761E-005  4.180533541934295E-005  4.149618671668629E-005  4.116375277707162E-005  4.080286442198541E-005  4.040615012720188E-005  3.996248357543177E-005  3.884656655411241E-005  3.806789307179550E-005  3.688566251505905E-005
   1665.00023326137       5.186912211138546E-005  5.120703401160782E-005  5.049082702929961E-005  4.970899690698742E-005  4.884519121432885E-005  4.787569991441509E-005  4.676348242467896E-005  4.613572656265249E-005  4.544495570638759E-005  4.467329928104250E-005  4.416046909096453E-005  4.379272765393840E-005  4.319344428664827E-005  4.275488214733008E-005  4.201994983994631E-005  4.146142650466935E-005  4.115479280765267E-005  4.082523483602741E-005  4.046765405094179E-005  4.007477501234136E-005  3.963561233619130E-005  3.853175893861632E-005  3.776186104054844E-005  3.659302416526034E-005
   1675.00023466234       4.845369148491436E-005  4.793849405956961E-005  4.738437835114690E-005  4.678238014672849E-005  4.611980508406958E-005  4.537782634765347E-005  4.452635814956707E-005  4.404454713463169E-005  4.351250012998324E-005  4.291480956277558E-005  4.251508974721727E-005  4.222698814649379E-005  4.175444990341139E-005  4.140594854679999E-005  4.081606237689339E-005  4.036220562530836E-005  4.011076038486193E-005  3.983858088605889E-005  3.954085231723260E-005  3.921066938295979E-005  3.883754968627430E-005  3.787917448821127E-005  3.719196537003317E-005  3.611823791313949E-005
   1685.00023606331       4.566643736112382E-005  4.522285227303064E-005  4.474875163049959E-005  4.423707229078407E-005  4.367781113489496E-005  4.305553966605705E-005  4.234569757186817E-005  4.194551856931479E-005  4.150441198449886E-005  4.100941148356690E-005  4.067835622958562E-005  4.043960927908882E-005  4.004752447141530E-005  3.975777641629109E-005  3.926572273499046E-005  3.888532415028654E-005  3.867373964723531E-005  3.844394181862436E-005  3.819156383224924E-005  3.791031473568828E-005  3.759060201406837E-005  3.675902168998902E-005  3.615268526662691E-005  3.518874066743577E-005
   1695.00023746428       5.021973041880086E-005  4.959215683091948E-005  4.891354005528642E-005  4.817265462689859E-005  4.735430813030412E-005  4.643599063618937E-005  4.538267464933315E-005  4.478821197237094E-005  4.413412525833929E-005  4.340338229714127E-005  4.291767204002635E-005  4.256930920670164E-005  4.200146862088692E-005  4.158576184124196E-005  4.088874720619110E-005  4.035865059063392E-005  4.006744750525081E-005  3.975431971022882E-005  3.941436255819895E-005  3.904058063919116E-005  3.862239362841808E-005  3.756922627347666E-005  3.683262985899915E-005  3.571055716724987E-005
   1705.00023886525       5.008587769497507E-005  4.943010575579077E-005  4.872211690166590E-005  4.795095014745381E-005  4.710155903730598E-005  4.615191378975574E-005  4.506800618381381E-005  4.445899467010325E-005  4.379129213953406E-005  4.304842152721276E-005  4.255645465092659E-005  4.220449081068043E-005  4.163235008671154E-005  4.121469664584242E-005  4.051660251794345E-005  3.998741715795087E-005  3.969730747335275E-005  3.938579373487998E-005  3.904807473444059E-005  3.867728444113939E-005  3.826303391509719E-005  3.722189288960925E-005  3.649477306784911E-005  3.538736826701124E-005
   1715.00024026622       4.962077396757962E-005  4.897899932832805E-005  4.828559941162453E-005  4.752990916165085E-005  4.669703249849333E-005  4.576508465416929E-005  4.470020414002609E-005  4.410136458754032E-005  4.344435430997807E-005  4.271280747161624E-005  4.222800904493733E-005  4.188100979381381E-005  4.131665988143461E-005  4.090448158591950E-005  4.021515172847110E-005  3.969230928176843E-005  3.940557584016829E-005  3.909761181768450E-005  3.876365888134876E-005  3.839691521384373E-005  3.798708815708851E-005  3.695674104886691E-005  3.623702149368128E-005  3.514090554134908E-005
   1725.00024166719       4.815171082753719E-005  4.758491855964975E-005  4.697136665459790E-005  4.630076787992870E-005  4.555892296410257E-005  4.472498412444426E-005  4.376622109795263E-005  4.322397281354627E-005  4.262631441850385E-005  4.195724760635358E-005  4.151166335591968E-005  4.119164170433670E-005  4.066914281918758E-005  4.028593656750431E-005  3.964199913240381E-005  3.915098787285339E-005  3.888074646158674E-005  3.858973030774525E-005  3.827324950062524E-005  3.792459888202887E-005  3.753362173738110E-005  3.654423426820281E-005  3.584770312943896E-005  3.477880800322428E-005
   1735.00024306816       4.193557111893551E-005  4.161058447023933E-005  4.126151295806344E-005  4.088285437521720E-005  4.046631367355599E-005  3.999971341156211E-005  3.946293597622337E-005  3.915813113348566E-005  3.882023188280042E-005  3.843844780742242E-005  3.818150471138020E-005  3.799535075276320E-005  3.768800471380046E-005  3.745948500585274E-005  3.706845978822978E-005  3.676338948714199E-005  3.659256116322252E-005  3.640604233737592E-005  3.619994681140222E-005  3.596864001235410E-005  3.570347255292102E-005  3.500163201421126E-005  3.447799862556263E-005  3.362476765667944E-005
   1745.00024446913       4.616260452312155E-005  4.567134861809718E-005  4.513923671146760E-005  4.455735390806940E-005  4.391283835879148E-005  4.318683640199668E-005  4.234944668570435E-005  4.187417280604199E-005  4.134866144684390E-005  4.075796145496538E-005  4.036299537543538E-005  4.007846498728778E-005  3.961225769283385E-005  3.926892495140533E-005  3.868905945710422E-005  3.824424051562032E-005  3.799836844295180E-005  3.773271782960122E-005  3.744275078994457E-005  3.712197111188123E-005  3.676051952774396E-005  3.583728850496855E-005  3.517968284913133E-005  3.415841775114390E-005
   1755.00024587009       4.740868032447329E-005  4.681475541981301E-005  4.617362388718451E-005  4.547491900244019E-005  4.470515394715921E-005  4.384404105953741E-005  4.286023574178197E-005  4.230694105591550E-005  4.169981218494580E-005  4.102363035517714E-005  4.057535748452025E-005  4.025442092408528E-005  3.973222939324480E-005  3.935065032652686E-005  3.871202701978435E-005  3.822716445697672E-005  3.796104273363280E-005  3.767501867754862E-005  3.736459285278541E-005  3.702332567942086E-005  3.664144936905919E-005  3.567835009824065E-005  3.500239252432880E-005  3.396679243365986E-005
   1765.00024727106       4.714693115441041E-005  4.654131857699620E-005  4.588849529200389E-005  4.517854784807009E-005  4.439812164267125E-005  4.352737625512396E-005  4.253567641596743E-005  4.197942561023485E-005  4.137024134226867E-005  4.069321264151157E-005  4.024520603592738E-005  3.992484571310860E-005  3.940425762866705E-005  3.902435106906393E-005  3.838940614675215E-005  3.790800570447318E-005  3.764400946237115E-005  3.736042979742200E-005  3.705283210790635E-005  3.671485780848117E-005  3.633686068242076E-005  3.538416888660675E-005  3.471574265329578E-005  3.369150776240001E-005
   1775.00024867203       4.683813780576595E-005  4.623438776164756E-005  4.558368409037520E-005  4.487624118106429E-005  4.409855391013133E-005  4.323119669388132E-005  4.224365083965503E-005  4.168989333472141E-005  4.108363457204775E-005  4.041007229885268E-005  3.996449907749615E-005  3.964594610432726E-005  3.912843200670442E-005  3.875087460836856E-005  3.812008082434544E-005  3.764202502818652E-005  3.737993838846295E-005  3.709847615346520E-005  3.679325062216821E-005  3.645797542891325E-005  3.608311495558817E-005  3.513886702570235E-005  3.447676925492636E-005  3.346262751558093E-005
   1785.00025007300       4.632806513456500E-005  4.573537289166294E-005  4.509658608382065E-005  4.440212221941260E-005  4.363881514781182E-005  4.278749503733005E-005  4.181824388442727E-005  4.127477453427651E-005  4.067972916688760E-005  4.001859783205960E-005  3.958121071872746E-005  3.926848155404258E-005  3.876038628927462E-005  3.838964935743162E-005  3.777015539589366E-005  3.730054865952021E-005  3.704304799220556E-005  3.676646606823194E-005  3.646647343743307E-005  3.613686714703435E-005  3.576823259157080E-005  3.483900806822899E-005  3.418673885270155E-005  3.318628198536987E-005
   1795.00025147397       4.588031888203653E-005  4.530632850040691E-005  4.468682027457050E-005  4.401216736346559E-005  4.326941293457673E-005  4.243930246978827E-005  4.149202434265184E-005  4.095977396441449E-005  4.037618021460020E-005  3.972672951329243E-005  3.929648247766032E-005  3.898858589937476E-005  3.848785909734482E-005  3.812214539103143E-005  3.751043132004057E-005  3.704625504084271E-005  3.679158132541561E-005  3.651792593111038E-005  3.622099654301030E-005  3.589464371184136E-005  3.552953682348172E-005  3.460894547498090E-005  3.396277089233442E-005  3.297204790801616E-005
   1805.00025287494       4.466689010550729E-005  4.415652685616054E-005  4.360389821453476E-005  4.299976672117505E-005  4.233147641682923E-005  4.158035568986021E-005  4.071740285480698E-005  4.022971122959097E-005  3.969255380477865E-005  3.909171303455451E-005  3.869189297049771E-005  3.840489631565182E-005  3.793657644029206E-005  3.759330913960797E-005  3.701680805204480E-005  3.657741320770933E-005  3.633561853995246E-005  3.607523274873726E-005  3.579203014275443E-005  3.547995039368840E-005  3.512979029049931E-005  3.424203107426010E-005  3.361472127172452E-005  3.264651721229255E-005
   1815.00025427591       3.922791965654042E-005  3.894813454518467E-005  3.864506121608940E-005  3.831309530624671E-005  3.794430931609668E-005  3.752696078747907E-005  3.704195831911323E-005  3.676447832704826E-005  3.645536332631043E-005  3.610444613668438E-005  3.586746237043024E-005  3.569542417137428E-005  3.541087938161902E-005  3.519898767956896E-005  3.483599971452642E-005  3.455259848850636E-005  3.439388551829485E-005  3.422060789340274E-005  3.402918879690639E-005  3.381444698188514E-005  3.356842657164873E-005  3.291827399747996E-005  3.243416698940246E-005  3.164655498676333E-005
   1825.00025567688       4.212342879198600E-005  4.172803530289813E-005  4.129884991434419E-005  4.082800398048467E-005  4.030482254458068E-005  3.971316839279960E-005  3.902773895468604E-005  3.863721778373271E-005  3.820407499987143E-005  3.771545763077685E-005  3.738767365523185E-005  3.715098590255506E-005  3.676209416662270E-005  3.647481284435433E-005  3.598777818656505E-005  3.561245822660097E-005  3.540431025553486E-005  3.517882237409568E-005  3.493194643315839E-005  3.465786015568746E-005  3.434769800016650E-005  3.354828946723876E-005  3.297181082239742E-005  3.206406103179953E-005
   1835.00025707785       4.385463110544913E-005  4.333392358046127E-005  4.277134153987395E-005  4.215779345746036E-005  4.148119987816272E-005  4.072353516306968E-005  3.985682942102345E-005  3.936886726365837E-005  3.883296531808115E-005  3.823548630951584E-005  3.783902603217861E-005  3.755498643026786E-005  3.709247336320475E-005  3.675419875785612E-005  3.618744122501938E-005  3.575655598398512E-005  3.551981855785877E-005  3.526516594227016E-005  3.498851614448660E-005  3.468401470925452E-005  3.434276857713232E-005  3.347921578604622E-005  3.287001023717443E-005  3.193052422005783E-005
   1845.00025847882       4.367494012046740E-005  4.314084769505573E-005  4.256469358647541E-005  4.193788855332357E-005  4.124822470254218E-005  4.047811116333268E-005  3.960005483130507E-005  3.910703483012173E-005  3.856668463895031E-005  3.796560909798969E-005  3.756752850566387E-005  3.728269655192052E-005  3.681953586597946E-005  3.648127317618953E-005  3.591542911711867E-005  3.548594026976576E-005  3.525021595686015E-005  3.499683666458427E-005  3.472177633171411E-005  3.441925792148600E-005  3.408050177619863E-005  3.322431294257292E-005  3.262098013692790E-005  3.169111259471067E-005
   1855.00025987979       4.309753213883845E-005  4.257913298245629E-005  4.201993738752190E-005  4.141161828436015E-005  4.074218440035343E-005  3.999462753144815E-005  3.914197761887475E-005  3.866305565867080E-005  3.813798410171913E-005  3.755363220070297E-005  3.716645730036517E-005  3.688932856844115E-005  3.643850788848024E-005  3.610909193668394E-005  3.555768818408282E-005  3.513882957374994E-005  3.490880353266265E-005  3.466143097658653E-005  3.439274075720624E-005  3.409703300470019E-005  3.376563787777535E-005  3.292661658145341E-005  3.233396987466785E-005  3.141814033456880E-005
   1865.00026128076       4.198881187321029E-005  4.153574415438343E-005  4.104494075466936E-005  4.050837985292137E-005  3.991464901507757E-005  3.924707754822495E-005  3.847949113691297E-005  3.804527973254324E-005  3.756659693246076E-005  3.703050382314844E-005  3.667331353574088E-005  3.641666052660578E-005  3.599735386388547E-005  3.568956068036222E-005  3.517167523204974E-005  3.477603180688409E-005  3.455793113904403E-005  3.432273344164753E-005  3.406651045652469E-005  3.378362131536285E-005  3.346549011314487E-005  3.265508182977889E-005  3.207868026192024E-005  3.118240012402309E-005
   1875.00026268172       3.660211588320466E-005  3.637684653773343E-005  3.613093383896768E-005  3.585948645431712E-005  3.555562707779490E-005  3.520911818940619E-005  3.480320300884304E-005  3.456954391236813E-005  3.430809252020675E-005  3.400995752292712E-005  3.380780558067064E-005  3.366064193029855E-005  3.341647122129137E-005  3.323400448330208E-005  3.292007905094688E-005  3.267371373459031E-005  3.253521993174546E-005  3.238356064632622E-005  3.221543951368371E-005  3.202606138142819E-005  3.180803007555122E-005  3.122581530820685E-005  3.078616080274814E-005  3.005941272562821E-005
   1885.00026408269       4.087786690650462E-005  4.045535079473739E-005  3.999746496510924E-005  3.949666616705156E-005  3.894219069850696E-005  3.831827237354910E-005  3.760003059502720E-005  3.719327135426660E-005  3.674438870461872E-005  3.624101102084225E-005  3.590517663209335E-005  3.566362522169680E-005  3.526851663728214E-005  3.497807174244003E-005  3.448849001653618E-005  3.411362922492271E-005  3.390664117765962E-005  3.368313459430819E-005  3.343928167777502E-005  3.316957997601671E-005  3.286565321204578E-005  3.208818546269326E-005  3.153219694648600E-005  3.066282250704577E-005
   1895.00026548366       4.142461801912034E-005  4.093628966086590E-005  4.040975069745909E-005  3.983723460937336E-005  3.920755067532128E-005  3.850460266079701E-005  3.770329038410997E-005  3.725337982243979E-005  3.676024105341370E-005  3.621152117088889E-005  3.584801037735889E-005  3.558783112237165E-005  3.516459603639769E-005  3.485532135663162E-005  3.433753725797838E-005  3.394407309126665E-005  3.372790925431553E-005  3.349535864467696E-005  3.324264138747451E-005  3.296432574627687E-005  3.265213482172333E-005  3.185993614751738E-005  3.129835686333775E-005  3.042664511397554E-005
   1905.00026688463       4.136668886634604E-005  4.087096971573158E-005  4.033667526801474E-005  3.975582757711587E-005  3.911732051969107E-005  3.840494771781656E-005  3.759346247814504E-005  3.713813131702273E-005  3.663932673880335E-005  3.608465436636899E-005  3.571740503412100E-005  3.545467031801814E-005  3.502746800262225E-005  3.471547108410552E-005  3.419350865480402E-005  3.379722045630929E-005  3.357965302541957E-005  3.334571974680837E-005  3.309166600885426E-005  3.281209606439207E-005  3.249879855065870E-005  3.170542766178170E-005  3.114460815708368E-005  3.027669307206420E-005
   1915.00026828560       4.097399628073567E-005  4.048558822955224E-005  3.995917547414083E-005  3.938683880744660E-005  3.875766138335644E-005  3.805566524846326E-005  3.725597525905028E-005  3.680728997197595E-005  3.631575270989202E-005  3.576918456297827E-005  3.540732173465370E-005  3.514844108895732E-005  3.472752557003365E-005  3.442013099088247E-005  3.390586942643805E-005  3.351542149100579E-005  3.330105124220103E-005  3.307054335948374E-005  3.282019049430727E-005  3.254466298844324E-005  3.223584470497747E-005  3.145347230353948E-005  3.090000807291284E-005  3.004257735451150E-005
   1925.00026968657       4.043934850063328E-005  3.997199475448434E-005  3.946747999402872E-005  3.891804179015673E-005  3.831290842459426E-005  3.763632409430669E-005  3.686369688515655E-005  3.642931463793231E-005  3.595273467212228E-005  3.542193158756613E-005  3.507000547124783E-005  3.481800062183543E-005  3.440783506635343E-005  3.410796827348375E-005  3.360570116128087E-005  3.322386043135186E-005  3.301403482894984E-005  3.278827077611659E-005  3.254290103117185E-005  3.227265385364034E-005  3.196949932796753E-005  3.120026418348078E-005  3.065505351890065E-005  2.980883318242200E-005
   1935.00027108754       3.912963029029712E-005  3.874136711696121E-005  3.831985417692347E-005  3.785763663458084E-005  3.734454805547633E-005  3.676550533520235E-005  3.609678214728461E-005  3.571709560585134E-005  3.529730245928300E-005  3.482565431838920E-005  3.451051277462085E-005  3.428362755405321E-005  3.391215492257707E-005  3.363883232107363E-005  3.317768078990628E-005  3.282427432972052E-005  3.262903080862436E-005  3.241813070206631E-005  3.218794754071421E-005  3.193326717489328E-005  3.164614761286247E-005  3.091105402806738E-005  3.038470031573598E-005  2.956015406785311E-005
   1945.00027248851       3.425217951090301E-005  3.405990192103984E-005  3.385068198777336E-005  3.362043667803359E-005  3.336312793963285E-005  3.306992660572939E-005  3.272653990968605E-005  3.252868142169183E-005  3.230700477754852E-005  3.205366097429088E-005  3.188144843818807E-005  3.175582841561988E-005  3.154688257847173E-005  3.139027146254414E-005  3.111977955364952E-005  3.090649974384954E-005  3.078619283406787E-005  3.065409730757903E-005  3.050722308337471E-005  3.034121160470457E-005  3.014933388974397E-005  2.963309862405863E-005  2.923987242313396E-005  2.858514881200518E-005
   1955.00027388948       3.841302280428658E-005  3.803727459481257E-005  3.762933865399403E-005  3.718194906093754E-005  3.668527899466062E-005  3.612462849915294E-005  3.547698443376032E-005  3.510918400952723E-005  3.470241179934694E-005  3.424527447936101E-005  3.393973055953783E-005  3.371970745497745E-005  3.335936481856294E-005  3.309414721805548E-005  3.264648340808576E-005  3.230323695510777E-005  3.211353292947981E-005  3.190855270963120E-005  3.168475036093788E-005  3.143702453176502E-005  3.115760135262783E-005  3.044141555675948E-005  2.992779948176739E-005  2.912180159101284E-005
   1965.00027529045       3.902104341443031E-005  3.857714511526274E-005  3.809810618496585E-005  3.757656915138244E-005  3.700235110066062E-005  3.636055896487560E-005  3.562790939257239E-005  3.521609698329618E-005  3.476433198206025E-005  3.426123439592229E-005  3.392769429387335E-005  3.368885807806743E-005  3.330012988595564E-005  3.301592060130443E-005  3.253981136924419E-005  3.217777135254987E-005  3.197877959868843E-005  3.176462324857866E-005  3.153179947234548E-005  3.127526752562442E-005  3.098734214490444E-005  3.025575769106588E-005  2.973609434853895E-005  2.892721192341118E-005
   1975.00027669142       3.877732360259327E-005  3.832456871976422E-005  3.783711340907450E-005  3.730766936227333E-005  3.672623696416024E-005  3.607843678356695E-005  3.534148915991297E-005  3.492845606103096E-005  3.447631563443260E-005  3.397391444206983E-005  3.364146284204927E-005  3.340369782466381E-005  3.301720073293255E-005  3.273498163281943E-005  3.226281806416870E-005  3.190422987744691E-005  3.170727604735517E-005  3.149541089121663E-005  3.126517556697391E-005  3.101159258059246E-005  3.072706282012330E-005  3.000424982863200E-005  2.949067386333302E-005  2.869063940355215E-005
   1985.00027809239       3.853024749605974E-005  3.807865422246464E-005  3.759253110930619E-005  3.706466021472176E-005  3.648531903680608E-005  3.584004895512604E-005  3.510632475620198E-005  3.469523256968200E-005  3.424532272005211E-005  3.374557017292454E-005  3.341495533030533E-005  3.317854477134172E-005  3.279432271467536E-005  3.251382748530176E-005  3.204467060310973E-005  3.168847105324644E-005  3.149287044910547E-005  3.128249408348854E-005  3.105391818257414E-005  3.080221356978905E-005  3.051985782759692E-005  2.980289083004669E-005  2.929374659215287E-005  2.850099748609339E-005
   1995.00027949336       3.820440294712218E-005  3.775701509374426E-005  3.727556161195760E-005  3.675300029724422E-005  3.617964236480961E-005  3.554130038508407E-005  3.481577597823960E-005  3.440942479060002E-005  3.396481723069200E-005  3.347105484624743E-005  3.314446756471794E-005  3.291096424681687E-005  3.253150703043180E-005  3.225451441625200E-005  3.179125071093911E-005  3.143953724624461E-005  3.124639880149062E-005  3.103866731887893E-005  3.081295662106464E-005  3.056439008883189E-005  3.028552733322947E-005  2.957723750677738E-005  2.907402256556449E-005  2.829000667011943E-005
   2005.00028089432       3.788183691718842E-005  3.743955585587144E-005  3.696364747914290E-005  3.644723267612811E-005  3.588068083650860E-005  3.524999342679986E-005  3.453329093619627E-005  3.413190740786710E-005  3.369276014378561E-005  3.320509881108955E-005  3.288255166897212E-005  3.265193294111592E-005  3.227716172083132E-005  3.200358445651241E-005  3.154600436244463E-005  3.119857700138535E-005  3.100777974267791E-005  3.080255310152597E-005  3.057954690197953E-005  3.033393578460200E-005  3.005835664744877E-005  2.935821709100706E-005  2.886058598995831E-005  2.808486336178644E-005
   2015.00028229529       3.755668742569494E-005  3.711985878898658E-005  3.664995061863002E-005  3.613996822062865E-005  3.558057096648062E-005  3.495791348147290E-005  3.425039831538868E-005  3.385418820924963E-005  3.342069181642300E-005  3.293931871219137E-005  3.262092652031876E-005  3.239327119636432E-005  3.202330728943069E-005  3.175322370673986E-005  3.130145585429042E-005  3.095840575624352E-005  3.076999564231919E-005  3.056732074910969E-005  3.034706665121805E-005  3.010445883865011E-005  2.983220831295071E-005  2.914028948346753E-005  2.864824775323216E-005  2.788075507159030E-005
   2025.00028369626       3.721521389845476E-005  3.678392687659790E-005  3.631987568754828E-005  3.581654370144166E-005  3.526444900997448E-005  3.465003824239830E-005  3.395203220428916E-005  3.356120789703949E-005  3.313366448349410E-005  3.265896892757929E-005  3.234503460999914E-005  3.212058726851325E-005  3.175586430456059E-005  3.148963051564134E-005  3.104433087932057E-005  3.070620575826722E-005  3.052049791451215E-005  3.032072304165273E-005  3.010360743595501E-005  2.986443175294840E-005  2.959598801852553E-005  2.891341951876601E-005  2.842762652032157E-005  2.766905556741977E-005
   2035.00028509723       3.687672867104983E-005  3.645093478845471E-005  3.599290807763077E-005  3.549607602380828E-005  3.495131341344403E-005  3.434512528510134E-005  3.365662741916455E-005  3.327120212467217E-005  3.284963549629271E-005  3.238163154121825E-005  3.207216418583149E-005  3.185092634855800E-005  3.149145134288025E-005  3.122906598785558E-005  3.079023131761823E-005  3.045701986581752E-005  3.027400661162649E-005  3.007712240522452E-005  2.986313202664125E-005  2.962737209191682E-005  2.936271662498966E-005  2.868945136571429E-005  2.820988124506228E-005  2.746022022978693E-005
   2045.00028649820       3.658470378272257E-005  3.616451297991000E-005  3.571246448949746E-005  3.522202346376242E-005  3.468418805240226E-005  3.408559893222117E-005  3.340556951804288E-005  3.302477815453931E-005  3.260819719858089E-005  3.214561144022787E-005  3.183965796954338E-005  3.162089866647884E-005  3.126537220405132E-005  3.100581624540738E-005  3.057160703303137E-005  3.024181666039303E-005  3.006065032896474E-005  2.986572781960793E-005  2.965384148774880E-005  2.942036707906982E-005  2.915824100645887E-005  2.849127142084886E-005  2.801610620218367E-005  2.727326910868003E-005
   2055.00028789917       3.626245387740398E-005  3.584761698269911E-005  3.540142416308441E-005  3.491745321370192E-005  3.438669645555855E-005  3.379607268513237E-005  3.312514764422605E-005  3.274946585227906E-005  3.233849729697605E-005  3.188216718275972E-005  3.158034810173583E-005  3.136454738811936E-005  3.101383556813876E-005  3.075779135932993E-005  3.032944070661594E-005  3.000407997323729E-005  2.982533499511146E-005  2.963300623424861E-005  2.942392032847075E-005  2.919350587006016E-005  2.893477295836515E-005  2.827616941467722E-005  2.780665402475059E-005  2.707202764130472E-005
   2065.00028930014       3.590942063338089E-005  3.550042546690812E-005  3.506065841951512E-005  3.458378129710236E-005  3.406094764614584E-005  3.347939898394249E-005  3.281906656388922E-005  3.244945428837946E-005  3.204524289117507E-005  3.159651751798790E-005  3.129978795402997E-005  3.108764503242591E-005  3.074290864165403E-005  3.049123974554226E-005  3.007020722026008E-005  2.975037540598188E-005  2.957464599950196E-005  2.938553494438087E-005  2.917991072284137E-005  2.895325206496099E-005  2.869864701461628E-005  2.804999080611880E-005  2.758695271040707E-005  2.686133638742564E-005
   2075.00029070111       3.561838149144255E-005  3.521446189121732E-005  3.478013820110757E-005  3.430905536283423E-005  3.379262293579548E-005  3.321811905975716E-005  3.256565301216332E-005  3.220041821784050E-005  3.180092629414450E-005  3.135738733865456E-005  3.106405551130220E-005  3.085433039982942E-005  3.051349247725600E-005  3.026464543379700E-005  2.984830027057048E-005  2.953199617559992E-005  2.935819223560262E-005  2.917114491601224E-005  2.896775344085889E-005  2.874354209629661E-005  2.849166947549508E-005  2.784987489659780E-005  2.739161894458075E-005  2.667322505541090E-005
   2085.00029210208       3.532012429143373E-005  3.492152238960247E-005  3.449293321242734E-005  3.402813434271999E-005  3.351845631198513E-005  3.295141347959318E-005  3.230739964793106E-005  3.194685650882483E-005  3.155247315088537E-005  3.111455430396238E-005  3.082491213428903E-005  3.061781139317386E-005  3.028120782341035E-005  3.003542706776950E-005  2.962415519637072E-005  2.931165413673623E-005  2.913992010303733E-005  2.895508300210757E-005  2.875407257960603E-005  2.853245899561633E-005  2.828346727816242E-005  2.764881279494871E-005  2.719545414349907E-005  2.648436626725742E-005
   2095.00029350305       3.500942525414952E-005  3.461637643519695E-005  3.419370370955871E-005  3.373530427194025E-005  3.323276779963534E-005  3.267366475230006E-005  3.203866826159648E-005  3.168316769468996E-005  3.129431221478186E-005  3.086253441045655E-005  3.057694725237180E-005  3.037273566585218E-005  3.004081793587075E-005  2.979844619686764E-005  2.939283945969980E-005  2.908460186314972E-005  2.891518934238163E-005  2.873283131756706E-005  2.853448938076591E-005  2.831577995674061E-005  2.806999508813800E-005  2.744318517210049E-005  2.699508216463960E-005  2.629160899500981E-005
   2105.00029490402       3.469599197504229E-005  3.430868456138519E-005  3.389218797710583E-005  3.344058371777113E-005  3.294545275840972E-005  3.239463916860503E-005  3.176904683973077E-005  3.141882636297181E-005  3.103570751657171E-005  3.061029413515920E-005  3.032889367818457E-005  3.012766931557967E-005  2.980057864430769E-005  2.956170341965152E-005  2.916188826806016E-005  2.885798015131321E-005  2.869091505466940E-005  2.851105554563732E-005  2.831539277311431E-005  2.809958569515471E-005  2.785699015066435E-005  2.723791729166466E-005  2.679495515852882E-005  2.609889315022873E-005
   2115.00029630499       3.432928372363579E-005  3.394958020215789E-005  3.354143883962472E-005  3.309882319780447E-005  3.261368822337839E-005  3.207401689341237E-005  3.146109995796389E-005  3.111796568748113E-005  3.074258302892291E-005  3.032569459976138E-005  3.004989848724299E-005  2.985266285066286E-005  2.953199114462226E-005  2.929775991799023E-005  2.890558980811991E-005  2.860737208982686E-005  2.844337960670821E-005  2.826677631965356E-005  2.807458844221432E-005  2.786252195595071E-005  2.762400181355344E-005  2.701458878961809E-005  2.657779920916687E-005  2.589021818250047E-005
   2125.00029770596       3.401964678603054E-005  3.364741640999282E-005  3.324701165995278E-005  3.281267923193080E-005  3.233638378703146E-005  3.180621122411690E-005  3.120366153533625E-005  3.086612010189984E-005  3.049671987397890E-005  3.008627166945136E-005  2.981461852177869E-005  2.962028314573695E-005  2.930423261801896E-005  2.907329286333771E-005  2.868648611061158E-005  2.839221495549432E-005  2.823034535939085E-005  2.805598995501123E-005  2.786620369534689E-005  2.765673242663297E-005  2.742106235068259E-005  2.681860689411050E-005  2.638652450086517E-005  2.570591460097379E-005
   2135.00029910692       3.371351024776451E-005  3.334867451911420E-005  3.295601974388928E-005  3.252980758545259E-005  3.206213859162980E-005  3.154123913642544E-005  3.094887535647364E-005  3.061688434334949E-005  3.025340263293550E-005  2.984939406996609E-005  2.958193013513430E-005  2.939055601399232E-005  2.907926275557776E-005  2.885175195969360E-005  2.847059977105066E-005  2.818055492726747E-005  2.802097909462901E-005  2.784906790077946E-005  2.766190899409775E-005  2.745529492289119E-005  2.722277841021264E-005  2.662803266884325E-005  2.620109986964528E-005  2.552786836751398E-005
   2145.00030050789       3.335751049860896E-005  3.300891273760070E-005  3.263294112756952E-005  3.222381719603155E-005  3.177359814445255E-005  3.127063881817071E-005  3.069666590539543E-005  3.037406407043537E-005  3.002012763625997E-005  2.962585399507536E-005  2.936434335645465E-005  2.917699581277411E-005  2.887186594436794E-005  2.864856555053360E-005  2.827394595552962E-005  2.798846339740749E-005  2.783126299792133E-005  2.766180814445187E-005  2.747721360303148E-005  2.727330607047920E-005  2.704369764524156E-005  2.645584980455587E-005  2.603350836711558E-005  2.536708679813462E-005
   2155.00030190886       3.244070021467258E-005  3.214743749916584E-005  3.182920756847620E-005  3.148047311587591E-005  3.109364448561337E-005  3.065743503741254E-005  3.015417151724131E-005  2.986863899987594E-005  2.955310121878291E-005  2.919874191772800E-005  2.896201068075400E-005  2.879157048663595E-005  2.851244990494471E-005  2.830697896271531E-005  2.795995567958477E-005  2.769355485667574E-005  2.754613738891514E-005  2.738665985700993E-005  2.721226238598249E-005  2.701881980942672E-005  2.680000529138890E-005  2.623522238717986E-005  2.582572612832505E-005  2.517440113460877E-005
   2165.00030330983       2.858003731990009E-005  2.844222601326132E-005  2.829124918535160E-005  2.812445104513657E-005  2.793744208481936E-005  2.772341407397912E-005  2.747174581339227E-005  2.732623192519384E-005  2.716280112206971E-005  2.697545650172611E-005  2.684777175783059E-005  2.675446420085591E-005  2.659888581009241E-005  2.648196871333778E-005  2.627936286660345E-005  2.611894712018640E-005  2.602817847452357E-005  2.592826528241483E-005  2.581684761356587E-005  2.569047826888060E-005  2.554380905404745E-005  2.514575283560496E-005  2.483908468911844E-005  2.432245539722582E-005
   2175.00030471080       3.148128977555287E-005  3.122106630878939E-005  3.093808924057522E-005  3.062739276940546E-005  3.028177893913483E-005  2.989082526987950E-005  2.943797172375562E-005  2.918009179755002E-005  2.889426445171170E-005  2.857211228243273E-005  2.835616527001030E-005  2.820031777603859E-005  2.794435320938543E-005  2.775531952502586E-005  2.743481574487097E-005  2.718764607389969E-005  2.705042677666931E-005  2.690161167447773E-005  2.673842308116628E-005  2.655684111023157E-005  2.635069790000193E-005  2.581484160966914E-005  2.542291401673470E-005  2.479424879100408E-005
   2185.00030611177       3.220418873378765E-005  3.187778752861436E-005  3.152549198611590E-005  3.114195726287418E-005  3.071956756700836E-005  3.024731925736940E-005  2.970782233726744E-005  2.940434893867211E-005  2.907118755288450E-005  2.869976600568264E-005  2.845324170668121E-005  2.827654333778047E-005  2.798858731245303E-005  2.777770959341129E-005  2.742364084290409E-005  2.715353876155349E-005  2.700468757243224E-005  2.684413287955201E-005  2.666910175449016E-005  2.647558780932614E-005  2.625744641526163E-005  2.569765331433264E-005  2.529416536223788E-005  2.465523017055325E-005
   2195.00030751274       3.213068706080089E-005  3.179246329040197E-005  3.142841293190252E-005  3.103308691120086E-005  3.059907525564810E-005  3.011537518443026E-005  2.956487187740510E-005  2.925613848304426E-005  2.891796139706156E-005  2.854186449034072E-005  2.829274801524671E-005  2.811444410099264E-005  2.782427461115845E-005  2.761210321264278E-005  2.725644173596841E-005  2.698559810472963E-005  2.683650626660238E-005  2.667581952679231E-005  2.650079232252664E-005  2.630745298318752E-005  2.608971318540787E-005  2.553185390880356E-005  2.513045462430293E-005  2.449571187195760E-005
   2205.00030891371       3.187769715123694E-005  3.153908673500847E-005  3.117496431492606E-005  3.078016554637002E-005  3.034727181558221E-005  2.986558595092558E-005  2.931844114095216E-005  2.901201789062513E-005  2.867674708813277E-005  2.830428374064216E-005  2.805780651518166E-005  2.788149553979830E-005  2.759474837440579E-005  2.738520272839653E-005  2.703414645224799E-005  2.676694443833698E-005  2.661989283257641E-005  2.646142530477601E-005  2.628882848364996E-005  2.609817507704822E-005  2.588344227575958E-005  2.533303087735658E-005  2.493660291823413E-005  2.430889112961324E-005
   2215.00031031468       3.161101362486312E-005  3.127572532832809E-005  3.091536836234759E-005  3.052487674524750E-005  3.009681370823402E-005  2.962088181966663E-005  2.908041942552723E-005  2.877784749566059E-005  2.844682367045287E-005  2.807912377101383E-005  2.783580927590372E-005  2.766174987288101E-005  2.737865998396508E-005  2.717176594813574E-005  2.682508791949015E-005  2.656114910405868E-005  2.641586325653671E-005  2.625926908521147E-005  2.608867319126913E-005  2.590018035473311E-005  2.568781138436905E-005  2.514308988340380E-005  2.475043154101492E-005  2.412825244259986E-005
   2225.00031171565       3.142922945565478E-005  3.109579363575532E-005  3.073744410883185E-005  3.034899729273756E-005  2.992313280286110E-005  2.944956886587521E-005  2.891173455187691E-005  2.861060609965036E-005  2.828113853677644E-005  2.791519189653414E-005  2.767303512679452E-005  2.749981266384577E-005  2.721809614099777E-005  2.701223095662228E-005  2.666732942209435E-005  2.640480570076249E-005  2.626032763446178E-005  2.610462910963719E-005  2.593504487907188E-005  2.574771597431301E-005  2.553672409306440E-005  2.499589037073995E-005  2.460635328950324E-005  2.398951971174203E-005
   2235.00031311662       3.117964147199991E-005  3.084980065590686E-005  3.049531821608137E-005  3.011105963995297E-005  2.969000168833610E-005  2.922174895868697E-005  2.869006593122604E-005  2.839242834232121E-005  2.806680525015476E-005  2.770515422383344E-005  2.746585109979925E-005  2.729467363483282E-005  2.701628481067542E-005  2.681285099165937E-005  2.647201259254655E-005  2.621256548160226E-005  2.606977257449461E-005  2.591588142630888E-005  2.574825130020749E-005  2.556306467550445E-005  2.535445648257902E-005  2.481955493095726E-005  2.443408980850490E-005  2.382331827779808E-005
   2245.00031451759       3.093350328832186E-005  3.060737583451156E-005  3.025688003831546E-005  2.987702398007808E-005  2.946079211404661E-005  2.899797313158331E-005  2.847244865445331E-005  2.817827007930532E-005  2.785646466218372E-005  2.749903528164720E-005  2.726253308832558E-005  2.709335630432779E-005  2.681822514868168E-005  2.661715919526603E-005  2.628028460466197E-005  2.602383584788203E-005  2.588268290836052E-005  2.573055021990141E-005  2.556482379463814E-005  2.538172109250200E-005  2.517543289488234E-005  2.464630395592051E-005  2.426480331422705E-005  2.365994849258900E-005
   2255.00031591855       3.064454010778479E-005  3.032241645029264E-005  2.997626779865375E-005  2.960128486093689E-005  2.919059941478140E-005  2.873419150739441E-005  2.821630275923340E-005  2.792654999567959E-005  2.760968920316392E-005  2.725790633282911E-005  2.702521215945119E-005  2.685878179333462E-005  2.658816023331043E-005  2.639042042642565E-005  2.605912485238280E-005  2.580691033305154E-005  2.566806868544902E-005  2.551840643444857E-005  2.535533610429043E-005  2.517511441809636E-005  2.497198631922909E-005  2.445041072691499E-005  2.407374490205536E-005  2.347546353103065E-005
   2265.00031731952       3.043740805468249E-005  3.011867711224613E-005  2.977614524506716E-005  2.940501829603743E-005  2.899840064338886E-005  2.854637548871023E-005  2.803326101123596E-005  2.774610122913327E-005  2.743199192468756E-005  2.708317281382482E-005  2.685238326822237E-005  2.668730900749605E-005  2.641886117448512E-005  2.622269607511253E-005  2.589401463913932E-005  2.564378231588903E-005  2.550603504044396E-005  2.535755231920635E-005  2.519577512044813E-005  2.501698873049527E-005  2.481549515387740E-005  2.429821896705661E-005  2.392476671888592E-005  2.333174485979660E-005
   2275.00031872049       3.019845599612714E-005  2.988355299838891E-005  2.954513177124731E-005  2.917844279715909E-005  2.877680668115125E-005  2.833026707545167E-005  2.782341123877996E-005  2.753971312674359E-005  2.722940430332931E-005  2.688478766608913E-005  2.665677452168421E-005  2.649368812931231E-005  2.622844000898373E-005  2.603459627200429E-005  2.570977728460080E-005  2.546244506022500E-005  2.532627462651745E-005  2.517947992206613E-005  2.501952027331656E-005  2.484271714188075E-005  2.464342285861662E-005  2.413159438179541E-005  2.376188186417794E-005  2.317447498297907E-005
   2285.00032012146       2.996378255675852E-005  2.965203609453304E-005  2.931720383173519E-005  2.895440120320087E-005  2.855710222980328E-005  2.811550428239757E-005  2.761437869342254E-005  2.733394941678451E-005  2.702723070779109E-005  2.668664349523256E-005  2.646131604077365E-005  2.630013722207101E-005  2.603802431549719E-005  2.584646830719099E-005  2.552547048275068E-005  2.528103801975565E-005  2.514645748028049E-005  2.500136594009056E-005  2.484325072562566E-005  2.466846637612181E-005  2.447141666659761E-005  2.396514478122807E-005  2.359921561992090E-005  2.301745925727979E-005
   2295.00032152243       2.972311161644308E-005  2.941494098852376E-005  2.908386237111881E-005  2.872516142688399E-005  2.833241238120233E-005  2.789593913973655E-005  2.740066778723008E-005  2.712357184031415E-005  2.682052403242795E-005  2.648404377946667E-005  2.626144526791715E-005  2.610223007434431E-005  2.584330984062944E-005  2.565409023631073E-005  2.533700669597947E-005  2.509553401156980E-005  2.496257410012991E-005  2.481921839324034E-005  2.466297780993964E-005  2.449024119000510E-005  2.429546243538914E-005  2.379478807215538E-005  2.343264508813638E-005  2.285643220950711E-005
   2305.00032292340       2.951773071682923E-005  2.921268699236101E-005  2.888500608313412E-005  2.853002428900984E-005  2.814132471146267E-005  2.770922515206015E-005  2.721879192635827E-005  2.694432576962632E-005  2.664409698178143E-005  2.631069657014739E-005  2.609009741887130E-005  2.593229536538555E-005  2.567563456105324E-005  2.548804561387734E-005  2.517365217431321E-005  2.493419986870441E-005  2.480233977761737E-005  2.466016447869002E-005  2.450520247287783E-005  2.433387379423190E-005  2.414067661935451E-005  2.364406622665321E-005  2.328488371375440E-005  2.271343738836210E-005
   2315.00032432437       2.928595888675402E-005  2.898447156219482E-005  2.866055101022639E-005  2.830972058866583E-005  2.792542397230538E-005  2.749831959874408E-005  2.701360768261766E-005  2.674239697311153E-005  2.644573052705310E-005  2.611628613382283E-005  2.589831621188839E-005  2.574238977014068E-005  2.548879553131045E-005  2.530343679446556E-005  2.499277350017525E-005  2.475613791778972E-005  2.462581815391750E-005  2.448529303246326E-005  2.433211336873340E-005  2.416273402184294E-005  2.397170073574097E-005  2.348044823561304E-005  2.312492064631751E-005  2.255888577493560E-005
   2325.00032572534       2.907244961884098E-005  2.877407086486767E-005  2.845375595353362E-005  2.810662255267158E-005  2.772647956845617E-005  2.730390452680508E-005  2.682432097821632E-005  2.655592885979540E-005  2.626236283049315E-005  2.593631590616701E-005  2.572056946276115E-005  2.556622812858211E-005  2.531518647135886E-005  2.513168650323545E-005  2.482408872304400E-005  2.458976186075185E-005  2.446070158022633E-005  2.432152444451004E-005  2.416980207009369E-005  2.400201832686543E-005  2.381276498462001E-005  2.332598591465868E-005  2.297360239948319E-005  2.241241901184998E-005
   2335.00032712631       2.884448734589401E-005  2.854965267974570E-005  2.823283497302750E-005  2.788969543565697E-005  2.751387694580344E-005  2.709622208004474E-005  2.662225744946187E-005  2.635703726741329E-005  2.606693590423697E-005  2.574478804475935E-005  2.553161959282077E-005  2.537913441739453E-005  2.513110032900263E-005  2.494979238230571E-005  2.464587036974829E-005  2.441431872955160E-005  2.428677781737654E-005  2.414922600899528E-005  2.399925966194301E-005  2.383339284971937E-005  2.364626614913524E-005  2.316473485924936E-005  2.281590728171104E-005  2.225993611363154E-005
   2345.00032852728       2.863276017925391E-005  2.834105303850711E-005  2.802766320517241E-005  2.768820112648431E-005  2.731648837212791E-005  2.690334828369882E-005  2.643445605608542E-005  2.617202725338440E-005  2.588499589541024E-005  2.556621123106907E-005  2.535524365543070E-005  2.520432852399474E-005  2.495883091593208E-005  2.477936496596314E-005  2.447849050807670E-005  2.424923037258965E-005  2.412293578591162E-005  2.398671846554089E-005  2.383819226442128E-005  2.367389935770648E-005  2.348852215481526E-005  2.301135166884449E-005  2.266553931385576E-005  2.211410568054087E-005
   2355.00032992825       2.841833831103834E-005  2.812981868983045E-005  2.781986950424799E-005  2.748419152792300E-005  2.711650892492774E-005  2.670788712008747E-005  2.624412088481227E-005  2.598456598366276E-005  2.570066076079615E-005  2.538533040356579E-005  2.517666290439223E-005  2.502737860558064E-005  2.478452467520769E-005  2.460697889086011E-005  2.430929401744585E-005  2.408243738535253E-005  2.395745624232183E-005  2.382264225181023E-005  2.367563060511224E-005  2.351299174801956E-005  2.332944865483788E-005  2.285681665270884E-005  2.251410141904084E-005  2.196727123614459E-005
   2365.00033132922       2.820666650348788E-005  2.792133050356923E-005  2.761473432146986E-005  2.728275678938859E-005  2.691906008597840E-005  2.651488163205339E-005  2.605619295707974E-005  2.579945097301825E-005  2.551863103023216E-005  2.520670643738080E-005  2.500026267640296E-005  2.485255843601944E-005  2.461227307652957E-005  2.443658744336148E-005  2.414197703377528E-005  2.391742689106015E-005  2.379369805652880E-005  2.366021935404393E-005  2.351464404855231E-005  2.335356639503354E-005  2.317174966956343E-005  2.270335565345913E-005  2.236351651917204E-005  2.182098006441970E-005
   2375.00033273019       2.798757268401183E-005  2.770510408068064E-005  2.740175695455069E-005  2.707330017816762E-005  2.671352567553740E-005  2.631368287601308E-005  2.585997945895880E-005  2.560609867379499E-005  2.532837944885747E-005  2.501995656176046E-005  2.481585508137743E-005  2.466984489472224E-005  2.443231191543251E-005  2.425864654888486E-005  2.396744343972364E-005  2.374549093430308E-005  2.362319167140482E-005  2.349125168292188E-005  2.334734813875106E-005  2.318811053210392E-005  2.300835312839687E-005  2.254515630003912E-005  2.220897755261329E-005  2.167214873854785E-005
   2385.00033413115       2.777598724350129E-005  2.749685020467980E-005  2.719697927436524E-005  2.687227085060882E-005  2.651660761878750E-005  2.612133770462709E-005  2.567281474812631E-005  2.542180798573156E-005  2.514725530605692E-005  2.484229871605039E-005  2.464047277786454E-005  2.449606795855755E-005  2.426113431316269E-005  2.408935268041120E-005  2.380124940902467E-005  2.358161235243226E-005  2.346056775731517E-005  2.332996736589247E-005  2.318750395601546E-005  2.302983403808436E-005  2.285181251720754E-005  2.239292263917339E-005  2.205972542433099E-005  2.152743376859977E-005
   2395.00033553212       2.757422973231565E-005  2.729800707265415E-005  2.700131175236608E-005  2.668000465641819E-005  2.632800461827536E-005  2.593684837809774E-005  2.549285995222863E-005  2.524438502960024E-005  2.497256310695433E-005  2.467060559954553E-005  2.447075010903324E-005  2.432774809561476E-005  2.409508109537067E-005  2.392493488219480E-005  2.363956071423798E-005  2.342198384211433E-005  2.330206645418982E-005  2.317267449377569E-005  2.303152092190962E-005  2.287529104574893E-005  2.269888049937605E-005  2.224405742384548E-005  2.191371307612191E-005  2.138575310028266E-005
   2405.00033693309       2.736017943898577E-005  2.708699452950897E-005  2.679363527897772E-005  2.647576753471488E-005  2.612777800098198E-005  2.574097800602486E-005  2.530195788711282E-005  2.505626090153313E-005  2.478748124180448E-005  2.448889056829591E-005  2.429126108828610E-005  2.414984077804672E-005  2.391973064728708E-005  2.375144107170272E-005  2.346915800752657E-005  2.325390241732734E-005  2.313525095403624E-005  2.300721008431345E-005  2.286751247191235E-005  2.271286724781166E-005  2.253820757568301E-005  2.208766309864347E-005  2.176016939071356E-005  2.123631609221822E-005
   2415.00033833406       2.715691610889435E-005  2.688638385065532E-005  2.659565036198509E-005  2.628095967605791E-005  2.593617144499342E-005  2.555294836023236E-005  2.511797523938311E-005  2.487453992812258E-005  2.460821920651397E-005  2.431234540039218E-005  2.411649652752659E-005  2.397634471151412E-005  2.374829330830124E-005  2.358150946682432E-005  2.330172508453745E-005  2.308835990885615E-005  2.297074309995367E-005  2.284381084672814E-005  2.270531547080281E-005  2.255198889758598E-005  2.237880219936933E-005  2.193195827723195E-005  2.160704694893142E-005  2.108716859434046E-005
   2425.00033973503       2.696167829697108E-005  2.669404640500816E-005  2.640662473176113E-005  2.609535177891643E-005  2.575447337394875E-005  2.537567878165531E-005  2.494583917976928E-005  2.470533893339900E-005  2.444230037478276E-005  2.415020856747527E-005  2.395694381774116E-005  2.381869618937430E-005  2.359383685549685E-005  2.342946521681188E-005  2.315391106150387E-005  2.294394356509920E-005  2.282826760208144E-005  2.270348763795636E-005  2.256740804357059E-005  2.241684280863437E-005  2.224688528589527E-005  2.180890888980607E-005  2.149090078594712E-005  2.098261822587714E-005
   2435.00034113600       2.675414912486005E-005  2.648924390268759E-005  2.620475300479343E-005  2.589646173611549E-005  2.555893478130380E-005  2.518381143444706E-005  2.475805254092672E-005  2.451978422775286E-005  2.425916096654655E-005  2.396967079944628E-005  2.377807043192837E-005  2.364099253983856E-005  2.341794987757692E-005  2.325484513739326E-005  2.298125835134140E-005  2.277262111508763E-005  2.265760403958647E-005  2.253346840569824E-005  2.239800048596645E-005  2.224798879557315E-005  2.207848289897031E-005  2.164067971798158E-005  2.132180955150918E-005  2.081056919464057E-005
   2445.00034253697       2.655416587940363E-005  2.629167949673887E-005  2.600979375149274E-005  2.570437945016490E-005  2.536990257652058E-005  2.499808409048546E-005  2.457610526540698E-005  2.433995167642047E-005  2.408161437400182E-005  2.379465969938297E-005  2.360476685346259E-005  2.346890079565070E-005  2.324785976772686E-005  2.308624034754531E-005  2.281517138196664E-005  2.260847818715827E-005  2.249454309869872E-005  2.237157649135272E-005  2.223738967716717E-005  2.208879523644685E-005  2.192088257752112E-005  2.148709653097103E-005  2.117101085968267E-005  2.066398314353681E-005
   2455.00034393794       2.635082999968588E-005  2.609168885359569E-005  2.581354559404536E-005  2.551233127015025E-005  2.518277236131024E-005  2.481665714032535E-005  2.440153870350097E-005  2.416939329719541E-005  2.391559080977558E-005  2.363388781398154E-005  2.344757306489190E-005  2.331431968054517E-005  2.309762553401289E-005  2.293924018785808E-005  2.267371739844882E-005  2.247134824602358E-005  2.235982763007382E-005  2.223949414721895E-005  2.210821147073430E-005  2.196287359172713E-005  2.179869520922480E-005  2.137487009887317E-005  2.106637909722880E-005  2.057209771433942E-005
   2465.00034533891       2.614767326392915E-005  2.589060402347497E-005  2.561464968415297E-005  2.531569805521586E-005  2.498853776168702E-005  2.462514701035309E-005  2.421298838248694E-005  2.398247882478628E-005  2.373049649312054E-005  2.345078594156509E-005  2.326577630348537E-005  2.313346668728179E-005  2.291830191076772E-005  2.276102977576179E-005  2.249736670476623E-005  2.229639394438505E-005  2.218563128925852E-005  2.206609880769475E-005  2.193566910566108E-005  2.179124124300019E-005  2.162803571208371E-005  2.120636075288116E-005  2.089902977647366E-005  2.040595414132388E-005
   2475.00034673988       2.595589578539596E-005  2.570166651559735E-005  2.542871806006989E-005  2.513312538975145E-005  2.480963132292112E-005  2.445025666343432E-005  2.404272855517173E-005  2.381480093376098E-005  2.356563689462604E-005  2.328905128708795E-005  2.310611366139749E-005  2.297527257866468E-005  2.276247524266773E-005  2.260692511400747E-005  2.234611208341307E-005  2.214727862035858E-005  2.203768034754000E-005  2.191939689523069E-005  2.179031634688262E-005  2.164736724097449E-005  2.148581349784397E-005  2.106831131237416E-005  2.076393675033856E-005  2.027546784121553E-005
   2485.00034814085       2.575235443150456E-005  2.550315799044356E-005  2.523597666411396E-005  2.494697504544350E-005  2.463093548350042E-005  2.428036249785079E-005  2.388344886994846E-005  2.366167506137269E-005  2.341936079487142E-005  2.315052553660552E-005  2.297275062175647E-005  2.284559946946572E-005  2.263878403887506E-005  2.248754898741958E-005  2.223379279601030E-005  2.204013454271525E-005  2.193329058596002E-005  2.181789150365207E-005  2.169184580361051E-005  2.155210948827776E-005  2.139398858796377E-005  2.098435333245530E-005  2.068483195370022E-005  2.020269510838548E-005
   2495.00034954182       2.548878457905853E-005  2.523751508652682E-005  2.496764506609702E-005  2.467564695502595E-005  2.435598928310622E-005  2.400102000737605E-005  2.359855067489513E-005  2.337360814483799E-005  2.312779072493157E-005  2.285509497787348E-005  2.267484860520448E-005  2.254600914718682E-005  2.233659206425795E-005  2.218362353082651E-005  2.192734896869398E-005  2.173214873090048E-005  2.162461175029347E-005  2.150859395963017E-005  2.138202360050822E-005  2.124188940896966E-005  2.108353794351965E-005  2.067423762748303E-005  2.037565427338045E-005  1.989646620626680E-005
   2505.00035094278       2.542283126788178E-005  2.517873632741233E-005  2.491698452153315E-005  2.463369123101791E-005  2.432380262107248E-005  2.397995258610012E-005  2.359030115224565E-005  2.337250014271954E-005  2.313442581512364E-005  2.287013552436598E-005  2.269528884438187E-005  2.257019243387761E-005  2.236664375658863E-005  2.221775202699316E-005  2.196785680606188E-005  2.177709681053971E-005  2.167184312459242E-005  2.155815886421794E-005  2.143398472590016E-005  2.129632749647028E-005  2.114057450796479E-005  2.073718541891679E-005  2.044234937153446E-005  1.996787837053544E-005
   2515.00035234375       2.522870685168519E-005  2.498814654918558E-005  2.473020499561959E-005  2.445123609834258E-005  2.414621056492798E-005  2.380786250285238E-005  2.342452135149012E-005  2.321024653232989E-005  2.297602469976631E-005  2.271593347616116E-005  2.254380571185266E-005  2.242061249186351E-005  2.222006816266535E-005  2.207328665818958E-005  2.182674337768595E-005  2.163836376467474E-005  2.153435027837982E-005  2.142194679601726E-005  2.129910147669503E-005  2.116283202173001E-005  2.100854192848320E-005  2.060847060905902E-005  2.031571352442432E-005  1.984423030300326E-005
   2525.00035374472       2.485846563463673E-005  2.461362668897419E-005  2.435096764986588E-005  2.406669564949482E-005  2.375601679488750E-005  2.341131926337383E-005  2.302127383212830E-005  2.280360777352082E-005  2.256611713452971E-005  2.230311385472058E-005  2.212955279344738E-005  2.200563903861330E-005  2.180446850463074E-005  2.165771993042000E-005  2.141220496488232E-005  2.122546065883399E-005  2.112265995934119E-005  2.101180065581606E-005  2.089090209678497E-005  2.075707628043770E-005  2.060585991021088E-005  2.021477829161436E-005  1.992911056466157E-005  1.947008851603677E-005
   2535.00035514569       2.484374214755485E-005  2.460824619413000E-005  2.435575166634250E-005  2.408276472520620E-005  2.378448436082594E-005  2.345362747338249E-005  2.307899064639232E-005  2.286969683424158E-005  2.264105092837444E-005  2.238731429771600E-005  2.221949521102662E-005  2.209945242074675E-005  2.190414142345590E-005  2.176128379295864E-005  2.152147982504900E-005  2.133836369746874E-005  2.123728880238954E-005  2.112808024880814E-005  2.100873788029577E-005  2.087635594625623E-005  2.072644795018181E-005  2.033745762260335E-005  2.005237949458238E-005  1.959226896031666E-005
   2545.00035654666       2.474216032578160E-005  2.451059175653899E-005  2.426192495991937E-005  2.399274893133927E-005  2.369802813937541E-005  2.337048076725340E-005  2.299852355637031E-005  2.279013966108359E-005  2.256193732999337E-005  2.230803829248031E-005  2.213971048102019E-005  2.201910202602442E-005  2.182252059114152E-005  2.167846830150369E-005  2.143621180055220E-005  2.125090282393335E-005  2.114852610699818E-005  2.103785213617120E-005  2.091686905652218E-005  2.078264379103145E-005  2.063066793042787E-005  2.023676868619540E-005  1.994882658074804E-005  1.948572534373223E-005
   2555.00035794763       2.443259409446600E-005  2.420486116448977E-005  2.396074457017420E-005  2.369712728317964E-005  2.340913513248737E-005  2.309008549462876E-005  2.272905642174573E-005  2.252741473486842E-005  2.230711802018429E-005  2.206261574816120E-005  2.190084166111845E-005  2.178507053665394E-005  2.159659798956557E-005  2.145862596106796E-005  2.122676833731710E-005  2.104945101648051E-005  2.095146876821683E-005  2.084550495561882E-005  2.072959009990473E-005  2.060085740177089E-005  2.045488241046530E-005  2.007509311695862E-005  1.979588655822319E-005  1.934401279769465E-005
   2565.00035934860       2.393511672456339E-005  2.370103855701301E-005  2.345039096666960E-005  2.317978611396590E-005  2.288474359554629E-005  2.255870129496742E-005  2.219151532988354E-005  2.198748747115175E-005  2.176564101584687E-005  2.152092259987589E-005  2.135997317203624E-005  2.124531229933194E-005  2.105960039446162E-005  2.092442417950625E-005  2.069873677996129E-005  2.052733459639009E-005  2.043302699623297E-005  2.033132727637339E-005  2.022038068253788E-005  2.009747633757417E-005  1.995840878886147E-005  1.959732882508937E-005  1.933201784208616E-005  1.890323976799753E-005
   2575.00036074957       2.411339938964844E-005  2.389220737813960E-005  2.365503986891128E-005  2.339850036766114E-005  2.311809597997988E-005  2.280687988085771E-005  2.245411769924325E-005  2.225677719592987E-005  2.204091184629832E-005  2.180098113472873E-005  2.164200277997653E-005  2.152812732131351E-005  2.134256120918716E-005  2.120656213865424E-005  2.097775213575246E-005  2.080256045518191E-005  2.070568127999888E-005  2.060086087429134E-005  2.048614505772874E-005  2.035869053191434E-005  2.021411326009865E-005  1.983784080707491E-005  1.956124495736664E-005  1.911385834378838E-005
   2585.00036215054       2.403217879420522E-005  2.381371294895302E-005  2.357890022794559E-005  2.332427782771395E-005  2.304497172786787E-005  2.273385716783616E-005  2.237970250855295E-005  2.218090101418392E-005  2.196286951175303E-005  2.171993353734332E-005  2.155866916156660E-005  2.144302772971466E-005  2.125437986615868E-005  2.111602134711500E-005  2.088312343822177E-005  2.070479690332416E-005  2.060621479829126E-005  2.049959391563084E-005  2.038297994545108E-005  2.025352868932524E-005  2.010686190335319E-005  1.972623371024477E-005  1.944754183951094E-005  1.899860550036199E-005
   2595.00036355151       2.384563773382738E-005  2.363362940126035E-005  2.340553532983147E-005  2.315794687572287E-005  2.288588495362824E-005  2.258245579665853E-005  2.223634491258625E-005  2.204176900777119E-005  2.182813019576505E-005  2.158974801627019E-005  2.143132244586919E-005  2.131761725284012E-005  2.113198806524103E-005  2.099571359909379E-005  2.076609573255300E-005  2.059009630731474E-005  2.049273640537171E-005  2.038739107831755E-005  2.027211876105555E-005  2.014410050857003E-005  1.999899206919299E-005  1.962216359790119E-005  1.934610626942209E-005  1.890126257711860E-005
   2605.00036495248       2.329002841813795E-005  2.309238449466245E-005  2.288012350159933E-005  2.265014533162843E-005  2.239837550523673E-005  2.211855474108431E-005  2.180089692458839E-005  2.162302953768047E-005  2.142828861928315E-005  2.121166363333168E-005  2.106800531263748E-005  2.096502971042287E-005  2.079706633840683E-005  2.067382662258076E-005  2.046611130764852E-005  2.030667764247981E-005  2.021833366946184E-005  2.012258151581457E-005  2.001757100078832E-005  1.990059902858562E-005  1.976748850769308E-005  1.941867821160460E-005  1.915992354072365E-005  1.873734613700493E-005
   2615.00036635345       2.237580105538773E-005  2.220332088958724E-005  2.201697411114464E-005  2.181385073783323E-005  2.159003411163121E-005  2.133974410175064E-005  2.105405849678211E-005  2.089354152464919E-005  2.071746928558388E-005  2.052136734014041E-005  2.039126252681655E-005  2.029799551392393E-005  2.014588798067902E-005  2.003430108495266E-005  1.984624078976087E-005  1.970184039212993E-005  1.962176605297401E-005  1.953490178718588E-005  1.943951129882670E-005  1.933305390440006E-005  1.921158821837523E-005  1.889136104051725E-005  1.865211425953307E-005  1.826020798682550E-005
   2625.00036775442       2.052949639478162E-005  2.045184065930035E-005  2.036669294868889E-005  2.027216726292285E-005  2.016604871375632E-005  2.004415084549168E-005  1.990017908102775E-005  1.981655177332508E-005  1.972231940281359E-005  1.961374650034382E-005  1.953939529063041E-005  1.948483992651601E-005  1.939350469506341E-005  1.932448165149801E-005  1.920404436780618E-005  1.910786132541715E-005  1.905309293887583E-005  1.899249858304169E-005  1.892453656901673E-005  1.884694284396503E-005  1.875618346733617E-005  1.850606289864393E-005  1.830975922546515E-005  1.797310877937420E-005
   2635.00036915538       2.244490457517610E-005  2.229477748747067E-005  2.213127159400307E-005  2.195174451125249E-005  2.175169438473048E-005  2.152493466252386E-005  2.126159582160947E-005  2.111122722892594E-005  2.094410562224703E-005  2.075509751813230E-005  2.062791751130096E-005  2.053587842265160E-005  2.038415224390675E-005  2.027160545161811E-005  2.007966696128216E-005  1.993053543280555E-005  1.984726778978442E-005  1.975654241829196E-005  1.965650925790936E-005  1.954447733100907E-005  1.941628991148471E-005  1.907753329848104E-005  1.882431607740401E-005  1.840881846506017E-005
   2645.00037055635       2.297204085247747E-005  2.278047277312552E-005  2.257342460149625E-005  2.234756704281075E-005  2.209820511390558E-005  2.181844054441254E-005  2.149754187827235E-005  2.131630246009388E-005  2.111665333940624E-005  2.089317116170741E-005  2.074423299143023E-005  2.063715875901071E-005  2.046204338116452E-005  2.033325424402522E-005  2.011583574381566E-005  1.994885499426927E-005  1.985636750305478E-005  1.975620044151680E-005  1.964648831671340E-005  1.952451663244130E-005  1.938609903605138E-005  1.902585361000509E-005  1.876123542994595E-005  1.833367609013859E-005
   2655.00037195732       2.289580382230629E-005  2.269778034229473E-005  2.248434200503581E-005  2.225230434248390E-005  2.199701568096954E-005  2.171180128096983E-005  2.138594512058220E-005  2.120249530728723E-005  2.100088830295346E-005  2.077570733151748E-005  2.062592461008848E-005  2.051835902886695E-005  2.034264599901998E-005  2.021357316943926E-005  1.999593440181151E-005  1.982898060344319E-005  1.973657234694755E-005  1.963654102518761E-005  1.952702686994324E-005  1.940532869744439E-005  1.926728597390757E-005  1.890824648189408E-005  1.864465521758328E-005  1.821889378655423E-005
   2665.00037335829       2.246177603346070E-005  2.227246007875111E-005  2.206976648390987E-005  2.185073958893687E-005  2.161139123002410E-005  2.134574681920961E-005  2.104426656232254E-005  2.087527801670602E-005  2.068999415682058E-005  2.048339522215473E-005  2.034604291368990E-005  2.024738104947731E-005  2.008608082982328E-005  1.996741084815191E-005  1.976679144660232E-005  1.961229894853141E-005  1.952651553308352E-005  1.943340785802863E-005  1.933115239933552E-005  1.921709307998106E-005  1.908712604662302E-005  1.874596282769709E-005  1.849262541710237E-005  1.807905129056318E-005
   2675.00037475926       2.136598730301183E-005  2.117687603493476E-005  2.097701126500410E-005  2.076437533694983E-005  2.053627297894079E-005  2.028855472321514E-005  2.001480751501472E-005  1.986485527192090E-005  1.970328541927099E-005  1.952651749007940E-005  1.941079347079259E-005  1.932846159269067E-005  1.919515102114156E-005  1.909792380310458E-005  1.893477368581114E-005  1.880976586306944E-005  1.874043753262253E-005  1.866516860486737E-005  1.858238524127932E-005  1.848978511394948E-005  1.838379251294401E-005  1.810231423343112E-005  1.788992511728412E-005  1.753812226939211E-005
   2685.00037616023       2.217266018613129E-005  2.198583781240129E-005  2.178626025632494E-005  2.157080845770878E-005  2.133574510669228E-005  2.107507998061062E-005  2.077960006486977E-005  2.061412602399595E-005  2.043277517180723E-005  2.023063125432325E-005  2.009626048229173E-005  1.999975195921201E-005  1.984196502979330E-005  1.972587528964886E-005  1.952958123152710E-005  1.937837508394540E-005  1.929439726235482E-005  1.920323154466843E-005  1.910308400854632E-005  1.899134305817264E-005  1.886397368320933E-005  1.852940759299718E-005  1.828077900374768E-005  1.787461947567682E-005
   2695.00037756120       2.237459253909214E-005  2.217817579641633E-005  2.196705816257954E-005  2.173775895549651E-005  2.148612881483798E-005  2.120542120931894E-005  2.088531720448789E-005  2.070537588191516E-005  2.050778415373910E-005  2.028729146892085E-005  2.014073736020037E-005  2.003553460808607E-005  1.986376348817754E-005  1.973763822369691E-005  1.952506625659828E-005  1.936206925248448E-005  1.927187657056606E-005  1.917425981988373E-005  1.906741060059791E-005  1.894869960606574E-005  1.881407343025042E-005  1.846407090295774E-005  1.820726369452236E-005  1.779277728250251E-005
   2705.00037896217       2.229672154600239E-005  2.209753483687246E-005  2.188311097618983E-005  2.165048761766187E-005  2.139498651805064E-005  2.111012685050769E-005  2.078556019963910E-005  2.060327005845853E-005  2.040326526043579E-005  2.018035899117197E-005  2.003235649487909E-005  1.992622517356147E-005  1.975308593514362E-005  1.962610736528893E-005  1.941237201826415E-005  1.924872952326646E-005  1.915826888582563E-005  1.906043533037389E-005  1.895342994495437E-005  1.883464425224843E-005  1.870005368819453E-005  1.835067852038934E-005  1.809473007807271E-005  1.768208115107457E-005
   2715.00038036314       2.217910620275745E-005  2.198015865581528E-005  2.176609565074312E-005  2.153368307029753E-005  2.127856576793410E-005  2.099413941402809E-005  2.067010721611338E-005  2.048818731347318E-005  2.028861805155931E-005  2.006628096783860E-005  1.991870022994048E-005  1.981288870968677E-005  1.964033391041072E-005  1.951381470315346E-005  1.930093934008399E-005  1.913802614198155E-005  1.904799616013283E-005  1.895065423889860E-005  1.884421781123125E-005  1.872609992897558E-005  1.859231571857961E-005  1.824527695575105E-005  1.799123823513551E-005  1.758190361210361E-005
   2725.00038176411       2.202442423205068E-005  2.182797469889144E-005  2.161666354135376E-005  2.138718309139164E-005  2.113512455576264E-005  2.085407501016561E-005  2.053383660841730E-005  2.035392261752587E-005  2.015657030289481E-005  1.993663241755474E-005  1.979061922217303E-005  1.968591927217260E-005  1.951515556961122E-005  1.938993058794800E-005  1.917920738617989E-005  1.901791743001404E-005  1.892877927798222E-005  1.883239228551797E-005  1.872699216243048E-005  1.861001500433720E-005  1.847750637461166E-005  1.813367136032819E-005  1.788185482360135E-005  1.747586770284670E-005
   2735.00038316508       2.181948058225132E-005  2.162909004706092E-005  2.142450052450949E-005  2.120202661240201E-005  2.095760316931946E-005  2.068472718684209E-005  2.037335583855126E-005  2.019823675651809E-005  2.000587296118683E-005  1.979123516625076E-005  1.964856976848027E-005  1.954618606832487E-005  1.937903363644708E-005  1.925634137368044E-005  1.904963891112292E-005  1.889123037215492E-005  1.880361009459439E-005  1.870880751079824E-005  1.860507272303754E-005  1.848986120636929E-005  1.835924821384757E-005  1.801983421104926E-005  1.777083187671735E-005  1.736878202747689E-005
   2745.00038456605       2.141982001000645E-005  2.124574204476394E-005  2.105891105813070E-005  2.085619614674774E-005  2.063362166823583E-005  2.038525096765236E-005  2.010150186739496E-005  1.994155191431569E-005  1.976547042499305E-005  1.956831685204272E-005  1.943679280303198E-005  1.934214007142206E-005  1.918706337482119E-005  1.907276805235767E-005  1.887925755540305E-005  1.873008379581323E-005  1.864723290475827E-005  1.855731490503450E-005  1.845858893398285E-005  1.834853198887504E-005  1.822324626324164E-005  1.789522428582895E-005  1.765258340367084E-005  1.725812668273970E-005
   2755.00038596701       1.999125615474022E-005  1.984490137801980E-005  1.969013072997280E-005  1.952581338321863E-005  1.934906122219926E-005  1.915602682254861E-005  1.894032551976214E-005  1.882066392795154E-005  1.869009423406067E-005  1.854496851212145E-005  1.844852220620766E-005  1.837916738085270E-005  1.826545710296448E-005  1.818141264574438E-005  1.803825355210453E-005  1.792680077363026E-005  1.786436700134416E-005  1.779610258636158E-005  1.772048950510701E-005  1.763529672860016E-005  1.753707879134530E-005  1.727335295445016E-005  1.707241124865240E-005  1.673752150336490E-005
   2765.00038736798       2.047729859568518E-005  2.032712090515283E-005  2.016760119625888E-005  1.999624684925682E-005  1.981018407520403E-005  1.960445051130748E-005  1.937173844501237E-005  1.924136929599024E-005  1.909829261806226E-005  1.893833147431049E-005  1.883161275001563E-005  1.875472470663671E-005  1.862850762591007E-005  1.853517600244497E-005  1.837630363643127E-005  1.825289720644176E-005  1.818392676202680E-005  1.810867644195700E-005  1.802553932030015E-005  1.793216496502346E-005  1.782490892729294E-005  1.753885354343322E-005  1.732227153023171E-005  1.696200797612089E-005
   2775.00038876895       2.112816062601789E-005  2.095292031671395E-005  2.076442944874425E-005  2.055965102163135E-005  2.033456485792993E-005  2.008301340514889E-005  1.979540042849035E-005  1.963329954411721E-005  1.945497824898910E-005  1.925549194655880E-005  1.912260040331413E-005  1.902705220515461E-005  1.887075374682347E-005  1.875576669858253E-005  1.856151460233487E-005  1.841217572728332E-005  1.832939031779238E-005  1.823967330823571E-005  1.814132617868215E-005  1.803188090381424E-005  1.790752977152391E-005  1.758304019779020E-005  1.734383479871868E-005  1.695593436840422E-005
   2785.00039016992       2.114975902871318E-005  2.096560647327916E-005  2.076748992513827E-005  2.055219454871936E-005  2.031563392137869E-005  2.005169573635788E-005  1.975064703561781E-005  1.958149361729336E-005  1.939581739514748E-005  1.918881580259844E-005  1.905134601032119E-005  1.895275519207512E-005  1.879191162173560E-005  1.867392907489232E-005  1.847531712317421E-005  1.832321882351509E-005  1.823911861963518E-005  1.814814296320171E-005  1.804860802245675E-005  1.793806553923539E-005  1.781273629093305E-005  1.748688085983381E-005  1.724756351584755E-005  1.686059945330076E-005
   2795.00039157089       2.105964776593275E-005  2.087341470337318E-005  2.067297329046794E-005  2.045531939964485E-005  2.021646591697876E-005  1.995028331297415E-005  1.964721301284657E-005  1.947715821949238E-005  1.929073267062447E-005  1.908314639798950E-005  1.894545173962830E-005  1.884676976915654E-005  1.868592389767856E-005  1.856804677567061E-005  1.836979257549012E-005  1.821811661359098E-005  1.813429942700640E-005  1.804366595970084E-005  1.794454834675464E-005  1.783451108134777E-005  1.770980704947944E-005  1.738577550334710E-005  1.714792622191832E-005  1.676346168154812E-005
   2805.00039297186       2.093718441523110E-005  2.075107139912862E-005  2.055101985179519E-005  2.033380560642885E-005  2.009559326634906E-005  1.983018512151290E-005  1.952835851878337E-005  1.935908673431693E-005  1.917363619377044E-005  1.896726350789012E-005  1.883043122498997E-005  1.873240264458921E-005  1.857265070746421E-005  1.845561343574184E-005  1.825882645649070E-005  1.810831120846381E-005  1.802514948972976E-005  1.793522805044791E-005  1.783689334646101E-005  1.772773234505896E-005  1.760401948978324E-005  1.728253161157192E-005  1.704648941429954E-005  1.666481978996317E-005
   2815.00039437283       2.080378315615024E-005  2.061888537423461E-005  2.042000275109882E-005  2.020447892125329E-005  1.996799100081823E-005  1.970470601176772E-005  1.940533495020817E-005  1.923750233782861E-005  1.905365951230163E-005  1.884912629677193E-005  1.871353127351885E-005  1.861639769791465E-005  1.845811345960307E-005  1.834215509072492E-005  1.814718450622527E-005  1.799805099553502E-005  1.791564256575942E-005  1.782653229748119E-005  1.772907783292121E-005  1.762088043517425E-005  1.749824216367663E-005  1.717943734556704E-005  1.694526297072515E-005  1.656646059563215E-005
   2825.00039577380       2.066373385742462E-005  2.048102867429153E-005  2.028435180529656E-005  2.007113739728064E-005  1.983729462172932E-005  1.957696695572912E-005  1.928084307655451E-005  1.911483558646202E-005  1.893295203957918E-005  1.873058025421395E-005  1.859641855012750E-005  1.850029340111561E-005  1.834365110719582E-005  1.822888459690057E-005  1.803588516304539E-005  1.788823856236841E-005  1.780664375760078E-005  1.771840232774840E-005  1.762188709081788E-005  1.751471858949404E-005  1.739322712994081E-005  1.707729601385190E-005  1.684511949816060E-005  1.646934610025341E-005
   2835.00039717477       2.051589008226504E-005  2.033634669231447E-005  2.014314261321197E-005  1.993356819493825E-005  1.970356529112263E-005  1.944728799941741E-005  1.915559091057975E-005  1.899194145739779E-005  1.881256524176401E-005  1.861286337534358E-005  1.848040470198354E-005  1.838547766347924E-005  1.823071797012067E-005  1.811729115694623E-005  1.792646393676675E-005  1.778040307865174E-005  1.769966430915308E-005  1.761232742373805E-005  1.751677775784718E-005  1.741065231943388E-005  1.729031085697835E-005  1.697721576849797E-005  1.674699628504103E-005  1.637421066019790E-005
   2845.00039857574       2.032440567820748E-005  2.015129120818579E-005  1.996463752167757E-005  1.976178821524949E-005  1.953890760997518E-005  1.929023332106195E-005  1.900662685521935E-005  1.884724348559069E-005  1.867233737363709E-005  1.847734502272671E-005  1.834785538313367E-005  1.825497002141190E-005  1.810340567744857E-005  1.799220900868756E-005  1.780493209673166E-005  1.766141368533191E-005  1.758201450539570E-005  1.749607719918293E-005  1.740199714767229E-005  1.729742971830306E-005  1.717875856644045E-005  1.686953996861987E-005  1.664176744193460E-005  1.627236086907650E-005
   2855.00039997671       2.005596306847452E-005  1.989616462109876E-005  1.972363511198472E-005  1.953580028527781E-005  1.932855749786571E-005  1.909638789927916E-005  1.883026253994949E-005  1.867996559326734E-005  1.851442588590796E-005  1.832906408332574E-005  1.820548899711074E-005  1.811661355329848E-005  1.797117222604431E-005  1.786413158660599E-005  1.768322016984246E-005  1.754406922915205E-005  1.746689906193343E-005  1.738323339824465E-005  1.729147713149750E-005  1.718930502340544E-005  1.707312326071051E-005  1.676938241570925E-005  1.654487484921771E-005  1.617978110794166E-005
   2865.00040137768       1.926732743919469E-005  1.914099973722426E-005  1.900513145080670E-005  1.885769555876677E-005  1.869562699547730E-005  1.851410067664509E-005  1.830570443575852E-005  1.818759189975719E-005  1.805688419734091E-005  1.790958846377896E-005  1.781068895946194E-005  1.773914798612300E-005  1.762123078357541E-005  1.753370120758835E-005  1.738415267564664E-005  1.726758067034313E-005  1.720230391299048E-005  1.713100128300829E-005  1.705213350932866E-005  1.696346444245687E-005  1.686152213238032E-005  1.658936075047692E-005  1.638319967332754E-005  1.604037046772764E-005
   2875.00040277864       1.809576600677418E-005  1.799240364738321E-005  1.788248240497649E-005  1.776485156963708E-005  1.763734142712510E-005  1.749648066995996E-005  1.733692334867038E-005  1.724718765064638E-005  1.714840705356739E-005  1.703735111099228E-005  1.696279427269713E-005  1.690881122398653E-005  1.681960378936070E-005  1.675312084156949E-005  1.663879256143027E-005  1.654884897206821E-005  1.649810773546426E-005  1.644234532208617E-005  1.638023216570519E-005  1.630982717058827E-005  1.622811443310752E-005  1.600598861529310E-005  1.583431156116957E-005  1.554427931069723E-005
   2885.00040417961       1.941260845536849E-005  1.927258913091870E-005  1.912168719399498E-005  1.895733323887186E-005  1.877585273509354E-005  1.857220201191852E-005  1.833785124077741E-005  1.820500737388178E-005  1.805816758087686E-005  1.789298650335233E-005  1.778234975461311E-005  1.770249638187261E-005  1.757126658046502E-005  1.747422885031612E-005  1.730927254145011E-005  1.718153568853043E-005  1.711036334914934E-005  1.703292757997257E-005  1.694766884857801E-005  1.685231738938469E-005  1.674336562158564E-005  1.645596216289021E-005  1.624137511266473E-005  1.588938544711083E-005
   2895.00040558058       1.961738479387627E-005  1.945768290273169E-005  1.928533227690884E-005  1.909771945324053E-005  1.889134703495587E-005  1.866044138035783E-005  1.839645818203869E-005  1.824775329107393E-005  1.808429432897089E-005  1.790167786670578E-005  1.778018119657461E-005  1.769292490149265E-005  1.755034767900965E-005  1.744558027938540E-005  1.726881080442965E-005  1.713306616133250E-005  1.705786068164501E-005  1.697637467295036E-005  1.688706178409388E-005  1.678766334138919E-005  1.667468842422599E-005  1.637946061209511E-005  1.616123905716958E-005  1.580620746230586E-005
   2905.00040698155       1.959197106437256E-005  1.942562993062457E-005  1.924674212126120E-005  1.905249996071497E-005  1.883909662548523E-005  1.860130883251457E-005  1.833035546371008E-005  1.817825287602092E-005  1.801144225261077E-005  1.782560531468968E-005  1.770225309241210E-005  1.761380942678120E-005  1.746950573766103E-005  1.736367212138719E-005  1.718544200847253E-005  1.704886432465585E-005  1.697329664359716E-005  1.689149815217648E-005  1.680192991787514E-005  1.670235288004600E-005  1.658929815896890E-005  1.629441584859550E-005  1.607687237385392E-005  1.572346640011500E-005
   2915.00040838252       1.947278525879092E-005  1.930572204338144E-005  1.912610180286155E-005  1.893141505263789E-005  1.871790193056508E-005  1.848026825474772E-005  1.821013340940074E-005  1.805869932423696E-005  1.789276079557287E-005  1.770807721648261E-005  1.758560586934341E-005  1.749781333319189E-005  1.735469290882439E-005  1.724976189485382E-005  1.707312353493229E-005  1.693780394228159E-005  1.686294145504960E-005  1.678190828147981E-005  1.669317730062782E-005  1.659452375891462E-005  1.648250294226566E-005  1.619018825596721E-005  1.597438872040325E-005  1.562356757753052E-005
   2925.00040978349       1.938022040947721E-005  1.921279262716742E-005  1.903317450885612E-005  1.883834999871156E-005  1.862484837797419E-005  1.838739696795827E-005  1.811762277843237E-005  1.796645430851638E-005  1.780085930435854E-005  1.761665227584227E-005  1.749453710846871E-005  1.740703670380208E-005  1.726440692887054E-005  1.715986919737060E-005  1.698395874031386E-005  1.684924712745862E-005  1.677474323123875E-005  1.669411133577236E-005  1.660584048973580E-005  1.650772054074863E-005  1.639633039641703E-005  1.610578260008100E-005  1.589136596186265E-005  1.554285585269074E-005
   2935.00041118446       1.926805708148594E-005  1.910164954425081E-005  1.892301143010634E-005  1.872935339045778E-005  1.851729725082616E-005  1.828139428035558E-005  1.801344514229867E-005  1.786332843028501E-005  1.769892260309329E-005  1.751603768766551E-005  1.739481211881619E-005  1.730795280345860E-005  1.716637143700804E-005  1.706260141798717E-005  1.688797736078028E-005  1.675424880948985E-005  1.668028090058271E-005  1.660022827361923E-005  1.651258497816810E-005  1.641515732073394E-005  1.630454790910040E-005  1.601599955925042E-005  1.580304259969227E-005  1.545690992189256E-005
   2945.00041258543       1.914819696792548E-005  1.898331701941590E-005  1.880602570451581E-005  1.861406141953257E-005  1.840368093533347E-005  1.816973875310267E-005  1.790404758913673E-005  1.775523128700125E-005  1.759228959120461E-005  1.741103142743061E-005  1.729087962000057E-005  1.720479608822450E-005  1.706447531170461E-005  1.696162800477571E-005  1.678855875876213E-005  1.665600497667530E-005  1.658268370438514E-005  1.650332504041539E-005  1.641643444413002E-005  1.631983223688072E-005  1.621014523531843E-005  1.592392294068359E-005  1.571260124886355E-005  1.536899060650182E-005
   2955.00041398640       1.903046086248810E-005  1.886689029559075E-005  1.869114020390072E-005  1.850074349012579E-005  1.829225070366939E-005  1.806040355579391E-005  1.779704863106596E-005  1.764955865835878E-005  1.748804033595429E-005  1.730839321064738E-005  1.718929208492765E-005  1.710395029543741E-005  1.696484796340073E-005  1.686289499453046E-005  1.669130295894282E-005  1.655987041967768E-005  1.648716317240595E-005  1.640846434761551E-005  1.632229248101848E-005  1.622647853644134E-005  1.611767680055621E-005  1.583369725277422E-005  1.562396556211615E-005  1.528283059265205E-005
   2965.00041538737       1.891033483446697E-005  1.874851038397442E-005  1.857430664857956E-005  1.838587073909029E-005  1.817938208995226E-005  1.794980467119779E-005  1.768901746219863E-005  1.754292268996888E-005  1.738296505389311E-005  1.720503052263399E-005  1.708708217251793E-005  1.700255193186943E-005  1.686476713256813E-005  1.676376168344560E-005  1.659375960303699E-005  1.646352615319506E-005  1.639147653458877E-005  1.631347845921047E-005  1.622806407627410E-005  1.613308073927981E-005  1.602520216490758E-005  1.574353347974722E-005  1.553541595709535E-005  1.519676707153837E-005
   2975.00041678834       1.878930239760291E-005  1.862897562213196E-005  1.845679564474646E-005  1.827033976816823E-005  1.806603221039491E-005  1.783882243916093E-005  1.758079225012417E-005  1.743622150681176E-005  1.727787853731934E-005  1.710171281480645E-005  1.698492699433031E-005  1.690122563188576E-005  1.676477414791756E-005  1.666473721957527E-005  1.649634354749162E-005  1.636732318186091E-005  1.629593171006585E-005  1.621864381799620E-005  1.613399508758629E-005  1.603985129380828E-005  1.593290794594518E-005  1.565358292867940E-005  1.544709574702285E-005  1.511093551284325E-005
   2985.00041818931       1.866759374099667E-005  1.850941926671449E-005  1.833943950814431E-005  1.815522762492130E-005  1.795337276387531E-005  1.772875330324221E-005  1.747356501429649E-005  1.733055612120194E-005  1.717389448891293E-005  1.699957176885866E-005  1.688397683264376E-005  1.680112062019644E-005  1.666604451084593E-005  1.656699911927548E-005  1.640023571859236E-005  1.627244095720839E-005  1.620171649951357E-005  1.612514597875226E-005  1.604127098305462E-005  1.594797254044076E-005  1.584197120289949E-005  1.556500278438520E-005  1.536015126137483E-005  1.502647319034332E-005
   2995.00041959028       1.853778651594545E-005  1.838221684582798E-005  1.821491066991261E-005  1.803354712045060E-005  1.783467039167521E-005  1.761335324813569E-005  1.736170472031811E-005  1.722059657662378E-005  1.706599540451158E-005  1.689388771183515E-005  1.677972897671734E-005  1.669787721128360E-005  1.656441236293730E-005  1.646651699274319E-005  1.630164740538473E-005  1.617524818442026E-005  1.610528097978380E-005  1.602951211344990E-005  1.594649992571197E-005  1.585413662733430E-005  1.574916860566011E-005  1.547473600604480E-005  1.527161876508385E-005  1.494055039176372E-005
   3005.00042099124       1.839609965839973E-005  1.824449290504067E-005  1.808123351562471E-005  1.790418045205979E-005  1.770966878509639E-005  1.749301553926749E-005  1.724630981899464E-005  1.710779419752355E-005  1.695591851700584E-005  1.678669122933284E-005  1.667435695520994E-005  1.659378538927431E-005  1.646230571699034E-005  1.636581653889810E-005  1.620320653514231E-005  1.607846163904653E-005  1.600936987213227E-005  1.593452428667579E-005  1.585248802470118E-005  1.576117231355789E-005  1.565734381586761E-005  1.538564688816448E-005  1.518434560650835E-005  1.485594493936804E-005
   3015.00042239221       1.821717219991522E-005  1.807331074138427E-005  1.791796770622241E-005  1.774891372395523E-005  1.756274553566239E-005  1.735475231386811E-005  1.711695561668477E-005  1.698302802354166E-005  1.683586294116389E-005  1.667149144371173E-005  1.656212927872238E-005  1.648358263186420E-005  1.635522815989148E-005  1.626088472260123E-005  1.610160253370848E-005  1.597918766820437E-005  1.591130745248854E-005  1.583771202124086E-005  1.575697336185553E-005  1.566701887591149E-005  1.556463425414721E-005  1.529624354856763E-005  1.509701928020514E-005  1.477151708976010E-005
   3025.00042379318       1.787327529820316E-005  1.774842182467857E-005  1.761269242822582E-005  1.746479738601625E-005  1.730105677988245E-005  1.711673191801169E-005  1.690435404565080E-005  1.678385840226518E-005  1.665057150617761E-005  1.650063934312875E-005  1.640024301281038E-005  1.632780714779112E-005  1.620881035556203E-005  1.612085750632177E-005  1.597143532430156E-005  1.585580174715594E-005  1.579139403856961E-005  1.572132794198515E-005  1.564419361660128E-005  1.555793041053118E-005  1.545934880797947E-005  1.519910261812180E-005  1.500448289337636E-005  1.468460614164252E-005
   3035.00042519415       1.653539260983570E-005  1.645377020448199E-005  1.636632937940168E-005  1.627097416760191E-005  1.616592145130060E-005  1.604766843428723E-005  1.591096938092357E-005  1.583292612385631E-005  1.574603120858952E-005  1.564724336733906E-005  1.558031804193176E-005  1.553159941103865E-005  1.545066885979924E-005  1.539002864920052E-005  1.528520539543013E-005  1.520236087540600E-005  1.515550318783046E-005  1.510392859498688E-005  1.504639362172885E-005  1.498109317171051E-005  1.490521294880719E-005  1.469861617552370E-005  1.453874153358276E-005  1.426842720504359E-005
   3045.00042659512       1.680845782189022E-005  1.672065753124315E-005  1.662593143193245E-005  1.652280125999533E-005  1.640895723734611E-005  1.628086222905059E-005  1.613287953582484E-005  1.604844008737029E-005  1.595458830091738E-005  1.584811527864795E-005  1.577617511508094E-005  1.572389650181517E-005  1.563722876712657E-005  1.557247706497148E-005  1.546092723976902E-005  1.537311215096478E-005  1.532358166155371E-005  1.526917451362799E-005  1.520861564827896E-005  1.514003820790933E-005  1.506054400369711E-005  1.484490941589679E-005  1.467847610602116E-005  1.439693686400094E-005
   3055.00042799609       1.761306138494765E-005  1.748703383341399E-005  1.735070609319275E-005  1.720199823015076E-005  1.703752858422220E-005  1.685254211504018E-005  1.663975001393732E-005  1.651924420408924E-005  1.638614153598709E-005  1.623663284809201E-005  1.613668054286501E-005  1.606465762536222E-005  1.594644710381410E-005  1.585919398688494E-005  1.571117678474250E-005  1.559680692334937E-005  1.553316213034010E-005  1.546397932969226E-005  1.538787079213372E-005  1.530281857167625E-005  1.520569362494211E-005  1.494959575656401E-005  1.475827762969371E-005  1.444403656415652E-005
   3065.00042939706       1.768909084801773E-005  1.754999092146007E-005  1.739966822723804E-005  1.723653184928061E-005  1.705685748056689E-005  1.685625971586431E-005  1.662715325773553E-005  1.649828585938045E-005  1.635670608694204E-005  1.619861674268142E-005  1.609352003320536E-005  1.601803508423129E-005  1.589470936720514E-005  1.580405849412835E-005  1.565103813957885E-005  1.553341663693478E-005  1.546818579600109E-005  1.539744721353684E-005  1.531982689609697E-005  1.523331672166549E-005  1.513481089169510E-005  1.487632529640487E-005  1.468418167894939E-005  1.436979934174147E-005
   3075.00043079803       1.763192155197444E-005  1.748881374195597E-005  1.733504590538788E-005  1.716806141113251E-005  1.698510359839973E-005  1.678115197937272E-005  1.654911009753827E-005  1.641884921015477E-005  1.627603950649081E-005  1.611693317857732E-005  1.601132159764820E-005  1.593555227614765E-005  1.581188760710206E-005  1.572110581695748E-005  1.556803904393671E-005  1.545052483498482E-005  1.538540387948558E-005  1.531482053561013E-005  1.523741116850581E-005  1.515118084133725E-005  1.505304228716938E-005  1.479572408746605E-005  1.460458326915938E-005  1.429198304766070E-005
   3085.00043219900       1.752662311806410E-005  1.738328446589085E-005  1.722937245441567E-005  1.706247875382568E-005  1.687970858608619E-005  1.667631895523976E-005  1.644518212969132E-005  1.631564503654757E-005  1.617367809176605E-005  1.601565223517037E-005  1.591080079174856E-005  1.583563139848776E-005  1.571296803203739E-005  1.562295133286807E-005  1.547120908301920E-005  1.535473066661288E-005  1.529018604180974E-005  1.522022661025669E-005  1.514349427862004E-005  1.505801059045879E-005  1.496070320432294E-005  1.470544453182115E-005  1.451570217755865E-005  1.420518942265565E-005
   3095.00043359997       1.744509146535813E-005  1.730166785235904E-005  1.714780858021305E-005  1.698074512435571E-005  1.679810997279623E-005  1.659503841712229E-005  1.636431838252730E-005  1.623503909361586E-005  1.609342576941383E-005  1.593585386654386E-005  1.583131982933497E-005  1.575639137367870E-005  1.563416251767494E-005  1.554447454093213E-005  1.539334717795982E-005  1.527737535688864E-005  1.521312044136214E-005  1.514349047720849E-005  1.506713240708365E-005  1.498207954370384E-005  1.488528214222915E-005  1.463144437894617E-005  1.444281627897150E-005  1.413418886636174E-005
   3105.00043500094       1.734247549986616E-005  1.720001753115909E-005  1.704693386241047E-005  1.688132158639497E-005  1.669993090346085E-005  1.649826653037793E-005  1.626931576499653E-005  1.614100687705368E-005  1.600054145053281E-005  1.584422138044279E-005  1.574054173998141E-005  1.566622269287328E-005  1.554500359573710E-005  1.545605286417172E-005  1.530615113774621E-005  1.519111228006693E-005  1.512737134933937E-005  1.505829040772232E-005  1.498252572828677E-005  1.489812469626403E-005  1.480205441693939E-005  1.455004726219296E-005  1.436271970481486E-005  1.405614780875080E-005
   3115.00043640191       1.722507820904999E-005  1.708402174250154E-005  1.693227336980707E-005  1.676813608586428E-005  1.658851947562947E-005  1.638892374464250E-005  1.616245525308808E-005  1.603560020659521E-005  1.589673691814971E-005  1.574224316029945E-005  1.563978472339484E-005  1.556635438326806E-005  1.544655695888902E-005  1.535865638359840E-005  1.521051065345675E-005  1.509679250271766E-005  1.503377266794291E-005  1.496545850652401E-005  1.489052062422440E-005  1.480701593071291E-005  1.471193148647057E-005  1.446231398940562E-005  1.427656988402030E-005  1.397229903591303E-005
   3125.00043780287       1.713482910326687E-005  1.699461464954426E-005  1.684426251297802E-005  1.668122537380349E-005  1.650289882686707E-005  1.630469170592752E-005  1.607970271041561E-005  1.595366264001416E-005  1.581564991943709E-005  1.566206247223467E-005  1.556019984233872E-005  1.548719011136448E-005  1.536807207063496E-005  1.528066565300785E-005  1.513333504987723E-005  1.502024522694689E-005  1.495757473943459E-005  1.488963953480597E-005  1.481512071582917E-005  1.473208803789734E-005  1.463755085987291E-005  1.438941593794687E-005  1.420482114546136E-005  1.390249387888470E-005
   3135.00043920384       1.703844086128863E-005  1.689903465742952E-005  1.674956671217696E-005  1.658761309223917E-005  1.641051082975520E-005  1.621363620690123E-005  1.599018448059860E-005  1.586502567744392E-005  1.572799741467994E-005  1.557552851104307E-005  1.547441629621515E-005  1.540193643828951E-005  1.528369863687267E-005  1.519693599386844E-005  1.505070830959037E-005  1.493846632485617E-005  1.487626343778802E-005  1.480884008723564E-005  1.473487796009183E-005  1.465246358058403E-005  1.455862624878355E-005  1.431229579442511E-005  1.412900047169703E-005  1.382871576259893E-005
   3145.00044060481       1.693134541960420E-005  1.679348026537676E-005  1.664560247970512E-005  1.648540625074436E-005  1.631020783198692E-005  1.611540982316605E-005  1.589433853729480E-005  1.577053269243520E-005  1.563493154465759E-005  1.548403301157144E-005  1.538394214916243E-005  1.531218293033678E-005  1.519510341020197E-005  1.510918349568069E-005  1.496432870157242E-005  1.485310540156961E-005  1.479145643495556E-005  1.472462240654524E-005  1.465129245374420E-005  1.456956626880218E-005  1.447649010545837E-005  1.423204351691053E-005  1.405005554459142E-005  1.375179429990330E-005
   3155.00044200578       1.684569401180153E-005  1.670871225483565E-005  1.656156589639183E-005  1.640236992521280E-005  1.622804390473220E-005  1.603419259703672E-005  1.581430046168465E-005  1.569110447167080E-005  1.555619560540129E-005  1.540608528726732E-005  1.530652569570616E-005  1.523514478255894E-005  1.511869051172903E-005  1.503323571475005E-005  1.488918611137498E-005  1.477860479463074E-005  1.471731650424906E-005  1.465087790859095E-005  1.457799107644067E-005  1.449676594465847E-005  1.440427108639847E-005  1.416139501884911E-005  1.398060453483663E-005  1.368431752397682E-005
   3165.00044340675       1.675038657192652E-005  1.661446845398516E-005  1.646837562477701E-005  1.631054781448580E-005  1.613767118638369E-005  1.594550773933940E-005  1.572734164878761E-005  1.560509582293061E-005  1.547129354452453E-005  1.532237034391075E-005  1.522355918231240E-005  1.515273404252311E-005  1.503718121929434E-005  1.495236785573084E-005  1.480938929578743E-005  1.469962098481121E-005  1.463878106168308E-005  1.457282206117638E-005  1.450045962769159E-005  1.441981284924461E-005  1.432796922591241E-005  1.408677436002488E-005  1.390720707187784E-005  1.361288034481289E-005
   3175.00044480772       1.664043845193626E-005  1.650622541554481E-005  1.636167888545127E-005  1.620550849248429E-005  1.603441678996317E-005  1.584444577798503E-005  1.562874158033000E-005  1.550792637002711E-005  1.537560875572219E-005  1.522834766617048E-005  1.513068272989403E-005  1.506065177832418E-005  1.494639341625566E-005  1.486253131527282E-005  1.472113148792585E-005  1.461253916095839E-005  1.455233724978577E-005  1.448705782765868E-005  1.441542433779628E-005  1.433556723869336E-005  1.424459245800087E-005  1.400550885107841E-005  1.382735446455455E-005  1.353511775219220E-005
   3185.00044620869       1.655419444938268E-005  1.642060618303808E-005  1.627723394981686E-005  1.612215233078686E-005  1.595232855269472E-005  1.576349461809009E-005  1.554914850171951E-005  1.542909663483294E-005  1.529757983759823E-005  1.515124089952346E-005  1.505415269398029E-005  1.498453800626736E-005  1.487095166503341E-005  1.478758289510645E-005  1.464700397983194E-005  1.453904516805701E-005  1.447919660554150E-005  1.441430009040417E-005  1.434308902869197E-005  1.426370584584413E-005  1.417327499886209E-005  1.393564824731239E-005  1.375860600237693E-005  1.346822040744820E-005
   3195.00044760966       1.645496882228724E-005  1.632254405909607E-005  1.618086894892819E-005  1.602718920076699E-005  1.585901096050154E-005  1.567200710118762E-005  1.545961863724148E-005  1.534067035132555E-005  1.521037263221746E-005  1.506536323042587E-005  1.496916699947423E-005  1.490018823873499E-005  1.478762932337880E-005  1.470500270164234E-005  1.456566229045121E-005  1.445863375696551E-005  1.439929184373653E-005  1.433494072570608E-005  1.426431692911811E-005  1.418557627682671E-005  1.409586163333859E-005  1.386003328360983E-005  1.368425071517012E-005  1.339581429226986E-005
   3210.00044971111       1.630915700243660E-005  1.617860159977030E-005  1.603866436848022E-005  1.588716619377350E-005  1.572128621607663E-005  1.553681973102609E-005  1.532742692072155E-005  1.521011440501962E-005  1.508162493074226E-005  1.493860941341665E-005  1.484371662379614E-005  1.477568176267389E-005  1.466463829432825E-005  1.458310848286173E-005  1.444560552071779E-005  1.433996175473331E-005  1.428137767658457E-005  1.421783676153234E-005  1.414808530604744E-005  1.407030328387072E-005  1.398165562154183E-005  1.374849861320107E-005  1.357459014062023E-005  1.328906102429919E-005
   3230.00045251305       1.611917119153369E-005  1.599131590991529E-005  1.585412155476823E-005  1.570546305523015E-005  1.554279036985135E-005  1.536197509506063E-005  1.515651457255421E-005  1.504135292900959E-005  1.491520133254859E-005  1.477472532328211E-005  1.468151294516172E-005  1.461466170358843E-005  1.450553238781477E-005  1.442538732935045E-005  1.429017923555992E-005  1.418626434588703E-005  1.412862408696011E-005  1.406609274481224E-005  1.399743873475064E-005  1.392085750024461E-005  1.383355152502406E-005  1.360378676205749E-005  1.343228307101843E-005  1.315051438143890E-005
   3250.00045531499       1.591987458668150E-005  1.579561932804406E-005  1.566222198579319E-005  1.551763838823462E-005  1.535916336396087E-005  1.518268930132334E-005  1.498203479281294E-005  1.486951275895489E-005  1.474613340718329E-005  1.460870379664136E-005  1.451743154120147E-005  1.445194753881801E-005  1.434501495801772E-005  1.426644648574080E-005  1.413381856910482E-005  1.403182042449019E-005  1.397521781915650E-005  1.391379562835410E-005  1.384633652077054E-005  1.377105741927633E-005  1.368519711914546E-005  1.345904449732945E-005  1.329006538229287E-005  1.301219001701074E-005
   3270.00045811693       1.565143668179628E-005  1.553759457094425E-005  1.541440489973146E-005  1.528052773222605E-005  1.513305628090832E-005  1.496814002873179E-005  1.477955542249117E-005  1.467324516529435E-005  1.455630785964118E-005  1.442552822282002E-005  1.433839742158959E-005  1.427572464634665E-005  1.417316815126930E-005  1.409762732323239E-005  1.396974751514262E-005  1.387110140543175E-005  1.381625608592997E-005  1.375665324274148E-005  1.369109295263280E-005  1.361781888570937E-005  1.353409953725775E-005  1.331292001194298E-005  1.314712352905624E-005  1.287378542321628E-005
   3290.00046091887       1.444988268256243E-005  1.438354430281540E-005  1.431141845935816E-005  1.423243807993246E-005  1.414441814112429E-005  1.404458875644704E-005  1.392825398948334E-005  1.386149371772374E-005  1.378694626442794E-005  1.370193252511393E-005  1.364426310246705E-005  1.360224472775955E-005  1.353239951310855E-005  1.348004568441661E-005  1.338956809636400E-005  1.331807179481131E-005  1.327764812760613E-005  1.323316676589968E-005  1.318356523668017E-005  1.312727853550223E-005  1.306188724620471E-005  1.288382810879118E-005  1.274590046859956E-005  1.251223339226664E-005
   3310.00046372080       1.493927435339822E-005  1.485089976726405E-005  1.475509035614972E-005  1.465042691095348E-005  1.453437637053858E-005  1.440348505192749E-005  1.425219854790393E-005  1.416617650391886E-005  1.407077708991913E-005  1.396305779897438E-005  1.389066271629678E-005  1.383824018064265E-005  1.375181816791849E-005  1.368763121493002E-005  1.357789663613040E-005  1.349227923853730E-005  1.344430013395793E-005  1.339184130899743E-005  1.333376007272330E-005  1.326837168725840E-005  1.319305371105181E-005  1.299107973125713E-005  1.283714225087833E-005  1.257972151404749E-005
   3330.00046652274       1.516919881464899E-005  1.505642812263199E-005  1.493500948497680E-005  1.480330436432298E-005  1.465852132600651E-005  1.449703152012323E-005  1.431313445953788E-005  1.420974676592171E-005  1.409627489707637E-005  1.396962635762919E-005  1.388538953867983E-005  1.382487561704847E-005  1.372593477683071E-005  1.365314023042215E-005  1.353002410974041E-005  1.343513132366851E-005  1.338239084265721E-005  1.332508594487350E-005  1.326205852907671E-005  1.319161256991830E-005  1.311111602038983E-005  1.289832126945629E-005  1.273865325468382E-005  1.247516615660910E-005
   3350.00046932468       1.504770139372619E-005  1.493280519629577E-005  1.480918687772720E-005  1.467550185375932E-005  1.452910765046456E-005  1.436622979259423E-005  1.418114668438457E-005  1.407731605098116E-005  1.396353807697180E-005  1.383680167883168E-005  1.375260346149180E-005  1.369218374922968E-005  1.359348841883905E-005  1.352094038430758E-005  1.339838400633659E-005  1.330403059458476E-005  1.325162830405561E-005  1.319471775600134E-005  1.313215768438047E-005  1.306227318868311E-005  1.298246181280768E-005  1.277166702524567E-005  1.261363662633071E-005  1.235300426204826E-005
   3370.00047212662       1.486830956306096E-005  1.475495200947160E-005  1.463338969148194E-005  1.450186575062739E-005  1.435798251235878E-005  1.419791343816694E-005  1.401611195789649E-005  1.391423470918018E-005  1.380257157415009E-005  1.367819156512540E-005  1.359559645673236E-005  1.353631587444219E-005  1.343947320352394E-005  1.336827237952123E-005  1.324795869013384E-005  1.315529128580303E-005  1.310380726360266E-005  1.304787394452813E-005  1.298636737956143E-005  1.291762662943902E-005  1.283907953942790E-005  1.263140460816223E-005  1.247551929300915E-005  1.221817476785749E-005
   3390.00047492856       1.471714646342618E-005  1.460516472851177E-005  1.448469693833280E-005  1.435444912532921E-005  1.421188523247246E-005  1.405358162068833E-005  1.387382230117902E-005  1.377312399163364E-005  1.366281778094011E-005  1.353991029861840E-005  1.345831194201822E-005  1.339976606011757E-005  1.330413165556159E-005  1.323382326956313E-005  1.311503903084487E-005  1.302355662715113E-005  1.297272711562849E-005  1.291751107274709E-005  1.285679088042211E-005  1.278892623360215E-005  1.271137486302018E-005  1.250629336022351E-005  1.235230544366592E-005  1.209800182614543E-005
   3410.00047773050       1.456143736568683E-005  1.445056141060585E-005  1.433190937056007E-005  1.420371230240776E-005  1.406314170952942E-005  1.390695737013970E-005  1.372977193968935E-005  1.363051066092515E-005  1.352171714092911E-005  1.340056714118627E-005  1.332013321698048E-005  1.326239781632672E-005  1.316811518913814E-005  1.309880250443021E-005  1.298167210074543E-005  1.289145233366670E-005  1.284132035019899E-005  1.278685690423760E-005  1.272695794484923E-005  1.266000279033380E-005  1.258347867034780E-005  1.238104121464042E-005  1.222896505426091E-005  1.197769458805317E-005
   3430.00048053244       1.441288205456027E-005  1.430370657041688E-005  1.418646806780587E-005  1.405978950453003E-005  1.392128814759334E-005  1.376721950912379E-005  1.359233305297873E-005  1.349434669623954E-005  1.338697649444625E-005  1.326738915061962E-005  1.318797394530087E-005  1.313099106174591E-005  1.303789741259965E-005  1.296945431302640E-005  1.285378982283615E-005  1.276469233824816E-005  1.271518213570278E-005  1.266139141489315E-005  1.260222856993928E-005  1.253609580467122E-005  1.246050594358149E-005  1.226051662465726E-005  1.211025350144530E-005  1.186193393814890E-005
   3450.00048333437       1.426639965065173E-005  1.415863557885997E-005  1.404301168696351E-005  1.391801323283395E-005  1.378132856714415E-005  1.362934887891744E-005  1.345679490938997E-005  1.336008804116886E-005  1.325413010999859E-005  1.313608233085767E-005  1.305768346861288E-005  1.300142388828765E-005  1.290949504453968E-005  1.284190938101992E-005  1.272768399107772E-005  1.263968588073616E-005  1.259078396122670E-005  1.253764932832754E-005  1.247920630571195E-005  1.241386978370395E-005  1.233918692623160E-005  1.214156702322537E-005  1.199305779333668E-005  1.174759440394567E-005
   3470.00048613631       1.411157285160750E-005  1.400544638399300E-005  1.389175331442519E-005  1.376865543647422E-005  1.363405330310716E-005  1.348435054324326E-005  1.331448337447198E-005  1.321928709616325E-005  1.311495299956216E-005  1.299874769370668E-005  1.292155581697283E-005  1.286616597485592E-005  1.277565495899921E-005  1.270908965756229E-005  1.259657859674342E-005  1.250988333371864E-005  1.246168949846963E-005  1.240932151914234E-005  1.235170867411139E-005  1.228728644563199E-005  1.221362659677858E-005  1.201860895848265E-005  1.187197047335576E-005  1.162951945405597E-005
   3490.00048893825       1.396239605639588E-005  1.385784132708353E-005  1.374602839511631E-005  1.362478322068151E-005  1.349217419582438E-005  1.334472210166097E-005  1.317739819366835E-005  1.308357053358307E-005  1.298079275832099E-005  1.286626750153136E-005  1.279019628127356E-005  1.273560231004148E-005  1.264637375123419E-005  1.258075622885348E-005  1.246980708051976E-005  1.238429227931489E-005  1.233675351662217E-005  1.228508195283516E-005  1.222822864556445E-005  1.216464311862900E-005  1.209192638087790E-005  1.189932320182776E-005  1.175442591166355E-005  1.151474242884592E-005
   3510.00049174019       1.381405441290368E-005  1.371117538430778E-005  1.360067664145549E-005  1.348156236599529E-005  1.335087874873280E-005  1.320575612970798E-005  1.304094733278546E-005  1.294856202243520E-005  1.284731855376820E-005  1.273451710314593E-005  1.265957267621688E-005  1.260578783825206E-005  1.251787041376141E-005  1.245320602750284E-005  1.234386398285719E-005  1.225956768545205E-005  1.221269628623201E-005  1.216175085771574E-005  1.210568652344217E-005  1.204297455638970E-005  1.197124482471218E-005  1.178120033968693E-005  1.163818334828552E-005  1.140155817136457E-005
   3530.00049454213       1.366712439312880E-005  1.356579778452673E-005  1.345715504183817E-005  1.333990996258722E-005  1.321132433294758E-005  1.306828950403962E-005  1.290603464544418E-005  1.281504415726759E-005  1.271532899304321E-005  1.260425241865445E-005  1.253045458616896E-005  1.247746912335010E-005  1.239087341952562E-005  1.232717685127067E-005  1.221945167106480E-005  1.213638616916343E-005  1.209019776851023E-005  1.203998680297495E-005  1.198472126692046E-005  1.192289067878519E-005  1.185215542655174E-005  1.166464970165712E-005  1.152344794773467E-005  1.128965388054481E-005
   3550.00049734407       1.352295864087143E-005  1.342327534814724E-005  1.331646637507055E-005  1.320053345277219E-005  1.307396952811359E-005  1.293311223082255E-005  1.277321373253448E-005  1.268354590493199E-005  1.258530795365042E-005  1.247581720181021E-005  1.240305979122184E-005  1.235082102986629E-005  1.226542758606180E-005  1.220259505857820E-005  1.209630723347014E-005  1.201432385713402E-005  1.196872352211690E-005  1.191913906466493E-005  1.186455208183422E-005  1.180346298679526E-005  1.173354894330186E-005  1.154809366317387E-005  1.140832101883521E-005  1.117675781666008E-005
   3570.00050014600       1.337775393887052E-005  1.327968239768074E-005  1.317419822536973E-005  1.306037625370152E-005  1.293552998020726E-005  1.279686532834141E-005  1.263935767207710E-005  1.255106733434540E-005  1.245428812507427E-005  1.234640246866154E-005  1.227469984499504E-005  1.222321618623973E-005  1.213905384338232E-005  1.207710832817719E-005  1.197229849089823E-005  1.189142930059406E-005  1.184643373053961E-005  1.179750047331029E-005  1.174361503358379E-005  1.168329893740304E-005  1.161424376846040E-005  1.143094760012676E-005  1.129269445330598E-005  1.106352247078892E-005
   3590.00050294794       1.323965382435935E-005  1.314303913969009E-005  1.303942556226809E-005  1.292718730650492E-005  1.280452040648448E-005  1.266817559104976E-005  1.251342080466946E-005  1.242665810955122E-005  1.233162258547209E-005  1.222573114944107E-005  1.215538422011052E-005  1.210486306295254E-005  1.202232746680481E-005  1.196160269087069E-005  1.185887950644079E-005  1.177966035588830E-005  1.173559268067660E-005  1.168767881642271E-005  1.163492897562370E-005  1.157589425195705E-005  1.150832465583396E-005  1.132904562120962E-005  1.119387010017896E-005  1.096977038512869E-005
   3610.00050574988       1.309733131802829E-005  1.300177427748483E-005  1.289959060687515E-005  1.278901050777324E-005  1.266808726757743E-005  1.253363380678894E-005  1.238074212852443E-005  1.229505649589461E-005  1.220112053792187E-005  1.209640557808864E-005  1.202678915966852E-005  1.197678184434375E-005  1.189501996060443E-005  1.183483204161557E-005  1.173293990504550E-005  1.165427731621953E-005  1.161049440706642E-005  1.156285829598886E-005  1.151038194279539E-005  1.145161163867887E-005  1.138428952992180E-005  1.120539844738553E-005  1.107031047787595E-005  1.084622538152907E-005
   3630.00050855182       1.296567499895886E-005  1.287216061213549E-005  1.277182244817717E-005  1.266310887259169E-005  1.254433657898929E-005  1.241226472580419E-005  1.226235819396085E-005  1.217839698763055E-005  1.208635250873921E-005  1.198378359587014E-005  1.191564490215682E-005  1.186671833252163E-005  1.178675145129700E-005  1.172790766087165E-005  1.162833232237298E-005  1.155149257775582E-005  1.150873365533852E-005  1.146222433583577E-005  1.141099532294835E-005  1.135363693863350E-005  1.128794473901945E-005  1.111342677524721E-005  1.098164362101616E-005  1.076287477537833E-005
   3650.00051135376       1.282304124729373E-005  1.273058187573283E-005  1.263160896543395E-005  1.252429373961367E-005  1.240696194799601E-005  1.227632944991817E-005  1.212793445450140E-005  1.204476430760849E-005  1.195352993148946E-005  1.185179147031588E-005  1.178416611618717E-005  1.173558569257890E-005  1.165611979968871E-005  1.159761606272646E-005  1.149852756987780E-005  1.142198721686340E-005  1.137936417353827E-005  1.133297817761751E-005  1.128185797529387E-005  1.122457943549727E-005  1.115893001598527E-005  1.098428477253246E-005  1.085223432729183E-005  1.063301571339213E-005
   3670.00051415570       1.269363931215963E-005  1.260347862605677E-005  1.250702465799648E-005  1.240253485434711E-005  1.228819327281267E-005  1.216113633642908E-005  1.201679518993475E-005  1.193584417827281E-005  1.184710366036780E-005  1.174814709767773E-005  1.168237524959487E-005  1.163511918356017E-005  1.155782573396257E-005  1.150090932790086E-005  1.140450796054098E-005  1.133002403772704E-005  1.128854118064729E-005  1.124339004592894E-005  1.119362084031107E-005  1.113784726574480E-005  1.107390831112825E-005  1.090374108787940E-005  1.077498014541279E-005  1.056087132106781E-005
   3690.00051695763       1.252754019928867E-005  1.243941345741525E-005  1.234460719843586E-005  1.224207890330289E-005  1.212957649277324E-005  1.200446300494737E-005  1.186211636458117E-005  1.178222466229737E-005  1.169452670107620E-005  1.159669015959258E-005  1.153159599537687E-005  1.148480602725301E-005  1.140822987184020E-005  1.135179219661865E-005  1.125613225427943E-005  1.118214787030649E-005  1.114091358745084E-005  1.109600699817177E-005  1.104647778743630E-005  1.099093087876707E-005  1.092719855688622E-005  1.075733027238203E-005  1.062864026718040E-005  1.041479232592942E-005
   3710.00051975957       1.237982581642765E-005  1.229774699227679E-005  1.220922169263339E-005  1.211299869370039E-005  1.200726705777731E-005  1.188917342003934E-005  1.175448173040130E-005  1.167859172308005E-005  1.159514378473262E-005  1.150178515793490E-005  1.143953874697150E-005  1.139472453626030E-005  1.132129397643616E-005  1.126709270742779E-005  1.117505461371199E-005  1.110374827536432E-005  1.106396493159769E-005  1.102060438471616E-005  1.097274190479885E-005  1.091902459308209E-005  1.085734127195912E-005  1.069270299736665E-005  1.056773717582016E-005  1.035942537446704E-005
   3730.00052256151       1.178450470159562E-005  1.172929689522565E-005  1.166955463876506E-005  1.160376754213783E-005  1.153051180209993E-005  1.144753806145334E-005  1.135096804319549E-005  1.129569101498784E-005  1.123399606316320E-005  1.116384225353188E-005  1.111633686540956E-005  1.108178406720171E-005  1.102443477340162E-005  1.098152948683829E-005  1.090750575123571E-005  1.084912135721383E-005  1.081614294739334E-005  1.077987410249106E-005  1.073944840326092E-005  1.069359483595547E-005  1.064033028117481E-005  1.049522757619415E-005  1.038266265074921E-005  1.019161063533796E-005
   3750.00052536345       1.153838307727082E-005  1.148541298757357E-005  1.142801557524194E-005  1.136483473830947E-005  1.129458799745850E-005  1.121449050472392E-005  1.112122919235716E-005  1.106770813693203E-005  1.100795015827218E-005  1.093985221304255E-005  1.089367776806023E-005  1.086004038232245E-005  1.080415151074560E-005  1.076227682697890E-005  1.068989712614401E-005  1.063269685801374E-005  1.060033864482643E-005  1.056471515514242E-005  1.052496622034108E-005  1.047981930265970E-005  1.042730949960713E-005  1.028398857059145E-005  1.017271808806470E-005  9.984356346969940E-006
   3770.00052816539       1.201031012462162E-005  1.193209580316797E-005  1.184807833129968E-005  1.175658637233750E-005  1.165607558524449E-005  1.154372956450799E-005  1.141545678547933E-005  1.134318555568932E-005  1.126360855067907E-005  1.117453019940089E-005  1.111508825391600E-005  1.107225794997727E-005  1.100202663917953E-005  1.095014166966087E-005  1.086193636130939E-005  1.079352213177078E-005  1.075531403790476E-005  1.071364326843682E-005  1.066761285109024E-005  1.061590825169732E-005  1.055648115272942E-005  1.039758995317409E-005  1.027676259915111E-005  1.007505897197711E-005
   3790.00053096733       1.194447028551729E-005  1.186355774441605E-005  1.177659956693086E-005  1.168214500404780E-005  1.157880596760459E-005  1.146372731315668E-005  1.133280400473576E-005  1.125919532637253E-005  1.117837912693686E-005  1.108809560239886E-005  1.102795565991379E-005  1.098468149988612E-005  1.091381087830658E-005  1.086152481915133E-005  1.077277973994301E-005  1.070406237134849E-005  1.066572824078196E-005  1.062395374913915E-005  1.057785077452071E-005  1.052611431082760E-005  1.046670969841108E-005  1.030818281054561E-005  1.018787973970648E-005  9.987402885667369E-006
   3810.00053376926       1.178382815710053E-005  1.170239346094299E-005  1.161494531653582E-005  1.152032142273087E-005  1.141693525716338E-005  1.130211403347243E-005  1.117182179590398E-005  1.109883594945521E-005  1.101880233294200E-005  1.092960174801252E-005  1.087027897051852E-005  1.082762515423291E-005  1.075785660641124E-005  1.070641828710805E-005  1.061916604145724E-005  1.055161239796625E-005  1.051392093299255E-005  1.047283448131903E-005  1.042746753089967E-005  1.037651743525703E-005  1.031796416251783E-005  1.016137814564246E-005  1.004228755996847E-005  9.843763203325518E-006
   3830.00053657120       1.168087491466396E-005  1.160019742288410E-005  1.151374459523132E-005  1.142049328245708E-005  1.131836003004753E-005  1.120504415024546E-005  1.107646696731296E-005  1.100452974590673E-005  1.092566079916667E-005  1.083775339540489E-005  1.077933600722482E-005  1.073735477741916E-005  1.066868181235886E-005  1.061808771181147E-005  1.053230594608706E-005  1.046594545165206E-005  1.042893875849548E-005  1.038861677225202E-005  1.034411700166959E-005  1.029417494986011E-005  1.023681793389190E-005  1.008365117173962E-005  9.967351803134321E-006  9.773687043756410E-006
   3850.00053937314       1.161627839168379E-005  1.153736922512872E-005  1.145257465835049E-005  1.136080947073554E-005  1.126039051915599E-005  1.114868267439276E-005  1.102168238736518E-005  1.095036346194603E-005  1.087207296166564E-005  1.078466058913609E-005  1.072646519816181E-005  1.068459238411916E-005  1.061601153945655E-005  1.056542694936672E-005  1.047957717356640E-005  1.041310065546982E-005  1.037601421022140E-005  1.033559678014148E-005  1.029098680125181E-005  1.024091524509831E-005  1.018341957580747E-005  1.002991957286471E-005  9.913372802518758E-006  9.719077230007835E-006
   3870.00054217508       1.149659525685758E-005  1.141863424788542E-005  1.133541342416421E-005  1.124516841636317E-005  1.114637354981779E-005  1.103651816403536E-005  1.091152191337645E-005  1.084135487363138E-005  1.076430758202660E-005  1.067819832054056E-005  1.062084169255068E-005  1.057958935994102E-005  1.051198343093049E-005  1.046210084819387E-005  1.037741499131492E-005  1.031180440388040E-005  1.027519014745467E-005  1.023527770902206E-005  1.019121506277311E-005  1.014174566810937E-005  1.008491921750906E-005  9.933115607689489E-006  9.817784647092554E-006  9.625439263181141E-006
   3890.00054497702       1.135023789342060E-005  1.127415632664393E-005  1.119291515791369E-005  1.110504342356904E-005  1.100914024160378E-005  1.090256758182163E-005  1.078157598279500E-005  1.071385467156247E-005  1.063947059081014E-005  1.055650463440806E-005  1.050127511784501E-005  1.046156239753796E-005  1.039647647133486E-005  1.034846524110722E-005  1.026690542408930E-005  1.020366311770302E-005  1.016834127340259E-005  1.012980829218436E-005  1.008722506886488E-005  1.003936265707288E-005  9.984301713053783E-006  9.836776099038595E-006  9.724279600562452E-006  9.536002415199307E-006
   3910.00054777896       1.115116404877038E-005  1.107436266962690E-005  1.099190917174328E-005  1.090317885797257E-005  1.080641814304003E-005  1.069923987562984E-005  1.057797732140086E-005  1.051019778543871E-005  1.043603421329208E-005  1.035351168362585E-005  1.029870082296275E-005  1.025934309265834E-005  1.019497515643796E-005  1.014755902425948E-005  1.006712699901980E-005  1.000484501274926E-005  9.970074741967814E-006  9.932155995272591E-006  9.890262278467089E-006  9.843177334974712E-006  9.789017778414356E-006  9.643987751060393E-006  9.533658936050193E-006  9.350250509132796E-006
   3930.00055058090       1.115989901146729E-005  1.108565481183032E-005  1.100627307748845E-005  1.092047240380456E-005  1.082642636472430E-005  1.072190013155694E-005  1.060318644319975E-005  1.053650291614169E-005  1.046333966096267E-005  1.038157384971290E-005  1.032709894054305E-005  1.028789865605900E-005  1.022364142595777E-005  1.017620157597489E-005  1.009558450376035E-005  1.003305972562422E-005  9.998134629576809E-006  9.960032365540005E-006  9.917930377212790E-006  9.870614049054239E-006  9.816197179904883E-006  9.670507540962522E-006  9.559533467045811E-006  9.374033615977590E-006
   3950.00055338283       1.107704918939546E-005  1.100311407132227E-005  1.092376998075394E-005  1.083808952629308E-005  1.074408120541648E-005  1.063944525193196E-005  1.052038647554658E-005  1.045349292628536E-005  1.038005976396795E-005  1.029798073372961E-005  1.024328696926445E-005  1.020394815234413E-005  1.013945874452127E-005  1.009188413833815E-005  1.001106812648208E-005  9.948445046308939E-006  9.913488319070138E-006  9.875371390482058E-006  9.833282608380922E-006  9.786014149245483E-006  9.731692667243154E-006  9.586469981054672E-006  9.476026325902565E-006  9.291668781279123E-006
   3970.00055618477       1.097665738989539E-005  1.090391946484624E-005  1.082552802962071E-005  1.074085742790137E-005  1.064798048387511E-005  1.054455943674206E-005  1.042683162236094E-005  1.036072967840681E-005  1.028809005930233E-005  1.020693265645018E-005  1.015284609168541E-005  1.011392255143932E-005  1.005012504806621E-005  1.000305859762732E-005  9.923099751726598E-006  9.861145845828974E-006  9.826558975932024E-006  9.788844273148890E-006  9.747199773305679E-006  9.700425315823056E-006  9.646673208644598E-006  9.502959110647353E-006  9.393651046779021E-006  9.211164300962675E-006
   3990.00055898671       1.084138892031746E-005  1.077098900621087E-005  1.069533730060442E-005  1.061365676776797E-005  1.052406771235663E-005  1.042425505959067E-005  1.031060076872770E-005  1.024665060488100E-005  1.017636308461190E-005  1.009772936424330E-005  1.004526466787983E-005  1.000749079691665E-005  9.945513497424322E-006  9.899732765208111E-006  9.821854370320972E-006  9.761393527221079E-006  9.727601566803942E-006  9.690724144991972E-006  9.649954595365620E-006  9.604116678287007E-006  9.551372672448803E-006  9.410033166198012E-006  9.302274922944375E-006  9.122064789447653E-006
   4010.00056178865       1.061384610774906E-005  1.054647041824902E-005  1.047404566056171E-005  1.039583563067453E-005  1.031083638741755E-005  1.021650327163154E-005  1.010967899384819E-005  1.004987137194370E-005  9.984314959226049E-006  9.911225543329487E-006  9.862547189794577E-006  9.827527798349716E-006  9.770119880238440E-006  9.727721233029283E-006  9.655576064068138E-006  9.599497440774579E-006  9.568108805651587E-006  9.533815585279808E-006  9.495847525696760E-006  9.453074255196856E-006  9.403749175344389E-006  9.271000733241804E-006  9.169320359415873E-006  8.998702726157608E-006
   4030.00056459059       1.044680951622891E-005  1.038343993270716E-005  1.031554764177520E-005  1.024205134680603E-005  1.016143606734872E-005  1.007173240976093E-005  9.969630557533531E-006  9.912201739971514E-006  9.849031109587708E-006  9.778309796256741E-006  9.731083128601112E-006  9.697039039382401E-006  9.641078024776815E-006  9.599635650958811E-006  9.528880925045186E-006  9.473685152669333E-006  9.442711774654648E-006  9.408806164265381E-006  9.371191964986740E-006  9.328728181177204E-006  9.279650600629301E-006  9.147134934802631E-006  9.045435160784284E-006  8.875053128127195E-006
   4050.00056739253       9.880007330752238E-006  9.844376943731448E-006  9.805546321498674E-006  9.762821000062489E-006  9.714620003240131E-006  9.659512834480189E-006  9.594638607368070E-006  9.557126323678262E-006  9.514874434478532E-006  9.466288167418302E-006  9.433084671938903E-006  9.408742265223487E-006  9.367995463110553E-006  9.337233585613226E-006  9.283527993662359E-006  9.240624862293730E-006  9.216171032863083E-006  9.189097381238361E-006  9.158704745431237E-006  9.123954681100948E-006  9.083240639453830E-006  8.970591202497109E-006  8.881726752338070E-006  8.728689210134967E-006
   4070.00057019446       1.036278596897697E-005  1.030375050308659E-005  1.023996527908472E-005  1.017022049154580E-005  1.009326531740501E-005  1.000679199460612E-005  9.907268817550571E-006  9.850839523752207E-006  9.788422151726025E-006  9.718102471277402E-006  9.670922760983999E-006  9.636799460970996E-006  9.580605198640927E-006  9.538897762556298E-006  9.467577938794223E-006  9.411901860340096E-006  9.380670688182160E-006  9.346494486690760E-006  9.308609679470600E-006  9.265881414244993E-006  9.216557096100189E-006  9.083635214151831E-006  8.981692527379104E-006  8.810386444597263E-006
   4090.00057299640       1.036194939606293E-005  1.029595635172016E-005  1.022519463129624E-005  1.014826093616839E-005  1.006394624463831E-005  9.969913438655979E-006  9.862583848977240E-006  9.802218002383176E-006  9.735797342396185E-006  9.661434122903371E-006  9.611819515869242E-006  9.576081379924312E-006  9.517434273513160E-006  9.474099496024171E-006  9.400360355290605E-006  9.343100484802247E-006  9.311083710671286E-006  9.276137520373321E-006  9.237493857677295E-006  9.194030602193758E-006  9.143999557072287E-006  9.009809693740375E-006  8.907390615890698E-006  8.735935935988012E-006
   4110.00057579834       1.028604766837624E-005  1.021981249374332E-005  1.014862197230791E-005  1.007158278447546E-005  9.986897024080653E-006  9.892747833476100E-006  9.785415036365041E-006  9.725082980974508E-006  9.658783916214697E-006  9.584603435654164E-006  9.535140602309024E-006  9.499522989000831E-006  9.441092578241007E-006  9.397948201938884E-006  9.324578846656440E-006  9.267632791058781E-006  9.235809661468418E-006  9.201081374521752E-006  9.162693515847385E-006  9.119532028479110E-006  9.069864733328662E-006  8.936737000279968E-006  8.835188245928845E-006  8.665246345415859E-006
   4130.00057860028       1.018539153348589E-005  1.012055083505542E-005  1.005062123485247E-005  9.975269107898283E-006  9.892454760490789E-006  9.800122208002540E-006  9.694937639532251E-006  9.635766538932487E-006  9.570671982986205E-006  9.497781881956794E-006  9.449179982437701E-006  9.414152790103181E-006  9.356686363935090E-006  9.314230119082561E-006  9.241971767529674E-006  9.185848963475186E-006  9.154470564415468E-006  9.120216349284080E-006  9.082334241613088E-006  9.039722065545650E-006  8.990667197126225E-006  8.859070804729926E-006  8.758609265079583E-006  8.590411113524431E-006
   4150.00058140222       1.002634690599278E-005  9.965490475020568E-006  9.900367538741305E-006  9.829644442192121E-006  9.752367985408910E-006  9.666296810790938E-006  9.568167623619900E-006  9.512933746919066E-006  9.452104777741102E-006  9.383909620703273E-006  9.338287822062336E-006  9.305357705293245E-006  9.251212288827073E-006  9.211099274411678E-006  9.142600215666595E-006  9.089177778358175E-006  9.059224866808500E-006  9.026450827260534E-006  8.990118908057885E-006  8.949141111659431E-006  8.901825877953089E-006  8.774214496597077E-006  8.676231474645769E-006  8.511419668702139E-006
   4170.00058420416       9.649327789375258E-006  9.591000985743908E-006  9.529466725428108E-006  9.463226442084907E-006  9.391775205883874E-006  9.313275392215804E-006  9.225171081771871E-006  9.176128680477772E-006  9.122572525746076E-006  9.062958943102201E-006  9.023292583626233E-006  8.994725160998766E-006  8.947829669829584E-006  8.913097659383079E-006  8.853744328541510E-006  8.807335134733631E-006  8.781242072421186E-006  8.752622128563269E-006  8.720805529300158E-006  8.684803010554966E-006  8.643072049622421E-006  8.529789400101287E-006  8.442330332489306E-006  8.294995009754903E-006
   4190.00058700609       9.829632466871627E-006  9.771003820277731E-006  9.707962469565327E-006  9.639957747128767E-006  9.565550077363770E-006  9.482801393521498E-006  9.388451281239429E-006  9.335327630943778E-006  9.276814720767315E-006  9.211185309925920E-006  9.167276191317247E-006  9.135578436466375E-006  9.083416241022252E-006  9.044741141455343E-006  8.978629177255437E-006  8.927013334029777E-006  8.898037999404078E-006  8.866315279164119E-006  8.831120028537037E-006  8.791386379383181E-006  8.745457294692590E-006  8.621338661395779E-006  8.525822130594204E-006  8.364859242343956E-006
   4210.00058980803       9.814821074668984E-006  9.753501355512988E-006  9.687492280511135E-006  9.615983909185632E-006  9.537583393712134E-006  9.450234644284122E-006  9.350639376364609E-006  9.294564754294765E-006  9.232897986049024E-006  9.163856638568124E-006  9.117744803757019E-006  9.084520020117126E-006  9.029958228154569E-006  8.989608858195223E-006  8.920877567041880E-006  8.867432928121263E-006  8.837524376096334E-006  8.804851162385022E-006  8.768689909323880E-006  8.727981210091445E-006  8.681067428051556E-006  8.554986635954685E-006  8.458547771182144E-006  8.296882424803600E-006
   4230.00059260997       9.750740254587817E-006  9.688813097804514E-006  9.622344813467544E-006  9.550296930679243E-006  9.471355878380704E-006  9.383449822950359E-006  9.283321934000524E-006  9.226994870307920E-006  9.165070083664911E-006  9.095810194050684E-006  9.049615152398019E-006  9.016345714761067E-006  8.961746146078501E-006  8.921409040708416E-006  8.852761497620724E-006  8.799437634622910E-006  8.769618412669904E-006  8.737059957223148E-006  8.701045501560939E-006  8.660526401743960E-006  8.613863023999091E-006  8.488596912557462E-006  8.392892928303128E-006  8.232585431718418E-006
   4250.00059541191       9.667737474932612E-006  9.606226056730868E-006  9.540322299830831E-006  9.468709824851649E-006  9.390328167916168E-006  9.303116559616292E-006  9.203847069799537E-006  9.148069849612972E-006  9.086719753205221E-006  9.018116615011685E-006  8.972356094717132E-006  8.939414313057348E-006  8.885353544521421E-006  8.845418386886901E-006  8.777458473200567E-006  8.724671879977750E-006  8.695153765891588E-006  8.662923033333714E-006  8.627268788676421E-006  8.587154499612142E-006  8.540953034212079E-006  8.416904755297324E-006  8.322107323841723E-006  8.163296169731465E-006
   4270.00059821385       9.584013298629306E-006  9.523255149085061E-006  9.457865313844834E-006  9.387115684744573E-006  9.309588880893713E-006  9.223346270683537E-006  9.125153990173665E-006  9.069970431014837E-006  9.009327264512164E-006  8.941481201001397E-006  8.896228387985559E-006  8.863644064230466E-006  8.810163076713292E-006  8.770666829774310E-006  8.703430493952095E-006  8.651203110317955E-006  8.621991857977848E-006  8.590095893916316E-006  8.554808203674946E-006  8.515100193222724E-006  8.469363703935712E-006  8.346541422054828E-006  8.252664905705052E-006  8.095378462930008E-006
   4290.00060101579       9.498527544757366E-006  9.438585038983955E-006  9.374226460586981E-006  9.304394590578014E-006  9.227902268631518E-006  9.142838099777656E-006  9.045881323960577E-006  8.991420222191199E-006  8.931503202131310E-006  8.864514228918445E-006  8.819844293090991E-006  8.787675453614636E-006  8.734866233208289E-006  8.695855422302278E-006  8.629442092842676E-006  8.577846075557480E-006  8.548983004081221E-006  8.517463334066633E-006  8.482589159500464E-006  8.443339512168932E-006  8.398120039951957E-006  8.276627798767209E-006  8.183718402113134E-006  8.027988686182225E-006
   4310.00060381773       9.411958959183327E-006  9.352956243155800E-006  9.289678587421059E-006  9.221043130249474E-006  9.145786942383014E-006  9.061975758402990E-006  8.966526597374054E-006  8.912835321476958E-006  8.853838566500384E-006  8.787806135376613E-006  8.743744995805287E-006  8.712021079984116E-006  8.659932854174047E-006  8.621432439827805E-006  8.555886290628145E-006  8.504945475780631E-006  8.476439186332406E-006  8.445302260417307E-006  8.410847457914583E-006  8.372060871593729E-006  8.327361616735876E-006  8.207216480488159E-006  8.115288868665558E-006  7.961136819862862E-006
   4330.00060661966       9.318455929974504E-006  9.261240413652145E-006  9.199734819360234E-006  9.132867445899409E-006  9.059538867356630E-006  8.977885464546507E-006  8.884636186616840E-006  8.832164404501009E-006  8.774391038390478E-006  8.709711817675553E-006  8.666506588153773E-006  8.635375312458466E-006  8.584234781777532E-006  8.546407087105420E-006  8.481955762185450E-006  8.431812281347007E-006  8.403744322930136E-006  8.373068420811425E-006  8.339102710148391E-006  8.300850448256326E-006  8.256741542678684E-006  8.138065981160403E-006  8.047172146300569E-006  7.894646416901110E-006
   4350.00060942160       9.188170098216673E-006  9.135025847065358E-006  9.078048844844619E-006  9.016133305485169E-006  8.947974865395509E-006  8.871801351834801E-006  8.784628552610953E-006  8.735347175160028E-006  8.680934149150444E-006  8.619767006613814E-006  8.578762315171401E-006  8.549145266360246E-006  8.500336623842277E-006  8.464120072430405E-006  8.402205271762862E-006  8.353838828422759E-006  8.326697820413598E-006  8.296975877773903E-006  8.264003911832319E-006  8.226788216813322E-006  8.183781341156705E-006  8.067632898272430E-006  7.978341700282953E-006  7.828085326390956E-006
   4370.00061222354       8.766356538117120E-006  8.722216316559456E-006  8.674956162504318E-006  8.624330587591811E-006  8.569137548472490E-006  8.508044899481196E-006  8.438446807881270E-006  8.399184347047519E-006  8.355806861666223E-006  8.306902892690290E-006  8.273937103819812E-006  8.250038142054255E-006  8.210434808939973E-006  8.180830511404617E-006  8.129741551694908E-006  8.089371625230273E-006  8.066529041206639E-006  8.041364479190637E-006  8.013261857631857E-006  7.981317318230469E-006  7.944120565491927E-006  7.842422830596037E-006  7.763389171157487E-006  7.629662571146434E-006
   4390.00061502548       8.880330679899067E-006  8.834932542121073E-006  8.785861139395917E-006  8.732940811193770E-006  8.674960256119160E-006  8.610121525592128E-006  8.536091290912412E-006  8.494220536002787E-006  8.447900836566209E-006  8.395630898939072E-006  8.360466266953571E-006  8.334962264182026E-006  8.292782252191958E-006  8.261315136706646E-006  8.207167239876146E-006  8.164518807997217E-006  8.140445989076887E-006  8.113966789890123E-006  8.084445162236086E-006  8.050940937533009E-006  8.011983490424686E-006  7.905565661196572E-006  7.822709021115786E-006  7.681682000013236E-006
   4410.00061782742       8.975747927273234E-006  8.923052201202160E-006  8.866289773612619E-006  8.804800456940608E-006  8.737030669307730E-006  8.661466977271787E-006  8.575079129792561E-006  8.526307974217705E-006  8.472515644735323E-006  8.412138562963251E-006  8.371714524731649E-006  8.342532366498147E-006  8.294525104276920E-006  8.258933891661401E-006  8.198175972110292E-006  8.150772997815754E-006  8.124195762710179E-006  8.095108086750756E-006  8.062857568222794E-006  8.026477103543629E-006  7.984458593369566E-006  7.871071001410908E-006  7.783962658023703E-006  7.637470130951286E-006
   4430.00062062936       8.926778409165747E-006  8.872488152635094E-006  8.814125876260926E-006  8.750933462668201E-006  8.681694286657292E-006  8.604420572106398E-006  8.516336455901757E-006  8.466769735383573E-006  8.412206236779851E-006  8.351131713992332E-006  8.310326243182490E-006  8.280905091600085E-006  8.232576868651833E-006  8.196822258748627E-006  8.135870545307674E-006  8.088406040779336E-006  8.061824020960591E-006  8.032756317780248E-006  8.000554229840712E-006  7.964261740470005E-006  7.922380423730935E-006  7.809523382226873E-006  7.722939883588243E-006  7.577470825043096E-006
   4450.00062343129       8.856512862399297E-006  8.802313678454701E-006  8.744063124795333E-006  8.681067426394484E-006  8.611991698016337E-006  8.535045926640666E-006  8.447431467947492E-006  8.398110255943510E-006  8.343935626945150E-006  8.283266567699704E-006  8.242752004185387E-006  8.213580285720553E-006  8.165646055948868E-006  8.130174797403338E-006  8.069734608486350E-006  8.022686884216329E-006  7.996336472319929E-006  7.967527235408262E-006  7.935611414502462E-006  7.899643267007788E-006  7.858135820830238E-006  7.746282681529687E-006  7.660463063809285E-006  7.516271069231214E-006
   4470.00062623323       8.832810980510461E-006  8.777150662264949E-006  8.717560612735648E-006  8.652878642360124E-006  8.582264049574444E-006  8.503506769185755E-006  8.413874627145206E-006  8.363532991815631E-006  8.308205791737645E-006  8.246349184262522E-006  8.205094445979734E-006  8.175405874775924E-006  8.126677963450618E-006  8.090677213016019E-006  8.029432759681630E-006  7.981853199894365E-006  7.955246279572010E-006  7.926190334592871E-006  7.894044764665798E-006  7.857868754905589E-006  7.816194724493519E-006  7.704240531195648E-006  7.618628062548597E-006  7.475102383322881E-006
   4490.00062903517       8.742491252510110E-006  8.688127237680589E-006  8.629696844185945E-006  8.566493632209863E-006  8.497320025695165E-006  8.420272336320271E-006  8.332586759277507E-006  8.283280850121029E-006  8.229153661459506E-006  8.168598114426924E-006  8.128195502106343E-006  8.099096054906011E-006  8.051342242582088E-006  8.016040175139637E-006  7.955930503608707E-006  7.909191175408164E-006  7.883034999316749E-006  7.854458550563732E-006  7.822823594839431E-006  7.787197434716547E-006  7.746123844729942E-006  7.635630153676804E-006  7.551008529632469E-006  7.409006270076543E-006
   4510.00063183711       8.670338087557802E-006  8.616570829721423E-006  8.559007045943566E-006  8.496408971555710E-006  8.427942987898712E-006  8.351776951690339E-006  8.265061619404542E-006  8.216348313119179E-006  8.162798994409677E-006  8.102896219626691E-006  8.062946507340932E-006  8.034166924376522E-006  7.986914596030205E-006  7.951993872027621E-006  7.892523039898888E-006  7.846266255382599E-006  7.820382497563663E-006  7.792094259561066E-006  7.760780598881563E-006  7.725511756904309E-006  7.684844747910822E-006  7.575420428900421E-006  7.491597825654853E-006  7.350910682893734E-006
   4530.00063463905       8.595989999371022E-006  8.543021491352246E-006  8.486006489167922E-006  8.424507929832210E-006  8.356899443899139E-006  8.281757817573585E-006  8.196167881793473E-006  8.148034813878567E-006  8.095181771614243E-006  8.036049752410051E-006  7.996594014448245E-006  7.968164136784333E-006  7.921489817284313E-006  7.886979010826580E-006  7.828220203262234E-006  7.782495649181348E-006  7.756903994682748E-006  7.728932392331362E-006  7.697961899560149E-006  7.663071506953571E-006  7.622833056006768E-006  7.514513631624012E-006  7.431498218088882E-006  7.292118304748414E-006
   4550.00063744099       8.523524638159967E-006  8.471309642039781E-006  8.415293492686293E-006  8.354438483046022E-006  8.287735097413249E-006  8.213574145762630E-006  8.129106249741183E-006  8.081632030428803E-006  8.029433198386980E-006  7.971007899885809E-006  7.932025138783553E-006  7.903926262366982E-006  7.857807566701249E-006  7.823698874766892E-006  7.765595297521253E-006  7.720382001453131E-006  7.695067864984840E-006  7.667397566133173E-006  7.636756084118624E-006  7.602231053922037E-006  7.562406492525180E-006  7.455165088574867E-006  7.372945226265753E-006  7.234859784607799E-006
   4570.00064024292       8.447890078725087E-006  8.396486657741375E-006  8.341297986467560E-006  8.281564605941257E-006  8.216146904672784E-006  8.143183218979398E-006  8.060073337788249E-006  8.013349945301423E-006  7.961949955012052E-006  7.904389115932910E-006  7.865969396714160E-006  7.838279223577801E-006  7.792811964693960E-006  7.759164872188677E-006  7.701831679509317E-006  7.657197399047905E-006  7.632199315506004E-006  7.604868273890248E-006  7.574594335264132E-006  7.540473261246996E-006  7.501102527662772E-006  7.395015718399357E-006  7.313626811457043E-006  7.176867376713720E-006
   4590.00064304486       8.369812058219765E-006  8.319807931853428E-006  8.266121313784807E-006  8.207682182889713E-006  8.143727576098124E-006  8.072436118155197E-006  7.991016551358120E-006  7.945174275699507E-006  7.894729713316772E-006  7.838214151092001E-006  7.800454989744053E-006  7.773213628316896E-006  7.728470592603584E-006  7.695344622469942E-006  7.638853208956290E-006  7.594840989254922E-006  7.570181172066067E-006  7.543207524609664E-006  7.513318611227749E-006  7.479615867446409E-006  7.440710410103988E-006  7.335797331434072E-006  7.255247795817029E-006  7.119828555014911E-006
   4610.00064584680       8.285671691873106E-006  8.237807719157003E-006  8.186371860752664E-006  8.130208819412710E-006  8.068627254118349E-006  7.999746621591355E-006  7.920904329651923E-006  7.876421756561760E-006  7.827358783700195E-006  7.772279750100166E-006  7.735412963724919E-006  7.708809585748092E-006  7.665034435074775E-006  7.632583804348215E-006  7.577172057250700E-006  7.533938816158511E-006  7.509694261349557E-006  7.483157279285478E-006  7.453733785520697E-006  7.420532986228853E-006  7.382177401684237E-006  7.278620654419335E-006  7.199015326903933E-006  7.065060375082284E-006
   4630.00064864874       8.142783542395226E-006  8.101182930122599E-006  8.056318507962169E-006  8.007342514136683E-006  7.952877198958249E-006  7.891568659488323E-006  7.820717506364759E-006  7.780369092282162E-006  7.735587296472262E-006  7.684971876313235E-006  7.650890068414510E-006  7.626173630580418E-006  7.585324073598901E-006  7.554888755820807E-006  7.502627035390297E-006  7.461598855246432E-006  7.438494436495899E-006  7.413137439298809E-006  7.384932546636417E-006  7.353004595034256E-006  7.315995714981638E-006  7.215493217579125E-006  7.137782578802442E-006  7.006421091652525E-006
   4650.00065145068       7.569877496550757E-006  7.548110386959168E-006  7.524187622775835E-006  7.497741816646055E-006  7.467799202800725E-006  7.433301471962080E-006  7.392521094571954E-006  7.368625804902051E-006  7.341587718778820E-006  7.310186935583671E-006  7.288570406624905E-006  7.272625336630334E-006  7.245759656956093E-006  7.225315637727268E-006  7.189348978612096E-006  7.160333965688140E-006  7.143695055526889E-006  7.125189278521662E-006  7.104306783095248E-006  7.080302485228792E-006  7.052017354384004E-006  6.972989995031715E-006  6.910071270266170E-006  6.801138961689460E-006
   4670.00065425262       7.574263012661676E-006  7.546792397330292E-006  7.516769494794763E-006  7.484469988845617E-006  7.448616546803713E-006  7.408207018956423E-006  7.361397882592482E-006  7.334520873456796E-006  7.304502840845597E-006  7.270140137758758E-006  7.246706188267645E-006  7.229540720327459E-006  7.200837787117951E-006  7.179158767125403E-006  7.141310485608898E-006  7.111008980055711E-006  7.093722641229623E-006  7.074563208048867E-006  7.053029981220419E-006  7.028377379722743E-006  6.999455984283482E-006  6.919317832163780E-006  6.856123316404345E-006  6.747740377040906E-006
   4690.00065705455       7.878732931818059E-006  7.841708260372864E-006  7.801611176867129E-006  7.758034024982604E-006  7.709793145492787E-006  7.655369072323927E-006  7.592435863606109E-006  7.556523494479208E-006  7.516624517973305E-006  7.471318061277955E-006  7.440692587059523E-006  7.418436493165079E-006  7.381508642420987E-006  7.353889752129279E-006  7.306206847300269E-006  7.268552467756704E-006  7.247257904691875E-006  7.223811690592154E-006  7.197642703332775E-006  7.167908421695292E-006  7.133294158818663E-006  7.038590068947703E-006  6.964766079845167E-006  6.839129508146935E-006
   4710.00065985649       7.940933750722983E-006  7.896852022898639E-006  7.849297086659422E-006  7.797645786489874E-006  7.740758849281858E-006  7.676922686489204E-006  7.603722789022902E-006  7.562341217235233E-006  7.516648533321833E-006  7.465219561489196E-006  7.430753630244969E-006  7.405841245413392E-006  7.364797508904262E-006  7.334327960197491E-006  7.282191646060294E-006  7.241433813169637E-006  7.218542912182322E-006  7.193462414537741E-006  7.165619531193162E-006  7.134163438280613E-006  7.097773395633404E-006  6.999280115361516E-006  6.923372774764342E-006  6.795403457660911E-006
   4730.00066265843       7.903343966760103E-006  7.857380208059551E-006  7.808120730750161E-006  7.754723045162672E-006  7.695842304141898E-006  7.630394100029964E-006  7.555523143840484E-006  7.513310152504722E-006  7.466791766707510E-006  7.414637599233042E-006  7.379768051542674E-006  7.354590647839864E-006  7.313209363996598E-006  7.282527067933514E-006  7.230143965621287E-006  7.189269524647100E-006  7.166341882775546E-006  7.141243836158894E-006  7.113403385809487E-006  7.081978738791080E-006  7.045657369985006E-006  6.947501484133635E-006  6.871963156441221E-006  6.744751720797614E-006
   4750.00066546037       7.845379384006812E-006  7.799305002651940E-006  7.749783507030976E-006  7.696143344880894E-006  7.637350327060015E-006  7.571819303097832E-006  7.497084428684966E-006  7.455016336623733E-006  7.408710064893735E-006  7.356833532900932E-006  7.322152293182591E-006  7.297146431860555E-006  7.256028024045856E-006  7.225556401512654E-006  7.173550302421729E-006  7.132981717498839E-006  7.110227393358151E-006  7.085320502495403E-006  7.057697976146896E-006  7.026518515242765E-006  6.990481945424204E-006  6.893087586972738E-006  6.818129470810558E-006  6.691895785193119E-006
   4770.00066826231       7.787059067144432E-006  7.741105205662828E-006  7.691839074480308E-006  7.638428609556669E-006  7.579809294063572E-006  7.514708923420569E-006  7.440449889687139E-006  7.398684433273091E-006  7.352707473960759E-006  7.301228212319906E-006  7.266816312083585E-006  7.241992751422867E-006  7.201206271913691E-006  7.170985628438609E-006  7.119419835652509E-006  7.079196833833822E-006  7.056636594254632E-006  7.031941828320814E-006  7.004551791754969E-006  6.973636594592830E-006  6.937902837063682E-006  6.841319443930951E-006  6.766972835476357E-006  6.641752446692733E-006
   4790.00067106425       7.728779878648090E-006  7.682998760453704E-006  7.634107423343299E-006  7.581050492889202E-006  7.523038995321154E-006  7.458361659908756E-006  7.384703725019180E-006  7.343257769362565E-006  7.297650644434600E-006  7.246574340598951E-006  7.212442358140634E-006  7.187829367177157E-006  7.147372248978316E-006  7.117399046235976E-006  7.066248533121250E-006  7.026349042557842E-006  7.003971191444728E-006  6.979476071557303E-006  6.952304942728949E-006  6.921636262573616E-006  6.886186780529186E-006  6.790364570123034E-006  6.716600697352362E-006  6.592364389919111E-006
   4810.00067386619       7.668175220329262E-006  7.622995309964962E-006  7.574408188835837E-006  7.521901071753692E-006  7.464436599838414E-006  7.400419394054479E-006  7.327486997552731E-006  7.286473771225378E-006  7.241295577278972E-006  7.190727511829232E-006  7.156946176485927E-006  7.132580124637056E-006  7.092508232589822E-006  7.062835632226464E-006  7.012182479836824E-006  6.972663354752217E-006  6.950496231173070E-006  6.926229251477638E-006  6.899310080887056E-006  6.868922883736994E-006  6.833793680913189E-006  6.738817691024310E-006  6.665690884155646E-006  6.542515005972270E-006
   4830.00067666812       7.607943764333650E-006  7.563229201011946E-006  7.515321733616078E-006  7.463200103480294E-006  7.406462488754201E-006  7.343050245839603E-006  7.270844842562999E-006  7.230229180103359E-006  7.185545304058302E-006  7.135520964216700E-006  7.102075860228339E-006  7.077968163342063E-006  7.038309110909108E-006  7.008939219563441E-006  6.958788777434893E-006  6.919659220253376E-006  6.897711116944289E-006  6.873682628230876E-006  6.847026808412505E-006  6.816932611391991E-006  6.782144066891968E-006  6.688089133924677E-006  6.615684035151183E-006  6.493774329865552E-006
   4850.00067947006       7.548741749912770E-006  7.504488045111585E-006  7.456817164090020E-006  7.405583405206837E-006  7.349050493392487E-006  7.286415381252408E-006  7.215014428986161E-006  7.174823818256743E-006  7.130605119651947E-006  7.081061415483520E-006  7.047942603566704E-006  7.024060875150051E-006  6.984786396141233E-006  6.955685593279583E-006  6.905998448368755E-006  6.867214590979809E-006  6.845454220182054E-006  6.821628561257047E-006  6.795190363822459E-006  6.765335537277000E-006  6.730812602688864E-006  6.637417807846240E-006  6.565464189650084E-006  6.444220741665297E-006
   4870.00068227200       7.489589152282025E-006  7.445708246883270E-006  7.398787399215582E-006  7.347980514405898E-006  7.292303643886873E-006  7.230276062008125E-006  7.159629915835563E-006  7.119836094028060E-006  7.076080754315708E-006  7.027067088261924E-006  6.994318709922798E-006  6.970679285917658E-006  6.931824494057707E-006  6.903032683399574E-006  6.853863095754471E-006  6.815492554094166E-006  6.793961852905101E-006  6.770387137781059E-006  6.744231003419298E-006  6.714693637568757E-006  6.680541945938661E-006  6.588168806718865E-006  6.517028583439981E-006  6.397221044382645E-006
   4890.00068507394       7.431212150796722E-006  7.387786305665576E-006  7.341348785748038E-006  7.290971388782925E-006  7.235833374774277E-006  7.174446589495035E-006  7.104538701260793E-006  7.065240656801241E-006  7.021964119379703E-006  6.973436667857296E-006  6.941006434702345E-006  6.917606739880150E-006  6.879133284894684E-006  6.850616473048944E-006  6.801911135110486E-006  6.763890882735326E-006  6.742550787869264E-006  6.719181739181661E-006  6.693246868226862E-006  6.663954510122269E-006  6.630072557958524E-006  6.538366380915360E-006  6.467673425127790E-006  6.348498183476078E-006
   4910.00068787588       7.372019641909582E-006  7.329189610836958E-006  7.283227326972576E-006  7.233513159964545E-006  7.179062681095515E-006  7.118464806610682E-006  7.049371928221444E-006  7.010483917849886E-006  6.967688764839086E-006  6.919717763835437E-006  6.887661145260691E-006  6.864539435419270E-006  6.826510222240849E-006  6.798323779511836E-006  6.750175454008394E-006  6.712584079422855E-006  6.691485446351245E-006  6.668380101096314E-006  6.642738036426813E-006  6.613775286090996E-006  6.580276707629545E-006  6.489622458095244E-006  6.419765338891430E-006  6.302067675961498E-006
   4930.00069067782       7.315915053754699E-006  7.273483144748604E-006  7.227907331053229E-006  7.178594031921773E-006  7.124682114747672E-006  7.064678059190928E-006  6.996233632473514E-006  6.957787782022673E-006  6.915388967592790E-006  6.867879330534652E-006  6.836116233639554E-006  6.813206161815120E-006  6.775500342963210E-006  6.747541171147027E-006  6.699783194059012E-006  6.662476517023222E-006  6.641530959751815E-006  6.618583767269728E-006  6.593110297345705E-006  6.564328339134189E-006  6.531023824864024E-006  6.440816438237804E-006  6.371228458995947E-006  6.253858903706795E-006
   4950.00069347975       7.259299613172211E-006  7.217437905347776E-006  7.172573902751038E-006  7.123754706457123E-006  7.070364307151770E-006  7.011033470015640E-006  6.943459033436809E-006  6.905422720857755E-006  6.863530619239348E-006  6.816622711258403E-006  6.785247464874929E-006  6.762612603192981E-006  6.725383979567147E-006  6.697788587036760E-006  6.650642185209688E-006  6.613827240908135E-006  6.593162167439393E-006  6.570527696618610E-006  6.545403350016667E-006  6.517021311061597E-006  6.484188342375190E-006  6.395304947856304E-006  6.326781818736749E-006  6.211272490795122E-006
   4970.00069628169       7.202608859851351E-006  7.161209313190944E-006  7.116675037644940E-006  7.068520003859870E-006  7.015715507379684E-006  6.956958651582283E-006  6.890005970326505E-006  6.852294087446673E-006  6.810790022969308E-006  6.764251507645284E-006  6.733132117387163E-006  6.710662837022751E-006  6.673679473999787E-006  6.646255579033338E-006  6.599372619372693E-006  6.562730039413435E-006  6.542145575469691E-006  6.519588746196380E-006  6.494537745824588E-006  6.466219741401935E-006  6.433435585195824E-006  6.344555992323397E-006  6.275932150219477E-006  6.160147958641957E-006
   4990.00069908363       7.146865098401312E-006  7.106037759647122E-006  7.062055857946758E-006  7.014595078016305E-006  6.962580769264528E-006  6.904603209924038E-006  6.838509245216672E-006  6.801315338797354E-006  6.760386220740984E-006  6.714499019932719E-006  6.683822744446152E-006  6.661675627733391E-006  6.625250189808301E-006  6.598241210379474E-006  6.552085832155091E-006  6.516022579818252E-006  6.495770848984302E-006  6.473581755100147E-006  6.448946454812459E-006  6.421108248826778E-006  6.388890521155311E-006  6.301602466188729E-006  6.234256240808586E-006  6.120669204516648E-006
   5010.00070188557       7.091440526488299E-006  7.051220787659352E-006  7.007948726227715E-006  6.960806193194458E-006  6.909214655897128E-006  6.851919597881970E-006  6.786584998412187E-006  6.749821142614715E-006  6.709339877551353E-006  6.663918158040709E-006  6.633549859564176E-006  6.611635324378535E-006  6.575573329293097E-006  6.548829378820113E-006  6.503120430070447E-006  6.467399646969530E-006  6.447339371878022E-006  6.425359963481356E-006  6.400949938454149E-006  6.373365483368097E-006  6.341436202721353E-006  6.254915055771787E-006  6.188150871155181E-006  6.075551112580437E-006
   5030.00070468751       7.035500124068288E-006  6.995569084962869E-006  6.952551846824728E-006  6.906187136855640E-006  6.855365317382406E-006  6.798679194347158E-006  6.733978363993047E-006  6.697545172535263E-006  6.657411623064161E-006  6.612360971813412E-006  6.582221411293188E-006  6.560448557841120E-006  6.524598123235565E-006  6.498002478071567E-006  6.452497850298169E-006  6.416897204329412E-006  6.396886992886710E-006  6.374949311214816E-006  6.350570632700904E-006  6.322999304486309E-006  6.291056919524093E-006  6.204358961291659E-006  6.137339927549260E-006  6.024179808174346E-006
   5050.00070748945       6.981285222962606E-006  6.942169852644981E-006  6.900040809210873E-006  6.854587657367886E-006  6.804614518279155E-006  6.748875120769614E-006  6.685344573800768E-006  6.649526935108101E-006  6.610091669588195E-006  6.565830684679673E-006  6.536222862742885E-006  6.514834037326547E-006  6.479641400898077E-006  6.453530107689834E-006  6.408867694343901E-006  6.373947378092081E-006  6.354322735214937E-006  6.332815287549212E-006  6.308919492367244E-006  6.281904099397679E-006  6.250618343027421E-006  6.165758099089448E-006  6.100201514639708E-006  5.989514919875210E-006
   5070.00071029138       6.922834585033241E-006  6.884565856234226E-006  6.843475843530824E-006  6.798973822624070E-006  6.750025684338378E-006  6.695515996571511E-006  6.633172078137888E-006  6.597994165725788E-006  6.559245459112556E-006  6.515719367030117E-006  6.486570497360024E-006  6.465511635006932E-006  6.430826285907860E-006  6.405077009950480E-006  6.361009280363529E-006  6.326534707402863E-006  6.307153032074017E-006  6.285902834879742E-006  6.262287024196062E-006  6.235580154557591E-006  6.204639726566265E-006  6.120669159811496E-006  6.055764954862358E-006  5.946141218190962E-006
   5090.00071309332       6.849472446273363E-006  6.813373685995509E-006  6.774277093894889E-006  6.731858593434253E-006  6.685053561092260E-006  6.632667055846270E-006  6.572541418273252E-006  6.538448077635982E-006  6.500737975388202E-006  6.458252272995998E-006  6.429728185343755E-006  6.409070828208080E-006  6.374968146304390E-006  6.349588263235757E-006  6.306035505018210E-006  6.271848490337131E-006  6.252589772538753E-006  6.231445133490118E-006  6.207906717131863E-006  6.181242316979473E-006  6.150292960782400E-006  6.066041971708946E-006  6.000736792142149E-006  5.890310448501878E-006
   5110.00071589526       6.701086181745065E-006  6.671762460609443E-006  6.639984163159212E-006  6.605409983279876E-006  6.567030535594608E-006  6.523584841582281E-006  6.473137007917620E-006  6.444318818020030E-006  6.412147395358545E-006  6.375558490391110E-006  6.350782539628206E-006  6.332725620991350E-006  6.302717564233066E-006  6.280207728595644E-006  6.241251395869777E-006  6.210386476226677E-006  6.192891122804903E-006  6.173596395953836E-006  6.152018197178775E-006  6.127451659470224E-006  6.098790232527148E-006  6.020074054812041E-006  5.958489758262916E-006  5.853477545630445E-006
   5130.00071869720       6.327436585818701E-006  6.307376335228709E-006  6.285853822096057E-006  6.262131547721899E-006  6.235778584402385E-006  6.205805680498821E-006  6.170689238790871E-006  6.150389648879639E-006  6.127532565237930E-006  6.101163779456436E-006  6.083103145432266E-006  6.069807748683230E-006  6.047492818960184E-006  6.030571499246427E-006  6.000871099886128E-006  5.976976614783416E-006  5.963296495637276E-006  5.948103342218974E-006  5.930979099464051E-006  5.911326857517291E-006  5.888204456314396E-006  5.823818383489272E-006  5.772782953579979E-006  5.684882913066193E-006
   5150.00072149914       6.628477534391812E-006  6.598448090626300E-006  6.565798360956666E-006  6.530375112343605E-006  6.490889115713714E-006  6.446527533332933E-006  6.395012315198966E-006  6.365584878951382E-006  6.332838632632064E-006  6.295660311958738E-006  6.270514226130820E-006  6.252224141851911E-006  6.221868965709080E-006  6.199142175016961E-006  6.159886009272278E-006  6.128850643582525E-006  6.111289139646353E-006  6.091939511435680E-006  6.070328673551909E-006  6.045755680987545E-006  6.017127061775542E-006  5.938691761427534E-006  5.877486345313862E-006  5.773350043153039E-006
   5170.00072430108       6.649727935069657E-006  6.614538215481462E-006  6.576716720265022E-006  6.535594322967662E-006  6.490309444447017E-006  6.439438189040495E-006  6.381120407573440E-006  6.348134379832649E-006  6.311628707116007E-006  6.270530416923455E-006  6.242906201859569E-006  6.222904409542673E-006  6.189886775250434E-006  6.165308704340578E-006  6.123109557853090E-006  6.089969231906285E-006  6.071290565998775E-006  6.050775196412043E-006  6.027928340409358E-006  6.002034646359576E-006  5.971966139638045E-006  5.890050487085737E-006  5.826523834310324E-006  5.719146506168063E-006
   5190.00072710301       6.619098139098702E-006  6.583112280500581E-006  6.544551759175199E-006  6.502743936772052E-006  6.456761459082040E-006  6.405482879599007E-006  6.346878592989465E-006  6.313817414928983E-006  6.277375876616096E-006  6.236489324232340E-006  6.209068972735052E-006  6.189252941650291E-006  6.156592631818231E-006  6.132333231039488E-006  6.090782044287207E-006  6.058233079851693E-006  6.039922025174822E-006  6.019831245855849E-006  5.997489948989406E-006  5.972203714560113E-006  5.942884259663118E-006  5.863195491558483E-006  5.801505294818952E-006  5.697200697938697E-006
   5210.00072990495       6.576679820200765E-006  6.540684456297151E-006  6.502132002303952E-006  6.460327301384376E-006  6.414483493330445E-006  6.363368082326373E-006  6.305033967954858E-006  6.272155565767267E-006  6.235897981016518E-006  6.195194969557860E-006  6.167930779865883E-006  6.148226235744078E-006  6.115750473091145E-006  6.091632211123699E-006  6.050311319760691E-006  6.017941649356170E-006  5.999730542956417E-006  5.979746808729718E-006  5.957522325966308E-006  5.932366742139434E-006  5.903193421139385E-006  5.823881321104840E-006  5.762465816542510E-006  5.658610610530011E-006
   5230.00073270689       6.529403486262227E-006  6.493852118561227E-006  6.455352904237890E-006  6.413965694709560E-006  6.368337805684906E-006  6.317630980011934E-006  6.259755867235892E-006  6.227152916019386E-006  6.191196414337119E-006  6.150862852943765E-006  6.123835354448901E-006  6.104308335045012E-006  6.072138028719146E-006  6.048235264218526E-006  6.007298374098655E-006  5.975226046158374E-006  5.957180080886635E-006  5.937379623369943E-006  5.915357496741991E-006  5.890426637572568E-006  5.861513174210330E-006  5.782888662077896E-006  5.721989944158947E-006  5.618987251096079E-006
   5250.00073550883       6.477259009804245E-006  6.441812600372207E-006  6.403436839896769E-006  6.362147709992500E-006  6.316711697486077E-006  6.266214901707472E-006  6.208661260705492E-006  6.176195244612280E-006  6.140445428418883E-006  6.100340865295093E-006  6.073482716797247E-006  6.054085040852424E-006  6.022128331489474E-006  5.998392777983088E-006  5.957750219982274E-006  5.925921527335552E-006  5.908019852898463E-006  5.888378883172042E-006  5.866540269677112E-006  5.841824551884620E-006  5.813169802917754E-006  5.735319666422119E-006  5.675106499533580E-006  5.573467093573898E-006
   5270.00073831077       6.427668658340295E-006  6.392296458716123E-006  6.354237394798900E-006  6.312969153964510E-006  6.267716204989657E-006  6.217330140627267E-006  6.159825657991125E-006  6.127396127896950E-006  6.091638714926846E-006  6.051469901263579E-006  6.024543680936649E-006  6.005078470949194E-006  5.972982507930270E-006  5.949120300087525E-006  5.908200999818222E-006  5.876099915804724E-006  5.858022884466687E-006  5.838169182087880E-006  5.816069294201828E-006  5.791027030305948E-006  5.761954416962649E-006  5.682764668053042E-006  5.621362330148211E-006  5.517616949126386E-006
   5290.00074111271       6.388600540169060E-006  6.353761212200881E-006  6.316463840652719E-006  6.275979486327078E-006  6.231695604711444E-006  6.182397790780264E-006  6.126129735929441E-006  6.094443012070663E-006  6.059513891883586E-006  6.020304775139409E-006  5.994048270369205E-006  5.975079093668650E-006  5.943807895087790E-006  5.920576462316123E-006  5.880783416219630E-006  5.849595321382086E-006  5.832043211107707E-006  5.812781245493534E-006  5.791352860960362E-006  5.767088816635408E-006  5.738937964754516E-006  5.662343117778799E-006  5.602978513165248E-006  5.502524771992434E-006
   5310.00074391464       6.345309965213450E-006  6.310855556475807E-006  6.273983632132337E-006  6.233920480997919E-006  6.190042902097619E-006  6.141182995788843E-006  6.085421719146593E-006  6.053991918208281E-006  6.019328536403192E-006  5.980420505081859E-006  5.954350967137074E-006  5.935497738243575E-006  5.904424619786477E-006  5.881338785131139E-006  5.841768428602597E-006  5.810747788351821E-006  5.793289203062698E-006  5.774122744885004E-006  5.752802952120793E-006  5.728656926907660E-006  5.700642708805692E-006  5.624415780499118E-006  5.565341926790245E-006  5.465404863073319E-006
   5330.00074671658       6.299776230179297E-006  6.265536886803085E-006  6.229017746242030E-006  6.189456662250775E-006  6.146124403461491E-006  6.097680681166833E-006  6.042472911482998E-006  6.011396496935195E-006  5.977096022721040E-006  5.938546922568687E-006  5.912731758627749E-006  5.894064465624570E-006  5.863264404572550E-006  5.840389771138026E-006  5.801182000875042E-006  5.770436444094129E-006  5.753129171278352E-006  5.734127850518217E-006  5.712986757383521E-006  5.689042591250395E-006  5.661258458554054E-006  5.585642775193770E-006  5.527030866633307E-006  5.427864035580608E-006
   5350.00074951852       6.251367833168460E-006  6.217465226000952E-006  6.181377771943528E-006  6.142090464623282E-006  6.099272211693192E-006  6.051513301188400E-006  5.997033962220866E-006  5.966341421808746E-006  5.932489149697260E-006  5.894485897319670E-006  5.869021959213798E-006  5.850611158097114E-006  5.820263194414727E-006  5.797705905797819E-006  5.759033123233288E-006  5.728700889770454E-006  5.711620858634801E-006  5.692870514474999E-006  5.671999644064940E-006  5.648354796892904E-006  5.620909223899685E-006  5.546160712704953E-006  5.488174008704421E-006  5.389994397156477E-006
   5370.00075232046       6.194409156183945E-006  6.160595834202222E-006  6.124489995318239E-006  6.085295550404325E-006  6.042401985312091E-006  5.994530032738901E-006  5.939991451133173E-006  5.909270096033425E-006  5.875405557835652E-006  5.837326392567394E-006  5.811833657499884E-006  5.793383505719160E-006  5.762963614504744E-006  5.740344387001764E-006  5.701552466337524E-006  5.671108269663675E-006  5.653957056507254E-006  5.635121878301308E-006  5.614148731118458E-006  5.590377637778384E-006  5.562775789136690E-006  5.487577012233163E-006  5.429273950477625E-006  5.330801500468110E-006
   5390.00075512240       6.150897456533544E-006  6.117379431895978E-006  6.081769683240067E-006  6.042888388149449E-006  6.000407099638370E-006  5.953066638717092E-006  5.899130131757881E-006  5.868696363590827E-006  5.835164724728531E-006  5.797509485003870E-006  5.772267986706383E-006  5.754026186385885E-006  5.723938895159209E-006  5.701560583180602E-006  5.663195047742029E-006  5.633089647739219E-006  5.616130697209303E-006  5.597509047924890E-006  5.576776500658946E-006  5.553281345975404E-006  5.526005630168544E-006  5.451723412151274E-006  5.394163838409145E-006  5.297011352029616E-006
   5410.00075792434       6.118677484369630E-006  6.085942869580718E-006  6.050841504000578E-006  6.012889759704960E-006  5.971427497915285E-006  5.925042741412176E-006  5.872167060225643E-006  5.842411103194749E-006  5.809533374209752E-006  5.772616021430322E-006  5.747872781020549E-006  5.729976795515953E-006  5.700477614268247E-006  5.678534156030040E-006  5.640899017310608E-006  5.611363768970561E-006  5.594727805850204E-006  5.576459810240025E-006  5.556118704470563E-006  5.533064756957054E-006  5.506295379319667E-006  5.433337302922610E-006  5.376702021630444E-006  5.280772343142978E-006
   5430.00076072628       6.078698428571670E-006  6.046351004351962E-006  6.011647182359316E-006  5.973930613868583E-006  5.932644817115634E-006  5.886665381159312E-006  5.834131715882344E-006  5.804494674362561E-006  5.771801737977113E-006  5.735071458080296E-006  5.710445955007087E-006  5.692642992646869E-006  5.663254804665412E-006  5.641409585590861E-006  5.603932636590015E-006  5.574514608985743E-006  5.557942685170735E-006  5.539745417593820E-006  5.519484355332881E-006  5.496522830401313E-006  5.469861643997655E-006  5.397215868689659E-006  5.340841336345521E-006  5.245395078039084E-006
   5450.00076352821       6.036944258826208E-006  6.004747982015949E-006  5.970376743889220E-006  5.933086881536974E-006  5.892200871774345E-006  5.846620509418885E-006  5.794488058791170E-006  5.765115547283229E-006  5.732712259166321E-006  5.696277002422449E-006  5.671838126736322E-006  5.654151932803208E-006  5.625005724392828E-006  5.603324294407149E-006  5.566126900499390E-006  5.536931150014691E-006  5.520483934287974E-006  5.502421836544185E-006  5.482312140641602E-006  5.459518669087429E-006  5.433054651868935E-006  5.360942761708425E-006  5.304981632752948E-006  5.210234713705552E-006
   5470.00076633015       5.993620515940626E-006  5.961731697890455E-006  5.927728431635753E-006  5.890658424080144E-006  5.850241971822203E-006  5.805122941318119E-006  5.753675531465682E-006  5.724617328889957E-006  5.692567934080822E-006  5.656525049258516E-006  5.632352305389005E-006  5.614876174358306E-006  5.586028436462267E-006  5.564569304199781E-006  5.527742593679518E-006  5.498834039790046E-006  5.482540989375612E-006  5.464647448835002E-006  5.444718882096158E-006  5.422130535574463E-006  5.395895332249533E-006  5.324376370921667E-006  5.268852409926524E-006  5.174822856647884E-006
   5490.00076913209       5.947979797439630E-006  5.916652026802207E-006  5.883008793565689E-006  5.846665279733732E-006  5.806850423128060E-006  5.762414979328993E-006  5.711742708324565E-006  5.683116070921060E-006  5.651558325872978E-006  5.616084929843889E-006  5.592280388274932E-006  5.575060946533686E-006  5.546648052826784E-006  5.525503284492093E-006  5.489204850266546E-006  5.460687136951093E-006  5.444608916455455E-006  5.426946087299793E-006  5.407269473460489E-006  5.384956266988822E-006  5.359029953779731E-006  5.288300397815659E-006  5.233344697516797E-006  5.140216655586425E-006
   5510.00077193403       5.891587323750657E-006  5.860540653721166E-006  5.827152212127031E-006  5.791048408646757E-006  5.751560192654914E-006  5.707537179809043E-006  5.657478029769099E-006  5.629285093509321E-006  5.598173918610632E-006  5.563295853245596E-006  5.539919209854404E-006  5.523007132087271E-006  5.495138705428750E-006  5.474410681260257E-006  5.438859606831752E-006  5.410953933443119E-006  5.395230856733244E-006  5.377964335725901E-006  5.358733803310722E-006  5.336933725488886E-006  5.311614610666038E-006  5.242585444695463E-006  5.188993547984044E-006  5.098220376767396E-006
   5530.00077473597       5.836956363113592E-006  5.805528445262845E-006  5.771973159780524E-006  5.735418117367574E-006  5.695513195099147E-006  5.651005085790302E-006  5.600185514939726E-006  5.571463243807128E-006  5.539785676448911E-006  5.504136982279626E-006  5.480190609854831E-006  5.462867914160104E-006  5.434237931135076E-006  5.412910321741661E-006  5.376230278087600E-006  5.347362560412848E-006  5.331065421133794E-006  5.313141801033667E-006  5.293154464375637E-006  5.270463426373486E-006  5.244076073548618E-006  5.172059862619125E-006  5.116247786265278E-006  5.022431796471353E-006
   5550.00077753791       5.818791502813293E-006  5.788555415872364E-006  5.755951001947600E-006  5.720787423467660E-006  5.682272128190487E-006  5.639298946413334E-006  5.590293261891054E-006  5.562730558339920E-006  5.532259693133288E-006  5.498026204887509E-006  5.475058125058073E-006  5.458439913649787E-006  5.431007489581296E-006  5.410593731128611E-006  5.375535842951065E-006  5.347977490267682E-006  5.332435210137329E-006  5.315352245011781E-006  5.296310970839970E-006  5.274707025676740E-006  5.249590079680343E-006  5.180978249105957E-006  5.127589202766750E-006  5.036992669629193E-006
   5570.00078033984       5.786273604840258E-006  5.756188380533326E-006  5.723905784578702E-006  5.688795760569839E-006  5.650533331847100E-006  5.607674914554724E-006  5.558779472765803E-006  5.531175999727039E-006  5.500712804264556E-006  5.466440114214408E-006  5.443424257154668E-006  5.426773849744560E-006  5.399263536403448E-006  5.378789687381870E-006  5.343624138369864E-006  5.315980437168718E-006  5.300390874065640E-006  5.283258387663017E-006  5.264166554383830E-006  5.242508452226730E-006  5.217336770750484E-006  5.148626752627693E-006  5.095216452323299E-006  5.004696909683091E-006
   5590.00078314178       5.747860155060072E-006  5.717851450000224E-006  5.685989904737269E-006  5.651156634555777E-006  5.612925484441059E-006  5.570431537621530E-006  5.521833819003396E-006  5.494355040709935E-006  5.464062737125397E-006  5.429940007062451E-006  5.407047508325354E-006  5.390491790649260E-006  5.363143908714500E-006  5.342787074672200E-006  5.307819690191380E-006  5.280338285852949E-006  5.264839179021214E-006  5.247805782414596E-006  5.228825155886038E-006  5.207293882946561E-006  5.182268577138936E-006  5.113957695787402E-006  5.060859302055610E-006  4.970877567609233E-006
   5610.00078594372       5.711001035168660E-006  5.681296550221607E-006  5.649629141107863E-006  5.614947084266857E-006  5.577023833135587E-006  5.534805571083029E-006  5.486539022226795E-006  5.459285541166749E-006  5.429188394993544E-006  5.395321428821466E-006  5.372595000867128E-006  5.356151144845823E-006  5.328995123344680E-006  5.308776751294040E-006  5.274063953438461E-006  5.246781366773120E-006  5.231396264721414E-006  5.214490230430985E-006  5.195650781778800E-006  5.174280601608921E-006  5.149445471336690E-006  5.081661005710307E-006  5.028976215253761E-006  4.939696277568900E-006
   5630.00078874566       5.672183453329838E-006  5.642740252831662E-006  5.611271073717852E-006  5.577097940865959E-006  5.539620543924914E-006  5.497770971617822E-006  5.449951462571760E-006  5.422948411132383E-006  5.393123543646722E-006  5.359575973292106E-006  5.337054436997884E-006  5.320747485885390E-006  5.293834998028742E-006  5.273795616944761E-006  5.239376661557184E-006  5.212320981043035E-006  5.197063621229231E-006  5.180294938998711E-006  5.161607508742864E-006  5.140407142810853E-006  5.115767425481570E-006  5.048503669620498E-006  4.996214822689113E-006  4.907598232104823E-006
   5650.00079154760       5.632314042262776E-006  5.603133324631326E-006  5.572179273786090E-006  5.538443341710361E-006  5.501497320300217E-006  5.460141079291262E-006  5.412929834168266E-006  5.386225020971966E-006  5.356746306294991E-006  5.323570807911166E-006  5.301290384935835E-006  5.285167418792887E-006  5.258534168972695E-006  5.238703512410203E-006  5.204623468022307E-006  5.177825128858246E-006  5.162706421314272E-006  5.146088805303963E-006  5.127566042517955E-006  5.106549858289709E-006  5.082118272992335E-006  5.015402516373241E-006  4.963524980775527E-006  4.875592094639962E-006
   5670.00079434954       5.589342966341389E-006  5.560852364906084E-006  5.530155063060237E-006  5.497163347223063E-006  5.460774432978129E-006  5.420139518273898E-006  5.373771088731169E-006  5.347550962769158E-006  5.318611559627836E-006  5.286012697099434E-006  5.264112375609400E-006  5.248239900145499E-006  5.222026586884376E-006  5.202491949405338E-006  5.168901574359266E-006  5.142467790790669E-006  5.127547295376385E-006  5.111139155219428E-006  5.092841093191377E-006  5.072072414028601E-006  5.047913273634387E-006  4.981884144759803E-006  4.930493084772447E-006  4.843325077256472E-006
   5690.00079715147       5.535502882816173E-006  5.507512154908640E-006  5.477558056619484E-006  5.445181670851887E-006  5.409642074251846E-006  5.370075934685485E-006  5.325006602038964E-006  5.299536736860452E-006  5.271466149509791E-006  5.239887308075057E-006  5.218672452929317E-006  5.203307947103978E-006  5.177925131548633E-006  5.159014001201905E-006  5.126483309680806E-006  5.100856811365627E-006  5.086386200210982E-006  5.070463220849814E-006  5.052694981162791E-006  5.032506287393479E-006  5.009000078543193E-006  4.944624350864936E-006  4.894395087379393E-006  4.808971812270479E-006
   5710.00079995341       5.459527257144623E-006  5.430693349397766E-006  5.400018214891988E-006  5.366565038835806E-006  5.330032777216955E-006  5.289244674451146E-006  5.242705041242510E-006  5.216454715572130E-006  5.187438863294793E-006  5.154747336274396E-006  5.132780846233372E-006  5.116861760428396E-006  5.090525591210916E-006  5.070891321728972E-006  5.037077945857201E-006  5.010422699680699E-006  4.995358889887521E-006  4.978784527772761E-006  4.960291442965119E-006  4.939291346033968E-006  4.914869651480681E-006  4.848318502971410E-006  4.796948506075986E-006  4.711173999953696E-006
   5730.00080275535       5.455415320628057E-006  5.427949466273954E-006  5.398598929381705E-006  5.366871806649842E-006  5.332071814413941E-006  5.293419399962864E-006  5.249315372136323E-006  5.224441698655684E-006  5.197012218504621E-006  5.166155767678918E-006  5.145432198174999E-006  5.130425810169170E-006  5.105631427908382E-006  5.087160239744736E-006  5.055387241748347E-006  5.030358125504466E-006  5.016218577371587E-006  5.000660548522577E-006  4.983298005326341E-006  4.963569307607178E-006  4.940593253036868E-006  4.877649584609178E-006  4.828518173470579E-006  4.744917086845616E-006
   5750.00080555729       5.438512174963096E-006  5.411183075505354E-006  5.381973785984103E-006  5.350185885739629E-006  5.315398237488418E-006  5.276479090927092E-006  5.231936160223949E-006  5.206793926659049E-006  5.178986155972649E-006  5.147644116504254E-006  5.126579133862408E-006  5.111315621073845E-006  5.086075151439345E-006  5.067259121218788E-006  5.034880317356703E-006  5.009370339862220E-006  4.994963381542396E-006  4.979111373758472E-006  4.961425385717951E-006  4.941336401276222E-006  4.917953217785232E-006  4.853979119783391E-006  4.804134167109675E-006  4.719529460347774E-006
   5770.00080835923       5.407354265644582E-006  5.380122725842378E-006  5.350912448266194E-006  5.319157913789832E-006  5.284353627034283E-006  5.245433966613274E-006  5.200874019798728E-006  5.175739509772356E-006  5.147916569050669E-006  5.116566102684651E-006  5.095491858159033E-006  5.080230482402124E-006  5.054997841922374E-006  5.036188317825696E-006  5.003843141809132E-006  4.978373241183156E-006  4.963995047154147E-006  4.948179405270946E-006  4.930540541789963E-006  4.910511800016986E-006  4.887206009505445E-006  4.823482963706108E-006  4.773867322475838E-006  4.689700721207719E-006
   5790.00081116117       5.372518162147459E-006  5.345379534716058E-006  5.316376891542922E-006  5.284799057601112E-006  5.250178360196955E-006  5.211540216465164E-006  5.167327825644474E-006  5.142323651346887E-006  5.114677153291424E-006  5.083543626568444E-006  5.062616707492878E-006  5.047457373699835E-006  5.022385726764565E-006  5.003708850322143E-006  4.971582189263659E-006  4.946287571118357E-006  4.932007639554568E-006  4.916299370578778E-006  4.898778321934850E-006  4.878884114635175E-006  4.855736579123326E-006  4.792439688272991E-006  4.743155170191753E-006  4.659549940771680E-006
   5810.00081396311       5.336996447665905E-006  5.310191650934964E-006  5.281469725947953E-006  5.250249266888760E-006  5.216061364209407E-006  5.177827538308561E-006  5.134020161632110E-006  5.109243657474718E-006  5.081841776528664E-006  5.050962885813881E-006  5.030218198396166E-006  5.015182359647443E-006  4.990331282123916E-006  4.971804750262003E-006  4.939938626338888E-006  4.914846385410968E-006  4.900677219662656E-006  4.885091505917209E-006  4.867706841138655E-006  4.847963776302142E-006  4.824990090099583E-006  4.762161324709574E-006  4.713234493069251E-006  4.630229897946876E-006
   5830.00081676504       5.297644473557710E-006  5.271311528811368E-006  5.243090511293776E-006  5.212514053999339E-006  5.178842279214230E-006  5.141227761234663E-006  5.098112372495572E-006  5.073709195966420E-006  5.046738038189396E-006  5.016288613873340E-006  4.995809012851046E-006  4.980973836137810E-006  4.956441640654743E-006  4.938142020064583E-006  4.906643770548918E-006  4.881825350130476E-006  4.867806632989876E-006  4.852380613095273E-006  4.835166346685744E-006  4.815611667459909E-006  4.792848794600682E-006  4.730554087371547E-006  4.682013429050890E-006  4.599636366108942E-006
   5850.00081956698       5.270533219141120E-006  5.244548289088223E-006  5.216479338543257E-006  5.186214362832116E-006  5.152874613549005E-006  5.115493042190027E-006  5.072616415400367E-006  5.048323883414568E-006  5.021439020655919E-006  4.991125529518494E-006  4.970732680528689E-006  4.955940230351246E-006  4.931489680816804E-006  4.913256422521606E-006  4.881870629574117E-006  4.857150935468871E-006  4.843192058566213E-006  4.827833476615587E-006  4.810705385233608E-006  4.791250813428370E-006  4.768612988745580E-006  4.706705611189612E-006  4.658495879975072E-006  4.576687226468626E-006
   5870.00082236892       5.218160816331435E-006  5.194033788383348E-006  5.167822148296465E-006  5.139376267748141E-006  5.107913497449408E-006  5.072559858121111E-006  5.031711124439031E-006  5.008489270147967E-006  4.982718297245277E-006  4.953525322111269E-006  4.933829228364736E-006  4.919528540176023E-006  4.895818647126112E-006  4.878102929090215E-006  4.847527375230566E-006  4.823379299004227E-006  4.809720840936419E-006  4.794674335379748E-006  4.777874107903288E-006  4.758769619003916E-006  4.736509396446439E-006  4.675502549242960E-006  4.627894373492479E-006  4.546979542961168E-006
   5890.00082517086       5.097831647777698E-006  5.079221519603428E-006  5.058851475156375E-006  5.036478015207351E-006  5.011582503936686E-006  4.983151976527426E-006  4.949856292991079E-006  4.930709760272434E-006  4.909197835147977E-006  4.884512510780947E-006  4.867679062035277E-006  4.855348101264971E-006  4.834734718753773E-006  4.819176101069475E-006  4.792035492764775E-006  4.770343752474881E-006  4.757974609931301E-006  4.744272858629266E-006  4.728878867189923E-006  4.711262435439620E-006  4.690596968970234E-006  4.633299406108495E-006  4.588053040676822E-006  4.510387195424795E-006
   5910.00082797280       4.812956411265614E-006  4.800744585976723E-006  4.787398275685016E-006  4.772477420805401E-006  4.755745943597742E-006  4.736510648163523E-006  4.713613802725069E-006  4.700211383517174E-006  4.684995496572115E-006  4.667313761636169E-006  4.655075201869433E-006  4.646025855179298E-006  4.630730452510954E-006  4.619064582367992E-006  4.598453155050784E-006  4.581755339542775E-006  4.572150605324279E-006  4.561444824057613E-006  4.549341780355955E-006  4.535401325556454E-006  4.518941073934365E-006  4.472826483164948E-006  4.436051181794444E-006  4.372395684261255E-006
   5930.00083077473       5.046144759405113E-006  5.026763333261874E-006  5.005690197493304E-006  4.982722005414491E-006  4.957113285638614E-006  4.928114064160413E-006  4.894259280666988E-006  4.874819601537208E-006  4.853064179572434E-006  4.828184278227642E-006  4.811241156990882E-006  4.798858988853656E-006  4.778183974969839E-006  4.762609251715661E-006  4.735476430236350E-006  4.713829027196456E-006  4.701496055361531E-006  4.687847238411189E-006  4.672524030636308E-006  4.655000619694457E-006  4.634458565724355E-006  4.577568926580613E-006  4.532691554056548E-006  4.455725064245857E-006
   5950.00083357667       5.001512332587847E-006  4.977918749457754E-006  4.952396901787601E-006  4.924635418581085E-006  4.894274275984336E-006  4.860059000036134E-006  4.820862743975869E-006  4.798647225509942E-006  4.774001697277535E-006  4.746094253549288E-006  4.727252181518516E-006  4.713559991333808E-006  4.690821053890112E-006  4.673796844280669E-006  4.644350936707665E-006  4.621022169556758E-006  4.607801599111815E-006  4.593220325978057E-006  4.576918882159867E-006  4.558367394960147E-006  4.536749045193451E-006  4.477665099039111E-006  4.431953814362348E-006  4.355491320898923E-006
   5970.00083637861       5.007824473696030E-006  4.984207329286668E-006  4.958644595648069E-006  4.931355484793054E-006  4.901200948249113E-006  4.867746341870636E-006  4.829627870118887E-006  4.808071180735966E-006  4.784261188638947E-006  4.757436232261907E-006  4.739406954513567E-006  4.726321231108050E-006  4.704687992204807E-006  4.688538865016724E-006  4.660687547907976E-006  4.638696480836724E-006  4.626256425524414E-006  4.612547826114626E-006  4.597233579648609E-006  4.579808157185396E-006  4.559493682449490E-006  4.503751744406052E-006  4.460205226352637E-006  4.386094335755861E-006
   5990.00083918055       5.023909981783340E-006  4.999898320088980E-006  4.974204435880878E-006  4.946262654859007E-006  4.915686862580791E-006  4.881347918190907E-006  4.842000101791982E-006  4.819726961039583E-006  4.795010904081322E-006  4.767132289453658E-006  4.748340772832670E-006  4.734709728980793E-006  4.712126549279618E-006  4.695251940830301E-006  4.666142768958559E-006  4.643147818248019E-006  4.630135570523310E-006  4.615799574517088E-006  4.599784002542901E-006  4.581561910201822E-006  4.560319666768291E-006  4.502031016085592E-006  4.456486821884417E-006  4.379008979727232E-006
   6010.00084198249       5.005027486323028E-006  4.980598603037513E-006  4.954395315575193E-006  4.925923787668328E-006  4.894576090418352E-006  4.859602463125222E-006  4.819467523766297E-006  4.796777675221587E-006  4.771615945670460E-006  4.743264426406159E-006  4.724175619473590E-006  4.710346399795418E-006  4.687444467956597E-006  4.670349702176482E-006  4.640912831287377E-006  4.617701468766152E-006  4.604582484748820E-006  4.590142395478734E-006  4.574023929786643E-006  4.555703608000220E-006  4.534371466534132E-006  4.475947887603519E-006  4.430389999892020E-006  4.353021143776120E-006
   6030.00084478443       4.978092622706094E-006  4.953511201910891E-006  4.927160003133224E-006  4.898535294032315E-006  4.867126014922301E-006  4.832029133035848E-006  4.791834263500572E-006  4.769088743392303E-006  4.743909501196686E-006  4.715545343787159E-006  4.696461098613113E-006  4.682627160733762E-006  4.659750629810966E-006  4.642691749654491E-006  4.613315939648592E-006  4.590167023782980E-006  4.577091332782050E-006  4.562698351056351E-006  4.546638476661116E-006  4.528391045253341E-006  4.507148102673957E-006  4.449000875166082E-006  4.403680469235311E-006  4.326744168287531E-006
   6050.00084758637       4.948181323772329E-006  4.923863688727479E-006  4.897497602926055E-006  4.869062836821723E-006  4.837783941153153E-006  4.802786321118545E-006  4.762721992188463E-006  4.740080395408194E-006  4.715040488812259E-006  4.686802329345673E-006  4.667804463621151E-006  4.654043059307839E-006  4.631295114719936E-006  4.614326566049243E-006  4.585122034507212E-006  4.562108811763922E-006  4.549108839817207E-006  4.534801537899202E-006  4.518838985102385E-006  4.500702510666276E-006  4.479589121761565E-006  4.421796610089198E-006  4.376753719108986E-006  4.300290706400094E-006
   6070.00085038830       4.917636445921123E-006  4.893318981240109E-006  4.867176348185487E-006  4.838847010821676E-006  4.807742156248134E-006  4.773023784886449E-006  4.733213527079164E-006  4.710705303208658E-006  4.685825090961867E-006  4.657794760373096E-006  4.638937115329401E-006  4.625275847808082E-006  4.602685175594495E-006  4.585837854871702E-006  4.556831183660241E-006  4.533976761717918E-006  4.521064357482910E-006  4.506853393239883E-006  4.490999029606423E-006  4.472982881516335E-006  4.452008092133298E-006  4.394590116079171E-006  4.349836213148843E-006  4.273863503999857E-006
   6090.00085319024       4.886724451528598E-006  4.862564855461591E-006  4.836648763896981E-006  4.808529017640694E-006  4.777628112136607E-006  4.743112770726513E-006  4.703637743260635E-006  4.681332191674153E-006  4.656651519490916E-006  4.628838949278193E-006  4.610137119001656E-006  4.596578906650872E-006  4.574164748396888E-006  4.557439580543772E-006  4.528655424860304E-006  4.505969794385612E-006  4.493152566364929E-006  4.479043955531972E-006  4.463301530119219E-006  4.445411820927028E-006  4.424581642189009E-006  4.367547750981238E-006  4.323084617177218E-006  4.247599418699394E-006
   6110.00085599218       4.855214547432766E-006  4.831132142600397E-006  4.805469748059784E-006  4.777575129071466E-006  4.746996390106671E-006  4.712802357286102E-006  4.673697485597699E-006  4.651571448639512E-006  4.627125194753575E-006  4.599558580026318E-006  4.581020162304248E-006  4.567578689296625E-006  4.545352008211057E-006  4.528769929862601E-006  4.500215279408780E-006  4.477705500333385E-006  4.464985802825643E-006  4.450984975941594E-006  4.435357618462236E-006  4.417597333443382E-006  4.396914364043255E-006  4.340266652256292E-006  4.296094237191417E-006  4.221095059730414E-006
   6130.00085879412       4.826195473974015E-006  4.802369293753101E-006  4.776844914600372E-006  4.749128132222318E-006  4.718813075273277E-006  4.684870693261209E-006  4.646013098550268E-006  4.624046066180470E-006  4.599746200075699E-006  4.572357869889236E-006  4.553942687886861E-006  4.540594784551509E-006  4.518509202234674E-006  4.502036959186408E-006  4.473676624068190E-006  4.451317682721939E-006  4.438679741107420E-006  4.424771338625535E-006  4.409248044471322E-006  4.391606360717287E-006  4.371061451755061E-006  4.314795010566103E-006  4.270920311406168E-006  4.196426425691025E-006
   6150.00086159606       4.795703968795262E-006  4.772195543875419E-006  4.746906620618794E-006  4.719485065046010E-006  4.689331641063757E-006  4.655778304481860E-006  4.617235009642909E-006  4.595460705181364E-006  4.571370153462001E-006  4.544200412318999E-006  4.525927626621744E-006  4.512690445729788E-006  4.490785518071953E-006  4.474440154779839E-006  4.446292138515797E-006  4.424105836843313E-006  4.411565682441203E-006  4.397759136464954E-006  4.382350342868348E-006  4.364836367540141E-006  4.344438536562919E-006  4.288564371135321E-006  4.244988249145564E-006  4.170991861012276E-006
   6170.00086439800       4.765750391097182E-006  4.742351869810679E-006  4.717421050954943E-006  4.690202960667266E-006  4.660287434035840E-006  4.626903647817078E-006  4.588788431976058E-006  4.567162645073260E-006  4.543302423469515E-006  4.516372579450355E-006  4.498251864303254E-006  4.485112231686848E-006  4.463384621531307E-006  4.447168207758124E-006  4.419241876351553E-006  4.397221424847097E-006  4.384773365777892E-006  4.371069827397266E-006  4.355773300020569E-006  4.338385273890443E-006  4.318132723352314E-006  4.262649091309093E-006  4.219372149757264E-006  4.145878350409356E-006
   6190.00086719993       4.735334503084099E-006  4.712096002264966E-006  4.687340224933134E-006  4.660461445103803E-006  4.630877530124283E-006  4.597875123623066E-006  4.560112618160766E-006  4.538727210739654E-006  4.515090576149645E-006  4.488397292212151E-006  4.470434401980588E-006  4.457417556765887E-006  4.435882511027893E-006  4.419806508212328E-006  4.392115647996400E-006  4.370275341967582E-006  4.357926370453911E-006  4.344331603536632E-006  4.329152533310004E-006  4.311896416367545E-006  4.291793811709686E-006  4.236703917460842E-006  4.193723165771504E-006  4.120721244918580E-006
   6210.00087000187       4.704576370407698E-006  4.681694859764205E-006  4.657393106544047E-006  4.630875208941631E-006  4.601774836130345E-006  4.569134122399267E-006  4.531741255744220E-006  4.510601406231975E-006  4.487219264188525E-006  4.460800652663649E-006  4.443032000782674E-006  4.430145942652193E-006  4.408817829358277E-006  4.392892281686952E-006  4.365450170265647E-006  4.343796581646598E-006  4.331553314301994E-006  4.318070484523493E-006  4.303014794472058E-006  4.285894946032302E-006  4.265948053117067E-006  4.211269021377473E-006  4.168596429710852E-006  4.096106104349342E-006
   6230.00087280381       4.670843577237559E-006  4.648719736232253E-006  4.624624181420103E-006  4.598600699705265E-006  4.570026537674631E-006  4.538026459484790E-006  4.501367317600159E-006  4.480593629829839E-006  4.457606260361248E-006  4.431625841155477E-006  4.414124312043521E-006  4.401421141919696E-006  4.380387912639025E-006  4.364680712939377E-006  4.337586896547357E-006  4.316186375966112E-006  4.304078394895510E-006  4.290741254912796E-006  4.275840282363148E-006  4.258889292012798E-006  4.239129186710154E-006  4.184919049440646E-006  4.142580359775603E-006  4.070620530284768E-006
   6250.00087560575       4.632926802381153E-006  4.611465133723984E-006  4.588448260234291E-006  4.563360145905790E-006  4.535765662655551E-006  4.504864842395632E-006  4.469402914046577E-006  4.449254477409250E-006  4.426896606521979E-006  4.401631642506939E-006  4.384596180114097E-006  4.372188953780888E-006  4.351657803436773E-006  4.336298374882443E-006  4.309758554926563E-006  4.288760527563933E-006  4.276866281185453E-006  4.263752733157530E-006  4.249091080395539E-006  4.232395861863651E-006  4.212916482443497E-006  4.159389119367126E-006  4.117517702985353E-006  4.046261150936269E-006
   6270.00087840769       4.568576692940583E-006  4.548440539212179E-006  4.527087964588343E-006  4.503734793722340E-006  4.478281605239019E-006  4.449843502912137E-006  4.417191150213273E-006  4.398642880568237E-006  4.378092830589625E-006  4.354785356124977E-006  4.339031413574009E-006  4.327574681611133E-006  4.308530617767981E-006  4.294237247357390E-006  4.269462430657165E-006  4.249777462069073E-006  4.238591829207024E-006  4.226229436813733E-006  4.212370974818921E-006  4.196545491832548E-006  4.178020434467675E-006  4.126814395515314E-006  4.086492044117180E-006  4.017434035280950E-006
   6290.00088120963       4.434743346887267E-006  4.414269810215689E-006  4.392810955446501E-006  4.369474050653144E-006  4.344111147675755E-006  4.315938849292552E-006  4.283779240892746E-006  4.265607999435506E-006  4.245496010469315E-006  4.222769621780448E-006  4.207423655335069E-006  4.196274598498667E-006  4.177742799039216E-006  4.163852168245715E-006  4.139797336729412E-006  4.120718273523214E-006  4.109894614270555E-006  4.097949764661985E-006  4.084589744184803E-006  4.069380952650289E-006  4.051654040353149E-006  4.003202430927423E-006  3.965711930568756E-006  3.902921864236429E-006
   6310.00088401157       4.496904094239012E-006  4.477634980113698E-006  4.456817153569039E-006  4.434329236070072E-006  4.409790489423344E-006  4.382395575178045E-006  4.350995000180231E-006  4.333228737028216E-006  4.313490899174731E-006  4.291160925167609E-006  4.276055294302829E-006  4.265070331555622E-006  4.246803805412573E-006  4.233098340607261E-006  4.209312914133501E-006  4.190400734752718E-006  4.179647378612901E-006  4.167756663841782E-006  4.154417746665771E-006  4.139175933457643E-006  4.121316802397607E-006  4.071870579098025E-006  4.032850405070292E-006  3.965846224508175E-006
   6330.00088681350       4.516032847625308E-006  4.495489701577295E-006  4.473411908267778E-006  4.449464989999049E-006  4.423188154547750E-006  4.393612469389262E-006  4.359651447222597E-006  4.340375126228973E-006  4.318969142157578E-006  4.294742802095105E-006  4.278370941868548E-006  4.266477396247264E-006  4.246728041992529E-006  4.231933012106563E-006  4.206349759573107E-006  4.186079587122947E-006  4.174588129141702E-006  4.161908924770216E-006  4.147721364589020E-006  4.131554370949464E-006  4.112674643176794E-006  4.060725009801000E-006  4.020035733080613E-006  3.950737012462698E-006
   6350.00088961544       4.500770192902760E-006  4.479752376067255E-006  4.456991023673439E-006  4.432492575098678E-006  4.405429867087875E-006  4.375153159513737E-006  4.340380423804531E-006  4.320656205953815E-006  4.298818061398162E-006  4.274119359947114E-006  4.257457230670266E-006  4.245360570143093E-006  4.225315840322487E-006  4.210326432415465E-006  4.184448800069008E-006  4.163988433241216E-006  4.152404179616165E-006  4.139632613307735E-006  4.125357588985339E-006  4.109106940740871E-006  4.090149829870708E-006  4.038081916773928E-006  3.997372295680079E-006  3.928134395459688E-006
   6370.00089241738       4.477895163781852E-006  4.456699617106025E-006  4.433904619470083E-006  4.409140357643273E-006  4.381984682321912E-006  4.351589839117773E-006  4.316715563653988E-006  4.296946854824776E-006  4.275060824672978E-006  4.250336595712837E-006  4.233682213018910E-006  4.221588062712175E-006  4.201557835088298E-006  4.186588911755241E-006  4.160768544418975E-006  4.140363682238412E-006  4.128814549825147E-006  4.116086557908222E-006  4.101864096583357E-006  4.085678971991963E-006  4.066805196421193E-006  4.014996842179981E-006  3.974519322009241E-006  3.905730476659484E-006
   6390.00089521932       4.452411229067108E-006  4.431383134860806E-006  4.408546520816253E-006  4.383811949134928E-006  4.356725734203060E-006  4.326394712964774E-006  4.291665654813229E-006  4.271938061948618E-006  4.250155293268099E-006  4.225549581356431E-006  4.208964275858655E-006  4.196931774689840E-006  4.176998814733127E-006  4.162106289284816E-006  4.136419207126531E-006  4.116118335655092E-006  4.104630015055179E-006  4.091969537157979E-006  4.077821258635641E-006  4.061719856559096E-006  4.042943339796114E-006  3.991395479637124E-006  3.951112576094141E-006  3.882632597720668E-006
   6420.00089942223       4.413339487271335E-006  4.392433983345304E-006  4.369909653082181E-006  4.345448055615844E-006  4.318585839725456E-006  4.288560708792824E-006  4.254105343833462E-006  4.234586286859970E-006  4.212984879133852E-006  4.188605455189592E-006  4.172183899208467E-006  4.160262129814200E-006  4.140521379769588E-006  4.125779890561978E-006  4.100335246176269E-006  4.080234774357898E-006  4.068858553322833E-006  4.056321256571992E-006  4.042311513303926E-006  4.026368738978260E-006  4.007776895269260E-006  3.956743543462315E-006  3.916870858031775E-006  3.849114322859071E-006
   6460.00090502610       4.360899213184367E-006  4.340340945117452E-006  4.318028797023265E-006  4.294000928604765E-006  4.267505881054955E-006  4.237896768173187E-006  4.203953676138302E-006  4.184743215687523E-006  4.163467544106953E-006  4.139430245039700E-006  4.123243666325748E-006  4.111494063338423E-006  4.092030938150454E-006  4.077493134662673E-006  4.052397816260405E-006  4.032566515949796E-006  4.021341507470107E-006  4.008969417865330E-006  3.995142413832624E-006  3.979405816019515E-006  3.961050825011271E-006  3.910654074741703E-006  3.871268370520327E-006  3.804324381903073E-006
   6500.00091062998       4.309053459166867E-006  4.288830993526032E-006  4.266908280125043E-006  4.243055323397833E-006  4.216992509525982E-006  4.187905317854086E-006  4.154485407511931E-006  4.135574394424158E-006  4.114619832330211E-006  4.090958840243525E-006  4.075013986337666E-006  4.063430256261690E-006  4.044252593746728E-006  4.029917998629272E-006  4.005170688182172E-006  3.985606414505195E-006  3.974531964204233E-006  3.962320656424998E-006  3.948671281713141E-006  3.933132116996797E-006  3.915003594637829E-006  3.865210438220074E-006  3.826283738951892E-006  3.760109729434988E-006
   6540.00091623386       4.258562204892988E-006  4.238462702691819E-006  4.216942887578899E-006  4.193592839903611E-006  4.167887439199233E-006  4.139247649549317E-006  4.106360632000658E-006  4.087736239883346E-006  4.067094856377880E-006  4.043779971306454E-006  4.028081910390969E-006  4.016678953033822E-006  3.997777135624251E-006  3.983661795271579E-006  3.959278600879245E-006  3.939999483511646E-006  3.929083694472553E-006  3.917049869747067E-006  3.903598760601301E-006  3.888285250318700E-006  3.870420051234855E-006  3.821353037854552E-006  3.783002226286185E-006  3.717827068255788E-006
   6580.00092183773       4.207796712414362E-006  4.188029458390399E-006  4.166909697792496E-006  4.143993735094217E-006  4.118785056161404E-006  4.090603278444236E-006  4.058268552332132E-006  4.039941558239665E-006  4.019641027578567E-006  3.996697928921746E-006  3.981230544160108E-006  3.970000075580443E-006  3.951381119091400E-006  3.937466476693342E-006  3.913433830363608E-006  3.894425364954009E-006  3.883658593066355E-006  3.871785552809855E-006  3.858510449483058E-006  3.843392866138915E-006  3.825749130906676E-006  3.777258818230475E-006  3.739329380320644E-006  3.674825233044161E-006
   6620.00092744161       4.158015634585182E-006  4.138701489965291E-006  4.117828461511087E-006  4.095331446251751E-006  4.070591302213767E-006  4.042901165795052E-006  4.011062866439640E-006  3.993063072403439E-006  3.973086161055609E-006  3.950505010916171E-006  3.935279276295040E-006  3.924226291749553E-006  3.905896521559262E-006  3.892191186216811E-006  3.868510227075127E-006  3.849772567058464E-006  3.839156586234430E-006  3.827449785529678E-006  3.814357799902957E-006  3.799446269446227E-006  3.782040288019624E-006  3.734188848343396E-006  3.696750056682534E-006  3.633073004367625E-006
   6660.00093304549       4.108814462214750E-006  4.089868622795655E-006  4.069505004869454E-006  4.047435727039612E-006  4.023142595900296E-006  3.995975960402100E-006  3.964786910787905E-006  3.947062980297183E-006  3.927447548813262E-006  3.905276607104251E-006  3.890308690155706E-006  3.879436566682224E-006  3.861413741355287E-006  3.847927302039233E-006  3.824623245032000E-006  3.806175054190701E-006  3.795720828113989E-006  3.784189450600243E-006  3.771293160589894E-006  3.756601002753761E-006  3.739448036689372E-006  3.692280066042221E-006  3.655370093573559E-006  3.592592717309605E-006
   6700.00093864936       4.056889317304201E-006  4.038610864774558E-006  4.019035012424438E-006  3.997689638108901E-006  3.974182619296872E-006  3.947845675195429E-006  3.917539893126627E-006  3.900328501489514E-006  3.881215204325383E-006  3.859573095442602E-006  3.844963333481555E-006  3.834332314145693E-006  3.816701743738854E-006  3.803498314496173E-006  3.780650812474784E-006  3.762549017441700E-006  3.752283551150787E-006  3.740955729387219E-006  3.728278728130166E-006  3.713831411216605E-006  3.696955284090166E-006  3.650514390892613E-006  3.614150696422867E-006  3.552282566670695E-006
   6740.00094425324       3.976253290054475E-006  3.960294065937314E-006  3.943056607509641E-006  3.924285629381393E-006  3.903550276332142E-006  3.880195582578345E-006  3.853209187382578E-006  3.837774199082886E-006  3.820553211996855E-006  3.800922178957280E-006  3.787585221688014E-006  3.777847788708553E-006  3.761610394019270E-006  3.749381363835404E-006  3.728097143199843E-006  3.711118956360045E-006  3.701448347038925E-006  3.690742023084777E-006  3.678720749629643E-006  3.664969888310430E-006  3.648846196387942E-006  3.604180566322327E-006  3.568962941133953E-006  3.508680685043680E-006
   6780.00094985712       3.840537206646754E-006  3.826382388137464E-006  3.811241860038191E-006  3.794816550787172E-006  3.776652062965638E-006  3.756279444320517E-006  3.732665513771534E-006  3.719157646621467E-006  3.704017217077762E-006  3.686710614518032E-006  3.674910048299298E-006  3.666273990901646E-006  3.651812883145102E-006  3.640894624293335E-006  3.621817420766004E-006  3.606539665367683E-006  3.597821101348783E-006  3.588154070663399E-006  3.577286115680501E-006  3.564843963348718E-006  3.550248558092317E-006  3.509836565346161E-006  3.478048311055816E-006  3.423826674296449E-006
   6820.00095546099       3.908398688710464E-006  3.891830966721218E-006  3.873831603580930E-006  3.854330535271014E-006  3.832832585399526E-006  3.808603708117688E-006  3.780579795141833E-006  3.764618655666910E-006  3.746824798775320E-006  3.726597448731859E-006  3.712903260723320E-006  3.702912237598402E-006  3.686301549374785E-006  3.673825359723388E-006  3.652168141636770E-006  3.634949414327576E-006  3.625162917333122E-006  3.614345655725113E-006  3.602219867091978E-006  3.588374357715374E-006  3.572172376412476E-006  3.527447386805606E-006  3.492326662208384E-006  3.432464119955961E-006
   6860.00096106487       3.876737192520924E-006  3.859530720349463E-006  3.840884164346537E-006  3.820754642249338E-006  3.798494597120963E-006  3.773578268007246E-006  3.744880534501458E-006  3.728614464642741E-006  3.710543242237306E-006  3.690088083572508E-006  3.676262497468455E-006  3.666220252294113E-006  3.649527786218015E-006  3.637027829522133E-006  3.615390188784929E-006  3.598234099689828E-006  3.588502182559582E-006  3.577758022905131E-006  3.565731010021998E-006  3.552015513140160E-006  3.535989205661408E-006  3.491850997003404E-006  3.457266655226500E-006  3.398397453451770E-006
   6900.00096666875       3.834952615791284E-006  3.817862502788203E-006  3.799340314697704E-006  3.779284072125196E-006  3.757118833767027E-006  3.732403215861485E-006  3.704063015870828E-006  3.687938332065450E-006  3.670043280643189E-006  3.649797197572125E-006  3.636127856910287E-006  3.626188297233969E-006  3.609684062315816E-006  3.597332574476557E-006  3.575942784845013E-006  3.558989277352607E-006  3.549369381001881E-006  3.538750029221191E-006  3.526861585889890E-006  3.513304788667122E-006  3.497461321012326E-006  3.453820703944525E-006  3.419617825965961E-006  3.361383956043700E-006
   6940.00097227262       3.791692273913599E-006  3.774564228985149E-006  3.756402903120024E-006  3.736412465486039E-006  3.714587749050367E-006  3.690065689726353E-006  3.661908656058258E-006  3.645912288150500E-006  3.628151383844249E-006  3.608029269280153E-006  3.594439491063844E-006  3.584555333229223E-006  3.568146280993130E-006  3.555851198227587E-006  3.534547703413741E-006  3.517647476656496E-006  3.508054248252489E-006  3.497460092816854E-006  3.485594008208422E-006  3.472057605530214E-006  3.456230364859797E-006  3.412608881379539E-006  3.378411392664518E-006  3.320220696212354E-006
   6980.00097787650       3.750586369531964E-006  3.733752487952870E-006  3.715702807461268E-006  3.696237413631934E-006  3.674747252399828E-006  3.650711067642370E-006  3.623066068905781E-006  3.607383005846452E-006  3.589967368074729E-006  3.570244792856623E-006  3.556930334619514E-006  3.547244803435019E-006  3.531167640864184E-006  3.519129672623816E-006  3.498273764714974E-006  3.481738507388239E-006  3.472354788272872E-006  3.461993802699710E-006  3.450392160202893E-006  3.437160541965015E-006  3.421694981917908E-006  3.379090674668153E-006  3.345701875287684E-006  3.288872079684380E-006
   7020.00098348038       3.709934847049058E-006  3.693312908036266E-006  3.675492903457160E-006  3.656251022957946E-006  3.635142972175120E-006  3.611430163185557E-006  3.584227319427991E-006  3.568776934139725E-006  3.551624686406807E-006  3.532203695733389E-006  3.519085942730065E-006  3.509538751395341E-006  3.493696213174014E-006  3.481818450840254E-006  3.461251608979382E-006  3.444933530832988E-006  3.435671483949812E-006  3.425443028034005E-006  3.413987218450743E-006  3.400919352724200E-006  3.385639560471310E-006  3.343524882540406E-006  3.310500351575273E-006  3.254262861578727E-006
   7060.00098908425       3.667970537987004E-006  3.651740265414340E-006  3.634247891611928E-006  3.615313903621077E-006  3.594462334753666E-006  3.571118377014669E-006  3.544244398159155E-006  3.529014962978186E-006  3.512096608650383E-006  3.492940400091633E-006  3.480000523059917E-006  3.470585771668683E-006  3.454950144781252E-006  3.443235455827607E-006  3.422939357034835E-006  3.406836151765418E-006  3.397695391836879E-006  3.387601247069365E-006  3.376294089134806E-006  3.363396246405906E-006  3.348315916452270E-006  3.306757863568683E-006  3.274177978333571E-006  3.218714434585403E-006
   7100.00099468813       3.627278078949548E-006  3.611100950611384E-006  3.593762680159917E-006  3.575045403386108E-006  3.554351635437944E-006  3.531184325105904E-006  3.504517762274024E-006  3.489368805403417E-006  3.472551610204005E-006  3.453482908665746E-006  3.440593199821880E-006  3.431208008091334E-006  3.415617799244176E-006  3.403923925798220E-006  3.383648895149246E-006  3.367543981914024E-006  3.358397197955808E-006  3.348289655947579E-006  3.336964177095040E-006  3.324036929257459E-006  3.308914449417381E-006  3.267204103188988E-006  3.234491745729577E-006  3.178842323864807E-006
   7140.00100029201       3.588989109829934E-006  3.573178578106630E-006  3.556272849513254E-006  3.537935557358872E-006  3.517738909511269E-006  3.495113315750823E-006  3.469083302163027E-006  3.454288251034725E-006  3.437865540254000E-006  3.419261716751674E-006  3.406687921557666E-006  3.397533923156613E-006  3.382329374092397E-006  3.370927784305428E-006  3.351170020364622E-006  3.335477955239198E-006  3.326568762433625E-006  3.316724960235144E-006  3.305696675154751E-006  3.293109300730294E-006  3.278388091362983E-006  3.237784276133917E-006  3.205927414964930E-006  3.151664611355293E-006
   7180.00100589589       3.550561702103114E-006  3.535036241943209E-006  3.518434752126803E-006  3.500325506068942E-006  3.480429275243702E-006  3.458158149806319E-006  3.432506565396380E-006  3.417924620065411E-006  3.401750001969032E-006  3.383409845416107E-006  3.370996477654934E-006  3.361961679991243E-006  3.346950742461443E-006  3.335695828739425E-006  3.316176592193387E-006  3.300673149565173E-006  3.291866294412917E-006  3.282134629968146E-006  3.271230022519008E-006  3.258782119926559E-006  3.244220263128519E-006  3.204046929807323E-006  3.172521243846954E-006  3.118818933681785E-006
   7220.00101149976       3.509966825353444E-006  3.494844978117920E-006  3.478462764860190E-006  3.460741582076498E-006  3.441233694362857E-006  3.419363997459997E-006  3.394224171899677E-006  3.379913077889609E-006  3.364033221677029E-006  3.346000847582259E-006  3.333809239241003E-006  3.324934488463700E-006  3.310170675116381E-006  3.299093902809833E-006  3.279881321942102E-006  3.264611589389508E-006  3.255934538085337E-006  3.246344236387268E-006  3.235592602371637E-006  3.223316300196286E-006  3.208950276783021E-006  3.169292841080563E-006  3.138157091258139E-006  3.085103349163732E-006
   7260.00101710364       3.469722438380043E-006  3.454761236889837E-006  3.438490208094224E-006  3.420914791008296E-006  3.401523301590579E-006  3.379772718642576E-006  3.354724609731545E-006  3.340464705863844E-006  3.324615011905069E-006  3.306624971997441E-006  3.294438052075495E-006  3.285563313852033E-006  3.270800135719906E-006  3.259711537765956E-006  3.240456972959115E-006  3.225140717980952E-006  3.216429597244417E-006  3.206795021854553E-006  3.195989942135550E-006  3.183646249191735E-006  3.169192539210983E-006  3.129270858306483E-006  3.097928248799641E-006  3.044597715399956E-006
   7300.00102270752       3.434449356540633E-006  3.419737684327218E-006  3.403891337147213E-006  3.386648091870144E-006  3.367648679595697E-006  3.346421532353825E-006  3.321977256693074E-006  3.308058994688832E-006  3.292608479077161E-006  3.275056075495539E-006  3.263182954492764E-006  3.254539561223973E-006  3.240166016244933E-006  3.229380304854698E-006  3.210664514913250E-006  3.195789113375048E-006  3.187334186625904E-006  3.177989866874156E-006  3.167515035871634E-006  3.155554921700085E-006  3.141559110343137E-006  3.102937434602312E-006  3.072630950079424E-006  3.021022543755566E-006
   7340.00102831139       3.398532153166275E-006  3.384271932796359E-006  3.368823369474679E-006  3.352021473917020E-006  3.333518969057869E-006  3.312717337226536E-006  3.288731536603529E-006  3.275091159453678E-006  3.259942458413583E-006  3.242697670905073E-006  3.231024312697267E-006  3.222517440903696E-006  3.208363735663938E-006  3.197734849520371E-006  3.179275968528717E-006  3.164593908729146E-006  3.156243576842559E-006  3.147010041187220E-006  3.136653899926529E-006  3.124824389330756E-006  3.110972986526002E-006  3.072709739580699E-006  3.042647272160026E-006  2.991399225687414E-006
   7380.00103391527       3.358204062915029E-006  3.344389065407415E-006  3.329562246024125E-006  3.313363996684654E-006  3.295449332400490E-006  3.275340219601974E-006  3.252117164513771E-006  3.238841372521358E-006  3.224055841079686E-006  3.207240658072348E-006  3.195833874901651E-006  3.187516027956488E-006  3.173654306772733E-006  3.163238394168587E-006  3.145120531399494E-006  3.130695821444316E-006  3.122484269778765E-006  3.113399949953379E-006  3.103205686333716E-006  3.091553283309847E-006  3.077902773575618E-006  3.040159870068409E-006  3.010483078214641E-006  2.959867031338706E-006
   7420.00103951915       3.302518890091743E-006  3.290473113585063E-006  3.277266840593466E-006  3.262767850454943E-006  3.246663752393590E-006  3.228446478491172E-006  3.207176252600195E-006  3.194963145634827E-006  3.181269568829712E-006  3.165589040546628E-006  3.154888302602713E-006  3.147064594518149E-006  3.133970186184607E-006  3.124085746800796E-006  3.106821811801389E-006  3.093005622474179E-006  3.085116605739119E-006  3.076370368521728E-006  3.066534164488740E-006  3.055265521816895E-006  3.042033377190702E-006  3.005307700327271E-006  2.976325672189456E-006  2.926755027054576E-006
   7460.00104512302       3.131018729668313E-006  3.123746202413925E-006  3.115787967165647E-006  3.106911265873655E-006  3.096719669240679E-006  3.084927794869247E-006  3.070780570457836E-006  3.062435887908724E-006  3.052898531558429E-006  3.041740239132895E-006  3.033978263496650E-006  3.028211993588243E-006  3.018443364145437E-006  3.010958762055576E-006  2.997658579097750E-006  2.986828829459736E-006  2.980575593923061E-006  2.973588879386252E-006  2.965666670395834E-006  2.956514245743137E-006  2.945672162887317E-006  2.915121005324241E-006  2.890607267742663E-006  2.847937019812220E-006
   7500.00105072690       3.066504877932968E-006  3.059342764125583E-006  3.051308684870414E-006  3.042346347367335E-006  3.032141084990625E-006  3.020304712164149E-006  3.006041117541490E-006  2.997631488443037E-006  2.988009233283168E-006  2.976745188491024E-006  2.968911478550842E-006  2.963100472676194E-006  2.953242595940731E-006  2.945694010040384E-006  2.932295538378334E-006  2.921405081228788E-006  2.915127501956362E-006  2.908121964888712E-006  2.900193430039490E-006  2.891052415839586E-006  2.880253932454220E-006  2.850026042099808E-006  2.826005885357119E-006  2.784737956491863E-006
   7540.00105633078       3.176039702420421E-006  3.165752047562103E-006  3.154582645265581E-006  3.142252000525714E-006  3.128403849421714E-006  3.112696672702401E-006  3.094195768815934E-006  3.083475387688981E-006  3.071399800776430E-006  3.057492160351706E-006  3.047951275997172E-006  3.040933891317321E-006  3.029150927498852E-006  3.020211597345893E-006  3.004505506328836E-006  2.991864477890328E-006  2.984618274790799E-006  2.976561722612467E-006  2.967474346003070E-006  2.957031904537494E-006  2.944728562900610E-006  2.910389043594268E-006  2.883125624719867E-006  2.836232998147937E-006
   7580.00106193465       3.181612021883547E-006  3.169183011769910E-006  3.155758776081045E-006  3.141104819845170E-006  3.124907653410393E-006  3.106579085470152E-006  3.085322752874497E-006  3.073186883943350E-006  3.059596870985965E-006  3.044092467328259E-006  3.033547170634409E-006  3.025843145529266E-006  3.012996465224886E-006  3.003310978118482E-006  2.986429092940704E-006  2.972949534293419E-006  2.965265385892717E-006  2.956753310685412E-006  2.947190798893179E-006  2.936246981115329E-006  2.923410333110910E-006  2.887848960574940E-006  2.859842641079814E-006  2.812032979306808E-006
   7620.00106753853       3.155845786612715E-006  3.142972197328195E-006  3.129231409579245E-006  3.114272710828302E-006  3.097718586369441E-006  3.079048077782450E-006  3.057517324484802E-006  3.045222720304280E-006  3.031518403810563E-006  3.015913557763645E-006  3.005316990133535E-006  2.997583834087760E-006  2.984693894510727E-006  2.974994682651148E-006  2.958117060936446E-006  2.944660431622138E-006  2.936994617437893E-006  2.928508879876001E-006  2.918981730826600E-006  2.908084827964974E-006  2.895310580398904E-006  2.859959848388633E-006  2.832146743648653E-006  2.784705405576511E-006
   7660.00107314241       3.125509666471653E-006  3.112716371770121E-006  3.098974258210003E-006  3.084078710978380E-006  3.067573134870007E-006  3.049029794144696E-006  3.027616269166727E-006  3.015402173051501E-006  3.001801030583656E-006  2.986310111627673E-006  2.975804473445519E-006  2.968136094433821E-006  2.955354688682139E-006  2.945741590419508E-006  2.929013135296416E-006  2.915677087445662E-006  2.908082487095810E-006  2.899674679129967E-006  2.890236075286070E-006  2.879441478365991E-006  2.866787999701223E-006  2.831774381079087E-006  2.804229918646799E-006  2.757253932382089E-006
   7700.00107874628       3.094240276447005E-006  3.081664013476141E-006  3.067999666237458E-006  3.053290312757465E-006  3.036953344960954E-006  3.018663424899047E-006  2.997508513391030E-006  2.985425798433821E-006  2.971986375022787E-006  2.956689489208436E-006  2.946310823052478E-006  2.938732816066622E-006  2.926104863686910E-006  2.916606813089679E-006  2.900073757815675E-006  2.886890679553318E-006  2.879382481422712E-006  2.871070499465614E-006  2.861736757792642E-006  2.851060738577611E-006  2.838545306995301E-006  2.803908775082056E-006  2.776658825380547E-006  2.730187220710200E-006
   7740.00108435016       3.060325687923726E-006  3.047922886286615E-006  3.034553175550136E-006  3.019969306005537E-006  3.004001443970715E-006  2.986021518864783E-006  2.965280631476719E-006  2.953473114653654E-006  2.940290519317018E-006  2.925299107864122E-006  2.915127579629766E-006  2.907700807192547E-006  2.895325423700988E-006  2.886012116897247E-006  2.869798500506576E-006  2.856868356948736E-006  2.849500222003880E-006  2.841343154622694E-006  2.832179878298107E-006  2.821697775928518E-006  2.809405584129683E-006  2.775366632237872E-006  2.748567806162230E-006  2.702825718207012E-006
   7780.00108995404       3.020816805033889E-006  3.008245325793704E-006  2.994773449875235E-006  2.980136057801635E-006  2.963939022364750E-006  2.945785351226699E-006  2.924752452405098E-006  2.912777224591550E-006  2.899383373515305E-006  2.884142091551984E-006  2.873782681488794E-006  2.866217265232006E-006  2.853591458947469E-006  2.844085439374141E-006  2.827513573263248E-006  2.814284047156783E-006  2.806741811109317E-006  2.798389868313643E-006  2.789009510249876E-006  2.778280586107704E-006  2.765707632833439E-006  2.730979704254845E-006  2.703783001903416E-006  2.657771552852293E-006
   7820.00109555791       2.999821296381305E-006  2.987730652753671E-006  2.974666915348424E-006  2.960500173945018E-006  2.944894608280662E-006  2.927339463862928E-006  2.907120468343132E-006  2.895574798991285E-006  2.882716195179271E-006  2.868088225727194E-006  2.858157803967598E-006  2.850909126102829E-006  2.838824937677313E-006  2.829730929516386E-006  2.813894201931292E-006  2.801259919738243E-006  2.794058247946514E-006  2.786084898600750E-006  2.777127430020694E-006  2.766878128062052E-006  2.754857557608435E-006  2.721563324205991E-006  2.695344771329950E-006  2.650585863730941E-006
   7860.00110116179       2.973550707930156E-006  2.961605994987399E-006  2.948722487362066E-006  2.934647498169306E-006  2.919114754361382E-006  2.901658397157043E-006  2.881507783574457E-006  2.870001948332727E-006  2.857187526254744E-006  2.842593224518225E-006  2.832688848538540E-006  2.825454908916360E-006  2.813401310621163E-006  2.804323979411988E-006  2.788523360770122E-006  2.775916789136253E-006  2.768732210633139E-006  2.760777668628336E-006  2.751841650084850E-006  2.741619437198920E-006  2.729631986284935E-006  2.696442507764027E-006  2.670323646887002E-006  2.625776782580391E-006
   7900.00110676567       2.945262051987153E-006  2.933405580133470E-006  2.920580329895589E-006  2.906620797695173E-006  2.891248024690488E-006  2.873943685885842E-006  2.853968064661602E-006  2.842570575172600E-006  2.829876397936386E-006  2.815417799649911E-006  2.805605934864104E-006  2.798445661888494E-006  2.786495947027875E-006  2.777509005891673E-006  2.761854418776145E-006  2.749365749755390E-006  2.742249675538696E-006  2.734370568161666E-006  2.725519383642453E-006  2.715394042292485E-006  2.703520887696812E-006  2.670649781844463E-006  2.644782883081400E-006  2.600669383192600E-006
   7940.00111236954       2.916650664227707E-006  2.904886430562367E-006  2.892214991280139E-006  2.878437971418451E-006  2.863223165961398E-006  2.846140857459249E-006  2.826412090247576E-006  2.815159379277420E-006  2.802607658743632E-006  2.788324558758566E-006  2.778626577335096E-006  2.771542159243344E-006  2.759728900840214E-006  2.750840913385521E-006  2.735357470231088E-006  2.723002208133325E-006  2.715961450801836E-006  2.708165093485373E-006  2.699405950776002E-006  2.689385093138539E-006  2.677633024247003E-006  2.645093354764573E-006  2.619485306482992E-006  2.575813803655672E-006
   7980.00111797342       2.888067106869748E-006  2.876522669981678E-006  2.864056206617958E-006  2.850477646853921E-006  2.835496447167180E-006  2.818636203299325E-006  2.799131637458942E-006  2.788025786274742E-006  2.775628417190652E-006  2.761505043290866E-006  2.751922795366909E-006  2.744925789167145E-006  2.733252885775030E-006  2.724462857559997E-006  2.709154265093833E-006  2.696936555770600E-006  2.689972781226624E-006  2.682261051402754E-006  2.673596632036681E-006  2.663682307890984E-006  2.652054539865313E-006  2.619853234058053E-006  2.594508734145012E-006  2.551284177344607E-006
   8020.00112357730       2.859909305090649E-006  2.848476996537364E-006  2.836210105967238E-006  2.822800982023810E-006  2.808015121328970E-006  2.791375157972602E-006  2.772161762528388E-006  2.761173783321328E-006  2.748940060154091E-006  2.735000368553959E-006  2.725527466479366E-006  2.718617916866189E-006  2.707085371070008E-006  2.698404878832181E-006  2.683270296195665E-006  2.671192453332463E-006  2.664307504685187E-006  2.656681651643158E-006  2.648111541586358E-006  2.638306341171950E-006  2.626804378406810E-006  2.594946491500030E-006  2.569867888684267E-006  2.527090355789597E-006
   8060.00112918117       2.831768728782530E-006  2.820499704926098E-006  2.808425615565062E-006  2.795167646578077E-006  2.780636060696023E-006  2.764266807278549E-006  2.745330653337281E-006  2.734519176795491E-006  2.722454921743208E-006  2.708714571308715E-006  2.699377820583069E-006  2.692559735423226E-006  2.681182178619716E-006  2.672610132036959E-006  2.657670504312892E-006  2.645740796182747E-006  2.638937331108251E-006  2.631401593241150E-006  2.622933045447129E-006  2.613240127907110E-006  2.601868491026075E-006  2.570361487721522E-006  2.545552803125057E-006  2.503228215124154E-006
   8100.00113478505       2.802061565209398E-006  2.790931465316077E-006  2.779082239333175E-006  2.766239940153703E-006  2.752007489948596E-006  2.736023790122049E-006  2.717558998468456E-006  2.706981760070951E-006  2.695193834087112E-006  2.681748479684864E-006  2.672609490647536E-006  2.665930626302926E-006  2.654778237156306E-006  2.646376164578268E-006  2.631711455370481E-006  2.619993562916968E-006  2.613306518183625E-006  2.605897717705168E-006  2.597566953183123E-006  2.588027620818465E-006  2.576829924479717E-006  2.545778984566657E-006  2.521306721027870E-006  2.479523112608697E-006
   8140.00114038893       2.759931983574859E-006  2.748879721926041E-006  2.736993161351754E-006  2.724081654555223E-006  2.709823231619819E-006  2.693749352215380E-006  2.675134100353055E-006  2.664495127440336E-006  2.652603762240772E-006  2.639027764188321E-006  2.629780208519835E-006  2.623019143562800E-006  2.611709933158856E-006  2.603178223757199E-006  2.588275745216498E-006  2.576349028504458E-006  2.569541551894860E-006  2.561994774330200E-006  2.553510229701690E-006  2.543797166125410E-006  2.532405989969354E-006  2.500919504239037E-006  2.476263281510534E-006  2.434606128032913E-006
   8180.00114599281       2.739514848220084E-006  2.728840950173218E-006  2.717358429561527E-006  2.704842566506099E-006  2.691029032290684E-006  2.675526906856298E-006  2.657611291948913E-006  2.647395143810000E-006  2.635986889214417E-006  2.622986031084287E-006  2.614148762234472E-006  2.607690189049735E-006  2.596915158958953E-006  2.588791970108549E-006  2.574629542067943E-006  2.563312714569324E-006  2.556858613115924E-006  2.549708136159084E-006  2.541671785560011E-006  2.532472433929066E-006  2.521681494273285E-006  2.491800406546191E-006  2.468290945709610E-006  2.428207494739293E-006
   8220.00115159668       2.723664420380828E-006  2.713087987172963E-006  2.701654393563284E-006  2.689223277357088E-006  2.675549428287485E-006  2.660079840174937E-006  2.642196367415689E-006  2.631964609236485E-006  2.620549476146377E-006  2.607526364783105E-006  2.598669635086518E-006  2.592198068024511E-006  2.581380538206366E-006  2.573226900657747E-006  2.558999204913190E-006  2.547620328862772E-006  2.541127501009174E-006  2.533930480061366E-006  2.525836956598846E-006  2.516568425474397E-006  2.505686924409056E-006  2.475507233836384E-006  2.451721274060902E-006  2.411116441357007E-006
   8260.00115720056       2.699833416336339E-006  2.689278316999946E-006  2.677918186669412E-006  2.665552596661896E-006  2.651867643204772E-006  2.636505065446486E-006  2.618689515743663E-006  2.608503484479222E-006  2.597137238874782E-006  2.584164234036113E-006  2.575349374143782E-006  2.568904139131466E-006  2.558146137770454E-006  2.550033077020836E-006  2.535887823719018E-006  2.524580107716978E-006  2.518128195669189E-006  2.510978798143925E-006  2.502940349192019E-006  2.493736223565195E-006  2.482933346963686E-006  2.452984611216081E-006  2.429393233146619E-006  2.389143109336908E-006
   8300.00116280444       2.674990997158814E-006  2.664566262000062E-006  2.653265646714233E-006  2.641011687429415E-006  2.627499757030497E-006  2.612231002502454E-006  2.594566130050999E-006  2.584485609905487E-006  2.573228150351314E-006  2.560392302324337E-006  2.551658777487464E-006  2.545277051860983E-006  2.534618548798806E-006  2.526582070715950E-006  2.512570341522533E-006  2.501365750677952E-006  2.494973478023540E-006  2.487889557680184E-006  2.479923627341750E-006  2.470801967276689E-006  2.460095014805793E-006  2.430407914565354E-006  2.407018519980528E-006  2.367106117555094E-006
   8340.00116840831       2.649779876508724E-006  2.639505906273755E-006  2.628324161063144E-006  2.616225046304573E-006  2.602820020240561E-006  2.587776261659112E-006  2.570353487398125E-006  2.560379340517126E-006  2.549249066157955E-006  2.536560091976432E-006  2.527923934437870E-006  2.521617785622999E-006  2.511081646285301E-006  2.503132553463035E-006  2.489271912577124E-006  2.478186218794541E-006  2.471861493344938E-006  2.464850892958780E-006  2.456967519080631E-006  2.447939402598829E-006  2.437341526139914E-006  2.407957615717347E-006  2.384810155900860E-006  2.345324219017503E-006
   8380.00117401219       2.624849726238702E-006  2.614671944330859E-006  2.603731711272959E-006  2.591733957025514E-006  2.578544603540053E-006  2.563653125548615E-006  2.546434955420109E-006  2.536588851448960E-006  2.525598067143307E-006  2.513055841008665E-006  2.504517480810092E-006  2.498275107279470E-006  2.487850877790446E-006  2.479986237485427E-006  2.466265293424963E-006  2.455288067937636E-006  2.449022455821168E-006  2.442077300403999E-006  2.434266239282136E-006  2.425319609215287E-006  2.414815252993395E-006  2.385680376138585E-006  2.362720372114588E-006  2.323540217128820E-006
   8420.00117961607       2.600919703221631E-006  2.590898224877618E-006  2.580000364119336E-006  2.568136841059511E-006  2.555089704431199E-006  2.540411336870506E-006  2.523387852848557E-006  2.513660725917872E-006  2.502790909261782E-006  2.490387564185336E-006  2.481947237974599E-006  2.475773952145344E-006  2.465464175731344E-006  2.457686297004501E-006  2.444115632962836E-006  2.433258500249514E-006  2.427061618135067E-006  2.420192586598743E-006  2.412466440768911E-006  2.403617181198146E-006  2.393227277315878E-006  2.364413742778715E-006  2.341712156705327E-006  2.302985729973193E-006
   8460.00118521994       2.577190581011361E-006  2.567308617591351E-006  2.556563503935881E-006  2.544866245711990E-006  2.531965535506782E-006  2.517441701240505E-006  2.500620577497914E-006  2.490997646943566E-006  2.480249153983610E-006  2.467975968764055E-006  2.459625912573526E-006  2.453521459041998E-006  2.443319372872413E-006  2.435621572814666E-006  2.422192030076542E-006  2.411445020595534E-006  2.405311537541597E-006  2.398511170410956E-006  2.390861797044931E-006  2.382100714866687E-006  2.371813882354192E-006  2.343282738941827E-006  2.320801807999592E-006  2.282448708853739E-006
   8500.00119082382       2.553403296035570E-006  2.543576148423264E-006  2.533008687593849E-006  2.521506540365047E-006  2.508800039181431E-006  2.494462160344796E-006  2.477843803053142E-006  2.468334607943831E-006  2.457713060013555E-006  2.445581777540156E-006  2.437330357751731E-006  2.431292420006533E-006  2.421204733343144E-006  2.413591686343403E-006  2.400301473770549E-006  2.389664724919404E-006  2.383592868145154E-006  2.376860484554547E-006  2.369286565815873E-006  2.360610335288096E-006  2.350420886311022E-006  2.322151666585943E-006  2.299868873853635E-006  2.261837967834764E-006
   8540.00119642770       2.529518588949086E-006  2.519832584363149E-006  2.509418783699631E-006  2.498122011732755E-006  2.485630369145184E-006  2.471492793865167E-006  2.455133078005470E-006  2.445761333957471E-006  2.435293160707095E-006  2.423337242965615E-006  2.415194403903331E-006  2.409234263627720E-006  2.399276816834035E-006  2.391763978736486E-006  2.378643123583869E-006  2.368141027753740E-006  2.362144636725429E-006  2.355495337848833E-006  2.348015194668176E-006  2.339445745455581E-006  2.329381743632402E-006  2.301462551185341E-006  2.279458185319163E-006  2.241907250193229E-006
   8580.00120203157       2.505080783145962E-006  2.495619996907869E-006  2.485448084035355E-006  2.474384198528371E-006  2.462123922623331E-006  2.448267103057026E-006  2.432205107955497E-006  2.423003102824613E-006  2.412709336687246E-006  2.400943310707691E-006  2.392922833968948E-006  2.387057262965397E-006  2.377240750128948E-006  2.369826368553774E-006  2.356868503380922E-006  2.346487182532542E-006  2.340557216357104E-006  2.333978595216843E-006  2.326575125415432E-006  2.318089193984589E-006  2.308119209903635E-006  2.280437159572224E-006  2.258601784814047E-006  2.221315528732264E-006
   8620.00120763545       2.475931561329278E-006  2.466856904876525E-006  2.457134032722729E-006  2.446499397734841E-006  2.434767946081200E-006  2.421499996003089E-006  2.406112823457533E-006  2.397265226754964E-006  2.387367906215232E-006  2.376043139820105E-006  2.368311607148793E-006  2.362650695685797E-006  2.353167668544850E-006  2.345996014809888E-006  2.333444115874131E-006  2.323370937528092E-006  2.317610665828094E-006  2.311215516643948E-006  2.304011512041031E-006  2.295747284351606E-006  2.286028351800384E-006  2.258999412171462E-006  2.237640944711826E-006  2.201106978173951E-006
   8660.00121323933       2.425644686111510E-006  2.416519713946299E-006  2.406690059534553E-006  2.395937882390260E-006  2.384028355895139E-006  2.370608024949734E-006  2.355002368257355E-006  2.346036071522357E-006  2.335977960346547E-006  2.324466794348739E-006  2.316603338298726E-006  2.310840153982440E-006  2.301188123988615E-006  2.293892106233046E-006  2.281134333468313E-006  2.270916591476701E-006  2.265085125860598E-006  2.258624334936294E-006  2.251365997953283E-006  2.243067817215918E-006  2.233354096200415E-006  2.206630694682435E-006  2.185845040058691E-006  2.150980898511515E-006
   8700.00121884320       2.422031840799047E-006  2.413770727794839E-006  2.404847552834281E-006  2.395058998723980E-006  2.384191545086969E-006  2.371879750200149E-006  2.357479657200791E-006  2.349193351761735E-006  2.339894237046275E-006  2.329190984912165E-006  2.321871930863678E-006  2.316499221630232E-006  2.307480235933432E-006  2.300648194793073E-006  2.288662768676913E-006  2.279020219548033E-006  2.273498428773013E-006  2.267360342111136E-006  2.260439579934170E-006  2.252490305282753E-006  2.243131334356877E-006  2.217046165609801E-006  2.196381794123495E-006  2.160941869730630E-006
   8740.00122444708       2.350719882431020E-006  2.344362088767067E-006  2.337382269629687E-006  2.329680096871663E-006  2.321027406940604E-006  2.311054744111519E-006  2.299232251498810E-006  2.292318089699763E-006  2.284461183123226E-006  2.275337713437015E-006  2.269028400430096E-006  2.264367990685350E-006  2.256488104467712E-006  2.250475081297878E-006  2.239846023712845E-006  2.231232381583999E-006  2.226275086825109E-006  2.220748774685718E-006  2.214497543259510E-006  2.207295475165593E-006  2.198789314365928E-006  2.174964255228307E-006  2.156001124912518E-006  2.123349831176255E-006
   8780.00123005096       2.330263845241160E-006  2.323910773243575E-006  2.316976058086193E-006  2.309321705099112E-006  2.300746422569029E-006  2.290839846915045E-006  2.279086588486094E-006  2.272217966143746E-006  2.264419671748287E-006  2.255365675217623E-006  2.249112015700036E-006  2.244488294515356E-006  2.236678567886491E-006  2.230720367809084E-006  2.220191893228666E-006  2.211662365278640E-006  2.206755536944506E-006  2.201286190102666E-006  2.195100333402255E-006  2.187975257106666E-006  2.179562055324929E-006  2.156008257844859E-006  2.137268934870544E-006  2.105012095697981E-006
   8820.00123565483       2.368225747582956E-006  2.359906057519991E-006  2.350946551551860E-006  2.341096154314495E-006  2.330123994485032E-006  2.317734377428827E-006  2.303228953141984E-006  2.294871218429554E-006  2.285502389845214E-006  2.274742027528800E-006  2.267382801779052E-006  2.261983470525807E-006  2.252933474200977E-006  2.246083869644838E-006  2.234079103569794E-006  2.224436664230608E-006  2.218919111402982E-006  2.212792224743353E-006  2.205889162104042E-006  2.197968106371836E-006  2.188652272990166E-006  2.162743709014530E-006  2.142276890071362E-006  2.107289018183740E-006
   8860.00124125871       2.352447345025269E-006  2.343796044611861E-006  2.334455327408763E-006  2.324267597586766E-006  2.313002842222274E-006  2.300228844697337E-006  2.285384601808840E-006  2.276860774176612E-006  2.267329309883760E-006  2.256401311566470E-006  2.248944047608427E-006  2.243481750387960E-006  2.234334076218639E-006  2.227416461735956E-006  2.215316087167677E-006  2.205609437515035E-006  2.200059207270527E-006  2.193898078262717E-006  2.186960778663928E-006  2.179003808447481E-006  2.169649554035775E-006  2.143653662718180E-006  2.123134264887983E-006  2.088087785126840E-006
   8900.00124686259       2.333242000166900E-006  2.324543903259694E-006  2.315218487230507E-006  2.305029149370805E-006  2.293773158944926E-006  2.281062599544624E-006  2.266304200083235E-006  2.257823796677780E-006  2.248344353378445E-006  2.237496799527804E-006  2.230095727312841E-006  2.224681173036828E-006  2.215614086290398E-006  2.208765600869293E-006  2.196784170787523E-006  2.187179153771708E-006  2.181689849160958E-006  2.175598450013610E-006  2.168741634700449E-006  2.160880198383263E-006  2.151642201472220E-006  2.125990925774688E-006  2.105762445236267E-006  2.071243567104994E-006
   8940.00125246647       2.313507084676976E-006  2.304883644776969E-006  2.295627706979678E-006  2.285546984757349E-006  2.274392751093118E-006  2.261783803331926E-006  2.247137695373322E-006  2.238749888340587E-006  2.229365244650923E-006  2.218624515307427E-006  2.211299988586950E-006  2.205940153706479E-006  2.196966714063090E-006  2.190185917832455E-006  2.178328932076412E-006  2.168822747351837E-006  2.163390358965286E-006  2.157361881474630E-006  2.150575943189550E-006  2.142795107434465E-006  2.133651291986184E-006  2.108256057529567E-006  2.088222479548416E-006  2.054017146182036E-006
   8980.00125807034       2.293327047490748E-006  2.284857485457366E-006  2.275724736350855E-006  2.265729303172374E-006  2.254680586877693E-006  2.242213856008568E-006  2.227703102204339E-006  2.219403742747818E-006  2.210111313490702E-006  2.199479538506434E-006  2.192228398071346E-006  2.186920586074978E-006  2.178036314944620E-006  2.171321102119177E-006  2.159576504087575E-006  2.150160609517499E-006  2.144778429810133E-006  2.138805765237233E-006  2.132081824864197E-006  2.124371869368280E-006  2.115310958759096E-006  2.090143267006310E-006  2.070288189379747E-006  2.036388381313842E-006
   9020.00126367422       2.273471778515090E-006  2.265088338340553E-006  2.255988573633280E-006  2.246102142226395E-006  2.235134432941682E-006  2.222773870369341E-006  2.208422481781592E-006  2.200177541211069E-006  2.190970773419672E-006  2.180413183957140E-006  2.173217873049868E-006  2.167945131188663E-006  2.159122183333597E-006  2.152455191822914E-006  2.140789480497069E-006  2.131435796787289E-006  2.126088948478140E-006  2.120155334471530E-006  2.113475435939399E-006  2.105815677873616E-006  2.096814330290696E-006  2.071818586737635E-006  2.052109298240225E-006  2.018488590501201E-006
   9060.00126927809       2.253854908223077E-006  2.245603847310814E-006  2.236564335851052E-006  2.226775081092499E-006  2.215915635040455E-006  2.203668530235173E-006  2.189417016122071E-006  2.181251448185826E-006  2.172108849969657E-006  2.161643448324268E-006  2.154500256579389E-006  2.149268016041931E-006  2.140506460414534E-006  2.133881204058038E-006  2.122285501348760E-006  2.112982669290983E-006  2.107662601229105E-006  2.101756383246587E-006  2.095105625875705E-006  2.087476796629199E-006  2.078508011061598E-006  2.053582103659192E-006  2.033909505912704E-006  2.000319755077904E-006
   9100.00127488197       2.234504309903751E-006  2.226326745140135E-006  2.217465004281497E-006  2.207790596746469E-006  2.197138825879570E-006  2.185042129790647E-006  2.171007130784276E-006  2.162967429845102E-006  2.153953141386312E-006  2.143641987310239E-006  2.136609499845493E-006  2.131456548026909E-006  2.122829261133100E-006  2.116307726729626E-006  2.104895976060356E-006  2.095742291539467E-006  2.090508398666237E-006  2.084699395693215E-006  2.078158507095798E-006  2.070657432894985E-006  2.061840148218832E-006  2.037346464792468E-006  2.018022562796458E-006  1.985033926879461E-006
   9140.00128048585       2.213932223404003E-006  2.205806745686881E-006  2.197090542350043E-006  2.187628953908740E-006  2.177115505598282E-006  2.165244938742721E-006  2.151433783697814E-006  2.143517446747908E-006  2.134638570433771E-006  2.124476286252681E-006  2.117540711354886E-006  2.112455729346256E-006  2.103941069218823E-006  2.097497063127121E-006  2.086220784172503E-006  2.077169352945199E-006  2.071992014488150E-006  2.066243816562146E-006  2.059769537143506E-006  2.052342881399565E-006  2.043610446403187E-006  2.019340287822250E-006  2.000184357083248E-006  1.967475486007312E-006
   9180.00128608973       2.195014631650243E-006  2.187005646817139E-006  2.178405926627337E-006  2.169016556267911E-006  2.158643840962483E-006  2.146895408367530E-006  2.133243196186273E-006  2.125410932806764E-006  2.116627790871892E-006  2.106575436403058E-006  2.099709482844096E-006  2.094677920738433E-006  2.086248630253829E-006  2.079871356953077E-006  2.068704157603964E-006  2.059740457633049E-006  2.054613319407674E-006  2.048919825505424E-006  2.042507454574161E-006  2.035150759034275E-006  2.026500081007492E-006  2.002455816376224E-006  1.983477196685847E-006  1.951069582974792E-006
   9220.00129169360       2.175963948719785E-006  2.168057615924939E-006  2.159572050439980E-006  2.150299599825447E-006  2.140034645508595E-006  2.128428172607899E-006  2.114922804076726E-006  2.107165293134426E-006  2.098482598992226E-006  2.088527061769770E-006  2.081726271395399E-006  2.076742832385061E-006  2.068396976911230E-006  2.062079008064254E-006  2.051017850933186E-006  2.042138812316174E-006  2.037059403729539E-006  2.031419873913092E-006  2.025067690223320E-006  2.017780738471481E-006  2.009213052811387E-006  1.985403850273444E-006  1.966616403791675E-006  1.934545026209161E-006
   9260.00129729748       2.156741642024976E-006  2.148983723333468E-006  2.140577416998296E-006  2.131410098851567E-006  2.121244541258709E-006  2.109748625155790E-006  2.096363663715871E-006  2.088660279005452E-006  2.080024539212812E-006  2.070117214281903E-006  2.063345714532535E-006  2.058379504040715E-006  2.050053028959058E-006  2.043744130263190E-006  2.032688677060733E-006  2.023803789333062E-006  2.018716762272947E-006  2.013066177077348E-006  2.006697557723500E-006  1.999387918329335E-006  1.990787694534756E-006  1.966865282493963E-006  1.947975033258324E-006  1.915732396556235E-006
   9300.00130290136       2.137667763573201E-006  2.130100748326971E-006  2.121927245467691E-006  2.113014807892358E-006  2.103111480952207E-006  2.091897110656948E-006  2.078827910562532E-006  2.071314839509415E-006  2.062885061263447E-006  2.053210964308061E-006  2.046596239971082E-006  2.041744143229081E-006  2.033609964029774E-006  2.027448143516702E-006  2.016650897142815E-006  2.007975233948877E-006  2.003008551041309E-006  1.997492838539543E-006  1.991277082707790E-006  1.984143669355543E-006  1.975753346176582E-006  1.952422805191634E-006  1.934002622506018E-006  1.902546301428587E-006
   9340.00130850523       2.114319111182159E-006  2.107144454924446E-006  2.099403581006924E-006  2.090943448584635E-006  2.081521424301591E-006  2.070866698953465E-006  2.058420105438778E-006  2.051241773858423E-006  2.043165809561480E-006  2.033885876029506E-006  2.027522003522788E-006  2.022847942830835E-006  2.014996126152230E-006  2.009038094093135E-006  1.998570325436484E-006  1.990139851836518E-006  1.985306608383567E-006  1.979931660815624E-006  1.973868066218561E-006  1.966899889662553E-006  1.958692515787430E-006  1.935813997530770E-006  1.917701477605045E-006  1.886692171228123E-006
   9380.00131410911       2.058783270454246E-006  2.051774005922341E-006  2.044285333792095E-006  2.036072069084460E-006  2.026999654682468E-006  2.016697149857358E-006  2.004675856145509E-006  1.997734459845200E-006  1.989930578444547E-006  1.980948834244172E-006  1.974788387387159E-006  1.970260353303733E-006  1.962658545759671E-006  1.956891363176765E-006  1.946773744180721E-006  1.938641225178247E-006  1.933988666762134E-006  1.928825505331150E-006  1.923014459598803E-006  1.916357352828350E-006  1.908547252003311E-006  1.886964756992875E-006  1.870081033199951E-006  1.841565089525512E-006
   9420.00131971299       2.064244341219175E-006  2.057576576426469E-006  2.050414110636446E-006  2.042515855315453E-006  2.033804539351153E-006  2.023915077397883E-006  2.012377720656264E-006  2.005734215027373E-006  1.998257858758800E-006  1.989659698251029E-006  1.983759982225569E-006  1.979421394948097E-006  1.972128785665428E-006  1.966589173968252E-006  1.956846820930983E-006  1.948988934197452E-006  1.944480479827960E-006  1.939463486440409E-006  1.933799254597336E-006  1.927284669221835E-006  1.919603809646231E-006  1.898143831033961E-006  1.881097117128501E-006  1.851783581332152E-006
   9460.00132531686       2.065179572406653E-006  2.058095753309015E-006  2.050440241284265E-006  2.042073698267647E-006  2.032783895167181E-006  2.022234240097620E-006  2.009924840841690E-006  2.002825657967384E-006  1.994857110753051E-006  1.985692850260245E-006  1.979412744231538E-006  1.974799591853849E-006  1.967061351050916E-006  1.961191483384791E-006  1.950885840598369E-006  1.942591231471954E-006  1.937838264256167E-006  1.932555061621846E-006  1.926597524178363E-006  1.919753908262506E-006  1.911698052463488E-006  1.889263991621998E-006  1.871525195181243E-006  1.841194452488877E-006
   9500.00133092074       2.050429651470131E-006  2.043156787297160E-006  2.035406735712080E-006  2.026842155156738E-006  2.017362251259982E-006  2.006658259603167E-006  1.994153757294298E-006  1.986958816452650E-006  1.978876680652249E-006  1.969604186468653E-006  1.963254535960257E-006  1.958596977971381E-006  1.950780671285944E-006  1.944856039343836E-006  1.934465323201919E-006  1.926110237122541E-006  1.921324990634704E-006  1.916008681424503E-006  1.910016538870283E-006  1.903137578710776E-006  1.895044777066862E-006  1.872538957090317E-006  1.854776935945165E-006  1.824481548243251E-006
   9540.00133652462       2.034054588771845E-006  2.026863602232129E-006  2.019082508798597E-006  2.010578942382034E-006  2.001133105653329E-006  1.990459810234254E-006  1.978010873696622E-006  1.970841965023204E-006  1.962797033712415E-006  1.953558044120890E-006  1.947234686541206E-006  1.942598405606626E-006  1.934815271120153E-006  1.928915158736717E-006  1.918567440186064E-006  1.910243880549494E-006  1.905477302743400E-006  1.900180370337847E-006  1.894209159300891E-006  1.887353334427882E-006  1.879286173734329E-006  1.856841589110778E-006  1.839116371580155E-006  1.808857760006037E-006
   9580.00134212849       2.018710972286208E-006  2.011610639426723E-006  2.003887123001343E-006  1.995494895123667E-006  1.986173689824203E-006  1.975643448075422E-006  1.963358464293769E-006  1.956295690787003E-006  1.948372754537463E-006  1.939281819158036E-006  1.933063630573787E-006  1.928500506955677E-006  1.920851867663062E-006  1.915057008729115E-006  1.904898019381484E-006  1.896730920621568E-006  1.892054712140138E-006  1.886860041880964E-006  1.881005814613742E-006  1.874285238668462E-006  1.866379163550243E-006  1.844387972052929E-006  1.827020522308247E-006  1.797357651721915E-006
   9620.00134773237       2.002612193170028E-006  1.995595170202086E-006  1.987956700546389E-006  1.979642720943875E-006  1.970408017331679E-006  1.959965992062595E-006  1.947794030327640E-006  1.940798672743087E-006  1.932948434100147E-006  1.923936728138164E-006  1.917770758698352E-006  1.913246139140778E-006  1.905659009753826E-006  1.899911136536860E-006  1.889830658805185E-006  1.881725301991061E-006  1.877084154661407E-006  1.871928072401545E-006  1.866116349817892E-006  1.859444837616253E-006  1.851595463240737E-006  1.829759853652039E-006  1.812514881502867E-006  1.783064102557321E-006
   9660.00135333625       1.986668118918196E-006  1.979684176182875E-006  1.972131612457418E-006  1.963877335902221E-006  1.954746393248157E-006  1.944395068284317E-006  1.932339482158044E-006  1.925404652059990E-006  1.917617614519515E-006  1.908685487646550E-006  1.902574613846133E-006  1.898087740830892E-006  1.890567112216064E-006  1.884865649385968E-006  1.874869347704901E-006  1.866830380224819E-006  1.862227248440655E-006  1.857112814175271E-006  1.851347860033179E-006  1.844729179420454E-006  1.836942023502432E-006  1.815278441257267E-006  1.798169664422850E-006  1.768954040797481E-006
   9700.00135894012       1.970681954995394E-006  1.963791750227820E-006  1.956310793370012E-006  1.948130535110518E-006  1.939081751444308E-006  1.928833829926412E-006  1.916898494176966E-006  1.910022963225000E-006  1.902311332775271E-006  1.893460376832483E-006  1.887406166993488E-006  1.882959556216842E-006  1.875506347228769E-006  1.869854833918190E-006  1.859945591366053E-006  1.851976260609206E-006  1.847412190222167E-006  1.842341032208754E-006  1.836625015765842E-006  1.830062155743022E-006  1.822340413849121E-006  1.800858384158373E-006  1.783892985057573E-006  1.754922790449129E-006
   9740.00136454400       1.954591737996729E-006  1.947772591689226E-006  1.940362884733419E-006  1.932324390311986E-006  1.923358285993386E-006  1.913235823344739E-006  1.901431173559602E-006  1.894626630305673E-006  1.886995061607175E-006  1.878233180574291E-006  1.872237456585902E-006  1.867837586854241E-006  1.860454635620004E-006  1.854857881148781E-006  1.845040689652457E-006  1.837145231870640E-006  1.832623215932150E-006  1.827598689545172E-006  1.821933992595288E-006  1.815430150674978E-006  1.807777166078350E-006  1.786484871174869E-006  1.769667879590969E-006  1.740949207675299E-006
   9780.00137014788       1.938722968878944E-006  1.931939932829608E-006  1.924649637665079E-006  1.916650622404086E-006  1.907802239778326E-006  1.897774292698932E-006  1.886079265265836E-006  1.879354913885754E-006  1.871806102164824E-006  1.863134680402682E-006  1.857198617294006E-006  1.852842929600345E-006  1.845536147509100E-006  1.839998095648829E-006  1.830281394976377E-006  1.822465101017688E-006  1.817988483289725E-006  1.813013749660020E-006  1.807405452885432E-006  1.800966247498125E-006  1.793388756118298E-006  1.772304412948629E-006  1.755649643933560E-006  1.727203803986395E-006
   9820.00137575175       1.922157682010600E-006  1.915445396389601E-006  1.908183892062675E-006  1.900238229629208E-006  1.891454447943401E-006  1.881462399083300E-006  1.869835803374358E-006  1.863139906299306E-006  1.855622797808280E-006  1.846992193949747E-006  1.841084295949999E-006  1.836748196912669E-006  1.829472443455830E-006  1.823956177269510E-006  1.814283698851880E-006  1.806503056072795E-006  1.802047324293041E-006  1.797097246344147E-006  1.791518220855446E-006  1.785115201864967E-006  1.777583768312146E-006  1.756652133646334E-006  1.740146655055926E-006  1.712018413930013E-006
   9860.00138135563       1.906409518402327E-006  1.899738669968498E-006  1.892498395549259E-006  1.884588850548216E-006  1.875809419798759E-006  1.865886057073309E-006  1.854279100376173E-006  1.847585669282456E-006  1.840067396847577E-006  1.831420341460064E-006  1.825498381345870E-006  1.821146248047771E-006  1.813840466093478E-006  1.808294466513115E-006  1.798556396756842E-006  1.790713683249129E-006  1.786217991130695E-006  1.781219483744568E-006  1.775581549423858E-006  1.769104889016210E-006  1.761479604484915E-006  1.740251303690986E-006  1.723483141016715E-006  1.694881334346264E-006
   9900.00138695951       1.892653401390178E-006  1.886067762078986E-006  1.878987219139880E-006  1.871243165121671E-006  1.862650475354055E-006  1.852929280382818E-006  1.841579935231236E-006  1.835047126136537E-006  1.827712618651602E-006  1.819285166172015E-006  1.813516308106990E-006  1.809283542755389E-006  1.802176503236639E-006  1.796789557506591E-006  1.787336318071480E-006  1.779729613147565E-006  1.775372907642619E-006  1.770530504751668E-006  1.765070790541038E-006  1.758801926241525E-006  1.751424126452760E-006  1.730893319526310E-006  1.714674104980415E-006  1.686968818894822E-006
   9940.00139256338       1.878223822320978E-006  1.871741506193110E-006  1.864742895651227E-006  1.857050926472140E-006  1.848535181827324E-006  1.838888281093299E-006  1.827652214082015E-006  1.821175721432681E-006  1.813902083450198E-006  1.805544362114974E-006  1.799821701106558E-006  1.795621258936312E-006  1.788567462189162E-006  1.783218128775783E-006  1.773829456430743E-006  1.766273869252438E-006  1.761945353956585E-006  1.757133788150351E-006  1.751708312052473E-006  1.745477881549590E-006  1.738144733775146E-006  1.717735442596575E-006  1.701611797420346E-006  1.674074643135830E-006
   9980.00139816726       1.863579647845108E-006  1.857166494397658E-006  1.850231411541657E-006  1.842639061205125E-006  1.834198319479500E-006  1.824640647928543E-006  1.813499557870863E-006  1.807079135125471E-006  1.799869342473170E-006  1.791584483591251E-006  1.785908485316052E-006  1.781742078435649E-006  1.774744113371495E-006  1.769437224426000E-006  1.760122814221327E-006  1.752625696819834E-006  1.748330557741477E-006  1.743555851878516E-006  1.738171844322766E-006  1.731988437286137E-006  1.724710585103525E-006  1.704454533175763E-006  1.688451697875869E-006  1.661121261373628E-006
   10020.0014037711       1.849042058234753E-006  1.842680568313973E-006  1.835798714519977E-006  1.828264986468308E-006  1.819908358913098E-006  1.810452722839689E-006  1.799418546307399E-006  1.793053952439330E-006  1.785914772122643E-006  1.777704969840655E-006  1.772079523208279E-006  1.767953086039521E-006  1.761018006896956E-006  1.755757507740549E-006  1.746523353545321E-006  1.739090221855609E-006  1.734831299142366E-006  1.730096752475832E-006  1.724757683067942E-006  1.718625843640468E-006  1.711408099290791E-006  1.691318168398779E-006  1.675445903119741E-006  1.648338187539269E-006
   20000.0028019384       4.698510817139823E-007  4.686919977960569E-007  4.674146931228340E-007  4.659894881492704E-007  4.643707477694197E-007  4.624863133238540E-007  4.602165190291617E-007  4.588735904654985E-007  4.573353308069112E-007  4.555291090878169E-007  4.542698292896163E-007  4.533342272491083E-007  4.517444343682712E-007  4.505241619278640E-007  4.483559569952093E-007  4.465901834973174E-007  4.455717647435995E-007  4.444347904968687E-007  4.431475106123239E-007  4.416634897451239E-007  4.399107183303131E-007  4.350114600074208E-007  4.311327894846880E-007  4.245217161003235E-007
   40000.0056038768       1.167684657738303E-007  1.165105234995065E-007  1.162231601852527E-007  1.158985109809720E-007  1.155250253160151E-007  1.150848231371296E-007  1.145479861834116E-007  1.142276056952675E-007  1.138584692467906E-007  1.134227661802689E-007  1.131178042744961E-007  1.128906960692418E-007  1.125039369417881E-007  1.122064870325871E-007  1.116770435800068E-007  1.112452620777267E-007  1.109960761029481E-007  1.107178052560595E-007  1.104027163529248E-007  1.100395098593417E-007  1.096107202656353E-007  1.084146640395182E-007  1.074723160047496E-007  1.058814132416972E-007
   60000.0084058152       5.143323131864412E-008  5.132085863283032E-008  5.119544713288226E-008  5.105351437012214E-008  5.088996553243367E-008  5.069691181980790E-008  5.046115536425530E-008  5.032033660053477E-008  5.015800774480359E-008  4.996633463159450E-008  4.983215342241284E-008  4.973222454611171E-008  4.956206160176261E-008  4.943121832518358E-008  4.919842497396337E-008  4.900871188550467E-008  4.889930118844805E-008  4.877719806570158E-008  4.863905431775542E-008  4.847999006919957E-008  4.829248580754691E-008  4.777146429252151E-008  4.736339524705208E-008  4.667908887254007E-008
   80000.0112077536       2.869546132685048E-008  2.863280973887477E-008  2.856285829230332E-008  2.848366118155879E-008  2.839237234023379E-008  2.828458724643865E-008  2.815294441212454E-008  2.807431608048770E-008  2.798368964267441E-008  2.787670998190917E-008  2.780184552510164E-008  2.774610997842903E-008  2.765124491587796E-008  2.757834479963748E-008  2.744875931552061E-008  2.734328700766075E-008  2.728252200293160E-008  2.721476749115519E-008  2.713819355155871E-008  2.705013717446539E-008  2.694650046864342E-008  2.665944287618043E-008  2.643538467350595E-008  2.606011809018189E-008
   100000.014009692       1.823407398885010E-008  1.819418641851591E-008  1.814964771617556E-008  1.809922021798685E-008  1.804109481872493E-008  1.797247386354707E-008  1.788868630235317E-008  1.783865852025111E-008  1.778101815106834E-008  1.771301329690637E-008  1.766545186663740E-008  1.763006064500783E-008  1.756986190854664E-008  1.752363884994120E-008  1.744156407045565E-008  1.737485503421261E-008  1.733646262929499E-008  1.729368938167858E-008  1.724539285592992E-008  1.718991033468436E-008  1.712468172625739E-008  1.694429970842945E-008  1.680360490580413E-008  1.656743996698611E-008
   120000.016811630       1.258365637691377E-008  1.255607185928866E-008  1.252527282067012E-008  1.249040556011456E-008  1.245022309763726E-008  1.240279878682818E-008  1.234491984061362E-008  1.231037952054719E-008  1.227060350583587E-008  1.222370771351429E-008  1.219093337697938E-008  1.216655942128784E-008  1.212512985984092E-008  1.209334494256423E-008  1.203696542279368E-008  1.199119590395919E-008  1.196487581643430E-008  1.193556924554258E-008  1.190249745406896E-008  1.186452590851677E-008  1.181990531901367E-008  1.169654069039288E-008  1.160021201916748E-008  1.143776555307850E-008
   140000.019613569       9.194233281092760E-009  9.174043332082947E-009  9.151503850517664E-009  9.125992279687357E-009  9.096599986581092E-009  9.061924551011915E-009  9.019630513923535E-009  8.994406723548512E-009  8.965376412620924E-009  8.931175522388549E-009  8.907291123376131E-009  8.889538396335327E-009  8.859382828595627E-009  8.836263897336919E-009  8.795289277863684E-009  8.762053344530917E-009  8.742950043776087E-009  8.721685402907971E-009  8.697694560333285E-009  8.670153557599414E-009  8.637789993754631E-009  8.548250199961872E-009  8.478167830178989E-009  8.359149166792729E-009
   160000.022415507       7.004693645515295E-009  6.989292053800012E-009  6.972101614413888E-009  6.952649556980800E-009  6.930246452710905E-009  6.903829309264622E-009  6.871630086462024E-009  6.852439804355551E-009  6.830366631512747E-009  6.804380815771489E-009  6.786245661635635E-009  6.772772592579812E-009  6.749898493096799E-009  6.732371231763292E-009  6.701323524137930E-009  6.676151153190706E-009  6.661685443174989E-009  6.645584149406218E-009  6.627418358178714E-009  6.606561596927489E-009  6.582044780878139E-009  6.514121136709680E-009  6.460771035732246E-009  6.369298175632672E-009
