MH = 0.0  Teff = 4900 K  logg = 4.4  L/H = 1.25  Vturb = 2.0 km/s                         
          24 angles   1.00000000000000       0.900000000000000       0.800000000000000       0.700000000000000       0.600000000000000       0.500000000000000       0.400000000000000       0.350000000000000       0.300000000000000       0.250000000000000       0.220000000000000       0.200000000000000       0.170000000000000       0.150000000000000       0.120000000000000       0.100000000000000       9.000000000000000E-002  8.000000000000000E-002  7.000000000000001E-002  6.000000000000000E-002  5.000000000000000E-002  3.000000000000000E-002  2.000000000000000E-002  1.000000000000000E-002
   9.09000142606891       0.000000000000000E+000  0.000000000000000E+000  0.000000000000000E+000  0.000000000000000E+000  0.000000000000000E+000  0.000000000000000E+000  0.000000000000000E+000  0.000000000000000E+000  0.000000000000000E+000  0.000000000000000E+000  0.000000000000000E+000  0.000000000000000E+000  0.000000000000000E+000  0.000000000000000E+000  0.000000000000000E+000  0.000000000000000E+000  0.000000000000000E+000  0.000000000000000E+000  0.000000000000000E+000  0.000000000000000E+000  0.000000000000000E+000  0.000000000000000E+000  0.000000000000000E+000  0.000000000000000E+000
   9.35000169137598       0.000000000000000E+000  0.000000000000000E+000  0.000000000000000E+000  0.000000000000000E+000  0.000000000000000E+000  0.000000000000000E+000  0.000000000000000E+000  0.000000000000000E+000  0.000000000000000E+000  0.000000000000000E+000  0.000000000000000E+000  0.000000000000000E+000  0.000000000000000E+000  0.000000000000000E+000  0.000000000000000E+000  0.000000000000000E+000  0.000000000000000E+000  0.000000000000000E+000  0.000000000000000E+000  0.000000000000000E+000  0.000000000000000E+000  0.000000000000000E+000  0.000000000000000E+000  0.000000000000000E+000
   9.61000100300860       0.000000000000000E+000  0.000000000000000E+000  0.000000000000000E+000  0.000000000000000E+000  0.000000000000000E+000  0.000000000000000E+000  0.000000000000000E+000  0.000000000000000E+000  0.000000000000000E+000  0.000000000000000E+000  0.000000000000000E+000  0.000000000000000E+000  0.000000000000000E+000  0.000000000000000E+000  0.000000000000000E+000  0.000000000000000E+000  0.000000000000000E+000  0.000000000000000E+000  0.000000000000000E+000  0.000000000000000E+000  0.000000000000000E+000  0.000000000000000E+000  0.000000000000000E+000  0.000000000000000E+000
   9.77000182651065       0.000000000000000E+000  0.000000000000000E+000  0.000000000000000E+000  0.000000000000000E+000  0.000000000000000E+000  0.000000000000000E+000  0.000000000000000E+000  0.000000000000000E+000  0.000000000000000E+000  0.000000000000000E+000  0.000000000000000E+000  0.000000000000000E+000  0.000000000000000E+000  0.000000000000000E+000  0.000000000000000E+000  0.000000000000000E+000  0.000000000000000E+000  0.000000000000000E+000  0.000000000000000E+000  0.000000000000000E+000  0.000000000000000E+000  0.000000000000000E+000  0.000000000000000E+000  0.000000000000000E+000
   9.96000143351230       0.000000000000000E+000  0.000000000000000E+000  0.000000000000000E+000  0.000000000000000E+000  0.000000000000000E+000  0.000000000000000E+000  0.000000000000000E+000  0.000000000000000E+000  0.000000000000000E+000  0.000000000000000E+000  0.000000000000000E+000  0.000000000000000E+000  0.000000000000000E+000  0.000000000000000E+000  0.000000000000000E+000  0.000000000000000E+000  0.000000000000000E+000  0.000000000000000E+000  0.000000000000000E+000  0.000000000000000E+000  0.000000000000000E+000  0.000000000000000E+000  0.000000000000000E+000  0.000000000000000E+000
   10.2000012382537       0.000000000000000E+000  0.000000000000000E+000  0.000000000000000E+000  0.000000000000000E+000  0.000000000000000E+000  0.000000000000000E+000  0.000000000000000E+000  0.000000000000000E+000  0.000000000000000E+000  0.000000000000000E+000  0.000000000000000E+000  0.000000000000000E+000  0.000000000000000E+000  0.000000000000000E+000  0.000000000000000E+000  0.000000000000000E+000  0.000000000000000E+000  0.000000000000000E+000  0.000000000000000E+000  0.000000000000000E+000  0.000000000000000E+000  0.000000000000000E+000  0.000000000000000E+000  0.000000000000000E+000
   10.3800015686470       0.000000000000000E+000  0.000000000000000E+000  0.000000000000000E+000  0.000000000000000E+000  0.000000000000000E+000  0.000000000000000E+000  0.000000000000000E+000  0.000000000000000E+000  0.000000000000000E+000  0.000000000000000E+000  0.000000000000000E+000  0.000000000000000E+000  0.000000000000000E+000  0.000000000000000E+000  0.000000000000000E+000  0.000000000000000E+000  0.000000000000000E+000  0.000000000000000E+000  0.000000000000000E+000  0.000000000000000E+000  0.000000000000000E+000  0.000000000000000E+000  0.000000000000000E+000  0.000000000000000E+000
   10.5600018990402       0.000000000000000E+000  0.000000000000000E+000  0.000000000000000E+000  0.000000000000000E+000  0.000000000000000E+000  0.000000000000000E+000  0.000000000000000E+000  0.000000000000000E+000  0.000000000000000E+000  0.000000000000000E+000  0.000000000000000E+000  0.000000000000000E+000  0.000000000000000E+000  0.000000000000000E+000  0.000000000000000E+000  0.000000000000000E+000  0.000000000000000E+000  0.000000000000000E+000  0.000000000000000E+000  0.000000000000000E+000  0.000000000000000E+000  0.000000000000000E+000  0.000000000000000E+000  0.000000000000000E+000
   10.7700019666076       0.000000000000000E+000  0.000000000000000E+000  0.000000000000000E+000  0.000000000000000E+000  0.000000000000000E+000  0.000000000000000E+000  0.000000000000000E+000  0.000000000000000E+000  0.000000000000000E+000  0.000000000000000E+000  0.000000000000000E+000  0.000000000000000E+000  0.000000000000000E+000  0.000000000000000E+000  0.000000000000000E+000  0.000000000000000E+000  0.000000000000000E+000  0.000000000000000E+000  0.000000000000000E+000  0.000000000000000E+000  0.000000000000000E+000  0.000000000000000E+000  0.000000000000000E+000  0.000000000000000E+000
   11.0400015085230       0.000000000000000E+000  0.000000000000000E+000  0.000000000000000E+000  0.000000000000000E+000  0.000000000000000E+000  0.000000000000000E+000  0.000000000000000E+000  0.000000000000000E+000  0.000000000000000E+000  0.000000000000000E+000  0.000000000000000E+000  0.000000000000000E+000  0.000000000000000E+000  0.000000000000000E+000  0.000000000000000E+000  0.000000000000000E+000  0.000000000000000E+000  0.000000000000000E+000  0.000000000000000E+000  0.000000000000000E+000  0.000000000000000E+000  0.000000000000000E+000  0.000000000000000E+000  0.000000000000000E+000
   11.4000012156351       0.000000000000000E+000  0.000000000000000E+000  0.000000000000000E+000  0.000000000000000E+000  0.000000000000000E+000  0.000000000000000E+000  0.000000000000000E+000  0.000000000000000E+000  0.000000000000000E+000  0.000000000000000E+000  0.000000000000000E+000  0.000000000000000E+000  0.000000000000000E+000  0.000000000000000E+000  0.000000000000000E+000  0.000000000000000E+000  0.000000000000000E+000  0.000000000000000E+000  0.000000000000000E+000  0.000000000000000E+000  0.000000000000000E+000  0.000000000000000E+000  0.000000000000000E+000  0.000000000000000E+000
   11.7800013833129       0.000000000000000E+000  0.000000000000000E+000  0.000000000000000E+000  0.000000000000000E+000  0.000000000000000E+000  0.000000000000000E+000  0.000000000000000E+000  0.000000000000000E+000  0.000000000000000E+000  0.000000000000000E+000  0.000000000000000E+000  0.000000000000000E+000  0.000000000000000E+000  0.000000000000000E+000  0.000000000000000E+000  0.000000000000000E+000  0.000000000000000E+000  0.000000000000000E+000  0.000000000000000E+000  0.000000000000000E+000  0.000000000000000E+000  0.000000000000000E+000  0.000000000000000E+000  0.000000000000000E+000
   12.1300018138166       0.000000000000000E+000  0.000000000000000E+000  0.000000000000000E+000  0.000000000000000E+000  0.000000000000000E+000  0.000000000000000E+000  0.000000000000000E+000  0.000000000000000E+000  0.000000000000000E+000  0.000000000000000E+000  0.000000000000000E+000  0.000000000000000E+000  0.000000000000000E+000  0.000000000000000E+000  0.000000000000000E+000  0.000000000000000E+000  0.000000000000000E+000  0.000000000000000E+000  0.000000000000000E+000  0.000000000000000E+000  0.000000000000000E+000  0.000000000000000E+000  0.000000000000000E+000  0.000000000000000E+000
   12.4800012906458       0.000000000000000E+000  0.000000000000000E+000  0.000000000000000E+000  0.000000000000000E+000  0.000000000000000E+000  0.000000000000000E+000  0.000000000000000E+000  0.000000000000000E+000  0.000000000000000E+000  0.000000000000000E+000  0.000000000000000E+000  0.000000000000000E+000  0.000000000000000E+000  0.000000000000000E+000  0.000000000000000E+000  0.000000000000000E+000  0.000000000000000E+000  0.000000000000000E+000  0.000000000000000E+000  0.000000000000000E+000  0.000000000000000E+000  0.000000000000000E+000  0.000000000000000E+000  0.000000000000000E+000
   12.7100018187788       0.000000000000000E+000  0.000000000000000E+000  0.000000000000000E+000  0.000000000000000E+000  0.000000000000000E+000  0.000000000000000E+000  0.000000000000000E+000  0.000000000000000E+000  0.000000000000000E+000  0.000000000000000E+000  0.000000000000000E+000  0.000000000000000E+000  0.000000000000000E+000  0.000000000000000E+000  0.000000000000000E+000  0.000000000000000E+000  0.000000000000000E+000  0.000000000000000E+000  0.000000000000000E+000  0.000000000000000E+000  0.000000000000000E+000  0.000000000000000E+000  0.000000000000000E+000  0.000000000000000E+000
   12.8400019514324       0.000000000000000E+000  0.000000000000000E+000  0.000000000000000E+000  0.000000000000000E+000  0.000000000000000E+000  0.000000000000000E+000  0.000000000000000E+000  0.000000000000000E+000  0.000000000000000E+000  0.000000000000000E+000  0.000000000000000E+000  0.000000000000000E+000  0.000000000000000E+000  0.000000000000000E+000  0.000000000000000E+000  0.000000000000000E+000  0.000000000000000E+000  0.000000000000000E+000  0.000000000000000E+000  0.000000000000000E+000  0.000000000000000E+000  0.000000000000000E+000  0.000000000000000E+000  0.000000000000000E+000
   13.0500020189997       0.000000000000000E+000  0.000000000000000E+000  0.000000000000000E+000  0.000000000000000E+000  0.000000000000000E+000  0.000000000000000E+000  0.000000000000000E+000  0.000000000000000E+000  0.000000000000000E+000  0.000000000000000E+000  0.000000000000000E+000  0.000000000000000E+000  0.000000000000000E+000  0.000000000000000E+000  0.000000000000000E+000  0.000000000000000E+000  0.000000000000000E+000  0.000000000000000E+000  0.000000000000000E+000  0.000000000000000E+000  0.000000000000000E+000  0.000000000000000E+000  0.000000000000000E+000  0.000000000000000E+000
   13.2400016260014       0.000000000000000E+000  0.000000000000000E+000  0.000000000000000E+000  0.000000000000000E+000  0.000000000000000E+000  0.000000000000000E+000  0.000000000000000E+000  0.000000000000000E+000  0.000000000000000E+000  0.000000000000000E+000  0.000000000000000E+000  0.000000000000000E+000  0.000000000000000E+000  0.000000000000000E+000  0.000000000000000E+000  0.000000000000000E+000  0.000000000000000E+000  0.000000000000000E+000  0.000000000000000E+000  0.000000000000000E+000  0.000000000000000E+000  0.000000000000000E+000  0.000000000000000E+000  0.000000000000000E+000
   13.3900022192206       0.000000000000000E+000  0.000000000000000E+000  0.000000000000000E+000  0.000000000000000E+000  0.000000000000000E+000  0.000000000000000E+000  0.000000000000000E+000  0.000000000000000E+000  0.000000000000000E+000  0.000000000000000E+000  0.000000000000000E+000  0.000000000000000E+000  0.000000000000000E+000  0.000000000000000E+000  0.000000000000000E+000  0.000000000000000E+000  0.000000000000000E+000  0.000000000000000E+000  0.000000000000000E+000  0.000000000000000E+000  0.000000000000000E+000  0.000000000000000E+000  0.000000000000000E+000  0.000000000000000E+000
   13.6600017611360       0.000000000000000E+000  0.000000000000000E+000  0.000000000000000E+000  0.000000000000000E+000  0.000000000000000E+000  0.000000000000000E+000  0.000000000000000E+000  0.000000000000000E+000  0.000000000000000E+000  0.000000000000000E+000  0.000000000000000E+000  0.000000000000000E+000  0.000000000000000E+000  0.000000000000000E+000  0.000000000000000E+000  0.000000000000000E+000  0.000000000000000E+000  0.000000000000000E+000  0.000000000000000E+000  0.000000000000000E+000  0.000000000000000E+000  0.000000000000000E+000  0.000000000000000E+000  0.000000000000000E+000
   13.9800015007912       0.000000000000000E+000  0.000000000000000E+000  0.000000000000000E+000  0.000000000000000E+000  0.000000000000000E+000  0.000000000000000E+000  0.000000000000000E+000  0.000000000000000E+000  0.000000000000000E+000  0.000000000000000E+000  0.000000000000000E+000  0.000000000000000E+000  0.000000000000000E+000  0.000000000000000E+000  0.000000000000000E+000  0.000000000000000E+000  0.000000000000000E+000  0.000000000000000E+000  0.000000000000000E+000  0.000000000000000E+000  0.000000000000000E+000  0.000000000000000E+000  0.000000000000000E+000  0.000000000000000E+000
   14.3300019312949       0.000000000000000E+000  0.000000000000000E+000  0.000000000000000E+000  0.000000000000000E+000  0.000000000000000E+000  0.000000000000000E+000  0.000000000000000E+000  0.000000000000000E+000  0.000000000000000E+000  0.000000000000000E+000  0.000000000000000E+000  0.000000000000000E+000  0.000000000000000E+000  0.000000000000000E+000  0.000000000000000E+000  0.000000000000000E+000  0.000000000000000E+000  0.000000000000000E+000  0.000000000000000E+000  0.000000000000000E+000  0.000000000000000E+000  0.000000000000000E+000  0.000000000000000E+000  0.000000000000000E+000
   14.7200023292555       0.000000000000000E+000  0.000000000000000E+000  0.000000000000000E+000  0.000000000000000E+000  0.000000000000000E+000  0.000000000000000E+000  0.000000000000000E+000  0.000000000000000E+000  0.000000000000000E+000  0.000000000000000E+000  0.000000000000000E+000  0.000000000000000E+000  0.000000000000000E+000  0.000000000000000E+000  0.000000000000000E+000  0.000000000000000E+000  0.000000000000000E+000  0.000000000000000E+000  0.000000000000000E+000  0.000000000000000E+000  0.000000000000000E+000  0.000000000000000E+000  0.000000000000000E+000  0.000000000000000E+000
   15.1000024969333       0.000000000000000E+000  0.000000000000000E+000  0.000000000000000E+000  0.000000000000000E+000  0.000000000000000E+000  0.000000000000000E+000  0.000000000000000E+000  0.000000000000000E+000  0.000000000000000E+000  0.000000000000000E+000  0.000000000000000E+000  0.000000000000000E+000  0.000000000000000E+000  0.000000000000000E+000  0.000000000000000E+000  0.000000000000000E+000  0.000000000000000E+000  0.000000000000000E+000  0.000000000000000E+000  0.000000000000000E+000  0.000000000000000E+000  0.000000000000000E+000  0.000000000000000E+000  0.000000000000000E+000
   15.5200026320679       0.000000000000000E+000  0.000000000000000E+000  0.000000000000000E+000  0.000000000000000E+000  0.000000000000000E+000  0.000000000000000E+000  0.000000000000000E+000  0.000000000000000E+000  0.000000000000000E+000  0.000000000000000E+000  0.000000000000000E+000  0.000000000000000E+000  0.000000000000000E+000  0.000000000000000E+000  0.000000000000000E+000  0.000000000000000E+000  0.000000000000000E+000  0.000000000000000E+000  0.000000000000000E+000  0.000000000000000E+000  0.000000000000000E+000  0.000000000000000E+000  0.000000000000000E+000  0.000000000000000E+000
   15.8800023391800       0.000000000000000E+000  0.000000000000000E+000  0.000000000000000E+000  0.000000000000000E+000  0.000000000000000E+000  0.000000000000000E+000  0.000000000000000E+000  0.000000000000000E+000  0.000000000000000E+000  0.000000000000000E+000  0.000000000000000E+000  0.000000000000000E+000  0.000000000000000E+000  0.000000000000000E+000  0.000000000000000E+000  0.000000000000000E+000  0.000000000000000E+000  0.000000000000000E+000  0.000000000000000E+000  0.000000000000000E+000  0.000000000000000E+000  0.000000000000000E+000  0.000000000000000E+000  0.000000000000000E+000
   16.2000030325097       0.000000000000000E+000  0.000000000000000E+000  0.000000000000000E+000  0.000000000000000E+000  0.000000000000000E+000  0.000000000000000E+000  0.000000000000000E+000  0.000000000000000E+000  0.000000000000000E+000  0.000000000000000E+000  0.000000000000000E+000  0.000000000000000E+000  0.000000000000000E+000  0.000000000000000E+000  0.000000000000000E+000  0.000000000000000E+000  0.000000000000000E+000  0.000000000000000E+000  0.000000000000000E+000  0.000000000000000E+000  0.000000000000000E+000  0.000000000000000E+000  0.000000000000000E+000  0.000000000000000E+000
   16.6000027070787       0.000000000000000E+000  0.000000000000000E+000  0.000000000000000E+000  0.000000000000000E+000  0.000000000000000E+000  0.000000000000000E+000  0.000000000000000E+000  0.000000000000000E+000  0.000000000000000E+000  0.000000000000000E+000  0.000000000000000E+000  0.000000000000000E+000  0.000000000000000E+000  0.000000000000000E+000  0.000000000000000E+000  0.000000000000000E+000  0.000000000000000E+000  0.000000000000000E+000  0.000000000000000E+000  0.000000000000000E+000  0.000000000000000E+000  0.000000000000000E+000  0.000000000000000E+000  0.000000000000000E+000
   17.0300030724962       0.000000000000000E+000  0.000000000000000E+000  0.000000000000000E+000  0.000000000000000E+000  0.000000000000000E+000  0.000000000000000E+000  0.000000000000000E+000  0.000000000000000E+000  0.000000000000000E+000  0.000000000000000E+000  0.000000000000000E+000  0.000000000000000E+000  0.000000000000000E+000  0.000000000000000E+000  0.000000000000000E+000  0.000000000000000E+000  0.000000000000000E+000  0.000000000000000E+000  0.000000000000000E+000  0.000000000000000E+000  0.000000000000000E+000  0.000000000000000E+000  0.000000000000000E+000  0.000000000000000E+000
   17.3400025818685       0.000000000000000E+000  0.000000000000000E+000  0.000000000000000E+000  0.000000000000000E+000  0.000000000000000E+000  0.000000000000000E+000  0.000000000000000E+000  0.000000000000000E+000  0.000000000000000E+000  0.000000000000000E+000  0.000000000000000E+000  0.000000000000000E+000  0.000000000000000E+000  0.000000000000000E+000  0.000000000000000E+000  0.000000000000000E+000  0.000000000000000E+000  0.000000000000000E+000  0.000000000000000E+000  0.000000000000000E+000  0.000000000000000E+000  0.000000000000000E+000  0.000000000000000E+000  0.000000000000000E+000
   17.6800027820894       0.000000000000000E+000  0.000000000000000E+000  0.000000000000000E+000  0.000000000000000E+000  0.000000000000000E+000  0.000000000000000E+000  0.000000000000000E+000  0.000000000000000E+000  0.000000000000000E+000  0.000000000000000E+000  0.000000000000000E+000  0.000000000000000E+000  0.000000000000000E+000  0.000000000000000E+000  0.000000000000000E+000  0.000000000000000E+000  0.000000000000000E+000  0.000000000000000E+000  0.000000000000000E+000  0.000000000000000E+000  0.000000000000000E+000  0.000000000000000E+000  0.000000000000000E+000  0.000000000000000E+000
   18.0200029823102       0.000000000000000E+000  0.000000000000000E+000  0.000000000000000E+000  0.000000000000000E+000  0.000000000000000E+000  0.000000000000000E+000  0.000000000000000E+000  0.000000000000000E+000  0.000000000000000E+000  0.000000000000000E+000  0.000000000000000E+000  0.000000000000000E+000  0.000000000000000E+000  0.000000000000000E+000  0.000000000000000E+000  0.000000000000000E+000  0.000000000000000E+000  0.000000000000000E+000  0.000000000000000E+000  0.000000000000000E+000  0.000000000000000E+000  0.000000000000000E+000  0.000000000000000E+000  0.000000000000000E+000
   18.1700026218550       0.000000000000000E+000  0.000000000000000E+000  0.000000000000000E+000  0.000000000000000E+000  0.000000000000000E+000  0.000000000000000E+000  0.000000000000000E+000  0.000000000000000E+000  0.000000000000000E+000  0.000000000000000E+000  0.000000000000000E+000  0.000000000000000E+000  0.000000000000000E+000  0.000000000000000E+000  0.000000000000000E+000  0.000000000000000E+000  0.000000000000000E+000  0.000000000000000E+000  0.000000000000000E+000  0.000000000000000E+000  0.000000000000000E+000  0.000000000000000E+000  0.000000000000000E+000  0.000000000000000E+000
   18.6100032175553       0.000000000000000E+000  0.000000000000000E+000  0.000000000000000E+000  0.000000000000000E+000  0.000000000000000E+000  0.000000000000000E+000  0.000000000000000E+000  0.000000000000000E+000  0.000000000000000E+000  0.000000000000000E+000  0.000000000000000E+000  0.000000000000000E+000  0.000000000000000E+000  0.000000000000000E+000  0.000000000000000E+000  0.000000000000000E+000  0.000000000000000E+000  0.000000000000000E+000  0.000000000000000E+000  0.000000000000000E+000  0.000000000000000E+000  0.000000000000000E+000  0.000000000000000E+000  0.000000000000000E+000
   19.1000030573210       0.000000000000000E+000  0.000000000000000E+000  0.000000000000000E+000  0.000000000000000E+000  0.000000000000000E+000  0.000000000000000E+000  0.000000000000000E+000  0.000000000000000E+000  0.000000000000000E+000  0.000000000000000E+000  0.000000000000000E+000  0.000000000000000E+000  0.000000000000000E+000  0.000000000000000E+000  0.000000000000000E+000  0.000000000000000E+000  0.000000000000000E+000  0.000000000000000E+000  0.000000000000000E+000  0.000000000000000E+000  0.000000000000000E+000  0.000000000000000E+000  0.000000000000000E+000  0.000000000000000E+000
   19.3900021061276       0.000000000000000E+000  0.000000000000000E+000  0.000000000000000E+000  0.000000000000000E+000  0.000000000000000E+000  0.000000000000000E+000  0.000000000000000E+000  0.000000000000000E+000  0.000000000000000E+000  0.000000000000000E+000  0.000000000000000E+000  0.000000000000000E+000  0.000000000000000E+000  0.000000000000000E+000  0.000000000000000E+000  0.000000000000000E+000  0.000000000000000E+000  0.000000000000000E+000  0.000000000000000E+000  0.000000000000000E+000  0.000000000000000E+000  0.000000000000000E+000  0.000000000000000E+000  0.000000000000000E+000
   19.8400029321108       0.000000000000000E+000  0.000000000000000E+000  0.000000000000000E+000  0.000000000000000E+000  0.000000000000000E+000  0.000000000000000E+000  0.000000000000000E+000  0.000000000000000E+000  0.000000000000000E+000  0.000000000000000E+000  0.000000000000000E+000  0.000000000000000E+000  0.000000000000000E+000  0.000000000000000E+000  0.000000000000000E+000  0.000000000000000E+000  0.000000000000000E+000  0.000000000000000E+000  0.000000000000000E+000  0.000000000000000E+000  0.000000000000000E+000  0.000000000000000E+000  0.000000000000000E+000  0.000000000000000E+000
   20.1800031323317       0.000000000000000E+000  0.000000000000000E+000  0.000000000000000E+000  0.000000000000000E+000  0.000000000000000E+000  0.000000000000000E+000  0.000000000000000E+000  0.000000000000000E+000  0.000000000000000E+000  0.000000000000000E+000  0.000000000000000E+000  0.000000000000000E+000  0.000000000000000E+000  0.000000000000000E+000  0.000000000000000E+000  0.000000000000000E+000  0.000000000000000E+000  0.000000000000000E+000  0.000000000000000E+000  0.000000000000000E+000  0.000000000000000E+000  0.000000000000000E+000  0.000000000000000E+000  0.000000000000000E+000
   20.5000028719869       0.000000000000000E+000  0.000000000000000E+000  0.000000000000000E+000  0.000000000000000E+000  0.000000000000000E+000  0.000000000000000E+000  0.000000000000000E+000  0.000000000000000E+000  0.000000000000000E+000  0.000000000000000E+000  0.000000000000000E+000  0.000000000000000E+000  0.000000000000000E+000  0.000000000000000E+000  0.000000000000000E+000  0.000000000000000E+000  0.000000000000000E+000  0.000000000000000E+000  0.000000000000000E+000  0.000000000000000E+000  0.000000000000000E+000  0.000000000000000E+000  0.000000000000000E+000  0.000000000000000E+000
   21.0500021861006       0.000000000000000E+000  0.000000000000000E+000  0.000000000000000E+000  0.000000000000000E+000  0.000000000000000E+000  0.000000000000000E+000  0.000000000000000E+000  0.000000000000000E+000  0.000000000000000E+000  0.000000000000000E+000  0.000000000000000E+000  0.000000000000000E+000  0.000000000000000E+000  0.000000000000000E+000  0.000000000000000E+000  0.000000000000000E+000  0.000000000000000E+000  0.000000000000000E+000  0.000000000000000E+000  0.000000000000000E+000  0.000000000000000E+000  0.000000000000000E+000  0.000000000000000E+000  0.000000000000000E+000
   21.6200038681289       0.000000000000000E+000  0.000000000000000E+000  0.000000000000000E+000  0.000000000000000E+000  0.000000000000000E+000  0.000000000000000E+000  0.000000000000000E+000  0.000000000000000E+000  0.000000000000000E+000  0.000000000000000E+000  0.000000000000000E+000  0.000000000000000E+000  0.000000000000000E+000  0.000000000000000E+000  0.000000000000000E+000  0.000000000000000E+000  0.000000000000000E+000  0.000000000000000E+000  0.000000000000000E+000  0.000000000000000E+000  0.000000000000000E+000  0.000000000000000E+000  0.000000000000000E+000  0.000000000000000E+000
   21.9800026215666       0.000000000000000E+000  0.000000000000000E+000  0.000000000000000E+000  0.000000000000000E+000  0.000000000000000E+000  0.000000000000000E+000  0.000000000000000E+000  0.000000000000000E+000  0.000000000000000E+000  0.000000000000000E+000  0.000000000000000E+000  0.000000000000000E+000  0.000000000000000E+000  0.000000000000000E+000  0.000000000000000E+000  0.000000000000000E+000  0.000000000000000E+000  0.000000000000000E+000  0.000000000000000E+000  0.000000000000000E+000  0.000000000000000E+000  0.000000000000000E+000  0.000000000000000E+000  0.000000000000000E+000
   22.3000023612218       0.000000000000000E+000  0.000000000000000E+000  0.000000000000000E+000  0.000000000000000E+000  0.000000000000000E+000  0.000000000000000E+000  0.000000000000000E+000  0.000000000000000E+000  0.000000000000000E+000  0.000000000000000E+000  0.000000000000000E+000  0.000000000000000E+000  0.000000000000000E+000  0.000000000000000E+000  0.000000000000000E+000  0.000000000000000E+000  0.000000000000000E+000  0.000000000000000E+000  0.000000000000000E+000  0.000000000000000E+000  0.000000000000000E+000  0.000000000000000E+000  0.000000000000000E+000  0.000000000000000E+000
   22.6800034825740       0.000000000000000E+000  0.000000000000000E+000  0.000000000000000E+000  0.000000000000000E+000  0.000000000000000E+000  0.000000000000000E+000  0.000000000000000E+000  0.000000000000000E+000  0.000000000000000E+000  0.000000000000000E+000  0.000000000000000E+000  0.000000000000000E+000  0.000000000000000E+000  0.000000000000000E+000  0.000000000000000E+000  0.000000000000000E+000  0.000000000000000E+000  0.000000000000000E+000  0.000000000000000E+000  0.000000000000000E+000  0.000000000000000E+000  0.000000000000000E+000  0.000000000000000E+000  0.000000000000000E+000
   23.0000032222292       0.000000000000000E+000  0.000000000000000E+000  0.000000000000000E+000  0.000000000000000E+000  0.000000000000000E+000  0.000000000000000E+000  0.000000000000000E+000  0.000000000000000E+000  0.000000000000000E+000  0.000000000000000E+000  0.000000000000000E+000  0.000000000000000E+000  0.000000000000000E+000  0.000000000000000E+000  0.000000000000000E+000  0.000000000000000E+000  0.000000000000000E+000  0.000000000000000E+000  0.000000000000000E+000  0.000000000000000E+000  0.000000000000000E+000  0.000000000000000E+000  0.000000000000000E+000  0.000000000000000E+000
   23.4000028967981       0.000000000000000E+000  0.000000000000000E+000  0.000000000000000E+000  0.000000000000000E+000  0.000000000000000E+000  0.000000000000000E+000  0.000000000000000E+000  0.000000000000000E+000  0.000000000000000E+000  0.000000000000000E+000  0.000000000000000E+000  0.000000000000000E+000  0.000000000000000E+000  0.000000000000000E+000  0.000000000000000E+000  0.000000000000000E+000  0.000000000000000E+000  0.000000000000000E+000  0.000000000000000E+000  0.000000000000000E+000  0.000000000000000E+000  0.000000000000000E+000  0.000000000000000E+000  0.000000000000000E+000
   24.0000033623261       0.000000000000000E+000  0.000000000000000E+000  0.000000000000000E+000  0.000000000000000E+000  0.000000000000000E+000  0.000000000000000E+000  0.000000000000000E+000  0.000000000000000E+000  0.000000000000000E+000  0.000000000000000E+000  0.000000000000000E+000  0.000000000000000E+000  0.000000000000000E+000  0.000000000000000E+000  0.000000000000000E+000  0.000000000000000E+000  0.000000000000000E+000  0.000000000000000E+000  0.000000000000000E+000  0.000000000000000E+000  0.000000000000000E+000  0.000000000000000E+000  0.000000000000000E+000  0.000000000000000E+000
   24.6500030719193       0.000000000000000E+000  0.000000000000000E+000  0.000000000000000E+000  0.000000000000000E+000  0.000000000000000E+000  0.000000000000000E+000  0.000000000000000E+000  0.000000000000000E+000  0.000000000000000E+000  0.000000000000000E+000  0.000000000000000E+000  0.000000000000000E+000  0.000000000000000E+000  0.000000000000000E+000  0.000000000000000E+000  0.000000000000000E+000  0.000000000000000E+000  0.000000000000000E+000  0.000000000000000E+000  0.000000000000000E+000  0.000000000000000E+000  0.000000000000000E+000  0.000000000000000E+000  0.000000000000000E+000
   25.2400033071644       0.000000000000000E+000  0.000000000000000E+000  0.000000000000000E+000  0.000000000000000E+000  0.000000000000000E+000  0.000000000000000E+000  0.000000000000000E+000  0.000000000000000E+000  0.000000000000000E+000  0.000000000000000E+000  0.000000000000000E+000  0.000000000000000E+000  0.000000000000000E+000  0.000000000000000E+000  0.000000000000000E+000  0.000000000000000E+000  0.000000000000000E+000  0.000000000000000E+000  0.000000000000000E+000  0.000000000000000E+000  0.000000000000000E+000  0.000000000000000E+000  0.000000000000000E+000  0.000000000000000E+000
   25.6800039028647       0.000000000000000E+000  0.000000000000000E+000  0.000000000000000E+000  0.000000000000000E+000  0.000000000000000E+000  0.000000000000000E+000  0.000000000000000E+000  0.000000000000000E+000  0.000000000000000E+000  0.000000000000000E+000  0.000000000000000E+000  0.000000000000000E+000  0.000000000000000E+000  0.000000000000000E+000  0.000000000000000E+000  0.000000000000000E+000  0.000000000000000E+000  0.000000000000000E+000  0.000000000000000E+000  0.000000000000000E+000  0.000000000000000E+000  0.000000000000000E+000  0.000000000000000E+000  0.000000000000000E+000
   26.0000036425199       0.000000000000000E+000  0.000000000000000E+000  0.000000000000000E+000  0.000000000000000E+000  0.000000000000000E+000  0.000000000000000E+000  0.000000000000000E+000  0.000000000000000E+000  0.000000000000000E+000  0.000000000000000E+000  0.000000000000000E+000  0.000000000000000E+000  0.000000000000000E+000  0.000000000000000E+000  0.000000000000000E+000  0.000000000000000E+000  0.000000000000000E+000  0.000000000000000E+000  0.000000000000000E+000  0.000000000000000E+000  0.000000000000000E+000  0.000000000000000E+000  0.000000000000000E+000  0.000000000000000E+000
   26.4000033170889       0.000000000000000E+000  0.000000000000000E+000  0.000000000000000E+000  0.000000000000000E+000  0.000000000000000E+000  0.000000000000000E+000  0.000000000000000E+000  0.000000000000000E+000  0.000000000000000E+000  0.000000000000000E+000  0.000000000000000E+000  0.000000000000000E+000  0.000000000000000E+000  0.000000000000000E+000  0.000000000000000E+000  0.000000000000000E+000  0.000000000000000E+000  0.000000000000000E+000  0.000000000000000E+000  0.000000000000000E+000  0.000000000000000E+000  0.000000000000000E+000  0.000000000000000E+000  0.000000000000000E+000
   26.8500041430721       0.000000000000000E+000  0.000000000000000E+000  0.000000000000000E+000  0.000000000000000E+000  0.000000000000000E+000  0.000000000000000E+000  0.000000000000000E+000  0.000000000000000E+000  0.000000000000000E+000  0.000000000000000E+000  0.000000000000000E+000  0.000000000000000E+000  0.000000000000000E+000  0.000000000000000E+000  0.000000000000000E+000  0.000000000000000E+000  0.000000000000000E+000  0.000000000000000E+000  0.000000000000000E+000  0.000000000000000E+000  0.000000000000000E+000  0.000000000000000E+000  0.000000000000000E+000  0.000000000000000E+000
   27.3500042131205       0.000000000000000E+000  0.000000000000000E+000  0.000000000000000E+000  0.000000000000000E+000  0.000000000000000E+000  0.000000000000000E+000  0.000000000000000E+000  0.000000000000000E+000  0.000000000000000E+000  0.000000000000000E+000  0.000000000000000E+000  0.000000000000000E+000  0.000000000000000E+000  0.000000000000000E+000  0.000000000000000E+000  0.000000000000000E+000  0.000000000000000E+000  0.000000000000000E+000  0.000000000000000E+000  0.000000000000000E+000  0.000000000000000E+000  0.000000000000000E+000  0.000000000000000E+000  0.000000000000000E+000
   27.8500042831690       0.000000000000000E+000  0.000000000000000E+000  0.000000000000000E+000  0.000000000000000E+000  0.000000000000000E+000  0.000000000000000E+000  0.000000000000000E+000  0.000000000000000E+000  0.000000000000000E+000  0.000000000000000E+000  0.000000000000000E+000  0.000000000000000E+000  0.000000000000000E+000  0.000000000000000E+000  0.000000000000000E+000  0.000000000000000E+000  0.000000000000000E+000  0.000000000000000E+000  0.000000000000000E+000  0.000000000000000E+000  0.000000000000000E+000  0.000000000000000E+000  0.000000000000000E+000  0.000000000000000E+000
   28.4000035972827       0.000000000000000E+000  0.000000000000000E+000  0.000000000000000E+000  0.000000000000000E+000  0.000000000000000E+000  0.000000000000000E+000  0.000000000000000E+000  0.000000000000000E+000  0.000000000000000E+000  0.000000000000000E+000  0.000000000000000E+000  0.000000000000000E+000  0.000000000000000E+000  0.000000000000000E+000  0.000000000000000E+000  0.000000000000000E+000  0.000000000000000E+000  0.000000000000000E+000  0.000000000000000E+000  0.000000000000000E+000  0.000000000000000E+000  0.000000000000000E+000  0.000000000000000E+000  0.000000000000000E+000
   29.0000040628107       0.000000000000000E+000  0.000000000000000E+000  0.000000000000000E+000  0.000000000000000E+000  0.000000000000000E+000  0.000000000000000E+000  0.000000000000000E+000  0.000000000000000E+000  0.000000000000000E+000  0.000000000000000E+000  0.000000000000000E+000  0.000000000000000E+000  0.000000000000000E+000  0.000000000000000E+000  0.000000000000000E+000  0.000000000000000E+000  0.000000000000000E+000  0.000000000000000E+000  0.000000000000000E+000  0.000000000000000E+000  0.000000000000000E+000  0.000000000000000E+000  0.000000000000000E+000  0.000000000000000E+000
   29.6000045283386       0.000000000000000E+000  0.000000000000000E+000  0.000000000000000E+000  0.000000000000000E+000  0.000000000000000E+000  0.000000000000000E+000  0.000000000000000E+000  0.000000000000000E+000  0.000000000000000E+000  0.000000000000000E+000  0.000000000000000E+000  0.000000000000000E+000  0.000000000000000E+000  0.000000000000000E+000  0.000000000000000E+000  0.000000000000000E+000  0.000000000000000E+000  0.000000000000000E+000  0.000000000000000E+000  0.000000000000000E+000  0.000000000000000E+000  0.000000000000000E+000  0.000000000000000E+000  0.000000000000000E+000
   30.1000045983871       0.000000000000000E+000  0.000000000000000E+000  0.000000000000000E+000  0.000000000000000E+000  0.000000000000000E+000  0.000000000000000E+000  0.000000000000000E+000  0.000000000000000E+000  0.000000000000000E+000  0.000000000000000E+000  0.000000000000000E+000  0.000000000000000E+000  0.000000000000000E+000  0.000000000000000E+000  0.000000000000000E+000  0.000000000000000E+000  0.000000000000000E+000  0.000000000000000E+000  0.000000000000000E+000  0.000000000000000E+000  0.000000000000000E+000  0.000000000000000E+000  0.000000000000000E+000  0.000000000000000E+000
   30.8000035520456       0.000000000000000E+000  0.000000000000000E+000  0.000000000000000E+000  0.000000000000000E+000  0.000000000000000E+000  0.000000000000000E+000  0.000000000000000E+000  0.000000000000000E+000  0.000000000000000E+000  0.000000000000000E+000  0.000000000000000E+000  0.000000000000000E+000  0.000000000000000E+000  0.000000000000000E+000  0.000000000000000E+000  0.000000000000000E+000  0.000000000000000E+000  0.000000000000000E+000  0.000000000000000E+000  0.000000000000000E+000  0.000000000000000E+000  0.000000000000000E+000  0.000000000000000E+000  0.000000000000000E+000
   31.8000036921425       0.000000000000000E+000  0.000000000000000E+000  0.000000000000000E+000  0.000000000000000E+000  0.000000000000000E+000  0.000000000000000E+000  0.000000000000000E+000  0.000000000000000E+000  0.000000000000000E+000  0.000000000000000E+000  0.000000000000000E+000  0.000000000000000E+000  0.000000000000000E+000  0.000000000000000E+000  0.000000000000000E+000  0.000000000000000E+000  0.000000000000000E+000  0.000000000000000E+000  0.000000000000000E+000  0.000000000000000E+000  0.000000000000000E+000  0.000000000000000E+000  0.000000000000000E+000  0.000000000000000E+000
   32.8000038322394       0.000000000000000E+000  0.000000000000000E+000  0.000000000000000E+000  0.000000000000000E+000  0.000000000000000E+000  0.000000000000000E+000  0.000000000000000E+000  0.000000000000000E+000  0.000000000000000E+000  0.000000000000000E+000  0.000000000000000E+000  0.000000000000000E+000  0.000000000000000E+000  0.000000000000000E+000  0.000000000000000E+000  0.000000000000000E+000  0.000000000000000E+000  0.000000000000000E+000  0.000000000000000E+000  0.000000000000000E+000  0.000000000000000E+000  0.000000000000000E+000  0.000000000000000E+000  0.000000000000000E+000
   33.8000039723363       0.000000000000000E+000  0.000000000000000E+000  0.000000000000000E+000  0.000000000000000E+000  0.000000000000000E+000  0.000000000000000E+000  0.000000000000000E+000  0.000000000000000E+000  0.000000000000000E+000  0.000000000000000E+000  0.000000000000000E+000  0.000000000000000E+000  0.000000000000000E+000  0.000000000000000E+000  0.000000000000000E+000  0.000000000000000E+000  0.000000000000000E+000  0.000000000000000E+000  0.000000000000000E+000  0.000000000000000E+000  0.000000000000000E+000  0.000000000000000E+000  0.000000000000000E+000  0.000000000000000E+000
   34.8000041124333       0.000000000000000E+000  0.000000000000000E+000  0.000000000000000E+000  0.000000000000000E+000  0.000000000000000E+000  0.000000000000000E+000  0.000000000000000E+000  0.000000000000000E+000  0.000000000000000E+000  0.000000000000000E+000  0.000000000000000E+000  0.000000000000000E+000  0.000000000000000E+000  0.000000000000000E+000  0.000000000000000E+000  0.000000000000000E+000  0.000000000000000E+000  0.000000000000000E+000  0.000000000000000E+000  0.000000000000000E+000  0.000000000000000E+000  0.000000000000000E+000  0.000000000000000E+000  0.000000000000000E+000
   35.7000057643996       0.000000000000000E+000  0.000000000000000E+000  0.000000000000000E+000  0.000000000000000E+000  0.000000000000000E+000  0.000000000000000E+000  0.000000000000000E+000  0.000000000000000E+000  0.000000000000000E+000  0.000000000000000E+000  0.000000000000000E+000  0.000000000000000E+000  0.000000000000000E+000  0.000000000000000E+000  0.000000000000000E+000  0.000000000000000E+000  0.000000000000000E+000  0.000000000000000E+000  0.000000000000000E+000  0.000000000000000E+000  0.000000000000000E+000  0.000000000000000E+000  0.000000000000000E+000  0.000000000000000E+000
   36.6000036016681       0.000000000000000E+000  0.000000000000000E+000  0.000000000000000E+000  0.000000000000000E+000  0.000000000000000E+000  0.000000000000000E+000  0.000000000000000E+000  0.000000000000000E+000  0.000000000000000E+000  0.000000000000000E+000  0.000000000000000E+000  0.000000000000000E+000  0.000000000000000E+000  0.000000000000000E+000  0.000000000000000E+000  0.000000000000000E+000  0.000000000000000E+000  0.000000000000000E+000  0.000000000000000E+000  0.000000000000000E+000  0.000000000000000E+000  0.000000000000000E+000  0.000000000000000E+000  0.000000000000000E+000
   37.5000052536345       0.000000000000000E+000  0.000000000000000E+000  0.000000000000000E+000  0.000000000000000E+000  0.000000000000000E+000  0.000000000000000E+000  0.000000000000000E+000  0.000000000000000E+000  0.000000000000000E+000  0.000000000000000E+000  0.000000000000000E+000  0.000000000000000E+000  0.000000000000000E+000  0.000000000000000E+000  0.000000000000000E+000  0.000000000000000E+000  0.000000000000000E+000  0.000000000000000E+000  0.000000000000000E+000  0.000000000000000E+000  0.000000000000000E+000  0.000000000000000E+000  0.000000000000000E+000  0.000000000000000E+000
   38.5000053937314       0.000000000000000E+000  0.000000000000000E+000  0.000000000000000E+000  0.000000000000000E+000  0.000000000000000E+000  0.000000000000000E+000  0.000000000000000E+000  0.000000000000000E+000  0.000000000000000E+000  0.000000000000000E+000  0.000000000000000E+000  0.000000000000000E+000  0.000000000000000E+000  0.000000000000000E+000  0.000000000000000E+000  0.000000000000000E+000  0.000000000000000E+000  0.000000000000000E+000  0.000000000000000E+000  0.000000000000000E+000  0.000000000000000E+000  0.000000000000000E+000  0.000000000000000E+000  0.000000000000000E+000
   39.5000055338283       0.000000000000000E+000  0.000000000000000E+000  0.000000000000000E+000  0.000000000000000E+000  0.000000000000000E+000  0.000000000000000E+000  0.000000000000000E+000  0.000000000000000E+000  0.000000000000000E+000  0.000000000000000E+000  0.000000000000000E+000  0.000000000000000E+000  0.000000000000000E+000  0.000000000000000E+000  0.000000000000000E+000  0.000000000000000E+000  0.000000000000000E+000  0.000000000000000E+000  0.000000000000000E+000  0.000000000000000E+000  0.000000000000000E+000  0.000000000000000E+000  0.000000000000000E+000  0.000000000000000E+000
   40.5000056739253       0.000000000000000E+000  0.000000000000000E+000  0.000000000000000E+000  0.000000000000000E+000  0.000000000000000E+000  0.000000000000000E+000  0.000000000000000E+000  0.000000000000000E+000  0.000000000000000E+000  0.000000000000000E+000  0.000000000000000E+000  0.000000000000000E+000  0.000000000000000E+000  0.000000000000000E+000  0.000000000000000E+000  0.000000000000000E+000  0.000000000000000E+000  0.000000000000000E+000  0.000000000000000E+000  0.000000000000000E+000  0.000000000000000E+000  0.000000000000000E+000  0.000000000000000E+000  0.000000000000000E+000
   41.4000073258916       0.000000000000000E+000  0.000000000000000E+000  0.000000000000000E+000  0.000000000000000E+000  0.000000000000000E+000  0.000000000000000E+000  0.000000000000000E+000  0.000000000000000E+000  0.000000000000000E+000  0.000000000000000E+000  0.000000000000000E+000  0.000000000000000E+000  0.000000000000000E+000  0.000000000000000E+000  0.000000000000000E+000  0.000000000000000E+000  0.000000000000000E+000  0.000000000000000E+000  0.000000000000000E+000  0.000000000000000E+000  0.000000000000000E+000  0.000000000000000E+000  0.000000000000000E+000  0.000000000000000E+000
   42.2000066750296       0.000000000000000E+000  0.000000000000000E+000  0.000000000000000E+000  0.000000000000000E+000  0.000000000000000E+000  0.000000000000000E+000  0.000000000000000E+000  0.000000000000000E+000  0.000000000000000E+000  0.000000000000000E+000  0.000000000000000E+000  0.000000000000000E+000  0.000000000000000E+000  0.000000000000000E+000  0.000000000000000E+000  0.000000000000000E+000  0.000000000000000E+000  0.000000000000000E+000  0.000000000000000E+000  0.000000000000000E+000  0.000000000000000E+000  0.000000000000000E+000  0.000000000000000E+000  0.000000000000000E+000
   43.0000060241676       0.000000000000000E+000  0.000000000000000E+000  0.000000000000000E+000  0.000000000000000E+000  0.000000000000000E+000  0.000000000000000E+000  0.000000000000000E+000  0.000000000000000E+000  0.000000000000000E+000  0.000000000000000E+000  0.000000000000000E+000  0.000000000000000E+000  0.000000000000000E+000  0.000000000000000E+000  0.000000000000000E+000  0.000000000000000E+000  0.000000000000000E+000  0.000000000000000E+000  0.000000000000000E+000  0.000000000000000E+000  0.000000000000000E+000  0.000000000000000E+000  0.000000000000000E+000  0.000000000000000E+000
   44.1000046523951       0.000000000000000E+000  0.000000000000000E+000  0.000000000000000E+000  0.000000000000000E+000  0.000000000000000E+000  0.000000000000000E+000  0.000000000000000E+000  0.000000000000000E+000  0.000000000000000E+000  0.000000000000000E+000  0.000000000000000E+000  0.000000000000000E+000  0.000000000000000E+000  0.000000000000000E+000  0.000000000000000E+000  0.000000000000000E+000  0.000000000000000E+000  0.000000000000000E+000  0.000000000000000E+000  0.000000000000000E+000  0.000000000000000E+000  0.000000000000000E+000  0.000000000000000E+000  0.000000000000000E+000
   45.1000047924920       0.000000000000000E+000  0.000000000000000E+000  0.000000000000000E+000  0.000000000000000E+000  0.000000000000000E+000  0.000000000000000E+000  0.000000000000000E+000  0.000000000000000E+000  0.000000000000000E+000  0.000000000000000E+000  0.000000000000000E+000  0.000000000000000E+000  0.000000000000000E+000  0.000000000000000E+000  0.000000000000000E+000  0.000000000000000E+000  0.000000000000000E+000  0.000000000000000E+000  0.000000000000000E+000  0.000000000000000E+000  0.000000000000000E+000  0.000000000000000E+000  0.000000000000000E+000  0.000000000000000E+000
   46.0000064444583       0.000000000000000E+000  0.000000000000000E+000  0.000000000000000E+000  0.000000000000000E+000  0.000000000000000E+000  0.000000000000000E+000  0.000000000000000E+000  0.000000000000000E+000  0.000000000000000E+000  0.000000000000000E+000  0.000000000000000E+000  0.000000000000000E+000  0.000000000000000E+000  0.000000000000000E+000  0.000000000000000E+000  0.000000000000000E+000  0.000000000000000E+000  0.000000000000000E+000  0.000000000000000E+000  0.000000000000000E+000  0.000000000000000E+000  0.000000000000000E+000  0.000000000000000E+000  0.000000000000000E+000
   47.0000065845552       0.000000000000000E+000  0.000000000000000E+000  0.000000000000000E+000  0.000000000000000E+000  0.000000000000000E+000  0.000000000000000E+000  0.000000000000000E+000  0.000000000000000E+000  0.000000000000000E+000  0.000000000000000E+000  0.000000000000000E+000  0.000000000000000E+000  0.000000000000000E+000  0.000000000000000E+000  0.000000000000000E+000  0.000000000000000E+000  0.000000000000000E+000  0.000000000000000E+000  0.000000000000000E+000  0.000000000000000E+000  0.000000000000000E+000  0.000000000000000E+000  0.000000000000000E+000  0.000000000000000E+000
   48.0000067246522       0.000000000000000E+000  0.000000000000000E+000  0.000000000000000E+000  0.000000000000000E+000  0.000000000000000E+000  0.000000000000000E+000  0.000000000000000E+000  0.000000000000000E+000  0.000000000000000E+000  0.000000000000000E+000  0.000000000000000E+000  0.000000000000000E+000  0.000000000000000E+000  0.000000000000000E+000  0.000000000000000E+000  0.000000000000000E+000  0.000000000000000E+000  0.000000000000000E+000  0.000000000000000E+000  0.000000000000000E+000  0.000000000000000E+000  0.000000000000000E+000  0.000000000000000E+000  0.000000000000000E+000
   49.0000068647491       0.000000000000000E+000  0.000000000000000E+000  0.000000000000000E+000  0.000000000000000E+000  0.000000000000000E+000  0.000000000000000E+000  0.000000000000000E+000  0.000000000000000E+000  0.000000000000000E+000  0.000000000000000E+000  0.000000000000000E+000  0.000000000000000E+000  0.000000000000000E+000  0.000000000000000E+000  0.000000000000000E+000  0.000000000000000E+000  0.000000000000000E+000  0.000000000000000E+000  0.000000000000000E+000  0.000000000000000E+000  0.000000000000000E+000  0.000000000000000E+000  0.000000000000000E+000  0.000000000000000E+000
   50.0000070048460       0.000000000000000E+000  0.000000000000000E+000  0.000000000000000E+000  0.000000000000000E+000  0.000000000000000E+000  0.000000000000000E+000  0.000000000000000E+000  0.000000000000000E+000  0.000000000000000E+000  0.000000000000000E+000  0.000000000000000E+000  0.000000000000000E+000  0.000000000000000E+000  0.000000000000000E+000  0.000000000000000E+000  0.000000000000000E+000  0.000000000000000E+000  0.000000000000000E+000  0.000000000000000E+000  0.000000000000000E+000  0.000000000000000E+000  0.000000000000000E+000  0.000000000000000E+000  0.000000000000000E+000
   50.6000055630250       0.000000000000000E+000  0.000000000000000E+000  0.000000000000000E+000  0.000000000000000E+000  0.000000000000000E+000  0.000000000000000E+000  0.000000000000000E+000  0.000000000000000E+000  0.000000000000000E+000  0.000000000000000E+000  0.000000000000000E+000  0.000000000000000E+000  0.000000000000000E+000  0.000000000000000E+000  0.000000000000000E+000  0.000000000000000E+000  0.000000000000000E+000  0.000000000000000E+000  0.000000000000000E+000  0.000000000000000E+000  0.000000000000000E+000  0.000000000000000E+000  0.000000000000000E+000  0.000000000000000E+000
   51.2000079359019       0.000000000000000E+000  0.000000000000000E+000  0.000000000000000E+000  0.000000000000000E+000  0.000000000000000E+000  0.000000000000000E+000  0.000000000000000E+000  0.000000000000000E+000  0.000000000000000E+000  0.000000000000000E+000  0.000000000000000E+000  0.000000000000000E+000  0.000000000000000E+000  0.000000000000000E+000  0.000000000000000E+000  0.000000000000000E+000  0.000000000000000E+000  0.000000000000000E+000  0.000000000000000E+000  0.000000000000000E+000  0.000000000000000E+000  0.000000000000000E+000  0.000000000000000E+000  0.000000000000000E+000
   52.0000072850398       0.000000000000000E+000  0.000000000000000E+000  0.000000000000000E+000  0.000000000000000E+000  0.000000000000000E+000  0.000000000000000E+000  0.000000000000000E+000  0.000000000000000E+000  0.000000000000000E+000  0.000000000000000E+000  0.000000000000000E+000  0.000000000000000E+000  0.000000000000000E+000  0.000000000000000E+000  0.000000000000000E+000  0.000000000000000E+000  0.000000000000000E+000  0.000000000000000E+000  0.000000000000000E+000  0.000000000000000E+000  0.000000000000000E+000  0.000000000000000E+000  0.000000000000000E+000  0.000000000000000E+000
   53.0000074251368       0.000000000000000E+000  0.000000000000000E+000  0.000000000000000E+000  0.000000000000000E+000  0.000000000000000E+000  0.000000000000000E+000  0.000000000000000E+000  0.000000000000000E+000  0.000000000000000E+000  0.000000000000000E+000  0.000000000000000E+000  0.000000000000000E+000  0.000000000000000E+000  0.000000000000000E+000  0.000000000000000E+000  0.000000000000000E+000  0.000000000000000E+000  0.000000000000000E+000  0.000000000000000E+000  0.000000000000000E+000  0.000000000000000E+000  0.000000000000000E+000  0.000000000000000E+000  0.000000000000000E+000
   54.0000075652337       0.000000000000000E+000  0.000000000000000E+000  0.000000000000000E+000  0.000000000000000E+000  0.000000000000000E+000  0.000000000000000E+000  0.000000000000000E+000  0.000000000000000E+000  0.000000000000000E+000  0.000000000000000E+000  0.000000000000000E+000  0.000000000000000E+000  0.000000000000000E+000  0.000000000000000E+000  0.000000000000000E+000  0.000000000000000E+000  0.000000000000000E+000  0.000000000000000E+000  0.000000000000000E+000  0.000000000000000E+000  0.000000000000000E+000  0.000000000000000E+000  0.000000000000000E+000  0.000000000000000E+000
   55.0000077053306       0.000000000000000E+000  0.000000000000000E+000  0.000000000000000E+000  0.000000000000000E+000  0.000000000000000E+000  0.000000000000000E+000  0.000000000000000E+000  0.000000000000000E+000  0.000000000000000E+000  0.000000000000000E+000  0.000000000000000E+000  0.000000000000000E+000  0.000000000000000E+000  0.000000000000000E+000  0.000000000000000E+000  0.000000000000000E+000  0.000000000000000E+000  0.000000000000000E+000  0.000000000000000E+000  0.000000000000000E+000  0.000000000000000E+000  0.000000000000000E+000  0.000000000000000E+000  0.000000000000000E+000
   56.0000078454275       0.000000000000000E+000  0.000000000000000E+000  0.000000000000000E+000  0.000000000000000E+000  0.000000000000000E+000  0.000000000000000E+000  0.000000000000000E+000  0.000000000000000E+000  0.000000000000000E+000  0.000000000000000E+000  0.000000000000000E+000  0.000000000000000E+000  0.000000000000000E+000  0.000000000000000E+000  0.000000000000000E+000  0.000000000000000E+000  0.000000000000000E+000  0.000000000000000E+000  0.000000000000000E+000  0.000000000000000E+000  0.000000000000000E+000  0.000000000000000E+000  0.000000000000000E+000  0.000000000000000E+000
   57.0000079855244       0.000000000000000E+000  0.000000000000000E+000  0.000000000000000E+000  0.000000000000000E+000  0.000000000000000E+000  0.000000000000000E+000  0.000000000000000E+000  0.000000000000000E+000  0.000000000000000E+000  0.000000000000000E+000  0.000000000000000E+000  0.000000000000000E+000  0.000000000000000E+000  0.000000000000000E+000  0.000000000000000E+000  0.000000000000000E+000  0.000000000000000E+000  0.000000000000000E+000  0.000000000000000E+000  0.000000000000000E+000  0.000000000000000E+000  0.000000000000000E+000  0.000000000000000E+000  0.000000000000000E+000
   58.0000081256214       0.000000000000000E+000  0.000000000000000E+000  0.000000000000000E+000  0.000000000000000E+000  0.000000000000000E+000  0.000000000000000E+000  0.000000000000000E+000  0.000000000000000E+000  0.000000000000000E+000  0.000000000000000E+000  0.000000000000000E+000  0.000000000000000E+000  0.000000000000000E+000  0.000000000000000E+000  0.000000000000000E+000  0.000000000000000E+000  0.000000000000000E+000  0.000000000000000E+000  0.000000000000000E+000  0.000000000000000E+000  0.000000000000000E+000  0.000000000000000E+000  0.000000000000000E+000  0.000000000000000E+000
   59.0000082657183       0.000000000000000E+000  0.000000000000000E+000  0.000000000000000E+000  0.000000000000000E+000  0.000000000000000E+000  0.000000000000000E+000  0.000000000000000E+000  0.000000000000000E+000  0.000000000000000E+000  0.000000000000000E+000  0.000000000000000E+000  0.000000000000000E+000  0.000000000000000E+000  0.000000000000000E+000  0.000000000000000E+000  0.000000000000000E+000  0.000000000000000E+000  0.000000000000000E+000  0.000000000000000E+000  0.000000000000000E+000  0.000000000000000E+000  0.000000000000000E+000  0.000000000000000E+000  0.000000000000000E+000
   60.0000084058152       0.000000000000000E+000  0.000000000000000E+000  0.000000000000000E+000  0.000000000000000E+000  0.000000000000000E+000  0.000000000000000E+000  0.000000000000000E+000  0.000000000000000E+000  0.000000000000000E+000  0.000000000000000E+000  0.000000000000000E+000  0.000000000000000E+000  0.000000000000000E+000  0.000000000000000E+000  0.000000000000000E+000  0.000000000000000E+000  0.000000000000000E+000  0.000000000000000E+000  0.000000000000000E+000  0.000000000000000E+000  0.000000000000000E+000  0.000000000000000E+000  0.000000000000000E+000  0.000000000000000E+000
   61.0000085459121       0.000000000000000E+000  0.000000000000000E+000  0.000000000000000E+000  0.000000000000000E+000  0.000000000000000E+000  0.000000000000000E+000  0.000000000000000E+000  0.000000000000000E+000  0.000000000000000E+000  0.000000000000000E+000  0.000000000000000E+000  0.000000000000000E+000  0.000000000000000E+000  0.000000000000000E+000  0.000000000000000E+000  0.000000000000000E+000  0.000000000000000E+000  0.000000000000000E+000  0.000000000000000E+000  0.000000000000000E+000  0.000000000000000E+000  0.000000000000000E+000  0.000000000000000E+000  0.000000000000000E+000
   62.0000086860090       0.000000000000000E+000  0.000000000000000E+000  0.000000000000000E+000  0.000000000000000E+000  0.000000000000000E+000  0.000000000000000E+000  0.000000000000000E+000  0.000000000000000E+000  0.000000000000000E+000  0.000000000000000E+000  0.000000000000000E+000  0.000000000000000E+000  0.000000000000000E+000  0.000000000000000E+000  0.000000000000000E+000  0.000000000000000E+000  0.000000000000000E+000  0.000000000000000E+000  0.000000000000000E+000  0.000000000000000E+000  0.000000000000000E+000  0.000000000000000E+000  0.000000000000000E+000  0.000000000000000E+000
   63.0000088261060       0.000000000000000E+000  0.000000000000000E+000  0.000000000000000E+000  0.000000000000000E+000  0.000000000000000E+000  0.000000000000000E+000  0.000000000000000E+000  0.000000000000000E+000  0.000000000000000E+000  0.000000000000000E+000  0.000000000000000E+000  0.000000000000000E+000  0.000000000000000E+000  0.000000000000000E+000  0.000000000000000E+000  0.000000000000000E+000  0.000000000000000E+000  0.000000000000000E+000  0.000000000000000E+000  0.000000000000000E+000  0.000000000000000E+000  0.000000000000000E+000  0.000000000000000E+000  0.000000000000000E+000
   64.0000089662029       0.000000000000000E+000  0.000000000000000E+000  0.000000000000000E+000  0.000000000000000E+000  0.000000000000000E+000  0.000000000000000E+000  0.000000000000000E+000  0.000000000000000E+000  0.000000000000000E+000  0.000000000000000E+000  0.000000000000000E+000  0.000000000000000E+000  0.000000000000000E+000  0.000000000000000E+000  0.000000000000000E+000  0.000000000000000E+000  0.000000000000000E+000  0.000000000000000E+000  0.000000000000000E+000  0.000000000000000E+000  0.000000000000000E+000  0.000000000000000E+000  0.000000000000000E+000  0.000000000000000E+000
   65.0000091062998       0.000000000000000E+000  0.000000000000000E+000  0.000000000000000E+000  0.000000000000000E+000  0.000000000000000E+000  0.000000000000000E+000  0.000000000000000E+000  0.000000000000000E+000  0.000000000000000E+000  0.000000000000000E+000  0.000000000000000E+000  0.000000000000000E+000  0.000000000000000E+000  0.000000000000000E+000  0.000000000000000E+000  0.000000000000000E+000  0.000000000000000E+000  0.000000000000000E+000  0.000000000000000E+000  0.000000000000000E+000  0.000000000000000E+000  0.000000000000000E+000  0.000000000000000E+000  0.000000000000000E+000
   65.8000122701356       0.000000000000000E+000  0.000000000000000E+000  0.000000000000000E+000  0.000000000000000E+000  0.000000000000000E+000  0.000000000000000E+000  0.000000000000000E+000  0.000000000000000E+000  0.000000000000000E+000  0.000000000000000E+000  0.000000000000000E+000  0.000000000000000E+000  0.000000000000000E+000  0.000000000000000E+000  0.000000000000000E+000  0.000000000000000E+000  0.000000000000000E+000  0.000000000000000E+000  0.000000000000000E+000  0.000000000000000E+000  0.000000000000000E+000  0.000000000000000E+000  0.000000000000000E+000  0.000000000000000E+000
   66.5000093164452       0.000000000000000E+000  0.000000000000000E+000  0.000000000000000E+000  0.000000000000000E+000  0.000000000000000E+000  0.000000000000000E+000  0.000000000000000E+000  0.000000000000000E+000  0.000000000000000E+000  0.000000000000000E+000  0.000000000000000E+000  0.000000000000000E+000  0.000000000000000E+000  0.000000000000000E+000  0.000000000000000E+000  0.000000000000000E+000  0.000000000000000E+000  0.000000000000000E+000  0.000000000000000E+000  0.000000000000000E+000  0.000000000000000E+000  0.000000000000000E+000  0.000000000000000E+000  0.000000000000000E+000
   67.5000094565421       0.000000000000000E+000  0.000000000000000E+000  0.000000000000000E+000  0.000000000000000E+000  0.000000000000000E+000  0.000000000000000E+000  0.000000000000000E+000  0.000000000000000E+000  0.000000000000000E+000  0.000000000000000E+000  0.000000000000000E+000  0.000000000000000E+000  0.000000000000000E+000  0.000000000000000E+000  0.000000000000000E+000  0.000000000000000E+000  0.000000000000000E+000  0.000000000000000E+000  0.000000000000000E+000  0.000000000000000E+000  0.000000000000000E+000  0.000000000000000E+000  0.000000000000000E+000  0.000000000000000E+000
   68.5000095966390       0.000000000000000E+000  0.000000000000000E+000  0.000000000000000E+000  0.000000000000000E+000  0.000000000000000E+000  0.000000000000000E+000  0.000000000000000E+000  0.000000000000000E+000  0.000000000000000E+000  0.000000000000000E+000  0.000000000000000E+000  0.000000000000000E+000  0.000000000000000E+000  0.000000000000000E+000  0.000000000000000E+000  0.000000000000000E+000  0.000000000000000E+000  0.000000000000000E+000  0.000000000000000E+000  0.000000000000000E+000  0.000000000000000E+000  0.000000000000000E+000  0.000000000000000E+000  0.000000000000000E+000
   69.5000097367359       0.000000000000000E+000  0.000000000000000E+000  0.000000000000000E+000  0.000000000000000E+000  0.000000000000000E+000  0.000000000000000E+000  0.000000000000000E+000  0.000000000000000E+000  0.000000000000000E+000  0.000000000000000E+000  0.000000000000000E+000  0.000000000000000E+000  0.000000000000000E+000  0.000000000000000E+000  0.000000000000000E+000  0.000000000000000E+000  0.000000000000000E+000  0.000000000000000E+000  0.000000000000000E+000  0.000000000000000E+000  0.000000000000000E+000  0.000000000000000E+000  0.000000000000000E+000  0.000000000000000E+000
   70.5000098768329       0.000000000000000E+000  0.000000000000000E+000  0.000000000000000E+000  0.000000000000000E+000  0.000000000000000E+000  0.000000000000000E+000  0.000000000000000E+000  0.000000000000000E+000  0.000000000000000E+000  0.000000000000000E+000  0.000000000000000E+000  0.000000000000000E+000  0.000000000000000E+000  0.000000000000000E+000  0.000000000000000E+000  0.000000000000000E+000  0.000000000000000E+000  0.000000000000000E+000  0.000000000000000E+000  0.000000000000000E+000  0.000000000000000E+000  0.000000000000000E+000  0.000000000000000E+000  0.000000000000000E+000
   71.6000085050603       0.000000000000000E+000  0.000000000000000E+000  0.000000000000000E+000  0.000000000000000E+000  0.000000000000000E+000  0.000000000000000E+000  0.000000000000000E+000  0.000000000000000E+000  0.000000000000000E+000  0.000000000000000E+000  0.000000000000000E+000  0.000000000000000E+000  0.000000000000000E+000  0.000000000000000E+000  0.000000000000000E+000  0.000000000000000E+000  0.000000000000000E+000  0.000000000000000E+000  0.000000000000000E+000  0.000000000000000E+000  0.000000000000000E+000  0.000000000000000E+000  0.000000000000000E+000  0.000000000000000E+000
   72.6000086451573       0.000000000000000E+000  0.000000000000000E+000  0.000000000000000E+000  0.000000000000000E+000  0.000000000000000E+000  0.000000000000000E+000  0.000000000000000E+000  0.000000000000000E+000  0.000000000000000E+000  0.000000000000000E+000  0.000000000000000E+000  0.000000000000000E+000  0.000000000000000E+000  0.000000000000000E+000  0.000000000000000E+000  0.000000000000000E+000  0.000000000000000E+000  0.000000000000000E+000  0.000000000000000E+000  0.000000000000000E+000  0.000000000000000E+000  0.000000000000000E+000  0.000000000000000E+000  0.000000000000000E+000
   73.5000102971236       0.000000000000000E+000  0.000000000000000E+000  0.000000000000000E+000  0.000000000000000E+000  0.000000000000000E+000  0.000000000000000E+000  0.000000000000000E+000  0.000000000000000E+000  0.000000000000000E+000  0.000000000000000E+000  0.000000000000000E+000  0.000000000000000E+000  0.000000000000000E+000  0.000000000000000E+000  0.000000000000000E+000  0.000000000000000E+000  0.000000000000000E+000  0.000000000000000E+000  0.000000000000000E+000  0.000000000000000E+000  0.000000000000000E+000  0.000000000000000E+000  0.000000000000000E+000  0.000000000000000E+000
   74.5000104372205       0.000000000000000E+000  0.000000000000000E+000  0.000000000000000E+000  0.000000000000000E+000  0.000000000000000E+000  0.000000000000000E+000  0.000000000000000E+000  0.000000000000000E+000  0.000000000000000E+000  0.000000000000000E+000  0.000000000000000E+000  0.000000000000000E+000  0.000000000000000E+000  0.000000000000000E+000  0.000000000000000E+000  0.000000000000000E+000  0.000000000000000E+000  0.000000000000000E+000  0.000000000000000E+000  0.000000000000000E+000  0.000000000000000E+000  0.000000000000000E+000  0.000000000000000E+000  0.000000000000000E+000
   75.5000105773175       0.000000000000000E+000  0.000000000000000E+000  0.000000000000000E+000  0.000000000000000E+000  0.000000000000000E+000  0.000000000000000E+000  0.000000000000000E+000  0.000000000000000E+000  0.000000000000000E+000  0.000000000000000E+000  0.000000000000000E+000  0.000000000000000E+000  0.000000000000000E+000  0.000000000000000E+000  0.000000000000000E+000  0.000000000000000E+000  0.000000000000000E+000  0.000000000000000E+000  0.000000000000000E+000  0.000000000000000E+000  0.000000000000000E+000  0.000000000000000E+000  0.000000000000000E+000  0.000000000000000E+000
   76.5000107174144       0.000000000000000E+000  0.000000000000000E+000  0.000000000000000E+000  0.000000000000000E+000  0.000000000000000E+000  0.000000000000000E+000  0.000000000000000E+000  0.000000000000000E+000  0.000000000000000E+000  0.000000000000000E+000  0.000000000000000E+000  0.000000000000000E+000  0.000000000000000E+000  0.000000000000000E+000  0.000000000000000E+000  0.000000000000000E+000  0.000000000000000E+000  0.000000000000000E+000  0.000000000000000E+000  0.000000000000000E+000  0.000000000000000E+000  0.000000000000000E+000  0.000000000000000E+000  0.000000000000000E+000
   77.5000108575113       0.000000000000000E+000  0.000000000000000E+000  0.000000000000000E+000  0.000000000000000E+000  0.000000000000000E+000  0.000000000000000E+000  0.000000000000000E+000  0.000000000000000E+000  0.000000000000000E+000  0.000000000000000E+000  0.000000000000000E+000  0.000000000000000E+000  0.000000000000000E+000  0.000000000000000E+000  0.000000000000000E+000  0.000000000000000E+000  0.000000000000000E+000  0.000000000000000E+000  0.000000000000000E+000  0.000000000000000E+000  0.000000000000000E+000  0.000000000000000E+000  0.000000000000000E+000  0.000000000000000E+000
   78.5000109976082       0.000000000000000E+000  0.000000000000000E+000  0.000000000000000E+000  0.000000000000000E+000  0.000000000000000E+000  0.000000000000000E+000  0.000000000000000E+000  0.000000000000000E+000  0.000000000000000E+000  0.000000000000000E+000  0.000000000000000E+000  0.000000000000000E+000  0.000000000000000E+000  0.000000000000000E+000  0.000000000000000E+000  0.000000000000000E+000  0.000000000000000E+000  0.000000000000000E+000  0.000000000000000E+000  0.000000000000000E+000  0.000000000000000E+000  0.000000000000000E+000  0.000000000000000E+000  0.000000000000000E+000
   79.5000111377051       0.000000000000000E+000  0.000000000000000E+000  0.000000000000000E+000  0.000000000000000E+000  0.000000000000000E+000  0.000000000000000E+000  0.000000000000000E+000  0.000000000000000E+000  0.000000000000000E+000  0.000000000000000E+000  0.000000000000000E+000  0.000000000000000E+000  0.000000000000000E+000  0.000000000000000E+000  0.000000000000000E+000  0.000000000000000E+000  0.000000000000000E+000  0.000000000000000E+000  0.000000000000000E+000  0.000000000000000E+000  0.000000000000000E+000  0.000000000000000E+000  0.000000000000000E+000  0.000000000000000E+000
   80.5000112778021       0.000000000000000E+000  0.000000000000000E+000  0.000000000000000E+000  0.000000000000000E+000  0.000000000000000E+000  0.000000000000000E+000  0.000000000000000E+000  0.000000000000000E+000  0.000000000000000E+000  0.000000000000000E+000  0.000000000000000E+000  0.000000000000000E+000  0.000000000000000E+000  0.000000000000000E+000  0.000000000000000E+000  0.000000000000000E+000  0.000000000000000E+000  0.000000000000000E+000  0.000000000000000E+000  0.000000000000000E+000  0.000000000000000E+000  0.000000000000000E+000  0.000000000000000E+000  0.000000000000000E+000
   81.5000114178990       0.000000000000000E+000  0.000000000000000E+000  0.000000000000000E+000  0.000000000000000E+000  0.000000000000000E+000  0.000000000000000E+000  0.000000000000000E+000  0.000000000000000E+000  0.000000000000000E+000  0.000000000000000E+000  0.000000000000000E+000  0.000000000000000E+000  0.000000000000000E+000  0.000000000000000E+000  0.000000000000000E+000  0.000000000000000E+000  0.000000000000000E+000  0.000000000000000E+000  0.000000000000000E+000  0.000000000000000E+000  0.000000000000000E+000  0.000000000000000E+000  0.000000000000000E+000  0.000000000000000E+000
   82.5000115579959       0.000000000000000E+000  0.000000000000000E+000  0.000000000000000E+000  0.000000000000000E+000  0.000000000000000E+000  0.000000000000000E+000  0.000000000000000E+000  0.000000000000000E+000  0.000000000000000E+000  0.000000000000000E+000  0.000000000000000E+000  0.000000000000000E+000  0.000000000000000E+000  0.000000000000000E+000  0.000000000000000E+000  0.000000000000000E+000  0.000000000000000E+000  0.000000000000000E+000  0.000000000000000E+000  0.000000000000000E+000  0.000000000000000E+000  0.000000000000000E+000  0.000000000000000E+000  0.000000000000000E+000
   83.5000116980928       0.000000000000000E+000  0.000000000000000E+000  0.000000000000000E+000  0.000000000000000E+000  0.000000000000000E+000  0.000000000000000E+000  0.000000000000000E+000  0.000000000000000E+000  0.000000000000000E+000  0.000000000000000E+000  0.000000000000000E+000  0.000000000000000E+000  0.000000000000000E+000  0.000000000000000E+000  0.000000000000000E+000  0.000000000000000E+000  0.000000000000000E+000  0.000000000000000E+000  0.000000000000000E+000  0.000000000000000E+000  0.000000000000000E+000  0.000000000000000E+000  0.000000000000000E+000  0.000000000000000E+000
   84.5000118381897       0.000000000000000E+000  0.000000000000000E+000  0.000000000000000E+000  0.000000000000000E+000  0.000000000000000E+000  0.000000000000000E+000  0.000000000000000E+000  0.000000000000000E+000  0.000000000000000E+000  0.000000000000000E+000  0.000000000000000E+000  0.000000000000000E+000  0.000000000000000E+000  0.000000000000000E+000  0.000000000000000E+000  0.000000000000000E+000  0.000000000000000E+000  0.000000000000000E+000  0.000000000000000E+000  0.000000000000000E+000  0.000000000000000E+000  0.000000000000000E+000  0.000000000000000E+000  0.000000000000000E+000
   85.5000119782867       0.000000000000000E+000  0.000000000000000E+000  0.000000000000000E+000  0.000000000000000E+000  0.000000000000000E+000  0.000000000000000E+000  0.000000000000000E+000  0.000000000000000E+000  0.000000000000000E+000  0.000000000000000E+000  0.000000000000000E+000  0.000000000000000E+000  0.000000000000000E+000  0.000000000000000E+000  0.000000000000000E+000  0.000000000000000E+000  0.000000000000000E+000  0.000000000000000E+000  0.000000000000000E+000  0.000000000000000E+000  0.000000000000000E+000  0.000000000000000E+000  0.000000000000000E+000  0.000000000000000E+000
   86.5000121183836       0.000000000000000E+000  0.000000000000000E+000  0.000000000000000E+000  0.000000000000000E+000  0.000000000000000E+000  0.000000000000000E+000  0.000000000000000E+000  0.000000000000000E+000  0.000000000000000E+000  0.000000000000000E+000  0.000000000000000E+000  0.000000000000000E+000  0.000000000000000E+000  0.000000000000000E+000  0.000000000000000E+000  0.000000000000000E+000  0.000000000000000E+000  0.000000000000000E+000  0.000000000000000E+000  0.000000000000000E+000  0.000000000000000E+000  0.000000000000000E+000  0.000000000000000E+000  0.000000000000000E+000
   87.5000122584805       0.000000000000000E+000  0.000000000000000E+000  0.000000000000000E+000  0.000000000000000E+000  0.000000000000000E+000  0.000000000000000E+000  0.000000000000000E+000  0.000000000000000E+000  0.000000000000000E+000  0.000000000000000E+000  0.000000000000000E+000  0.000000000000000E+000  0.000000000000000E+000  0.000000000000000E+000  0.000000000000000E+000  0.000000000000000E+000  0.000000000000000E+000  0.000000000000000E+000  0.000000000000000E+000  0.000000000000000E+000  0.000000000000000E+000  0.000000000000000E+000  0.000000000000000E+000  0.000000000000000E+000
   88.5000123985774       0.000000000000000E+000  0.000000000000000E+000  0.000000000000000E+000  0.000000000000000E+000  0.000000000000000E+000  0.000000000000000E+000  0.000000000000000E+000  0.000000000000000E+000  0.000000000000000E+000  0.000000000000000E+000  0.000000000000000E+000  0.000000000000000E+000  0.000000000000000E+000  0.000000000000000E+000  0.000000000000000E+000  0.000000000000000E+000  0.000000000000000E+000  0.000000000000000E+000  0.000000000000000E+000  0.000000000000000E+000  0.000000000000000E+000  0.000000000000000E+000  0.000000000000000E+000  0.000000000000000E+000
   89.5000125386743       0.000000000000000E+000  0.000000000000000E+000  0.000000000000000E+000  0.000000000000000E+000  0.000000000000000E+000  0.000000000000000E+000  0.000000000000000E+000  0.000000000000000E+000  0.000000000000000E+000  0.000000000000000E+000  0.000000000000000E+000  0.000000000000000E+000  0.000000000000000E+000  0.000000000000000E+000  0.000000000000000E+000  0.000000000000000E+000  0.000000000000000E+000  0.000000000000000E+000  0.000000000000000E+000  0.000000000000000E+000  0.000000000000000E+000  0.000000000000000E+000  0.000000000000000E+000  0.000000000000000E+000
   90.5000126787713       0.000000000000000E+000  0.000000000000000E+000  0.000000000000000E+000  0.000000000000000E+000  0.000000000000000E+000  0.000000000000000E+000  0.000000000000000E+000  0.000000000000000E+000  0.000000000000000E+000  0.000000000000000E+000  0.000000000000000E+000  0.000000000000000E+000  0.000000000000000E+000  0.000000000000000E+000  0.000000000000000E+000  0.000000000000000E+000  0.000000000000000E+000  0.000000000000000E+000  0.000000000000000E+000  0.000000000000000E+000  0.000000000000000E+000  0.000000000000000E+000  0.000000000000000E+000  0.000000000000000E+000
   91.5000128188682       0.000000000000000E+000  0.000000000000000E+000  0.000000000000000E+000  0.000000000000000E+000  0.000000000000000E+000  0.000000000000000E+000  0.000000000000000E+000  0.000000000000000E+000  0.000000000000000E+000  0.000000000000000E+000  0.000000000000000E+000  0.000000000000000E+000  0.000000000000000E+000  0.000000000000000E+000  0.000000000000000E+000  0.000000000000000E+000  0.000000000000000E+000  0.000000000000000E+000  0.000000000000000E+000  0.000000000000000E+000  0.000000000000000E+000  0.000000000000000E+000  0.000000000000000E+000  0.000000000000000E+000
   92.5000129589651       0.000000000000000E+000  0.000000000000000E+000  0.000000000000000E+000  0.000000000000000E+000  0.000000000000000E+000  0.000000000000000E+000  0.000000000000000E+000  0.000000000000000E+000  0.000000000000000E+000  0.000000000000000E+000  0.000000000000000E+000  0.000000000000000E+000  0.000000000000000E+000  0.000000000000000E+000  0.000000000000000E+000  0.000000000000000E+000  0.000000000000000E+000  0.000000000000000E+000  0.000000000000000E+000  0.000000000000000E+000  0.000000000000000E+000  0.000000000000000E+000  0.000000000000000E+000  0.000000000000000E+000
   93.5000130990620       0.000000000000000E+000  0.000000000000000E+000  0.000000000000000E+000  0.000000000000000E+000  0.000000000000000E+000  0.000000000000000E+000  0.000000000000000E+000  0.000000000000000E+000  0.000000000000000E+000  0.000000000000000E+000  0.000000000000000E+000  0.000000000000000E+000  0.000000000000000E+000  0.000000000000000E+000  0.000000000000000E+000  0.000000000000000E+000  0.000000000000000E+000  0.000000000000000E+000  0.000000000000000E+000  0.000000000000000E+000  0.000000000000000E+000  0.000000000000000E+000  0.000000000000000E+000  0.000000000000000E+000
   94.5000132391589       0.000000000000000E+000  0.000000000000000E+000  0.000000000000000E+000  0.000000000000000E+000  0.000000000000000E+000  0.000000000000000E+000  0.000000000000000E+000  0.000000000000000E+000  0.000000000000000E+000  0.000000000000000E+000  0.000000000000000E+000  0.000000000000000E+000  0.000000000000000E+000  0.000000000000000E+000  0.000000000000000E+000  0.000000000000000E+000  0.000000000000000E+000  0.000000000000000E+000  0.000000000000000E+000  0.000000000000000E+000  0.000000000000000E+000  0.000000000000000E+000  0.000000000000000E+000  0.000000000000000E+000
   95.5000133792558       0.000000000000000E+000  0.000000000000000E+000  0.000000000000000E+000  0.000000000000000E+000  0.000000000000000E+000  0.000000000000000E+000  0.000000000000000E+000  0.000000000000000E+000  0.000000000000000E+000  0.000000000000000E+000  0.000000000000000E+000  0.000000000000000E+000  0.000000000000000E+000  0.000000000000000E+000  0.000000000000000E+000  0.000000000000000E+000  0.000000000000000E+000  0.000000000000000E+000  0.000000000000000E+000  0.000000000000000E+000  0.000000000000000E+000  0.000000000000000E+000  0.000000000000000E+000  0.000000000000000E+000
   96.5000135193528       0.000000000000000E+000  0.000000000000000E+000  0.000000000000000E+000  0.000000000000000E+000  0.000000000000000E+000  0.000000000000000E+000  0.000000000000000E+000  0.000000000000000E+000  0.000000000000000E+000  0.000000000000000E+000  0.000000000000000E+000  0.000000000000000E+000  0.000000000000000E+000  0.000000000000000E+000  0.000000000000000E+000  0.000000000000000E+000  0.000000000000000E+000  0.000000000000000E+000  0.000000000000000E+000  0.000000000000000E+000  0.000000000000000E+000  0.000000000000000E+000  0.000000000000000E+000  0.000000000000000E+000
   97.5000136594497       0.000000000000000E+000  0.000000000000000E+000  0.000000000000000E+000  0.000000000000000E+000  0.000000000000000E+000  0.000000000000000E+000  0.000000000000000E+000  0.000000000000000E+000  0.000000000000000E+000  0.000000000000000E+000  0.000000000000000E+000  0.000000000000000E+000  0.000000000000000E+000  0.000000000000000E+000  0.000000000000000E+000  0.000000000000000E+000  0.000000000000000E+000  0.000000000000000E+000  0.000000000000000E+000  0.000000000000000E+000  0.000000000000000E+000  0.000000000000000E+000  0.000000000000000E+000  0.000000000000000E+000
   98.5000137995466       0.000000000000000E+000  0.000000000000000E+000  0.000000000000000E+000  0.000000000000000E+000  0.000000000000000E+000  0.000000000000000E+000  0.000000000000000E+000  0.000000000000000E+000  0.000000000000000E+000  0.000000000000000E+000  0.000000000000000E+000  0.000000000000000E+000  0.000000000000000E+000  0.000000000000000E+000  0.000000000000000E+000  0.000000000000000E+000  0.000000000000000E+000  0.000000000000000E+000  0.000000000000000E+000  0.000000000000000E+000  0.000000000000000E+000  0.000000000000000E+000  0.000000000000000E+000  0.000000000000000E+000
   99.5000139396435       0.000000000000000E+000  0.000000000000000E+000  0.000000000000000E+000  0.000000000000000E+000  0.000000000000000E+000  0.000000000000000E+000  0.000000000000000E+000  0.000000000000000E+000  0.000000000000000E+000  0.000000000000000E+000  0.000000000000000E+000  0.000000000000000E+000  0.000000000000000E+000  0.000000000000000E+000  0.000000000000000E+000  0.000000000000000E+000  0.000000000000000E+000  0.000000000000000E+000  0.000000000000000E+000  0.000000000000000E+000  0.000000000000000E+000  0.000000000000000E+000  0.000000000000000E+000  0.000000000000000E+000
   100.500014079740       0.000000000000000E+000  0.000000000000000E+000  0.000000000000000E+000  0.000000000000000E+000  0.000000000000000E+000  0.000000000000000E+000  0.000000000000000E+000  0.000000000000000E+000  0.000000000000000E+000  0.000000000000000E+000  0.000000000000000E+000  0.000000000000000E+000  0.000000000000000E+000  0.000000000000000E+000  0.000000000000000E+000  0.000000000000000E+000  0.000000000000000E+000  0.000000000000000E+000  0.000000000000000E+000  0.000000000000000E+000  0.000000000000000E+000  0.000000000000000E+000  0.000000000000000E+000  0.000000000000000E+000
   101.500014219837       0.000000000000000E+000  0.000000000000000E+000  0.000000000000000E+000  0.000000000000000E+000  0.000000000000000E+000  0.000000000000000E+000  0.000000000000000E+000  0.000000000000000E+000  0.000000000000000E+000  0.000000000000000E+000  0.000000000000000E+000  0.000000000000000E+000  0.000000000000000E+000  0.000000000000000E+000  0.000000000000000E+000  0.000000000000000E+000  0.000000000000000E+000  0.000000000000000E+000  0.000000000000000E+000  0.000000000000000E+000  0.000000000000000E+000  0.000000000000000E+000  0.000000000000000E+000  0.000000000000000E+000
   102.500014359934       0.000000000000000E+000  0.000000000000000E+000  0.000000000000000E+000  0.000000000000000E+000  0.000000000000000E+000  0.000000000000000E+000  0.000000000000000E+000  0.000000000000000E+000  0.000000000000000E+000  0.000000000000000E+000  0.000000000000000E+000  0.000000000000000E+000  0.000000000000000E+000  0.000000000000000E+000  0.000000000000000E+000  0.000000000000000E+000  0.000000000000000E+000  0.000000000000000E+000  0.000000000000000E+000  0.000000000000000E+000  0.000000000000000E+000  0.000000000000000E+000  0.000000000000000E+000  0.000000000000000E+000
   103.500014500031       0.000000000000000E+000  0.000000000000000E+000  0.000000000000000E+000  0.000000000000000E+000  0.000000000000000E+000  0.000000000000000E+000  0.000000000000000E+000  0.000000000000000E+000  0.000000000000000E+000  0.000000000000000E+000  0.000000000000000E+000  0.000000000000000E+000  0.000000000000000E+000  0.000000000000000E+000  0.000000000000000E+000  0.000000000000000E+000  0.000000000000000E+000  0.000000000000000E+000  0.000000000000000E+000  0.000000000000000E+000  0.000000000000000E+000  0.000000000000000E+000  0.000000000000000E+000  0.000000000000000E+000
   104.500014640128       0.000000000000000E+000  0.000000000000000E+000  0.000000000000000E+000  0.000000000000000E+000  0.000000000000000E+000  0.000000000000000E+000  0.000000000000000E+000  0.000000000000000E+000  0.000000000000000E+000  0.000000000000000E+000  0.000000000000000E+000  0.000000000000000E+000  0.000000000000000E+000  0.000000000000000E+000  0.000000000000000E+000  0.000000000000000E+000  0.000000000000000E+000  0.000000000000000E+000  0.000000000000000E+000  0.000000000000000E+000  0.000000000000000E+000  0.000000000000000E+000  0.000000000000000E+000  0.000000000000000E+000
   105.500014780225       0.000000000000000E+000  0.000000000000000E+000  0.000000000000000E+000  0.000000000000000E+000  0.000000000000000E+000  0.000000000000000E+000  0.000000000000000E+000  0.000000000000000E+000  0.000000000000000E+000  0.000000000000000E+000  0.000000000000000E+000  0.000000000000000E+000  0.000000000000000E+000  0.000000000000000E+000  0.000000000000000E+000  0.000000000000000E+000  0.000000000000000E+000  0.000000000000000E+000  0.000000000000000E+000  0.000000000000000E+000  0.000000000000000E+000  0.000000000000000E+000  0.000000000000000E+000  0.000000000000000E+000
   106.500014920322       0.000000000000000E+000  0.000000000000000E+000  0.000000000000000E+000  0.000000000000000E+000  0.000000000000000E+000  0.000000000000000E+000  0.000000000000000E+000  0.000000000000000E+000  0.000000000000000E+000  0.000000000000000E+000  0.000000000000000E+000  0.000000000000000E+000  0.000000000000000E+000  0.000000000000000E+000  0.000000000000000E+000  0.000000000000000E+000  0.000000000000000E+000  0.000000000000000E+000  0.000000000000000E+000  0.000000000000000E+000  0.000000000000000E+000  0.000000000000000E+000  0.000000000000000E+000  0.000000000000000E+000
   107.500015060419       0.000000000000000E+000  0.000000000000000E+000  0.000000000000000E+000  0.000000000000000E+000  0.000000000000000E+000  0.000000000000000E+000  0.000000000000000E+000  0.000000000000000E+000  0.000000000000000E+000  0.000000000000000E+000  0.000000000000000E+000  0.000000000000000E+000  0.000000000000000E+000  0.000000000000000E+000  0.000000000000000E+000  0.000000000000000E+000  0.000000000000000E+000  0.000000000000000E+000  0.000000000000000E+000  0.000000000000000E+000  0.000000000000000E+000  0.000000000000000E+000  0.000000000000000E+000  0.000000000000000E+000
   108.500015200516       0.000000000000000E+000  0.000000000000000E+000  0.000000000000000E+000  0.000000000000000E+000  0.000000000000000E+000  0.000000000000000E+000  0.000000000000000E+000  0.000000000000000E+000  0.000000000000000E+000  0.000000000000000E+000  0.000000000000000E+000  0.000000000000000E+000  0.000000000000000E+000  0.000000000000000E+000  0.000000000000000E+000  0.000000000000000E+000  0.000000000000000E+000  0.000000000000000E+000  0.000000000000000E+000  0.000000000000000E+000  0.000000000000000E+000  0.000000000000000E+000  0.000000000000000E+000  0.000000000000000E+000
   109.500015340613       0.000000000000000E+000  0.000000000000000E+000  0.000000000000000E+000  0.000000000000000E+000  0.000000000000000E+000  0.000000000000000E+000  0.000000000000000E+000  0.000000000000000E+000  0.000000000000000E+000  0.000000000000000E+000  0.000000000000000E+000  0.000000000000000E+000  0.000000000000000E+000  0.000000000000000E+000  0.000000000000000E+000  0.000000000000000E+000  0.000000000000000E+000  0.000000000000000E+000  0.000000000000000E+000  0.000000000000000E+000  0.000000000000000E+000  0.000000000000000E+000  0.000000000000000E+000  0.000000000000000E+000
   110.500015480710       0.000000000000000E+000  0.000000000000000E+000  0.000000000000000E+000  0.000000000000000E+000  0.000000000000000E+000  0.000000000000000E+000  0.000000000000000E+000  0.000000000000000E+000  0.000000000000000E+000  0.000000000000000E+000  0.000000000000000E+000  0.000000000000000E+000  0.000000000000000E+000  0.000000000000000E+000  0.000000000000000E+000  0.000000000000000E+000  0.000000000000000E+000  0.000000000000000E+000  0.000000000000000E+000  0.000000000000000E+000  0.000000000000000E+000  0.000000000000000E+000  0.000000000000000E+000  0.000000000000000E+000
   111.500015620807       0.000000000000000E+000  0.000000000000000E+000  0.000000000000000E+000  0.000000000000000E+000  0.000000000000000E+000  0.000000000000000E+000  0.000000000000000E+000  0.000000000000000E+000  0.000000000000000E+000  0.000000000000000E+000  0.000000000000000E+000  0.000000000000000E+000  0.000000000000000E+000  0.000000000000000E+000  0.000000000000000E+000  0.000000000000000E+000  0.000000000000000E+000  0.000000000000000E+000  0.000000000000000E+000  0.000000000000000E+000  0.000000000000000E+000  0.000000000000000E+000  0.000000000000000E+000  0.000000000000000E+000
   112.500015760903       0.000000000000000E+000  0.000000000000000E+000  0.000000000000000E+000  0.000000000000000E+000  0.000000000000000E+000  0.000000000000000E+000  0.000000000000000E+000  0.000000000000000E+000  0.000000000000000E+000  0.000000000000000E+000  0.000000000000000E+000  0.000000000000000E+000  0.000000000000000E+000  0.000000000000000E+000  0.000000000000000E+000  0.000000000000000E+000  0.000000000000000E+000  0.000000000000000E+000  0.000000000000000E+000  0.000000000000000E+000  0.000000000000000E+000  0.000000000000000E+000  0.000000000000000E+000  0.000000000000000E+000
   113.500015901000       0.000000000000000E+000  0.000000000000000E+000  0.000000000000000E+000  0.000000000000000E+000  0.000000000000000E+000  0.000000000000000E+000  0.000000000000000E+000  0.000000000000000E+000  0.000000000000000E+000  0.000000000000000E+000  0.000000000000000E+000  0.000000000000000E+000  0.000000000000000E+000  0.000000000000000E+000  0.000000000000000E+000  0.000000000000000E+000  0.000000000000000E+000  0.000000000000000E+000  0.000000000000000E+000  0.000000000000000E+000  0.000000000000000E+000  0.000000000000000E+000  0.000000000000000E+000  0.000000000000000E+000
   114.500016041097       0.000000000000000E+000  0.000000000000000E+000  0.000000000000000E+000  0.000000000000000E+000  0.000000000000000E+000  0.000000000000000E+000  0.000000000000000E+000  0.000000000000000E+000  0.000000000000000E+000  0.000000000000000E+000  0.000000000000000E+000  0.000000000000000E+000  0.000000000000000E+000  0.000000000000000E+000  0.000000000000000E+000  0.000000000000000E+000  0.000000000000000E+000  0.000000000000000E+000  0.000000000000000E+000  0.000000000000000E+000  0.000000000000000E+000  0.000000000000000E+000  0.000000000000000E+000  0.000000000000000E+000
   115.500016181194       0.000000000000000E+000  0.000000000000000E+000  0.000000000000000E+000  0.000000000000000E+000  0.000000000000000E+000  0.000000000000000E+000  0.000000000000000E+000  0.000000000000000E+000  0.000000000000000E+000  0.000000000000000E+000  0.000000000000000E+000  0.000000000000000E+000  0.000000000000000E+000  0.000000000000000E+000  0.000000000000000E+000  0.000000000000000E+000  0.000000000000000E+000  0.000000000000000E+000  0.000000000000000E+000  0.000000000000000E+000  0.000000000000000E+000  0.000000000000000E+000  0.000000000000000E+000  0.000000000000000E+000
   116.500016321291       0.000000000000000E+000  0.000000000000000E+000  0.000000000000000E+000  0.000000000000000E+000  0.000000000000000E+000  0.000000000000000E+000  0.000000000000000E+000  0.000000000000000E+000  0.000000000000000E+000  0.000000000000000E+000  0.000000000000000E+000  0.000000000000000E+000  0.000000000000000E+000  0.000000000000000E+000  0.000000000000000E+000  0.000000000000000E+000  0.000000000000000E+000  0.000000000000000E+000  0.000000000000000E+000  0.000000000000000E+000  0.000000000000000E+000  0.000000000000000E+000  0.000000000000000E+000  0.000000000000000E+000
   117.500016461388       0.000000000000000E+000  0.000000000000000E+000  0.000000000000000E+000  0.000000000000000E+000  0.000000000000000E+000  0.000000000000000E+000  0.000000000000000E+000  0.000000000000000E+000  0.000000000000000E+000  0.000000000000000E+000  0.000000000000000E+000  0.000000000000000E+000  0.000000000000000E+000  0.000000000000000E+000  0.000000000000000E+000  0.000000000000000E+000  0.000000000000000E+000  0.000000000000000E+000  0.000000000000000E+000  0.000000000000000E+000  0.000000000000000E+000  0.000000000000000E+000  0.000000000000000E+000  0.000000000000000E+000
   118.500016601485       0.000000000000000E+000  0.000000000000000E+000  0.000000000000000E+000  0.000000000000000E+000  0.000000000000000E+000  0.000000000000000E+000  0.000000000000000E+000  0.000000000000000E+000  0.000000000000000E+000  0.000000000000000E+000  0.000000000000000E+000  0.000000000000000E+000  0.000000000000000E+000  0.000000000000000E+000  0.000000000000000E+000  0.000000000000000E+000  0.000000000000000E+000  0.000000000000000E+000  0.000000000000000E+000  0.000000000000000E+000  0.000000000000000E+000  0.000000000000000E+000  0.000000000000000E+000  0.000000000000000E+000
   119.500016741582       0.000000000000000E+000  0.000000000000000E+000  0.000000000000000E+000  0.000000000000000E+000  0.000000000000000E+000  0.000000000000000E+000  0.000000000000000E+000  0.000000000000000E+000  0.000000000000000E+000  0.000000000000000E+000  0.000000000000000E+000  0.000000000000000E+000  0.000000000000000E+000  0.000000000000000E+000  0.000000000000000E+000  0.000000000000000E+000  0.000000000000000E+000  0.000000000000000E+000  0.000000000000000E+000  0.000000000000000E+000  0.000000000000000E+000  0.000000000000000E+000  0.000000000000000E+000  0.000000000000000E+000
   120.500016881679       0.000000000000000E+000  0.000000000000000E+000  0.000000000000000E+000  0.000000000000000E+000  0.000000000000000E+000  0.000000000000000E+000  0.000000000000000E+000  0.000000000000000E+000  0.000000000000000E+000  0.000000000000000E+000  0.000000000000000E+000  0.000000000000000E+000  0.000000000000000E+000  0.000000000000000E+000  0.000000000000000E+000  0.000000000000000E+000  0.000000000000000E+000  0.000000000000000E+000  0.000000000000000E+000  0.000000000000000E+000  0.000000000000000E+000  0.000000000000000E+000  0.000000000000000E+000  0.000000000000000E+000
   121.500017021776       0.000000000000000E+000  0.000000000000000E+000  0.000000000000000E+000  0.000000000000000E+000  0.000000000000000E+000  0.000000000000000E+000  0.000000000000000E+000  0.000000000000000E+000  0.000000000000000E+000  0.000000000000000E+000  0.000000000000000E+000  0.000000000000000E+000  0.000000000000000E+000  0.000000000000000E+000  0.000000000000000E+000  0.000000000000000E+000  0.000000000000000E+000  0.000000000000000E+000  0.000000000000000E+000  0.000000000000000E+000  0.000000000000000E+000  0.000000000000000E+000  0.000000000000000E+000  0.000000000000000E+000
   122.500017161873       0.000000000000000E+000  0.000000000000000E+000  0.000000000000000E+000  0.000000000000000E+000  0.000000000000000E+000  0.000000000000000E+000  0.000000000000000E+000  0.000000000000000E+000  0.000000000000000E+000  0.000000000000000E+000  0.000000000000000E+000  0.000000000000000E+000  0.000000000000000E+000  0.000000000000000E+000  0.000000000000000E+000  0.000000000000000E+000  0.000000000000000E+000  0.000000000000000E+000  0.000000000000000E+000  0.000000000000000E+000  0.000000000000000E+000  0.000000000000000E+000  0.000000000000000E+000  0.000000000000000E+000
   123.500017301970       0.000000000000000E+000  0.000000000000000E+000  0.000000000000000E+000  0.000000000000000E+000  0.000000000000000E+000  0.000000000000000E+000  0.000000000000000E+000  0.000000000000000E+000  0.000000000000000E+000  0.000000000000000E+000  0.000000000000000E+000  0.000000000000000E+000  0.000000000000000E+000  0.000000000000000E+000  0.000000000000000E+000  0.000000000000000E+000  0.000000000000000E+000  0.000000000000000E+000  0.000000000000000E+000  0.000000000000000E+000  0.000000000000000E+000  0.000000000000000E+000  0.000000000000000E+000  0.000000000000000E+000
   124.500017442067       0.000000000000000E+000  0.000000000000000E+000  0.000000000000000E+000  0.000000000000000E+000  0.000000000000000E+000  0.000000000000000E+000  0.000000000000000E+000  0.000000000000000E+000  0.000000000000000E+000  0.000000000000000E+000  0.000000000000000E+000  0.000000000000000E+000  0.000000000000000E+000  0.000000000000000E+000  0.000000000000000E+000  0.000000000000000E+000  0.000000000000000E+000  0.000000000000000E+000  0.000000000000000E+000  0.000000000000000E+000  0.000000000000000E+000  0.000000000000000E+000  0.000000000000000E+000  0.000000000000000E+000
   125.500017582163       0.000000000000000E+000  0.000000000000000E+000  0.000000000000000E+000  0.000000000000000E+000  0.000000000000000E+000  0.000000000000000E+000  0.000000000000000E+000  0.000000000000000E+000  0.000000000000000E+000  0.000000000000000E+000  0.000000000000000E+000  0.000000000000000E+000  0.000000000000000E+000  0.000000000000000E+000  0.000000000000000E+000  0.000000000000000E+000  0.000000000000000E+000  0.000000000000000E+000  0.000000000000000E+000  0.000000000000000E+000  0.000000000000000E+000  0.000000000000000E+000  0.000000000000000E+000  0.000000000000000E+000
   126.500017722260       0.000000000000000E+000  0.000000000000000E+000  0.000000000000000E+000  0.000000000000000E+000  0.000000000000000E+000  0.000000000000000E+000  0.000000000000000E+000  0.000000000000000E+000  0.000000000000000E+000  0.000000000000000E+000  0.000000000000000E+000  0.000000000000000E+000  0.000000000000000E+000  0.000000000000000E+000  0.000000000000000E+000  0.000000000000000E+000  0.000000000000000E+000  0.000000000000000E+000  0.000000000000000E+000  0.000000000000000E+000  0.000000000000000E+000  0.000000000000000E+000  0.000000000000000E+000  0.000000000000000E+000
   127.500017862357       0.000000000000000E+000  0.000000000000000E+000  0.000000000000000E+000  0.000000000000000E+000  0.000000000000000E+000  0.000000000000000E+000  0.000000000000000E+000  0.000000000000000E+000  0.000000000000000E+000  0.000000000000000E+000  0.000000000000000E+000  0.000000000000000E+000  0.000000000000000E+000  0.000000000000000E+000  0.000000000000000E+000  0.000000000000000E+000  0.000000000000000E+000  0.000000000000000E+000  0.000000000000000E+000  0.000000000000000E+000  0.000000000000000E+000  0.000000000000000E+000  0.000000000000000E+000  0.000000000000000E+000
   128.500018002454       0.000000000000000E+000  0.000000000000000E+000  0.000000000000000E+000  0.000000000000000E+000  0.000000000000000E+000  0.000000000000000E+000  0.000000000000000E+000  0.000000000000000E+000  0.000000000000000E+000  0.000000000000000E+000  0.000000000000000E+000  0.000000000000000E+000  0.000000000000000E+000  0.000000000000000E+000  0.000000000000000E+000  0.000000000000000E+000  0.000000000000000E+000  0.000000000000000E+000  0.000000000000000E+000  0.000000000000000E+000  0.000000000000000E+000  0.000000000000000E+000  0.000000000000000E+000  0.000000000000000E+000
   129.500018142551       0.000000000000000E+000  0.000000000000000E+000  0.000000000000000E+000  0.000000000000000E+000  0.000000000000000E+000  0.000000000000000E+000  0.000000000000000E+000  0.000000000000000E+000  0.000000000000000E+000  0.000000000000000E+000  0.000000000000000E+000  0.000000000000000E+000  0.000000000000000E+000  0.000000000000000E+000  0.000000000000000E+000  0.000000000000000E+000  0.000000000000000E+000  0.000000000000000E+000  0.000000000000000E+000  0.000000000000000E+000  0.000000000000000E+000  0.000000000000000E+000  0.000000000000000E+000  0.000000000000000E+000
   130.500018282648       0.000000000000000E+000  0.000000000000000E+000  0.000000000000000E+000  0.000000000000000E+000  0.000000000000000E+000  0.000000000000000E+000  0.000000000000000E+000  0.000000000000000E+000  0.000000000000000E+000  0.000000000000000E+000  0.000000000000000E+000  0.000000000000000E+000  0.000000000000000E+000  0.000000000000000E+000  0.000000000000000E+000  0.000000000000000E+000  0.000000000000000E+000  0.000000000000000E+000  0.000000000000000E+000  0.000000000000000E+000  0.000000000000000E+000  0.000000000000000E+000  0.000000000000000E+000  0.000000000000000E+000
   131.500018422745       0.000000000000000E+000  0.000000000000000E+000  0.000000000000000E+000  0.000000000000000E+000  0.000000000000000E+000  0.000000000000000E+000  0.000000000000000E+000  0.000000000000000E+000  0.000000000000000E+000  0.000000000000000E+000  0.000000000000000E+000  0.000000000000000E+000  0.000000000000000E+000  0.000000000000000E+000  0.000000000000000E+000  0.000000000000000E+000  0.000000000000000E+000  0.000000000000000E+000  0.000000000000000E+000  0.000000000000000E+000  0.000000000000000E+000  0.000000000000000E+000  0.000000000000000E+000  0.000000000000000E+000
   132.500018562842       0.000000000000000E+000  0.000000000000000E+000  0.000000000000000E+000  0.000000000000000E+000  0.000000000000000E+000  0.000000000000000E+000  0.000000000000000E+000  0.000000000000000E+000  0.000000000000000E+000  0.000000000000000E+000  0.000000000000000E+000  0.000000000000000E+000  0.000000000000000E+000  0.000000000000000E+000  0.000000000000000E+000  0.000000000000000E+000  0.000000000000000E+000  0.000000000000000E+000  0.000000000000000E+000  0.000000000000000E+000  0.000000000000000E+000  0.000000000000000E+000  0.000000000000000E+000  0.000000000000000E+000
   133.500018702939       0.000000000000000E+000  0.000000000000000E+000  0.000000000000000E+000  0.000000000000000E+000  0.000000000000000E+000  0.000000000000000E+000  0.000000000000000E+000  0.000000000000000E+000  0.000000000000000E+000  0.000000000000000E+000  0.000000000000000E+000  0.000000000000000E+000  0.000000000000000E+000  0.000000000000000E+000  0.000000000000000E+000  0.000000000000000E+000  0.000000000000000E+000  0.000000000000000E+000  0.000000000000000E+000  0.000000000000000E+000  0.000000000000000E+000  0.000000000000000E+000  0.000000000000000E+000  0.000000000000000E+000
   134.500018843036       0.000000000000000E+000  0.000000000000000E+000  0.000000000000000E+000  0.000000000000000E+000  0.000000000000000E+000  0.000000000000000E+000  0.000000000000000E+000  0.000000000000000E+000  0.000000000000000E+000  0.000000000000000E+000  0.000000000000000E+000  0.000000000000000E+000  0.000000000000000E+000  0.000000000000000E+000  0.000000000000000E+000  0.000000000000000E+000  0.000000000000000E+000  0.000000000000000E+000  0.000000000000000E+000  0.000000000000000E+000  0.000000000000000E+000  0.000000000000000E+000  0.000000000000000E+000  0.000000000000000E+000
   135.500018983133       0.000000000000000E+000  0.000000000000000E+000  0.000000000000000E+000  0.000000000000000E+000  0.000000000000000E+000  0.000000000000000E+000  0.000000000000000E+000  0.000000000000000E+000  0.000000000000000E+000  0.000000000000000E+000  0.000000000000000E+000  0.000000000000000E+000  0.000000000000000E+000  0.000000000000000E+000  0.000000000000000E+000  0.000000000000000E+000  0.000000000000000E+000  0.000000000000000E+000  0.000000000000000E+000  0.000000000000000E+000  0.000000000000000E+000  0.000000000000000E+000  0.000000000000000E+000  0.000000000000000E+000
   136.500019123230       0.000000000000000E+000  0.000000000000000E+000  0.000000000000000E+000  0.000000000000000E+000  0.000000000000000E+000  0.000000000000000E+000  0.000000000000000E+000  0.000000000000000E+000  0.000000000000000E+000  0.000000000000000E+000  0.000000000000000E+000  0.000000000000000E+000  0.000000000000000E+000  0.000000000000000E+000  0.000000000000000E+000  0.000000000000000E+000  0.000000000000000E+000  0.000000000000000E+000  0.000000000000000E+000  0.000000000000000E+000  0.000000000000000E+000  0.000000000000000E+000  0.000000000000000E+000  0.000000000000000E+000
   137.500019263326       0.000000000000000E+000  0.000000000000000E+000  0.000000000000000E+000  0.000000000000000E+000  0.000000000000000E+000  0.000000000000000E+000  0.000000000000000E+000  0.000000000000000E+000  0.000000000000000E+000  0.000000000000000E+000  0.000000000000000E+000  0.000000000000000E+000  0.000000000000000E+000  0.000000000000000E+000  0.000000000000000E+000  0.000000000000000E+000  0.000000000000000E+000  0.000000000000000E+000  0.000000000000000E+000  0.000000000000000E+000  0.000000000000000E+000  0.000000000000000E+000  0.000000000000000E+000  0.000000000000000E+000
   138.500019403423       0.000000000000000E+000  0.000000000000000E+000  0.000000000000000E+000  0.000000000000000E+000  0.000000000000000E+000  0.000000000000000E+000  0.000000000000000E+000  0.000000000000000E+000  0.000000000000000E+000  0.000000000000000E+000  0.000000000000000E+000  0.000000000000000E+000  0.000000000000000E+000  0.000000000000000E+000  0.000000000000000E+000  0.000000000000000E+000  0.000000000000000E+000  0.000000000000000E+000  0.000000000000000E+000  0.000000000000000E+000  0.000000000000000E+000  0.000000000000000E+000  0.000000000000000E+000  0.000000000000000E+000
   139.500019543520       0.000000000000000E+000  0.000000000000000E+000  0.000000000000000E+000  0.000000000000000E+000  0.000000000000000E+000  0.000000000000000E+000  0.000000000000000E+000  0.000000000000000E+000  0.000000000000000E+000  0.000000000000000E+000  0.000000000000000E+000  0.000000000000000E+000  0.000000000000000E+000  0.000000000000000E+000  0.000000000000000E+000  0.000000000000000E+000  0.000000000000000E+000  0.000000000000000E+000  0.000000000000000E+000  0.000000000000000E+000  0.000000000000000E+000  0.000000000000000E+000  0.000000000000000E+000  0.000000000000000E+000
   140.500019683617       0.000000000000000E+000  0.000000000000000E+000  0.000000000000000E+000  0.000000000000000E+000  0.000000000000000E+000  0.000000000000000E+000  0.000000000000000E+000  0.000000000000000E+000  0.000000000000000E+000  0.000000000000000E+000  0.000000000000000E+000  0.000000000000000E+000  0.000000000000000E+000  0.000000000000000E+000  0.000000000000000E+000  0.000000000000000E+000  0.000000000000000E+000  0.000000000000000E+000  0.000000000000000E+000  0.000000000000000E+000  0.000000000000000E+000  0.000000000000000E+000  0.000000000000000E+000  0.000000000000000E+000
   141.500019823714       0.000000000000000E+000  0.000000000000000E+000  0.000000000000000E+000  0.000000000000000E+000  0.000000000000000E+000  0.000000000000000E+000  0.000000000000000E+000  0.000000000000000E+000  0.000000000000000E+000  0.000000000000000E+000  0.000000000000000E+000  0.000000000000000E+000  0.000000000000000E+000  0.000000000000000E+000  0.000000000000000E+000  0.000000000000000E+000  0.000000000000000E+000  0.000000000000000E+000  0.000000000000000E+000  0.000000000000000E+000  0.000000000000000E+000  0.000000000000000E+000  0.000000000000000E+000  0.000000000000000E+000
   142.500019963811       0.000000000000000E+000  0.000000000000000E+000  0.000000000000000E+000  0.000000000000000E+000  0.000000000000000E+000  0.000000000000000E+000  0.000000000000000E+000  0.000000000000000E+000  0.000000000000000E+000  0.000000000000000E+000  0.000000000000000E+000  0.000000000000000E+000  0.000000000000000E+000  0.000000000000000E+000  0.000000000000000E+000  0.000000000000000E+000  0.000000000000000E+000  0.000000000000000E+000  0.000000000000000E+000  0.000000000000000E+000  0.000000000000000E+000  0.000000000000000E+000  0.000000000000000E+000  0.000000000000000E+000
   143.500020103908       0.000000000000000E+000  0.000000000000000E+000  0.000000000000000E+000  0.000000000000000E+000  0.000000000000000E+000  0.000000000000000E+000  0.000000000000000E+000  0.000000000000000E+000  0.000000000000000E+000  0.000000000000000E+000  0.000000000000000E+000  0.000000000000000E+000  0.000000000000000E+000  0.000000000000000E+000  0.000000000000000E+000  0.000000000000000E+000  0.000000000000000E+000  0.000000000000000E+000  0.000000000000000E+000  0.000000000000000E+000  0.000000000000000E+000  0.000000000000000E+000  0.000000000000000E+000  0.000000000000000E+000
   144.200017150218       0.000000000000000E+000  0.000000000000000E+000  0.000000000000000E+000  0.000000000000000E+000  0.000000000000000E+000  0.000000000000000E+000  0.000000000000000E+000  0.000000000000000E+000  0.000000000000000E+000  0.000000000000000E+000  0.000000000000000E+000  0.000000000000000E+000  0.000000000000000E+000  0.000000000000000E+000  0.000000000000000E+000  0.000000000000000E+000  0.000000000000000E+000  0.000000000000000E+000  0.000000000000000E+000  0.000000000000000E+000  0.000000000000000E+000  0.000000000000000E+000  0.000000000000000E+000  0.000000000000000E+000
   144.700017220266       0.000000000000000E+000  0.000000000000000E+000  0.000000000000000E+000  0.000000000000000E+000  0.000000000000000E+000  0.000000000000000E+000  0.000000000000000E+000  0.000000000000000E+000  0.000000000000000E+000  0.000000000000000E+000  0.000000000000000E+000  0.000000000000000E+000  0.000000000000000E+000  0.000000000000000E+000  0.000000000000000E+000  0.000000000000000E+000  0.000000000000000E+000  0.000000000000000E+000  0.000000000000000E+000  0.000000000000000E+000  0.000000000000000E+000  0.000000000000000E+000  0.000000000000000E+000  0.000000000000000E+000
   145.500020384102       0.000000000000000E+000  0.000000000000000E+000  0.000000000000000E+000  0.000000000000000E+000  0.000000000000000E+000  0.000000000000000E+000  0.000000000000000E+000  0.000000000000000E+000  0.000000000000000E+000  0.000000000000000E+000  0.000000000000000E+000  0.000000000000000E+000  0.000000000000000E+000  0.000000000000000E+000  0.000000000000000E+000  0.000000000000000E+000  0.000000000000000E+000  0.000000000000000E+000  0.000000000000000E+000  0.000000000000000E+000  0.000000000000000E+000  0.000000000000000E+000  0.000000000000000E+000  0.000000000000000E+000
   146.500020524199       0.000000000000000E+000  0.000000000000000E+000  0.000000000000000E+000  0.000000000000000E+000  0.000000000000000E+000  0.000000000000000E+000  0.000000000000000E+000  0.000000000000000E+000  0.000000000000000E+000  0.000000000000000E+000  0.000000000000000E+000  0.000000000000000E+000  0.000000000000000E+000  0.000000000000000E+000  0.000000000000000E+000  0.000000000000000E+000  0.000000000000000E+000  0.000000000000000E+000  0.000000000000000E+000  0.000000000000000E+000  0.000000000000000E+000  0.000000000000000E+000  0.000000000000000E+000  0.000000000000000E+000
   147.500020664296       0.000000000000000E+000  0.000000000000000E+000  0.000000000000000E+000  0.000000000000000E+000  0.000000000000000E+000  0.000000000000000E+000  0.000000000000000E+000  0.000000000000000E+000  0.000000000000000E+000  0.000000000000000E+000  0.000000000000000E+000  0.000000000000000E+000  0.000000000000000E+000  0.000000000000000E+000  0.000000000000000E+000  0.000000000000000E+000  0.000000000000000E+000  0.000000000000000E+000  0.000000000000000E+000  0.000000000000000E+000  0.000000000000000E+000  0.000000000000000E+000  0.000000000000000E+000  0.000000000000000E+000
   148.500020804393       0.000000000000000E+000  0.000000000000000E+000  0.000000000000000E+000  0.000000000000000E+000  0.000000000000000E+000  0.000000000000000E+000  0.000000000000000E+000  0.000000000000000E+000  0.000000000000000E+000  0.000000000000000E+000  0.000000000000000E+000  0.000000000000000E+000  0.000000000000000E+000  0.000000000000000E+000  0.000000000000000E+000  0.000000000000000E+000  0.000000000000000E+000  0.000000000000000E+000  0.000000000000000E+000  0.000000000000000E+000  0.000000000000000E+000  0.000000000000000E+000  0.000000000000000E+000  0.000000000000000E+000
   149.500020944490       0.000000000000000E+000  0.000000000000000E+000  0.000000000000000E+000  0.000000000000000E+000  0.000000000000000E+000  0.000000000000000E+000  0.000000000000000E+000  0.000000000000000E+000  0.000000000000000E+000  0.000000000000000E+000  0.000000000000000E+000  0.000000000000000E+000  0.000000000000000E+000  0.000000000000000E+000  0.000000000000000E+000  0.000000000000000E+000  0.000000000000000E+000  0.000000000000000E+000  0.000000000000000E+000  0.000000000000000E+000  0.000000000000000E+000  0.000000000000000E+000  0.000000000000000E+000  0.000000000000000E+000
   150.500021084586       0.000000000000000E+000  0.000000000000000E+000  0.000000000000000E+000  0.000000000000000E+000  0.000000000000000E+000  0.000000000000000E+000  0.000000000000000E+000  0.000000000000000E+000  0.000000000000000E+000  0.000000000000000E+000  0.000000000000000E+000  0.000000000000000E+000  0.000000000000000E+000  0.000000000000000E+000  0.000000000000000E+000  0.000000000000000E+000  0.000000000000000E+000  0.000000000000000E+000  0.000000000000000E+000  0.000000000000000E+000  0.000000000000000E+000  0.000000000000000E+000  0.000000000000000E+000  0.000000000000000E+000
   151.200018130896       0.000000000000000E+000  0.000000000000000E+000  0.000000000000000E+000  0.000000000000000E+000  0.000000000000000E+000  0.000000000000000E+000  0.000000000000000E+000  0.000000000000000E+000  0.000000000000000E+000  0.000000000000000E+000  0.000000000000000E+000  0.000000000000000E+000  0.000000000000000E+000  0.000000000000000E+000  0.000000000000000E+000  0.000000000000000E+000  0.000000000000000E+000  0.000000000000000E+000  0.000000000000000E+000  0.000000000000000E+000  0.000000000000000E+000  0.000000000000000E+000  0.000000000000000E+000  0.000000000000000E+000
   151.700018200944       0.000000000000000E+000  0.000000000000000E+000  0.000000000000000E+000  0.000000000000000E+000  0.000000000000000E+000  0.000000000000000E+000  0.000000000000000E+000  0.000000000000000E+000  0.000000000000000E+000  0.000000000000000E+000  0.000000000000000E+000  0.000000000000000E+000  0.000000000000000E+000  0.000000000000000E+000  0.000000000000000E+000  0.000000000000000E+000  0.000000000000000E+000  0.000000000000000E+000  0.000000000000000E+000  0.000000000000000E+000  0.000000000000000E+000  0.000000000000000E+000  0.000000000000000E+000  0.000000000000000E+000
   152.500021364780       0.000000000000000E+000  0.000000000000000E+000  0.000000000000000E+000  0.000000000000000E+000  0.000000000000000E+000  0.000000000000000E+000  0.000000000000000E+000  0.000000000000000E+000  0.000000000000000E+000  0.000000000000000E+000  0.000000000000000E+000  0.000000000000000E+000  0.000000000000000E+000  0.000000000000000E+000  0.000000000000000E+000  0.000000000000000E+000  0.000000000000000E+000  0.000000000000000E+000  0.000000000000000E+000  0.000000000000000E+000  0.000000000000000E+000  0.000000000000000E+000  0.000000000000000E+000  0.000000000000000E+000
   153.500021504877       1.786073514097618E-014  1.545414944944013E-014  1.312532446320769E-014  1.088547038656729E-014  8.748487841711768E-015  6.731991805354720E-015  4.858890980182154E-015  3.985325883108801E-015  3.160003880041237E-015  2.388851947264988E-015  1.955196927173936E-015  1.679399835473225E-015  1.287533205177495E-015  1.042270649299837E-015  7.019142048922079E-016  4.967504529783113E-016  4.020858437073443E-016  3.136855857697361E-016  2.326199795675993E-016  1.603470680052698E-016  9.882639442574130E-017  1.816674453548044E-017  2.834075571020960E-018  1.755044480810525E-020
   154.500021644974       1.828763030075570E-014  1.585695831201638E-014  1.349750798694501E-014  1.122072802709007E-014  9.041017432312913E-015  6.976936085893350E-015  5.053109433799352E-015  4.153873092003704E-015  3.303346460112597E-015  2.508091819648887E-015  2.060774528769753E-015  1.776266430323937E-015  1.371921129709241E-015  1.118634761430721E-015  7.661862947433259E-016  5.522604261776490E-016  4.527071785118906E-016  3.588834985534005E-016  2.716848596817217E-016  1.924086957988631E-016  1.229628638315742E-016  2.553773542405621E-017  4.478880069063034E-018  3.711323508431258E-020
   155.500021785071       4.187544677908363E-014  3.628852503332585E-014  3.086835190667322E-014  2.564149389423298E-014  2.064126707112567E-014  1.591049064299777E-014  1.150583296038167E-014  9.448962606825541E-015  7.504968601289711E-015  5.688932036882937E-015  4.668339425737235E-015  4.019645992534970E-015  3.098488762770050E-015  2.522098417633697E-015  1.721351053627574E-015  1.236568156337825E-015  1.011505202744473E-015  7.998559414282673E-016  6.037019720431235E-016  4.260132161713085E-016  2.710772569914011E-016  5.562213152082727E-017  9.666243434954446E-018  8.259726862247458E-020
   156.500021925168       3.651563569054327E-014  3.163980239682665E-014  2.690831700928088E-014  2.234478955594933E-014  1.797888690862625E-014  1.384878468163422E-014  1.000497925864871E-014  8.211018569469976E-015  6.516404543656597E-015  4.934356709658911E-015  4.045777775887987E-015  3.481200823128622E-015  2.679769676853121E-015  2.178455142125783E-015  1.482212704150003E-015  1.060878154221395E-015  8.653810003351982E-016  6.816771300758352E-016  5.116672047515033E-016  3.580837492925489E-016  2.248829102657074E-016  4.331988109568675E-017  6.899230315962566E-018  4.505178413546904E-020
   157.500022065265       1.230096208857227E-013  1.076897359331283E-013  9.263592781721098E-014  7.791224512667151E-014  6.360227341837502E-014  4.981839897060217E-014  3.671780110321356E-014  3.049194401606931E-014  2.453233924939872E-014  1.888955339538483E-014  1.568277030420444E-014  1.363015553204256E-014  1.069495869459041E-014  8.845093136870207E-015  6.254344018511100E-015  4.667924949106426E-015  3.923101833924298E-015  3.214336139788805E-015  2.545535237350421E-015  1.922088176717128E-015  1.351914751784254E-015  4.295448519701942E-016  1.337959183313066E-016  7.152717536094180E-018
   158.500022205362       1.409444927870615E-013  1.231298187784033E-013  1.056551829072513E-013  8.860000102183226E-014  7.206758494366103E-014  5.619635726278592E-014  4.117898001186919E-014  3.407354335495381E-014  2.729719018214516E-014  2.091010160367020E-014  1.729615932224027E-014  1.499020011812310E-014  1.170431780766400E-014  9.641585258111591E-015  6.765530501368566E-015  5.013477782444414E-015  4.193913349076785E-015  3.416304328357524E-015  2.685184922893555E-015  2.006937501896438E-015  1.391101772072816E-015  4.164555004165202E-016  1.209506702542535E-016  5.373012824027271E-018
   159.500022345459       1.633962249393027E-013  1.424068036893558E-013  1.218568099753485E-013  1.018469625945820E-013  8.250764286786078E-014  6.401234602672537E-014  4.660030482924672E-014  3.840258593140207E-014  3.061696590035905E-014  2.331571833280039E-014  1.920482854083952E-014  1.659120007293535E-014  1.288214067878705E-014  1.056468425014357E-014  7.351213476204288E-015  5.406590622197205E-015  4.501362021346413E-015  3.645776284864515E-015  2.845043386369390E-015  2.106529946349784E-015  1.441247388943512E-015  4.096177316493243E-016  1.115361131466362E-016  4.123927250829593E-018
   160.500022485556       1.657654153846424E-013  1.440753930543629E-013  1.229027913590016E-013  1.023573394048892E-013  8.257982153783945E-014  6.375556003383062E-014  4.613647156835433E-014  3.788459548894670E-014  3.007892131198583E-014  2.279141282231313E-014  1.870419954843425E-014  1.611229225595533E-014  1.244386670721731E-014  1.015832418105826E-014  6.999394087739340E-015  5.096119254236426E-015  4.213658243868559E-015  3.382854603157684E-015  2.609704543723435E-015  1.902703337545788E-015  1.274299602265868E-015  3.356556426333583E-016  8.503171115804762E-017  2.660511823582881E-018
   161.500022625653       1.745795401960474E-013  1.514279836775152E-013  1.288796724922498E-013  1.070552219052066E-013  8.610843723524627E-014  6.624026365042499E-014  4.772117835451388E-014  3.907980668749482E-014  3.092860778054327E-014  2.334211452524863E-014  1.909878783261766E-014  1.641277063162634E-014  1.261849027557094E-014  1.025959273872833E-014  7.007768104877088E-015  5.055861379931363E-015  4.154054683275136E-015  3.308013178489346E-015  2.524641752051638E-015  1.813673453069578E-015  1.189116812159600E-015  2.867995798236978E-016  6.483728682911308E-017  1.414773509324782E-018
   162.500022765750       2.004221563617448E-013  1.734389643631285E-013  1.472006232724919E-013  1.218576333682935E-013  9.760121846885182E-014  7.467980356430892E-014  5.342489131550735E-014  4.355849691736842E-014  3.429292988770985E-014  2.571614769943793E-014  2.094438248131828E-014  1.793561306265325E-014  1.370433432703271E-014  1.108736013315627E-014  7.502159431235661E-015  5.367001936027229E-015  4.386476406441569E-015  3.471122629102095E-015  2.628664698651641E-015  1.869862969764407E-015  1.209919230022376E-015  2.777484565158328E-016  5.901388814011218E-017  1.052454194906525E-018
   163.500022905846       2.902930623488412E-013  2.526458224955670E-013  2.157983277522395E-013  1.799435277982442E-013  1.453318665966307E-013  1.122965043508782E-013  8.129461132784384E-014  6.674960563091690E-014  5.297909332431752E-014  4.011691193088593E-014  3.290418230420755E-014  2.833244252033887E-014  2.186809528529891E-014  1.784689666914420E-014  1.230277586929636E-014  8.974185668706490E-015  7.434929545856376E-015  5.988388254042658E-015  4.644298844121633E-015  3.416001575246459E-015  2.322442829567272E-015  6.619596876071252E-016  1.877171608309492E-016  8.170916019944313E-018
   164.500023045943       4.459964983928442E-013  3.880832636998234E-013  3.314089287524009E-013  2.762741706491593E-013  2.230689661621255E-013  1.723113421135480E-013  1.247105348569411E-013  1.023932004759653E-013  8.127635553704844E-014  6.156605177849643E-014  5.052030595225051E-014  4.352221078136589E-014  3.363172878758910E-014  2.748211717208000E-014  1.900621743015610E-014  1.391699585187398E-014  1.156222581835509E-014  9.347388800608362E-015  7.286309024997671E-015  5.397901647273836E-015  3.709138892644406E-015  1.107931107237556E-015  3.352969356420081E-016  1.826759404237526E-017
   165.500023186040       2.933318416304686E-013  2.547192441128495E-013  2.170078672830174E-013  1.804052914996374E-013  1.451794633303153E-013  1.116842302051042E-013  8.040027925718148E-014  6.578853545147083E-014  5.200440335978591E-014  3.918339163370354E-014  3.202172928473784E-014  2.749478677342436E-014  2.111315274929007E-014  1.715695799967876E-014  1.172437253039996E-014  8.479559935425868E-015  6.985345475709804E-015  5.586334606946388E-015  4.292763136637096E-015  3.118661696262495E-015  2.083762535617937E-015  5.539144980916537E-016  1.434409767675743E-016  4.506143501556415E-018
   166.500023326137       5.416411657654853E-013  4.722925704853757E-013  4.042796313281051E-013  3.379495963383077E-013  2.737552602283600E-013  2.123018288654256E-013  1.544242274979022E-013  1.271815306002507E-013  1.013231030002288E-013  7.709788917360078E-014  6.347489817027139E-014  5.482263450441117E-014  4.256018160528445E-014  3.491111582528721E-014  2.432673365253795E-014  1.793788214843752E-014  1.496882480188226E-014  1.216549908841391E-014  9.543902576815349E-015  7.126166169123760E-015  4.944650229350740E-015  1.517174334978087E-015  4.673940247813609E-016  2.625775557825494E-017
   167.200020372447       3.139971745840300E-013  2.735334634165526E-013  2.339057304270452E-013  1.953167684503079E-013  1.580296572541192E-013  1.223942446257974E-013  8.889061030334786E-014  7.314141816666793E-014  5.820501967350726E-014  4.422257635342940E-014  3.636349562428170E-014  3.137315698034349E-014  2.430159437431113E-014  1.989085862660615E-014  1.378823544168744E-014  1.010650520731504E-014  8.397101967982489E-015  6.785158347009081E-015  5.281008924658202E-015  3.899061889108169E-015  2.660330995851386E-015  7.559908968043204E-016  2.075075083789721E-016  7.387469971012785E-018
   167.700020442495       6.654047682636679E-013  5.817731749157225E-013  4.995073001065903E-013  4.190023709188726E-013  3.407796270170493E-013  2.655441840074205E-013  1.942810980972535E-013  1.605630639270712E-013  1.284268071505223E-013  9.817684845873666E-014  8.109119236966501E-014  7.020665334007327E-014  5.472970323117266E-014  4.504109039536714E-014  3.158319533250898E-014  2.342549866889200E-014  1.962344027956090E-014  1.602548452407398E-014  1.265135993931347E-014  9.527760875173317E-015  6.693007893501311E-015  2.158339175933971E-015  7.035562594991955E-016  4.552382330481028E-017
   168.500023606331       1.152108797988171E-012  1.009694118819141E-012  8.690766537510995E-013  7.309180307643696E-013  5.961034891926168E-013  4.658483204065981E-013  3.418767615699555E-013  2.829993217009236E-013  2.267432920057926E-013  1.736602915816786E-013  1.436237757692100E-013  1.244700253639915E-013  9.721481230369334E-014  8.014641205354055E-014  5.644518300953678E-014  4.209711111434264E-014  3.541945033040756E-014  2.910763668421275E-014  2.319494832559292E-014  1.772359431916937E-014  1.274963586844922E-014  4.646629298330244E-015  1.823702785617398E-015  2.203841161747374E-016
   169.500023746428       2.033235245825164E-012  1.790335689939419E-012  1.548725791159922E-012  1.309427301392818E-012  1.073866428611320E-012  8.440801890187788E-013  6.230740590046090E-013  5.172209768492510E-013  4.154920677209413E-013  3.189476199615672E-013  2.640805744438835E-013  2.290081590605348E-013  1.790032658637403E-013  1.476454583620147E-013  1.040908957749422E-013  7.775614739200382E-014  6.552110294224827E-014  5.397538038644868E-014  4.318066636208514E-014  3.321117861436136E-014  2.415918566292957E-014  9.334711717878103E-015  3.993016635979291E-015  6.445437558670070E-016
   170.500023886525       2.384775206647674E-012  2.104431839233194E-012  1.825007436360579E-012  1.547556976289178E-012  1.273585391015103E-012  1.005285920525037E-012  7.459567277326987E-013  6.211694516969620E-013  5.007923365913212E-013  3.860428715517672E-013  3.205594347962678E-013  2.785788605026925E-013  2.185339340777586E-013  1.807487592049015E-013  1.280669934483488E-013  9.607857114805444E-014  8.117480236180680E-014  6.708164267416053E-014  5.387490426336325E-014  4.164526161637201E-014  3.050455182694545E-014  1.211957531492282E-014  5.377444963284135E-015  9.722234800883246E-016
   171.500024026622       2.376872618201023E-012  2.104612594031496E-012  1.832228066969472E-012  1.560556179287721E-012  1.290846526594329E-012  1.024995845871002E-012  7.659669180588550E-013  6.404135872017338E-013  5.186049528859254E-013  4.017307431739098E-013  3.346382965071298E-013  2.914505251851557E-013  2.294083175456016E-013  1.901833575907068E-013  1.352264380101513E-013  1.016891493197679E-013  8.601822537560289E-014  7.117314047393949E-014  5.723943379528006E-014  4.431917234940984E-014  3.253690145263117E-014  1.306201674214113E-014  5.876984276152624E-015  1.095372765124891E-015
   172.500024166719       3.531945340232095E-012  3.136914496192662E-012  2.740297795237698E-012  2.343083079725085E-012  1.946822132527630E-012  1.553976054737364E-012  1.168545603807807E-012  9.805665881020223E-013  7.973235548049235E-013  6.205537261199286E-013  5.185827508689198E-013  4.527227277433482E-013  3.577642625192741E-013  2.974878145819915E-013  2.126591602639994E-013  1.606272300308179E-013  1.362276960114074E-013  1.130518879801517E-013  9.123277071223715E-014  7.092939984439644E-014  5.233725494965710E-014  2.137067419827575E-014  9.828898287135724E-015  2.007712048437663E-015
   173.500024306816       4.170438848139829E-012  3.709601851560811E-012  3.246293641865155E-012  2.781500630726151E-012  2.316827834743309E-012  1.854890967229215E-012  1.400042158251387E-012  1.177441998175988E-012  9.598337539769686E-013  7.491986912212369E-013  6.272997010937601E-013  5.483865942316204E-013  4.343146214961465E-013  3.616993383847268E-013  2.591906253003308E-013  1.961119482784719E-013  1.664773366779404E-013  1.382980817771628E-013  1.117439956619661E-013  8.701815608107503E-014  6.436804749960194E-014  2.661967950634273E-014  1.247595604526167E-014  2.693682707234395E-015
   174.500024446913       6.256719382050715E-012  5.574233992946110E-012  4.886857783775273E-012  4.195818648902502E-012  3.503217458888840E-012  2.812602481449008E-012  2.130047672996290E-012  1.794881330831350E-012  1.466365941592640E-012  1.147420913419409E-012  9.623393390845460E-013  8.423008524028186E-013  6.684324057985597E-013  5.575123409005060E-013  4.005615304920132E-013  3.037297851678253E-013  2.581579525623916E-013  2.147674887747589E-013  1.738183054789250E-013  1.356192785812662E-013  1.005440649275323E-013  4.176386205714055E-014  1.955614328026378E-014  4.196611632551615E-015
   175.500024587009       7.047870111326732E-012  6.259756397884608E-012  5.467733747483252E-012  4.673716600579282E-012  3.880813715108493E-012  3.094066889099177E-012  2.321800113492925E-012  1.945203391411009E-012  1.578298274593233E-012  1.224764084008188E-012  1.021146254608136E-012  8.898246759842486E-013  7.008519289861827E-013  5.812092348501648E-013  4.134343191659246E-013  3.110263874997158E-013  2.631865988708859E-013  2.178824585384661E-013  1.753751023160999E-013  1.359700658231013E-013  1.000330541083202E-013  4.052638796988423E-014  1.846486917186320E-014  3.658919706355627E-015
   176.500024727106       7.606069566094435E-012  6.789603570206797E-012  5.965262787337036E-012  5.134353166601782E-012  4.299190406848888E-012  3.463772557780620E-012  2.635042680701614E-012  2.226747666345793E-012  1.825491184850607E-012  1.434683421931907E-012  1.207199917630369E-012  1.059322088070289E-012  8.445498326832243E-013  7.070902282024442E-013  5.117846032968743E-013  3.906353356396989E-013  3.333750716312499E-013  2.786641424880415E-013  2.268129781874850E-013  1.781919217177144E-013  1.332514697112689E-013  5.684952436145189E-014  2.724926737603106E-014  6.093140911971644E-015
   177.500024867203       7.478634962350194E-012  6.636084859961585E-012  5.790302456626559E-012  4.943542854525799E-012  4.099360902321636E-012  3.263393438400471E-012  2.444772053007107E-012  2.046404943036737E-012  1.658892340030091E-012  1.286119287600278E-012  1.071713360431808E-012  9.335495369117128E-013  7.348845553515758E-013  6.091907758252043E-013  4.330143861278366E-013  3.255028584836708E-013  2.752788564329621E-013  2.277154343328171E-013  1.830887713202291E-013  1.417260854396201E-013  1.040244207503879E-013  4.176268804981005E-014  1.885445337832510E-014  3.670571092241046E-015
   178.500025007300       1.269026822284024E-011  1.136702494594943E-011  1.002715482450392E-011  8.671620328103147E-012  7.302758929252150E-012  5.925292781644220E-012  4.548275749918009E-012  3.864873820300666E-012  3.189203996905015E-012  2.526357684602987E-012  2.137836578463177E-012  1.883988703241253E-012  1.513146795966872E-012  1.274187613156345E-012  9.319202237163571E-013  7.175308305712097E-013  6.154917447262426E-013  5.174788739368695E-013  4.240380902027204E-013  3.358287150264518E-013  2.536634062173082E-013  1.119276504549712E-013  5.574188389771897E-014  1.399997979832479E-014
   179.500025147397       1.203092920474792E-011  1.071645193245940E-011  9.392315382317379E-012  8.061039117261118E-012  6.726938818452659E-012  5.397275372344090E-012  4.084372436374886E-012  3.440404074979404E-012  2.809864175901732E-012  2.198459493196647E-012  1.844068358284634E-012  1.614389926873447E-012  1.281944948944337E-012  1.069981390995185E-012  7.701242703600920E-013  5.850566093057520E-013  4.978930928516974E-013  4.148317387874639E-013  3.363513021919149E-013  2.630271287527780E-013  1.955672231908472E-013  8.213589115209722E-014  3.910234840987139E-014  8.945200788766028E-015
   180.500025287494       1.739000391764482E-011  1.561089887153855E-011  1.380610320488593E-011  1.197610553446983E-011  1.012300240426761E-011  8.251751519369911E-012  6.372616203898138E-012  5.435920858334530E-012  4.506380566635208E-012  3.590274788738030E-012  3.050848901028461E-012  2.697189980771724E-012  2.178430198769673E-012  1.842543684699625E-012  1.358590961884581E-012  1.053224596960103E-012  9.071059824332203E-013  7.661777378620113E-013  6.312049712797883E-013  5.031232206549659E-013  3.830988343892441E-013  1.736814926210821E-013  8.914627648671938E-014  2.442295633036699E-014
   181.500025427591       1.430196656411517E-011  1.273680533087321E-011  1.116054022636268E-011  9.576538258332186E-012  7.990337636401824E-012  6.410982438033104E-012  4.853447996948542E-012  4.090251843354800E-012  3.343424479913765E-012  2.619560032323947E-012  2.199995471075676E-012  1.928011369856113E-012  1.534095360888773E-012  1.282669606344186E-012  9.263231942748300E-013  7.057429185576543E-013  6.015911326839511E-013  5.021327723285681E-013  4.079284842160137E-013  3.196640542486605E-013  2.382007590567481E-013  1.005251564446189E-013  4.796505693763500E-014  1.087703840605245E-014
   182.500025567688       2.102974424176474E-011  1.889393135056215E-011  1.672266843971830E-011  1.451639444637108E-011  1.227755019147345E-011  1.001216021367861E-011  7.732918503567754E-012  6.595369481069574E-012  5.465756120337912E-012  4.351937043284264E-012  3.695963311872452E-012  3.265891804218426E-012  2.635125121325699E-012  2.226825038802018E-012  1.638820771302112E-012  1.268082360221588E-012  1.090801914688116E-012  9.199196645755351E-013  7.563824238514850E-013  6.013512803424536E-013  4.562806085461826E-013  2.041303050401627E-013  1.031238529643497E-013  2.673048459083191E-014
   183.500025707785       2.156770938498196E-011  1.929922272716924E-011  1.700164249131955E-011  1.467744608171751E-011  1.233182650914069E-011  9.974594618741808E-012  7.623776389547961E-012  6.460325711664894E-012  5.313028535593448E-012  4.191313965525654E-012  3.536086843392587E-012  3.109088945292106E-012  2.487183880612022E-012  2.087862052583502E-012  1.518322220392841E-012  1.163403562100728E-012  9.951053109502960E-013  8.339077461215224E-013  6.807277517080054E-013  5.366696827925672E-013  4.030901723823789E-013  1.747515138410680E-013  8.551681346620153E-014  2.051862913681367E-014
   184.500025847882       2.005051590136897E-011  1.802611268508383E-011  1.596759466297314E-011  1.387549437102475E-011  1.175207915443456E-011  9.602718276191587E-012  7.438559846733966E-012  6.357284289934654E-012  5.282275351358460E-012  4.220422061127383E-012  3.593790800184908E-012  3.182267811579349E-012  2.577408804643969E-012  2.184810939039412E-012  1.617354648949056E-012  1.257810059661786E-012  1.085211572812228E-012  9.183106727386533E-013  7.579734607519719E-013  6.052675281606055E-013  4.615387916404526E-013  2.086529982606122E-013  1.055460323833779E-013  2.694884447163797E-014
   185.500025987979       2.307017476504924E-011  2.058106708571579E-011  1.806510872316390E-011  1.552690612452567E-011  1.297463347215981E-011  1.042235045788138E-011  7.894265474760325E-012  6.651570423965722E-012  5.433263317515643E-012  4.250717636713743E-012  3.564867818483034E-012  3.120276630455437E-012  2.476722104969739E-012  2.066444247305825E-012  1.486231453706707E-012  1.128318788165349E-012  9.598104779713353E-013  7.992675241071331E-013  6.475983317313293E-013  5.058844819561651E-013  3.754446606672905E-013  1.556426425323505E-013  7.205262330266842E-014  1.466732716665869E-014
   186.500026128076       3.194658132371175E-011  2.875600218669631E-011  2.550618028080327E-011  2.219634587326000E-011  1.882838544179463E-011  1.540910560700811E-011  1.195472834135117E-011  1.022420532160558E-011  8.500631636588081E-012  6.795266146349316E-012  5.787674695741250E-012  5.125562202354100E-012  4.151958664517388E-012  3.519871377407476E-012  2.606330142754977E-012  2.027734371264141E-012  1.750091029556756E-012  1.481693569795214E-012  1.223923853052595E-012  9.784692549256973E-013  7.474400832747192E-013  3.405981179067517E-013  1.742724671970273E-013  4.645729967435743E-014
   187.500026268173       3.336468715161620E-011  2.994451285307114E-011  2.646807008472910E-011  2.293698037766926E-011  1.935657661050891E-011  1.573871940293244E-011  1.210721443173566E-011  1.029960383329743E-011  8.509148441140585E-012  6.749670327094685E-012  5.717061451325949E-012  5.041878498841142E-012  4.054775746237530E-012  3.418203289877969E-012  2.505508513249419E-012  1.932988403836897E-012  1.660141949986595E-012  1.397749352538332E-012  1.147207942309184E-012  9.102079913806533E-013  6.888465841941828E-013  3.048315865729070E-013  1.515559685615719E-013  3.766144856620159E-014
   188.500026408269       3.898331513744974E-011  3.510880934284413E-011  3.115905363829018E-011  2.713263934177709E-011  2.303130676668053E-011  1.886268798037774E-011  1.464577841750547E-011  1.253092471227383E-011  1.042284137118966E-011  8.335163166204350E-012  7.100729217420450E-012  6.289134917215359E-012  5.095089790534413E-012  4.319469410951410E-012  3.197922145113812E-012  2.487305456601869E-012  2.146272281098257E-012  1.816603503819942E-012  1.500030018740933E-012  1.198661976791027E-012  9.151248237514171E-013  4.161703468603593E-013  2.121895192841011E-013  5.564475286953113E-014
   189.500026548366       5.277180577588867E-011  4.760282446493117E-011  4.232079339249133E-011  3.692126622809202E-011  3.140363406936964E-011  2.577484508458436E-011  2.005696647083835E-011  1.717938819927268E-011  1.430391447396031E-011  1.144899252746152E-011  9.757432626966054E-012  8.643917827284451E-012  7.003795301832532E-012  5.937333400488124E-012  4.394078674773677E-012  3.415901973377165E-012  2.946489836491441E-012  2.492812306885137E-012  2.057310576783752E-012  1.642946781266819E-012  1.253386555463633E-012  5.689645645618436E-013  2.899052154382738E-013  7.631030413953248E-014
   190.500026688463       4.996577876984557E-011  4.499370819834490E-011  3.992552617463028E-011  3.476005256437705E-011  2.950035514956490E-011  2.415729719643374E-011  1.875651840969654E-011  1.604989947777983E-011  1.335341494983326E-011  1.068447835118367E-011  9.106927915153776E-012  8.069895262301974E-012  6.544179384787567E-012  5.552908795337999E-012  4.118666419925620E-012  3.208852982798557E-012  2.771724174930408E-012  2.348731386455301E-012  1.942031516038553E-012  1.554280262144665E-012  1.188825449271127E-012  5.438219613338442E-013  2.792149896068806E-013  7.454716459897444E-014
   191.500026828560       6.491485379820105E-011  5.871321561317412E-011  5.236425512826537E-011  4.585993098631813E-011  3.919543604998647E-011  3.237276462155595E-011  2.540811873759632E-011  2.188524238772399E-011  1.834870118376601E-011  1.481619263848296E-011  1.270998426286261E-011  1.131669953484182E-011  9.252156380036605E-012  7.899881039633455E-012  5.924691234039504E-012  4.657658133873035E-012  4.044101652529001E-012  3.446874070751996E-012  2.868865586554107E-012  2.313668625967825E-012  1.785849910775153E-012  8.385189574735796E-013  4.397291456739130E-013  1.214404401572589E-013
   192.500026968657       6.138790762000204E-011  5.522662080176636E-011  4.894796247455531E-011  4.255323836022478E-011  3.604965178659259E-011  2.945487348534914E-011  2.280589982033007E-011  1.948216053899237E-011  1.617784858756936E-011  1.291556384163378E-011  1.099192114954211E-011  9.729552777759035E-012  7.875888174638383E-012  6.674109083068899E-012  4.939341400551525E-012  3.841585421402077E-012  3.314913378959712E-012  2.805709422358234E-012  2.316466926941335E-012  1.850241019840066E-012  1.410884189009731E-012  6.351242614811741E-013  3.174174125272318E-013  7.648240114471788E-014
   193.500027108754       3.688806089967504E-011  3.305468998164816E-011  2.917442193532870E-011  2.525190215350907E-011  2.129548503497755E-011  1.731971563826638E-011  1.335000805355081E-011  1.138052039102016E-011  9.432303597463703E-012  7.517939314962558E-012  6.392896623844564E-012  5.655867458836829E-012  4.574914330956671E-012  3.874478561941905E-012  2.862758506904222E-012  2.221151304079784E-012  1.912598567491963E-012  1.613648732667411E-012  1.325703722410643E-012  1.050574348059689E-012  7.907172039811786E-013  3.331734740000590E-013  1.514986634680111E-013  2.767280925960212E-014
   194.500027248851       8.142246874383496E-011  7.356493481245802E-011  6.552186046588774E-011  5.728551455676788E-011  4.885346831474680E-011  4.023379136801933E-011  3.145556236433264E-011  2.702700647798510E-011  2.259205837596577E-011  1.817611427230402E-011  1.555158445574119E-011  1.381963092524972E-011  1.126058429984391E-011  9.589996487875946E-012  7.159602122103204E-012  5.607960739045622E-012  4.859071752034387E-012  4.131894049176433E-012  3.429983497713183E-012  2.757726153099033E-012  2.120663524576761E-012  9.837753844044951E-013  5.091394552005696E-013  1.351110544749788E-013
   195.500027388948       1.003961511767867E-010  9.111974961262275E-011  8.158591857576919E-011  7.177473751003353E-011  6.166885567878355E-011  5.125790701260252E-011  4.054813123505898E-011  3.509271784719112E-011  2.958517666039613E-011  2.404725222082116E-011  2.072466147870979E-011  1.851684120437466E-011  1.522865466396246E-011  1.306245159448111E-011  9.877019199486363E-012  7.817334963802423E-012  6.814331365143542E-012  5.833882987368152E-012  4.880489586184661E-012  3.959777764070469E-012  3.078926235425986E-012  1.477832479604020E-012  7.896817553327237E-013  2.249959683249777E-013
   196.700024505306       1.220029299134203E-010  1.106508659435269E-010  9.898219088919611E-011  8.697273418476582E-011  7.460256026352678E-011  6.186235941889360E-011  4.876723251873046E-011  4.210511487397155E-011  3.538893155440766E-011  2.865022019739259E-011  2.461717156852851E-011  2.194277448143331E-011  1.797018398360754E-011  1.536177328754450E-011  1.154279052836074E-011  9.087471696838010E-012  7.896961584740323E-012  6.737161874290610E-012  5.613711963532679E-012  4.533551252559227E-012  3.505383887167484E-012  1.653927776885028E-012  8.691853638921151E-013  2.388083858257634E-013
   197.600033786668       1.300041675700412E-010  1.180294515365956E-010  1.057090384761164E-010  9.301600664702211E-011  7.992711513994519E-011  6.642896253092633E-011  5.253134160744020E-011  4.544908974860901E-011  3.829863521517586E-011  3.110998113035991E-011  2.679864019536966E-011  2.393493019688291E-011  1.967224758704878E-011  1.686607726750064E-011  1.274344629803234E-011  1.008087765105978E-011  8.785339071448637E-012  7.519664579501210E-012  6.289638254364289E-012  5.102452036666113E-012  3.967232677350650E-012  1.904634555491757E-012  1.018053104077288E-012  2.903917357317267E-013
   198.400021691712       1.457507495342104E-010  1.327948737984649E-010  1.194252166293042E-010  1.055996584475159E-010  9.127538487358977E-011  7.641334502082855E-011  6.098903226256490E-011  5.306836100098793E-011  4.501994091164763E-011  3.686515006245353E-011  3.193742022263309E-011  2.864618140855185E-011  2.371590303432271E-011  2.044657338189303E-011  1.560211404234733E-011  1.244150975888383E-011  1.089269419865673E-011  9.371558266340325E-012  7.884639653091540E-012  6.440186222316221E-012  5.048786556840140E-012  2.485627133686258E-012  1.360468691919895E-012  4.090414755071029E-013
   199.500027949336       1.444550435965056E-010  1.312777064356825E-010  1.177073926360798E-010  1.037103210508165E-010  8.925540845188768E-011  7.432051803100647E-011  5.890635842186563E-011  5.103339536542237E-011  4.306987021724426E-011  3.504628409554085E-011  3.022439304418882E-011  2.701694822652436E-011  2.223498741141693E-011  1.908144390964087E-011  1.443940551032477E-011  1.143485603944933E-011  9.970820743150441E-012  8.539076520813957E-012  7.146165975736386E-012  5.800252165272878E-012  4.511733803076432E-012  2.166424625665087E-012  1.156713820733558E-012  3.280561428405102E-013
   200.500028089432       1.535540910940223E-010  1.398675313167661E-010  1.257401879437340E-010  1.111287377941695E-010  9.598968044840955E-011  8.028442936052008E-011  6.399144393238968E-011  5.562920730441050E-011  4.713688964350576E-011  3.853923198412858E-011  3.334846925301614E-011  2.988402903497948E-011  2.469895084065987E-011  2.126447147809108E-011  1.618258999788733E-011  1.287317500723541E-011  1.125367866231755E-011  9.664856824927444E-012  8.113725242162167E-012  6.609119213687749E-012  5.162375940440217E-012  2.507440892555743E-012  1.349957811414718E-012  3.851413760420519E-013
   201.500028229529       1.772883244433705E-010  1.614214431296988E-010  1.450474862625070E-010  1.281181212665344E-010  1.105856287129101E-010  9.240921549445548E-011  7.356977418488615E-011  6.390948810336763E-011  5.410682178247907E-011  4.419265986571107E-011  3.821318330030828E-011  3.422542618155651E-011  2.826258550149799E-011  2.431714534840835E-011  1.848659523497142E-011  1.469513181884708E-011  1.284148328865286E-011  1.102407781087922E-011  9.250812804737520E-012  7.531545299457661E-012  5.878821602029985E-012  2.844912476821168E-012  1.521928281146987E-012  4.259742315763787E-013
   202.500028369626       1.422195749427428E-010  1.293601043603221E-010  1.161020143594563E-010  1.024129807625124E-010  8.826259121174260E-011  7.362774920737650E-011  5.850484282633343E-011  5.077110066904681E-011  4.293940767769624E-011  3.503631336688207E-011  3.027882224203773E-011  2.710990289186710E-011  2.237723242607906E-011  1.924940549534102E-011  1.463168219823738E-011  1.163084251705023E-011  1.016384544988127E-011  8.725282554512678E-012  7.321077927591615E-012  5.958633678807121E-012  4.647421810777176E-012  2.234302117828297E-012  1.180112744580366E-012  3.146139793735350E-013
   203.500028509723       2.006623932200796E-010  1.828787707814156E-010  1.645049937295557E-010  1.454829688457588E-010  1.257537347536978E-010  1.052636958806678E-010  8.397975257074479E-011  7.304386824944494E-011  6.192836688989455E-011  5.066412342956981E-011  4.385761086629826E-011  3.931216118804567E-011  3.250504525082833E-011  2.799329941972527E-011  2.131294961158907E-011  1.695941538911323E-011  1.482789931956490E-011  1.273592025482413E-011  1.069255090282476E-011  8.709127343918920E-012  6.800040794327780E-012  3.286204521592491E-012  1.746056763329016E-012  4.658665173827653E-013
   204.500028649820       2.275567666675521E-010  2.071121451001395E-010  1.860037834199566E-010  1.641714557565188E-010  1.415570821636317E-010  1.181138613926325E-010  9.382730955009456E-011  8.138357126327242E-011  6.876747032281936E-011  5.602453695890371E-011  4.835043690573651E-011  4.323891053623273E-011  3.560799949693872E-011  3.056912536509898E-011  2.314288331108353E-011  1.833095576696867E-011  1.598478670567865E-011  1.368938785749978E-011  1.145512664908941E-011  9.294733486673841E-012  7.224073208321540E-012  3.440216157061239E-012  1.799419771089647E-012  4.654909791712882E-013
   205.500028789917       2.541215154240639E-010  2.317103863141256E-010  2.085319596915972E-010  1.845107174400244E-010  1.595699401106979E-010  1.336397573135981E-010  1.066766644956851E-010  9.281241482775694E-011  7.871395996995567E-011  6.442106673524783E-011  5.578220425491489E-011  5.001239126203813E-011  4.137102158047024E-011  3.564330366304888E-011  2.716242959671953E-011  2.163530067437868E-011  1.892891765818878E-011  1.627231893667499E-011  1.367669566671792E-011  1.115589598033739E-011  8.727294977345083E-012  4.243477466148350E-012  2.266000734519629E-012  6.134532414262020E-013
   206.500028930014       2.540034184281033E-010  2.311996287874011E-010  2.076453498883336E-010  1.832742971656922E-010  1.580229540086409E-010  1.318409537771459E-010  1.047148668971929E-010  9.081665195808304E-011  7.672715778107776E-011  6.249830129214078E-011  5.393104735907036E-011  4.822558150326216E-011  3.970981640220980E-011  3.408810664354037E-011  2.580541472622301E-011  2.044027707738321E-011  1.782483030955359E-011  1.526617595043090E-011  1.277569872442928E-011  1.036729358145116E-011  8.058145654148632E-012  3.832301000307007E-012  1.994064510184308E-012  5.010768449033042E-013
   207.400022952585       2.430925457539409E-010  2.204665847990236E-010  1.971756106216940E-010  1.731833340448645E-010  1.484640669060303E-010  1.230155533865553E-010  9.688636520215684E-011  8.360989800975599E-011  7.024050661889132E-011  5.684435348834049E-011  4.883706658190724E-011  4.353195272791465E-011  3.565889222341348E-011  3.049398354320539E-011  2.293678108322269E-011  1.807797171475740E-011  1.572031642393507E-011  1.342085110447395E-011  1.118907294086219E-011  9.036289871968422E-012  6.976255270441004E-012  3.213448493575668E-012  1.590053738003882E-012  3.344215188913765E-013
   207.800032163898       3.139761612543328E-010  2.863588436116098E-010  2.577756715428191E-010  2.281281450874238E-010  1.973156598471243E-010  1.652457697144986E-010  1.318594191095824E-010  1.146776447358363E-010  9.719691673426955E-011  7.946892153973582E-011  6.875292749438167E-011  6.159656092229985E-011  5.088179739982472E-011  4.378370353439887E-011  3.328404428050643E-011  2.645190303905123E-011  2.311109437845158E-011  1.983561841047710E-011  1.663996219198704E-011  1.354197144509745E-011  1.056390433527471E-011  5.090470691947922E-012  2.694063198405476E-012  7.158395657295176E-013
   208.500029210208       3.573726797276202E-010  3.272953447056104E-010  2.960432092996784E-010  2.634618655128655E-010  2.293784079571641E-010  1.936060562837036E-010  1.559625345351508E-010  1.363961049434596E-010  1.163297724986999E-010  9.579043191009281E-011  8.326914150034186E-011  7.485711761935422E-011  6.217887719302063E-011  5.371891312052431E-011  4.110304168368393E-011  3.282040266680628E-011  2.874698333613384E-011  2.473742305211191E-011  2.081002766826090E-011  1.698798375518003E-011  1.330116281354507E-011  6.505670297417915E-012  3.534102601631229E-012  1.056167311008540E-012
   209.500029350305       5.351192499455232E-010  4.913927234358264E-010  4.463550243282752E-010  3.996318892667049E-010  3.507881434113200E-010  2.993075543581710E-010  2.445777271019697E-010  2.157791748272058E-010  1.859084928258325E-010  1.548953152252639E-010  1.357264720696163E-010  1.227190205390668E-010  1.028915732161704E-010  8.949328284010168E-011  6.922561398559954E-011  5.570603990767275E-011  4.898769783491008E-011  4.232679092425753E-011  3.575439470644047E-011  2.931183891134702E-011  2.305517337134148E-011  1.144669631358728E-011  6.381738466758322E-012  2.175745472214748E-012
   210.500029490402       7.143252689592865E-010  6.440759622963045E-010  5.768845110668039E-010  5.108856693688274E-010  4.446398998035937E-010  3.769177736488196E-010  3.065279995442176E-010  2.699467422732561E-010  2.322323199294688E-010  1.932445532427548E-010  1.692011556314182E-010  1.528997496486022E-010  1.280614696636997E-010  1.112782920170532E-010  8.588510955638700E-011  6.894311781211122E-011  6.052486743933722E-011  5.218134583927268E-011  4.395451408486920E-011  3.590092272645751E-011  2.809817594349652E-011  1.373108708843228E-011  7.568197258669710E-012  2.580488783804214E-012
   211.500029630499       8.238499124677728E-010  7.396774980344484E-010  6.602945549094702E-010  5.828449975721867E-010  5.052849338966020E-010  4.260365106369265E-010  3.437277471639558E-010  3.010271108678057E-010  2.571120744153299E-010  2.119011620783945E-010  1.841600561425493E-010  1.654336850105056E-010  1.370654291854389E-010  1.180399960099289E-010  8.954827868900815E-011  7.080096999984211E-011  6.158749613383527E-011  5.253741188387209E-011  4.370813397463420E-011  3.517407167883396E-011  2.703308168742710E-011  1.250415139982380E-011  6.555415311917425E-012  1.984505669480747E-012
   212.500029770596       7.854835078085850E-010  7.067793887002775E-010  6.316210013377008E-010  5.577629023165477E-010  4.835557756478276E-010  4.076773275287331E-010  3.289408131673284E-010  2.881507900854413E-010  2.462503848051202E-010  2.031655745176414E-010  1.767505912475040E-010  1.589251610879532E-010  1.319224980482170E-010  1.138058187457986E-010  8.664295461266875E-011  6.872838451742387E-011  5.990388907153097E-011  5.121746341883775E-011  4.271985099353639E-011  3.447752126518931E-011  2.657916815974357E-011  1.235104765973579E-011  6.455173312839664E-012  1.912691851283182E-012
   213.500029910692       9.682354956814501E-010  8.660026485760592E-010  7.720789457571549E-010  6.822383150901893E-010  5.934492122520437E-010  5.034361132151964E-010  4.102593852771469E-010  3.618941405572043E-010  3.120249532872652E-010  2.604240719190876E-010  2.285557220299469E-010  2.069193486785003E-010  1.738904815392606E-010  1.515183670489379E-010  1.175549491491002E-010  9.479192185069557E-011  8.344066268922204E-011  7.215724229281022E-011  6.099321141353849E-011  5.001921030560638E-011  3.933392647128525E-011  1.946482818990952E-011  1.082295063796814E-011  3.729161367610357E-012
   214.500030050789       9.565637260718377E-010  8.451567644219029E-010  7.458223735364739E-010  6.528914496687296E-010  5.625000361501832E-010  4.720408734570527E-010  3.796313637785015E-010  3.322175299232670E-010  2.837896596612805E-010  2.342488400977696E-010  2.039862990592069E-010  1.836044433190792E-010  1.527774868889037E-010  1.321165016093706E-010  1.011413447586373E-010  8.068524612395154E-011  7.058925253292728E-011  6.063070064222515E-011  5.086062011287342E-011  4.134654208383121E-011  3.217987035100886E-011  1.545755181711817E-011  8.377586811456268E-012  2.751606586367009E-012
   215.500030190886       9.711638199365410E-010  8.662175397015838E-010  7.702752684825512E-010  6.788111963648941E-010  5.886902161243288E-010  4.976750941077187E-010  4.039695779946031E-010  3.555893898807887E-010  3.059244978150410E-010  2.547970285416767E-010  2.233649532891472E-010  2.020901674096234E-010  1.697167326740586E-010  1.478587069999049E-010  1.147765853691807E-010  9.266138197151504E-011  8.164500532495157E-011  7.069821949462178E-011  5.986639933322915E-011  4.921176620508495E-011  3.882167219998338E-011  1.940691940197339E-011  1.088498097533620E-011  3.819586826703761E-012
   216.500030330983       9.333424039475532E-010  8.370644893952262E-010  7.468186572925437E-010  6.592119272279888E-010  5.718640443346204E-010  4.830188428889174E-010  3.912109811000411E-010  3.437692972314766E-010  2.950906647800917E-010  2.450484108112913E-010  2.143415749733701E-010  1.935917540542473E-010  1.620836983294228E-010  1.408655091409524E-010  1.088601596656249E-010  8.755658866619480E-011  7.697870066508735E-011  6.649426613661649E-011  5.615007021971600E-011  4.600933300572541E-011  3.615945174438465E-011  1.789130830408019E-011  9.952403808608385E-012  3.429111241807606E-012
   217.500030471080       1.003832822121819E-009  9.051812791332265E-010  8.105891752150545E-010  7.174808316250582E-010  6.239291061316377E-010  5.283486635542838E-010  4.292552644273466E-010  3.779222517395391E-010  3.251495952131101E-010  2.707732981106244E-010  2.373322237348316E-010  2.146970644360023E-010  1.802585014861224E-010  1.570131657953645E-010  1.218488786327203E-010  9.835747676147873E-011  8.666112328465789E-011  7.504248650456608E-011  6.354945379184404E-011  5.224720468249009E-011  4.122654418939548E-011  2.062013022180454E-011  1.155633168821929E-011  4.031507696822587E-012
   218.500030611177       1.042568620059780E-009  9.266865937882806E-010  8.209382260290529E-010  7.202070854983940E-010  6.210821648137787E-010  5.212793252813376E-010  4.191297303583456E-010  3.667462007822056E-010  3.133049640448009E-010  2.587233492779112E-010  2.254294664595953E-010  2.030255859619680E-010  1.691653877890765E-010  1.464825832491942E-010  1.124753466280854E-010  8.999840046736437E-011  7.889247118852177E-011  6.792481541806006E-011  5.714728193646454E-011  4.662884936310769E-011  3.646337439590793E-011  1.777915878570830E-011  9.756728114450676E-012  3.260542349262840E-012
   219.500030751274       1.395811507137397E-009  1.248652500348551E-009  1.113955829210896E-009  9.855398199580877E-010  8.590369060530542E-010  7.312154425232398E-010  5.993093626706530E-010  5.309524269717962E-010  4.604867351999391E-010  3.875012448399485E-010  3.423265580897587E-010  3.115818528652296E-010  2.644753484698451E-010  2.323999963889009E-010  1.833190797390966E-010  1.500441927111761E-010  1.332909126583057E-010  1.165015091959883E-010  9.972413698116469E-011  8.302906516362778E-011  6.652083852387289E-011  3.480197158912626E-011  2.028652581268713E-011  7.656173336085577E-012
   220.500030891371       1.338044616709600E-009  1.192833488676533E-009  1.060341787276642E-009  9.343480157230615E-010  8.104684136272639E-010  6.855417358298087E-010  5.570164451442484E-010  4.906611647510661E-010  4.225215304212756E-010  3.523279142653398E-010  3.091384125045494E-010  2.798854989256350E-010  2.353344159638155E-010  2.052245790218489E-010  1.596001055329234E-010  1.290594377125426E-010  1.138320922635218E-010  9.869063378710655E-011  8.369671181147434E-011  6.893455966713346E-011  5.452155744123061E-011  2.749836941150099E-011  1.554068356499762E-011  5.497232537486562E-012
   221.500031031468       1.258120290103704E-009  1.133366486366567E-009  1.015458391954879E-009  9.006227130071433E-010  7.860239529421627E-010  6.693675640682362E-010  5.485175054091926E-010  4.858176417092423E-010  4.211887814641931E-010  3.542964391303931E-010  3.129341955439632E-010  2.848070339483140E-010  2.417520671405497E-010  2.124659146217723E-010  1.677014226379836E-010  1.373831902674999E-010  1.221255916673448E-010  1.068378052580461E-010  9.156108510420205E-011  7.635531325683052E-011  6.130915933696379E-011  3.231814732962678E-011  1.896207868993735E-011  7.228599115117740E-012
   222.500031171565       1.431061009056489E-009  1.268018982212625E-009  1.121310440724818E-009  9.837513094691236E-010  8.502129835662748E-010  7.170531384729363E-010  5.814810119715824E-010  5.120197466393681E-010  4.410472323886514E-010  3.682836451086481E-010  3.236656417036917E-010  2.934985960811328E-010  2.476124019662363E-010  2.166159333269409E-010  1.696072831022520E-010  1.380498607667878E-010  1.222636090420159E-010  1.065154847246368E-010  9.085364607676732E-011  7.534613266630460E-011  6.009154194663658E-011  3.102071802124913E-011  1.784839956200314E-011  6.553183067363941E-012
   223.500031311662       2.316145024986148E-009  1.979589449896853E-009  1.707852589310386E-009  1.477581698571779E-009  1.270853811711855E-009  1.074811101684326E-009  8.804217855200442E-010  7.816217529271394E-010  6.806410469553295E-010  5.765994929770318E-010  5.123077322899126E-010  4.685314332341969E-010  4.013220172539442E-010  3.553864981994380E-010  2.846416995543683E-010  2.362050536751992E-010  2.116126962712083E-010  1.867901154301400E-010  1.617676150044535E-010  1.365974049263913E-010  1.113678276531290E-010  6.144922103281821E-011  3.752995641149097E-011  1.556724194725445E-011
   224.500031451759       2.440798794598658E-009  2.107374803647738E-009  1.833110000832623E-009  1.596220724749449E-009  1.380151755398219E-009  1.172947520618089E-009  9.658314653683487E-010  8.599641827743382E-010  7.512871550635774E-010  6.387254304003184E-010  5.688149470894035E-010  5.210357284953394E-010  4.473677146310291E-010  3.967770259418845E-010  3.184356737890627E-010  2.644725988675927E-010  2.369675513825245E-010  2.091311542025647E-010  1.809968029653394E-010  1.526262025035302E-010  1.241284497848307E-010  6.767211059451807E-011  4.071598801500419E-011  1.624322519079165E-011
   225.500031591855       2.272942924236843E-009  2.006964588684972E-009  1.775548178030820E-009  1.565711097678671E-009  1.367415246714315E-009  1.172915221401370E-009  9.756508827192663E-010  8.739067317322271E-010  7.688010828834738E-010  6.591399163783797E-010  5.905535996831156E-010  5.434361345006541E-010  4.703444204906847E-010  4.197922549306484E-010  3.408248653183649E-010  2.858484110276522E-010  2.576079653383404E-010  2.288535365617371E-010  1.995896462137740E-010  1.698422229447360E-010  1.396752497392571E-010  7.875112451388246E-011  4.881208550915144E-011  2.066750206413053E-011
   226.500031731952       1.559032384173273E-009  1.400838492710688E-009  1.252740814107684E-009  1.109915910423595E-009  9.685523705995392E-010  8.254343550366940E-010  6.774815344486257E-010  6.006570465905732E-010  5.213108407134673E-010  4.389223191634394E-010  3.878031246418016E-010  3.529518627205533E-010  2.994511645135868E-010  2.629490875474244E-010  2.069838989196026E-010  1.689769891670631E-010  1.498281810030080E-010  1.306351251443937E-010  1.114599283208135E-010  9.239347916656965E-011  7.357100370190295E-011  3.760574963146212E-011  2.134920966745099E-011  7.522000815758280E-012
   227.500031872049       2.091935657649087E-009  1.899618227398128E-009  1.716688821395333E-009  1.537568231985001E-009  1.357725247289669E-009  1.173101665297023E-009  9.794385065127813E-010  8.776440865429267E-010  7.714994435755125E-010  6.600310625253909E-010  5.901127708680580E-010  5.420565792140555E-010  4.675663917363180E-010  4.161534982704278E-010  3.361507521466094E-010  2.807694967237876E-010  2.524488278642360E-010  2.237144853296152E-010  1.945858440481990E-010  1.651029552226885E-010  1.353408764489551E-010  7.565063307594888E-011  4.650752978552282E-011  1.927659158790983E-011
   228.500032012146       2.765491796005252E-009  2.433787177720212E-009  2.149273697419499E-009  1.893321462341817E-009  1.651716132044903E-009  1.413826310396050E-009  1.171149305740116E-009  1.045495403539755E-009  9.154898727546199E-010  7.798372200823279E-010  6.951145227924861E-010  6.370211577553440E-010  5.471728027482666E-010  4.852954380685990E-010  3.892426552709976E-010  3.229538328857656E-010  2.891404972810549E-010  2.549100383023829E-010  2.203105876040237E-010  1.854267824390629E-010  1.504035623179749E-010  8.113391981103888E-011  4.819503835770422E-011  1.859691731143501E-011
   229.500032152243       2.874170304340197E-009  2.582314326820279E-009  2.318109232809045E-009  2.069888535336025E-009  1.828246116897056E-009  1.585296756118500E-009  1.333498150114721E-009  1.201624962379200E-009  1.064000699670617E-009  9.189039523273453E-010  8.273599650766174E-010  7.641063077967113E-010  6.653709350690690E-010  5.966239013405688E-010  4.884131979364816E-010  4.124146143949012E-010  3.731338260488120E-010  3.329483784118289E-010  2.918309248357133E-010  2.497732134314647E-010  2.068044877050768E-010  1.187025769609603E-010  7.444371760931549E-011  3.188205932026808E-011
   230.500032292340       2.089833361088012E-009  1.846856994497173E-009  1.633647915852279E-009  1.437373569464259E-009  1.248503691510760E-009  1.060106573395822E-009  8.668052185328524E-010  7.667916057477954E-010  6.637111753206975E-010  5.569254762474141E-010  4.908184609601493E-010  4.458286070279603E-010  3.769164527158312E-010  3.300282680307227E-010  2.584001387265794E-010  2.099880513003320E-010  1.856867902506489E-010  1.614015822245058E-010  1.372226510315549E-010  1.132782754452250E-010  8.975423034174291E-011  4.522581727226816E-011  2.536620400489701E-011  8.733163445555592E-012
   231.500032432437       3.538853033586115E-009  3.144398930353099E-009  2.799195901608684E-009  2.484802102674273E-009  2.186330507140257E-009  1.891748262878191E-009  1.590403859167903E-009  1.433706547761432E-009  1.270760412929944E-009  1.099425979404934E-009  9.914842350434862E-010  9.169393167931201E-010  8.005967474609457E-010  7.195701456585510E-010  5.919202067323519E-010  5.021206130978298E-010  4.556323747547165E-010  4.080028853865113E-010  3.591743119425898E-010  3.091000488670490E-010  2.577591782969549E-010  1.515385337059740E-010  9.727225416578913E-011  4.374100511675391E-011
   232.500032572534       3.385537978461366E-009  3.049597393147232E-009  2.739403706859752E-009  2.443319731598362E-009  2.151758920871620E-009  1.856336846125942E-009  1.548701812140501E-009  1.387349153828027E-009  1.219063832557687E-009  1.042088845335602E-009  9.308749325752694E-010  8.543250014840891E-010  7.354824945140596E-010  6.533351397615631E-010  5.253667921895245E-010  4.367655618387178E-010  3.914920820674347E-010  3.456120784976446E-010  2.991932766876032E-010  2.523520587081666E-010  2.052831207252763E-010  1.119998359781295E-010  6.736929089075589E-011  2.660986612521168E-011
   233.500032712631       4.539609717675286E-009  4.053217599901354E-009  3.614852312028477E-009  3.209011041132264E-009  2.821821318687294E-009  2.440440065305712E-009  2.051846342841259E-009  1.850230080744678E-009  1.640700324720105E-009  1.420335483125258E-009  1.281395176451103E-009  1.185366465608694E-009  1.035338288848690E-009  9.307220210753779E-010  7.656675655714551E-010  6.493681491048955E-010  5.891007042840649E-010  5.273127700590111E-010  4.639298132359405E-010  3.988952278743106E-010  3.321923475943350E-010  1.942397094135995E-010  1.239278450987983E-010  5.488423457479474E-011
   234.500032852728       3.025896803885429E-009  2.736066599780337E-009  2.459601882749706E-009  2.191089976463712E-009  1.925298773895246E-009  1.656863139126204E-009  1.379771075072469E-009  1.235723865921274E-009  1.086505829708436E-009  9.306887793170060E-010  8.333058242124424E-010  7.664838578434211E-010  6.630087311707634E-010  5.916057281374839E-010  4.803833404716580E-010  4.031946823375527E-010  3.636197667136653E-010  3.233712297790289E-010  2.824477979454028E-010  2.408692136729053E-010  1.986924070151965E-010  1.131778195085213E-010  7.066399809618297E-011  3.000535523285787E-011
   235.500032992825       3.442395113096872E-009  3.081477181111453E-009  2.750135338172456E-009  2.435788314102010E-009  2.128172755146383E-009  1.818686109557807E-009  1.499437135309845E-009  1.333605029870402E-009  1.162124787268362E-009  9.837189304539985E-010  8.727758707343225E-010  7.969989598727893E-010  6.803957971175175E-010  6.005990146838100E-010  4.777352642219923E-010  3.937981118913030E-010  3.512967359140978E-010  3.085122302542467E-010  2.655351357817118E-010  2.225031869458383E-010  1.796280061379726E-010  9.589750718172446E-011  5.658543341975318E-011  2.147181139227189E-011
   236.500033132922       3.500900711406175E-009  3.173196503132030E-009  2.859184216842597E-009  2.552419743883484E-009  2.246782004454822E-009  1.936086859379034E-009  1.613463258691844E-009  1.445108503275820E-009  1.270348771431871E-009  1.087566832437136E-009  9.732308786038957E-010  8.947519790557516E-010  7.732177529683366E-010  6.893688684078120E-010  5.588313594592828E-010  4.683221904186568E-010  4.219548410766185E-010  3.748297555171344E-010  3.269526718513020E-010  2.783563808504915E-010  2.291217288596355E-010  1.295886780534278E-010  8.037016017190393E-011  3.365324478496467E-011
   237.500033273018       3.827023610691355E-009  3.453311253467235E-009  3.101165598542797E-009  2.761525911203091E-009  2.426194200016369E-009  2.087362957042328E-009  1.736850371787704E-009  1.554275522594867E-009  1.364914249006139E-009  1.166987973453393E-009  1.043230620088394E-009  9.583050721922304E-010  8.268185597186825E-010  7.361268981697151E-010  5.949852126830360E-010  4.971757421233096E-010  4.470946415165083E-010  3.962217270100113E-010  3.445754547837070E-010  2.922109451310416E-010  2.392485435196535E-010  1.327360929890099E-010  8.069270578479337E-011  3.235303871370023E-011
   238.500033413115       4.073843860960434E-009  3.735265082282868E-009  3.401256393656153E-009  3.067219234166249E-009  2.728093949113252E-009  2.377907572943065E-009  2.009014070670417E-009  1.814385442266409E-009  1.610696595943212E-009  1.395654807425433E-009  1.259956178792957E-009  1.166215595952344E-009  1.019950535384198E-009  9.181470723229122E-010  7.578932937035998E-010  6.452156499312891E-010  5.868734000649063E-010  5.270646924776831E-010  4.656810483598267E-010  4.026083458788779E-010  3.377342871697232E-010  2.022927090437159E-010  1.319256824150304E-010  6.096983082077616E-011
   239.500033553212       4.587492728252471E-009  4.173022866771767E-009  3.773787926193260E-009  3.382555634391239E-009  2.992052145328127E-009  2.594445932508993E-009  2.180470739198625E-009  1.963698388671332E-009  1.737868635749000E-009  1.500477950891073E-009  1.351176543304414E-009  1.248255746235004E-009  1.088016926606038E-009  9.767445482544722E-010  8.020450455071999E-010  6.795922855247715E-010  6.163344845638478E-010  5.516069899890585E-010  4.853218834521992E-010  4.173985174567596E-010  3.477806808380755E-010  2.036508799556012E-010  1.299010689976318E-010  5.723981949179024E-011
   240.500033693309       6.020345409509797E-009  5.492756052311245E-009  4.986427378236723E-009  4.492428556994363E-009  4.001276706730962E-009  3.502177113814130E-009  2.981639534095536E-009  2.707764203724982E-009  2.420773490598276E-009  2.116493986590532E-009  1.923344683027349E-009  1.789224242879600E-009  1.578553216587510E-009  1.430720754329016E-009  1.195578140101278E-009  1.028119802420039E-009  9.406069844009296E-010  8.502537588969793E-010  7.567782751518124E-010  6.598572508014217E-010  5.591216336244451E-010  3.445377340148915E-010  2.299299360676294E-010  1.107133999242833E-010
   241.500033833406       4.495682918939353E-009  4.114794953647636E-009  3.743633933562200E-009  3.374920731696739E-009  3.001624635823325E-009  2.616278881262564E-009  2.209916582152199E-009  1.995231148804606E-009  1.770292577771070E-009  1.532494446804376E-009  1.382251785130571E-009  1.278378382960911E-009  1.116166297045036E-009  1.003174954573841E-009  8.252121336945509E-010  7.000814548833490E-010  6.353253991378411E-010  5.689926395053534E-010  5.009972568583736E-010  4.312627394102408E-010  3.597373417023632E-010  2.114715103635973E-010  1.353695090333313E-010  5.986323189419703E-011
   242.500033973503       6.428141562881374E-009  5.716543675067033E-009  5.092895421240554E-009  4.526685892576240E-009  3.991753092182874E-009  3.465787575622639E-009  2.928411392262899E-009  2.648718233573067E-009  2.357369425994996E-009  2.050180233523436E-009  1.856049942341974E-009  1.721646509268116E-009  1.511223417060051E-009  1.364113411543951E-009  1.131202993567543E-009  9.663151331459187E-010  8.805433528821314E-010  7.923258801552220E-010  7.014776748006009E-010  6.078068362809523E-010  5.111256533139729E-010  3.081924134557592E-010  2.020858013629636E-010  9.425212019571396E-011
   243.500034113600       7.714726539856366E-009  6.880477074242124E-009  6.148746580665381E-009  5.485726282860604E-009  4.861628683129154E-009  4.250108372543625E-009  3.625928898901121E-009  3.300356881247879E-009  2.959943088384087E-009  2.598785759925728E-009  2.368902825619305E-009  2.208803421751358E-009  1.956282867030772E-009  1.778145847942624E-009  1.492845801302369E-009  1.287962332796022E-009  1.180261985496024E-009  1.068585392132566E-009  9.525192461925643E-010  8.315963487923454E-010  7.052969702396101E-010  4.343856178381987E-010  2.889895203748242E-010  1.378036316360461E-010
   244.500034253697       1.015558135343597E-008  8.930614886212382E-009  7.892602567396114E-009  6.985935094774131E-009  6.161459093728252E-009  5.376646730813261E-009  4.593056492831573E-009  4.189271824759881E-009  3.769497584522459E-009  3.325772408635013E-009  3.043663958132024E-009  2.847131597334575E-009  2.536716714262063E-009  2.317181241670538E-009  1.964046329990746E-009  1.708802623464928E-009  1.573903106723460E-009  1.433382859044248E-009  1.286532640725058E-009  1.132504487900745E-009  9.702758332180290E-010  6.160045159786933E-010  4.207456312039580E-010  2.112913627000425E-010
   245.500034393794       1.101796953437305E-008  9.708676729214863E-009  8.599676071132259E-009  7.629734165835203E-009  6.745142061486186E-009  5.899796416329561E-009  5.052201094839341E-009  4.614083276335025E-009  4.157699141864473E-009  3.674308775776909E-009  3.366485079732125E-009  3.151814081892058E-009  2.812376026020389E-009  2.572033735587894E-009  2.184916500410834E-009  1.904677986949542E-009  1.756401887202113E-009  1.601808661833703E-009  1.440079118258997E-009  1.270221806374327E-009  1.091019416591029E-009  6.981077618044809E-010  4.800590064273393E-010  2.440724577587188E-010
   246.500034533891       7.880385298298958E-009  7.155538584381683E-009  6.483424110561427E-009  5.839266462618233E-009  5.201685656547762E-009  4.551150982360705E-009  3.867235933578139E-009  3.505107718478658E-009  3.124242771117615E-009  2.719367927318027E-009  2.462116688062440E-009  2.283521246789415E-009  2.003309658817496E-009  1.807117790782841E-009  1.496316548006090E-009  1.276372710755250E-009  1.162056221864774E-009  1.044580559652952E-009  9.237346718695914E-010  7.993030239243511E-010  6.710799859699114E-010  4.027344347710220E-010  2.629124274751778E-010  1.213044094466902E-010
   247.500034673988       8.672318524590950E-009  7.951403775724477E-009  7.269269579384926E-009  6.605642022736803E-009  5.942116552269331E-009  5.260288530863996E-009  4.538563610254615E-009  4.153835188551508E-009  3.746560857402999E-009  3.309670645858389E-009  3.029342666446578E-009  2.833185686985734E-009  2.522363121504289E-009  2.302100046075248E-009  1.947652440293030E-009  1.691781101467247E-009  1.556782569314735E-009  1.416389549731718E-009  1.269968284445367E-009  1.116756040607710E-009  9.558194522980173E-010  6.058047113272819E-010  4.133838774727714E-010  2.066749444633438E-010
   248.500034814085       3.653908627642486E-009  3.393188880062105E-009  3.120864912110241E-009  2.834487386900571E-009  2.530943523528009E-009  2.206162421732359E-009  1.854638644018158E-009  1.666547145095365E-009  1.468622183319085E-009  1.259310971417451E-009  1.127476718288022E-009  1.036689465289635E-009  8.957566177698500E-010  7.983735790812712E-010  6.466821804588723E-010  5.415357270923482E-010  4.876970050210633E-010  4.330000397358014E-010  3.774487256512680E-010  3.210699569890142E-010  2.639326667807540E-010  1.481501621426861E-010  9.054643095264681E-011  3.546679448537750E-011
   249.500034954182       4.976511827811069E-009  4.593909969662496E-009  4.210149759729278E-009  3.819342688678013E-009  3.415304735691039E-009  2.990784727302933E-009  2.536331488922397E-009  2.293880974751830E-009  2.038363988474667E-009  1.766807879511117E-009  1.594583286945696E-009  1.475253893616946E-009  1.288533286835443E-009  1.158233796982934E-009  9.526740939828610E-010  8.079255251313926E-010  7.329555792142151E-010  6.561203368203687E-010  5.773209361177325E-010  4.964718831581610E-010  4.135225831687658E-010  2.416286279094189E-010  1.535832537157668E-010  6.663375441150885E-011
   250.500035094278       8.768183338871844E-009  8.083167135779073E-009  7.415073791563047E-009  6.749554548893420E-009  6.072601617622098E-009  5.368755499988030E-009  4.618302596445239E-009  4.217139355223159E-009  3.792302144152637E-009  3.336987609843588E-009  3.045356035811042E-009  2.841637812851460E-009  2.519575347340254E-009  2.292003805253149E-009  1.927174574641293E-009  1.665056531589453E-009  1.527252805219221E-009  1.384347806214595E-009  1.235797526275076E-009  1.080968272364741E-009  9.191208166213218E-010  5.708435216004771E-010  3.825246790775100E-010  1.843246096426617E-010
   251.300038258114       6.036822565310813E-009  5.631842451774049E-009  5.210194557697626E-009  4.767459885723427E-009  4.297889745092384E-009  3.793716585527295E-009  3.243941007228570E-009  2.947097382144992E-009  2.631984519552924E-009  2.294826760049058E-009  2.079891621155160E-009  1.930488144879704E-009  1.695918616463155E-009  1.531633125079613E-009  1.271336071704794E-009  1.087046490048757E-009  9.911885070372201E-010  8.925893196651930E-010  7.910155045085206E-010  6.862018633140286E-010  5.778504398994326E-010  3.492743950552674E-010  2.286849435405837E-010  1.050866407421525E-010
   251.800038328163       4.719321869957979E-009  4.415048279476965E-009  4.093517733659935E-009  3.751408959918566E-009  3.384369129807456E-009  2.986505478601435E-009  2.549500069750223E-009  2.312673854603301E-009  2.060933265540700E-009  1.791510646229474E-009  1.619881185229957E-009  1.500701662293192E-009  1.313884646826706E-009  1.183332552395452E-009  9.771319106163107E-010  8.317532782475316E-010  7.563807330424008E-010  6.790571074100725E-010  5.996468240787197E-010  5.180049680777335E-010  4.339828599368766E-010  2.582953322166167E-010  1.666311753728714E-010  7.339447092513455E-011
   252.500035374472       4.757970803476846E-009  4.452755057626851E-009  4.131243197133868E-009  3.790098999079473E-009  3.424943290777065E-009  3.029823795680298E-009  2.596275462019301E-009  2.361341723426237E-009  2.111487748368073E-009  1.843776551299787E-009  1.672969483036354E-009  1.554191168659822E-009  1.367638928405067E-009  1.236938854403716E-009  1.029764737670276E-009  8.829836937358385E-010  8.065820052583207E-010  7.279396014500560E-010  6.468428566506232E-010  5.630354954356029E-010  4.762029760931165E-010  2.917606308801281E-010  1.930216764466576E-010  8.950853480362843E-011
   253.500035514569       8.811897072639008E-009  8.275344151444619E-009  7.723589741060506E-009  7.150108959517611E-009  6.546170129073071E-009  5.899424490778801E-009  5.191200883041582E-009  4.805164356798291E-009  4.390657756612294E-009  3.939546336247443E-009  3.646515288085549E-009  3.439716444554213E-009  3.108826333242971E-009  2.871706058862014E-009  2.484735938968341E-009  2.200402670543964E-009  2.048349881370685E-009  1.888479247581809E-009  1.719577353815109E-009  1.540079513266842E-009  1.347899705594578E-009  9.124515759573936E-010  6.578306994796277E-010  3.628963409197532E-010
   254.500035654666       1.108092693563664E-008  1.035770826781637E-008  9.629222242599710E-009  8.886456714508491E-009  8.117929022504280E-009  7.307879781791174E-009  6.432779772726009E-009  5.959658646964852E-009  5.453711458647791E-009  4.904529168388881E-009  4.548078077404303E-009  4.296450147493814E-009  3.893391521753065E-009  3.603997144802107E-009  3.130218654084463E-009  2.780536953797469E-009  2.592873322316257E-009  2.394995396008572E-009  2.185250231833760E-009  1.961502125140284E-009  1.720902645731819E-009  1.171425554002174E-009  8.473109112619454E-010  4.696067948184863E-010
   255.500035794763       2.575141760938813E-008  2.224344690197731E-008  1.917511767292404E-008  1.650393475944999E-008  1.417366018340659E-008  1.211244555470717E-008  1.023115569110043E-008  9.324525049508469E-009  8.418920317096416E-009  7.493650426963742E-009  6.917901006209164E-009  6.520769300766783E-009  5.897453775070061E-009  5.457573672646945E-009  4.747073119320302E-009  4.227479321448214E-009  3.949464519171220E-009  3.656513661578404E-009  3.345837091821326E-009  3.013809036424961E-009  2.655569182004537E-009  1.830131087656932E-009  1.337042240813863E-009  7.560842993969064E-010
   256.500035934860       1.942453142358673E-008  1.697318020420752E-008  1.482623626154733E-008  1.293434265428771E-008  1.124108671610563E-008  9.683186002887310E-009  8.189902872239868E-009  7.442380889889901E-009  6.678249802009116E-009  5.882168584901826E-009  5.380970067873156E-009  5.033608713693417E-009  4.487332379592034E-009  4.102299378057740E-009  3.484285526888542E-009  3.037890974609937E-009  2.801829202308925E-009  2.555690577189679E-009  2.298063896555749E-009  2.027226134494305E-009  1.741042764563505E-009  1.111232501532713E-009  7.601581854249722E-010  3.800180245037275E-010
   257.500036074957       3.740605234308339E-008  3.094927871842922E-008  2.544620158668578E-008  2.083604468746643E-008  1.702994737152024E-008  1.390522838584401E-008  1.130086944366195E-008  1.013261836761990E-008  9.015988887384421E-009  7.918887591152486E-009  7.254719861726652E-009  6.803678455188950E-009  6.106082042120043E-009  5.620690802770532E-009  4.847727705063948E-009  4.290638727028657E-009  3.995329704933092E-009  3.686237411406297E-009  3.360793980187721E-009  3.015705000833806E-009  2.646618019560260E-009  1.809923689808391E-009  1.320268401465903E-009  7.543070115774226E-010
   258.500036215054       3.506653802495438E-008  2.923960424940662E-008  2.426115029419264E-008  2.006515409035857E-008  1.656200190395420E-008  1.363412219626833E-008  1.113181066189715E-008  9.983744319628058E-009  8.869194207074805E-009  7.757398533918176E-009  7.076704503958492E-009  6.611515163106293E-009  5.888174135888836E-009  5.382831605857564E-009  4.576679128998418E-009  3.996509040849279E-009  3.689976980845437E-009  3.370355477523626E-009  3.035649616630067E-009  2.683424234938899E-009  2.310658423136690E-009  1.487223733203202E-009  1.025625352877674E-009  5.224359445412639E-010
   259.500036355151       3.485818812816170E-008  2.952173948952067E-008  2.488364365082497E-008  2.088800199941816E-008  1.746133832139570E-008  1.450883531519074E-008  1.190990087521498E-008  1.069688421757681E-008  9.511924472742233E-009  8.328103718369837E-009  7.604756015983918E-009  7.111685885223037E-009  6.347572226897741E-009  5.815751748736522E-009  4.970574062161381E-009  4.364209269947948E-009  4.044186673442900E-009  3.710532524601229E-009  3.360913670655690E-009  2.992381854926029E-009  2.601112944297993E-009  1.727835560925426E-009  1.228126352214524E-009  6.660705928135430E-010
   260.500036495248       3.437785099533714E-008  3.005589333347060E-008  2.615724064880129E-008  2.264181840243277E-008  1.946150973921323E-008  1.655710227882921E-008  1.385258443861225E-008  1.254404422567450E-008  1.124200642671995E-008  9.922665417818072E-009  9.109264048151120E-009  8.552064888095918E-009  7.684301160198730E-009  7.077112917861370E-009  6.105841043838103E-009  5.403244623626049E-009  5.030100311395882E-009  4.639093658176308E-009  4.226967125776455E-009  3.789534298307706E-009  3.321254520827203E-009  2.258265407409957E-009  1.635223582402050E-009  9.143598225348637E-010
   261.500036635345       3.063736954074589E-008  2.699832540779301E-008  2.370469947733879E-008  2.071879661217271E-008  1.799474233268428E-008  1.547508220243059E-008  1.308454048682041E-008  1.190623576971719E-008  1.071624203608089E-008  9.490386748664544E-009  8.724042008735503E-009  8.194442118763096E-009  7.362498619489738E-009  6.775599592449203E-009  5.829882535903729E-009  5.141717163195494E-009  4.775322649635959E-009  4.391008340806253E-009  3.985820704798955E-009  3.556034795013855E-009  3.096833245097143E-009  2.061895303110761E-009  1.463824584708247E-009  7.855854521743431E-010
   262.500036775441       4.597811166468320E-008  3.963686925257473E-008  3.402850262641187E-008  2.908943155166952E-008  2.474142250589494E-008  2.088778470406291E-008  1.740685607333215E-008  1.575813724106488E-008  1.413749571787087E-008  1.251169102278280E-008  1.151538762300586E-008  1.083467136976219E-008  9.776083484343853E-009  9.035541030754792E-009  7.849177911206595E-009  6.988079082708883E-009  6.529268227777734E-009  6.047110926411770E-009  5.537117298051955E-009  4.993460715799645E-009  4.408330265377695E-009  3.064634777296338E-009  2.263428166915606E-009  1.316251335607648E-009
   263.500036915538       1.223302682853670E-007  1.000523945624284E-007  8.046572137551088E-008  6.360921359773032E-008  4.946736728053138E-008  3.794438196366505E-008  2.882503370884317E-008  2.505277246389108E-008  2.171562206857558E-008  1.872276689622823E-008  1.704580670693096E-008  1.595948213626665E-008  1.435178708842927E-008  1.327656741823956E-008  1.161929411564213E-008  1.045313052466029E-008  9.840336281042496E-009  9.200631801355035E-009  8.526835243478092E-009  7.809432457268544E-009  7.035292630459457E-009  5.229493758534634E-009  4.115173641297629E-009  2.726460714092429E-009
   264.500037055635       1.362172682662547E-007  1.099852076127192E-007  8.712099990404231E-008  6.766765014714612E-008  5.159501572166076E-008  3.876654567917427E-008  2.889115697919200E-008  2.491112753028644E-008  2.145417255083645E-008  1.840621639740493E-008  1.671664229189659E-008  1.562694413240566E-008  1.401776496530685E-008  1.294187258731247E-008  1.128128017400903E-008  1.011043984663912E-008  9.494560810984699E-009  8.851416630083809E-009  8.174065803596550E-009  7.453409864977653E-009  6.677021726710618E-009  4.875628122164483E-009  3.774810643034291E-009  2.420843929167001E-009
   265.500037195732       2.751634010671366E-007  2.232478073023440E-007  1.766343704936255E-007  1.357243172481134E-007  1.008702981544597E-007  7.231993957167312E-008  5.011661808312688E-008  4.131127329992698E-008  3.392045043815130E-008  2.779053586853623E-008  2.462770924584607E-008  2.269667689876475E-008  2.001218649872028E-008  1.832734045011098E-008  1.588396201619595E-008  1.425877865029425E-008  1.343055312776182E-008  1.258221201739260E-008  1.170439559754667E-008  1.078503681055555E-008  9.807760782621326E-009  7.570945991859436E-009  6.206656001099385E-009  4.500060874304376E-009
   266.500037335829       1.447876665337700E-007  1.190852852589040E-007  9.624463295343168E-008  7.634806539936227E-008  5.943118595867264E-008  4.545440979087923E-008  3.425689162637590E-008  2.959927156090065E-008  2.548144115380503E-008  2.180871403086693E-008  1.976802268033032E-008  1.845534455868774E-008  1.652828039184245E-008  1.525042749007802E-008  1.329712924804291E-008  1.193252405771228E-008  1.121783230243929E-008  1.047293911329953E-008  9.689116702697450E-009  8.854779012305382E-009  7.953902593990450E-009  5.845727469795446E-009  4.537311937616515E-009  2.898587561147306E-009
   267.500037475926       1.407287255780470E-007  1.143269699413738E-007  9.119390393803593E-008  7.137431741014362E-008  5.484555831626128E-008  4.148538432395399E-008  3.102457677085014E-008  2.674055195311379E-008  2.297753588463068E-008  1.962578925675989E-008  1.775687668910718E-008  1.654947354686266E-008  1.476742751552596E-008  1.357946060681236E-008  1.175741437271174E-008  1.048531274185645E-008  9.821540371717644E-009  9.132918926155337E-009  8.413156780434981E-009  7.654066600894237E-009  6.844533960029685E-009  5.001656354299526E-009  3.900668959562219E-009  2.571372139780958E-009
   268.500037616023       2.117827612222844E-007  1.720289311781262E-007  1.367598858761242E-007  1.061715924307925E-007  8.038729386376973E-008  5.941050336963932E-008  4.305144836532277E-008  3.646373097629677E-008  3.080930237279702E-008  2.594652238916721E-008  2.333251750932187E-008  2.168636299430202E-008  1.931879688573322E-008  1.777884449742054E-008  1.546538911441050E-008  1.387434162494408E-008  1.304837042238737E-008  1.219248459680775E-008  1.129712542445668E-008  1.034975353740403E-008  9.333166488571378E-009  6.978135664171790E-009  5.530987058022921E-009  3.726380952722494E-009
   269.500037756120       1.007158616146324E-007  8.241253025629908E-008  6.656825802587159E-008  5.315042082311340E-008  4.206299969960110E-008  3.312194175941311E-008  2.602176340165929E-008  2.302303688439581E-008  2.029318454374897E-008  1.773989771900345E-008  1.624753534694208E-008  1.525223654452993E-008  1.373447941953448E-008  1.268904867657643E-008  1.103277293494594E-008  9.839277923727880E-009  9.204885729770207E-009  8.538683262825024E-009  7.833999763708687E-009  7.082175719438819E-009  6.271573173483463E-009  4.400473489267739E-009  3.275206471912868E-009  1.930742959066619E-009
   270.500037896217       1.713136171463812E-007  1.401474342277819E-007  1.125097043880912E-007  8.852708562564363E-008  6.826843732725640E-008  5.170573536390630E-008  3.864971890980986E-008  3.330855789413668E-008  2.864400127242699E-008  2.453079117472795E-008  2.226078962221725E-008  2.080395327392896E-008  1.866634353578827E-008  1.724770640601073E-008  1.507595711027910E-008  1.355751707199963E-008  1.276271024983320E-008  1.193528788437919E-008  1.106632776753313E-008  1.014405124461927E-008  9.152217305244601E-009  6.851474695289922E-009  5.438865884349086E-009  3.681018771457583E-009
   271.500038036314       9.891596218001629E-008  8.218350950615426E-008  6.750083882230517E-008  5.486435717294016E-008  4.422220788855463E-008  3.545085530956198E-008  2.831996823888349E-008  2.525646316153893E-008  2.244208588454409E-008  1.979261744112426E-008  1.823919731809505E-008  1.720203899714347E-008  1.561924944209745E-008  1.452808262131829E-008  1.279633265412214E-008  1.154402574245942E-008  1.087586792353038E-008  1.017160201564767E-008  9.422928891329834E-009  8.618754671793868E-009  7.743647222311731E-009  5.677190469753340E-009  4.387551660508753E-009  2.770450118704352E-009
   272.500038176411       4.597954800780872E-008  4.076753076756481E-008  3.615926061114699E-008  3.205582085760973E-008  2.834504854960225E-008  2.489988466417565E-008  2.157261349384278E-008  1.989723454841166E-008  1.817537217443603E-008  1.636689406338234E-008  1.521727889275681E-008  1.441385849802223E-008  1.313629477359705E-008  1.222299570682902E-008  1.072834362870767E-008  9.620716921157897E-009  9.023174072629257E-009  8.389891520565812E-009  7.714223356690127E-009  6.987445299829725E-009  6.197705871966890E-009  4.353239221411517E-009  3.230166365242423E-009  1.873339453707235E-009
   273.500038316508       7.702388106603729E-008  6.548779751596852E-008  5.544078233460011E-008  4.679275664625626E-008  3.941403841795432E-008  3.312354418981264E-008  2.767229931083521E-008  2.515918179701683E-008  2.271801270147033E-008  2.028199891737198E-008  1.878778451762888E-008  1.776361481945561E-008  1.616235501573344E-008  1.503395481605819E-008  1.320812875304951E-008  1.186606600171253E-008  1.114428843842576E-008  1.038022686744771E-008  9.565328532312706E-009  8.688329443392524E-009  7.733867720033432E-009  5.493344315470597E-009  4.117806060462882E-009  2.441223127154184E-009
   274.500038456605       5.805444366325201E-008  5.199532454419617E-008  4.641861383870999E-008  4.127161863970586E-008  3.648803623140443E-008  3.198228767612344E-008  2.763801547530236E-008  2.547543967051988E-008  2.327964126253673E-008  2.100605065464638E-008  1.957784149114749E-008  1.858683925330629E-008  1.702114688270246E-008  1.590777541375460E-008  1.409157481516386E-008  1.274607980373883E-008  1.201879842138842E-008  1.124596251057291E-008  1.041808236391364E-008  9.522428024192507E-009  8.541261190139030E-009  6.203452437349151E-009  4.733991026692524E-009  2.886601318598808E-009
   275.500038596701       8.529176854343085E-008  7.354176390276528E-008  6.305852012221713E-008  5.378556858119262E-008  4.563657005752139E-008  3.848328317501460E-008  3.213663553783019E-008  2.918251757117147E-008  2.631345195405230E-008  2.346661963072764E-008  2.173440107447387E-008  2.055464527005763E-008  1.872322759129820E-008  1.744211428732615E-008  1.538411287409118E-008  1.388086139469780E-008  1.307471623655480E-008  1.222242382098887E-008  1.131390568050827E-008  1.033566831787351E-008  9.268936089498346E-009  6.744231831281645E-009  5.166943962947335E-009  3.191161051370246E-009
   276.500038736798       1.265897037773931E-007  1.072117643261309E-007  9.009511584600063E-008  7.517607874647146E-008  6.233823520557186E-008  5.139431626530050E-008  4.206016162380436E-008  3.787195927485729E-008  3.391356405733983E-008  3.009629877957945E-008  2.782628087520468E-008  2.630171594569257E-008  2.396651701059980E-008  2.235321944177201E-008  1.978993139992158E-008  1.793412299975080E-008  1.694274586482548E-008  1.589640651150699E-008  1.478199442346048E-008  1.358180993010582E-008  1.227097734621224E-008  9.147847929113012E-009  7.170961602225360E-009  4.646297719639732E-009
   277.500038876895       1.254851307791563E-007  1.081282029889133E-007  9.268310146604648E-008  7.905451491457935E-008  6.710506244568280E-008  5.664244740793717E-008  4.739949628475934E-008  4.312302108342912E-008  3.899647346589664E-008  3.493820197428094E-008  3.249043521908536E-008  3.083342961898032E-008  2.827702618986411E-008  2.649909934644519E-008  2.365585833424359E-008  2.158324642698007E-008  2.047080202133188E-008  1.929227906358829E-008  1.803152885898298E-008  1.666641365221129E-008  1.516528414310866E-008  1.153329350349541E-008  9.179989770338296E-009  6.087356975661133E-009
   278.500039016992       6.423878067480475E-008  5.884714448129940E-008  5.369274972163321E-008  4.873478572220466E-008  4.392006741375698E-008  3.917453586154995E-008  3.438539148272302E-008  3.191933781553596E-008  2.935906562703711E-008  2.664920978499734E-008  2.491734423021545E-008  2.370279681541554E-008  2.176359261387910E-008  2.037040183867317E-008  1.807484464029041E-008  1.635812844292804E-008  1.542529605428950E-008  1.443078254433088E-008  1.336224645038983E-008  1.220323966633986E-008  1.093104020565157E-008  7.897311883028750E-009  5.997212918541184E-009  3.630234576183868E-009
   279.500039157089       3.366484817733671E-008  3.173874285911256E-008  2.976136211276491E-008  2.771202065226222E-008  2.556140352893042E-008  2.326592310712280E-008  2.075650582096762E-008  1.938741960086123E-008  1.791339726702111E-008  1.630084590774926E-008  1.524644894274965E-008  1.449804558971918E-008  1.329143739108590E-008  1.241848443483332E-008  1.097549669856635E-008  9.897558936820412E-009  9.313771972344316E-009  8.693663123739490E-009  8.030649564878275E-009  7.315959884842626E-009  6.537427498043901E-009  4.707201645024672E-009  3.577060331713941E-009  2.174909495294123E-009
   280.500039297186       4.134744872507576E-008  3.880939479598874E-008  3.624545885438404E-008  3.363097213263502E-008  3.093117475717211E-008  2.809441093531274E-008  2.503848431236688E-008  2.338742412931212E-008  2.161966007851242E-008  1.969426682244285E-008  1.843835369342967E-008  1.754765310986521E-008  1.611178204277745E-008  1.507225443237247E-008  1.335072017739634E-008  1.206064360933297E-008  1.136006023422302E-008  1.061418026948768E-008  9.814545524205920E-009  8.949885793064836E-009  8.004592714481637E-009  5.767961020661434E-009  4.377368064490680E-009  2.644042431682693E-009
   281.500039437283       9.664956247840464E-008  8.617150791305199E-008  7.670160010444035E-008  6.811803295553317E-008  6.027509976628852E-008  5.299469414975793E-008  4.604820047809733E-008  4.260481326429352E-008  3.911004606632166E-008  3.548559234625493E-008  3.320225009354473E-008  3.161367805286166E-008  2.909514048158158E-008  2.729653923976570E-008  2.434644131506766E-008  2.214620888858104E-008  2.095111292965567E-008  1.967636132383723E-008  1.830500647687220E-008  1.681418734684766E-008  1.517183812649217E-008  1.121510622213410E-008  8.691323930846310E-009  5.464923623640296E-009
   282.500039577380       1.104440004893204E-007  9.599287833248453E-008  8.358622710968176E-008  7.294941840120386E-008  6.376266066427109E-008  5.566380251411039E-008  4.824761267895417E-008  4.465219294647361E-008  4.104012028598749E-008  3.732106269072775E-008  3.498748937563996E-008  3.336672943099568E-008  3.079974594385640E-008  2.896702409520054E-008  2.595826039311026E-008  2.370892532846637E-008  2.248405948927460E-008  2.117438102390172E-008  1.976098964166667E-008  1.821810782585872E-008  1.650911254373143E-008  1.233909179428380E-008  9.627635454743503E-009  6.083325448929803E-009
   283.500039717477       6.939582067447921E-008  6.378284642326800E-008  5.867726665936747E-008  5.392228023430702E-008  4.935933702498779E-008  4.482232095716273E-008  4.011769486293545E-008  3.762271122592073E-008  3.497062882433844E-008  3.209018423575129E-008  3.020877385436704E-008  2.887055889992523E-008  2.670234823707491E-008  2.512126794940230E-008  2.247504271604395E-008  2.046377183805883E-008  1.935955930002692E-008  1.817362355390110E-008  1.688938782138583E-008  1.548455060761062E-008  1.392796629826742E-008  1.015056214160985E-008  7.732165990340293E-009  4.653584819325247E-009
   284.500039857574       4.019980015718394E-008  3.829003982631584E-008  3.628195932714469E-008  3.414283800177666E-008  3.182771903448635E-008  2.927103911597987E-008  2.637023035028990E-008  2.474048267165001E-008  2.294918601044824E-008  2.094742466979648E-008  1.961581026572878E-008  1.866027613354074E-008  1.710260304582206E-008  1.596331905707303E-008  1.405958355789339E-008  1.262286660856157E-008  1.184037544514968E-008  1.100637287917189E-008  1.011206759707486E-008  9.145972872265532E-009  8.092567445239258E-009  5.625055173662387E-009  4.123341972351231E-009  2.316562348002055E-009
   285.500039997671       1.899854498520478E-008  1.801776465320813E-008  1.696481013803391E-008  1.582446647050602E-008  1.457596136671415E-008  1.318972619024514E-008  1.162127370882150E-008  1.074783502014715E-008  9.798279949555680E-009  8.754136698642402E-009  8.071565998296911E-009  7.588500941433067E-009  6.814327743861124E-009  6.259424640146838E-009  5.355574585039975E-009  4.694417083949334E-009  4.342429073424673E-009  3.973856819742194E-009  3.586464998314394E-009  3.177427717813817E-009  2.743056435824574E-009  1.776035877690388E-009  1.225133617029409E-009  6.075602286184192E-010
   286.500040137768       5.558807581517624E-008  5.255266411237278E-008  4.951665642427731E-008  4.641945848870117E-008  4.319137890617489E-008  3.974208250582088E-008  3.593781208078273E-008  3.383764089111232E-008  3.155071862767030E-008  2.901209124833729E-008  2.732810417866039E-008  2.611994568370560E-008  2.414745274664994E-008  2.269982716982782E-008  2.026518778788682E-008  1.840940494284082E-008  1.739008068545359E-008  1.629577214044443E-008  1.511206233610486E-008  1.381969104680070E-008  1.239195969131190E-008  8.953154853640331E-009  6.776211579468116E-009  4.038011859355819E-009
   287.500040277865       1.024400714961763E-007  9.062682711769014E-008  8.059759813297974E-008  7.199211705590669E-008  6.442669272960780E-008  5.750879059726759E-008  5.083942745756630E-008  4.746298337889268E-008  4.397038316702690E-008  4.026953168047204E-008  3.789483785510612E-008  3.622271791009665E-008  3.353814002441439E-008  3.159593257003470E-008  2.836565040376086E-008  2.592062775827336E-008  2.457974354049096E-008  2.313946377078511E-008  2.157835300981544E-008  1.986726989868153E-008  1.796501204504994E-008  1.330479589363556E-008  1.027353799792795E-008  6.336989212128612E-009
   288.500040417961       1.650258354318091E-007  1.410405634265924E-007  1.201677638399552E-007  1.022646847765409E-007  8.708189283861965E-008  7.423537854954272E-008  6.317793516930345E-008  5.809709331720295E-008  5.316685902968659E-008  4.824924438036371E-008  4.523290469587045E-008  4.316481060607554E-008  3.992837621979107E-008  3.764302515385033E-008  3.392833135347569E-008  3.117452583763698E-008  2.968092576130862E-008  2.808706908423919E-008  2.636912114939299E-008  2.449416954861406E-008  2.241471850357584E-008  1.730340553722215E-008  1.392223028677250E-008  9.367869559731964E-009
   289.500040558058       3.044167384551781E-007  2.529139169930142E-007  2.072635170844153E-007  1.676795164082196E-007  1.342341639360482E-007  1.067713625032913E-007  8.478178523753452E-008  7.554359409327429E-008  6.723737279138882E-008  5.962164584531274E-008  5.526036307944489E-008  5.239202687560451E-008  4.807832713605277E-008  4.514448332837204E-008  4.053997823874494E-008  3.723402740551340E-008  3.547203983790927E-008  3.361202824062973E-008  3.162709458644482E-008  2.947997514313615E-008  2.711657139231479E-008  2.134972108949562E-008  1.753507152763770E-008  1.234215571317548E-008
   291.000040768204       5.031324958592260E-007  4.172079077114813E-007  3.393177760392577E-007  2.701708057107305E-007  2.103982720551109E-007  1.604443875698718E-007  1.203687868638340E-007  1.038672974164728E-007  8.949772217683472E-008  7.696820322184009E-008  7.016461737086605E-008  6.585686616233317E-008  5.963356019589430E-008  5.557070010707870E-008  4.944692563209456E-008  4.521754760939218E-008  4.301291127305380E-008  4.071881449488700E-008  3.830451218188316E-008  3.572785473823814E-008  3.292810144329595E-008  2.622296926185416E-008  2.186152335411861E-008  1.599387864024498E-008
   293.000041048398       4.808998221344232E-007  4.030280907078111E-007  3.316855009843185E-007  2.675177685062811E-007  2.111484476950011E-007  1.631019955328459E-007  1.236485904353437E-007  1.070877235390099E-007  9.249265183311711E-008  7.963985689888047E-008  7.262214614314691E-008  6.817005884515666E-008  6.173261236832709E-008  5.752918060174466E-008  5.119438438073091E-008  4.681906048763709E-008  4.453769532027147E-008  4.216290782678573E-008  3.966242558507998E-008  3.699200101804103E-008  3.408784387352148E-008  2.711915690824858E-008  2.257246348541156E-008  1.642877938202812E-008
   295.000041328591       4.109074775642558E-007  3.445644004968444E-007  2.844051403204475E-007  2.308678257613194E-007  1.843185145139851E-007  1.449716586920701E-007  1.127463473615931E-007  9.913756073184593E-008  8.700495770267678E-008  7.610647094551424E-008  7.001891189676971E-008  6.608959916428729E-008  6.029836328881017E-008  5.643979584509918E-008  5.050457811297340E-008  4.632273841885603E-008  4.411703217667530E-008  4.180370369272177E-008  3.934989736967876E-008  3.671015144780192E-008  3.381841712227543E-008  2.679938631933758E-008  2.216450617176815E-008  1.583568164605133E-008
   297.000041608785       4.092847240055170E-007  3.441029113763126E-007  2.848917731740924E-007  2.320655934516149E-007  1.859745356835092E-007  1.468327635114627E-007  1.145871472043398E-007  1.009033918024249E-007  8.866784376224439E-008  7.764934075651267E-008  7.148363184416409E-008  6.749889387099813E-008  6.161623664438085E-008  5.768786211878059E-008  5.162592517112750E-008  4.733758995264775E-008  4.506948593069161E-008  4.268615258590176E-008  4.015330216420943E-008  3.742369881730452E-008  3.442904974782377E-008  2.715258057372193E-008  2.235505888659235E-008  1.584012885090012E-008
   299.000041888979       4.076195629030847E-007  3.424881813083517E-007  2.836361203280177E-007  2.314786121004913E-007  1.863326046591349E-007  1.483205279460034E-007  1.172072812426638E-007  1.040033948469122E-007  9.213242695429658E-008  8.132115471062678E-008  7.519121368273965E-008  7.119135986137578E-008  6.522772473689492E-008  6.120738778835191E-008  5.495155306488206E-008  5.049483668658940E-008  4.812912931752244E-008  4.563760127088419E-008  4.298384153246357E-008  4.011728810735311E-008  3.696430419916748E-008  2.926338617166539E-008  2.414768641125078E-008  1.712924987768584E-008
   301.000042169173       3.494118310024111E-007  2.944889163209945E-007  2.452825112085977E-007  2.020290729578889E-007  1.648456121526476E-007  1.336418944840740E-007  1.079801791845524E-007  9.694454980499432E-008  8.685944115901414E-008  7.745965624821088E-008  7.200643898360087E-008  6.839153160804661E-008  6.291290425613059E-008  5.915852089431743E-008  5.322251577058363E-008  4.893011114882481E-008  4.663292686977204E-008  4.420143476615831E-008  4.159988288138356E-008  3.877871331290906E-008  3.566594806478287E-008  2.804482769192770E-008  2.298883249423553E-008  1.609541124524429E-008
   303.000042449367       5.036959886817382E-007  4.257616643586545E-007  3.543813385160923E-007  2.900753813859539E-007  2.333129379760300E-007  1.844458852601914E-007  1.435824656814019E-007  1.260598687507121E-007  1.103246580514194E-007  9.615428521792096E-008  8.826047932723841E-008  8.318703349489778E-008  7.575575196622782E-008  7.084194876933779E-008  6.334904843280501E-008  5.811803974937043E-008  5.537448707759115E-008  5.250802138469421E-008  4.947906676052127E-008  4.623290597858831E-008  4.268999092386430E-008  3.413367088625020E-008  2.850085784493478E-008  2.080116498783748E-008
   305.000042729561       5.328933296835777E-007  4.503791685132528E-007  3.750418430516881E-007  3.074589227230476E-007  2.481341835877163E-007  1.974002633396386E-007  1.552399316801750E-007  1.371978147343485E-007  1.209583068126846E-007  1.062327984450669E-007  9.795314767315903E-008  9.259205909751476E-008  8.467478682016643E-008  7.939562480198725E-008  7.128187087287889E-008  6.557766733529473E-008  6.257483143952833E-008  5.943017673238761E-008  5.609969782691256E-008  5.252206974156595E-008  4.860746971901719E-008  3.910564247099707E-008  3.280351443724963E-008  2.409012707472072E-008
   307.000043009754       7.737070361150490E-007  6.602033189002290E-007  5.537184524740937E-007  4.552360691444993E-007  3.658235909480014E-007  2.865895374800492E-007  2.185611041493783E-007  1.889753408060504E-007  1.623561653987821E-007  1.385805875542636E-007  1.255612969649295E-007  1.173366418755896E-007  1.055661578640422E-007  9.800506511199289E-008  8.687368787973357E-008  7.940718005665017E-008  7.559149055343094E-008  7.167600341085298E-008  6.761349337660997E-008  6.333852028395098E-008  5.875543676513022E-008  4.795761673281892E-008  4.097135912817108E-008  3.142473268099044E-008
   309.000043289948       6.363176160243197E-007  5.463840912482799E-007  4.624790319790323E-007  3.852045959943276E-007  3.151824419403409E-007  2.530145332853380E-007  1.991839793789157E-007  1.754568621509834E-007  1.537971933519809E-007  1.340494199026182E-007  1.229960816955357E-007  1.158963401023770E-007  1.055404211503664E-007  9.874489563020820E-008  8.850310814794615E-008  8.145941970791137E-008  7.780350373889550E-008  7.401223536414167E-008  7.003667741441279E-008  6.580851821694299E-008  6.122732440957752E-008  5.025899091252613E-008  4.305452396074431E-008  3.310784507694298E-008
   311.000043570142       1.018567548581414E-006  8.789504507880261E-007  7.456313131813105E-007  6.197907770948321E-007  5.028075914416108E-007  3.962766723002939E-007  3.019800992668386E-007  2.599853882352485E-007  2.216791781883952E-007  1.871492010220912E-007  1.682149773082093E-007  1.562972547408030E-007  1.393859145510529E-007  1.286708787674929E-007  1.132166528430779E-007  1.031287876271365E-007  9.807510809816429E-008  9.296639163855521E-008  8.775156552410950E-008  8.235986408974400E-008  7.668769008523615E-008  6.373125096014894E-008  5.559826453238330E-008  4.469054358104332E-008
   313.000043850336       8.764610107124621E-007  7.547089052937080E-007  6.400594677694272E-007  5.333870474572266E-007  4.356277861344096E-007  3.477487232174936E-007  2.706590024638439E-007  2.363737075943304E-007  2.049587546940468E-007  1.763253370039021E-007  1.603823200516506E-007  1.502121006667548E-007  1.355353575497028E-007  1.260456291252219E-007  1.120247614348307E-007  1.026161376457815E-007  9.781535837073184E-008  9.289810221034724E-008  8.780856983444108E-008  8.246854936361383E-008  7.676253033836426E-008  6.338713488915537E-008  5.476211367702480E-008  4.295841864399368E-008
   315.000044130530       9.783041677458430E-007  8.529476808476673E-007  7.327645635373375E-007  6.185677961478781E-007  5.113131582651945E-007  4.121296707556152E-007  3.223323400690802E-007  2.813972979581406E-007  2.433228971102390E-007  2.082070110530555E-007  1.885484744980383E-007  1.760035180314312E-007  1.579520372005472E-007  1.463548290326035E-007  1.294101492586612E-007  1.182211970964000E-007  1.125834186845261E-007  1.068659680213131E-007  1.010144634967864E-007  9.495267216069824E-008  8.856795592222272E-008  7.398478029257056E-008  6.485181777740741E-008  5.264987412393760E-008
   317.000044410724       1.165541371022528E-006  1.018033491794652E-006  8.762640653100727E-007  7.412099725761843E-007  6.140132309670736E-007  4.960089928539322E-007  3.887270947926227E-007  3.396132580987168E-007  2.937611304491660E-007  2.512777977781867E-007  2.273952463436827E-007  2.121146231850864E-007  1.900768183650140E-007  1.758974679539901E-007  1.551861085182781E-007  1.415508694725793E-007  1.347066775148297E-007  1.277918001170499E-007  1.207491473071753E-007  1.134981267091928E-007  1.059186888433989E-007  8.886230638888317E-008  7.836303222088877E-008  6.451646236800412E-008
   319.000044690917       9.680087988231257E-007  8.448315552689374E-007  7.271453869234246E-007  6.157504529623886E-007  5.115530296937230E-007  4.155659087752296E-007  3.288698977336948E-007  2.893258141603950E-007  2.524377797974034E-007  2.182074650024969E-007  1.988901163927591E-007  1.864778361474752E-007  1.684644730923795E-007  1.567745712638287E-007  1.394937641033926E-007  1.279338096512589E-007  1.220601596120853E-007  1.160684829195824E-007  1.098986834603385E-007  1.034657336274435E-007  9.664275990246190E-008  8.086041194092622E-008  7.081350850584400E-008  5.713520083885585E-008
   321.000044971111       1.031855482405283E-006  8.975724084172397E-007  7.700715416799069E-007  6.502510781395473E-007  5.390807196715045E-007  4.375729240281378E-007  3.466959461994181E-007  3.054795103605426E-007  2.671203258933763E-007  2.315356783699973E-007  2.114181813272848E-007  1.984616064752296E-007  1.795946400810891E-007  1.672982139406113E-007  1.490284279283100E-007  1.367407934423373E-007  1.304776373435427E-007  1.240761135585166E-007  1.174727661332321E-007  1.105779847786733E-007  1.032584133130445E-007  8.633503006170570E-008  7.560336932723284E-008  6.110612691269523E-008
   323.000045251305       8.485319762049354E-007  7.426274869645254E-007  6.419828225841200E-007  5.471979932552639E-007  4.589241482882338E-007  3.778422630133763E-007  3.045867181190714E-007  2.710277321360315E-007  2.395065308591454E-007  2.099078764927886E-007  1.929631112323263E-007  1.819456933132297E-007  1.657243821893874E-007  1.550182796485940E-007  1.388787762874349E-007  1.278433934626510E-007  1.221557272732188E-007  1.162951171263166E-007  1.101968054905550E-007  1.037689866642321E-007  9.687463869548735E-008  8.064467617389047E-008  7.013844413565573E-008  5.566437341086517E-008
   325.000045531499       1.451688891554252E-006  1.269645173008069E-006  1.093882068565113E-006  9.257108494777488E-007  7.666925498285691E-007  6.186856642816609E-007  4.838609163939957E-007  4.221255446699255E-007  3.645404744743584E-007  3.112860042249131E-007  2.814177338054534E-007  2.623430139665407E-007  2.348937294000095E-007  2.172765166725137E-007  1.916144901984606E-007  1.747694136917761E-007  1.663288934354919E-007  1.578106480684902E-007  1.491436033091312E-007  1.402270636881808E-007  1.309103167094589E-007  1.099194254050351E-007  9.692895727134879E-008  7.958743187331623E-008
   327.000045811693       1.914997053404954E-006  1.678017181100701E-006  1.447692604706903E-006  1.225717986563871E-006  1.014179504373600E-006  8.156707053792116E-007  6.334095514261392E-007  5.495498825259974E-007  4.712034530552943E-007  3.988095093134035E-007  3.583454614450024E-007  3.326084928087607E-007  2.957963484533678E-007  2.723661199785552E-007  2.386227108380771E-007  2.167968234257300E-007  2.059788499690471E-007  1.951520532139739E-007  1.842385036783085E-007  1.731278788647590E-007  1.616550809652047E-007  1.363556377887982E-007  1.210901557689046E-007  1.011761271860126E-007
   329.000046091887       1.938871674742315E-006  1.707412998225214E-006  1.481484371057071E-006  1.262562513467448E-006  1.052496679154600E-006  8.536404504356260E-007  6.690094324911254E-007  5.831750186002452E-007  5.023414770306609E-007  4.269918189008684E-007  3.845611112003892E-007  3.574465296319060E-007  3.184881740797769E-007  2.935860332387292E-007  2.575919572509265E-007  2.342452646650159E-007  2.226620286779052E-007  2.110669364147494E-007  1.993820714601673E-007  1.874970763237178E-007  1.752468564906221E-007  1.483842537925991E-007  1.323336885631747E-007  1.116355523767353E-007
   331.000046372081       1.595893082829359E-006  1.401389962585705E-006  1.213475851528681E-006  1.033387581318525E-006  8.626024817564237E-007  7.028953816219953E-007  5.563725565687794E-007  4.887815612537755E-007  4.253410716151382E-007  3.662374047884000E-007  3.328615393496566E-007  3.114454804664998E-007  2.804666631971492E-007  2.604695411594644E-007  2.311481036703848E-007  2.117516388693837E-007  2.019802759935616E-007  1.920794702196415E-007  1.819620032243431E-007  1.715044905392657E-007  1.605226344630314E-007  1.355754236461585E-007  1.200085902931896E-007  9.911227147955088E-008
   333.000046652274       1.669271753893879E-006  1.466396818016935E-006  1.270046702745334E-006  1.081598883214725E-006  9.027115658173249E-007  7.353813433029736E-007  5.819613857398881E-007  5.112650848495716E-007  4.449711636565486E-007  3.832621736651997E-007  3.484305088969113E-007  3.260815058336764E-007  2.937471649812217E-007  2.728666290138409E-007  2.422322138726997E-007  2.219557383901910E-007  2.117388466941623E-007  2.013863436814520E-007  1.908084512839667E-007  1.798782529067478E-007  1.684062897706168E-007  1.423886821601270E-007  1.262010249664137E-007  1.045496482208714E-007
   335.000046932468       1.534713170057142E-006  1.347035814053629E-006  1.166506801978659E-006  9.943362378936236E-007  8.319246368474332E-007  6.808852891430944E-007  5.430161795287648E-007  4.795847808889019E-007  4.200606760645344E-007  3.644935379642807E-007  3.329877364122669E-007  3.126880185844276E-007  2.831551068952891E-007  2.639493164558574E-007  2.355185271911045E-007  2.164915590577450E-007  2.068281870464854E-007  1.969778548022556E-007  1.868464224533449E-007  1.763006985034334E-007  1.651419244209356E-007  1.394691638921066E-007  1.232405770974316E-007  1.012470762964316E-007
   337.000047212662       9.052865219736846E-007  7.988929862638611E-007  6.979163193600463E-007  6.028926583464661E-007  5.143727399465739E-007  4.328816946050426E-007  3.588137926533505E-007  3.245873966241687E-007  2.921396912495826E-007  2.612608769106800E-007  2.433209160469926E-007  2.315185374416159E-007  2.138896961471367E-007  2.020521374316078E-007  1.838233171129543E-007  1.710384392903400E-007  1.643314646872237E-007  1.573295607839859E-007  1.499403137753318E-007  1.420329367101350E-007  1.334125172645952E-007  1.125510781866978E-007  9.863861126417362E-008  7.896699257144485E-008
   339.000047492856       1.142034372559757E-006  1.001778373500709E-006  8.691449968266388E-007  7.449579300408779E-007  6.300572527839373E-007  5.252318114187648E-007  4.310558887234568E-007  3.879924353148333E-007  3.474833872315665E-007  3.092556440031807E-007  2.872079363558173E-007  2.727754231064675E-007  2.513375061141599E-007  2.370322723942366E-007  2.151660637253047E-007  1.999613029697583E-007  1.920310952906511E-007  1.837867279309581E-007  1.751241597586640E-007  1.658955450274067E-007  1.558794638657716E-007  1.317883699456127E-007  1.157829352763512E-007  9.313744518104793E-008
   341.000047773050       1.224994793343400E-006  1.077377807253500E-006  9.373003533435172E-007  8.056080943317859E-007  6.831796331837087E-007  5.708697696501222E-007  4.693587386328384E-007  4.227286673148239E-007  3.787465998973135E-007  3.371548105813443E-007  3.131432257921679E-007  2.974229637454796E-007  2.740811063175824E-007  2.585203772351998E-007  2.347785339490933E-007  2.183157854323930E-007  2.097491736501881E-007  2.008598076333088E-007  1.915394978825498E-007  1.816342027874673E-007  1.709125911637428E-007  1.452380238279662E-007  1.282427054342202E-007  1.042159155602603E-007
   343.000048053244       1.432987899886763E-006  1.261475062523860E-006  1.098202776571173E-006  9.442352691666485E-007  8.006867020815222E-007  6.686474648630656E-007  5.489993055432220E-007  4.939374601255408E-007  4.419503813449830E-007  3.927636588530057E-007  3.643769036045232E-007  3.458076399327114E-007  3.182792254756092E-007  2.999730397432906E-007  2.721487626740423E-007  2.529566564683299E-007  2.430099035257715E-007  2.327205724964598E-007  2.219696397813772E-007  2.105870786953457E-007  1.983167592338421E-007  1.691318899531503E-007  1.499367615348623E-007  1.228618808201321E-007
   345.000048333437       1.411017948405388E-006  1.241899730196020E-006  1.080598010622576E-006  9.282188082737226E-007  7.859548888428366E-007  6.550296352073614E-007  5.365307133912641E-007  4.821418976615569E-007  4.309437059360797E-007  3.826939195114452E-007  3.549481292825792E-007  3.368389041160618E-007  3.100457324685969E-007  2.922554828606539E-007  2.652321901826106E-007  2.465823571033839E-007  2.369058091272857E-007  2.268839730999204E-007  2.163957256410274E-007  2.052682180659965E-007  1.932412727419372E-007  1.644783305247881E-007  1.454299747066182E-007  1.184021568565868E-007
   347.000048613631       1.517980075175175E-006  1.332652048431340E-006  1.156515975914166E-006  9.909012007729559E-007  8.372056486453256E-007  6.967975385214626E-007  5.707751062052207E-007  5.132986066863820E-007  4.593870862859749E-007  4.087094660189184E-007  3.795970167463676E-007  3.605965859263196E-007  3.324724388827509E-007  3.137827965618144E-007  2.853581661757130E-007  2.657107635528861E-007  2.555053989912186E-007  2.449270645362124E-007  2.338461005576915E-007  2.220772004887965E-007  2.093409017029987E-007  1.787983988179571E-007  1.584871705532572E-007  1.295164843438224E-007
   349.000048893825       1.990142318900261E-006  1.752036734292821E-006  1.522183874468636E-006  1.302429067107660E-006  1.094926714337293E-006  9.021266615128999E-007  7.266166745852204E-007  6.460672171594706E-007  5.705421077143250E-007  4.999587555759242E-007  4.598069420354426E-007  4.338410633168577E-007  3.958661014442328E-007  3.710029272489868E-007  3.338855599457668E-007  3.087989048974970E-007  2.959727823705411E-007  2.828348788269528E-007  2.692508043476012E-007  2.550287640552980E-007  2.398795736359523E-007  2.045528556387816E-007  1.817708865753977E-007  1.500600459199858E-007
   351.000049174019       2.258754556579723E-006  1.992923952098763E-006  1.735015024216609E-006  1.487050533984130E-006  1.251439341142203E-006  1.031000073329260E-006  8.288514484994770E-007  7.355765353983094E-007  6.478576363558254E-007  5.657111368896518E-007  5.189560781701240E-007  4.887326755780092E-007  4.445865868956862E-007  4.157472122393633E-007  3.728545885431394E-007  3.440286559028634E-007  3.293612037846374E-007  3.143980313660122E-007  2.990020187747668E-007  2.829776833663994E-007  2.660303335480331E-007  2.270742042750315E-007  2.024027877678973E-007  1.686263210890671E-007
   353.000049454213       1.968121476903637E-006  1.738216502154192E-006  1.515617349902527E-006  1.302030648207297E-006  1.099458527502247E-006  9.101933409957711E-007  7.366781202601500E-007  6.565130334882058E-007  5.809503157525045E-007  5.098976214837949E-007  4.692501774406941E-007  4.428607682531947E-007  4.041030354055829E-007  3.786133317691627E-007  3.403849881073368E-007  3.144337684283646E-007  3.011354960485535E-007  2.874976372712311E-007  2.733848473794552E-007  2.586042744702429E-007  2.428654055202096E-007  2.062566544862429E-007  1.827733319954074E-007  1.503129334947125E-007
   355.000049734407       2.484562855391344E-006  2.189993469376185E-006  1.904405896971461E-006  1.630231373507070E-006  1.370347075969251E-006  1.128060986786055E-006  9.068986187514176E-007  8.052320071384410E-007  7.098239048256141E-007  6.205905191654496E-007  5.698031769770346E-007  5.369524226139160E-007  4.889094569706405E-007  4.574685821726956E-007  4.105983655305925E-007  3.790165492647652E-007  3.629210315510720E-007  3.464843728787433E-007  3.295568058934873E-007  3.119250828394034E-007  2.932679233165141E-007  2.503803360961339E-007  2.232580995072907E-007  1.862640453933158E-007
   357.000050014600       1.252854312991110E-006  1.107216969747609E-006  9.703057916520254E-007  8.429995434340716E-007  7.260678899930134E-007  6.199955110966500E-007  5.246478047411517E-007  4.806373239112802E-007  4.386305053569293E-007  3.980457430447903E-007  3.740169593450153E-007  3.579690952865404E-007  3.335805869711135E-007  3.168933818439749E-007  2.906776129243210E-007  2.719111672613249E-007  2.619425363685989E-007  2.514461615161196E-007  2.402712928997262E-007  2.282024309021556E-007  2.149150009433170E-007  1.821779028880042E-007  1.598495391203616E-007  1.274805675916874E-007
   359.000050294794       1.391871271358955E-006  1.237385216720577E-006  1.089356842201677E-006  9.486243679395115E-007  8.160762791540642E-007  6.925962204479922E-007  5.788998665644077E-007  5.257944298522924E-007  4.750550968284462E-007  4.263585873913707E-007  3.978601189049018E-007  3.790225747010952E-007  3.507506461806924E-007  3.316764316478976E-007  3.021694272158495E-007  2.813840423163562E-007  2.704517132135629E-007  2.590179444151582E-007  2.469278050889004E-007  2.339602739912566E-007  2.197830237402283E-007  1.852365813579083E-007  1.619240948079941E-007  1.283744602726720E-007
   361.000050574988       2.031834922472826E-006  1.804571968429973E-006  1.583746731630466E-006  1.370942271251951E-006  1.168025046654983E-006  9.771318612726413E-007  8.005120687885709E-007  7.181621282430862E-007  6.399376987557608E-007  5.656921818211325E-007  5.228443408348829E-007  4.948559700705983E-007  4.534768914627141E-007  4.260684085581870E-007  3.846382804407748E-007  3.562652485319691E-007  3.416385061882428E-007  3.265706418925624E-007  3.108999439050052E-007  2.943948555813078E-007  2.767051009171465E-007  2.350354370149064E-007  2.078586861568174E-007  1.695640771401978E-007
   363.000050855182       2.221516099794648E-006  1.981163508719798E-006  1.746278586441757E-006  1.518374664238947E-006  1.299278353176166E-006  1.091154902798974E-006  8.964190939715066E-007  8.047922921299180E-007  7.172425012185483E-007  6.337164554067840E-007  5.853612552771008E-007  5.537370553977558E-007  5.069642455089701E-007  4.759993691994397E-007  4.292835923807083E-007  3.974082428744680E-007  3.810332231731510E-007  3.642174890266998E-007  3.467985646917625E-007  3.285448799745336E-007  3.091077432158574E-007  2.639763978006300E-007  2.351392401006856E-007  1.953900790090246E-007
   364.000050995279       2.387661349103432E-006  2.131350957393048E-006  1.880620537056794E-006  1.637015346060326E-006  1.402409730333279E-006  1.179039280159692E-006  9.694127661801238E-007  8.705044937887974E-007  7.757913256563597E-007  6.852133406653403E-007  6.326710334072222E-007  5.982686676684622E-007  5.473403802954462E-007  5.136076336186437E-007  4.627329898303380E-007  4.280714771787477E-007  4.102954459174149E-007  3.920702618724024E-007  3.732294305542932E-007  3.535348312955746E-007  3.326265062912468E-007  2.843569397950446E-007  2.537102859545079E-007  2.116683844677404E-007
   365.000051135376       2.864006410835065E-006  2.560821545435697E-006  2.261797524696392E-006  1.968528414936751E-006  1.683053525149199E-006  1.408011308389346E-006  1.146786545337176E-006  1.022606715997657E-006  9.033955455380940E-007  7.895254781520057E-007  7.237940669175169E-007  6.809943527444251E-007  6.181348228708366E-007  5.769225030240582E-007  5.155661622049553E-007  4.744024910419780E-007  4.535142438657907E-007  4.322637724849392E-007  4.104782027063246E-007  3.879101974596368E-007  3.641857112156144E-007  3.103428553121988E-007  2.768009058835265E-007  2.314635179531590E-007
   367.000051415570       3.251943914257365E-006  2.908542391739656E-006  2.568650277807990E-006  2.234190018063805E-006  1.907672714889414E-006  1.592397149225006E-006  1.292628474002141E-006  1.150137751092314E-006  1.013436228277209E-006  8.830087438765107E-007  8.078203541205225E-007  7.589173540202175E-007  6.871982863319077E-007  6.402678290299723E-007  5.705936155135861E-007  5.240402463414717E-007  5.004988598484445E-007  4.766208248044891E-007  4.522316912618770E-007  4.270826974436534E-007  4.007986024000889E-007  3.418990949194889E-007  3.058725437113858E-007  2.582104058882967E-007
   369.000051695763       2.783814610488712E-006  2.487008398118010E-006  2.195758633348406E-006  1.911794186696660E-006  1.637251564804264E-006  1.374756577641599E-006  1.127413538741252E-006  1.010441533796606E-006  8.983801679507609E-007  7.913286763054336E-007  7.293847015717711E-007  6.889299748694270E-007  6.292491513101365E-007  5.898885112873643E-007  5.308313499184023E-007  4.908254137426135E-007  4.703831816857575E-007  4.494763972516436E-007  4.279170791292604E-007  4.054362137503004E-007  3.816270137076280E-007  3.268454798059078E-007  2.921579849792100E-007  2.446073527421596E-007
   371.000051975957       2.784860055306926E-006  2.480992897551715E-006  2.183719579047122E-006  1.895162007141835E-006  1.617944391953677E-006  1.355251879151331E-006  1.110723293098645E-006  9.963903048499195E-007  8.877689660294398E-007  7.848592379206991E-007  7.256604909213668E-007  6.871087979667751E-007  6.303368539077383E-007  5.929132429438642E-007  5.366758702508742E-007  4.984252060825064E-007  4.787973640957600E-007  4.586446943638494E-007  4.377587767806703E-007  4.158404191072186E-007  3.924355868716891E-007  3.375982544544320E-007  3.019638085650219E-007  2.517002019000305E-007
   373.000052256151       1.282634961066485E-006  1.151654463873055E-006  1.027401529998948E-006  9.106292701715246E-007  8.019941474942045E-007  7.018727394343222E-007  6.099967136569847E-007  5.667226765052169E-007  5.247158714315335E-007  4.832957608434092E-007  4.582956867318660E-007  4.413689212227615E-007  4.152469763957754E-007  3.970675376642669E-007  3.679436286689709E-007  3.466286293349742E-007  3.351351063256937E-007  3.228987248916636E-007  3.097152589484620E-007  2.952918382087312E-007  2.791858004896061E-007  2.384847475152605E-007  2.098989250205017E-007  1.672623961408945E-007
   375.000052536345       1.608456505570758E-006  1.434248529584235E-006  1.269028451471936E-006  1.113975021664128E-006  9.701868787568717E-007  8.384654079010572E-007  7.188739982626701E-007  6.632412779284201E-007  6.098454634407071E-007  5.579331613000404E-007  5.270181078314545E-007  5.062842626863966E-007  4.746218368400479E-007  4.528378124985945E-007  4.183869971384595E-007  3.935297445131267E-007  3.802510518453197E-007  3.662086621760183E-007  3.511855560630297E-007  3.348700237005464E-007  3.167897572576025E-007  2.716440754358418E-007  2.402669816115569E-007  1.936833701773814E-007
   377.000052816539       2.676918447114715E-006  2.385406368519361E-006  2.103219976635431E-006  1.832371027794514E-006  1.575020921050906E-006  1.333350210192602E-006  1.109242201844305E-006  1.004109077343905E-006  9.035022710891352E-007  8.070151046795324E-007  7.507438071592446E-007  7.137099236293022E-007  6.585085881176520E-007  6.216260137453078E-007  5.653601132049281E-007  5.264538712713538E-007  5.062751766662946E-007  4.853997057063994E-007  4.635928216261969E-007  4.405171497231699E-007  4.156603890604408E-007  3.565832032648292E-007  3.176436621009325E-007  2.621625030024936E-007
   379.000053096733       2.750035011341959E-006  2.447430774009401E-006  2.155250518319706E-006  1.875445769707750E-006  1.610105758592655E-006  1.361352170708899E-006  1.131060023628346E-006  1.023187608026135E-006  9.200858604530984E-007  8.213391913958751E-007  7.638088717475056E-007  7.259653066793565E-007  6.695738430773193E-007  6.318989153643867E-007  5.744152190205858E-007  5.346590256082795E-007  5.140400942493740E-007  4.927137060782195E-007  4.704464229417961E-007  4.469046827572613E-007  4.215850356934265E-007  3.616908283662774E-007  3.225401373357242E-007  2.673510915796697E-007
   381.000053376926       2.329368087881500E-006  2.075848422345923E-006  1.833775279992320E-006  1.604468356364327E-006  1.389206540775664E-006  1.189079040424084E-006  1.004645845144948E-006  9.181602452746849E-007  8.351021038904859E-007  7.548001742921955E-007  7.074639652746030E-007  6.760216110875485E-007  6.286067245319052E-007  5.964816179250642E-007  5.466368159658707E-007  5.114847612665521E-007  4.930072600446570E-007  4.737042398862205E-007  4.533294118095948E-007  4.315301410696640E-007  4.077736358203328E-007  3.502399122690373E-007  3.116287297625865E-007  2.559996989934662E-007
   383.000053657120       9.218931210819472E-007  8.579254231207113E-007  7.975289912313440E-007  7.401956713594236E-007  6.851738058530600E-007  6.313676430777165E-007  5.771499611198732E-007  5.491363094789047E-007  5.199184926101645E-007  4.888009368413670E-007  4.687887550403523E-007  4.546855567033552E-007  4.320256269374440E-007  4.156121895516351E-007  3.882350836832628E-007  3.673867136191876E-007  3.558765759084448E-007  3.434287040692580E-007  3.298084493193478E-007  3.146807124659934E-007  2.975418159070097E-007  2.533532738064914E-007  2.218546725844503E-007  1.746435257154774E-007
   385.000053937314       1.445669166670608E-006  1.303217523167927E-006  1.171152481169912E-006  1.049504180653726E-006  9.379127012690149E-007  8.354172928275454E-007  7.401121436547059E-007  6.941585962678013E-007  6.485160872227624E-007  6.022677930038975E-007  5.736929506024893E-007  5.540599266728775E-007  5.233271519861016E-007  5.016508114750652E-007  4.664994027797602E-007  4.405019397885875E-007  4.264100441681834E-007  4.113636727701060E-007  3.951147456931357E-007  3.773081087824559E-007  3.574078424766512E-007  3.071645761960603E-007  2.719877581731862E-007  2.196916662199657E-007
   387.000054217508       1.488072368838781E-006  1.344660018289831E-006  1.209750389511512E-006  1.083530975215803E-006  9.659771737811353E-007  8.566920595100768E-007  7.545827935120856E-007  7.055255940470461E-007  6.571356588557665E-007  6.085798863105366E-007  5.788457956654133E-007  5.585309562134367E-007  5.269004533398075E-007  5.046990983899720E-007  4.688499800253531E-007  4.424347617563079E-007  4.281452536726962E-007  4.129077941278633E-007  3.964739780368423E-007  3.784890196506379E-007  3.584188076784055E-007  3.078902967820736E-007  2.726539029518182E-007  2.205123050490998E-007
   389.000054497702       2.399388074423606E-006  2.153165331582994E-006  1.915408381178872E-006  1.687515651318512E-006  1.470956091417117E-006  1.267148569806145E-006  1.077134646231056E-006  9.873282797115564E-007  9.006925902243783E-007  8.166098966330166E-007  7.669162176227967E-007  7.338616164330295E-007  6.839523653067310E-007  6.500966228907826E-007  5.974993806563545E-007  5.603472812846914E-007  5.407931774057664E-007  5.203422740281762E-007  4.987249679221508E-007  4.755539375358919E-007  4.502418416970576E-007  3.885886038093097E-007  3.468196216751995E-007  2.857722684349547E-007
   391.000054777896       3.333373443119751E-006  2.989096548898358E-006  2.654142823206374E-006  2.330238305965018E-006  2.019306696893032E-006  1.723419948405590E-006  1.444563390458465E-006  1.311941984445372E-006  1.183811283270587E-006  1.059746025560080E-006  9.868595248444376E-007  9.386917992834722E-007  8.666457101115651E-007  8.183859786607130E-007  7.446925237511757E-007  6.937835873526528E-007  6.674262497584221E-007  6.402077174786105E-007  6.118397106596063E-007  5.819042348280037E-007  5.497606038481028E-007  4.737351758121864E-007  4.237104323264289E-007  3.518310927673255E-007
   393.000055058090       1.321508421300362E-006  1.216366353590065E-006  1.115585507387274E-006  1.019065128604641E-006  9.264954410533324E-007  8.372069467057296E-007  7.498763235510773E-007  7.062094283366546E-007  6.618807640144252E-007  6.160790681733582E-007  5.873783646445443E-007  5.674922879675344E-007  5.360962959214906E-007  5.137529756069518E-007  4.771489004563105E-007  4.497584722395630E-007  4.347900042569713E-007  4.187089748268641E-007  4.012248015563948E-007  3.819210511438188E-007  3.601694351964854E-007  3.044607396482617E-007  2.649016808781689E-007  2.056164644495321E-007
   395.000055338283       2.942920763575875E-006  2.647707487567533E-006  2.362463701472240E-006  2.088378462949957E-006  1.826640336933361E-006  1.578298504590010E-006  1.343909344517547E-006  1.231786624209826E-006  1.122633688208586E-006  1.015742165957112E-006  9.521831961699339E-007  9.097938801070602E-007  8.457133338025184E-007  8.022629385561160E-007  7.349334083400054E-007  6.875864721827224E-007  6.627529716050210E-007  6.368461699161775E-007  6.095304463708486E-007  5.803173066411771E-007  5.484561020721750E-007  4.707916266423703E-007  4.177964566646365E-007  3.392320240782431E-007
   397.000055618477       1.912954133666614E-006  1.746942646669956E-006  1.586035982376629E-006  1.430556271976690E-006  1.280690229903307E-006  1.136337342983827E-006  9.967793386681937E-007  9.282326806350947E-007  8.599026553444750E-007  7.909719826413688E-007  7.487855702977728E-007  7.200535957996558E-007  6.755665504509888E-007  6.445788420017584E-007  5.950314805761302E-007  5.589228258982892E-007  5.395228282141085E-007  5.189280329549054E-007  4.968084867642802E-007  4.726886201019307E-007  4.458460763974725E-007  3.783332933790986E-007  3.310271458985098E-007  2.602086434515817E-007
   399.000055898671       5.055417825353699E-006  4.543331834923560E-006  4.037394328920649E-006  3.540156778758003E-006  3.054784043763813E-006  2.585227737203611E-006  2.136315999476195E-006  1.921260241531309E-006  1.713249961313508E-006  1.512528348717371E-006  1.395446215150269E-006  1.318621719601307E-006  1.204825109971289E-006  1.129538231880410E-006  1.016412873484452E-006  9.398359875543077E-007  9.007803142520594E-007  8.609182788544230E-007  8.199218208559672E-007  7.773145947934961E-007  7.323647156751159E-007  6.295619128927128E-007  5.645910625938547E-007  4.743800431898319E-007
   401.000056178865       5.715507209558268E-006  5.147360342538903E-006  4.583198387321345E-006  4.025549736204712E-006  3.477645354501731E-006  2.943681848460497E-006  2.429110185132098E-006  2.181142924340435E-006  1.940513835978639E-006  1.707830727401495E-006  1.572059534978186E-006  1.483031906157312E-006  1.351362142064111E-006  1.264460582722832E-006  1.134352912525903E-006  1.046721170529394E-006  1.002208668133044E-006  9.569327121969893E-007  9.105629234756970E-007  8.626221491984068E-007  8.123809243484643E-007  6.991857776215993E-007  6.292548006664580E-007  5.347455782419861E-007
   403.000056459059       5.301738120299211E-006  4.763699372206082E-006  4.232024205317478E-006  3.709395863281811E-006  3.199167627122061E-006  2.705574851637071E-006  2.233918779604879E-006  2.008221223885852E-006  1.790259122958637E-006  1.580478112169674E-006  1.458477152427379E-006  1.378611080463873E-006  1.260615414403672E-006  1.182758260811005E-006  1.066053531767846E-006  9.871991099058453E-007  9.470082863373784E-007  9.059956212931149E-007  8.638156473743499E-007  8.199697243199726E-007  7.736961411944148E-007  6.678063493074514E-007  6.009357783808738E-007  5.085866235117056E-007
   405.000056739253       5.071668025173079E-006  4.562606001988090E-006  4.060703877313699E-006  3.568481594053890E-006  3.089015204988461E-006  2.626059276162053E-006  2.184069512985459E-006  1.972412092636846E-006  1.767620927224656E-006  1.569798407050516E-006  1.454220919541500E-006  1.378263668846849E-006  1.265493814820273E-006  1.190648294669592E-006  1.077660963881662E-006  1.000680705562213E-006  9.612190892549456E-007  9.207786730744499E-007  8.789936725195557E-007  8.353362952988120E-007  7.890008502797339E-007  6.818903547244251E-007  6.134338590065832E-007  5.177602327136290E-007
   407.000057019446       4.751088148485381E-006  4.271814764100667E-006  3.800964554348153E-006  3.341067549930116E-006  2.895153558288118E-006  2.466821867329558E-006  2.060141884974635E-006  1.866156570677006E-006  1.678831369006077E-006  1.498027506809742E-006  1.392321165209739E-006  1.322757415729252E-006  1.219239671848165E-006  1.150303549255527E-006  1.045734673280280E-006  9.740303311030984E-007  9.370918280921496E-007  8.990883948508351E-007  8.596435339672608E-007  8.182136814900250E-007  7.739686144997812E-007  6.704286265140750E-007  6.032173568150469E-007  5.079471324397480E-007
   409.000057299640       6.392151454967970E-006  5.764872801268287E-006  5.138608504276937E-006  4.516390611446572E-006  3.902233759284122E-006  3.301517359688272E-006  2.721425914819154E-006  2.441890356234654E-006  2.170956411316945E-006  1.909593429609716E-006  1.757516669297391E-006  1.658013943526848E-006  1.511207070908783E-006  1.414557754555569E-006  1.270198616852964E-006  1.173160965668720E-006  1.123913801781266E-006  1.073842220291723E-006  1.022574131762783E-006  9.695747054633112E-007  9.140294438698624E-007  7.888281850211612E-007  7.113934442546973E-007  6.065249494666975E-007
   411.000057579834       5.993422444164712E-006  5.393265825068520E-006  4.794410419977070E-006  4.200572939565400E-006  3.616676874877495E-006  3.049222858582923E-006  2.506610369591950E-006  2.247715600415578E-006  1.998769999422859E-006  1.760699963337172E-006  1.623168713139728E-006  1.533572464702623E-006  1.401898111177927E-006  1.315491551528587E-006  1.186666782605446E-006  1.100037561831223E-006  1.055981185663528E-006  1.011067620282690E-006  9.648956048935433E-007  9.168854732669085E-007  8.661513939671433E-007  7.494622098730377E-007  6.750578259435304E-007  5.709711243524025E-007
   413.000057860028       5.692222426334980E-006  5.109463290777079E-006  4.535119848142936E-006  3.972679060269239E-006  3.426432022875970E-006  2.901611436908129E-006  2.404352594874830E-006  2.168052096967151E-006  1.940822133215887E-006  1.722812120411983E-006  1.596161253713876E-006  1.513217385404187E-006  1.390480610842064E-006  1.309263024379392E-006  1.186948351347939E-006  1.103741247900148E-006  1.061099673804642E-006  1.017390720199911E-006  9.721996625194610E-007  9.249276238298405E-007  8.746593124371254E-007  7.578424008823353E-007  6.825340077331998E-007  5.761906746599572E-007
   415.000058140222       5.311392992567397E-006  4.756482230511309E-006  4.213735799197829E-006  3.686877915552666E-006  3.180323461453962E-006  2.699171085007683E-006  2.248878691552127E-006  2.036821635957768E-006  1.833900626151115E-006  1.639781584976726E-006  1.527016719086546E-006  1.453053157559976E-006  1.343256193517839E-006  1.270241581243048E-006  1.159468766216934E-006  1.083360077597281E-006  1.044059677363303E-006  1.003535109613967E-006  9.613530983632113E-007  9.168894937616292E-007  8.691928830356340E-007  7.565511136711966E-007  6.825766688791200E-007  5.765460937107946E-007
   417.000058420416       5.640326059465779E-006  5.051458144723463E-006  4.474208547651916E-006  3.912572420994578E-006  3.371377202387124E-006  2.856335891764071E-006  2.373781266093088E-006  2.146554779102415E-006  1.929323281184494E-006  1.721924654881183E-006  1.601755954083723E-006  1.523111495583136E-006  1.406694924632153E-006  1.329542330188474E-006  1.212973346927979E-006  1.133254729232115E-006  1.092211981092451E-006  1.049973818759391E-006  1.006089598802264E-006  9.599065716690736E-007  9.104239900023866E-007  7.935617205227709E-007  7.165631243396433E-007  6.055174144258471E-007
   419.000058700609       5.360952604556517E-006  4.823578337244989E-006  4.296575600278412E-006  3.782975609769069E-006  3.286343321899360E-006  2.810784877207278E-006  2.360694533734444E-006  2.146415613985974E-006  1.939624347665060E-006  1.739992363785911E-006  1.623168693549184E-006  1.546208618363824E-006  1.431514944764600E-006  1.354987403356684E-006  1.238590782048591E-006  1.158483228384523E-006  1.117093920103971E-006  1.074405773002956E-006  1.029965283899198E-006  9.831151979357134E-007  9.328478888090847E-007  8.140120057612412E-007  7.357647344227382E-007  6.231219459142012E-007
   421.000058980803       5.661176064573020E-006  5.099226711781655E-006  4.545309828023446E-006  4.002497199641566E-006  3.474570179963034E-006  2.966138579724873E-006  2.482569855861513E-006  2.251812066248400E-006  2.029076141906972E-006  1.814360853780256E-006  1.689044305719369E-006  1.606698465954756E-006  1.484385479899693E-006  1.403104582166414E-006  1.280085731489918E-006  1.195899086329206E-006  1.152565778462774E-006  1.107991985820822E-006  1.061717041542694E-006  1.013071823375982E-006  9.610281716709740E-007  8.385013746975651E-007  7.580602996520829E-007  6.422281057511444E-007
   423.000059260997       5.308730625218956E-006  4.797398994433956E-006  4.292142497252979E-006  3.795437773407415E-006  3.310369885570821E-006  2.840759188419994E-006  2.391127062505839E-006  2.175251103602756E-006  1.965894729238882E-006  1.763005915379115E-006  1.644032638070668E-006  1.565603565706785E-006  1.448701410005605E-006  1.370718698928152E-006  1.252171480676948E-006  1.170621602197736E-006  1.128487405301457E-006  1.085019519154760E-006  1.039740670542060E-006  9.919566678950523E-007  9.406000736180425E-007  8.186007431441178E-007  7.375736043374121E-007  6.194125514388060E-007
   425.000059541191       5.880758696238812E-006  5.333880507886218E-006  4.791650642050510E-006  4.255967187013233E-006  3.729166067953018E-006  3.214165337804955E-006  2.714552846163921E-006  2.471750844838677E-006  2.234168862590462E-006  2.001871442455768E-006  1.864783423292312E-006  1.774127248557998E-006  1.638723449475127E-006  1.548339301527012E-006  1.411160337007240E-006  1.317214865139143E-006  1.268905297182291E-006  1.219286486694666E-006  1.167891353001307E-006  1.114040136856178E-006  1.056686662289165E-006  9.230626691804572E-007  8.365831284276002E-007  7.135785094268594E-007
   427.000059821385       5.344695635075644E-006  4.858676994678086E-006  4.378644799273948E-006  3.906190711458774E-006  3.443169876149023E-006  2.991712772386210E-006  2.554087666445541E-006  2.341048603371735E-006  2.131911608268984E-006  1.926256038517639E-006  1.804056373409725E-006  1.722790222659026E-006  1.600574066629967E-006  1.518330304260761E-006  1.392293114204813E-006  1.304999231336124E-006  1.259759243257637E-006  1.213022649470043E-006  1.164303414263347E-006  1.112893360038392E-006  1.057701492946892E-006  9.271902368173689E-007  8.411977856505525E-007  7.168683351836988E-007
   429.000060101579       4.843277288560365E-006  4.414714777895652E-006  3.991928323192906E-006  3.576160945666786E-006  3.168790226056981E-006  2.771272372812302E-006  2.384890950724135E-006  2.196032863713412E-006  2.009813872582007E-006  1.825537074926313E-006  1.715298006187415E-006  1.641601476809026E-006  1.530081553424030E-006  1.454499859675349E-006  1.337701831050490E-006  1.256035192672829E-006  1.213441851746269E-006  1.169238006442762E-006  1.122936882899106E-006  1.073832028160454E-006  1.020839588513710E-006  8.945218847316137E-007  8.107342501952016E-007  6.893855041155200E-007
   431.000060381772       4.230163024958791E-006  3.893388227482519E-006  3.558925091223911E-006  3.227081645000571E-006  2.898143952722299E-006  2.572291376604563E-006  2.249350794660047E-006  2.088643624692249E-006  1.927945679390039E-006  1.766400485887053E-006  1.668409903419380E-006  1.602287279711619E-006  1.501227522557130E-006  1.432009625405543E-006  1.323818305283191E-006  1.247239879635834E-006  1.206987109641949E-006  1.164983283753344E-006  1.120737534186478E-006  1.073539144746475E-006  1.022300219617437E-006  8.990228834631490E-007  8.165391849909674E-007  6.964481227260724E-007
   433.000060661966       6.977272328269886E-006  6.352301856064090E-006  5.727168346851272E-006  5.104057434067881E-006  4.485801507377140E-006  3.876065400005358E-006  3.279441661926763E-006  2.987626790092746E-006  2.700836977564496E-006  2.419143637626328E-006  2.252264720448051E-006  2.141635675215502E-006  1.976002343913059E-006  1.865198937513808E-006  1.696782177951974E-006  1.581431157268731E-006  1.522182748146314E-006  1.461428894216681E-006  1.398662463028030E-006  1.333148355515985E-006  1.263757600893214E-006  1.104265938919419E-006  1.003098917823478E-006  8.621368408767100E-007
   435.000060942160       6.974493903891707E-006  6.365851902166352E-006  5.757037833342253E-006  5.150063486121932E-006  4.547312944175135E-006  3.951567005694581E-006  3.365829668618497E-006  3.077528164697573E-006  2.792414586567495E-006  2.510071803649392E-006  2.341478651118578E-006  2.229092456704388E-006  2.059838854276066E-006  1.945935799404212E-006  1.771799790209847E-006  1.651900477357982E-006  1.590149891498182E-006  1.526736711577703E-006  1.461148054753082E-006  1.392640038455138E-006  1.320069920831608E-006  1.153545458348065E-006  1.048360833332337E-006  9.025262861544619E-007
   437.000061222354       7.605671502925330E-006  6.927370501611280E-006  6.250452630886699E-006  5.576955265944539E-006  4.909415778093556E-006  4.251039773046427E-006  3.605740946699350E-006  3.289283966565399E-006  2.977442413067712E-006  2.670077879473961E-006  2.487383772001220E-006  2.365991521128994E-006  2.183809409136423E-006  2.061650436408241E-006  1.875599653511277E-006  1.748002794603210E-006  1.682453362224554E-006  1.615259916955558E-006  1.545893890217003E-006  1.473588962101434E-006  1.397167159164250E-006  1.222472151810400E-006  1.112559751449535E-006  9.604483512944110E-007
   439.000061502548       6.543964474129112E-006  5.968491695282376E-006  5.396955593381855E-006  4.831018534285234E-006  4.272616404498067E-006  3.723989424456785E-006  3.187502745091575E-006  2.924386039011951E-006  2.664667875493891E-006  2.407768159344675E-006  2.254372581317090E-006  2.152050326150174E-006  1.997728243480944E-006  1.893620654567294E-006  1.733818397888465E-006  1.623120767188818E-006  1.565817302967923E-006  1.506714304329219E-006  1.445259583348767E-006  1.380651062356965E-006  1.311655137411746E-006  1.150558579215889E-006  1.046315599067829E-006  8.981799439042459E-007
   441.000061782742       7.277026013337328E-006  6.625929665136188E-006  5.977132105408368E-006  5.332836645918378E-006  4.695759985970246E-006  4.069221492070322E-006  3.457058231156319E-006  3.157523224964998E-006  2.862686081774594E-006  2.572227913815783E-006  2.399537913348612E-006  2.284723535705929E-006  2.112228839464208E-006  1.996381893809901E-006  1.819518518405465E-006  1.697797214365200E-006  1.635082544430338E-006  1.570633279803722E-006  1.503895533711464E-006  1.434065477415958E-006  1.359907768291778E-006  1.188659596118556E-006  1.079413753325752E-006  9.261987977347552E-007
   443.000062062936       8.210211917109707E-006  7.477256461689499E-006  6.741538484161172E-006  6.005196565091498E-006  5.271148387799122E-006  4.543441305179660E-006  3.827660281406918E-006  3.476414925380585E-006  3.130790193235478E-006  2.791341211255832E-006  2.590541674592593E-006  2.457664606850601E-006  2.259250180945361E-006  2.126984704380187E-006  1.926878816062556E-006  1.790608584161700E-006  1.720900545142061E-006  1.649639577772663E-006  1.576263769613202E-006  1.499956326973449E-006  1.419460928609403E-006  1.235791106021182E-006  1.120279539583821E-006  9.603903877906787E-007
   445.000062343129       8.285989807960137E-006  7.557007139460220E-006  6.823418099912292E-006  6.087242800166557E-006  5.351311211800077E-006  4.619637887842578E-006  3.897853521923356E-006  3.542884876438725E-006  3.193086212699046E-006  2.849024005059149E-006  2.645235547894946E-006  2.510262465764642E-006  2.308521843494647E-006  2.173893983286679E-006  1.969972610799181E-006  1.830937518003847E-006  1.759769371631577E-006  1.686991527731427E-006  1.612038726272281E-006  1.534091853088289E-006  1.451894152337199E-006  1.264650242413177E-006  1.147293751296315E-006  9.855672746574932E-007
   447.000062623323       9.108430967386052E-006  8.311982766280294E-006  7.507781136124359E-006  6.697654474861354E-006  5.884330621169197E-006  5.071934723096974E-006  4.266736868349093E-006  3.869522344525636E-006  3.477567728726120E-006  3.091949596963048E-006  2.863777645191637E-006  2.712869354993771E-006  2.487811705508934E-006  2.338078081490845E-006  2.112198349194265E-006  1.958979758598972E-006  1.880842474685535E-006  1.801164691106430E-006  1.719365866120201E-006  1.634603599115196E-006  1.545584071708757E-006  1.344371683856795E-006  1.219499698912998E-006  1.049006596018166E-006
   449.000062903517       9.488071286502125E-006  8.664473838137747E-006  7.831783198000221E-006  6.991800635580796E-006  6.147247161295707E-006  5.302311450336927E-006  4.463455669695596E-006  4.049119390043644E-006  3.639968320963485E-006  3.237208373505399E-006  2.998840572323131E-006  2.841194521239557E-006  2.606141638448051E-006  2.449828542898244E-006  2.214209146076257E-006  2.054570430393373E-006  1.973235908196927E-006  1.890361467725969E-006  1.805356489708985E-006  1.717362889949333E-006  1.625060337626855E-006  1.416880066010886E-006  1.287964264962349E-006  1.112063069896215E-006
   451.000063183711       1.100211208965245E-005  1.005873107433147E-005  9.100009025188489E-006  8.127519389408498E-006  7.143932790108889E-006  6.153752497509920E-006  5.164539237138256E-006  4.673833084275365E-006  4.188178094521024E-006  3.709485025741582E-006  3.426177926495337E-006  3.238946351987450E-006  2.960201800843920E-006  2.775274762867330E-006  2.497558648985704E-006  2.310406329334693E-006  2.215475124961500E-006  2.119106294419052E-006  2.020704807468107E-006  1.919405535116376E-006  1.813875902048043E-006  1.579341027533816E-006  1.437071376605701E-006  1.247051298455254E-006
   453.000063463905       9.572093321178099E-006  8.748785668449770E-006  7.914677260350768E-006  7.071400834199697E-006  6.221578707312872E-006  5.369450361550136E-006  4.521769543644780E-006  4.102603974301920E-006  3.688502604692104E-006  3.280814395423695E-006  3.039558623282357E-006  2.880030250692109E-006  2.642225226752872E-006  2.484120223796091E-006  2.245847936970464E-006  2.084426543469269E-006  2.002179864461618E-006  1.918367107496001E-006  1.832383965328013E-006  1.743352109398766E-006  1.649920037860490E-006  1.438953494188797E-006  1.308062306522010E-006  1.129027153153519E-006
   455.000063744099       1.030573554338420E-005  9.424122843811463E-006  8.529838690934235E-006  7.624518354508946E-006  6.710800190934538E-006  5.792971135899178E-006  4.877956908136951E-006  4.424634166259558E-006  3.976175477207426E-006  3.534068135593266E-006  3.272198322886856E-006  3.098962205899370E-006  2.840659918206834E-006  2.668930579038510E-006  2.410246016474922E-006  2.235180412877413E-006  2.146075913867778E-006  2.055362462873825E-006  1.962413052342016E-006  1.866314715326388E-006  1.765659451692523E-006  1.539284034059043E-006  1.399568844746523E-006  1.209401528578608E-006
   457.000064024292       1.112549005624749E-005  1.018008079497809E-005  9.219006732314092E-006  8.243729889051495E-006  7.256817694942134E-006  6.262634650359283E-006  5.268589876950314E-006  4.775086918014037E-006  4.286318661144607E-006  3.804118230710508E-006  3.518465480331843E-006  3.329546933929945E-006  3.048041555394318E-006  2.861083062842822E-006  2.579928473780569E-006  2.390115073041260E-006  2.293695300058519E-006  2.195697364188627E-006  2.095485031790020E-006  1.992131490966818E-006  1.884206622954110E-006  1.643045415823615E-006  1.495522396680995E-006  1.296499468416142E-006
   459.000064304486       1.064853914172499E-005  9.758535351402717E-006  8.853662854657789E-006  7.935019582065966E-006  7.004591447673036E-006  6.065897731724193E-006  5.125017904766819E-006  4.656636725276856E-006  4.191598244886313E-006  3.731349237222580E-006  3.457835309429999E-006  3.276516897773255E-006  3.005600244995205E-006  2.825118144072636E-006  2.552732946619532E-006  2.368090861306731E-006  2.274039884904990E-006  2.178256995086209E-006  2.080096557718588E-006  1.978619390688037E-006  1.872378298684333E-006  1.633899559048282E-006  1.487277542839758E-006  1.288683875760229E-006
   461.000064584680       1.105574248236131E-005  1.013409683900297E-005  9.196423038216861E-006  8.243892920160531E-006  7.278602135310200E-006  6.304291282461554E-006  5.327367364187325E-006  4.840940515462033E-006  4.357921516511312E-006  3.879809138965864E-006  3.595645613797027E-006  3.407252393803532E-006  3.125747062314121E-006  2.938204745032769E-006  2.655184561940776E-006  2.463386665588341E-006  2.365726066416024E-006  2.266305301775063E-006  2.164471987202903E-006  2.059277057596972E-006  1.949258168243491E-006  1.702908562913659E-006  1.552000546267440E-006  1.348280457647852E-006
   463.000064864874       1.103243464436282E-005  1.011359946583001E-005  9.179617150579182E-006  8.231825236908393E-006  7.272506238099448E-006  6.305551051542222E-006  5.337373442675179E-006  4.855736257599291E-006  4.377625547848704E-006  3.904302969739765E-006  3.622810468472978E-006  3.436051680266950E-006  3.156685805183002E-006  2.970298172237873E-006  2.688466990638603E-006  2.496991080097119E-006  2.399309490052330E-006  2.299718392057727E-006  2.197534042944162E-006  2.091761524123828E-006  1.980866916922875E-006  1.731284409921180E-006  1.577294355682982E-006  1.367842408587879E-006
   465.000065145068       1.112065213204109E-005  1.019606416672363E-005  9.255770584755760E-006  8.301043666726802E-006  7.334142043859327E-006  6.358945201459799E-006  5.381958173135561E-006  4.895777579462163E-006  4.413104296439668E-006  3.935285808374259E-006  3.651166445719829E-006  3.462698731680835E-006  3.180844440974232E-006  2.992851473797017E-006  2.708691644745015E-006  2.515710266124655E-006  2.417287147508865E-006  2.316960554579388E-006  2.214045129475981E-006  2.107544802883166E-006  1.995925363850511E-006  1.744918875046488E-006  1.590264539074500E-006  1.380189893877314E-006
   467.000065425262       1.178136538680613E-005  1.081083671792318E-005  9.822627138205144E-006  8.817902835253973E-006  7.798829498871410E-006  6.769272192631833E-006  5.735835527037491E-006  5.220716721868540E-006  4.708680567135500E-006  4.201085812812852E-006  3.898884007501787E-006  3.698251296189741E-006  3.397938393412064E-006  3.197456886197342E-006  2.894184210298400E-006  2.688118011731915E-006  2.583018306226225E-006  2.475905996751012E-006  2.366075363590865E-006  2.252501067162046E-006  2.133602701739118E-006  1.867014758903658E-006  1.703490279763907E-006  1.482323848722390E-006
   469.000065705455       1.162098056880369E-005  1.066981521418798E-005  9.701159084868211E-006  8.716095227917878E-006  7.716696649532658E-006  6.706688408682048E-006  5.692429881673928E-006  5.186635209264158E-006  4.683630988527107E-006  4.184649598387343E-006  3.887344029829198E-006  3.689834361008545E-006  3.393954224492066E-006  3.196233453004649E-006  2.896752681868556E-006  2.692936363289086E-006  2.588860880813229E-006  2.482693700043961E-006  2.373716120921158E-006  2.260884166603946E-006  2.142589724933329E-006  1.876589253407222E-006  1.712822161156783E-006  1.490577656235221E-006
   471.000065985649       1.122240719042668E-005  1.031031481146800E-005  9.381474844083835E-006  8.436993434531742E-006  7.478949463242513E-006  6.511041319742920E-006  5.539481757894444E-006  5.055133654937261E-006  4.573508578089124E-006  4.095688570747424E-006  3.810908061115687E-006  3.621659376698275E-006  3.338030522094937E-006  3.148391095506120E-006  2.860940699730488E-006  2.665109729828090E-006  2.565019529389117E-006  2.462829115748593E-006  2.357810710339003E-006  2.248902295254264E-006  2.134461794905071E-006  1.875631403905536E-006  1.714720841754239E-006  1.493626361757218E-006
   473.000066265843       1.177420591065211E-005  1.080612929108634E-005  9.821016461796385E-006  8.820178620776551E-006  7.805988878317271E-006  6.782585359424674E-006  5.756916469206460E-006  5.246404019417409E-006  4.739507274968052E-006  4.237614017550457E-006  3.939113567027484E-006  3.741069940108843E-006  3.444833351926787E-006  3.247204943342728E-006  2.948416462917798E-006  2.745446776356921E-006  2.641901567523088E-006  2.536320998747443E-006  2.427962137979303E-006  2.315738439361224E-006  2.197965734954937E-006  1.932037377868629E-006  1.766842158587831E-006  1.539655829497527E-006
   475.000066546037       1.207940364629052E-005  1.109047635061699E-005  1.008241337696287E-005  9.056360505323409E-006  8.014582297260150E-006  6.961268630052255E-006  5.903732256768106E-006  5.376831429374579E-006  4.853513991111650E-006  4.335484682306249E-006  4.027609200363401E-006  3.823508619911105E-006  3.518563133325811E-006  3.315432759955193E-006  3.008934255093672E-006  2.801227243327815E-006  2.695440024973505E-006  2.587700560699841E-006  2.477260987915339E-006  2.363024218830547E-006  2.243285783154792E-006  1.973367486378350E-006  1.805868057076290E-006  1.575451366297243E-006
   477.000066826231       1.212936919458900E-005  1.113152205403607E-005  1.011433573966993E-005  9.079156569608175E-006  8.028556645194067E-006  6.967217635565996E-006  5.903244566980427E-006  5.374082697333491E-006  4.849399749187999E-006  4.331132810479144E-006  4.023766672859371E-006  3.820316469949150E-006  3.516863238642016E-006  3.315105140702533E-006  3.011291723965795E-006  2.805825876015904E-006  2.701299596971589E-006  2.594913216975326E-006  2.485913240969830E-006  2.373189747977461E-006  2.255012426805216E-006  1.988089027978903E-006  1.821627816720082E-006  1.590893053088901E-006
   479.000067106425       1.231587780642950E-005  1.131197178833202E-005  1.028820873318560E-005  9.245829477460090E-006  8.187256243441813E-006  7.116922759201927E-006  6.042486060182293E-006  5.507294307217989E-006  4.975829962064465E-006  4.449774596203801E-006  4.137106116609243E-006  3.929799225590300E-006  3.619989628252145E-006  3.413552737579287E-006  3.101935863861374E-006  2.890654091934496E-006  2.783005623073885E-006  2.673335413956251E-006  2.560870496864218E-006  2.444473098745164E-006  2.322370041859297E-006  2.046477983607117E-006  1.874489353195575E-006  1.636220161282501E-006
   481.000067386618       1.250340179197479E-005  1.150146588378337E-005  1.047965443038189E-005  9.438858061617167E-006  8.380937713701868E-006  7.309411262241060E-006  6.230470127021753E-006  5.691102314124329E-006  5.153678713725130E-006  4.619403521025227E-006  4.300483676169208E-006  4.088372344168443E-006  3.770278797197124E-006  3.557515837580157E-006  3.235021785019578E-006  3.015421667415064E-006  2.903246739521938E-006  2.788777946720034E-006  2.671216569131845E-006  2.549392270828190E-006  2.421488510786630E-006  2.132583817615382E-006  1.953083441516879E-006  1.705976228782510E-006
   483.000067666812       1.280750926827597E-005  1.178486941148612E-005  1.074044038003917E-005  9.675122682271102E-006  8.590860415681974E-006  7.491423099979522E-006  6.383489542577892E-006  5.829458608873522E-006  5.277416879108269E-006  4.728667050030330E-006  4.401148447821832E-006  4.183332661539190E-006  3.856696876669742E-006  3.638223124540116E-006  3.307082267925753E-006  3.081628298196184E-006  2.966492012035480E-006  2.849036997764477E-006  2.728465288540308E-006  2.603610343936163E-006  2.472665199965813E-006  2.177752298670627E-006  1.995420689208757E-006  1.745821453079374E-006
   485.000067947006       1.239731316688381E-005  1.143115614402757E-005  1.044159621547377E-005  9.429370168248749E-006  8.396243393677880E-006  7.345690498082092E-006  6.283823421418337E-006  5.751442473257285E-006  5.219847325327209E-006  4.690044536901036E-006  4.373025295060473E-006  4.161793828974361E-006  3.844342970777341E-006  3.631486582518519E-006  3.307917220776315E-006  3.086859433934491E-006  2.973693857952348E-006  2.858036444729096E-006  2.739065851783210E-006  2.615583373166130E-006  2.485734913482700E-006  2.191836135063407E-006  2.009025606543688E-006  1.757442904259486E-006
   487.000068227200       1.131888334923757E-005  1.047683079610388E-005  9.610305127796215E-006  8.719523613255265E-006  7.805511321701984E-006  6.870701674855882E-006  5.919549432089078E-006  5.439877854038256E-006  4.958670614808441E-006  4.476435663079304E-006  4.186387619731900E-006  3.992420420989750E-006  3.699728076382646E-006  3.502592732088386E-006  3.201392465102584E-006  2.994413670514733E-006  2.888025044188451E-006  2.778958729161966E-006  2.666380646054568E-006  2.549072741236866E-006  2.425152007421179E-006  2.142155754898711E-006  1.964101045977830E-006  1.716454235963932E-006
   489.000068507394       1.238419644452742E-005  1.141883657623248E-005  1.043253700102100E-005  9.425869068240553E-006  8.400306901874573E-006  7.358844536166065E-006  6.306851065985350E-006  5.779398628617610E-006  5.252537764373642E-006  4.727124040273255E-006  4.412508475899164E-006  4.202761876696986E-006  3.887329106171711E-006  3.675653974276154E-006  3.353546604341073E-006  3.133196615624142E-006  3.020280726955294E-006  2.904787023622516E-006  2.785876243697888E-006  2.662324578171193E-006  2.532240823042906E-006  2.237096982441237E-006  2.052966685247672E-006  1.798931139704719E-006
   491.000068787588       1.256746968905012E-005  1.158825086700314E-005  1.058791352507896E-005  9.567062145308922E-006  8.527251405277716E-006  7.471619582624500E-006  6.405824750153786E-006  5.871733639678370E-006  5.338474794035598E-006  4.806938181014163E-006  4.488780259358097E-006  4.276719883974713E-006  3.957870318170708E-006  3.743935950899674E-006  3.418419598378232E-006  3.195734274047210E-006  3.081609254110828E-006  2.964861158567942E-006  2.844629554463800E-006  2.719658205739077E-006  2.588003859628365E-006  2.288822206754282E-006  2.101657610232784E-006  1.842535983025345E-006
   493.000069067782       1.214030255929950E-005  1.119498065798634E-005  1.023045313064772E-005  9.247422687485326E-006  8.247477942588490E-006  7.233707413404067E-006  6.211548377220728E-006  5.699796999970761E-006  5.189110295490068E-006  4.680267860365024E-006  4.375740469566132E-006  4.172759273862879E-006  3.867507866334918E-006  3.662621948629483E-006  3.350648580375187E-006  3.136958812148272E-006  3.027312225485701E-006  2.915019806494698E-006  2.799208538152496E-006  2.678601275166280E-006  2.551220335012202E-006  2.260025519741569E-006  2.076234817212751E-006  1.819425938255067E-006
   495.000069347975       1.287781271424021E-005  1.187483202325488E-005  1.084920306149726E-005  9.801523471133399E-006  8.733457057976447E-006  7.648444289209234E-006  6.552849306298273E-006  6.004088443272805E-006  5.456644131841430E-006  4.911742855591506E-006  4.586133283543796E-006  4.369404802633700E-006  4.044088649984343E-006  3.826251302973890E-006  3.495580447953311E-006  3.269969719621386E-006  3.154542578594062E-006  3.036599028029889E-006  2.915273849167343E-006  2.789298950862152E-006  2.656705505716240E-006  2.355553459321880E-006  2.166906369653835E-006  1.904681689369207E-006
   497.000069628169       1.299847579508537E-005  1.197617433135965E-005  1.093262894070540E-005  9.868834395573647E-006  8.786910660310880E-006  7.690883982219820E-006  6.587772439443733E-006  6.036775190395903E-006  5.488193129557850E-006  4.943274028894777E-006  4.618171665021538E-006  4.401980635017648E-006  4.077728865417272E-006  3.860738583679434E-006  3.531443184716119E-006  3.306713124605156E-006  3.191668718499271E-006  3.074033912478041E-006  2.952902734941348E-006  2.826945876836693E-006  2.694098418367120E-006  2.390828608322070E-006  2.199330687800448E-006  1.930680609806842E-006
   499.000069908363       1.194229542631537E-005  1.100697168974180E-005  1.005404693108362E-005  9.084712718014035E-006  8.101230575201762E-006  7.107588377925782E-006  6.110334685676994E-006  5.613199959747322E-006  5.118738143810816E-006  4.627783736796747E-006  4.334772888776833E-006  4.139781351233488E-006  3.846948309614865E-006  3.650603543942480E-006  3.351757873517078E-006  3.146946745143755E-006  3.041737645912412E-006  2.933849868009054E-006  2.822372158563707E-006  2.705969755411058E-006  2.582573119426146E-006  2.297927649067980E-006  2.115754385119868E-006  1.856980981241143E-006
   501.000070188557       1.121322479288534E-005  1.033123289004741E-005  9.434803902582764E-006  8.525471959899002E-006  7.605870129877293E-006  6.680325330875522E-006  5.755493778372814E-006  5.296054435294807E-006  4.840057708218711E-006  4.388048030191582E-006  4.118477257554937E-006  3.939087705576264E-006  3.669556024445965E-006  3.488645045133573E-006  3.212753252302888E-006  3.023087657823207E-006  2.925395614964369E-006  2.824982015701117E-006  2.720929460464752E-006  2.611894527545330E-006  2.495795369089568E-006  2.225431806174408E-006  2.050091310052007E-006  1.797612350472293E-006
   503.000070468751       1.215558227882429E-005  1.119819826156353E-005  1.022363432821844E-005  9.233386402699061E-006  8.230132153702377E-006  7.218403059162102E-006  6.205420753380069E-006  5.701535274417200E-006  5.201180726589587E-006  4.705249538311900E-006  4.409699368856107E-006  4.213194733105965E-006  3.918338912581020E-006  3.720783942487232E-006  3.420245212648717E-006  3.214290228828243E-006  3.108460720816549E-006  2.999886708254831E-006  2.887617742500009E-006  2.770259505613293E-006  2.645647739375286E-006  2.356990799102902E-006  2.171006668955465E-006  1.904961203634439E-006
   505.000070748945       1.195519766363256E-005  1.100407041446835E-005  1.003766310022749E-005  9.057981947470253E-006  8.068332583905228E-006  7.073936686182395E-006  6.082689224629910E-006  5.591465098626898E-006  5.104963942340724E-006  4.624002141016312E-006  4.337904691842475E-006  4.147869173907119E-006  3.862926207483250E-006  3.672091663376755E-006  3.381748845754707E-006  3.182629191059930E-006  3.080215735280026E-006  2.975048878105006E-006  2.866170953122407E-006  2.752178937980974E-006  2.630898578779407E-006  2.348746065733396E-006  2.165854214090030E-006  1.902343818157354E-006
   507.000071029138       1.250363745303284E-005  1.150061405371211E-005  1.048160165654937E-005  9.449011361056322E-006  8.406744854776196E-006  7.360969473231629E-006  6.320982605734515E-006  5.806946129553352E-006  5.299012385418764E-006  4.798226084680711E-006  4.501074656208197E-006  4.304029382443482E-006  4.009102212023125E-006  3.811945837628344E-006  3.512555898213817E-006  3.307622541108518E-006  3.202334591134810E-006  3.094289628447855E-006  2.982499384040353E-006  2.865513933498053E-006  2.741081817555693E-006  2.451478681722441E-006  2.263431189661300E-006  1.991841009621913E-006
   509.000071309332       1.189705148939573E-005  1.094102177216757E-005  9.972438017880368E-006  8.994010759353890E-006  8.009928364360605E-006  7.026411438545455E-006  6.052297846992764E-006  5.572140609593672E-006  5.098290534530983E-006  4.631313355573985E-006  4.354063586916755E-006  4.170033343326910E-006  3.894124859686514E-006  3.709234619645063E-006  3.427469826938533E-006  3.233647482189330E-006  3.133676754636412E-006  3.030758174821158E-006  2.923867747103864E-006  2.811504014809852E-006  2.691336408635243E-006  2.408567520908999E-006  2.222369342507877E-006  1.950083379278367E-006
   511.000071589526       1.216002543805022E-005  1.118541401808291E-005  1.019787230859361E-005  9.200136249925996E-006  8.196393988282030E-006  7.192879288445882E-006  6.198392417256737E-006  5.707870701829673E-006  5.223504976249125E-006  4.745812914328908E-006  4.462009308345071E-006  4.273543240523665E-006  3.990859474236738E-006  3.801354435274377E-006  3.512481865889293E-006  3.313772495380994E-006  3.211308087629582E-006  3.105860754732259E-006  2.996407701345540E-006  2.881451399234351E-006  2.758671618548570E-006  2.470753064694560E-006  2.282230479889313E-006  2.008242959023120E-006
   513.000071869720       1.183154189538434E-005  1.088422937801551E-005  9.926156379946469E-006  8.960258771176273E-006  7.990885662682066E-006  7.024275678636949E-006  6.068904132020786E-006  5.598480675864003E-006  5.134288828966044E-006  4.676526690535430E-006  4.404397514893897E-006  4.223535275522937E-006  3.951905410426663E-006  3.769484458702292E-006  3.490703625619019E-006  3.298277622266699E-006  3.198786106443362E-006  3.096173975267901E-006  2.989388836606544E-006  2.876889435266349E-006  2.756285243031395E-006  2.471259324679511E-006  2.282630052931811E-006  2.005520056430942E-006
   515.000072149914       1.118764123887662E-005  1.030340116240456E-005  9.410263349199676E-006  8.510796123963171E-006  7.608750632469123E-006  6.709444314330394E-006  5.819987848134955E-006  5.381424623464404E-006  4.947990533596333E-006  4.519569127699978E-006  4.264230199722582E-006  4.094182624858596E-006  3.838164935388053E-006  3.665721219350576E-006  3.401223307412170E-006  3.217842252332139E-006  3.122724925455445E-006  3.024386565565543E-006  2.921775527484098E-006  2.813354731248794E-006  2.696747254387346E-006  2.419676054743568E-006  2.235408750777995E-006  1.964165652830820E-006
   517.000072430108       8.981626146377629E-006  8.308656606947310E-006  7.635831955305661E-006  6.965389969297153E-006  6.300032906864540E-006  5.642796969572992E-006  4.996322656606633E-006  4.677319392517076E-006  4.360421800940991E-006  4.043907788343035E-006  3.852776319367731E-006  3.724083155940818E-006  3.527676314892426E-006  3.393234775764046E-006  3.182958946957392E-006  3.033786670507282E-006  2.955173278536282E-006  2.872931116582655E-006  2.786004602971185E-006  2.692854548225092E-006  2.591107126850043E-006  2.342623984503633E-006  2.172306944440567E-006  1.915456508073640E-006
   519.000072710301       9.732913221066351E-006  9.014110559120209E-006  8.291043417439961E-006  7.565516674689392E-006  6.839890127589485E-006  6.117107229469012E-006  5.400269094977072E-006  5.044670718210009E-006  4.690606935507863E-006  4.336738533317284E-006  4.123280183748272E-006  3.979793845564083E-006  3.761387459995695E-006  3.612427295232429E-006  3.380595827921105E-006  3.217173126061340E-006  3.131452025999789E-006  3.042098105585908E-006  2.948035687842599E-006  2.847693425870163E-006  2.738640177949816E-006  2.474594969619898E-006  2.295005523826424E-006  2.024819075890743E-006
   521.000072990495       1.182823695695482E-005  1.091470650421697E-005  9.988780266746425E-006  9.052520082082705E-006  8.109061328734513E-006  7.163056473467283E-006  6.220927170684744E-006  5.753624894490163E-006  5.289792607125701E-006  4.829300740506403E-006  4.553908486764437E-006  4.370144056220022E-006  4.092995511722611E-006  3.906058635842773E-006  3.619105401541630E-006  3.420170101435709E-006  3.317057364942156E-006  3.210548128804387E-006  3.099557432629290E-006  2.982498981784207E-006  2.856917432128548E-006  2.560209043685752E-006  2.364367063118359E-006  2.078039748945003E-006
   523.000073270689       1.348007908516184E-005  1.249216793497666E-005  1.148168109788237E-005  1.044881499886340E-005  9.394503241899946E-006  8.320926476434967E-006  7.231961304806437E-006  6.683346894908636E-006  6.132725443440922E-006  5.579944552042536E-006  5.246556276576137E-006  5.023039217658592E-006  4.684610026415924E-006  4.455691499186422E-006  4.103978585612802E-006  3.860596645606794E-006  3.734851749668696E-006  3.605424316002576E-006  3.471218421824701E-006  3.330635883717052E-006  3.181208609722057E-006  2.835772558868901E-006  2.614926602294280E-006  2.302421143251688E-006
   525.000073550883       1.442041451404654E-005  1.337055894603508E-005  1.229311157668165E-005  1.118767545533554E-005  1.005458204905028E-005  8.895506611691077E-006  7.714246182888673E-006  7.117132422548114E-006  6.516720188981255E-006  5.913196876650199E-006  5.549089692735908E-006  5.305042120490371E-006  4.935815013834992E-006  4.686395486901683E-006  4.304013151444939E-006  4.040237410462753E-006  3.904304076195084E-006  3.764685626098948E-006  3.620274456507836E-006  3.469452476648108E-006  3.309713842602694E-006  2.943042531807359E-006  2.710650476721847E-006  2.384306763629588E-006
   527.000073831077       1.217363601174349E-005  1.131058691793865E-005  1.042893058203629E-005  9.528656184962587E-006  8.610207656259857E-006  7.674802037491462E-006  6.724521661783954E-006  6.244510918094602E-006  5.761281056005464E-006  5.273993701678939E-006  4.978689774411521E-006  4.779963143008396E-006  4.477730375937280E-006  4.272239198832556E-006  3.954557056525255E-006  3.733092169349062E-006  3.618064033793008E-006  3.499184243756517E-006  3.375347380297888E-006  3.244942217125062E-006  3.105479596336037E-006  2.779147613438085E-006  2.567158243908984E-006  2.262234710551311E-006
   529.000074111271       1.460520097213086E-005  1.355880906414652E-005  1.248375886473603E-005  1.137936707419447E-005  1.024565598395385E-005  9.083888627858041E-006  7.897329032514074E-006  7.296364291280055E-006  6.691132179171591E-006  6.081643816203824E-006  5.713304587530351E-006  5.466118605460072E-006  5.091635336072528E-006  4.838292460948788E-006  4.449274733940930E-006  4.180477586035068E-006  4.041821134778771E-006  3.899318118405365E-006  3.751842175286112E-006  3.597750747457116E-006  3.434505124361935E-006  3.059870235702418E-006  2.822724284260194E-006  2.490226225738307E-006
   531.000074391465       1.574598065224402E-005  1.462770568678552E-005  1.347572920023966E-005  1.228888320852121E-005  1.106661613625461E-005  9.809791677305267E-006  8.521550276929746E-006  7.867403408206018E-006  7.207652553929315E-006  6.542564248635483E-006  6.140480001239054E-006  5.870678656820297E-006  5.462140407787305E-006  5.186024735941993E-006  4.762758885647120E-006  4.471073781301079E-006  4.320956897739205E-006  4.166982638940544E-006  4.008024532623870E-006  3.842439160618638E-006  3.667684038840111E-006  3.269899527606164E-006  3.020893308032197E-006  2.675289386912528E-006
   533.000074671658       1.364225006456041E-005  1.268171860190830E-005  1.169714884239963E-005  1.068820901629815E-005  9.655114093514191E-006  8.599013617061373E-006  7.522288621621964E-006  6.977134117177263E-006  6.427672754240534E-006  5.873202745144334E-006  5.537155746468421E-006  5.311075438471618E-006  4.967468482633927E-006  4.734111504461366E-006  4.374055424404377E-006  4.123823750407051E-006  3.994207555356794E-006  3.860570781675053E-006  3.721772912843570E-006  3.576150745154442E-006  3.421131411190870E-006  3.061886217021905E-006  2.831386547686757E-006  2.503335219148973E-006
   535.000074951852       1.520252809286321E-005  1.412734346460864E-005  1.302124523382431E-005  1.188343813928784E-005  1.071379538484919E-005  9.513481661040375E-006  8.285670441800131E-006  7.663021496817766E-006  7.035356459685916E-006  6.402595016394489E-006  6.019834011859126E-006  5.762816005170955E-006  5.373211877236686E-006  5.109507378049309E-006  4.704448200521481E-006  4.424557749714998E-006  4.280207944551553E-006  4.131893575649054E-006  3.978464291137289E-006  3.818240572723529E-006  3.648622304010004E-006  3.259969702273841E-006  3.014419581836947E-006  2.670486067260243E-006
   537.000075232046       1.520380512808971E-005  1.413270761604258E-005  1.303120272985853E-005  1.189856106318978E-005  1.073474265298281E-005  9.541018238899397E-006  8.320661216985926E-006  7.702068218057158E-006  7.078643553023305E-006  6.450236334089754E-006  6.070079075785522E-006  5.814761923552169E-006  5.427609396824512E-006  5.165434603082919E-006  4.762428205675219E-006  4.483677719731022E-006  4.339805220462933E-006  4.191891179468983E-006  4.038769608581284E-006  3.878738691751190E-006  3.709165656660649E-006  3.319889409508498E-006  3.073290087394713E-006  2.726707270226278E-006
   539.000075512240       1.497329319371069E-005  1.391293651482892E-005  1.282364866394414E-005  1.170496205544129E-005  1.055714209137292E-005  9.381780530181528E-006  8.182444981222382E-006  7.575409098529191E-006  6.964223416277611E-006  6.348679178356563E-006  5.976500636103662E-006  5.726595166477519E-006  5.347670880772744E-006  5.091032729869789E-006  4.696341738911146E-006  4.423064237301221E-006  4.281870350442510E-006  4.136567208462424E-006  3.985953456663933E-006  3.828274736171532E-006  3.660815495128895E-006  3.274399697663426E-006  3.027840097721378E-006  2.679124666769395E-006
   541.000075792434       1.460723921524571E-005  1.359230521625585E-005  1.254955928231992E-005  1.147831360311291E-005  1.037842627534317E-005  9.250780391710600E-006  8.097727674741525E-006  7.512714857458752E-006  6.922380839787346E-006  6.326134944585694E-006  5.964620947589371E-006  5.721390986694039E-006  5.351772113966855E-006  5.100836984249685E-006  4.713915275462762E-006  4.445285250314823E-006  4.306257071768365E-006  4.163019314150155E-006  4.014378905034291E-006  3.858596775439747E-006  3.692987915437622E-006  3.310429610474193E-006  3.066214735849242E-006  2.720399513205314E-006
   543.000076072628       1.504401711550482E-005  1.398532587809540E-005  1.289786435594192E-005  1.178111813522647E-005  1.063528939355286E-005  9.461884940181799E-006  8.264253995306457E-006  7.657861188487291E-006  7.047079977454550E-006  6.431589159158471E-006  6.059212330744925E-006  5.809053489288883E-006  5.429524089996814E-006  5.172303606578343E-006  4.776408106959776E-006  4.502061023767068E-006  4.360238584484530E-006  4.214237849167429E-006  4.062853097565877E-006  3.904326262784978E-006  3.735938817904132E-006  3.347384307464641E-006  3.099432945728846E-006  2.748147194124028E-006
   545.000076352821       1.573722722955815E-005  1.463670880665415E-005  1.350400958492290E-005  1.233832677555915E-005  1.113963264520319E-005  9.909238259094138E-006  8.650599540512841E-006  8.012366079527158E-006  7.369038314066695E-006  6.720512829002008E-006  6.328182488027733E-006  6.064698914829625E-006  5.665187899483529E-006  5.394668799378310E-006  4.978892913902615E-006  4.691364762050256E-006  4.542984405183493E-006  4.390454771680863E-006  4.232577144216051E-006  4.067600471643632E-006  3.892810665470266E-006  3.491534146537394E-006  3.237077688750585E-006  2.878423298122555E-006
   547.000076633015       1.570188666877605E-005  1.461359781474198E-005  1.349330386583098E-005  1.234002487482479E-005  1.115342992293756E-005  9.934407442144863E-006  8.685737963597910E-006  8.051643867338513E-006  7.411643798974875E-006  6.765379197328254E-006  6.373760228516557E-006  6.110428369991132E-006  5.710580585743107E-006  5.439398270571340E-006  5.021815011723599E-006  4.732390983337963E-006  4.582792441661246E-006  4.428818739619413E-006  4.269219234602120E-006  4.102167294986378E-006  3.924834480193226E-006  3.516197583146668E-006  3.255930572014126E-006  2.887826108214624E-006
   549.000076913209       1.579446076503238E-005  1.470284293932701E-005  1.357946107628016E-005  1.242335877943420E-005  1.123427354263464E-005  1.001313162517456E-005  8.762585407676155E-006  8.127519515250482E-006  7.486392094503247E-006  6.838686580190210E-006  6.445968940804546E-006  6.181777884573234E-006  5.780413189964608E-006  5.508045668159759E-006  5.088379456946368E-006  4.797322824507339E-006  4.646816295994416E-006  4.491858029931003E-006  4.331178390768878E-006  4.162919831081747E-006  3.984201862240876E-006  3.571782869251089E-006  3.308469782883640E-006  2.934879156853702E-006
   551.000077193403       1.573048179655878E-005  1.464067600547662E-005  1.351939660413975E-005  1.236585647391234E-005  1.117998461747455E-005  9.962957136984128E-006  8.717779594533902E-006  8.085993087877169E-006  7.448607155584373E-006  6.805132304227858E-006  6.415188256081225E-006  6.152936944243324E-006  5.754602171439134E-006  5.484319154162059E-006  5.067836806210011E-006  4.778905605668289E-006  4.629449388666799E-006  4.475524681873983E-006  4.315852996550299E-006  4.148565369244150E-006  3.970765458704796E-006  3.559927374889749E-006  3.297217318885291E-006  2.924261588787656E-006
   553.000077473597       1.628151430963019E-005  1.516932113537077E-005  1.402332516562733E-005  1.284230083000858E-005  1.162564555803505E-005  1.037391675992204E-005  9.089411913632674E-006  8.435999388543190E-006  7.775558429782777E-006  7.107499845063385E-006  6.702016089464701E-006  6.429051595934270E-006  6.014066623250787E-006  5.732258479174883E-006  5.297754170926805E-006  4.996242086945076E-006  4.840300384006968E-006  4.679746298616083E-006  4.513288566755983E-006  4.339042961405439E-006  4.154093204262913E-006  3.728235983714538E-006  3.457448456113159E-006  3.075201673739261E-006
   555.000077753791       1.675792211104331E-005  1.561660035472463E-005  1.443923092782521E-005  1.322432465011311E-005  1.197102119797565E-005  1.067966826595739E-005  9.352572492285457E-006  8.676861263595693E-006  7.993590739536435E-006  7.302337408498082E-006  6.882847159516885E-006  6.600537046709674E-006  6.171557370942269E-006  5.880451607026572E-006  5.432073087633851E-006  5.121366837026868E-006  4.960844423473119E-006  4.795718961979414E-006  4.624696064687155E-006  4.445884811800458E-006  4.256356288731146E-006  3.821159281979777E-006  3.545368824328756E-006  3.157070547753328E-006
   557.000078033984       1.619540203511801E-005  1.510234929118976E-005  1.397538927224574E-005  1.281309725078758E-005  1.161464786477454E-005  1.038028118921505E-005  9.111885444389060E-006  8.465881080363851E-006  7.812286364726129E-006  7.150382276668569E-006  6.748185074587477E-006  6.477213226550924E-006  6.064878539314224E-006  5.784579054249535E-006  5.351880322637250E-006  5.051206654308817E-006  4.895551257104592E-006  4.735179569685338E-006  4.568784196850514E-006  4.394458505277066E-006  4.209254919325250E-006  3.782141748782534E-006  3.510086538756115E-006  3.125447098909360E-006
   559.000078314178       1.569408084430531E-005  1.463620543328575E-005  1.354750075150563E-005  1.242692142577102E-005  1.127400417383754E-005  1.008926136629305E-005  8.874549940423888E-006  8.256726518183671E-006  7.631974415707204E-006  6.999303317629065E-006  6.614695426927020E-006  6.355420404950143E-006  5.960523315551076E-006  5.691739815441586E-006  5.276071516637432E-006  4.986517937406161E-006  4.836322868332871E-006  4.681322338278625E-006  4.520183942901432E-006  4.350963445135223E-006  4.170655134267852E-006  3.752238230559715E-006  3.483436020935486E-006  3.100131436628721E-006
   561.000078594372       1.667910745653632E-005  1.556154268190564E-005  1.440773156773994E-005  1.321604846228781E-005  1.198539016852951E-005  1.071574628604383E-005  9.408784848420387E-006  8.742233428136779E-006  8.067253265156308E-006  7.383136697507030E-006  6.967214541934396E-006  6.686918205690224E-006  6.260306424402669E-006  5.970266512831714E-006  5.522537569212122E-006  5.211482656676988E-006  5.050497523795961E-006  4.884683290622003E-006  4.712711828560510E-006  4.532648549891806E-006  4.341504217608727E-006  3.901572449888977E-006  3.622211290675695E-006  3.228410273697535E-006
   563.000078874566       1.694453817188515E-005  1.580598468798064E-005  1.463150729180035E-005  1.341961166633599E-005  1.216936472650631E-005  1.088093263009240E-005  9.556141621549297E-006  8.881042876889283E-006  8.197719858383910E-006  7.505376801964744E-006  7.084511309400899E-006  6.800885995666410E-006  6.369178640289834E-006  6.075631850017030E-006  5.622372331224439E-006  5.307348990507887E-006  5.144252488844355E-006  4.976210435279434E-006  4.801857579259318E-006  4.619202407574382E-006  4.425163054335653E-006  3.977719110077979E-006  3.692665803290886E-006  3.289231584363380E-006
   565.000079154760       1.713762741801638E-005  1.599229733859117E-005  1.481026702766482E-005  1.358987041434317E-005  1.232997986401258E-005  1.103048149340338E-005  9.692846986570349E-006  9.010527090193490E-006  8.319377678119449E-006  7.618560363194031E-006  7.192289426829235E-006  6.904925750221904E-006  6.467408818774322E-006  6.169851708365862E-006  5.710352256076961E-006  5.390987853061593E-006  5.225649519637674E-006  5.055304018044970E-006  4.878568709758944E-006  4.693425501337180E-006  4.496750035995930E-006  4.043238013699891E-006  3.754328847705850E-006  3.345569134202534E-006
   567.000079434954       1.676052191073825E-005  1.564892713847740E-005  1.450195239275670E-005  1.331792531401539E-005  1.209562690589058E-005  1.083474492425696E-005  9.536295745457598E-006  8.873525337163109E-006  8.201683209759486E-006  7.519715526626136E-006  7.104429580033589E-006  6.824216636868996E-006  6.397119171934223E-006  6.106272394936111E-006  5.656416861882131E-006  5.343140881780826E-006  5.180720556621385E-006  5.013191862292281E-006  4.839153474929025E-006  4.656560431952825E-006  4.462248426734270E-006  4.012607245224472E-006  3.724890742250758E-006  3.316233289416128E-006
   569.000079715147       1.718114867140251E-005  1.604687349967076E-005  1.487542650076319E-005  1.366494183015239E-005  1.241401545029773E-005  1.112218903731587E-005  9.790474036506889E-006  9.110278943347005E-006  8.420577190964575E-006  7.720417872483482E-006  7.294103219000413E-006  7.006502752918653E-006  6.568278758353375E-006  6.269983484471793E-006  5.808898104351156E-006  5.488085615956950E-006  5.321878353483178E-006  5.150548844840991E-006  4.972695416645652E-006  4.786273535018243E-006  4.588121304627270E-006  4.130791096515275E-006  3.839235673822924E-006  3.426603390583227E-006
   571.000079995341       1.665896062436968E-005  1.555807338923399E-005  1.442221948189548E-005  1.324973529575292E-005  1.203943335232503E-005  1.079104516134696E-005  9.505684450904239E-006  8.849725198110775E-006  8.184895281348892E-006  7.510134995972842E-006  7.099246955188669E-006  6.821980763384119E-006  6.399286734462563E-006  6.111328385956794E-006  5.665628398739744E-006  5.354896650878733E-006  5.193635069400221E-006  5.027157217939888E-006  4.854026044672325E-006  4.672145462359215E-006  4.478274609018923E-006  4.028117052601609E-006  3.738776535146325E-006  3.326137630554661E-006
   573.000080275535       1.820347474049203E-005  1.700085158539584E-005  1.575627174420200E-005  1.446746669951572E-005  1.313267154882177E-005  1.175130591511649E-005  1.032471485776123E-005  9.595416745192030E-006  8.855832236369565E-006  8.105348816678864E-006  7.648776835783956E-006  7.341019037072727E-006  6.872605419736179E-006  6.554211268891207E-006  6.062968359355777E-006  5.721977833967479E-006  5.545630985156210E-006  5.364107756426760E-006  5.175983742975332E-006  4.979181150594876E-006  4.770485735144682E-006  4.291132291460727E-006  3.987480386914265E-006  3.560278374822158E-006
   575.000080555729       1.776943607625322E-005  1.660391870538995E-005  1.539887376299391E-005  1.415227357259773E-005  1.286256012610923E-005  1.152919141298496E-005  1.015322526340842E-005  9.449927567627276E-006  8.736502921627694E-006  8.011988514046938E-006  7.570728851046975E-006  7.273004418384701E-006  6.819303553469295E-006  6.510452686085793E-006  6.033058409009477E-006  5.700942435521734E-006  5.528907542892769E-006  5.351599548113302E-006  5.167578189511693E-006  4.974741446211810E-006  4.769834645050586E-006  4.297167943590140E-006  3.995934737517117E-006  3.569348635571625E-006
   577.000080835923       1.810209323127065E-005  1.691781248849224E-005  1.569247030323848E-005  1.442389868403340E-005  1.311041480134194E-005  1.175144152440301E-005  1.034810487024229E-005  9.630553605398280E-006  8.902573212172827E-006  8.163282037672105E-006  7.713081790799255E-006  7.409372503837132E-006  6.946659435338824E-006  6.631772798536159E-006  6.145264793050366E-006  5.807016427366902E-006  5.631892865786386E-006  5.451478507735364E-006  5.264330931565413E-006  5.068346096287021E-006  4.860267604684180E-006  4.381178546593370E-006  4.076678332243632E-006  3.646666601315654E-006
   579.000081116117       1.737276821608866E-005  1.623385747899715E-005  1.505842056265185E-005  1.384476194911212E-005  1.259170007796903E-005  1.129899184067304E-005  9.967776295879814E-006  9.288296299991099E-006  8.599505355257024E-006  7.900247612661461E-006  7.474329049696313E-006  7.186866051166768E-006  6.748545359641668E-006  6.449891580097330E-006  5.987586564838835E-006  5.665268584519037E-006  5.497998701151676E-006  5.325323910851354E-006  5.145753973907108E-006  4.957111886088738E-006  4.756024476411600E-006  4.288894775916062E-006  3.988187805441705E-006  3.557946128456870E-006
   581.000081396311       1.822654624680399E-005  1.704207411344669E-005  1.581648105042172E-005  1.454750204896595E-005  1.323335113071542E-005  1.187321667254802E-005  1.046787764840873E-005  9.748833182123750E-006  9.018892228278250E-006  8.277025916608412E-006  7.824901882403166E-006  7.519717608776736E-006  7.054447028188775E-006  6.737581827526981E-006  6.247586350745031E-006  5.906563993833202E-006  5.729876831166092E-006  5.547751190071688E-006  5.358711264174252E-006  5.160603667135885E-006  4.950096133348580E-006  4.464613901720358E-006  4.155387633413441E-006  3.717790285639364E-006
   583.000081676504       1.878447885153065E-005  1.757189440091956E-005  1.631522091287470E-005  1.501178986980073E-005  1.365936968187224E-005  1.225671898559230E-005  1.080427339422436E-005  1.005992071189663E-005  9.303537672217488E-006  8.534148250885550E-006  8.065016855909678E-006  7.748292287169211E-006  7.265405671126337E-006  6.936583515271077E-006  6.428312135412408E-006  6.074866174781068E-006  5.891894851770512E-006  5.703439945385244E-006  5.508031212383610E-006  5.303526369829581E-006  5.086613271621254E-006  4.588479842708212E-006  4.273224656012253E-006  3.830129786044351E-006
   585.000081956698       1.827984328241609E-005  1.710248942761410E-005  1.588368125277782E-005  1.462108187950543E-005  1.331275183179675E-005  1.195773664260964E-005  1.055656396935681E-005  9.839125959809237E-006  9.110379695042017E-006  8.369175033439114E-006  7.917125672042448E-006  7.611826771366950E-006  7.146091632749488E-006  6.828684666043360E-006  6.337446355477250E-006  5.995234938531524E-006  5.817816815135434E-006  5.634850070689019E-006  5.444838050596215E-006  5.245598316248213E-006  5.033754891623961E-006  4.544648552254245E-006  4.232708848673537E-006  3.790674953253128E-006
   587.000082236892       1.843135913370328E-005  1.724758885007449E-005  1.602178574612377E-005  1.475155554310363E-005  1.343494192794268E-005  1.207095891721613E-005  1.066014845290334E-005  9.937658102239672E-006  9.203711333915209E-006  8.457161256196835E-006  8.001824134094220E-006  7.694292853186869E-006  7.225132126546816E-006  6.905376411865870E-006  6.410479361326696E-006  6.065704320612044E-006  5.886953364228203E-006  5.702610441284592E-006  5.511168563114373E-006  5.310430718125974E-006  5.096999505910414E-006  4.604286139097503E-006  4.290136026352325E-006  3.845107513888828E-006
   589.000082517086       1.483792748628935E-005  1.387421371547722E-005  1.288834121696012E-005  1.188049402660429E-005  1.085147084508021E-005  9.802895317996399E-006  8.737017943728522E-006  8.198034838680611E-006  7.654528622974377E-006  7.104760819845276E-006  6.770260961784875E-006  6.544369562044484E-006  6.199256921366449E-006  5.963273151901020E-006  5.595718240589038E-006  5.337001474380109E-006  5.201624021598057E-006  5.060866577638970E-006  4.913191444689747E-006  4.756344977213829E-006  4.586826486045595E-006  4.181026323548264E-006  3.908576197355381E-006  3.501014135567779E-006
   591.000082797280       1.834680588624756E-005  1.717013885679431E-005  1.595267507219192E-005  1.469226749462651E-005  1.338727175115124E-005  1.203705346826976E-005  1.064249645647093E-005  9.929121884414050E-006  9.204923754566775E-006  8.468668231120295E-006  8.019706817248182E-006  7.716480249309725E-006  7.253811762080616E-006  6.938373506540664E-006  6.449847525782222E-006  6.109157876571219E-006  5.932359453226266E-006  5.749876976235253E-006  5.560166086180603E-006  5.360973595268199E-006  5.148813636891210E-006  4.657087535158028E-006  4.341719751595612E-006  3.891978694492094E-006
   593.000083077474       1.859220715689064E-005  1.741085863125491E-005  1.618733815572749E-005  1.491913742332000E-005  1.360412598701071E-005  1.224103523064220E-005  1.082992806599738E-005  1.010658959032355E-005  9.371109681290236E-006  8.622088831512904E-006  8.164672306122683E-006  7.855442068767089E-006  7.383160393016319E-006  7.060862443305796E-006  6.561263697732695E-006  6.212584552794784E-006  6.031580607914327E-006  5.844735649862279E-006  5.650489537413046E-006  5.446568644283072E-006  5.229458116729688E-006  4.726942444384194E-006  4.405470038870472E-006  3.948577041568837E-006
   595.000083357667       1.877004465364704E-005  1.757937965122879E-005  1.634572135738080E-005  1.506648641710771E-005  1.373946881263824E-005  1.236333495569102E-005  1.093808204816625E-005  1.020723944422219E-005  9.463955092471484E-006  8.706813155204330E-006  8.244359691201151E-006  7.931696099527247E-006  7.454136816579776E-006  7.128222056413224E-006  6.623011743860622E-006  6.270426308747118E-006  6.087401378887414E-006  5.898476190496685E-006  5.702073617764677E-006  5.495893484720081E-006  5.276376922875677E-006  4.768217588471285E-006  4.442985654758614E-006  3.980376523238784E-006
   597.000083637861       1.906596672798745E-005  1.786460743973099E-005  1.661861340228496E-005  1.532520436006138E-005  1.398199910468203E-005  1.258751498446559E-005  1.114168963643135E-005  1.039973382316681E-005  9.644797816300528E-006  8.875467945602268E-006  8.405436868762742E-006  8.087605761998761E-006  7.602109502722508E-006  7.270772984160568E-006  6.757227361987097E-006  6.398959866577691E-006  6.213066244289865E-006  6.021264285400658E-006  5.821991532840362E-006  5.612972177061056E-006  5.390689024960844E-006  4.877576949576041E-006  4.550597321873075E-006  4.087613156392108E-006
   599.000083918055       1.894704964032303E-005  1.775441331315770E-005  1.651830594284588E-005  1.523609581540661E-005  1.390552372108921E-005  1.252519766460250E-005  1.109500041231823E-005  1.036132149823768E-005  9.614873997944551E-006  8.854132069696756E-006  8.389245592364286E-006  8.074820753848616E-006  7.594372842370664E-006  7.266342547418805E-006  6.757619266268240E-006  6.402420151568311E-006  6.217988924026832E-006  6.027578184066825E-006  5.829595752486128E-006  5.621718152417406E-006  5.400347778116433E-006  4.887646509227917E-006  4.559188213833080E-006  4.091151504704866E-006
   601.000084198249       1.867429071351706E-005  1.750611957110693E-005  1.629557967488128E-005  1.504003385146231E-005  1.373719077600711E-005  1.238556749694200E-005  1.098486044043810E-005  1.026611314924047E-005  9.534617975765087E-006  8.788732548625222E-006  8.332647786999268E-006  8.024017047909775E-006  7.552109605672692E-006  7.229643984080608E-006  6.729006489037021E-006  6.378962873728412E-006  6.197015153761674E-006  6.009009041925842E-006  5.813335555681178E-006  5.607648244520007E-006  5.388316986379577E-006  4.879017623452706E-006  4.551705858735097E-006  4.084102984392426E-006
   603.000084478443       1.902652851495743E-005  1.784764607265286E-005  1.662450229436448E-005  1.535413870159104E-005  1.403386420538706E-005  1.266170729705390E-005  1.123678827771711E-005  1.050436083917715E-005  9.758034519267089E-006  8.996088931730371E-006  8.529743105024760E-006  8.213997041708791E-006  7.730981821225821E-006  7.400804546164650E-006  6.888108131698679E-006  6.529680219545071E-006  6.343434856999049E-006  6.151062256401700E-006  5.950957585823358E-006  5.740782836483296E-006  5.516924633947952E-006  4.998615119098730E-006  4.667020740216506E-006  4.195633299035851E-006
   605.000084758637       1.955050672039848E-005  1.833403359799166E-005  1.707149632980617E-005  1.575988031105427E-005  1.439650693044017E-005  1.297953090365971E-005  1.150840698440012E-005  1.075255080301454E-005  9.982729175953650E-006  9.197360225420070E-006  8.717050012841822E-006  8.392045825814277E-006  7.895228080805422E-006  7.555902294203958E-006  7.029540585262166E-006  6.662013822085359E-006  6.471210734969762E-006  6.274266968474315E-006  6.069568453880902E-006  5.854764059863881E-006  5.626219496191092E-006  5.098186885017598E-006  4.761304311747087E-006  4.283630430813455E-006
   607.000085038830       1.946899010167250E-005  1.826163604642608E-005  1.700834265925404E-005  1.570610887807136E-005  1.435227783268669E-005  1.294502728092895E-005  1.148381670097652E-005  1.073296292151847E-005  9.968135051438159E-006  9.187690412526905E-006  8.710262717416808E-006  8.387131494697031E-006  7.893022662070707E-006  7.555412992865869E-006  7.031436259731468E-006  6.665324002181544E-006  6.475156280018612E-006  6.278786366817773E-006  6.074585613727404E-006  5.860181855504614E-006  5.631909038577235E-006  5.103785207653404E-006  4.766250217934679E-006  4.286884419074244E-006
   609.000085319024       1.895753866126839E-005  1.778180381809666E-005  1.656408824716522E-005  1.530184402061094E-005  1.399282132424886E-005  1.263545354020852E-005  1.122908221645826E-005  1.050726471503243E-005  9.772294887467034E-006  9.022221716112657E-006  8.563111193489794E-006  8.252175745155724E-006  7.776266035845220E-006  7.450679305666240E-006  6.944465095305520E-006  6.589910547422972E-006  6.405390813141303E-006  6.214546786725841E-006  6.015708918792031E-006  5.806443364997443E-006  5.582986802084349E-006  5.062744468146740E-006  4.727358144007285E-006  4.247083296301102E-006
   611.000085599218       1.903537593919578E-005  1.786485365873873E-005  1.665140858184091E-005  1.539228981446552E-005  1.408505427267692E-005  1.272789633950511E-005  1.131992274705020E-005  1.059655931747297E-005  9.859502376927393E-006  9.106772537485591E-006  8.645780933198573E-006  8.333468344288656E-006  7.855306486552024E-006  7.528095263587290E-006  7.019274761415344E-006  6.662889070488299E-006  6.477435283075756E-006  6.285652346676553E-006  6.085879165800168E-006  5.875694417251475E-006  5.651353754999449E-006  5.129580938118118E-006  4.793657827725543E-006  4.313003310621927E-006
   613.000085879412       1.808094933571765E-005  1.697045958174853E-005  1.582162287176753E-005  1.463233228716482E-005  1.340075516780537E-005  1.212565914420601E-005  1.080634840707774E-005  1.012965252726677E-005  9.440590546887114E-006  8.736903307999649E-006  8.305691594629439E-006  8.013325694199847E-006  7.565161972065391E-006  7.257962215490526E-006  6.779084209668719E-006  6.442515436517681E-006  6.266881928759828E-006  6.084825200298974E-006  5.894641671358097E-006  5.693845575624832E-006  5.478590421297950E-006  4.973246747676077E-006  4.643679158200835E-006  4.166066887977882E-006
   615.000086159606       1.889087091404327E-005  1.774069241456704E-005  1.654841142033374E-005  1.531127950625386E-005  1.402681597396289E-005  1.269311457583905E-005  1.130890599314257E-005  1.059729953502301E-005  9.871699685247563E-006  9.129886660981148E-006  8.675060378570825E-006  8.366649494597176E-006  7.893958775368613E-006  7.570091982449479E-006  7.065708082721563E-006  6.711770196633131E-006  6.527333071683631E-006  6.336388666140454E-006  6.137228543376548E-006  5.927361498180220E-006  5.702932787460477E-006  5.178861137608688E-006  4.839613040736942E-006  4.351588563383233E-006
   617.000086439800       1.771780902198592E-005  1.664606147215141E-005  1.553781671322650E-005  1.439096767453512E-005  1.320363938830024E-005  1.197439689048371E-005  1.070210058642351E-005  1.004910670689934E-005  9.383700138721894E-006  8.703462556815780E-006  8.286154961319162E-006  8.002972842655896E-006  7.568430044384191E-006  7.270194220724759E-006  6.804553588031789E-006  6.476636935566405E-006  6.305263498687419E-006  6.127412791117734E-006  5.941370478032885E-006  5.744635918682477E-006  5.533341219586246E-006  5.035459462844256E-006  4.709212447379908E-006  4.234108065809656E-006
   619.000086719993       1.943496671717199E-005  1.825257360107452E-005  1.702595961690280E-005  1.575219713902373E-005  1.442861811747229E-005  1.305315649917206E-005  1.162455421380268E-005  1.088984588389224E-005  1.014062643577180E-005  9.374766126186251E-006  8.905329116015840E-006  8.587102121167494E-006  8.099552689257709E-006  7.765668617443740E-006  7.246029549349837E-006  6.881717211359465E-006  6.692015387419333E-006  6.495745259538821E-006  6.291190772027073E-006  6.075850583102902E-006  5.845856122533217E-006  5.310245161356742E-006  4.964783302415017E-006  4.469241720388752E-006
   621.000087000187       1.952954614833682E-005  1.834006977158843E-005  1.710599990560499E-005  1.582446334632771E-005  1.449287274527299E-005  1.310931299407760E-005  1.167274446648693E-005  1.093419775998101E-005  1.018130070878341E-005  9.411966880183112E-006  8.940556313720380E-006  8.621058056113317E-006  8.131656032145090E-006  7.796554193302624E-006  7.275047567553886E-006  6.909382640626210E-006  6.718934952730500E-006  6.521843823412415E-006  6.316359343907637E-006  6.099928952756388E-006  5.868602598884820E-006  5.328921723687139E-006  4.979871670539496E-006  4.477715031708085E-006
   623.000087280381       1.903625944570657E-005  1.788437791684135E-005  1.669046338036081E-005  1.545185944605627E-005  1.416616920757063E-005  1.283157160627169E-005  1.144686049726978E-005  1.073513193909984E-005  1.000943504172065E-005  9.267451676767083E-006  8.812410082578658E-006  8.503770373748505E-006  8.030534568656235E-006  7.706108670321208E-006  7.200428041280205E-006  6.845159006417386E-006  6.659849588846395E-006  6.467846288442352E-006  6.267386469517242E-006  6.055898024972438E-006  5.829399925747910E-006  5.298782825865281E-006  4.953663435847840E-006  4.454289594954060E-006
   625.000087560575       1.856029616863921E-005  1.744656078342994E-005  1.629237247420229E-005  1.509511416914235E-005  1.385235986577583E-005  1.256212345257840E-005  1.122276103272816E-005  1.053381702704737E-005  9.830759986098768E-006  9.111045596203099E-006  8.669075342137656E-006  8.368988983381016E-006  7.908285893165962E-006  7.591978712262037E-006  7.098027065666468E-006  6.750182590748331E-006  6.568424648004068E-006  6.379833333717811E-006  6.182607936196096E-006  5.974119002842056E-006  5.750294362561010E-006  5.223291892127990E-006  4.878195012640704E-006  4.375652070236361E-006
   627.000087840769       1.949681403535860E-005  1.831707392920549E-005  1.709350843510867E-005  1.582333958520614E-005  1.450404538418161E-005  1.313373363956347E-005  1.171125958659062E-005  1.097996571608439E-005  1.023433041883908E-005  9.472107813550536E-006  9.004798126223041E-006  8.687925792633917E-006  8.202240516135068E-006  7.869420959361753E-006  7.350920255170116E-006  6.986851627071236E-006  6.797021864935940E-006  6.600383700586200E-006  6.395133982044017E-006  6.178638440104003E-006  5.946814815249255E-006  5.403703587680103E-006  5.050238482730495E-006  4.538173179571486E-006
   629.000088120963       1.983085417926654E-005  1.863762503828692E-005  1.739901176117803E-005  1.611201132000099E-005  1.477388151532550E-005  1.338248163853487E-005  1.193640581249962E-005  1.119228073760601E-005  1.043307407609713E-005  9.656487253078214E-006  9.180144476413269E-006  8.857060105215391E-006  8.361740453835961E-006  8.022262358672109E-006  7.493366923196708E-006  7.122062532759454E-006  6.928515381115797E-006  6.728092227009270E-006  6.518991975553566E-006  6.298587862877320E-006  6.062815705921844E-006  5.511907069551105E-006  5.154944589070642E-006  4.640662722507737E-006
   631.000088401157       1.927122701757024E-005  1.812071018365418E-005  1.692731603157652E-005  1.568831553969293E-005  1.440124320664101E-005  1.306419138072299E-005  1.167579291742773E-005  1.096164714310873E-005  1.023303045799455E-005  9.487461585654945E-006  9.029845349596687E-006  8.719266679722912E-006  8.242711927326516E-006  7.915740494294745E-006  7.405598386595082E-006  7.046793182566261E-006  6.859493195019624E-006  6.665312684482679E-006  6.462445805370077E-006  6.248256909949642E-006  6.018665929583428E-006  5.479868875267967E-006  5.128636119952359E-006  4.619349183568724E-006
   633.000088681350       1.952871175786319E-005  1.836737635125194E-005  1.716255631258719E-005  1.591137646353058E-005  1.461115547374551E-005  1.325972457666135E-005  1.185540531382937E-005  1.113261430904242E-005  1.039483368185965E-005  9.639528253665913E-006  9.175767660578648E-006  8.860955600111563E-006  8.377829805328202E-006  8.046320000130967E-006  7.529116180237057E-006  7.165427283639744E-006  6.975633576266719E-006  6.778927432420653E-006  6.573507431953496E-006  6.356745814634885E-006  6.124576385068383E-006  5.580719518307152E-006  5.227130237858029E-006  4.715820215810548E-006
   635.000088961544       1.977926928046175E-005  1.860321690292717E-005  1.738290723242818E-005  1.611549175421999E-005  1.479843252645830E-005  1.342977868844824E-005  1.200814426951547E-005  1.127675612171796E-005  1.053045805527375E-005  9.766720113573488E-006  9.297939757992574E-006  8.979797511282016E-006  8.491704952011020E-006  8.156911390436793E-006  7.634850769931370E-006  7.267997681984994E-006  7.076653696827603E-006  6.878423690838989E-006  6.671510351606533E-006  6.453289618814090E-006  6.219696301871019E-006  5.673044325780366E-006  5.317923068528347E-006  4.804332564072876E-006
   637.000089241738       1.981783976787238E-005  1.864194620847108E-005  1.742203135905968E-005  1.615530538376495E-005  1.483925874693046E-005  1.347195158749340E-005  1.205194996743059E-005  1.132143005871929E-005  1.057597350820465E-005  9.812978708013826E-006  9.344555925070383E-006  9.026598231051891E-006  8.538676470676769E-006  8.203905300041518E-006  7.681689080361532E-006  7.314554373637362E-006  7.122994431644543E-006  6.924482142011818E-006  6.717201663041365E-006  6.498500786030252E-006  6.264269343677485E-006  5.715475695132512E-006  5.358328059563218E-006  4.840713328755985E-006
   639.000089521932       2.013394724419522E-005  1.894672145741282E-005  1.771346323577552E-005  1.643099835131048E-005  1.509636682063710E-005  1.370709779582361E-005  1.226125715207950E-005  1.151626305840095E-005  1.075529883472412E-005  9.975801882865563E-006  9.497016058989263E-006  9.171956320937490E-006  8.673072405920081E-006  8.330763383413762E-006  7.796829089865358E-006  7.421552862433023E-006  7.225806704149205E-006  7.023024000818093E-006  6.811384649807307E-006  6.588234560105091E-006  6.349467765277258E-006  5.791448044588095E-006  5.429795945859622E-006  4.908201571795833E-006
   641.000089802126       1.970872928083701E-005  1.855847709054279E-005  1.736377931767004E-005  1.612150713939682E-005  1.482870109884108E-005  1.348277244087408E-005  1.208141128519361E-005  1.135884158790608E-005  1.062020302906411E-005  9.862699715570148E-006  9.396834712355131E-006  9.080233307860503E-006  8.593751738171612E-006  8.259488369999519E-006  7.737220686626356E-006  7.369397498318596E-006  7.177258473544546E-006  6.977988273838624E-006  6.769750783669806E-006  6.549870019697800E-006  6.314208659402085E-006  5.761699542810360E-006  5.402267291427066E-006  4.882289290250634E-006
   643.000090082320       2.003973116732704E-005  1.886484863261247E-005  1.764463397253369E-005  1.637598156817633E-005  1.505598907603745E-005  1.368223722195833E-005  1.225276346055201E-005  1.151622299962906E-005  1.076382690051897E-005  9.992928075526359E-006  9.519268941527946E-006  9.197594759885375E-006  8.703712953237867E-006  8.364668183264422E-006  7.835472173797276E-006  7.463193155534942E-006  7.268871022337857E-006  7.067442102264438E-006  6.857061499243721E-006  6.635038066371599E-006  6.397206504003969E-006  5.839990334819420E-006  5.477582781505224E-006  4.952869229194881E-006
   645.000090362513       1.979595912708175E-005  1.864602287346355E-005  1.745201654115351E-005  1.621087596876741E-005  1.491971635466685E-005  1.357600053808977E-005  1.217743019420329E-005  1.145644819674117E-005  1.071948716392053E-005  9.963705434179756E-006  9.498868036028755E-006  9.182940319468882E-006  8.697434453077485E-006  8.363785768175096E-006  7.842344165180960E-006  7.474957988463189E-006  7.282979113870040E-006  7.083810903538345E-006  6.875594006267381E-006  6.655617420050675E-006  6.419688444809284E-006  5.865661457292352E-006  5.504369142176577E-006  4.980190473050320E-006
   647.000090642707       1.982999316259317E-005  1.868054406121648E-005  1.748679824618514E-005  1.624573003027036E-005  1.495444696214378E-005  1.361046878980334E-005  1.221155875501854E-005  1.149040194306462E-005  1.075326134036485E-005  9.997277541151214E-006  9.532288516462482E-006  9.216233038407313E-006  8.730475937046954E-006  8.396600875151619E-006  7.874688645462291E-006  7.506865226998554E-006  7.314618605540730E-006  7.115142751042787E-006  6.906571526066275E-006  6.686185839855240E-006  6.449782802760259E-006  5.894570060228206E-006  5.532571701882570E-006  5.007782156250159E-006
   649.000090922901       1.963050335691313E-005  1.849486201739033E-005  1.731590856895095E-005  1.609072206634085E-005  1.481653240778395E-005  1.349092092204626E-005  1.211160580443604E-005  1.140064451375975E-005  1.067391363550531E-005  9.928492217304547E-006  9.469883457578974E-006  9.158088036725838E-006  8.678708717633385E-006  8.349060045982640E-006  7.833396822097542E-006  7.469623575030869E-006  7.279341861989639E-006  7.081771435561891E-006  6.875023089111373E-006  6.656342191241025E-006  6.421467716264565E-006  5.868264428442836E-006  5.506046318850441E-006  4.978472892852216E-006
   651.000091203095       2.043745234048025E-005  1.925460326374599E-005  1.802488311964425E-005  1.674503411708786E-005  1.541195437615785E-005  1.402296963626418E-005  1.257579580164903E-005  1.182933153406411E-005  1.106617471442564E-005  1.028353653750215E-005  9.802274404818343E-006  9.475255182217445E-006  8.972862532496188E-006  8.627750912282557E-006  8.088696557154220E-006  7.709182619949990E-006  7.510981179911083E-006  7.305455495960892E-006  7.090713536720413E-006  6.863996585267532E-006  6.621036481558991E-006  6.051430646350240E-006  5.680739740869361E-006  5.143918152348781E-006
   653.000091483289       2.069977717636749E-005  1.950708823405173E-005  1.826627125376082E-005  1.697399112608819E-005  1.562704886323090E-005  1.422269993544955E-005  1.275854844831270E-005  1.200294309602486E-005  1.123016229355985E-005  1.043735712925047E-005  9.949700148001354E-006  9.618280628759691E-006  9.109065028473116E-006  8.759243663566588E-006  8.212859229895213E-006  7.828264773631619E-006  7.627459093285965E-006  7.419282093111743E-006  7.201836499321594E-006  6.972355265133581E-006  6.726555165606219E-006  6.150886012161243E-006  5.776724191666077E-006  5.235416098624356E-006
   655.000091763483       2.037077230578082E-005  1.922551675260729E-005  1.802873450313803E-005  1.677689524611544E-005  1.546667066371910E-005  1.409522316419489E-005  1.266012523413946E-005  1.191759336613637E-005  1.115690669330037E-005  1.037522808720363E-005  9.893783754598675E-006  9.566315116356899E-006  9.062732185751008E-006  8.716461484277403E-006  8.175050267060898E-006  7.793473158578326E-006  7.594056728277907E-006  7.387165886970653E-006  7.170877080927395E-006  6.942383594594095E-006  6.697342484366707E-006  6.122036719921802E-006  5.746938977784251E-006  5.202769097281873E-006
   657.000092043676       1.935366822272961E-005  1.836929065109347E-005  1.732853597540583E-005  1.622600537858769E-005  1.505598963545071E-005  1.381259767288532E-005  1.248947463484642E-005  1.179546212724415E-005  1.107753641947635E-005  1.033236088405729E-005  9.869696668452293E-006  9.553444164202717E-006  9.064777892546035E-006  8.727228105640750E-006  8.197175886957971E-006  7.822096771859751E-006  7.625623978257024E-006  7.421479863513982E-006  7.207744361464321E-006  6.981614507220193E-006  6.738751069206434E-006  6.167287597763877E-006  5.793943079146234E-006  5.251713080607409E-006
   659.000092323870       2.061668603841946E-005  1.944761905621797E-005  1.822997828044619E-005  1.696030265490754E-005  1.563521775079245E-005  1.425166916377245E-005  1.280676868394831E-005  1.205996894325492E-005  1.129526672083668E-005  1.050963600004152E-005  1.002575298714169E-005  9.696589900514363E-006  9.190306918385226E-006  8.842089821837838E-006  8.297463384591075E-006  7.913495662430654E-006  7.712795892068288E-006  7.504556798232070E-006  7.286849876910684E-006  7.056864640920438E-006  6.810254979202439E-006  6.231590916807195E-006  5.854730666808440E-006  5.308757668101464E-006
   661.000092604064       2.095145025430310E-005  1.975695402893692E-005  1.851386932072484E-005  1.721859455601864E-005  1.586763297161550E-005  1.445782607906802E-005  1.298623732955287E-005  1.222593960180567E-005  1.144764499412419E-005  1.064831982744249E-005  1.015615489695851E-005  9.821431567400187E-006  9.306724545911412E-006  8.952812511207372E-006  8.399462931577019E-006  8.009499351874883E-006  7.805722207625523E-006  7.594334123421599E-006  7.373384485572809E-006  7.140028843529251E-006  6.889865366225485E-006  6.303045209559648E-006  5.920905292432355E-006  5.367071740293287E-006
   663.000092884258       2.090897445943203E-005  1.972055008886632E-005  1.848460058623043E-005  1.719766593705885E-005  1.585635609363727E-005  1.445757282639291E-005  1.299828620632977E-005  1.224450606827153E-005  1.147286012256385E-005  1.068018476110588E-005  1.019194694687582E-005  9.859794945238335E-006  9.348851691462088E-006  8.997375859358962E-006  8.447557611270745E-006  8.059860218611363E-006  7.857188096021136E-006  7.646885150357786E-006  7.426999273387577E-006  7.194683183308123E-006  6.945529766533300E-006  6.360581630503329E-006  5.979208332787379E-006  5.425748322238260E-006
   665.000093164452       2.097400770006701E-005  1.978579243756255E-005  1.854956116394670E-005  1.726177850822070E-005  1.591897640097737E-005  1.451798749902362E-005  1.305572098099502E-005  1.230014724879858E-005  1.152649101043543E-005  1.073156755330400E-005  1.024184769840724E-005  9.908640432059229E-006  9.395989664562541E-006  9.043272549555781E-006  8.491384871875035E-006  8.102123235648865E-006  7.898596510221780E-006  7.687379954836580E-006  7.466510831495555E-006  7.233128221886819E-006  6.982806695441253E-006  6.395095894982314E-006  6.011995145263888E-006  5.456222593020335E-006
   667.000093444646       2.076090607702770E-005  1.958737347341321E-005  1.836713925480735E-005  1.709685159070847E-005  1.577323982834640E-005  1.439327381199396E-005  1.295389036695876E-005  1.221040054708985E-005  1.144918681021459E-005  1.066698467785990E-005  1.018499180123365E-005  9.856962483251963E-006  9.352103036501470E-006  9.004587367409936E-006  8.460492299106083E-006  8.076397118617123E-006  7.875434262641748E-006  7.666759705110324E-006  7.448399571319973E-006  7.217475300393355E-006  6.969532099712911E-006  6.386078516263853E-006  6.004515608566431E-006  5.449042520631255E-006
   669.000093724840       2.128596351090834E-005  2.008519134989680E-005  1.883556788316523E-005  1.753349299642552E-005  1.617542698356455E-005  1.475813285125192E-005  1.327844560598787E-005  1.251371599003040E-005  1.173058526581573E-005  1.092583586034357E-005  1.043003045794799E-005  1.009267745646582E-005  9.573658702579962E-006  9.216584554815339E-006  8.657966759549813E-006  8.264064956014293E-006  8.058162846484281E-006  7.844527345799566E-006  7.621187862782056E-006  7.385270930011878E-006  7.132329425623727E-006  6.538900295307059E-006  6.152334630641879E-006  5.591417083025364E-006
   671.000094005033       2.077517080335090E-005  1.960678043382801E-005  1.839234457862821E-005  1.712855210456778E-005  1.581213945987840E-005  1.444002805331755E-005  1.300898419560525E-005  1.226973825734214E-005  1.151272425274155E-005  1.073457502223944E-005  1.025488888151325E-005  9.928323108335283E-006  9.425512250544170E-006  9.079234751597666E-006  8.536723069461003E-006  8.153412888905176E-006  7.952721721303532E-006  7.744207715631358E-006  7.525860991229709E-006  7.294747907394157E-006  7.046324946773922E-006  6.460276565137617E-006  6.075604575373273E-006  5.513302259840192E-006
   673.000094285227       2.140587030850247E-005  2.021031851500944E-005  1.896559546531134E-005  1.766787532535002E-005  1.631331992492839E-005  1.489825933615119E-005  1.341889581272489E-005  1.265334250839152E-005  1.186853987216866E-005  1.106109256258346E-005  1.056308356610288E-005  1.022398173706188E-005  9.701866088371555E-006  9.342372286146707E-006  8.779503949474023E-006  8.382282095209958E-006  8.174548037045812E-006  7.958949479578954E-006  7.733498747732442E-006  7.495299124302741E-006  7.239869557754575E-006  6.640587323054495E-006  6.250333435637710E-006  5.684351828364497E-006
   675.000094565421       2.117148493672972E-005  1.999240498285465E-005  1.876490757756316E-005  1.748526505879324E-005  1.614973838695328E-005  1.475473316904567E-005  1.329648404225322E-005  1.254185030035268E-005  1.176816364003881E-005  1.097196993330108E-005  1.048074837764647E-005  1.014617316695521E-005  9.630829489948702E-006  9.275819910419964E-006  8.719574656791295E-006  8.326632330859948E-006  8.120965254882349E-006  7.907359978726140E-006  7.683798592278216E-006  7.447338284629373E-006  7.193424280269959E-006  6.595885483930693E-006  6.205098028298907E-006  5.635898105897980E-006
   677.000094845615       2.133946813377523E-005  2.015484687521836E-005  1.892157544607468E-005  1.763588171235850E-005  1.629396314829375E-005  1.489214955020564E-005  1.342654284815774E-005  1.266795139437397E-005  1.189004992628877E-005  1.108929289510114E-005  1.059510966034872E-005  1.025844297070818E-005  9.739751348510226E-006  9.382344906565073E-006  8.822211647269781E-006  8.426452343159593E-006  8.219301462165737E-006  8.004158814499710E-006  7.779004396997851E-006  7.540893881407720E-006  7.285272138254573E-006  6.684160105861305E-006  6.291533509031467E-006  5.720503843314182E-006
   679.000095125809       2.132982843667678E-005  2.014650640022587E-005  1.891512073572736E-005  1.763199541118040E-005  1.629344712642892E-005  1.489591173838706E-005  1.343557550038263E-005  1.268000506009365E-005  1.190537989779775E-005  1.110815377478464E-005  1.061621631162486E-005  1.028110467257341E-005  9.764841858833796E-006  9.409127647857534E-006  8.851656780114334E-006  8.457758649260450E-006  8.251561144344078E-006  8.037381843739781E-006  7.813192411379428E-006  7.576033071579939E-006  7.321319667491667E-006  6.721598050011176E-006  6.329012101651428E-006  5.756365299098289E-006
   681.000095406003       2.130814503937229E-005  2.013286059768450E-005  1.890952213012443E-005  1.763441142864444E-005  1.630375504606697E-005  1.491385239633563E-005  1.346064077013059E-005  1.270831641320547E-005  1.193662373115423E-005  1.114190480620564E-005  1.065120609080566E-005  1.031678331900684E-005  9.801306725027879E-006  9.445920338704230E-006  8.888572678188711E-006  8.494449815490477E-006  8.288026189751318E-006  8.073531875705310E-006  7.848926009959420E-006  7.611233516596375E-006  7.355851527010751E-006  6.754297597672689E-006  6.360520065764329E-006  5.786635556168945E-006
   683.000095686196       2.165931586742604E-005  2.046724603795450E-005  1.922545295655392E-005  1.792999590160740E-005  1.657686698165631E-005  1.516213642303949E-005  1.368160860572828E-005  1.291470473682111E-005  1.212786328980964E-005  1.131748629954767E-005  1.081717618018818E-005  1.047626462459814E-005  9.950940876796932E-006  9.588917899272558E-006  9.021517441828426E-006  8.620639342175036E-006  8.410828758261817E-006  8.192946802934511E-006  7.964959439094572E-006  7.723901490323602E-006  7.465184844573878E-006  6.857145005868041E-006  6.460259700036982E-006  5.883194176409401E-006
   685.000095966390       2.116773912542029E-005  2.000871685840536E-005  1.880290317083779E-005  1.754667768850761E-005  1.623632878747165E-005  1.486812461411437E-005  1.343778427430844E-005  1.269718924570014E-005  1.193729863379367E-005  1.115432744369732E-005  1.067059050342479E-005  1.034075110143448E-005  9.832032526915907E-006  9.481051376456784E-006  8.930106370578887E-006  8.540059098053351E-006  8.335590762748212E-006  8.122978133336289E-006  7.900158362799549E-006  7.664123284447841E-006  7.410216909048931E-006  6.810623422794127E-006  6.416777906098242E-006  5.840895118097337E-006
   687.000096246584       2.150086619118428E-005  2.032341691739948E-005  1.909721597877364E-005  1.781845899951506E-005  1.648328662980864E-005  1.508789881642281E-005  1.362811001810498E-005  1.287203875477771E-005  1.209625222850196E-005  1.129704056787312E-005  1.080341726044816E-005  1.046693131888451E-005  9.948154512675101E-006  9.590401137420376E-006  9.029172928145795E-006  8.632164960571300E-006  8.424177102017002E-006  8.208014343424318E-006  7.981609685381496E-006  7.741949628326355E-006  7.484371027818003E-006  6.877234174019811E-006  6.479425918368919E-006  5.899082971949770E-006
   689.000096526778       2.167867031923498E-005  2.049543618997267E-005  1.926311246763074E-005  1.797780758562050E-005  1.663552075419810E-005  1.523225728915873E-005  1.376358696330827E-005  1.300260404667669E-005  1.222153704050380E-005  1.141663162202614E-005  1.091937566751027E-005  1.058037141353018E-005  1.005766686759263E-005  9.697192182481132E-006  9.131725048640865E-006  8.731790011359185E-006  8.522311149520770E-006  8.304641723346718E-006  8.076718679492354E-006  7.835534300449640E-006  7.576435234499495E-006  6.966346035996865E-006  6.567186529250544E-006  5.985698783254283E-006
   691.000096806972       2.165214552092439E-005  2.047442431910736E-005  1.924778130447758E-005  1.796830493942946E-005  1.663199878724164E-005  1.523487690303328E-005  1.377247823657700E-005  1.301464406074020E-005  1.223668839357431E-005  1.143480202543521E-005  1.093927994124454E-005  1.060138715549649E-005  1.008026142701867E-005  9.720767252693960E-006  9.156627961765564E-006  8.757448808273387E-006  8.548294852388419E-006  8.330904118757641E-006  8.103200943640400E-006  7.862158873351673E-006  7.603095173753420E-006  6.992519236966937E-006  6.592558016595188E-006  6.009291941340454E-006
   693.000097087165       2.160900300992753E-005  2.043342582466864E-005  1.920942745258449E-005  1.793324511837406E-005  1.660103150463879E-005  1.520896234695457E-005  1.375276675957546E-005  1.299852528802404E-005  1.222452264840927E-005  1.142696927692857E-005  1.093423969086980E-005  1.059828984604846E-005  1.008020458824905E-005  9.722817849542134E-006  9.161947044508718E-006  8.764993503396008E-006  8.556952109615696E-006  8.340661645016134E-006  8.114030638856946E-006  7.874007582999693E-006  7.615866572715944E-006  7.006452602293287E-006  6.606192594776738E-006  6.020677735163652E-006
   695.000097367359       2.160165757871933E-005  2.042726050747088E-005  1.920430020428096E-005  1.792906179483174E-005  1.659783277606245E-005  1.520699836056670E-005  1.375260112853451E-005  1.299958785494856E-005  1.222710985136900E-005  1.143142969520833E-005  1.094000746355041E-005  1.060501041774785E-005  1.008847662661474E-005  9.732203315373995E-006  9.173108003687780E-006  8.777386725206267E-006  8.569965150346749E-006  8.354288452211927E-006  8.128254717459011E-006  7.888796502906584E-006  7.631162887745869E-006  7.022377013119555E-006  6.621960487844171E-006  6.035302971450764E-006
   697.000097647553       2.178194896244371E-005  2.060127265518508E-005  1.937171556195600E-005  1.808960851100502E-005  1.675113648265737E-005  1.535260987524019E-005  1.388985194120815E-005  1.313230363347105E-005  1.235497003028589E-005  1.155401450029779E-005  1.105918325771226E-005  1.072179068727559E-005  1.020146029429316E-005  9.842505027437914E-006  9.279132896538304E-006  8.880377781602096E-006  8.671382214984886E-006  8.454093289856252E-006  8.226410045618844E-006  7.985268044314237E-006  7.725921896413171E-006  7.113683672536104E-006  6.711606205086138E-006  6.123533389465862E-006
   699.000097927747       2.166111750117188E-005  2.048664126365359E-005  1.926375635301848E-005  1.798883420611291E-005  1.665821872705163E-005  1.526834339296297E-005  1.381532527173986E-005  1.306317329047068E-005  1.229166571089092E-005  1.149704550297874E-005  1.100628521385759E-005  1.067172943731946E-005  1.015583454530063E-005  9.799949758436719E-006  9.241310958623629E-006  8.845736187086641E-006  8.638307156949663E-006  8.422543267367012E-006  8.196313069208909E-006  7.956504287897795E-006  7.698293823520005E-006  7.087074634011063E-006  6.684049400069246E-006  6.092085118577807E-006
   701.000098207941       2.126957296421704E-005  2.013160547773308E-005  1.894762709073520E-005  1.771402476853191E-005  1.642713752075310E-005  1.508311521762665E-005  1.367728142730563E-005  1.294875652865643E-005  1.220051404882291E-005  1.142842895818624E-005  1.095067654384640E-005  1.062452714628305E-005  1.012078560547572E-005  9.772672200735394E-006  9.225145042697105E-006  8.836579386240185E-006  8.632522343996462E-006  8.420032665452331E-006  8.196967410423800E-006  7.960197201210780E-006  7.704871880229585E-006  7.098734117421828E-006  6.697636047575711E-006  6.106689578438915E-006
   703.000098488135       2.173570972815983E-005  2.056931079787474E-005  1.935477593332109E-005  1.808832069565483E-005  1.676616143071762E-005  1.538443175523343E-005  1.393865402141051E-005  1.318948135052584E-005  1.242030037879560E-005  1.162712853875071E-005  1.113670989359873E-005  1.080212628880714E-005  1.028575894263398E-005  9.929247954945136E-006  9.369161720847495E-006  8.972257632943362E-006  8.764048873838354E-006  8.547425983904034E-006  8.320255523822440E-006  8.079423834525234E-006  7.820106809435518E-006  7.206414457371997E-006  6.801998508830344E-006  6.208423503940018E-006
   705.000098768329       2.195351675786922E-005  2.077980646628976E-005  1.955682601809164E-005  1.828057664465008E-005  1.694696538595965E-005  1.555186998161832E-005  1.409051183896995E-005  1.333264663143931E-005  1.255412956155102E-005  1.175094321253718E-005  1.125416213740795E-005  1.091517143773908E-005  1.039191773231988E-005  1.003060325979549E-005  9.462927812588428E-006  9.060654197811303E-006  8.849650060972184E-006  8.630148977578368E-006  8.400009108593333E-006  8.156107002341762E-006  7.893607298841519E-006  7.273150465149983E-006  6.865089713315585E-006  6.267475469532823E-006
   707.000099048522       2.176636020908901E-005  2.060339150913532E-005  1.939245483124760E-005  1.812980359061801E-005  1.681161070966593E-005  1.543395834556931E-005  1.399224330641965E-005  1.324502432790819E-005  1.247766539724113E-005  1.168609788078177E-005  1.119648449170312E-005  1.086234772023649E-005  1.034647775721265E-005  9.990148079171760E-006  9.430017260600939E-006  9.032781733595605E-006  8.824276853712338E-006  8.607241738321872E-006  8.379508252900374E-006  8.137909635433397E-006  7.877536329545907E-006  7.260112662288776E-006  6.852002655317248E-006  6.250698702281311E-006
   709.000099328716       2.178814766242214E-005  2.062761707762121E-005  1.941902544862875E-005  1.815861914840361E-005  1.684255950057215E-005  1.546693808602618E-005  1.402714575127246E-005  1.328083726071794E-005  1.251433679706162E-005  1.172354721886737E-005  1.123434414239601E-005  1.090044833766538E-005  1.038487460959992E-005  1.002868548179916E-005  9.468644684986864E-006  9.071353578303773E-006  8.862772003492179E-006  8.645617355421642E-006  8.417710518561132E-006  8.175868708429231E-006  7.915157836458260E-006  7.296573421614660E-006  6.887368513011508E-006  6.283833771284445E-006
   711.000099608910       2.200679187325151E-005  2.083396544813650E-005  1.961158682615786E-005  1.833584079922867E-005  1.700288619743265E-005  1.560890977075030E-005  1.414958361554255E-005  1.339323281501295E-005  1.261664453223981E-005  1.181585366209858E-005  1.132074862965188E-005  1.098297728063966E-005  1.046169596416574E-005  1.010177792021107E-005  9.536253348377008E-006  9.135360577317326E-006  8.924982021881444E-006  8.706022012574100E-006  8.476286737116481E-006  8.232569206268289E-006  7.969893092318994E-006  7.346698547510513E-006  6.934245865558259E-006  6.325175416640545E-006
   713.000099889104       2.164425851884280E-005  2.049660382449397E-005  1.930183601350322E-005  1.805639608641734E-005  1.675665505025845E-005  1.539891900752956E-005  1.397874789237100E-005  1.324292150587283E-005  1.248732823731384E-005  1.170782142053985E-005  1.122552934231604E-005  1.089628138454423E-005  1.038770780384454E-005  1.003617764697803E-005  9.483040870982209E-006  9.090225075051230E-006  8.883812603106900E-006  8.668759589058069E-006  8.442861681699153E-006  8.202898662877021E-006  7.943876584860375E-006  7.327578145302794E-006  6.918263123266597E-006  6.311886936382347E-006
   715.000100169298       2.146786451952244E-005  2.033219139123723E-005  1.915049549002772E-005  1.791936178023876E-005  1.663532050900343E-005  1.529482457510197E-005  1.389355608786330E-005  1.316781823421174E-005  1.242274201097327E-005  1.165417367751636E-005  1.117865027556952E-005  1.085400313036415E-005  1.035246815793973E-005  1.000572433505733E-005  9.459905421044954E-006  9.072047584869934E-006  8.868128899897851E-006  8.655571310922047E-006  8.432160083827260E-006  8.194658537647202E-006  7.938046568072777E-006  7.326205713980439E-006  6.918707527915051E-006  6.313447682343941E-006
   717.000100449492       2.184052519035548E-005  2.069492703769276E-005  1.950141641370389E-005  1.825619923440795E-005  1.695534054729697E-005  1.559474354546933E-005  1.416941255490502E-005  1.342991045522009E-005  1.266975611525913E-005  1.188465424659589E-005  1.139844124546679E-005  1.106632015159295E-005  1.055301626396688E-005  1.019803147967636E-005  9.639222398705609E-006  9.242271366824028E-006  9.033677547396004E-006  8.816363171987395E-006  8.588120780707291E-006  8.345726549794439E-006  8.084182849751217E-006  7.462560659006387E-006  7.050459450786599E-006  6.441340938668395E-006
   719.000100729685       2.117007394090745E-005  2.006949277720763E-005  1.892465928360575E-005  1.773204141828212E-005  1.648787734602812E-005  1.518805011525913E-005  1.382717229875843E-005  1.312099357648266E-005  1.239464358090855E-005  1.164358479136762E-005  1.117779541205564E-005  1.085924874938932E-005  1.036618868204217E-005  1.002458101160032E-005  9.485556043963774E-006  9.101504524081374E-006  8.899229926002746E-006  8.688116549516673E-006  8.465922084388956E-006  8.229373450125791E-006  7.973400915556533E-006  7.361595867776885E-006  6.953284249144975E-006  6.346717305889186E-006
   721.000101009879       2.167241837539806E-005  2.054136420451142E-005  1.936298492980789E-005  1.813347662247101E-005  1.684887090678586E-005  1.550506184522801E-005  1.409705064400248E-005  1.336641565263802E-005  1.261526618316715E-005  1.183929643256590E-005  1.135860508324158E-005  1.103016893309788E-005  1.052236631056530E-005  1.017100035601012E-005  9.617455219039014E-006  9.223810879891890E-006  9.016771199038940E-006  8.800918480097743E-006  8.574016777797826E-006  8.332803498962744E-006  8.072226474861500E-006  7.451536409717095E-006  7.039088015469875E-006  6.428698285468936E-006
   723.000101290073       2.211509439280393E-005  2.096742446220995E-005  1.977082185335266E-005  1.852121392713304E-005  1.721430470856430E-005  1.584553629980132E-005  1.440930358659308E-005  1.366308129342463E-005  1.289519108606038E-005  1.210118408123271E-005  1.160898478451010E-005  1.127257313182660E-005  1.075233479169603E-005  1.039236038390110E-005  9.825440513561917E-006  9.422606261147025E-006  9.210908318445244E-006  8.990370537682028E-006  8.758775397180098E-006  8.512887344291363E-006  8.247695553916866E-006  7.618262423793349E-006  7.201995864022076E-006  6.588652603188137E-006
   725.000101570267       2.216603400118573E-005  2.101299788018309E-005  1.981066567719349E-005  1.855498680719825E-005  1.724173005499798E-005  1.586645710235144E-005  1.442380602845246E-005  1.367453049544824E-005  1.290378364977607E-005  1.210719161648624E-005  1.161359901706486E-005  1.127632759670430E-005  1.075489711546916E-005  1.039417888217600E-005  9.826166157509779E-006  9.422552603002397E-006  9.210419041335019E-006  8.989391454727254E-006  8.757224355329792E-006  8.510640610584212E-006  8.244563921863600E-006  7.612260094784387E-006  7.193362921931733E-006  6.575137180245245E-006
   727.000101850461       2.224442272603907E-005  2.108844307150144E-005  1.988328681743941E-005  1.862498646852013E-005  1.730939466576994E-005  1.593217964815214E-005  1.448811953914373E-005  1.373838417624772E-005  1.296736510702882E-005  1.217071044343582E-005  1.167719173555505E-005  1.134002231019106E-005  1.081883426381514E-005  1.045834697695750E-005  9.890809149734037E-006  9.487620099456296E-006  9.275738784996136E-006  9.054994311875242E-006  8.823144895133482E-006  8.576916780124462E-006  8.311235316200213E-006  7.679802864511155E-006  7.261271411091923E-006  6.643019446386268E-006
   729.000102130655       2.172285853674096E-005  2.060797641304015E-005  1.944683811980077E-005  1.823564290738376E-005  1.697037353184635E-005  1.564666000985626E-005  1.425886013009206E-005  1.353800804255962E-005  1.279612685020923E-005  1.202862269119644E-005  1.155249288196148E-005  1.122683773673755E-005  1.072276765056216E-005  1.037356753297483E-005  9.822729662626352E-006  9.430483754399477E-006  9.224002861094278E-006  9.008601967880650E-006  8.782029143806146E-006  8.540997403978771E-006  8.280414117944518E-006  7.658787374973078E-006  7.244932783664756E-006  6.631461861235171E-006
   731.000102410849       2.218327664574693E-005  2.103701942313033E-005  1.984216970218725E-005  1.859482503213509E-005  1.729094471643654E-005  1.592626226699250E-005  1.449556349209426E-005  1.375278767879806E-005  1.298887246969476E-005  1.219940948826805E-005  1.171022142563828E-005  1.137593437756022E-005  1.085903928223971E-005  1.050137827589364E-005  9.937981651165653E-006  9.537440395534866E-006  9.326829227918490E-006  9.107304749159845E-006  8.876608598435277E-006  8.631443556049408E-006  8.366698075736337E-006  7.736468602628594E-006  7.317872458719255E-006  6.698416187669147E-006
   733.000102691042       2.207418325180078E-005  2.093749831715914E-005  1.975287358395319E-005  1.851644636758569E-005  1.722425806359414E-005  1.587207010868725E-005  1.445466320015114E-005  1.371880631760476E-005  1.296195139187055E-005  1.217966623480349E-005  1.169481742122386E-005  1.136343011082683E-005  1.085087848465103E-005  1.049610190272870E-005  9.936986754661050E-006  9.539243203179957E-006  9.330003015663957E-006  9.111823477917476E-006  8.882438684482721E-006  8.638540011737500E-006  8.375002103016729E-006  7.746924496451700E-006  7.329199240672816E-006  6.710367756904744E-006
   735.000102971236       2.224342326226115E-005  2.109549486899858E-005  1.989903219337571E-005  1.865014934620893E-005  1.734484446330473E-005  1.597895249636756E-005  1.454733175028021E-005  1.380423830870603E-005  1.304009700715887E-005  1.225047177318433E-005  1.176119729190561E-005  1.142684339418762E-005  1.090981103139928E-005  1.055200855695997E-005  9.988262244373882E-006  9.587327366901089E-006  9.376442296042149E-006  9.156570452191769E-006  8.925430349867557E-006  8.679688500158041E-006  8.414179442608255E-006  7.781430554887896E-006  7.360553029037436E-006  6.736885477759910E-006
   737.000103251430       2.251821453800192E-005  2.136386753153446E-005  2.015998895294388E-005  1.890246142236422E-005  1.758696594233515E-005  1.620898750489123E-005  1.476283413504771E-005  1.401135047295750E-005  1.323793400935272E-005  1.243805911781603E-005  1.194211081126687E-005  1.160307427363487E-005  1.107864972332801E-005  1.071566947710131E-005  1.014378182844383E-005  9.737197446376686E-006  9.523438289368481E-006  9.300675269220312E-006  9.066646698890495E-006  8.818050869409362E-006  8.549776513876266E-006  7.912227601298866E-006  7.489901274182482E-006  6.866746859603147E-006
   739.000103531624       2.206827589481160E-005  2.095130898222382E-005  1.978685129014613E-005  1.857092939624453E-005  1.729921819730435E-005  1.596693764887793E-005  1.456802508924344E-005  1.384047307887165E-005  1.309101857193967E-005  1.231493202350490E-005  1.183309662039659E-005  1.150337776585905E-005  1.099276818756463E-005  1.063887423657703E-005  1.008039525493221E-005  9.682567410937771E-006  9.473115903252010E-006  9.254602080994803E-006  9.024750657139848E-006  8.780240996818027E-006  8.515930444497423E-006  7.885715800091043E-006  7.466534637107041E-006  6.845866680647935E-006
   741.000103811818       2.190694756333290E-005  2.080873815477473E-005  1.966318422114611E-005  1.846626994435161E-005  1.721336397904108E-005  1.589949076558308E-005  1.451814576962426E-005  1.379889178592971E-005  1.305728799248375E-005  1.228850792948647E-005  1.181074466447199E-005  1.148358987105693E-005  1.097657316719821E-005  1.062487615611989E-005  1.006933401720081E-005  9.673166794937683E-006  9.464432203473151E-006  9.246547043607606E-006  9.017217673584558E-006  8.773102348961590E-006  8.509028591401959E-006  7.878610724330388E-006  7.458798958017824E-006  6.836869258577146E-006
   743.000104092012       2.234188176042300E-005  2.121699136126041E-005  2.004326153752383E-005  1.881652622517382E-005  1.753215850260029E-005  1.618518454217494E-005  1.476920631252440E-005  1.403210624963173E-005  1.327236744369967E-005  1.248519855610009E-005  1.199629654176423E-005  1.166167821522842E-005  1.114340718516166E-005  1.078418387068642E-005  1.021733948740305E-005  9.813656464994823E-006  9.601182894288966E-006  9.379577141717839E-006  9.146555428393239E-006  8.898785601276244E-006  8.631108053511157E-006  7.993678062454320E-006  7.570406677605085E-006  6.944521315862313E-006
   745.000104372205       2.238780091710760E-005  2.125910345214302E-005  2.008161776956558E-005  1.885128888421570E-005  1.756375785005207E-005  1.621424295960721E-005  1.479660167333234E-005  1.405912750747191E-005  1.329941428210553E-005  1.251269612931652E-005  1.202429418810362E-005  1.169010169440589E-005  1.117261856213135E-005  1.081400780904306E-005  1.024819773448481E-005  9.845257782593904E-006  9.633161612671975E-006  9.411930337801772E-006  9.179273947205039E-006  8.931853008170574E-006  8.664496564479455E-006  8.027564533993781E-006  7.604421978130554E-006  6.978542660398573E-006
   747.000104652399       2.265992191371204E-005  2.151496955484009E-005  2.031978805786708E-005  1.906997475776575E-005  1.776127514944346E-005  1.638877727534165E-005  1.494660769311627E-005  1.419643832110784E-005  1.342379131673342E-005  1.262404031957974E-005  1.212778490393358E-005  1.178835127536163E-005  1.126299184483483E-005  1.089911089086447E-005  1.032532994528807E-005  9.916996990897730E-006  9.702166429068861E-006  9.478165085590800E-006  9.242691181946595E-006  8.992387212194994E-006  8.722055409603355E-006  8.078647889895936E-006  7.651659157706416E-006  7.020559919790612E-006
   749.000104932593       2.253553799827001E-005  2.140249290679608E-005  2.022009269096920E-005  1.898420403698846E-005  1.769050262207631E-005  1.633419512579421E-005  1.490931679708182E-005  1.416809177876278E-005  1.340449297154597E-005  1.261375634193970E-005  1.212283699344974E-005  1.178690950558001E-005  1.126670477997986E-005  1.090617901696224E-005  1.033727219624973E-005  9.932058092245687E-006  9.718738614011512E-006  9.496210920890933E-006  9.262166543037144E-006  9.013238023229127E-006  8.744212224975139E-006  8.103090924179122E-006  7.676938276302652E-006  7.046159392999556E-006
   751.000105212787       2.271360285215423E-005  2.157706342490309E-005  2.039043492360889E-005  1.914946298108638E-005  1.784947438312808E-005  1.648548405285589E-005  1.505117283983977E-005  1.430443278043152E-005  1.353471958916325E-005  1.273719124352223E-005  1.224183936208987E-005  1.190278667449525E-005  1.137763061902360E-005  1.101360864064546E-005  1.043914908700312E-005  1.003002913694584E-005  9.814699860894765E-006  9.590133268384011E-006  9.354032698375824E-006  9.103051176652232E-006  8.832013372047196E-006  8.187348260538054E-006  7.760145892364570E-006  7.129960589277433E-006
   753.000105492981       2.288898604748560E-005  2.174686911428794E-005  2.055375338035288E-005  1.930521351374822E-005  1.799646573892922E-005  1.662216845245023E-005  1.517575667401497E-005  1.442224024064779E-005  1.364526318971304E-005  1.283997064082123E-005  1.233972565734927E-005  1.199732383863893E-005  1.146698037116841E-005  1.109939282926330E-005  1.051941749817727E-005  1.010648508650309E-005  9.889203384913845E-006  9.662647616263290E-006  9.424515812282667E-006  9.171452436049435E-006  8.898269465446245E-006  8.249014547157553E-006  7.819236782671508E-006  7.185988568014855E-006
   755.000105773175       2.304120582486672E-005  2.189267299091946E-005  2.069284060006463E-005  1.943710807302729E-005  1.812064169461618E-005  1.673806757380656E-005  1.528273675534305E-005  1.452450907088483E-005  1.374262617358431E-005  1.293222111342245E-005  1.242879296610619E-005  1.208420621951405E-005  1.155050090592860E-005  1.118060414482055E-005  1.059704140418256E-005  1.018163533224465E-005  9.963090341097568E-006  9.735251923744311E-006  9.495816581607918E-006  9.241429068437757E-006  8.966896200047333E-006  8.314823641981446E-006  7.883490364148318E-006  7.248212538490043E-006
   757.000106053368       2.289227623261559E-005  2.175686987024369E-005  2.057105538516529E-005  1.933040245678516E-005  1.803018775892457E-005  1.666501057337228E-005  1.522810752927277E-005  1.447939608034061E-005  1.370712335186892E-005  1.290635457662623E-005  1.240866123749638E-005  1.206786625202432E-005  1.153977408790111E-005  1.117355731590621E-005  1.059538455943232E-005  1.018344815236059E-005  9.966587467514167E-006  9.740390051829031E-006  9.502541890918466E-006  9.249671577772421E-006  8.976563072415385E-006  8.326890176888271E-006  7.896352107448072E-006  7.261293464133314E-006
   759.000106333562       2.290880237399626E-005  2.177332485475771E-005  2.058720348457154E-005  1.934602749007813E-005  1.804498883821093E-005  1.667877946780368E-005  1.524073335884199E-005  1.449142975218688E-005  1.371856432914876E-005  1.291720184326553E-005  1.241916423935587E-005  1.207814600626633E-005  1.154971556026638E-005  1.118326546128235E-005  1.060470759910315E-005  1.019247014128615E-005  9.975433254698633E-006  9.749032859317900E-006  9.510944600635889E-006  9.257777921036761E-006  8.984288339544936E-006  8.333321963282127E-006  7.901479335512478E-006  7.263570274234761E-006
   761.000106613756       2.291039034370605E-005  2.178106294094554E-005  2.060157675925662E-005  1.936743927992688E-005  1.807387628672873E-005  1.671543448387967E-005  1.528515375600573E-005  1.453958864437501E-005  1.377025095500748E-005  1.297207884913930E-005  1.247574436496375E-005  1.213574927972424E-005  1.160867064168438E-005  1.124298913944562E-005  1.066536506515317E-005  1.025358822987798E-005  1.003672838759860E-005  9.810466172291998E-006  9.572471791868250E-006  9.319349274302201E-006  9.045841822333608E-006  8.394551248370269E-006  7.962258750102410E-006  7.323304907749600E-006
   763.000106893950       2.314690150321333E-005  2.200639165122304E-005  2.081438202316706E-005  1.956608188945625E-005  1.825649427121342E-005  1.688002728768466E-005  1.542966265569968E-005  1.467333132294985E-005  1.389283750722069E-005  1.308320099400425E-005  1.257987624204641E-005  1.223518971533569E-005  1.170102500805791E-005  1.133058231748626E-005  1.074574822363724E-005  1.032909983200358E-005  1.010977922322163E-005  9.881035745184010E-006  9.640538063161291E-006  9.384887402137699E-006  9.108826188793672E-006  8.452359270188533E-006  8.017462977270814E-006  7.375923606730092E-006
   765.000107174144       2.317259856744682E-005  2.203675515882193E-005  2.084934518622840E-005  1.960561967515705E-005  1.830045611217960E-005  1.692811892373171E-005  1.548137130775104E-005  1.472653692862650E-005  1.394724000770600E-005  1.313843232857734E-005  1.263538479515504E-005  1.229077319096205E-005  1.175654411629018E-005  1.138592839290221E-005  1.080061323682344E-005  1.038348000604342E-005  1.016386183720009E-005  9.934781728558352E-006  9.693904971303917E-006  9.437829949290152E-006  9.161296364415624E-006  8.503724089665226E-006  8.068174463058159E-006  7.425798936750524E-006
   767.000107454338       2.240370422971726E-005  2.131462215876805E-005  2.017736111363942E-005  1.898762125525343E-005  1.774070393587670E-005  1.643126789244177E-005  1.505230215798121E-005  1.433319849514965E-005  1.359081059250290E-005  1.282003597601591E-005  1.234032867608664E-005  1.201149356921320E-005  1.150125282133475E-005  1.114684643330466E-005  1.058616477489968E-005  1.018564022423110E-005  9.974364533677029E-006  9.753636193917332E-006  9.521099829305693E-006  9.273321172765057E-006  9.004986592394258E-006  8.363083228195500E-006  7.934483238685436E-006  7.297274607136058E-006
   769.000107734532       2.325624897209764E-005  2.212429265992026E-005  2.094040483102095E-005  1.969980163347608E-005  1.839722638248444E-005  1.702680109033604E-005  1.558104005351386E-005  1.482626313994326E-005  1.404666297601161E-005  1.323712833800566E-005  1.273341432700416E-005  1.238825416004972E-005  1.185303829779335E-005  1.148164727314734E-005  1.089498418570233E-005  1.047681776372379E-005  1.025663675091970E-005  1.002695841289864E-005  9.785442243932840E-006  9.528677604742957E-006  9.251388252077906E-006  8.591969109655298E-006  8.155136609987132E-006  7.510633151483590E-006
   771.000108014725       2.293660264162672E-005  2.182100727454541E-005  2.065501040105626E-005  1.943397525289121E-005  1.815283391989898E-005  1.680588836179856E-005  1.538580620561080E-005  1.464473860720171E-005  1.387944412665214E-005  1.308481264243390E-005  1.259031900960669E-005  1.225141622261331E-005  1.172573077114085E-005  1.136077172193957E-005  1.078381127716596E-005  1.037208062957365E-005  1.015507666648600E-005  9.928524488977106E-006  9.690056217036713E-006  9.436220432699787E-006  9.161677128279124E-006  8.506682128026994E-006  8.070894367509332E-006  7.425172246918938E-006
   773.000108294919       2.314771444174588E-005  2.202294777425526E-005  2.084737726851230E-005  1.961638062910213E-005  1.832486465925471E-005  1.696710000097200E-005  1.553565031211666E-005  1.478861055374594E-005  1.401707297547469E-005  1.321582618856064E-005  1.271713416119678E-005  1.237531726287122E-005  1.184506051917598E-005  1.147690341603620E-005  1.089488436972076E-005  1.047958222278108E-005  1.026072459489812E-005  1.003226823639396E-005  9.791840177585686E-006  9.535980697469538E-006  9.259336786450237E-006  8.599792096453937E-006  8.161397998886657E-006  7.512506685147369E-006
   775.000108575113       2.293289642178828E-005  2.182864360091648E-005  2.067432981750304E-005  1.946529445420348E-005  1.819634260337029E-005  1.686155417872962E-005  1.545322721856506E-005  1.471769084801720E-005  1.395754422511124E-005  1.316753085462059E-005  1.267548545377623E-005  1.233805415061691E-005  1.181430468403729E-005  1.145043477599580E-005  1.087476337976779E-005  1.046363014472119E-005  1.024683462038268E-005  1.002042341196947E-005  9.782021269721282E-006  9.528166524823157E-006  9.253503994261983E-006  8.597852628923979E-006  8.161390660971136E-006  7.514507965243628E-006
   777.000108855307       2.358747291758981E-005  2.245140811839517E-005  2.126150972450701E-005  2.001270853957228E-005  1.869940326945807E-005  1.731533156524843E-005  1.585260374254617E-005  1.508796674735326E-005  1.429750857515488E-005  1.347604559357199E-005  1.296461589064729E-005  1.261405748737420E-005  1.207032187616169E-005  1.169293609571048E-005  1.109672015693332E-005  1.067173055190949E-005  1.044797009415946E-005  1.021457829311939E-005  9.969190511676468E-006  9.708360444569968E-006  9.426755520187998E-006  8.757463273454295E-006  8.314391887587401E-006  7.660875189644913E-006
   779.000109135501       2.353663640032821E-005  2.240107750785292E-005  2.121267718755309E-005  1.996644009603328E-005  1.865690415294679E-005  1.727792134094819E-005  1.582171591068464E-005  1.506090807286102E-005  1.427465749499213E-005  1.345775772996316E-005  1.294920975939944E-005  1.260061755160875E-005  1.205986454457865E-005  1.168446329775813E-005  1.109114905029075E-005  1.066798261699505E-005  1.044507750963572E-005  1.021248893120604E-005  9.967837367951604E-006  9.707657032469452E-006  9.426589202714117E-006  8.757872707970329E-006  8.314719139002341E-006  7.660807835920043E-006
   781.000109415695       2.352590943831751E-005  2.239569553043913E-005  2.121331933452132E-005  1.997384508076704E-005  1.867184258141825E-005  1.730109693822150E-005  1.585360201259649E-005  1.509717568027835E-005  1.431520665029088E-005  1.350237050911595E-005  1.299610928544449E-005  1.264896658818610E-005  1.211026611442869E-005  1.173615096947771E-005  1.114464993997727E-005  1.072262591488602E-005  1.050027659672858E-005  1.026823668728181E-005  1.002412963799533E-005  9.764493281932362E-006  9.483972915840913E-006  8.816373402571077E-006  8.373771053754107E-006  7.720282894597239E-006
   783.000109695888       2.328308629824123E-005  2.217188792322336E-005  2.100941122932682E-005  1.979079738501197E-005  1.851065601208126E-005  1.716281033241804E-005  1.573922031107856E-005  1.499510532408865E-005  1.422566430857915E-005  1.342555900889540E-005  1.292702642435536E-005  1.258506856321109E-005  1.205418890267188E-005  1.168530760973126E-005  1.110165902773536E-005  1.068483573173803E-005  1.046505986315312E-005  1.023556234752769E-005  9.993951425187362E-006  9.736742674932811E-006  9.458547258282050E-006  8.795029793797862E-006  8.353900658164451E-006  7.700927330821984E-006
   785.000109976082       2.343223852269513E-005  2.231299373857639E-005  2.114176498431747E-005  1.991365705137369E-005  1.862327941789566E-005  1.726448259673172E-005  1.582930725201440E-005  1.507919685464688E-005  1.430364077229944E-005  1.349730431576526E-005  1.299497551390402E-005  1.265046219747328E-005  1.211570681266077E-005  1.174421113922782E-005  1.115658093844314E-005  1.073704518339670E-005  1.051588525800997E-005  1.028497597451709E-005  1.004191290612415E-005  9.783189979771253E-006  9.503379448780316E-006  8.835935113077442E-006  8.391899623913924E-006  7.733705549592585E-006
   787.000110256276       2.370593820131186E-005  2.256894343887881E-005  2.137899138729969E-005  2.013120214377950E-005  1.882022105610753E-005  1.744004891508119E-005  1.598301559068211E-005  1.522193353153547E-005  1.443547664454103E-005  1.361839098817865E-005  1.310971464156094E-005  1.276101807930532E-005  1.222006439798725E-005  1.184448764998747E-005  1.125081323382805E-005  1.082730612592173E-005  1.060418369850319E-005  1.037133330299785E-005  1.012635910336932E-005  9.865769062010076E-006  9.584159905724953E-006  8.913541248096986E-006  8.468415234204950E-006  7.810198066754809E-006
   789.000110536470       2.352279647837125E-005  2.238959665600606E-005  2.120462952498563E-005  1.996333277521569E-005  1.866088247762688E-005  1.729186897040722E-005  1.584942507512814E-005  1.509721064380152E-005  1.432083873559092E-005  1.351518625700429E-005  1.301407500710235E-005  1.267073648745801E-005  1.213831718760117E-005  1.176877309395784E-005  1.118466960614528E-005  1.076786845378220E-005  1.054817813695725E-005  1.031879367035470E-005  1.007729337606257E-005  9.820141820483906E-006  9.541859372068930E-006  8.876840876243433E-006  8.433007473477278E-006  7.772656658699131E-006
   791.000110816664       2.316708722999329E-005  2.205347594543178E-005  2.089024372010622E-005  1.967314447601804E-005  1.839760523351765E-005  1.705852411732908E-005  1.564920666714923E-005  1.491475357038926E-005  1.415690612677488E-005  1.337048661761173E-005  1.288122226157388E-005  1.254589603776963E-005  1.202564084437947E-005  1.166428111964490E-005  1.109249522463183E-005  1.068385346271589E-005  1.046818988785119E-005  1.024276852230856E-005  1.000513394255753E-005  9.751700199731106E-006  9.476908393872485E-006  8.817560452405156E-006  8.375199582890804E-006  7.714067856324076E-006
   793.000111096858       2.285313487155762E-005  2.177290972319763E-005  2.064443505844428E-005  1.946345593325510E-005  1.822529583099994E-005  1.692454385090782E-005  1.555386077076044E-005  1.483851249380888E-005  1.409937536696914E-005  1.333104639959439E-005  1.285224188509176E-005  1.252369364147202E-005  1.201328076813164E-005  1.165825168304348E-005  1.109560012366807E-005  1.069280922676194E-005  1.048000513151727E-005  1.025740626755388E-005  1.002256725582265E-005  9.771920377964678E-006  9.499939399998489E-006  8.846608779241979E-006  8.407916646832321E-006  7.752123004094333E-006
   795.000111377051       2.280563505906319E-005  2.171933038401057E-005  2.058543738433031E-005  1.939995622409627E-005  1.815856135684862E-005  1.685632008584122E-005  1.548652595135442E-005  1.477275001854259E-005  1.403607681337655E-005  1.327120468659658E-005  1.279498623160954E-005  1.246838228589072E-005  1.196121501331174E-005  1.160856012469205E-005  1.104973968461236E-005  1.064961618984172E-005  1.043814625080279E-005  1.021685354135572E-005  9.983257566684619E-006  9.733734868265352E-006  9.462666833356523E-006  8.809714252988829E-006  8.369424775882356E-006  7.708247226312843E-006
   797.000111657245       2.356336861124274E-005  2.243982635281936E-005  2.126508498662317E-005  2.003469511329814E-005  1.874374057572354E-005  1.738676296948373E-005  1.595659931981471E-005  1.521044647487946E-005  1.443993242143968E-005  1.363977163955441E-005  1.314169175433170E-005  1.280022928516422E-005  1.227035239007248E-005  1.190228293585170E-005  1.131997384439135E-005  1.090401806623873E-005  1.068461864694743E-005  1.045542030118278E-005  1.021398410522179E-005  9.956750738590122E-006  9.678206844188627E-006  9.011889982905537E-006  8.566781453608377E-006  7.904311278743976E-006
   799.000111937439       2.355819391642522E-005  2.243347769828949E-005  2.125774497567060E-005  2.002660402694389E-005  1.873530285246213E-005  1.737852932405796E-005  1.594932519317259E-005  1.520401056520247E-005  1.443461408234440E-005  1.363588431499961E-005  1.313882309338331E-005  1.279810703817014E-005  1.226944345383955E-005  1.190223836906241E-005  1.132127433833624E-005  1.090620140469886E-005  1.068721676125583E-005  1.045839756367346E-005  1.021728241223537E-005  9.960278397364491E-006  9.681817076371166E-006  9.014763174878493E-006  8.568261169680561E-006  7.902370325775330E-006
   801.000112217633       2.339693551615157E-005  2.229255638870636E-005  2.113779490806264E-005  1.992817127757433E-005  1.865874805824402E-005  1.732393062550984E-005  1.591628892832902E-005  1.518139445619312E-005  1.442201471210803E-005  1.363275588752996E-005  1.314104670648278E-005  1.280373546903285E-005  1.227990781216044E-005  1.191572646088028E-005  1.133896696963680E-005  1.092646422616105E-005  1.070869435240404E-005  1.048104569747630E-005  1.024106393377039E-005  9.985168672322981E-006  9.707817386672418E-006  9.043261135212175E-006  8.598552603327404E-006  7.935913912974056E-006
   803.000112497827       2.351850142602565E-005  2.241129848045400E-005  2.125327337808878E-005  2.003973120687875E-005  1.876555815326257E-005  1.742488326736921E-005  1.600995209613125E-005  1.527077663127622E-005  1.450664103638752E-005  1.371212243850200E-005  1.321700293927669E-005  1.287731199172305E-005  1.234974407750514E-005  1.198295023515470E-005  1.140207317099607E-005  1.098667119550804E-005  1.076739571591879E-005  1.053819648003179E-005  1.029660892039556E-005  1.003903813166419E-005  9.759916770571901E-006  9.091315923922766E-006  8.644030557841966E-006  7.977633074664911E-006
   805.000112778021       2.334057908497567E-005  2.224664897728592E-005  2.110277586383569E-005  1.990442681848633E-005  1.864655195972610E-005  1.732339288018319E-005  1.592714126883856E-005  1.519766724122100E-005  1.444341160841828E-005  1.365883636109416E-005  1.316967830003456E-005  1.283393317242679E-005  1.231222912668887E-005  1.194929054328948E-005  1.137408935548434E-005  1.096237962696851E-005  1.074491784400466E-005  1.051750821201006E-005  1.027768542622313E-005  1.002185416736071E-005  9.744450336313066E-006  9.079272256805476E-006  8.633794512789761E-006  7.969551603856375E-006
   807.000113058214       2.355746558512714E-005  2.244443714394746E-005  2.128082859109093E-005  2.006222648152462E-005  1.878370800443263E-005  1.743977839863761E-005  1.602307256182996E-005  1.528368291101123E-005  1.451986649366413E-005  1.372621377096306E-005  1.323187989655137E-005  1.289281861036646E-005  1.236633517852247E-005  1.200034009779001E-005  1.142071176717076E-005  1.100609657931383E-005  1.078716376140438E-005  1.055824206909079E-005  1.031683108508129E-005  1.005927786607329E-005  9.779920173266147E-006  9.109242616771083E-006  8.658999518741016E-006  7.985544788317544E-006
   809.000113338408       2.313757330564861E-005  2.205263913712376E-005  2.091934224817117E-005  1.973358350099361E-005  1.849067372180248E-005  1.718533894113865E-005  1.581039855481256E-005  1.509307718009750E-005  1.435209681948868E-005  1.358202682372054E-005  1.310220618504513E-005  1.277297441703409E-005  1.226148653093935E-005  1.190566895979889E-005  1.134160823664125E-005  1.093759571824263E-005  1.072403677806626E-005  1.050054200033723E-005  1.026461183047687E-005  1.001259564167528E-005  9.738834014286288E-006  9.079552580537775E-006  8.635186455202550E-006  7.968177230775976E-006
   811.000113618602       2.338680860994358E-005  2.228200802353581E-005  2.112802607347653E-005  1.992077669586148E-005  1.865589103138387E-005  1.732852434739218E-005  1.593213900861706E-005  1.520460933608722E-005  1.445392032688293E-005  1.367478651310121E-005  1.318987304776847E-005  1.285740376287389E-005  1.234129937502085E-005  1.198256656491834E-005  1.141437163412867E-005  1.100775216034428E-005  1.079292918129749E-005  1.056819115086344E-005  1.033103287096604E-005  1.007779346124720E-005  9.802792013671397E-006  9.140758181043107E-006  8.694515618559078E-006  8.024208852632061E-006
   813.000113898796       2.369833086956993E-005  2.258141806499108E-005  2.141367214777337E-005  2.019075953037877E-005  1.890797062770521E-005  1.756018142138276E-005  1.614053360715259E-005  1.540023019832124E-005  1.463597059314443E-005  1.384243104270049E-005  1.334845859558680E-005  1.300977146249787E-005  1.248405820320012E-005  1.211872642128458E-005  1.154034560755579E-005  1.112676226612212E-005  1.090842048933427E-005  1.068015154180006E-005  1.043946848833504E-005  1.018273812238498E-005  9.904328068731000E-006  9.236139413962435E-006  8.787672796146693E-006  8.116849046048186E-006
   815.000114178990       2.367711095734501E-005  2.256625175857263E-005  2.140490399802578E-005  2.018869768409116E-005  1.891293500196406E-005  1.757234317019743E-005  1.615987740250337E-005  1.542302119720090E-005  1.466202296243771E-005  1.387148649733490E-005  1.337914608396751E-005  1.304146170995446E-005  1.251711095414724E-005  1.215258132173858E-005  1.157522554113036E-005  1.116219690325268E-005  1.094409070694510E-005  1.071602978709879E-005  1.047552508407271E-005  1.021894451012187E-005  9.940657088061545E-006  9.272665035558216E-006  8.824332486700363E-006  8.153850814295288E-006
   817.000114459184       2.372511408955439E-005  2.261600003770229E-005  2.145609797043606E-005  2.024093012499243E-005  1.896565923422965E-005  1.762480913409773E-005  1.621113825440464E-005  1.547329454568822E-005  1.471105052521152E-005  1.391900014983615E-005  1.342563293885937E-005  1.308721893332551E-005  1.256171028910091E-005  1.219636457439721E-005  1.161772099365065E-005  1.120378445513702E-005  1.098520530793860E-005  1.075665555318403E-005  1.051564412606969E-005  1.025853430044631E-005  9.979690220439918E-006  9.310478854212629E-006  8.861479586463699E-006  8.190326176793818E-006
   819.000114739378       2.275496920480955E-005  2.171297939736754E-005  2.062456243585361E-005  1.948562057994744E-005  1.829160704703250E-005  1.703721545303747E-005  1.571500692848081E-005  1.502454899479461E-005  1.431059533009789E-005  1.356756547135155E-005  1.310389878668912E-005  1.278538098315310E-005  1.228985152854901E-005  1.194457346482116E-005  1.139612525010256E-005  1.100234979199722E-005  1.079384429524023E-005  1.057535198066707E-005  1.034436774911524E-005  1.009723668970590E-005  9.828297239108050E-006  9.178514860122586E-006  8.738902497866209E-006  8.076689041124923E-006
   821.000115019571       2.320777630326537E-005  2.214422546478867E-005  2.103219163804118E-005  1.986723174466322E-005  1.864427828793090E-005  1.735745440492225E-005  1.599865916880637E-005  1.528813898191214E-005  1.455281226800420E-005  1.378698632296652E-005  1.330888971426631E-005  1.298040960171208E-005  1.246936627583356E-005  1.211332574830531E-005  1.154799580274615E-005  1.114237602067962E-005  1.092773182365532E-005  1.070292759442276E-005  1.046542530116459E-005  1.021151977645894E-005  9.935470354600528E-006  9.269781382492551E-006  8.820499318531639E-006  8.145357657450999E-006
   823.000115299765       2.334351521003079E-005  2.227728684173037E-005  2.116202965909426E-005  1.999320376785504E-005  1.876575942712116E-005  1.747372533228294E-005  1.610903180868019E-005  1.539529616992567E-005  1.465659102062599E-005  1.388721744930581E-005  1.340690546004071E-005  1.307691454507310E-005  1.256355302892957E-005  1.220594175164572E-005  1.163825853153774E-005  1.123113850815876E-005  1.101580108307470E-005  1.079037139264448E-005  1.055235068792618E-005  1.029809522093548E-005  1.002196553524385E-005  9.357820134195203E-006  8.911337364524042E-006  8.243256456159381E-006
   825.000115579959       2.371776634745693E-005  2.262943856626204E-005  2.149017934942694E-005  2.029519959243938E-005  1.903923271571358E-005  1.771613500831796E-005  1.631774788041956E-005  1.558624034726328E-005  1.482920182445484E-005  1.404100914487637E-005  1.354920937268625E-005  1.321148935924275E-005  1.268643131760762E-005  1.232095371017379E-005  1.174135471865194E-005  1.132618364791682E-005  1.110677245439089E-005  1.087722331671688E-005  1.063501828432909E-005  1.037648247777625E-005  1.009592279369757E-005  9.421949779553239E-006  8.969317388153758E-006  8.292118797797874E-006
   827.000115860153       2.403223935975595E-005  2.292621443996031E-005  2.176822373264270E-005  2.055341714008407E-005  1.927651042899056E-005  1.793136375193656E-005  1.650988813714822E-005  1.576648389828644E-005  1.499734437812469E-005  1.419687566611281E-005  1.369763263216864E-005  1.335491579926714E-005  1.282232355621686E-005  1.245179845881943E-005  1.186462460491895E-005  1.144444379537436E-005  1.122256264938941E-005  1.099058653797861E-005  1.074602157488937E-005  1.048523190809018E-005  1.020258781759125E-005  9.525509481984524E-006  9.072562088569971E-006  8.397532639088120E-006
   829.000116140347       2.396491522786392E-005  2.286502727400078E-005  2.171352234997375E-005  2.050557977789370E-005  1.923588900834823E-005  1.789832348681718E-005  1.648478237239695E-005  1.574548581117413E-005  1.498055906427844E-005  1.418440870051276E-005  1.368781442881724E-005  1.334688613627775E-005  1.281701311312245E-005  1.244832199346599E-005  1.186391023862296E-005  1.144555470647970E-005  1.122456907306193E-005  1.099346644998028E-005  1.074974083956647E-005  1.048973691678908E-005  1.020779358602323E-005  9.531588999321317E-006  9.078457219792477E-006  8.401950041175156E-006
   831.000116420541       2.345177869417758E-005  2.237931421638912E-005  2.125826515335680E-005  2.008431524870893E-005  1.885268162109857E-005  1.755775499103430E-005  1.619177412025876E-005  1.547809008077908E-005  1.473992170821811E-005  1.397156911030914E-005  1.349209451074417E-005  1.316274575371484E-005  1.265046079791414E-005  1.229361969102559E-005  1.172709325492639E-005  1.132064011716240E-005  1.110555077120179E-005  1.088026842344262E-005  1.064223729313352E-005  1.038772484589852E-005  1.011094243763964E-005  9.442960102440219E-006  8.991483983776283E-006  8.311722608944099E-006
   833.000116700734       2.329618361544911E-005  2.223574804569184E-005  2.112687399992434E-005  1.996529715497762E-005  1.874621980258076E-005  1.746409428073133E-005  1.611125835770758E-005  1.540435620744092E-005  1.467317672890287E-005  1.391208643971125E-005  1.343713705932344E-005  1.311088976430456E-005  1.260340254030544E-005  1.224987657648865E-005  1.168854435419093E-005  1.128575377758794E-005  1.107257964423573E-005  1.084928716516285E-005  1.061334418160694E-005  1.036105415512022E-005  1.008668754213009E-005  9.424621617015503E-006  8.977244678257875E-006  8.303466543832066E-006
   835.000116980928       2.360128277977692E-005  2.252668597451109E-005  2.140279858866484E-005  2.022513673745147E-005  1.898873985836775E-005  1.768779939513807E-005  1.631439030475702E-005  1.559643764014187E-005  1.485363917576975E-005  1.408031304298137E-005  1.359769927934144E-005  1.326619334353057E-005  1.275057317518540E-005  1.239143626121908E-005  1.182134024878171E-005  1.141240489933077E-005  1.119603750635316E-005  1.096944819788316E-005  1.073007849479957E-005  1.047419180134165E-005  1.019599574495813E-005  9.525057476204688E-006  9.072035856702436E-006  8.390679935437503E-006
   837.000117261122       2.383227865785230E-005  2.274726777000220E-005  2.161159903984686E-005  2.042052319121505E-005  1.916881710469100E-005  1.785043313473326E-005  1.645723382882798E-005  1.572847635421661E-005  1.497426331898842E-005  1.418890550112046E-005  1.369876878600939E-005  1.336211347909246E-005  1.283855557447113E-005  1.247397517330705E-005  1.189547389846276E-005  1.148077930577038E-005  1.126149233320986E-005  1.103196482590113E-005  1.078964961274479E-005  1.053082952509005E-005  1.024974589236206E-005  9.573475029008052E-006  9.118392638998363E-006  8.436138654756371E-006
   839.000117541316       2.297141838891910E-005  2.193187536752774E-005  2.084566979608169E-005  1.970850168494421E-005  1.851551954900973E-005  1.726093071797162E-005  1.593660646512913E-005  1.524405531881525E-005  1.452706926825676E-005  1.377978768878455E-005  1.331280518751976E-005  1.299167550854040E-005  1.249147139604596E-005  1.214244647655524E-005  1.158708573363775E-005  1.118750462720441E-005  1.097559632259052E-005  1.075326504595886E-005  1.051788913647136E-005  1.026563921517558E-005  9.990579023971113E-006  9.323240279421887E-006  8.869234828432362E-006  8.181641197062076E-006
   841.000117821510       2.397248163518041E-005  2.288751965320120E-005  2.175128767823047E-005  2.055888967403596E-005  1.930481558895260E-005  1.798268996380107E-005  1.658397300633421E-005  1.585164277490914E-005  1.509322085819287E-005  1.430294994963408E-005  1.380948621724023E-005  1.347044154941188E-005  1.294301898947898E-005  1.257565853070233E-005  1.199264451043044E-005  1.157468474294095E-005  1.135367893931126E-005  1.112236984421740E-005  1.087820602875388E-005  1.061746491998787E-005  1.033438198813717E-005  9.653841504246841E-006  9.196442923024883E-006  8.511555311761059E-006
   843.000118101704       2.340657763053148E-005  2.235455906958987E-005  2.125346478412018E-005  2.009855814145060E-005  1.888448442670503E-005  1.760491805830161E-005  1.625119983079232E-005  1.554217414798387E-005  1.480749189396209E-005  1.404128418674507E-005  1.356235681255017E-005  1.323301952043650E-005  1.272013980885115E-005  1.236242429026686E-005  1.179368272826529E-005  1.138497481405861E-005  1.116845493286433E-005  1.094149197635718E-005  1.070147949724013E-005  1.044461276812578E-005  1.016499717579535E-005  9.489107344578793E-006  9.031603569887304E-006  8.342340319430955E-006
   845.000118381897       2.394429332964908E-005  2.287018675492452E-005  2.174483751218932E-005  2.056333198149799E-005  1.932017791971284E-005  1.800893812220986E-005  1.662095729372816E-005  1.589388860843429E-005  1.514062961593805E-005  1.435541127563785E-005  1.386493613016086E-005  1.352787252855344E-005  1.300341981969906E-005  1.263805049765522E-005  1.205806694021746E-005  1.164217056651696E-005  1.142221167257328E-005  1.119195880544906E-005  1.094885695288872E-005  1.068917597886019E-005  1.040713458550956E-005  9.728437784113833E-006  9.271560727565200E-006  8.586165513510336E-006
   847.000118662091       2.379330760787163E-005  2.273040500057472E-005  2.161727573131910E-005  2.044908509186303E-005  1.922038533742461E-005  1.792470934329421E-005  1.655325938907411E-005  1.583470418853720E-005  1.509002587736981E-005  1.431334937033257E-005  1.382792839666506E-005  1.349418679257702E-005  1.297462642685515E-005  1.261244902817082E-005  1.203714118077220E-005  1.162430007836355E-005  1.140586089506579E-005  1.117713368485832E-005  1.093557898487490E-005  1.067749361978095E-005  1.039714393224622E-005  9.722569114653666E-006  9.268729685600117E-006  8.588442574450696E-006
   849.000118942285       2.372945935293751E-005  2.268399299858526E-005  2.158880991507382E-005  2.043890344469078E-005  1.922858735180889E-005  1.795097338939746E-005  1.659660075951775E-005  1.588591510664417E-005  1.514846242940189E-005  1.437821003063637E-005  1.389619896669024E-005  1.356453146058869E-005  1.304777371032895E-005  1.268725415611635E-005  1.211410806831664E-005  1.170247062184641E-005  1.148454873916743E-005  1.125626963323064E-005  1.101507579801345E-005  1.075723403207827E-005  1.047695708877942E-005  9.801492406919729E-006  9.345926715822679E-006  8.660935937976736E-006
   851.000119222479       2.259744586718151E-005  2.162362118138883E-005  2.060391415832551E-005  1.953357390254123E-005  1.840703888061531E-005  1.721742709500520E-005  1.595492139163495E-005  1.529137476488775E-005  1.460165433611943E-005  1.387952014427392E-005  1.342647082026691E-005  1.311411541435995E-005  1.262628012718814E-005  1.228497075776855E-005  1.174040941842873E-005  1.134753844897759E-005  1.113885104848356E-005  1.091966098794761E-005  1.068735917668024E-005  1.043813873676118E-005  1.016610823477586E-005  9.505430029536097E-006  9.056345500500948E-006  8.379751332305110E-006
   853.000119502673       2.351929787477556E-005  2.249271845859429E-005  2.141823762591684E-005  2.029107144545429E-005  1.910565986606341E-005  1.785517208766542E-005  1.652984768848089E-005  1.583416396223890E-005  1.511179975050781E-005  1.435649017090579E-005  1.388327567856709E-005  1.355737274301140E-005  1.304908753458957E-005  1.269409042728039E-005  1.212902613729863E-005  1.172263004696448E-005  1.150727829656545E-005  1.128153009115651E-005  1.104282176400246E-005  1.078741008553096E-005  1.050949338529583E-005  9.838426888857679E-006  9.384761127479397E-006  8.701103128404891E-006
   855.000119782867       2.001968533266908E-005  1.923866404694779E-005  1.842206985510614E-005  1.756562537830635E-005  1.666393235872540E-005  1.570963328571475E-005  1.469138694225467E-005  1.415247501973585E-005  1.358845287910461E-005  1.299262400479437E-005  1.261549757184684E-005  1.235378815634515E-005  1.194196226053842E-005  1.165135662720915E-005  1.118289958827638E-005  1.084077333883940E-005  1.065744122114722E-005  1.046357479612956E-005  1.025653436524202E-005  1.003245421391586E-005  9.785316635191033E-006  9.171951446554539E-006  8.741919970488965E-006  8.070292277461567E-006
   857.000120063060       2.433728974061589E-005  2.325883579501045E-005  2.212820315964223E-005  2.094027086612694E-005  1.968921648258742E-005  1.836817615726701E-005  1.696787420321117E-005  1.623340985391042E-005  1.547171103547446E-005  1.467679495500901E-005  1.417978591779844E-005  1.383802896304442E-005  1.330598077503904E-005  1.293515006361073E-005  1.234633781775344E-005  1.192412296434673E-005  1.170087938933084E-005  1.146726530377042E-005  1.122073679370119E-005  1.095758387968370E-005  1.067206072981558E-005  9.986692366072664E-006  9.527011244708110E-006  8.839824114953110E-006
   859.000120343254       2.402445668108131E-005  2.297263667031252E-005  2.186964612183396E-005  2.071034057954210E-005  1.948883369721895E-005  1.819813783371064E-005  1.682871337858031E-005  1.610976501754948E-005  1.536355734097562E-005  1.458403779711159E-005  1.409619187552530E-005  1.376050094346119E-005  1.323747057519678E-005  1.287258185854368E-005  1.229253728448910E-005  1.187603201094557E-005  1.165558725688204E-005  1.142472534756037E-005  1.118089285035685E-005  1.092036772485749E-005  1.063738977120428E-005  9.956803497484025E-006  9.499377549367463E-006  8.814709868300376E-006
   861.000120623448       2.406788098270733E-005  2.301633219640412E-005  2.191323272827429E-005  2.075332273457152E-005  1.953061642021871E-005  1.823797242028494E-005  1.686573408555940E-005  1.614504720839280E-005  1.539689888902182E-005  1.461526363932631E-005  1.412608039940070E-005  1.378947529519382E-005  1.326504298436885E-005  1.289919890145288E-005  1.231768493723548E-005  1.190016587815172E-005  1.167919982559622E-005  1.144780354250350E-005  1.120342005001142E-005  1.094232234176425E-005  1.065874258573969E-005  9.976810393897549E-006  9.518574810861816E-006  8.832813488604057E-006
   863.000120903642       2.433191041258597E-005  2.326298797976834E-005  2.214176844090871E-005  2.096297082263613E-005  1.972061669267201E-005  1.840761764308524E-005  1.701447386059066E-005  1.628319207902648E-005  1.552439188531943E-005  1.473207243760958E-005  1.423646169260814E-005  1.389556053808269E-005  1.336465763960098E-005  1.299447617237845E-005  1.240640823888357E-005  1.198448193565281E-005  1.176130033095705E-005  1.152768105993726E-005  1.128106854066710E-005  1.101773766059507E-005  1.073192442141228E-005  1.004555265010040E-005  9.585133124771764E-006  8.897190025255532E-006
   865.000121183836       2.417171360931017E-005  2.312420915264586E-005  2.202563022363484E-005  2.087074679484787E-005  1.965350584891443E-005  1.836653903271567E-005  1.699964458780713E-005  1.628117481715417E-005  1.553466502028904E-005  1.475383022607778E-005  1.426461137838707E-005  1.392773620169694E-005  1.340250300157091E-005  1.303585793598957E-005  1.245275562846263E-005  1.203394528589484E-005  1.181227498354917E-005  1.158014320263818E-005  1.133500113014300E-005  1.107313258608482E-005  1.078878464409170E-005  1.010540199076761E-005  9.646491172687584E-006  8.959723888884313E-006
   867.000121464030       2.061771055318948E-005  1.980579778256017E-005  1.895582871371073E-005  1.806342004941647E-005  1.712307426150000E-005  1.612741953653306E-005  1.506519273255737E-005  1.450333815671513E-005  1.391574460210400E-005  1.329568341803530E-005  1.290366838980932E-005  1.263187076451925E-005  1.220464257334663E-005  1.190357289299671E-005  1.141910962374057E-005  1.106611894736132E-005  1.087731232104108E-005  1.067796083224253E-005  1.046545028263139E-005  1.023595925131503E-005  9.983548471220292E-006  9.360756532097068E-006  8.927390078718239E-006  8.254611354864532E-006
   869.000121744224       2.339149651320569E-005  2.238056719665085E-005  2.132234966579623E-005  2.021220241742872E-005  1.904471644485262E-005  1.781327124042863E-005  1.650846891160608E-005  1.582378544618531E-005  1.511305604694393E-005  1.437012859324162E-005  1.390473541473670E-005  1.358420939215677E-005  1.308420369406529E-005  1.273483367608589E-005  1.217825258732463E-005  1.177741272751342E-005  1.156475446414324E-005  1.134160220641327E-005  1.110534455447424E-005  1.085216674583178E-005  1.057615218897280E-005  9.906924711997607E-006  9.451989526493822E-006  8.763169595015066E-006
   871.000122024417       2.421623494669983E-005  2.316573522895667E-005  2.206433950682570E-005  2.090683277918747E-005  1.968720874365206E-005  1.839821435447040E-005  1.702994151878717E-005  1.631121051259746E-005  1.556487962609470E-005  1.478481939835145E-005  1.429640451892252E-005  1.396021756618489E-005  1.343624178579931E-005  1.307057026788856E-005  1.248907413603313E-005  1.207137558899332E-005  1.185025052624614E-005  1.161864168861572E-005  1.137398359959537E-005  1.111253690993913E-005  1.082851455680852E-005  1.014525645865007E-005  9.685938234479295E-006  8.998346874287338E-006
   873.000122304611       2.426430759272429E-005  2.321865453116707E-005  2.212136962120372E-005  2.096712397665172E-005  1.974976873776907E-005  1.846188205994934E-005  1.709337944167162E-005  1.637396074557585E-005  1.562653064353808E-005  1.484490620984133E-005  1.435531238966058E-005  1.401823071622920E-005  1.349273092454884E-005  1.312590990753724E-005  1.254246109496212E-005  1.212328397241915E-005  1.190135852156317E-005  1.166890431841007E-005  1.142335205276998E-005  1.116095785669831E-005  1.087592988345705E-005  1.019045511756088E-005  9.729882084534485E-006  9.040741253963702E-006
   875.000122584805       2.419090712168240E-005  2.316665662621943E-005  2.208856595776546E-005  2.095090471917891E-005  1.974709808955231E-005  1.846937366722248E-005  1.710735666324664E-005  1.638975757920141E-005  1.564319802745874E-005  1.486154420904821E-005  1.437152065060703E-005  1.403398652904136E-005  1.350757702511556E-005  1.313999901011870E-005  1.255519698138845E-005  1.213497830541969E-005  1.191249314311125E-005  1.167945589613575E-005  1.143330229499909E-005  1.117029721810118E-005  1.088466568956605E-005  1.019818137625588E-005  9.737460499872001E-006  9.049112082349791E-006
   877.000122864999       2.449314432164874E-005  2.343634371618843E-005  2.232649768951682E-005  2.115817288828228E-005  1.992517837211313E-005  1.862011257845943E-005  1.723301756325052E-005  1.650388230450002E-005  1.574653623922615E-005  1.495488098841644E-005  1.445924268385982E-005  1.411812408057400E-005  1.358656392651968E-005  1.321569148021774E-005  1.262613005077039E-005  1.220283337740645E-005  1.197882717682309E-005  1.174427266840507E-005  1.149659559216456E-005  1.123204506484765E-005  1.094481909937968E-005  1.025475227670112E-005  9.791695500400105E-006  9.099655733675067E-006
   879.000123145193       2.444085751727690E-005  2.338989214488573E-005  2.228706284075239E-005  2.112691844555120E-005  1.990316928020124E-005  1.860824293391580E-005  1.723185102879871E-005  1.650810474905779E-005  1.575603053592499E-005  1.496940148336738E-005  1.447660206426293E-005  1.413728324980919E-005  1.360826237902329E-005  1.323896812976329E-005  1.265159993428836E-005  1.222966188127438E-005  1.200631300274169E-005  1.177240924134995E-005  1.152538668194220E-005  1.126151062508605E-005  1.097500585005032E-005  1.028674870019582E-005  9.825073850959302E-006  9.135491740425760E-006
   881.000123425386       2.356783322343481E-005  2.257010899488403E-005  2.152505296502797E-005  2.042772445999869E-005  1.927231226394878E-005  1.805160594903753E-005  1.675542303375151E-005  1.607393698773280E-005  1.536544442234501E-005  1.462359985466645E-005  1.415820024520924E-005  1.383735710848220E-005  1.333635464051323E-005  1.298593839075254E-005  1.242716128855846E-005  1.202442892246900E-005  1.181070456855099E-005  1.158642125107112E-005  1.134899209456652E-005  1.109464694321500E-005  1.081755362400266E-005  1.014729340701175E-005  9.693639319652540E-006  9.010105415707901E-006
   883.000123705580       2.424314529689843E-005  2.320071250788330E-005  2.210727921264817E-005  2.095763452905304E-005  1.974578010055924E-005  1.846450528221241E-005  1.710396823010172E-005  1.638913152656814E-005  1.564672596749347E-005  1.487061402474375E-005  1.438457656938953E-005  1.404997026382459E-005  1.352835339121776E-005  1.316423374650308E-005  1.258501105496577E-005  1.216876975392393E-005  1.194834781518428E-005  1.171742055916272E-005  1.147341771697347E-005  1.121259299293354E-005  1.092914858986071E-005  1.024678444565768E-005  9.787494476374170E-006  9.098261046891140E-006
   885.000123985774       2.459018678333104E-005  2.354335063543970E-005  2.244224592649393E-005  2.128126397054324E-005  2.005397364374534E-005  1.875269747927157E-005  1.736716088802320E-005  1.663782469063775E-005  1.587953570456584E-005  1.508610673532716E-005  1.458896211512521E-005  1.424663733683767E-005  1.371294084414437E-005  1.334041044791694E-005  1.274798886130019E-005  1.232252751497430E-005  1.209736431130310E-005  1.186160844647050E-005  1.161269434882096E-005  1.134688772466394E-005  1.105841817147956E-005  1.036620442056354E-005  9.902663341417569E-006  9.211564113563760E-006
   887.000124265968       2.417519042158964E-005  2.317220673458278E-005  2.211499367912484E-005  2.099769508761464E-005  1.981361431169631E-005  1.855476290993507E-005  1.721044400623078E-005  1.650112320792341E-005  1.576237352918909E-005  1.498797282223177E-005  1.450199362791651E-005  1.416701125241393E-005  1.364417877668362E-005  1.327879494728182E-005  1.269693235762575E-005  1.227837542309062E-005  1.205660644075737E-005  1.182419080923284E-005  1.157854477708051E-005  1.131590528953643E-005  1.103045530363160E-005  1.034345243490099E-005  9.881625704995124E-006  9.190556304630484E-006
   889.000124546162       2.483838223728330E-005  2.377822617454306E-005  2.266423730966429E-005  2.149071300188739E-005  2.025104030595193E-005  1.893731622500636E-005  1.753887539153177E-005  1.680276977796519E-005  1.603739364825644E-005  1.523646927239201E-005  1.473458287831538E-005  1.438898067473955E-005  1.385017216890451E-005  1.347409326500009E-005  1.287611970008875E-005  1.244679796825493E-005  1.221965506303286E-005  1.198188517556049E-005  1.173092076907828E-005  1.146302324500281E-005  1.117241076542658E-005  1.047560778898487E-005  1.000933268987958E-005  9.314171591799335E-006
   891.000124826356       2.497895230683096E-005  2.391496642750602E-005  2.279645362987341E-005  2.161745841414421E-005  2.037112693677830E-005  1.904925905220155E-005  1.764095614618694E-005  1.689922980281201E-005  1.612777921790566E-005  1.532034322066371E-005  1.481436079777861E-005  1.446595398471302E-005  1.392283282225166E-005  1.354381409501259E-005  1.294133890250321E-005  1.250896512081735E-005  1.228028581829239E-005  1.204097768569430E-005  1.178847939396535E-005  1.151906274854190E-005  1.122696562040651E-005  1.052748097353193E-005  1.006026569625748E-005  9.365053683972206E-006
   893.000125106549       2.452661895876860E-005  2.348972547623491E-005  2.240090467046505E-005  2.125453420910638E-005  2.004403761561878E-005  1.876143147198938E-005  1.739583658291944E-005  1.667668091279583E-005  1.592852521044600E-005  1.514504167615904E-005  1.465371339083628E-005  1.431518852386317E-005  1.378705919193115E-005  1.341814583249747E-005  1.283098112613745E-005  1.240888004965374E-005  1.218533448062176E-005  1.195113581791829E-005  1.170369364214782E-005  1.143923202135996E-005  1.115190575833617E-005  1.046066181782379E-005  9.995935977890326E-006  9.299805586271319E-006
   895.000125386743       2.451009053726588E-005  2.347183419686504E-005  2.238188789238283E-005  2.123463360379814E-005  2.002357104776927E-005  1.874076940927886E-005  1.737551451446130E-005  1.665680309601884E-005  1.590932764667755E-005  1.512677787347654E-005  1.463612928875569E-005  1.429809779624617E-005  1.377074187394074E-005  1.340233829738273E-005  1.281586013235968E-005  1.239409898852515E-005  1.217066430655406E-005  1.193652348792554E-005  1.168907330966063E-005  1.142452304235311E-005  1.113701198766305E-005  1.044507287263878E-005  9.979901983674036E-006  9.283688145283787E-006
   897.000125666937       2.468141862557616E-005  2.363577846025530E-005  2.253778286394962E-005  2.138181823324131E-005  2.016124982880791E-005  1.886818385128079E-005  1.749186157070690E-005  1.676731827123232E-005  1.601381527320287E-005  1.522504552888651E-005  1.473058351292001E-005  1.438998090077582E-005  1.385873410805906E-005  1.348772650686012E-005  1.289735630288524E-005  1.247304340026708E-005  1.224835839970827E-005  1.201299342104627E-005  1.176435508409175E-005  1.149866502445229E-005  1.121007955269077E-005  1.051628325210597E-005  1.005039008805171E-005  9.353559932451757E-006
   899.000125947131       2.487971977254282E-005  2.382446839617515E-005  2.271580567679279E-005  2.154807372433525E-005  2.031472739114477E-005  1.900788087299699E-005  1.761688581122908E-005  1.688470558181394E-005  1.612338078543214E-005  1.532661641266960E-005  1.482726958268779E-005  1.448337457260061E-005  1.394713488539319E-005  1.357276530066093E-005  1.297731524192990E-005  1.254961119089630E-005  1.232323943880122E-005  1.208620120080799E-005  1.183591215838353E-005  1.156860710104096E-005  1.127846217730055E-005  1.058186298244947E-005  1.011487308181046E-005  9.417350142674218E-006
   901.000126227325       2.375105814757837E-005  2.278610321051355E-005  2.176902603097771E-005  2.069418547483709E-005  1.955503626452149E-005  1.834362151710186E-005  1.704899145859965E-005  1.636519609923886E-005  1.565228330247952E-005  1.490389538402805E-005  1.443354947370031E-005  1.410897892141921E-005  1.360171654188051E-005  1.324665310370763E-005  1.268009992974128E-005  1.227153728072847E-005  1.205465556828056E-005  1.182701787011779E-005  1.158599655121290E-005  1.132776171923679E-005  1.104638933154063E-005  1.036566774569943E-005  9.904935940338781E-006  9.210860568804632E-006
   903.000126507519       2.467885505630789E-005  2.364734614882085E-005  2.256155840787154E-005  2.141585760561027E-005  2.020370120434934E-005  1.891726666650596E-005  1.754595530359246E-005  1.682336982867290E-005  1.607148742004538E-005  1.528403258550502E-005  1.479021393290576E-005  1.444997873382753E-005  1.391918194855177E-005  1.354839488049916E-005  1.295819466736276E-005  1.253384108412313E-005  1.230906888942903E-005  1.207355612834336E-005  1.182469090402091E-005  1.155866735253309E-005  1.126959900523157E-005  1.057404330273849E-005  1.010645159184377E-005  9.406361712542220E-006
   905.000126787713       2.518797202502107E-005  2.412632079838549E-005  2.300959954764508E-005  2.183173534920575E-005  2.058572157460999E-005  1.926314878114967E-005  1.785284101930935E-005  1.710952052211676E-005  1.633600628779070E-005  1.552596259095506E-005  1.501810773574897E-005  1.466830346060533E-005  1.412282516196866E-005  1.374203015354023E-005  1.313651322590113E-005  1.270179697288074E-005  1.247182885491560E-005  1.223113799478557E-005  1.197714700122335E-005  1.170610467141068E-005  1.141221322283634E-005  1.070833965311330E-005  1.023813244944729E-005  9.538274209249991E-006
   907.000127067906       2.498692964457297E-005  2.394997411162556E-005  2.285845395001882E-005  2.170620036733007E-005  2.048593613096355E-005  1.918886897914375E-005  1.780319370853023E-005  1.707157375309079E-005  1.630915227450643E-005  1.550944642793487E-005  1.500736846106589E-005  1.466122386970951E-005  1.412093122455869E-005  1.374338959677307E-005  1.314244940204485E-005  1.271059088018959E-005  1.248199799265328E-005  1.224265012329744E-005  1.198997370556080E-005  1.172022370298714E-005  1.142761329419840E-005  1.072637681731150E-005  1.025770460016537E-005  9.560121162955786E-006
   909.000127348100       2.426093928900693E-005  2.326506293011195E-005  2.221766266110688E-005  2.111295146443625E-005  1.994408599084758E-005  1.870264569319500E-005  1.737714039317125E-005  1.667735014067939E-005  1.594790218131618E-005  1.518226880568199E-005  1.470113976563915E-005  1.436915975500029E-005  1.385039439562991E-005  1.348736779151226E-005  1.290836554863916E-005  1.249114101967795E-005  1.226981828436417E-005  1.203766981278290E-005  1.179207484744239E-005  1.152921717771101E-005  1.124319605258841E-005  1.055329336470037E-005  1.008823606830589E-005  9.390390272476108E-006
   911.000127628294       2.446382052327052E-005  2.344773437356690E-005  2.238064368587418E-005  2.125696026920219E-005  2.007015482719998E-005  1.881223200443626E-005  1.747223987964051E-005  1.676617958148139E-005  1.603126468775257E-005  1.526110554474672E-005  1.477778149164967E-005  1.444458323650294E-005  1.392440267081007E-005  1.356073848327522E-005  1.298131007111541E-005  1.256421207092196E-005  1.234309459624994E-005  1.211125708880977E-005  1.186608867927980E-005  1.160378453468775E-005  1.131845679789449E-005  1.063041843758646E-005  1.016655622388868E-005  9.470103594630386E-006
   913.000127908488       2.500796394372732E-005  2.396383394197464E-005  2.286574117650254E-005  2.170764517173594E-005  2.048256373938414E-005  1.918211101326484E-005  1.779510140817640E-005  1.706386499443332E-005  1.630271256609598E-005  1.550531019574524E-005  1.500516708509446E-005  1.466055488096152E-005  1.412293400012144E-005  1.374741318987331E-005  1.314982370635132E-005  1.272035761508841E-005  1.249298251881492E-005  1.225484678987894E-005  1.200335385282658E-005  1.173472509378987E-005  1.144312138598820E-005  1.074314624282657E-005  1.027425274872533E-005  9.574840059094117E-006
   915.000128188682       2.448774572646163E-005  2.345031433898914E-005  2.236269146736929E-005  2.121990532356490E-005  2.001630231031587E-005  1.874512747952531E-005  1.739713329255387E-005  1.668970927245526E-005  1.595559262671105E-005  1.518871334746824E-005  1.470867636428110E-005  1.437825498360847E-005  1.386315152451357E-005  1.350349065908927E-005  1.293098389247162E-005  1.251906441198706E-005  1.230067570622518E-005  1.207163214884694E-005  1.182928680347992E-005  1.156977418112515E-005  1.128710268412880E-005  1.060301255368397E-005  1.013917871426382E-005  9.438541255434320E-006
   917.000128468876       2.427822065317595E-005  2.324660579816802E-005  2.216616332735886E-005  2.103229369093877E-005  1.983981355375632E-005  1.858252715052410E-005  1.725184384504857E-005  1.655457339249939E-005  1.583172280508831E-005  1.507730079654561E-005  1.460534337187873E-005  1.428057096446287E-005  1.377434792629538E-005  1.342088373867885E-005  1.285808418547849E-005  1.245289117871526E-005  1.223792813402094E-005  1.201233856983007E-005  1.177345746086163E-005  1.151739014352694E-005  1.123809498610984E-005  1.056010991810329E-005  1.009845379790213E-005  9.398238186718557E-006
   919.000128749069       2.447520812883092E-005  2.343577814984630E-005  2.234661449128222E-005  2.120308669439984E-005  1.999993473454695E-005  1.873092530758494E-005  1.738737475025122E-005  1.668319753029353E-005  1.595308136727478E-005  1.519098004286517E-005  1.471418091442075E-005  1.438606741514597E-005  1.387463920862838E-005  1.351756077791993E-005  1.294910077907126E-005  1.253997140558234E-005  1.232299638905702E-005  1.209537363309495E-005  1.185445007500534E-005  1.159635361219055E-005  1.131508390445322E-005  1.063372460263163E-005  1.017124415694663E-005  9.472191200477988E-006
   921.000129029263       2.393700562053815E-005  2.293603719826824E-005  2.188739696554807E-005  2.078668226651753E-005  1.962885152980296E-005  1.840777644189075E-005  1.711467690622985E-005  1.643655982179524E-005  1.573296205155484E-005  1.499775423659515E-005  1.453723882990513E-005  1.422003686785764E-005  1.372504911131195E-005  1.337897338101716E-005  1.282705399031631E-005  1.242893278263007E-005  1.221743371919453E-005  1.199524862811352E-005  1.175970050440434E-005  1.150688017060133E-005  1.123072737412680E-005  1.055862949671149E-005  1.009971353276612E-005  9.402362676887150E-006
   923.000129309457       2.407007475423764E-005  2.310367282455277E-005  2.208228861855876E-005  2.100072193305643E-005  1.985315811611173E-005  1.863283773497802E-005  1.733057552247724E-005  1.664413745091664E-005  1.592978515236416E-005  1.518148447588118E-005  1.471204808570111E-005  1.438847512826741E-005  1.388332773897840E-005  1.353009780368871E-005  1.296692184529278E-005  1.256099781947451E-005  1.234553050697230E-005  1.211935134638298E-005  1.187980667037842E-005  1.162302393136910E-005  1.134300337397183E-005  1.066398132148650E-005  1.020265682827880E-005  9.504973559857090E-006
   925.000129589651       2.393472853890440E-005  2.295234109105546E-005  2.192137959231335E-005  2.083709535166327E-005  1.969398446693683E-005  1.848527739072380E-005  1.720135300198221E-005  1.652629964446492E-005  1.582454373944064E-005  1.508978776982538E-005  1.462879947775604E-005  1.431094656193253E-005  1.381444519182276E-005  1.346698459435719E-005  1.291239692604351E-005  1.251210202603524E-005  1.229940387927166E-005  1.207595284767800E-005  1.183908512994812E-005  1.158491384986375E-005  1.130741890375574E-005  1.063303523529128E-005  1.017364660223678E-005  9.477255989732253E-006
   927.000129869845       2.437984059652320E-005  2.336666941458125E-005  2.230374324574310E-005  2.118610411716642E-005  2.000804133525392E-005  1.876260843738526E-005  1.744017022688851E-005  1.674523994005216E-005  1.602326555154282E-005  1.526802306676906E-005  1.479464764542960E-005  1.446850644836954E-005  1.395953878780513E-005  1.360375052672355E-005  1.303665795383662E-005  1.262802891311647E-005  1.241116968498665E-005  1.218356626196214E-005  1.194255965141829E-005  1.168427059282306E-005  1.140269058076001E-005  1.072032121241626E-005  1.025711553774721E-005  9.557087365141172E-006
   929.000130150039       2.429636012355764E-005  2.328019042850454E-005  2.221568556672411E-005  2.109813585519016E-005  1.992212886879520E-005  1.868106924928837E-005  1.736568310937998E-005  1.667539583300446E-005  1.595885728254938E-005  1.520985623916399E-005  1.474061721459577E-005  1.441739206729277E-005  1.391303315149144E-005  1.356046415919920E-005  1.299839260696406E-005  1.259320504453256E-005  1.237807930893261E-005  1.215220519815622E-005  1.191290873394580E-005  1.165628768678623E-005  1.137629684772922E-005  1.069656847266688E-005  1.023405889198061E-005  9.533551589338473E-006
   931.000130430233       2.472854519911216E-005  2.369907040681709E-005  2.261899461831565E-005  2.148311719873807E-005  2.028548331226866E-005  1.901885313662879E-005  1.767321211199550E-005  1.696580286917425E-005  1.623068222794869E-005  1.546155527476048E-005  1.497945968179222E-005  1.464732711966312E-005  1.412909020132057E-005  1.376692509704723E-005  1.318997099580448E-005  1.277459406042325E-005  1.255432657429636E-005  1.232330936825199E-005  1.207890683565682E-005  1.181727760800712E-005  1.153247848037394E-005  1.084461303695580E-005  1.037986932313473E-005  9.680770488787476E-006
   933.000130710426       2.472383401618715E-005  2.370007807520636E-005  2.262565233192412E-005  2.149528905335644E-005  2.030287941020344E-005  1.904100911048809E-005  1.769945424222724E-005  1.699375097728543E-005  1.626007405439241E-005  1.549208559649049E-005  1.501050834619101E-005  1.467864997836848E-005  1.416070743503151E-005  1.379865824565216E-005  1.322175388606438E-005  1.280632981963749E-005  1.258601705388412E-005  1.235494279532374E-005  1.211047458946462E-005  1.184877741552930E-005  1.156391802321134E-005  1.087604708779338E-005  1.041147254272588E-005  9.712895193238125E-006
   935.000130990620       2.462469209114645E-005  2.360612672409422E-005  2.253736459699702E-005  2.141320833885359E-005  2.022765536795777E-005  1.897337820655219E-005  1.764031304134832E-005  1.693925767216283E-005  1.621054267760557E-005  1.544788826088293E-005  1.496971976353042E-005  1.464023036135042E-005  1.412600096661590E-005  1.376653910412403E-005  1.319368923215768E-005  1.278107511985285E-005  1.256219227011715E-005  1.233255735258569E-005  1.208952852127499E-005  1.182925470676654E-005  1.154577577481819E-005  1.086029768000616E-005  1.039643268913665E-005  9.697569544014033E-006
   937.000131270814       2.453542793381109E-005  2.352256829047302E-005  2.245957511411679E-005  2.134123769179095E-005  2.016143166618680E-005  1.891272041095525E-005  1.758485628378419E-005  1.688622563211544E-005  1.615979084774469E-005  1.539926381418343E-005  1.492228737487929E-005  1.459354831483597E-005  1.408035942882194E-005  1.372151281708490E-005  1.314939629814985E-005  1.273706681509813E-005  1.251823036805381E-005  1.228855198119505E-005  1.204535998630171E-005  1.178475895697546E-005  1.150071970669205E-005  1.081285762229732E-005  1.034647633906562E-005  9.642575419330498E-006
   939.000131551008       2.459756790554344E-005  2.357686298426363E-005  2.250636760505496E-005  2.138114056989294E-005  2.019552420895635E-005  1.894267466289315E-005  1.761310759432104E-005  1.691480099261203E-005  1.618962392487381E-005  1.543138990074155E-005  1.495633577866508E-005  1.462912721334194E-005  1.411864187707930E-005  1.376189999335816E-005  1.319347363429066E-005  1.278403026165084E-005  1.256679171984206E-005  1.233883175558685E-005  1.209749619054210E-005  1.183891209557917E-005  1.155707963372605E-005  1.087437089287743E-005  1.041106408655330E-005  9.710746416353664E-006
   941.000131831202       2.378870890237315E-005  2.283845449625120E-005  2.184075235853162E-005  2.079060040748904E-005  1.968210097240324E-005  1.850796840496422E-005  1.725789654506320E-005  1.659925318808182E-005  1.591342848156414E-005  1.519404577755053E-005  1.474199327733233E-005  1.442997391068739E-005  1.394204973274246E-005  1.360019797544040E-005  1.305387933526617E-005  1.265901737585841E-005  1.244901692400122E-005  1.222825493930283E-005  1.199407082649033E-005  1.174258132832953E-005  1.146777053727305E-005  1.079876442153920E-005  1.034202525643049E-005  9.648025436934516E-006
   943.000132111396       2.443935912199351E-005  2.343514707257674E-005  2.238178742930773E-005  2.127434936419203E-005  2.010721334709199E-005  1.887350492376023E-005  1.756368819540277E-005  1.687543853527585E-005  1.616040624020612E-005  1.541237290247553E-005  1.494345243747168E-005  1.462033671014721E-005  1.411598876387817E-005  1.376333601342615E-005  1.320103186552561E-005  1.279565591569792E-005  1.258044372341778E-005  1.235450325147227E-005  1.211517804806785E-005  1.185859319879708E-005  1.157874551314738E-005  1.089995577701365E-005  1.043860204427801E-005  9.740375903218026E-006
   945.000132391589       2.405941648968306E-005  2.307537612113283E-005  2.204422430485881E-005  2.096126078121394E-005  1.982105449800886E-005  1.861692570346274E-005  1.733947653685413E-005  1.666849295806268E-005  1.597146287812193E-005  1.524218603703613E-005  1.478489644372093E-005  1.446969162566455E-005  1.397745628709837E-005  1.363303620574338E-005  1.308328912315570E-005  1.268637187250616E-005  1.247538740290119E-005  1.225364958531668E-005  1.201847213233516E-005  1.176593291567077E-005  1.148995279096845E-005  1.081771726640052E-005  1.035826619507574E-005  9.659335751991873E-006
   947.000132671783       2.469138175661811E-005  2.367485680069379E-005  2.260819771225871E-005  2.148634617018517E-005  2.030345758453147E-005  1.905249806735373E-005  1.772374693710387E-005  1.702536512885942E-005  1.629975404713652E-005  1.554070494444416E-005  1.506496714804897E-005  1.473721956293690E-005  1.422579707617505E-005  1.386833938644260E-005  1.329869902680348E-005  1.288835601275894E-005  1.267064360741496E-005  1.244219746798049E-005  1.220036873411525E-005  1.194129354256325E-005  1.165898842703979E-005  1.097554323509252E-005  1.051218104123017E-005  9.812500698685970E-006
   949.000132951977       2.480399870312474E-005  2.378077312225626E-005  2.270668810843226E-005  2.157663021731038E-005  2.038479937323653E-005  1.912425943164267E-005  1.778551357762172E-005  1.708210234642612E-005  1.635152599217735E-005  1.558764600412573E-005  1.510910553162940E-005  1.477953585260862E-005  1.426545147100538E-005  1.390627100113209E-005  1.333411888281252E-005  1.292214443858108E-005  1.270362722228030E-005  1.247438170662016E-005  1.223175739680158E-005  1.197188769130480E-005  1.168878353702260E-005  1.100366813127085E-005  1.053933658186460E-005  9.838298924036968E-006
   951.000133232171       2.487091330844542E-005  2.385541000181587E-005  2.278852068955123E-005  2.166488682431413E-005  2.047828461889081E-005  1.922120074264584E-005  1.788332351219354E-005  1.717904569405792E-005  1.644652941628770E-005  1.567946398363046E-005  1.519834565292468E-005  1.486675699822869E-005  1.434917025365624E-005  1.398732767164173E-005  1.341068586972013E-005  1.299539726518418E-005  1.277513640270913E-005  1.254409943738870E-005  1.229964917217314E-005  1.203794114493887E-005  1.175302498840274E-005  1.106471894546048E-005  1.059947081037980E-005  9.899000810639443E-006
   953.000133512365       2.472171431676861E-005  2.371691369921621E-005  2.266088777570627E-005  2.154856668417593E-005  2.037400630376819E-005  1.912997520706511E-005  1.780642318970321E-005  1.710983483280172E-005  1.638539298961913E-005  1.562679294001644E-005  1.515094892374017E-005  1.482295979276010E-005  1.431090755800607E-005  1.395284310472159E-005  1.338200213592509E-005  1.297066205603533E-005  1.275239438569469E-005  1.252335869029588E-005  1.228091138390522E-005  1.202119902897519E-005  1.173825680244840E-005  1.105372947518581E-005  1.059019860325840E-005  9.891306631928642E-006
   955.000133792559       2.446386112333662E-005  2.351748046681748E-005  2.251320348783857E-005  2.144511128024036E-005  2.030651957040470E-005  1.908966511831331E-005  1.778428136785912E-005  1.709349251589196E-005  1.637279955456326E-005  1.561609722358669E-005  1.514059890883137E-005  1.481254368366777E-005  1.429997624205442E-005  1.394130054325879E-005  1.336911145835351E-005  1.295652227682650E-005  1.273748961689827E-005  1.250756569917164E-005  1.226407123654765E-005  1.200309735564449E-005  1.171858984990655E-005  1.102925760679495E-005  1.056149845652892E-005  9.854618882676244E-006
   957.000134072752       2.469474378629352E-005  2.369704116054237E-005  2.264820590222274E-005  2.154289612714868E-005  2.037494557228086E-005  1.913679340281236E-005  1.781804494170864E-005  1.712335682174372E-005  1.640041910511330E-005  1.564291914128455E-005  1.516752196635886E-005  1.483973651675164E-005  1.432782976165834E-005  1.396974189233746E-005  1.339862891728313E-005  1.298689258317145E-005  1.276833733991391E-005  1.253893531495310E-005  1.229602210649148E-005  1.203571204820469E-005  1.175199158101662E-005  1.106496290246486E-005  1.059920327397535E-005  9.896158077885527E-006
   959.000134352946       2.505740696540742E-005  2.404106366116284E-005  2.297244758452227E-005  2.184596412495648E-005  2.065518585615396E-005  1.939231408336121E-005  1.804676351555596E-005  1.733786553794970E-005  1.660017174907597E-005  1.582734913424210E-005  1.534248123092504E-005  1.500826174236701E-005  1.448651434477919E-005  1.412174222304472E-005  1.354044115047806E-005  1.312185463133210E-005  1.289988479232521E-005  1.266710073254431E-005  1.242086847869735E-005  1.215735287517388E-005  1.187062225308447E-005  1.117886509798805E-005  1.071226231988701E-005  1.001133279529782E-005
   961.000134633140       2.486156707692470E-005  2.386044485262124E-005  2.280779989305825E-005  2.169800778807641E-005  2.052449148056472E-005  1.927921633378367E-005  1.795127565104595E-005  1.725103927909010E-005  1.652182134290490E-005  1.575721128444592E-005  1.527711013615327E-005  1.494598796320190E-005  1.442874923028743E-005  1.406686800801163E-005  1.348967438444239E-005  1.307360098916528E-005  1.285278806944015E-005  1.262106851282458E-005  1.237577863597279E-005  1.211303799665376E-005  1.182684202220992E-005  1.113482351012248E-005  1.066665563467374E-005  9.961324413915668E-006
   963.000134913334       2.483083800213744E-005  2.383603391084688E-005  2.278971814705752E-005  2.168626603397482E-005  2.051912497778882E-005  1.928036273089881E-005  1.795917344245267E-005  1.726247222899193E-005  1.653696403954481E-005  1.577631776788629E-005  1.529876279289559E-005  1.496943080838781E-005  1.445505508845023E-005  1.409523309036772E-005  1.352143580921752E-005  1.310791166724278E-005  1.288849111986543E-005  1.265826515635732E-005  1.241459633663397E-005  1.215364163798185E-005  1.186945466944582E-005  1.118259733127866E-005  1.071818244932438E-005  1.001895014296947E-005
   965.000135193528       2.449426372267205E-005  2.351019686921668E-005  2.247597425048025E-005  2.138615126966578E-005  2.023436427644839E-005  1.901286536301450E-005  1.771106299799331E-005  1.702492378266467E-005  1.631059358881699E-005  1.556175024854859E-005  1.509157610504682E-005  1.476728475324879E-005  1.426062077575524E-005  1.390601445866567E-005  1.334005202417458E-005  1.293163301885549E-005  1.271466884770836E-005  1.248678735071155E-005  1.224529161084457E-005  1.198624727890992E-005  1.170355777938744E-005  1.101712552489717E-005  1.054982817487351E-005  9.840980859559389E-006
   967.000135473722       2.458261136502103E-005  2.359642252737940E-005  2.255962176484835E-005  2.146675865935139E-005  2.031154202592769E-005  1.908628600981742E-005  1.778053650218257E-005  1.709239253416450E-005  1.637603998822629E-005  1.562517810717242E-005  1.515379495412465E-005  1.482869646904885E-005  1.432082938440771E-005  1.396542947432515E-005  1.339829908839745E-005  1.298913367063554E-005  1.277181255575816E-005  1.254359003306621E-005  1.230177598859051E-005  1.204244447111854E-005  1.175951397707585E-005  1.107286381290140E-005  1.060575710774794E-005  9.897480698590498E-006
   969.000135753915       2.503536486328765E-005  2.403097887157733E-005  2.297407674178258E-005  2.185887989730745E-005  2.067870754843807E-005  1.942543766985573E-005  1.808818628138692E-005  1.738287001606115E-005  1.664836706358342E-005  1.587834071653490E-005  1.539496439971525E-005  1.506166044440349E-005  1.454116087419499E-005  1.417712173712174E-005  1.359671608352424E-005  1.317852150389789E-005  1.295665324792054E-005  1.272388214928874E-005  1.247754458275323E-005  1.221375958219183E-005  1.192652219753977E-005  1.123241530895805E-005  1.076315558302784E-005  1.005647698583751E-005
   971.000136034109       2.489806595970380E-005  2.390051456976683E-005  2.285128095862706E-005  2.174464080161035E-005  2.057402073744816E-005  1.933144238458969E-005  1.800608103487170E-005  1.730715623650762E-005  1.657931824395827E-005  1.581619984315235E-005  1.533706107912607E-005  1.500661159040812E-005  1.449043077391290E-005  1.412928472909175E-005  1.355322971297404E-005  1.313793051136709E-005  1.291750444478752E-005  1.268616864317082E-005  1.244125643078172E-005  1.217888224250147E-005  1.189303361135567E-005  1.120157084499071E-005  1.073346595303027E-005  1.002748235455445E-005
   973.000136314303       2.486912712698840E-005  2.387369507562336E-005  2.282665272841849E-005  2.172231781935802E-005  2.055402163540285E-005  1.931366908327250E-005  1.799031048868493E-005  1.729225492203374E-005  1.656517238375911E-005  1.580269550558628E-005  1.532388176464214E-005  1.499362030999925E-005  1.447766400713815E-005  1.411661312958517E-005  1.354056157536935E-005  1.312510567353701E-005  1.290452338719571E-005  1.267295755377911E-005  1.242771535776016E-005  1.216487273259931E-005  1.187835775131976E-005  1.118449930038538E-005  1.071411546467843E-005  1.000388008148465E-005
   975.000136594497       2.480508470031063E-005  2.381920870042838E-005  2.278205365815869E-005  2.168794545428561E-005  2.053021650402659E-005  1.930076693275462E-005  1.798855761448301E-005  1.729611715812954E-005  1.657464318095616E-005  1.581774133177104E-005  1.534225354819627E-005  1.501420609615600E-005  1.450157476121251E-005  1.414275909707311E-005  1.357013802663148E-005  1.315707542184410E-005  1.293774669917664E-005  1.270749000949238E-005  1.246363488884131E-005  1.220228851192242E-005  1.191742970273733E-005  1.122776802118129E-005  1.076041918768281E-005  1.005505105976682E-005
   977.000136874691       2.497833999783263E-005  2.398495984389978E-005  2.293980530241746E-005  2.183705115154046E-005  2.066994842835314E-005  1.943023018385580E-005  1.810671650593880E-005  1.740821183529747E-005  1.668037849547897E-005  1.591681534569897E-005  1.543718365785346E-005  1.510631040817181E-005  1.458934523712623E-005  1.422758208753120E-005  1.365045591701005E-005  1.323435309305068E-005  1.301350289800506E-005  1.278173128044766E-005  1.253637676905867E-005  1.227356057010594E-005  1.198728342903211E-005  1.129512012892506E-005  1.082690800532532E-005  1.012146010082045E-005
   979.000137154885       2.466306229375628E-005  2.368360042748359E-005  2.265362155673367E-005  2.156754413359552E-005  2.041873266399403E-005  1.919907484439031E-005  1.789749516550567E-005  1.721065747254452E-005  1.649494174801392E-005  1.574391246942482E-005  1.527196496057001E-005  1.494626726599219E-005  1.443710505189487E-005  1.408052972382056E-005  1.351105225813509E-005  1.309982542664757E-005  1.288128561582648E-005  1.265169325573586E-005  1.240833316450818E-005  1.214724582655910E-005  1.186230393091690E-005  1.117056700750361E-005  1.070009567988651E-005  9.987308452901358E-006
   981.000137435078       2.526047452709198E-005  2.425857982566871E-005  2.320341643881883E-005  2.208897825686962E-005  2.090821008669726E-005  1.965260442865293E-005  1.831077493943732E-005  1.760217189242046E-005  1.686364359300241E-005  1.608881733782256E-005  1.560217909800131E-005  1.526654170228512E-005  1.474230835716470E-005  1.437563438489149E-005  1.379110695879131E-005  1.337011868180703E-005  1.314687511399007E-005  1.291277233020468E-005  1.266518397328732E-005  1.240028559308862E-005  1.211216613308847E-005  1.141779484395951E-005  1.095017330410434E-005  1.024870755339480E-005
   983.000137715272       2.515467599905737E-005  2.415801049554743E-005  2.310882998976052E-005  2.200117971092955E-005  2.082820668562034E-005  1.958152612728073E-005  1.824985310044365E-005  1.754679823913834E-005  1.681410599027563E-005  1.604539329925177E-005  1.556254397595750E-005  1.522948192692036E-005  1.470918780922880E-005  1.434519148683045E-005  1.376475133924588E-005  1.334651481522295E-005  1.312464225401914E-005  1.289189487293173E-005  1.264562783893768E-005  1.238198793790889E-005  1.209501257678472E-005  1.140209990916481E-005  1.093412283518796E-005  1.022981848465331E-005
   985.000137995466       2.539022086724501E-005  2.438792770425775E-005  2.333157466462813E-005  2.221498570749295E-005  2.103087021780552E-005  1.977048090138360E-005  1.842212625010073E-005  1.770949646922635E-005  1.696636122560694E-005  1.618630565318636E-005  1.569621085277022E-005  1.535812666481592E-005  1.483000383783794E-005  1.446058345734062E-005  1.387169833249163E-005  1.344764682554076E-005  1.322282821468794E-005  1.298712632423786E-005  1.273792150502787E-005  1.247140211923602E-005  1.218167902849590E-005  1.148435468850919E-005  1.101565057172394E-005  1.031397787347380E-005
   987.000138275660       2.525957546633009E-005  2.427004015966022E-005  2.322702782255326E-005  2.212428858970247E-005  2.095444263469599E-005  1.970859046929378E-005  1.837471191375751E-005  1.766917508476933E-005  1.693294921899198E-005  1.615955363053216E-005  1.567330147993983E-005  1.533771027102063E-005  1.481320336783650E-005  1.444610640429545E-005  1.386055224741208E-005  1.343860010908753E-005  1.321478764265376E-005  1.298005721397527E-005  1.273178410936999E-005  1.246614949229413E-005  1.217725453222136E-005  1.148136389070710E-005  1.101323350241891E-005  1.031206646104679E-005
   989.000138555854       2.534644602391059E-005  2.435795995079969E-005  2.331526554538486E-005  2.221193423948198E-005  2.104037751093795E-005  1.979135797374932E-005  1.845248286244008E-005  1.774366008621416E-005  1.700355657000255E-005  1.622565186449983E-005  1.573638480360345E-005  1.539864492665002E-005  1.487071658420093E-005  1.450119503149847E-005  1.391179318153958E-005  1.348713443073830E-005  1.326192824680175E-005  1.302577957199112E-005  1.277606685740970E-005  1.250897756384826E-005  1.221862367573551E-005  1.151989557392400E-005  1.105049352759881E-005  1.034830451502444E-005
   991.000138836048       2.526399940630243E-005  2.427993423482880E-005  2.324227681741387E-005  2.214468253162370E-005  2.097974274855611E-005  1.973831948610272E-005  1.840824534594549E-005  1.770428669888077E-005  1.696938730661869E-005  1.619701942267355E-005  1.571124333122559E-005  1.537590372758252E-005  1.485169263364680E-005  1.448474075277719E-005  1.389934659857621E-005  1.347747598178713E-005  1.325370049423690E-005  1.301900665415054E-005  1.277077042127310E-005  1.250517304301144E-005  1.221631399261533E-005  1.152043749665320E-005  1.105217621640969E-005  1.035037885950161E-005
   993.000139116241       2.553346312966633E-005  2.453198807164870E-005  2.347554430760180E-005  2.235787536495712E-005  2.117135530291160E-005  1.990689344564916E-005  1.855237632701391E-005  1.783576758946368E-005  1.708799869501760E-005  1.630261339111541E-005  1.580897439208414E-005  1.546838186493709E-005  1.493626682449120E-005  1.456402409275742E-005  1.397064803009904E-005  1.354341699817386E-005  1.331694815334004E-005  1.307955375815888E-005  1.282861080569040E-005  1.256030553377081E-005  1.226874505516869E-005  1.156756720768782E-005  1.109680393911126E-005  1.039275199371008E-005
   995.000139396435       2.551123072236429E-005  2.451131686628942E-005  2.345672079117715E-005  2.234099756459042E-005  2.115671857495764E-005  1.989481042319385E-005  1.854329659243962E-005  1.782841019601838E-005  1.708253374002497E-005  1.629925001261297E-005  1.580699106017039E-005  1.546737229722311E-005  1.493681118366685E-005  1.456567467668688E-005  1.397407552052342E-005  1.354811920980674E-005  1.332231805866095E-005  1.308561258557458E-005  1.283538101202005E-005  1.256781019975543E-005  1.227700644110597E-005  1.157738379059121E-005  1.110736119526105E-005  1.040383079591575E-005
   997.000139676629       2.558216296398759E-005  2.458345196838109E-005  2.352965926119989E-005  2.241430550313600E-005  2.122975247874861E-005  1.996669801460958E-005  1.861286151342092E-005  1.789623609753671E-005  1.714817582051444E-005  1.636220289000026E-005  1.586805379726923E-005  1.552704889111106E-005  1.499420632122988E-005  1.462140314958839E-005  1.402707091709885E-005  1.359913310663417E-005  1.337229524602012E-005  1.313452675424826E-005  1.288321291866545E-005  1.261455285849465E-005  1.232267773334494E-005  1.162121997347963E-005  1.115080460074712E-005  1.044819519532011E-005
   999.000139956823       2.556632781720841E-005  2.457196790875007E-005  2.352274124969132E-005  2.241216114940259E-005  2.123250755136403E-005  1.997440874200360E-005  1.862538718151530E-005  1.791101626915745E-005  1.716504591936907E-005  1.638092235455522E-005  1.588774398995199E-005  1.554731595076420E-005  1.501522301065872E-005  1.464283441641048E-005  1.404898766218834E-005  1.362127523715535E-005  1.339452184180948E-005  1.315681898510313E-005  1.290555524716021E-005  1.263693413500395E-005  1.234509563686258E-005  1.164379629424740E-005  1.117364087053090E-005  1.047179356276525E-005
   1002.50014044716       2.555027034886728E-005  2.456420767583253E-005  2.352147652768179E-005  2.241548459988901E-005  2.123869307825015E-005  1.998176648311215E-005  1.863251508152001E-005  1.791763887849453E-005  1.717100230490031E-005  1.638616659351210E-005  1.589258926480954E-005  1.555192343899727E-005  1.501953801752736E-005  1.464699858035825E-005  1.405298796598074E-005  1.362518758170147E-005  1.339838086404943E-005  1.316060644974228E-005  1.290923385538821E-005  1.264043834684849E-005  1.234831065565129E-005  1.164563693806631E-005  1.117377663425186E-005  1.046792474212476E-005
   1007.50014114765       2.545566545487824E-005  2.449120935793195E-005  2.346901107992303E-005  2.238226066572581E-005  2.122291179595300E-005  1.998130825780022E-005  1.864477676125906E-005  1.793513567115882E-005  1.719294073843409E-005  1.641173514668695E-005  1.591995967392706E-005  1.558034924590738E-005  1.504934020380591E-005  1.467759828166228E-005  1.408462526792709E-005  1.365742447557005E-005  1.343089262792244E-005  1.319337673671250E-005  1.294224604682372E-005  1.267367290532542E-005  1.238174189874226E-005  1.167929826896707E-005  1.120732111035984E-005  1.050068579403021E-005
   1012.50014184813       2.564245478371231E-005  2.465778389828056E-005  2.361760290285398E-005  2.251522691587146E-005  2.134263459781986E-005  2.009004983315408E-005  1.874447784348300E-005  1.803093689621616E-005  1.728512123377524E-005  1.650044579522680E-005  1.600659328786848E-005  1.566557264919637E-005  1.513236063898391E-005  1.475906646904651E-005  1.416359688588668E-005  1.373460143406658E-005  1.350713711074735E-005  1.326867185022403E-005  1.301658914499266E-005  1.274708477935833E-005  1.245428925049564E-005  1.175079243159221E-005  1.127932768336088E-005  1.057581678146530E-005
   1017.50014254862       2.546053550656952E-005  2.449315665473329E-005  2.347136110046461E-005  2.238847689299164E-005  2.123650686515851E-005  2.000554209280993E-005  1.868234147504616E-005  1.798010056544679E-005  1.724551855173800E-005  1.647187636127795E-005  1.598448373313972E-005  1.564768302883183E-005  1.512063708325922E-005  1.475132978788377E-005  1.416161716746542E-005  1.373628402118409E-005  1.351058698902695E-005  1.327383978571381E-005  1.302341609338898E-005  1.275550075588949E-005  1.246420538925139E-005  1.176329277764833E-005  1.129273592261271E-005  1.058949051576376E-005
   1022.50014324910       2.561385025476073E-005  2.463961549926981E-005  2.361043736212887E-005  2.251955753959958E-005  2.135883828141444E-005  2.011837953651727E-005  1.878493583549464E-005  1.807733547967244E-005  1.733731754487387E-005  1.655822376673137E-005  1.606758324178381E-005  1.572863572717428E-005  1.519841867093447E-005  1.482702852412970E-005  1.423425758554145E-005  1.380694294039866E-005  1.358028065430025E-005  1.334259198101516E-005  1.309126198350973E-005  1.282249361157165E-005  1.253043119606566E-005  1.182855910796891E-005  1.135825954611495E-005  1.065691843881546E-005
   1027.50014394959       2.582688414547978E-005  2.484602321948197E-005  2.380904580943542E-005  2.270896813066155E-005  2.153739519536211E-005  2.028411891569961E-005  1.893563039224372E-005  1.821959418227056E-005  1.747049735510056E-005  1.668171055214047E-005  1.618496145133203E-005  1.584182681000443E-005  1.530514802093050E-005  1.492933763626649E-005  1.432977584842160E-005  1.389784298440740E-005  1.366885410551364E-005  1.342883801501126E-005  1.317519093547738E-005  1.290413478828118E-005  1.260984490473308E-005  1.190396687121118E-005  1.143220993223344E-005  1.073044227405683E-005
   1032.50014465007       2.556399872908774E-005  2.460112801582942E-005  2.358323634932671E-005  2.250343569599785E-005  2.135350793546860E-005  2.012323827203505E-005  1.879915588617216E-005  1.809581056857911E-005  1.735970335393226E-005  1.658414155692078E-005  1.609542308778820E-005  1.575767176245334E-005  1.522909687497466E-005  1.485869980565451E-005  1.426722810180706E-005  1.384062394282941E-005  1.361425792510701E-005  1.337681971408045E-005  1.312568603767310E-005  1.285704986981749E-005  1.256504212609232E-005  1.186296453081862E-005  1.139232795984062E-005  1.069030246898955E-005
   1037.50014535055       2.560390186960489E-005  2.464290735580652E-005  2.362680152882687E-005  2.254860047305859E-005  2.139993911701653E-005  2.017054365188953E-005  1.884673024910393E-005  1.814322084648202E-005  1.740672081724037E-005  1.663050627628373E-005  1.614126505398275E-005  1.580309906319335E-005  1.527380958472309E-005  1.490286474476509E-005  1.431044740315324E-005  1.388311987149099E-005  1.365636110301424E-005  1.341850752624237E-005  1.316693331743579E-005  1.289782917927965E-005  1.260532219051735E-005  1.190212224613176E-005  1.143082365727331E-005  1.072794569199711E-005
   1042.50014605104       2.587696664875293E-005  2.490617328105839E-005  2.387907917389529E-005  2.278838778211736E-005  2.162551334606727E-005  2.037993653923813E-005  1.903774706562458E-005  1.832418928187658E-005  1.757706520665936E-005  1.678966069858342E-005  1.629344906853163E-005  1.595054254779247E-005  1.541400697093881E-005  1.503815188590925E-005  1.443828971869743E-005  1.400598950125685E-005  1.377676296846541E-005  1.353647019711349E-005  1.328250661786720E-005  1.301109370678871E-005  1.271640712009184E-005  1.200963172013338E-005  1.153740370952588E-005  1.083516449116068E-005
   1047.50014675152       2.572669089024156E-005  2.477327376848805E-005  2.376382571477088E-005  2.269109854022489E-005  2.154628662019022E-005  2.031860074721696E-005  1.899374051519009E-005  1.828845066371734E-005  1.754920928747838E-005  1.676922585459614E-005  1.627720018338373E-005  1.593695448385252E-005  1.540419498702253E-005  1.503069667427595E-005  1.443408424351186E-005  1.400371658865051E-005  1.377536869617934E-005  1.353588561711004E-005  1.328265116433146E-005  1.301187194157637E-005  1.271770391253391E-005  1.201151795280048E-005  1.153931020879874E-005  1.083696978237831E-005
   1052.50014745201       2.592841001452464E-005  2.496506087899701E-005  2.394495556615039E-005  2.286075780820773E-005  2.170365209099126E-005  2.046275162373795E-005  1.912379741740960E-005  1.841118574218462E-005  1.766448454681944E-005  1.687698618189483E-005  1.638045294644501E-005  1.603722903988269E-005  1.550004693610775E-005  1.512365623431273E-005  1.452282601310817E-005  1.408977739905490E-005  1.386015032153492E-005  1.361944485715835E-005  1.336506491864858E-005  1.309324545845659E-005  1.279818819313629E-005  1.209103363673208E-005  1.161916700307230E-005  1.091862872512173E-005
   1057.50014815249       2.577561138253380E-005  2.482570845179515E-005  2.381963789563174E-005  2.275002998974708E-005  2.160803796970982E-005  2.038272641054948E-005  1.905971925380296E-005  1.835512830181074E-005  1.761644350280508E-005  1.683686292637579E-005  1.634500393507724E-005  1.600485170425219E-005  1.547219131576681E-005  1.509873544456175E-005  1.450215877837475E-005  1.407180125483884E-005  1.384345927163786E-005  1.360398765576605E-005  1.335077434312106E-005  1.308003576106277E-005  1.278594371561976E-005  1.208014662249383E-005  1.160841480519574E-005  1.090707080420427E-005
   1062.50014885298       2.580793957953080E-005  2.486190686840304E-005  2.385952016457791E-005  2.279329171557658E-005  2.165433825403502E-005  2.043154717399219E-005  1.911027538035409E-005  1.840622252059927E-005  1.766779935830340E-005  1.688820137183831E-005  1.639620647388290E-005  1.605591180239535E-005  1.552297124694869E-005  1.514929025854348E-005  1.455233050342082E-005  1.412170945230108E-005  1.389324185538133E-005  1.365365384533758E-005  1.340034434931356E-005  1.312954138433664E-005  1.283543833707648E-005  1.212996942361401E-005  1.165883070194445E-005  1.095902013967395E-005
   1067.50014955346       2.554034172534258E-005  2.462111799837495E-005  2.364610821436019E-005  2.260773033733628E-005  2.149682374479212E-005  2.030211760342202E-005  1.900852530800226E-005  1.831794734092627E-005  1.759263678982121E-005  1.682567277548898E-005  1.634097949125511E-005  1.600543108497988E-005  1.547940440929869E-005  1.511019620045864E-005  1.451971659486247E-005  1.409324187836033E-005  1.386678211454669E-005  1.362914860091074E-005  1.337772428245770E-005  1.310871326382179E-005  1.281626862976836E-005  1.211334144525810E-005  1.164259147773100E-005  1.094132830269566E-005
   1072.50015025395       2.579103126798792E-005  2.485378472423354E-005  2.386009869922384E-005  2.280252688430523E-005  2.167195693720584E-005  2.045717452296965E-005  1.914335423304592E-005  1.844269072730839E-005  1.770743153119403E-005  1.693071623321398E-005  1.644030807014637E-005  1.610100486143854E-005  1.556947194273613E-005  1.519667167977213E-005  1.460095165523905E-005  1.417110429282954E-005  1.394300703603872E-005  1.370377803786853E-005  1.345081250439448E-005  1.318033445848059E-005  1.288652674228704E-005  1.218144387408252E-005  1.171020559125527E-005  1.100949640385179E-005
   1077.50015095443       2.564184056919887E-005  2.471649230350882E-005  2.373561911942080E-005  2.269168484514292E-005  2.157575290030383E-005  2.037645510526449E-005  1.907885346010778E-005  1.838650769974249E-005  1.765961107681164E-005  1.689128452105387E-005  1.640590398211601E-005  1.606994599406124E-005  1.554341078856368E-005  1.517392843557763E-005  1.458316540979981E-005  1.415660365197613E-005  1.393014565299952E-005  1.369255327466450E-005  1.344122563523629E-005  1.317239036968295E-005  1.288024110810806E-005  1.217864578926809E-005  1.170944903679631E-005  1.101163684693371E-005
   1082.50015165492       2.523098270838897E-005  2.433313616476442E-005  2.338172071571481E-005  2.236972048584460E-005  2.128818564852535E-005  2.012623013385840E-005  1.886903008379998E-005  1.819801342961018E-005  1.749317103925112E-005  1.674754592488865E-005  1.627605640443324E-005  1.594946819791128E-005  1.543714111930680E-005  1.507723823695931E-005  1.450101544238021E-005  1.408427524127656E-005  1.386276686615977E-005  1.363015191846884E-005  1.338382497545893E-005  1.312001093321028E-005  1.283289423461179E-005  1.214132229452303E-005  1.167704081592716E-005  1.098399128227652E-005
   1087.50015235540       2.544596734536208E-005  2.453704228937625E-005  2.357339051178444E-005  2.254768149881815E-005  2.145117775281731E-005  2.027268801945400E-005  1.899739725826724E-005  1.831684017363198E-005  1.760219538959745E-005  1.684663859578416E-005  1.636919602100196E-005  1.603865180549243E-005  1.552046669474479E-005  1.515671627813399E-005  1.457484165077106E-005  1.415443291830946E-005  1.393112753864118E-005  1.369674504517986E-005  1.344868513030656E-005  1.318317979112773E-005  1.289442265232758E-005  1.219977118431157E-005  1.173406488296130E-005  1.103960594787445E-005
   1092.50015305588       2.550745025368140E-005  2.461403665833088E-005  2.366040031273213E-005  2.263872129380969E-005  2.154000579511883E-005  2.035333051286674E-005  1.906466186827974E-005  1.837598121871441E-005  1.765270744942591E-005  1.688848108853467E-005  1.640602691246046E-005  1.607231201545033E-005  1.554969094753363E-005  1.518325298808580E-005  1.459780955141588E-005  1.417533605176778E-005  1.395108757075048E-005  1.371581014216218E-005  1.346689419515370E-005  1.320054785993472E-005  1.291092848957777E-005  1.221415047128334E-005  1.174674614883298E-005  1.104920478592465E-005
   1097.50015375637       2.467062314360220E-005  2.378037560720526E-005  2.283930903479265E-005  2.184134211122291E-005  2.077964627324823E-005  1.964553758525609E-005  1.842745042831985E-005  1.778146097141456E-005  1.710607262713139E-005  1.639500711341250E-005  1.594698904261629E-005  1.563727892554074E-005  1.515222871291201E-005  1.481187283241905E-005  1.426706104560094E-005  1.387262686397869E-005  1.366264396414581E-005  1.344176227011774E-005  1.320732334064674E-005  1.295545811693377E-005  1.268019242071643E-005  1.201057202453778E-005  1.155451660033198E-005  1.086380991528166E-005
   1102.50015445685       2.487205528951133E-005  2.396070170047347E-005  2.299890465418062E-005  2.198085762343459E-005  2.089968974925221E-005  1.974689280335337E-005  1.851118645715349E-005  1.785687457307097E-005  1.717354450766518E-005  1.645496173361532E-005  1.600267440329923E-005  1.569021957955903E-005  1.520123004598663E-005  1.485836290261511E-005  1.430997163337286E-005  1.391327274667579E-005  1.370219504276476E-005  1.348024532353897E-005  1.324476532562223E-005  1.299188942441143E-005  1.271564830695757E-005  1.204424609586951E-005  1.158748423746379E-005  1.089649458256957E-005
   1107.50015515734       2.522911631445411E-005  2.430696215216610E-005  2.333279099057257E-005  2.230034732553890E-005  2.120221316929234E-005  2.002915424243005E-005  1.876880670793726E-005  1.810023064695094E-005  1.740109013026627E-005  1.666507270865670E-005  1.620146170106163E-005  1.588109169014038E-005  1.537963658016295E-005  1.502805982553426E-005  1.446597391848767E-005  1.405974282586280E-005  1.384379305926711E-005  1.361691339224472E-005  1.337646955443068E-005  1.311863470846821E-005  1.283750615920735E-005  1.215715012899963E-005  1.169710602156727E-005  1.100535776604522E-005
   1112.50015585782       2.519618622080322E-005  2.428384270705988E-005  2.331931447495307E-005  2.229614763134429E-005  2.120668285114291E-005  2.004140049481854E-005  1.878755006813475E-005  1.812159692087652E-005  1.742467516869834E-005  1.669033522898194E-005  1.622748873100483E-005  1.590751798327512E-005  1.540649871698586E-005  1.505509325825585E-005  1.449309432730008E-005  1.408679466367035E-005  1.387077293743876E-005  1.364379969506806E-005  1.340324501655744E-005  1.314528980675907E-005  1.286405015417820E-005  1.218370778194571E-005  1.172411076440951E-005  1.103398580922351E-005
   1117.50015655831       2.536744324166393E-005  2.445830256792697E-005  2.349562485151347E-005  2.247259346653398E-005  2.138097459531408E-005  2.021042986412752E-005  1.894730661597967E-005  1.827489416991902E-005  1.757010025447124E-005  1.682641533837674E-005  1.635721856059865E-005  1.603268969012869E-005  1.552433559093616E-005  1.516770142354380E-005  1.459733171268256E-005  1.418510533713072E-005  1.396602232682269E-005  1.373593201539248E-005  1.349221608096754E-005  1.323107883949943E-005  1.294667676641436E-005  1.226045774328470E-005  1.179867003116935E-005  1.110804261049200E-005
   1122.50015725879       2.552240913347580E-005  2.460584732800226E-005  2.363510098822614E-005  2.260343936105650E-005  2.150238358637484E-005  2.032164356759897E-005  1.904756820685715E-005  1.836939336740812E-005  1.765869370184707E-005  1.690898470189737E-005  1.643613196076219E-005  1.610915856810030E-005  1.559714145133001E-005  1.523807792299515E-005  1.466410485153661E-005  1.424953976267046E-005  1.402932088693822E-005  1.379812877451899E-005  1.355335987781989E-005  1.329124013412524E-005  1.300596052576162E-005  1.231856828721377E-005  1.185678977547399E-005  1.116719715520010E-005
   1127.50015795928       2.516876596839471E-005  2.428084094868892E-005  2.333996500339993E-005  2.233922325911444E-005  2.127016402901046E-005  2.012246538839089E-005  1.888212520664130E-005  1.822101691099578E-005  1.752740983212250E-005  1.679475344924277E-005  1.633207172096379E-005  1.601184529067314E-005  1.550989404154665E-005  1.515749190227235E-005  1.459343987698745E-005  1.418542855862401E-005  1.396846483802891E-005  1.374051021672696E-005  1.349895784853372E-005  1.324002900884244E-005  1.295791136534181E-005  1.227675711109027E-005  1.181810572474865E-005  1.113186111592806E-005
   1132.50015865976       2.558171670265860E-005  2.467871076794202E-005  2.372040978966960E-005  2.269923552282421E-005  2.160634112284528E-005  2.043045486996039E-005  1.915686460186960E-005  1.847694730091813E-005  1.776298672927613E-005  1.700843513315159E-005  1.653188957880292E-005  1.620213030050261E-005  1.568546153859575E-005  1.532297941956269E-005  1.474342833337897E-005  1.432485340685082E-005  1.410254781327681E-005  1.386922155780405E-005  1.362227699496704E-005  1.335795459688069E-005  1.307046632372587E-005  1.237886214711603E-005  1.191537955428291E-005  1.122499612928496E-005
   1137.50015936025       2.533600664693438E-005  2.443884645120706E-005  2.348780282677530E-005  2.247588225383965E-005  2.139455437200003E-005  2.023334066774373E-005  1.897835512670977E-005  1.830957747616208E-005  1.760816925511111E-005  1.686771449281748E-005  1.640044365374282E-005  1.607722353152227E-005  1.557090850004557E-005  1.521571485312280E-005  1.464767267650497E-005  1.423714531897339E-005  1.401897071607235E-005  1.378983636262127E-005  1.354713641725414E-005  1.328709130134552E-005  1.300388628332699E-005  1.232062289777731E-005  1.186090673046336E-005  1.117342796615304E-005
   1142.50016006073       2.534929683375723E-005  2.446355984778802E-005  2.352350397976275E-005  2.252164792008731E-005  2.144904697280136E-005  2.029452985882013E-005  1.904338811795440E-005  1.837504274550707E-005  1.767289935387533E-005  1.693037160325432E-005  1.646114654266968E-005  1.613629916935584E-005  1.562704107582204E-005  1.526954038366573E-005  1.469749545371751E-005  1.428395258915261E-005  1.406417381277426E-005  1.383338454074004E-005  1.358899225067340E-005  1.332724619477134E-005  1.304237695593544E-005  1.235633270000003E-005  1.189607201134618E-005  1.120983779232013E-005
   1147.50016076122       2.585699706986489E-005  2.494748732558185E-005  2.398132939018180E-005  2.295073117090567E-005  2.184633913698494E-005  2.065645871320536E-005  1.936573698078819E-005  1.867595460478084E-005  1.795120237285334E-005  1.718495541573965E-005  1.670098718495775E-005  1.636612478365732E-005  1.584156689339356E-005  1.547368269312510E-005  1.488582243511155E-005  1.446158170945061E-005  1.423641945231802E-005  1.400023154142204E-005  1.375044277612190E-005  1.348332568650122E-005  1.319315550967025E-005  1.249713089431683E-005  1.203276652546627E-005  1.134459840715922E-005
   1152.50016146170       2.599293810214333E-005  2.508254175689498E-005  2.411464427732061E-005  2.308132557055979E-005  2.197291017501710E-005  2.077729715168699E-005  1.947886980398527E-005  1.878433792316140E-005  1.805418619794466E-005  1.728179838542782E-005  1.679377525940977E-005  1.645604152324530E-005  1.592690622705698E-005  1.555579565321564E-005  1.496281478847466E-005  1.453498818077496E-005  1.430798897833764E-005  1.406994568123098E-005  1.381829534560584E-005  1.354933270629404E-005  1.325737129550837E-005  1.255825683507374E-005  1.209301086244755E-005  1.140531183832068E-005
   1157.50016216218       2.581159307665318E-005  2.491451831985430E-005  2.396081481108245E-005  2.294245278683901E-005  2.184972854915457E-005  2.067067008696752E-005  1.938955822511059E-005  1.870390840603036E-005  1.798276802918632E-005  1.721950053180443E-005  1.673700034902120E-005  1.640295775868263E-005  1.587939543383055E-005  1.551200540322055E-005  1.492461796948657E-005  1.450050976150875E-005  1.427536113300804E-005  1.403915910390918E-005  1.378933430471832E-005  1.352217707480014E-005  1.323199417072087E-005  1.253633040897460E-005  1.207277682942404E-005  1.138694775557248E-005
   1162.50016286267       2.557599957771157E-005  2.469461298615547E-005  2.375699755255633E-005  2.275524079552394E-005  2.167970259734444E-005  2.051821508697087E-005  1.925503060691949E-005  1.857847620122758E-005  1.786648020107435E-005  1.711242497042206E-005  1.663550712742558E-005  1.630520604125213E-005  1.578732770657998E-005  1.542377973093983E-005  1.484224223528616E-005  1.442210748843021E-005  1.419896314065074E-005  1.396477792109044E-005  1.371697555548289E-005  1.345183781841857E-005  1.316365087998017E-005  1.247170097943355E-005  1.200950207003868E-005  1.132333861611229E-005
   1167.50016356315       2.582900480691705E-005  2.494302846958566E-005  2.399898024141204E-005  2.298868408863705E-005  2.190213112872233E-005  2.072668922188633E-005  1.944609794432082E-005  1.875939718529028E-005  1.803623327531278E-005  1.727004232089585E-005  1.678535646720201E-005  1.644969781163138E-005  1.592348420976032E-005  1.555419395471342E-005  1.496376543475401E-005  1.453752624647565E-005  1.431128458477716E-005  1.407397493568537E-005  1.382303406536759E-005  1.355476115899065E-005  1.326347545420387E-005  1.256577303887274E-005  1.210145215836927E-005  1.141536218124236E-005
   1172.50016426364       2.626043796500960E-005  2.535513530909204E-005  2.439028381293500E-005  2.335741535738153E-005  2.224603027242267E-005  2.104287051362127E-005  1.973091302213168E-005  1.902690289719444E-005  1.828523289283469E-005  1.749921819108020E-005  1.700198516203998E-005  1.665766822553622E-005  1.611804330587440E-005  1.573951324461958E-005  1.513477024032877E-005  1.469869357156092E-005  1.446745474632372E-005  1.422511310209963E-005  1.396912455837397E-005  1.369582447655724E-005  1.339959931774680E-005  1.269289295852290E-005  1.222533557009942E-005  1.153888464969781E-005
   1177.50016496412       2.586132476720947E-005  2.498577601561644E-005  2.405182257536506E-005  2.305067785463817E-005  2.197198634472795E-005  2.080255292424333E-005  1.952516135969865E-005  1.883870080720412E-005  1.811470245695106E-005  1.734647121469441E-005  1.685997825415585E-005  1.652285088415833E-005  1.599405480418377E-005  1.562278729560208E-005  1.502900211378944E-005  1.460025728280576E-005  1.437268216274204E-005  1.413398976560343E-005  1.388162178058637E-005  1.361188967237141E-005  1.331913839838901E-005  1.261876244451391E-005  1.215364451366225E-005  1.146821456417995E-005
   1182.50016566461       2.564819279737814E-005  2.478343402841500E-005  2.386213386407213E-005  2.287601792982666E-005  2.181505817674837E-005  2.066644433398363E-005  1.941330779781711E-005  1.874034120825089E-005  1.803068237681375E-005  1.727763450180301E-005  1.680062578577124E-005  1.646997737558272E-005  1.595110839932595E-005  1.558660401504561E-005  1.500320852397815E-005  1.458157444145689E-005  1.435762351659819E-005  1.412261059877185E-005  1.387399166880985E-005  1.360809540259647E-005  1.331929985293539E-005  1.262747694382617E-005  1.216736173433593E-005  1.148858617160184E-005
   1187.50016636509       2.574029938027458E-005  2.487023949124020E-005  2.394238843145738E-005  2.294829818996066E-005  2.187766847975767E-005  2.071731477747506E-005  1.945006909426095E-005  1.876904877896034E-005  1.805073829857050E-005  1.728842587566917E-005  1.680557423441495E-005  1.647094759008629E-005  1.594597951373127E-005  1.557733225524046E-005  1.498760744327242E-005  1.456166548239610E-005  1.433553021999221E-005  1.409830363045117E-005  1.384743346337779E-005  1.357923108585680E-005  1.328804415053984E-005  1.259082886130329E-005  1.212708684056923E-005  1.144173654226591E-005
   1192.50016706558       2.641232112408297E-005  2.551348126303784E-005  2.455384909680302E-005  2.352451542370622E-005  2.241434428776231E-005  2.120934455440961E-005  1.989132737591179E-005  1.918233407783067E-005  1.843414764863906E-005  1.764005231126621E-005  1.713720128515886E-005  1.678886121956900E-005  1.624273656962414E-005  1.585958851745530E-005  1.524750583690387E-005  1.480625897259568E-005  1.457236309496885E-005  1.432731586244586E-005  1.406858988679644E-005  1.379254296777223E-005  1.349360524054596E-005  1.278203681982116E-005  1.231300295933987E-005  1.162746519841718E-005
   1197.50016776606       2.531583000244093E-005  2.447521618125968E-005  2.357972024215221E-005  2.262058758741769E-005  2.158800443507588E-005  2.046909357999508E-005  1.924669920287359E-005  1.858934244893049E-005  1.789539437874211E-005  1.715799666900806E-005  1.669028861243223E-005  1.636580802991275E-005  1.585608139107571E-005  1.549759911002655E-005  1.492305488052438E-005  1.450715815215309E-005  1.428600572162424E-005  1.405372536296795E-005  1.380775237075504E-005  1.354439020459485E-005  1.325797129918951E-005  1.257006212930487E-005  1.211099532888107E-005  1.143115267325239E-005
   1202.50016846655       2.600071144487382E-005  2.513437626511298E-005  2.420951849996538E-005  2.321708515852441E-005  2.214610002087824E-005  2.098244196036476E-005  1.970788009678682E-005  1.902120066201837E-005  1.829561533585479E-005  1.752417707582168E-005  1.703487236285328E-005  1.669550819997893E-005  1.616274154150578E-005  1.578841820646875E-005  1.518940761359976E-005  1.475676255612357E-005  1.452712559883824E-005  1.428631091199355E-005  1.403178936458580E-005  1.375991997715249E-005  1.346513630834489E-005  1.276188823306563E-005  1.229719997969330E-005  1.161680502103949E-005
   1207.50016916703       2.582366149345519E-005  2.496891212641585E-005  2.405648702044310E-005  2.307749343252716E-005  2.202100061061200E-005  2.087330606008884E-005  1.961611341226946E-005  1.893865224848152E-005  1.822275403800136E-005  1.746139005365135E-005  1.697833652425364E-005  1.664322677319482E-005  1.611696484895179E-005  1.574705828421007E-005  1.515480260684749E-005  1.472673474736079E-005  1.449941002206236E-005  1.426092160753164E-005  1.400874289847545E-005  1.373923813217446E-005  1.344685206751496E-005  1.274864187812062E-005  1.228682803511369E-005  1.161022129997763E-005
   1212.50016986752       2.624124117449184E-005  2.536917085076979E-005  2.443671278812513E-005  2.343497368365282E-005  2.235228931796282E-005  2.117413179915719E-005  1.988143468382711E-005  1.918411549064401E-005  1.844675061802153E-005  1.766237012702775E-005  1.716476192852829E-005  1.681963699679613E-005  1.627790739887205E-005  1.589739102389233E-005  1.528876088511880E-005  1.484946802475705E-005  1.461643831355669E-005  1.437218350109422E-005  1.411418414256301E-005  1.383881090689196E-005  1.354052482272922E-005  1.283057976854058E-005  1.236314339888249E-005  1.168156480182227E-005
   1217.50017056800       2.652791080182929E-005  2.564116670215882E-005  2.469248114054519E-005  2.367238500694852E-005  2.256922048733315E-005  2.136795827058560E-005  2.004898028329736E-005  1.933727294580443E-005  1.858467891342290E-005  1.778424966106714E-005  1.727668634205225E-005  1.692479584425437E-005  1.637279773923070E-005  1.598535887471628E-005  1.536627270436678E-005  1.491996851558998E-005  1.468342458692559E-005  1.443565730905208E-005  1.417414754151315E-005  1.389527951650234E-005  1.359353192837373E-005  1.287694193631008E-005  1.240656874274186E-005  1.172288234960068E-005
   1222.50017126848       2.654147965413289E-005  2.565779802663487E-005  2.471221018908331E-005  2.369490406266944E-005  2.259412312621230E-005  2.139461457943165E-005  2.007651264058942E-005  1.936477117933940E-005  1.861173479419452E-005  1.781046302269725E-005  1.730215399167249E-005  1.694969024747732E-005  1.639667877795994E-005  1.600847902184317E-005  1.538811207656578E-005  1.494086806749882E-005  1.470382903201371E-005  1.445554894223940E-005  1.419351499288557E-005  1.391411219417194E-005  1.361183321146679E-005  1.289430586769865E-005  1.242370708618418E-005  1.174044982154360E-005
   1227.50017196897       2.643120546056039E-005  2.556001550817180E-005  2.462729497848400E-005  2.362314125337909E-005  2.253557740278806E-005  2.134920970707052E-005  2.004384429376290E-005  1.933812192854879E-005  1.859080115284956E-005  1.779482315474011E-005  1.728946526416135E-005  1.693886127864275E-005  1.638850096409969E-005  1.600194893156442E-005  1.538389563331119E-005  1.493808070078057E-005  1.470172091795460E-005  1.445409760210215E-005  1.419269813789135E-005  1.391391164874614E-005  1.361223362656251E-005  1.289592627020126E-005  1.242606405914304E-005  1.174400227497601E-005
   1232.50017266945       2.652445094419712E-005  2.564726243195733E-005  2.470780390078906E-005  2.369650262434616E-005  2.260120156173145E-005  2.140635366729326E-005  2.009187695887950E-005  1.938141008808037E-005  1.862922464135902E-005  1.782832327895862E-005  1.732005687446917E-005  1.696752877846525E-005  1.641434712268363E-005  1.602598164655161E-005  1.540535045182802E-005  1.495793997287326E-005  1.472082503277012E-005  1.447248607450662E-005  1.421041364309922E-005  1.393100409044782E-005  1.362876635720763E-005  1.291161211349551E-005  1.244154467949531E-005  1.175956628711713E-005
   1237.50017336994       2.656324461725124E-005  2.568963276995114E-005  2.475361978317397E-005  2.374550258185030E-005  2.265260699424099E-005  2.145913650473070E-005  2.014443805522166E-005  1.943298416189974E-005  1.867912629138251E-005  1.787575804745062E-005  1.736554526255057E-005  1.701154046838839E-005  1.645584513663657E-005  1.606560416390107E-005  1.544183128275253E-005  1.499209288121182E-005  1.475373879187935E-005  1.450410898290654E-005  1.424069337420076E-005  1.395989493534131E-005  1.365623073234603E-005  1.293627119983342E-005  1.246508394499497E-005  1.178292140623782E-005
   1242.50017407042       2.643717451194078E-005  2.557069514405189E-005  2.464253663103129E-005  2.364304443969863E-005  2.255992417002488E-005  2.137731752078496E-005  2.007486342858064E-005  1.937012758150833E-005  1.862334098463667E-005  1.782745239392910E-005  1.732193206159966E-005  1.697115814420885E-005  1.642046479725711E-005  1.603367512528188E-005  1.541528573817730E-005  1.496930099476457E-005  1.473287835718751E-005  1.448522112014200E-005  1.422382280294626E-005  1.394508867920437E-005  1.364354352534785E-005  1.292805039970596E-005  1.245933201130273E-005  1.178022563016654E-005
   1247.50017477091       2.667694791101903E-005  2.580442930889280E-005  2.486874557647932E-005  2.385979886216858E-005  2.276467173774689E-005  2.156703522622906E-005  2.024550477968419E-005  1.952937315139656E-005  1.876982646610331E-005  1.795964631654012E-005  1.744482124914063E-005  1.708750232913739E-005  1.652649177820168E-005  1.613248150530895E-005  1.550271216630132E-005  1.504874238101010E-005  1.480820051697834E-005  1.455633142513811E-005  1.429063334543327E-005  1.400751077343197E-005  1.370150618564582E-005  1.297704447191387E-005  1.250408069232160E-005  1.182153277659045E-005
   1252.50017547139       2.656222222264452E-005  2.569721446080993E-005  2.476914628713972E-005  2.376867953573801E-005  2.268278502649637E-005  2.149518928382962E-005  2.018448317225558E-005  1.947404423038945E-005  1.872029973715979E-005  1.791604463778703E-005  1.740481216361555E-005  1.704990810111863E-005  1.649256835430339E-005  1.610101554685800E-005  1.547497945289059E-005  1.502351308246628E-005  1.478422392603061E-005  1.453360495550896E-005  1.426914390913818E-005  1.398723829557365E-005  1.368240918098605E-005  1.296004322719222E-005  1.248785409008799E-005  1.180568900075926E-005
   1257.50017617188       2.668369053013629E-005  2.582030460519411E-005  2.489357517802784E-005  2.389240717528801E-005  2.280427426229322E-005  2.161214207865791E-005  2.029374852125954E-005  1.957803861931052E-005  1.881797960083722E-005  1.800620235957691E-005  1.748982850648959E-005  1.713124535716077E-005  1.656795165474357E-005  1.617217347742160E-005  1.553936792259661E-005  1.508311371855964E-005  1.484134862310019E-005  1.458820272301852E-005  1.432116838599351E-005  1.403665859960327E-005  1.372922139147697E-005  1.300189472845192E-005  1.252774767064929E-005  1.184495156791179E-005
   1262.50017687236       2.667309327370277E-005  2.581348192810414E-005  2.489026894587864E-005  2.389298341073294E-005  2.280847375796996E-005  2.161980865202087E-005  2.030436664122994E-005  1.958965875078580E-005  1.883024000799688E-005  1.801863928759295E-005  1.750213358465106E-005  1.714335923295413E-005  1.657963383087362E-005  1.618345831188612E-005  1.554992900431785E-005  1.509308847050750E-005  1.485099911612931E-005  1.459750339137936E-005  1.433009361957480E-005  1.404518410218857E-005  1.373732141630262E-005  1.300911414461263E-005  1.253462729052752E-005  1.185200253218285E-005
   1267.50017757285       2.653752908936915E-005  2.568511365139699E-005  2.477003884310359E-005  2.378183538522727E-005  2.270771440450839E-005  2.153064443966836E-005  2.022835957070040E-005  1.952102333812404E-005  1.876939554879176E-005  1.796605360279173E-005  1.745473896792279E-005  1.709948873222524E-005  1.654121295321983E-005  1.614875808126523E-005  1.552092325889375E-005  1.506796797469825E-005  1.482784869446594E-005  1.457634200506724E-005  1.431094566257085E-005  1.402807133467288E-005  1.372227550552035E-005  1.299835759847622E-005  1.252618723318864E-005  1.184628995921820E-005
   1272.50017827333       2.677165549019012E-005  2.591162585224007E-005  2.498762057871635E-005  2.398857729520911E-005  2.290122205832407E-005  2.170816721090397E-005  2.038638279028264E-005  1.966767517696601E-005  1.890352250820502E-005  1.808641074133827E-005  1.756622410016194E-005  1.720482442452494E-005  1.663692041670843E-005  1.623779927500160E-005  1.559960839332099E-005  1.513949854288783E-005  1.489572457087489E-005  1.464051213329011E-005  1.437136513899477E-005  1.408470223452397E-005  1.377510002413030E-005  1.304372619157207E-005  1.256822862659911E-005  1.188608359830144E-005
   1277.50017897382       2.686972497905607E-005  2.601498236282683E-005  2.509456895719368E-005  2.409733378395913E-005  2.300949158054906E-005  2.181317926989980E-005  2.048470690865993E-005  1.976115892997893E-005  1.899099183144815E-005  1.816665294544688E-005  1.764149669502304E-005  1.727652418816405E-005  1.670289825536323E-005  1.629972075036142E-005  1.565507100684232E-005  1.519040409575405E-005  1.494427530063699E-005  1.468665874233631E-005  1.441505279909181E-005  1.412588862482354E-005  1.381375371153844E-005  1.307743960825511E-005  1.259989321550869E-005  1.191706122566476E-005
   1282.50017967430       2.591970709614309E-005  2.516265399175780E-005  2.433815277046314E-005  2.343519180653762E-005  2.243933380579544E-005  2.133206418554852E-005  2.008933971118549E-005  1.940723944686996E-005  1.867743056063150E-005  1.789222139966085E-005  1.738989916532486E-005  1.703986878642383E-005  1.648821382732566E-005  1.609940230637142E-005  1.547592234660627E-005  1.502512447755921E-005  1.478585570715019E-005  1.453503071753164E-005  1.427012716583416E-005  1.398752614394230E-005  1.368173386423824E-005  1.295658335632632E-005  1.248269019866640E-005  1.179927211204322E-005
   1287.50018037478       2.670388442722920E-005  2.585845888158647E-005  2.494895866500428E-005  2.396387099440316E-005  2.288985583519888E-005  2.170887820589386E-005  2.039726625509796E-005  1.968254530135418E-005  1.892134779932508E-005  1.810598368459632E-005  1.758614504282023E-005  1.722469011592179E-005  1.665623498588025E-005  1.625642750541217E-005  1.561666978199334E-005  1.515511343384300E-005  1.491047256671828E-005  1.465428222688529E-005  1.438402584670183E-005  1.409610922496198E-005  1.378508581944468E-005  1.305032800440543E-005  1.257297351665002E-005  1.188956600613809E-005
   1292.50018107527       2.655029595374195E-005  2.571053704029314E-005  2.480720814782603E-005  2.382955618652626E-005  2.276390436204534E-005  2.159265569284153E-005  2.029194750327207E-005  1.958314778263167E-005  1.882832380179062E-005  1.801972124377729E-005  1.750417893113990E-005  1.714568577082492E-005  1.658188022543990E-005  1.618534069365101E-005  1.555077162621313E-005  1.509290201725216E-005  1.485018378648112E-005  1.459596964262076E-005  1.432774467090358E-005  1.404191020272033E-005  1.373300902873824E-005  1.300248298616384E-005  1.252701749596156E-005  1.184468983394612E-005
   1297.50018177575       2.690314587573494E-005  2.605592617270735E-005  2.514334286353903E-005  2.415438093319918E-005  2.307459091902068E-005  2.188538093615618E-005  2.056162046639350E-005  1.983884634113590E-005  1.906796195762930E-005  1.824101375828772E-005  1.771324920742279E-005  1.734606900530419E-005  1.676837653015740E-005  1.636201258676621E-005  1.571180226950153E-005  1.524289789921248E-005  1.499447922972962E-005  1.473444764479584E-005  1.446029933424025E-005  1.416845946837714E-005  1.385353006334246E-005  1.311145200827100E-005  1.263136163793877E-005  1.194764823691778E-005
   1302.50018247624       2.677548110661898E-005  2.593637724119267E-005  2.503273387637681E-005  2.405352251980033E-005  2.298486134098210E-005  2.180793565924741E-005  2.049769283419926E-005  1.978228010524385E-005  1.901901876662403E-005  1.819997358886783E-005  1.767700283423001E-005  1.731300594723961E-005  1.674011113538776E-005  1.633688945995504E-005  1.569132965635594E-005  1.522546520037062E-005  1.497855237349308E-005  1.472002383487484E-005  1.444737402727655E-005  1.415704000544271E-005  1.384362982523594E-005  1.310471305662896E-005  1.262633799898927E-005  1.194456076192380E-005
   1307.50018317672       2.698859313833687E-005  2.614594710927569E-005  2.523768293999683E-005  2.425208127831310E-005  2.317472160941594E-005  2.198606847090205E-005  2.066018825759482E-005  1.993487959639812E-005  1.916018827020603E-005  1.832789846801397E-005  1.779608313682000E-005  1.742582059660136E-005  1.684290760928131E-005  1.643261927333997E-005  1.577584714353553E-005  1.530208294957679E-005  1.505107269404161E-005  1.478834362069438E-005  1.451138849942835E-005  1.421664261733125E-005  1.389871883876267E-005  1.315067299220945E-005  1.266806668869467E-005  1.198350115386045E-005
   1312.50018387721       2.649019867832686E-005  2.566935224557432E-005  2.478556511659771E-005  2.382752453841426E-005  2.278122415421480E-005  2.162815768627594E-005  2.034326445368706E-005  1.964099653508928E-005  1.889122874721298E-005  1.808595073164050E-005  1.757142384839469E-005  1.721316564890529E-005  1.664899828699720E-005  1.625175105838499E-005  1.561543866872235E-005  1.515596910157637E-005  1.491233566223458E-005  1.465713739381189E-005  1.438787283753080E-005  1.410098345286927E-005  1.379107258159640E-005  1.305935958184981E-005  1.258483651151091E-005  1.190777319393399E-005
   1317.50018457769       2.659127661503036E-005  2.577341195157477E-005  2.489209621266796E-005  2.393555182697813E-005  2.288938714680987E-005  2.173471805286985E-005  2.044558191201246E-005  1.973974222776168E-005  1.898512279418943E-005  1.817354449253932E-005  1.765440104720834E-005  1.729268381863236E-005  1.672273693615683E-005  1.632121250273940E-005  1.567782608765558E-005  1.521316903506096E-005  1.496678056847492E-005  1.470872002615008E-005  1.443647827762319E-005  1.414649166174067E-005  1.383337045014572E-005  1.309504612226059E-005  1.261741397165849E-005  1.193831456438518E-005
   1322.50018527818       2.699724004376072E-005  2.616231944718628E-005  2.526156631920585E-005  2.428300838337074E-005  2.321177123252459E-005  2.202799410893608E-005  2.070468934485247E-005  1.997942017363978E-005  1.920366671788127E-005  1.836896650705024E-005  1.783497782634640E-005  1.746293685965362E-005  1.687685756403565E-005  1.646415388897035E-005  1.580328697300889E-005  1.532647755186497E-005  1.507384642626386E-005  1.480941486507868E-005  1.453067291316662E-005  1.423404627153265E-005  1.391414149155639E-005  1.316185996311856E-005  1.267717634976561E-005  1.199134582454540E-005
   1327.50018597866       2.667665576541232E-005  2.585834423203036E-005  2.497596144905346E-005  2.401769110132587E-005  2.296881026418567E-005  2.180989425981186E-005  2.051428264905198E-005  1.980400290300022E-005  1.904402048146909E-005  1.822578190273709E-005  1.770199058595542E-005  1.733685886151802E-005  1.676131532762811E-005  1.635571597589122E-005  1.570566442090481E-005  1.523614131843901E-005  1.498717216988175E-005  1.472642177582408E-005  1.445136221997965E-005  1.415841225850758E-005  1.384215996311352E-005  1.309693906191045E-005  1.261545027677791E-005  1.193214013738565E-005
   1332.50018667915       2.688230320336321E-005  2.606292183192783E-005  2.517777327670886E-005  2.421596269563057E-005  2.316140864281298E-005  2.199404148418355E-005  2.068616580267411E-005  1.996789827586512E-005  1.919823709224792E-005  1.836857249202878E-005  1.783695000976361E-005  1.746617649562046E-005  1.688147687259868E-005  1.646931725650363E-005  1.580865895032663E-005  1.533153998963110E-005  1.507859921261359E-005  1.481374947275240E-005  1.453446075582765E-005  1.423714986657554E-005  1.391641471316941E-005  1.316211710709672E-005  1.267654435699990E-005  1.199113940596826E-005
   1337.50018737963       2.692607790353353E-005  2.610720470690815E-005  2.522313528528263E-005  2.426152657144890E-005  2.320704920526733E-005  2.203930158655466E-005  2.073025902172682E-005  2.001087694889365E-005  1.923974311089967E-005  1.840804249956046E-005  1.787487759023812E-005  1.750291087824107E-005  1.691620121817277E-005  1.650251328443123E-005  1.583934201486505E-005  1.536038691535018E-005  1.510648444879975E-005  1.484065130057445E-005  1.456036109657306E-005  1.426204404027964E-005  1.394031625297789E-005  1.318424109794572E-005  1.269807560945951E-005  1.201263514202733E-005
   1342.50018808012       2.716277459495282E-005  2.633943269138358E-005  2.544923059726469E-005  2.447978336360348E-005  2.341523685311751E-005  2.223427575807802E-005  2.090772909644447E-005  2.017763606201230E-005  1.939406660608473E-005  1.854797104868616E-005  1.800514290260194E-005  1.762628549904885E-005  1.702847486712027E-005  1.660690940172976E-005  1.593114784667357E-005  1.544324594763958E-005  1.518468988570290E-005  1.491407974844797E-005  1.462888583062973E-005  1.432552168530202E-005  1.399861131759233E-005  1.323186138863427E-005  1.274045150560478E-005  1.205068418460713E-005
   1347.50018878060       2.713453215662328E-005  2.631499642516147E-005  2.542869342215132E-005  2.446332392265997E-005  2.340303830755310E-005  2.222657295068566E-005  2.090452492468437E-005  2.017654143440045E-005  1.939504286257165E-005  1.855075280643265E-005  1.800884600851118E-005  1.763054019867731E-005  1.703343922595669E-005  1.661223803085335E-005  1.593686630432632E-005  1.544910502406790E-005  1.519059029516266E-005  1.491998596247709E-005  1.463476739797985E-005  1.433135390782652E-005  1.400436968146389E-005  1.323752098071860E-005  1.274630757791856E-005  1.205762335784575E-005
   1352.50018948108       2.720103964574190E-005  2.638459761274920E-005  2.550084019591380E-005  2.453745142298258E-005  2.347804880063175E-005  2.230065469213230E-005  2.097537239374408E-005  2.024456561292819E-005  1.945909717087386E-005  1.860960434732188E-005  1.806385335815730E-005  1.768266482796537E-005  1.708073194861282E-005  1.665598592153941E-005  1.597478997849696E-005  1.548279848814165E-005  1.522205539545796E-005  1.494914535744020E-005  1.466153858172590E-005  1.435564205617768E-005  1.402607464748748E-005  1.325373918365014E-005  1.275967763396320E-005  1.206838723286681E-005
   1357.50019018157       2.688238916597256E-005  2.608093626384617E-005  2.521460042553373E-005  2.427023198279744E-005  2.323263395816754E-005  2.208036694439673E-005  2.078394642445583E-005  2.006917008067109E-005  1.930090607395484E-005  1.846975235219351E-005  1.793558770168750E-005  1.756232013630272E-005  1.697259296911845E-005  1.655616123895776E-005  1.588765988522162E-005  1.540427590413352E-005  1.514786685708615E-005  1.487931062797115E-005  1.459606161583888E-005  1.429452329724591E-005  1.396929856520860E-005  1.320548700700203E-005  1.271551314746372E-005  1.202817892903695E-005
   1362.50019088205       2.695071641749288E-005  2.614892780080507E-005  2.528077700295691E-005  2.433444830365719E-005  2.329318643291402E-005  2.213566624536702E-005  2.083135774867228E-005  2.011137145153016E-005  1.933685777042987E-005  1.849823477072820E-005  1.795890388153333E-005  1.758189895195578E-005  1.698611140522749E-005  1.656535082799466E-005  1.588989888991966E-005  1.540153828438993E-005  1.514253187048137E-005  1.487128459523630E-005  1.458524679381562E-005  1.428079025098176E-005  1.395248665941341E-005  1.318176910298505E-005  1.268767126139164E-005  1.199505498375824E-005
   1367.50019158254       2.710532849611936E-005  2.630435821113757E-005  2.543662540678356E-005  2.448966147440414E-005  2.344731104073774E-005  2.228732651542668E-005  2.097902045277380E-005  2.025583026591518E-005  1.947708055046348E-005  1.863287632308495E-005  1.808936350112756E-005  1.770916401741680E-005  1.710790855670972E-005  1.668297849892745E-005  1.600044898588035E-005  1.550677490036008E-005  1.524491784300993E-005  1.497068554263811E-005  1.468153050915963E-005  1.437383631530596E-005  1.404219751619492E-005  1.326487403955415E-005  1.276811278679437E-005  1.207512186388683E-005
   1372.50019228302       2.725575746443668E-005  2.645967303389821E-005  2.559612614039060E-005  2.465190170629343E-005  2.361015711950529E-005  2.244761859628373E-005  2.113233878312998E-005  2.040338595959020E-005  1.961697089108818E-005  1.876277252059392E-005  1.821197020485689E-005  1.782634405021677E-005  1.721599850234686E-005  1.678434113601750E-005  1.609070509335224E-005  1.558891117186315E-005  1.532276674334535E-005  1.504410464401778E-005  1.475036405141466E-005  1.443793287007544E-005  1.410141554182384E-005  1.331412665699828E-005  1.281268307580334E-005  1.211649837920589E-005
   1377.50019298351       2.720819252158827E-005  2.641332252294940E-005  2.555081860615067E-005  2.460861953583047E-005  2.356924944395000E-005  2.240991976362400E-005  2.109850755916260E-005  2.037186565557968E-005  1.958781256524919E-005  1.873609101038896E-005  1.818680836600514E-005  1.780222604805004E-005  1.719341469437248E-005  1.676282933597018E-005  1.607083601162909E-005  1.557016988646862E-005  1.530460418320444E-005  1.502652078999249E-005  1.473335497450893E-005  1.442147998803485E-005  1.408548858779523E-005  1.329901796313641E-005  1.279774184169471E-005  1.210139693041913E-005
   1382.50019368399       2.731578070886169E-005  2.652216814302114E-005  2.565992906251279E-005  2.471744922085489E-005  2.367693943422545E-005  2.251483544442896E-005  2.119850175042073E-005  2.046824313252283E-005  1.967949568951529E-005  1.882180132749987E-005  1.826818299310725E-005  1.788033287872446E-005  1.726605802675192E-005  1.683137841939021E-005  1.613252611304027E-005  1.562677219506578E-005  1.535848105257713E-005  1.507754573545355E-005  1.478138781906138E-005  1.446638348237249E-005  1.412711028949567E-005  1.333374477873381E-005  1.282915662222124E-005  1.213069576892701E-005
   1387.50019438448       2.721807045211423E-005  2.642735863811540E-005  2.556942228278385E-005  2.463088533630385E-005  2.359468168898145E-005  2.243761657409858E-005  2.112594556103566E-005  2.039792125642196E-005  1.961141182596465E-005  1.875572772614433E-005  1.820325899850205E-005  1.781611259653844E-005  1.720287922494088E-005  1.676887071004661E-005  1.607103093924031E-005  1.556597394703600E-005  1.529803606148560E-005  1.501743911211744E-005  1.472159462450125E-005  1.440684487325458E-005  1.406772876167155E-005  1.327398283876047E-005  1.276836969139344E-005  1.206718680873227E-005
   1392.50019508496       2.734606854226761E-005  2.655567004418307E-005  2.569720085416718E-005  2.475701159324175E-005  2.371776583580152E-005  2.255526253186349E-005  2.123571640173446E-005  2.050237671931937E-005  1.970927764499244E-005  1.884543606493921E-005  1.828719183557287E-005  1.789582779708590E-005  1.727559436891849E-005  1.683649157390745E-005  1.613036451936263E-005  1.561939050425088E-005  1.534840064155023E-005  1.506471208655677E-005  1.476575087428735E-005  1.444789774868898E-005  1.410573130023102E-005  1.330635432057779E-005  1.279835286330335E-005  1.209476561100118E-005
   1397.50019578545       2.734442613734859E-005  2.655907845215479E-005  2.570533718636321E-005  2.477022485368085E-005  2.373602595930556E-005  2.257835709901992E-005  2.126293898172128E-005  2.053115445089338E-005  1.973917301509958E-005  1.887586871504685E-005  1.831756365177582E-005  1.792593061445820E-005  1.730502416890668E-005  1.686521851436169E-005  1.615767231374161E-005  1.564547710646919E-005  1.537379276850624E-005  1.508933963123807E-005  1.478954660090852E-005  1.447077410441529E-005  1.412759845123275E-005  1.332595655956339E-005  1.281691743612702E-005  1.211348091665567E-005
   1402.50019648593       2.712538755469068E-005  2.634936352344410E-005  2.550664873510037E-005  2.458382900372182E-005  2.356356779527144E-005  2.242214686329111E-005  2.112571031408627E-005  2.040456365319167E-005  1.962400220826241E-005  1.877296876359298E-005  1.822235968558448E-005  1.783599253807182E-005  1.722313955134978E-005  1.678881661550905E-005  1.608956282836297E-005  1.558292006889532E-005  1.531398830486737E-005  1.503226780173935E-005  1.473515818536531E-005  1.441900669699229E-005  1.407834507154238E-005  1.328112356844955E-005  1.277371472532495E-005  1.207119599203872E-005
   1407.50019718641       2.726060949342531E-005  2.647549377880108E-005  2.562162376756357E-005  2.468619154759331E-005  2.365144305991534E-005  2.249349674714368E-005  2.117803356042884E-005  2.044654317336008E-005  1.965518407175881E-005  1.879309439435590E-005  1.823595930899238E-005  1.784536186195504E-005  1.722650934208970E-005  1.678853711585374E-005  1.608462114692990E-005  1.557562019985630E-005  1.530579631219639E-005  1.502340300068396E-005  1.472586983651359E-005  1.440956483544592E-005  1.406904445525678E-005  1.327312827303694E-005  1.276695236680150E-005  1.206607743392933E-005
   1412.50019788690       2.684792037721963E-005  2.607233328713265E-005  2.522970655145557E-005  2.430720717987330E-005  2.328794733625737E-005  2.214904096583499E-005  2.085787582224945E-005  2.014141511994816E-005  1.936759450216559E-005  1.852624092832698E-005  1.798342152117513E-005  1.760332550673168E-005  1.700179458712604E-005  1.657654807644886E-005  1.589377993863986E-005  1.540040946445130E-005  1.513891599139394E-005  1.486522163126332E-005  1.457677783398788E-005  1.426996648431353E-005  1.393935727651101E-005  1.316439460768725E-005  1.266891031596647E-005  1.197770284754979E-005
   1417.50019858738       2.715263582303322E-005  2.636678022172306E-005  2.551221767723722E-005  2.457536660018130E-005  2.353909987775362E-005  2.237892065112530E-005  2.106179623251095E-005  2.032989464414072E-005  1.953871005711477E-005  1.867782763505561E-005  1.812215362206857E-005  1.773299245499389E-005  1.711712823551144E-005  1.668186596651330E-005  1.598342834572564E-005  1.547922665637898E-005  1.521221318073049E-005  1.493291789447260E-005  1.463879328713377E-005  1.432620870834565E-005  1.398971512092705E-005  1.320257151711269E-005  1.270082404747135E-005  1.200366172073426E-005
   1422.50019928787       2.674097621952168E-005  2.597788006041251E-005  2.514887634977416E-005  2.424074088690600E-005  2.323651542011311E-005  2.211333950702641E-005  2.083829622458371E-005  2.012969401174122E-005  1.936329057005135E-005  1.852857244732171E-005  1.798918517820936E-005  1.761104542459738E-005  1.701187123609060E-005  1.658776408654761E-005  1.590591865133640E-005  1.541255553108676E-005  1.515085211507907E-005  1.487677994690087E-005  1.458775983308374E-005  1.428013382233567E-005  1.394842461805782E-005  1.317018138622521E-005  1.267258396596983E-005  1.198010432168739E-005
   1427.50019998835       2.629886552021001E-005  2.555126791695007E-005  2.474002504626728E-005  2.385269886078719E-005  2.287293647339295E-005  2.177889627010246E-005  2.053895439011513E-005  1.985065950295443E-005  1.910676498301641E-005  1.829706242524636E-005  1.777394436131901E-005  1.740726155907847E-005  1.682615554053101E-005  1.641470099813079E-005  1.575279127158929E-005  1.527340963536422E-005  1.501892272561845E-005  1.475222807853439E-005  1.447075470658191E-005  1.417085525884502E-005  1.384704475923461E-005  1.308502745739446E-005  1.259553957808265E-005  1.191059866532365E-005
   1432.50020068884       2.709273875219106E-005  2.632470246390882E-005  2.548847511255408E-005  2.457141875991271E-005  2.355564197846595E-005  2.241633510991366E-005  2.111938900887743E-005  2.039664648364060E-005  1.961340916793637E-005  1.875840618272364E-005  1.820481023773959E-005  1.781622677242308E-005  1.719977934574240E-005  1.676299966236922E-005  1.606019726890106E-005  1.555145574234751E-005  1.528159969685318E-005  1.499904396274965E-005  1.470117970531185E-005  1.438432339794370E-005  1.404295991432237E-005  1.324407494622964E-005  1.273568774743884E-005  1.203317243301588E-005
   1437.50020138932       2.733550667317951E-005  2.656494200690431E-005  2.572503661708051E-005  2.480228714725000E-005  2.377853837391847E-005  2.262880742210976E-005  2.131714761704606E-005  2.058485143329311E-005  1.979007473333927E-005  1.892110865308153E-005  1.835769723873877E-005  1.796186949495667E-005  1.733342010196809E-005  1.688778972589057E-005  1.617032972493707E-005  1.565083737195389E-005  1.537528858021499E-005  1.508680648954227E-005  1.478277544951961E-005  1.445949191594676E-005  1.411141709532233E-005  1.329824864573165E-005  1.278242201183167E-005  1.207292803040354E-005
   1442.50020208981       2.659722289248440E-005  2.586690257815340E-005  2.507117740230381E-005  2.419692197112449E-005  2.322685425830421E-005  2.213658488409320E-005  2.089155861468900E-005  2.019581068945656E-005  1.944004168268878E-005  1.861258457498248E-005  1.807538065361906E-005  1.769758471928814E-005  1.709690972303206E-005  1.667028435304029E-005  1.598203214907092E-005  1.548245905189168E-005  1.521700710039348E-005  1.493871506880383E-005  1.464497321985083E-005  1.433207888631529E-005  1.399449893519140E-005  1.320256208201245E-005  1.269735281582566E-005  1.199824552903625E-005
   1447.50020279029       2.737277408678962E-005  2.661556951662405E-005  2.578952255419597E-005  2.488143046459188E-005  2.387302491076664E-005  2.273812201026229E-005  2.143996890485030E-005  2.071330763994612E-005  1.992255529820658E-005  1.905529343976353E-005  1.849133296051889E-005  1.809423805954387E-005  1.746226481722959E-005  1.701299117268973E-005  1.628770194784555E-005  1.576112175739211E-005  1.548137255564979E-005  1.518820995966848E-005  1.487896046907429E-005  1.454986373954258E-005  1.419532688041826E-005  1.336710680358638E-005  1.284296029519546E-005  1.212638922207522E-005
   1452.50020349078       2.690336121497609E-005  2.616901024024851E-005  2.536835177787163E-005  2.448750873161880E-005  2.350866810798832E-005  2.240644397168395E-005  2.114450332297182E-005  2.043744790467360E-005  1.966781191972407E-005  1.882312169353168E-005  1.827357187513634E-005  1.788654989312990E-005  1.727043983926154E-005  1.683234042912504E-005  1.612494743037187E-005  1.561123332970043E-005  1.533825633025764E-005  1.505212362889713E-005  1.475019597369190E-005  1.442873156281851E-005  1.408215731987371E-005  1.327079322980432E-005  1.275526861782708E-005  1.204648402751478E-005
   1457.00020412121       2.705057032766423E-005  2.630738693930632E-005  2.549659545723299E-005  2.460482990650511E-005  2.361338277058491E-005  2.249717689468113E-005  2.121955946152704E-005  2.050392865476357E-005  1.972505957932563E-005  1.887048320606996E-005  1.831466791911039E-005  1.792334912518412E-005  1.730059683526054E-005  1.685798545076946E-005  1.614378386450723E-005  1.562556416596115E-005  1.535036751523977E-005  1.506205370847895E-005  1.475796987328744E-005  1.443438354839470E-005  1.408571089603972E-005  1.327015889897047E-005  1.275250863900775E-005  1.204172623586569E-005
   1462.00020482170       2.717528876639547E-005  2.642788148137664E-005  2.561193814028504E-005  2.471340184547366E-005  2.371372343613933E-005  2.258657960403425E-005  2.129493323277279E-005  2.057078845485077E-005  1.978209056527432E-005  1.891630304391805E-005  1.835299477461765E-005  1.795633846801907E-005  1.732512706611329E-005  1.687657725817086E-005  1.615314489281932E-005  1.562867661854707E-005  1.535038866496636E-005  1.505901645844417E-005  1.475196244157215E-005  1.442553099126764E-005  1.407419460015389E-005  1.325416364471770E-005  1.273478754023005E-005  1.202178906856356E-005
   1467.50020559223       2.716366964324009E-005  2.641795223786009E-005  2.560340381058111E-005  2.470651918740642E-005  2.370825710594068E-005  2.258292020585299E-005  2.129257960923299E-005  2.056904716324967E-005  1.978090017582883E-005  1.891557938088455E-005  1.835252002557063E-005  1.795606290021498E-005  1.732510629956528E-005  1.687673943076607E-005  1.615361795223660E-005  1.562936877367394E-005  1.535117913894709E-005  1.505989979138131E-005  1.475290434447554E-005  1.442647500840789E-005  1.407504066835179E-005  1.325423649563060E-005  1.273400160264344E-005  1.201998082459503E-005
   1472.50020629271       2.682610581275741E-005  2.609932663300722E-005  2.530576296859933E-005  2.443236776614724E-005  2.346066589417189E-005  2.236534960133873E-005  2.110945193141603E-005  2.040486405190686E-005  1.963687548043407E-005  1.879291777209444E-005  1.824316495778892E-005  1.785567648712865E-005  1.723835381552386E-005  1.679908973601820E-005  1.608949678082090E-005  1.557409783242281E-005  1.530026310253744E-005  1.501326860531458E-005  1.471047761803180E-005  1.438814954483589E-005  1.404068980856928E-005  1.322725012763742E-005  1.271029579811584E-005  1.199953791004766E-005
   1477.50020699320       2.702668484619667E-005  2.630382142216620E-005  2.551349228066812E-005  2.464224021045469E-005  2.367170852067893E-005  2.257531497446030E-005  2.131460267129509E-005  2.060547724899163E-005  1.983102565024991E-005  1.897774717027427E-005  1.842068644104468E-005  1.802745460405242E-005  1.739994481854166E-005  1.695270467579513E-005  1.622910416595846E-005  1.570284451259358E-005  1.542306592588807E-005  1.512975730202092E-005  1.482026247746924E-005  1.449080770693693E-005  1.413575580190617E-005  1.330563417091206E-005  1.277976148297819E-005  1.206089995444181E-005
   1482.50020769368       2.714519907025111E-005  2.641984741283532E-005  2.562698657654021E-005  2.475255704395623E-005  2.377770892952602E-005  2.267598600413680E-005  2.140854342308140E-005  2.069526992132061E-005  1.991595411078239E-005  1.905697366792670E-005  1.849595552128057E-005  1.809979691392456E-005  1.746743326944264E-005  1.701657417953373E-005  1.628679454457782E-005  1.575577567084354E-005  1.547337264624812E-005  1.517723784796960E-005  1.486467236125111E-005  1.453184598726879E-005  1.417304637872421E-005  1.333391745177144E-005  1.280259960912118E-005  1.207803652853833E-005
   1487.50020839417       2.635457049428751E-005  2.567274817508321E-005  2.492805028222920E-005  2.410754645490959E-005  2.319322235656863E-005  2.216013553283688E-005  2.097134266763359E-005  2.030163050400319E-005  1.956884930702244E-005  1.875952207260176E-005  1.822961881397075E-005  1.785471573358795E-005  1.725473298999112E-005  1.682566436278091E-005  1.612848310982567E-005  1.561889366239704E-005  1.534704500694238E-005  1.506132363535011E-005  1.475900922002271E-005  1.443624740742673E-005  1.408730053560779E-005  1.326708417439742E-005  1.274478891878740E-005  1.202938077719551E-005
   1492.50020909465       2.757905760101594E-005  2.685445300483950E-005  2.606121960059679E-005  2.518457565830754E-005  2.420509075889669E-005  2.309466457159403E-005  2.181161865217263E-005  2.108658905836829E-005  2.029152939408617E-005  1.941143347368958E-005  1.883424402266222E-005  1.842553679499749E-005  1.777119071396770E-005  1.730325469577711E-005  1.654369109015005E-005  1.598970056460868E-005  1.569478564772340E-005  1.538541086877754E-005  1.505883656478334E-005  1.471116904773198E-005  1.433660950423445E-005  1.346279292005492E-005  1.291250503064651E-005  1.216910640276283E-005
   1497.50020979514       2.733065393105628E-005  2.662207556498864E-005  2.584670708946076E-005  2.498989882413509E-005  2.403268364837818E-005  2.294709612550514E-005  2.169219918686196E-005  2.098260328226635E-005  2.020386000031573E-005  1.934072134876217E-005  1.877400498418600E-005  1.837230368702737E-005  1.772836802607558E-005  1.726722586748565E-005  1.651739878193046E-005  1.596942661395059E-005  1.567732725628734E-005  1.537059811226138E-005  1.504646645218700E-005  1.470098875318881E-005  1.432831096946331E-005  1.345695320739015E-005  1.290701868837279E-005  1.216359473245619E-005
   1502.50021049562       2.599491908961526E-005  2.532643460987456E-005  2.459678838460023E-005  2.379359928057642E-005  2.289959050140029E-005  2.189069935610393E-005  2.073124660768822E-005  2.007876840681794E-005  1.936531843077058E-005  1.857767723103310E-005  1.806212545058979E-005  1.769736874556525E-005  1.711360714680447E-005  1.669603611278449E-005  1.601729652794710E-005  1.552089097881547E-005  1.525592442005199E-005  1.497731706821690E-005  1.468235783821437E-005  1.436721172033131E-005  1.402615944256064E-005  1.322270849698622E-005  1.270952190246185E-005  1.200479382251663E-005
   1507.50021119611       2.659997124391499E-005  2.592227900764729E-005  2.518112625726725E-005  2.436306579934950E-005  2.344967045909115E-005  2.241479979875988E-005  2.121956045408983E-005  2.054387734967103E-005  1.980224184585859E-005  1.898009919971755E-005  1.843993033477967E-005  1.805683324511041E-005  1.744217921440424E-005  1.700147939814780E-005  1.628370764810819E-005  1.575801592848794E-005  1.547732250864733E-005  1.518218477690160E-005  1.486982476841266E-005  1.453629652547737E-005  1.417573650494204E-005  1.332889054257036E-005  1.279103181642800E-005  1.205892054093960E-005
   1512.50021189659       2.743796678381012E-005  2.673328146736567E-005  2.596065627716489E-005  2.510599652291678E-005  2.414912873737546E-005  2.306213720349882E-005  2.180254858943165E-005  2.108863648897261E-005  2.030360934372465E-005  1.943159942943118E-005  1.885792664206649E-005  1.845077537857168E-005  1.779720640070352E-005  1.732853908518407E-005  1.656563551255677E-005  1.600771878605325E-005  1.571028112630540E-005  1.539799176802001E-005  1.506808405047579E-005  1.471662991822986E-005  1.433777122336787E-005  1.345327694185607E-005  1.289615497571254E-005  1.214466184133556E-005
   1517.50021259708       2.758220318684329E-005  2.688297676571375E-005  2.611555258758480E-005  2.526636618190007E-005  2.431444248376720E-005  2.323106204214432E-005  2.197296908331451E-005  2.125827964907907E-005  2.047092376428430E-005  1.959416595415163E-005  1.901599972256639E-005  1.860496252952329E-005  1.794392270091500E-005  1.746894757876786E-005  1.669411469877675E-005  1.612628327067311E-005  1.582320084038552E-005  1.550476159402954E-005  1.516812934304179E-005  1.480931124266689E-005  1.442233742671849E-005  1.351869448771757E-005  1.295007061875217E-005  1.218580459024917E-005
   1522.50021329756       2.730510581681296E-005  2.662383477590773E-005  2.587631467369831E-005  2.504897021497721E-005  2.412227816823655E-005  2.306770237301654E-005  2.184255344848849E-005  2.114627871477663E-005  2.037868339982403E-005  1.952308845376264E-005  1.895814901573680E-005  1.855614357573980E-005  1.790879540492379E-005  1.744296000920477E-005  1.668147737273861E-005  1.612204474285550E-005  1.582291447029989E-005  1.550819129924812E-005  1.517497559578257E-005  1.481919715587085E-005  1.443479538991485E-005  1.353433903026033E-005  1.296605817445179E-005  1.220185118803859E-005
   1527.50021399805       2.759754983058928E-005  2.691239929846471E-005  2.616032056448746E-005  2.532570205326453E-005  2.438849970591288E-005  2.331963249714372E-005  2.207401203900743E-005  2.136437617621226E-005  2.058058160863708E-005  1.970520020048655E-005  1.912626412209995E-005  1.871389971059959E-005  1.804920585021214E-005  1.757048329133085E-005  1.678757218893951E-005  1.621237126624673E-005  1.590491466850542E-005  1.558157628185568E-005  1.523948601083980E-005  1.487456345920917E-005  1.448074971727935E-005  1.356059026123978E-005  1.298187572353554E-005  1.220632136245429E-005
   1532.50021469853       2.757712875082217E-005  2.690054265855334E-005  2.615747654376568E-005  2.533408861396881E-005  2.440915532069803E-005  2.335464714683506E-005  2.212553405669993E-005  2.142454683188179E-005  2.064970490651866E-005  1.978298032358845E-005  1.920888152157913E-005  1.879938173997059E-005  1.813820321212184E-005  1.766107865686479E-005  1.687884195367144E-005  1.630252132120988E-005  1.599388248582120E-005  1.566884498591853E-005  1.532445826141865E-005  1.495652569702092E-005  1.455883877202631E-005  1.362735599219256E-005  1.304046743223276E-005  1.225489732239312E-005
   1537.50021539901       2.766412398348408E-005  2.699358803213589E-005  2.625601473780370E-005  2.543776279874886E-005  2.451782776731136E-005  2.346620339145459E-005  2.223812833024254E-005  2.153656945776324E-005  2.075924986339092E-005  1.988840976082659E-005  1.931049698398509E-005  1.889763809019315E-005  1.823020174599162E-005  1.774784178576120E-005  1.695572069168839E-005  1.637121836229766E-005  1.605794098049695E-005  1.572787721648753E-005  1.537803193533461E-005  1.500420451196636E-005  1.460014296151731E-005  1.365442172894947E-005  1.305976182001974E-005  1.226638630143771E-005
   1542.50021609950       2.777930158576208E-005  2.711321245217745E-005  2.637841973915551E-005  2.556189879913451E-005  2.464301317397318E-005  2.359021886664900E-005  2.235806068303177E-005  2.165264705081387E-005  2.087007601052221E-005  1.999180169869694E-005  1.940796606232000E-005  1.899067866263003E-005  1.831529278548446E-005  1.782675456080020E-005  1.702390048835587E-005  1.643123386916157E-005  1.611351925587859E-005  1.577880752317288E-005  1.542409078600448E-005  1.504516712884068E-005  1.463578669245915E-005  1.367862843374135E-005  1.307763671397642E-005  1.227691162171090E-005
   1547.50021679998       2.782356238113908E-005  2.716096729668542E-005  2.643206002803550E-005  2.562309370761476E-005  2.471040761947547E-005  2.366588296686339E-005  2.244311253735357E-005  2.174314547400880E-005  2.096602141037930E-005  2.009301117536168E-005  1.951219449945245E-005  1.909662105080493E-005  1.842318431882333E-005  1.793536820831153E-005  1.713228263643947E-005  1.653805207479407E-005  1.621903211534026E-005  1.588257738264547E-005  1.552558558738952E-005  1.514374220232809E-005  1.473063490070838E-005  1.376253194493981E-005  1.315353688279720E-005  1.234331473882509E-005
   1552.50021750047       2.751466631303455E-005  2.685849061013983E-005  2.613622891204948E-005  2.533473986932066E-005  2.443464824602737E-005  2.340470091259306E-005  2.220163740288506E-005  2.151377027410342E-005  2.075137039362018E-005  1.989549247179478E-005  1.932639795042552E-005  1.891936828392210E-005  1.826007572382715E-005  1.778251112426068E-005  1.699611405682761E-005  1.641402467845204E-005  1.610134357333809E-005  1.577140502628833E-005  1.542111712663429E-005  1.504617672600289E-005  1.464014023390562E-005  1.368655690321972E-005  1.308468758526098E-005  1.228040272127836E-005
   1557.50021820095       2.754213386359538E-005  2.689013102829868E-005  2.617321322835353E-005  2.537858794247424E-005  2.448424540758304E-005  2.346255796258287E-005  2.226676680016670E-005  2.158222544163389E-005  2.082189949152136E-005  1.996723648417291E-005  1.939811432824793E-005  1.899064318999058E-005  1.832956596258322E-005  1.784985765961033E-005  1.705832614467947E-005  1.647110445863665E-005  1.615522389576613E-005  1.582154941928855E-005  1.546690606241521E-005  1.508689133101615E-005  1.467489835726517E-005  1.370577814986237E-005  1.309312700040750E-005  1.227305976604106E-005
   1562.50021890144       2.786446813866332E-005  2.721795804375107E-005  2.650797775648885E-005  2.571525163959771E-005  2.482204291910848E-005  2.379753622139272E-005  2.259315089228190E-005  2.190080299775915E-005  2.113064496685982E-005  2.026225646308492E-005  1.968220116369422E-005  1.926581255349389E-005  1.858893985138755E-005  1.809677466805857E-005  1.728300944186294E-005  1.667809951775226E-005  1.635242916420246E-005  1.600824343305464E-005  1.564236065689479E-005  1.525021865116502E-005  1.482510090798826E-005  1.382570953381615E-005  1.319506441352309E-005  1.235504186208779E-005
   1567.50021960192       2.735436487296433E-005  2.671772311334097E-005  2.601849938427832E-005  2.524315428075225E-005  2.437024214865502E-005  2.337253937691175E-005  2.220513409097187E-005  2.153653926159215E-005  2.079326298972028E-005  1.995650325504732E-005  1.939874188690206E-005  1.899871792093289E-005  1.834892912387100E-005  1.787675062280961E-005  1.709585033122119E-005  1.651506969843491E-005  1.620210593342329E-005  1.587109756071697E-005  1.551882581086212E-005  1.514079363891637E-005  1.473032415331413E-005  1.376210769298506E-005  1.314849302636846E-005  1.232792865998355E-005
   1572.50022030241       2.751394434816968E-005  2.688105815317032E-005  2.618504946100840E-005  2.541912522924413E-005  2.455390047883347E-005  2.356110355351329E-005  2.239359686827029E-005  2.172269654083705E-005  2.097533899202462E-005  2.013057865784120E-005  1.956572173304744E-005  1.916011255387019E-005  1.849962733992989E-005  1.801849004178195E-005  1.722123371224888E-005  1.662714660009451E-005  1.630675964566431E-005  1.596778891222988E-005  1.560692100618282E-005  1.521970079250411E-005  1.479936084265359E-005  1.380872233562969E-005  1.318176427271246E-005  1.234500665456211E-005
   1577.50022100289       2.625997615709208E-005  2.565850940246290E-005  2.500350109295500E-005  2.427419883879438E-005  2.345674716173497E-005  2.252056737007739E-005  2.142767315880240E-005  2.080276237598647E-005  2.010963801563209E-005  1.932977663817634E-005  1.881054529719807E-005  1.843828372305092E-005  1.783328392068758E-005  1.739323842255384E-005  1.666488516149849E-005  1.612194611241204E-005  1.582881800791228E-005  1.551820267053431E-005  1.518694092159078E-005  1.483050332833976E-005  1.444223958368044E-005  1.352010573164782E-005  1.292961029684701E-005  1.212837337547435E-005
   1582.50022170338       2.727311140035235E-005  2.665690437147480E-005  2.597983293433409E-005  2.522495711241631E-005  2.437247552713016E-005  2.339668192869983E-005  2.225194277253781E-005  2.159565083401819E-005  2.086289754533449E-005  2.003586111651494E-005  1.948270434075667E-005  1.908479297490298E-005  1.843628675131433E-005  1.796360355069167E-005  1.717906701119161E-005  1.659298471889978E-005  1.627619563600925E-005  1.594064001909481E-005  1.558274733281982E-005  1.519792513048660E-005  1.477923226640061E-005  1.378814288777013E-005  1.315751729070411E-005  1.231161620117999E-005
   1587.50022240386       2.652315983793155E-005  2.593334627337727E-005  2.527983534918733E-005  2.455970384592152E-005  2.375190092029130E-005  2.282748669063608E-005  2.174013268089368E-005  2.111763726882884E-005  2.042616119803962E-005  1.964431380476296E-005  1.912107033980255E-005  1.874469710108097E-005  1.813198927393244E-005  1.768483600648155E-005  1.694118222715362E-005  1.638451089987356E-005  1.608310323394876E-005  1.576322915400440E-005  1.542151111805396E-005  1.505328800823639E-005  1.465168206208484E-005  1.369670471558119E-005  1.308570282129923E-005  1.226175531782069E-005
   1592.50022310435       2.725672849094288E-005  2.663921063046058E-005  2.596827231861606E-005  2.521712529438283E-005  2.437360092435490E-005  2.340861423637834E-005  2.227396897054098E-005  2.162180678474473E-005  2.089569084106875E-005  2.007463044460452E-005  1.952565961524118E-005  1.913043448447654E-005  1.848697451215412E-005  1.801749084737440E-005  1.723725888496415E-005  1.665392445205844E-005  1.633822333685190E-005  1.600362684672999E-005  1.564651355834045E-005  1.526229073496974E-005  1.484384131768598E-005  1.385227272490013E-005  1.322111682251161E-005  1.237631569404485E-005
   1597.50022380483       2.737913980298140E-005  2.677204692226698E-005  2.611512050112083E-005  2.537704329515227E-005  2.454113709103896E-005  2.358450919038675E-005  2.246081738509591E-005  2.181066347588505E-005  2.108536558995038E-005  2.026411556227814E-005  1.971249962966197E-005  1.931469387485797E-005  1.866462497119430E-005  1.818838403520733E-005  1.739414656474725E-005  1.679771655739785E-005  1.647443166118857E-005  1.613092423931912E-005  1.576355267616508E-005  1.536758745412297E-005  1.493562558016771E-005  1.390910829276788E-005  1.325389358527105E-005  1.237500505265983E-005
   1605.00022485556       2.744459550829613E-005  2.684776843326056E-005  2.619966911173841E-005  2.546272356451113E-005  2.463755377133889E-005  2.368621031332879E-005  2.256185105523073E-005  2.191183842098623E-005  2.118482147712433E-005  2.036145856702736E-005  1.980743510037445E-005  1.940806763676028E-005  1.875273844752123E-005  1.827315490516649E-005  1.747205710723283E-005  1.686973103875821E-005  1.654308259996645E-005  1.619563996432877E-005  1.582419909860303E-005  1.542370147862017E-005  1.498680172769631E-005  1.394905650961705E-005  1.328730596622005E-005  1.240161347488168E-005
   1615.00022625653       2.717647459992796E-005  2.661176672479940E-005  2.595752108353679E-005  2.526351094778445E-005  2.446364140508349E-005  2.354045432683138E-005  2.245149939127610E-005  2.182344977835493E-005  2.111620933449661E-005  2.031626118817559E-005  1.977584772091573E-005  1.938627700432207E-005  1.874743658355944E-005  1.827834561406834E-005  1.749219201743889E-005  1.689879397631865E-005  1.657672923449717E-005  1.623323917748405E-005  1.586545401613002E-005  1.546821480215419E-005  1.503387732026323E-005  1.399856857855253E-005  1.333562001566098E-005  1.244595406809601E-005
   1625.00022765749       2.742158915381100E-005  2.682443906154411E-005  2.619582362902200E-005  2.547158755502314E-005  2.464626651964064E-005  2.372198152859186E-005  2.261073436405251E-005  2.197329698119498E-005  2.126064758334655E-005  2.044730741517221E-005  1.989815741048306E-005  1.950330815866659E-005  1.885550249092624E-005  1.837835812105862E-005  1.757971946807257E-005  1.697579845992984E-005  1.664741956033008E-005  1.629772152372377E-005  1.592284224448763E-005  1.551744465951814E-005  1.507408375924121E-005  1.401616136331805E-005  1.333839273343071E-005  1.242935680197212E-005
   1635.00022905846       2.714853457169164E-005  2.657822596788916E-005  2.596725573902174E-005  2.528786649184467E-005  2.451400525332233E-005  2.361047404202302E-005  2.254496649886974E-005  2.192888352699856E-005  2.123481199308230E-005  2.044450431269327E-005  1.991035011102109E-005  1.952409400396266E-005  1.889037420125305E-005  1.842310601326612E-005  1.763834768572360E-005  1.704400943801292E-005  1.672009576734031E-005  1.637451491303084E-005  1.600376209723947E-005  1.560199479695069E-005  1.516180360806561E-005  1.410797227262053E-005  1.343044354425223E-005  1.252066108551599E-005
   1645.00023045943       2.689247303670303E-005  2.636644460095160E-005  2.575802529540387E-005  2.508184869869572E-005  2.432788714661815E-005  2.343073153286030E-005  2.239283473028007E-005  2.178726960463333E-005  2.110455842089257E-005  2.032228107953975E-005  1.979375768018929E-005  1.940851620156761E-005  1.877822140970711E-005  1.831228118835282E-005  1.752909195229870E-005  1.693401610506569E-005  1.660981484226701E-005  1.626348316674865E-005  1.589152966028442E-005  1.548844003020763E-005  1.504649011021774E-005  1.398773327057323E-005  1.330683657747521E-005  1.239128916517142E-005
   1655.00023186040       2.715784740738732E-005  2.656347463633527E-005  2.597161213180274E-005  2.526875321353924E-005  2.448635318712731E-005  2.359191956114530E-005  2.253070571735054E-005  2.191438786130694E-005  2.122251819844612E-005  2.043618444581898E-005  1.990415881370017E-005  1.951769414450479E-005  1.888551998363283E-005  1.841910869011473E-005  1.763700751910732E-005  1.704371936805240E-005  1.671971353034477E-005  1.637435455691282E-005  1.600348315745352E-005  1.560182850931080E-005  1.516127574762832E-005  1.410507810342810E-005  1.342531136064014E-005  1.251277349006562E-005
   1665.00023326137       2.686763154681199E-005  2.632177388806966E-005  2.570464347298239E-005  2.503401711734710E-005  2.425176160922793E-005  2.336340341817009E-005  2.230329269355150E-005  2.168134897147554E-005  2.099716908931422E-005  2.021500968183362E-005  1.968436783472878E-005  1.930170988543015E-005  1.867000211762354E-005  1.820654919616664E-005  1.742755579010502E-005  1.683744599563196E-005  1.651595496550891E-005  1.617292262186586E-005  1.580506256585744E-005  1.540644701186596E-005  1.496977227826091E-005  1.392466639857427E-005  1.325327859788700E-005  1.235201567586399E-005
   1675.00023466234       2.633251673582758E-005  2.578995636225263E-005  2.520361063375747E-005  2.456010800424603E-005  2.382031315785440E-005  2.296703069388553E-005  2.195572557993921E-005  2.136716592203535E-005  2.069937518403958E-005  1.994851029017831E-005  1.943821837667312E-005  1.907009546503856E-005  1.846272075762690E-005  1.801615438578944E-005  1.726454833531470E-005  1.669564554409142E-005  1.638520657605447E-005  1.605396665917336E-005  1.569844105195805E-005  1.531337144661103E-005  1.489073235100112E-005  1.387775733311332E-005  1.322507676084672E-005  1.234700323086145E-005
   1685.00023606331       2.604631391475103E-005  2.553652981212043E-005  2.496221838454900E-005  2.434900836810188E-005  2.363015466854700E-005  2.280664921693375E-005  2.181853033517235E-005  2.124798793672880E-005  2.060054546316581E-005  1.985550586992290E-005  1.935333760266395E-005  1.898916714109540E-005  1.838807086210516E-005  1.794449552794932E-005  1.719840932430246E-005  1.663278577183541E-005  1.632310615308515E-005  1.599256953781575E-005  1.563768270699628E-005  1.525250964169391E-005  1.482968599374532E-005  1.381495418346860E-005  1.316102968262646E-005  1.228183134345047E-005
   1695.00023746428       2.650209854325587E-005  2.594055792004682E-005  2.535140924813744E-005  2.468020753957245E-005  2.393326313683620E-005  2.306109955383685E-005  2.204071217340953E-005  2.144504952838513E-005  2.077833596782107E-005  2.002057471494762E-005  1.950592355919786E-005  1.913209590454961E-005  1.852080050755833E-005  1.806916095979076E-005  1.730942605512513E-005  1.673373103961013E-005  1.641999092532456E-005  1.608427159659171E-005  1.572448011606760E-005  1.533458771897999E-005  1.490689521926398E-005  1.388164226848553E-005  1.322198977149072E-005  1.233759087270278E-005
   1705.00023886525       2.588186347920167E-005  2.538794390120217E-005  2.477579282848918E-005  2.412412649680434E-005  2.338790301382680E-005  2.253925661670276E-005  2.154347675285806E-005  2.096704858163668E-005  2.032175491707845E-005  1.958842154401983E-005  1.909223699944344E-005  1.873260672592913E-005  1.814224206132187E-005  1.770786736886108E-005  1.697886413998314E-005  1.642694627370752E-005  1.612601960419169E-005  1.580455590225169E-005  1.545941570376692E-005  1.508562725212863E-005  1.467560865953532E-005  1.369141683425252E-005  1.305680373798793E-005  1.220281936283123E-005
   1715.00024026622       2.558195929865503E-005  2.506706004247993E-005  2.451917495228425E-005  2.387648064276785E-005  2.313687110994492E-005  2.230828255783006E-005  2.132561814906613E-005  2.076198252046342E-005  2.013174877517522E-005  1.940904607505140E-005  1.892055217891157E-005  1.856745454025318E-005  1.798869161041281E-005  1.756125944975174E-005  1.684586834855442E-005  1.630484419928214E-005  1.600979651547131E-005  1.569486273998634E-005  1.535658190860144E-005  1.498971863901153E-005  1.458730615537869E-005  1.362071984207641E-005  1.299677130529373E-005  1.215609884026736E-005
   1725.00024166719       2.538563946884352E-005  2.486791404638403E-005  2.431464540882501E-005  2.369095695438071E-005  2.297413331519725E-005  2.214353676984080E-005  2.117666235985632E-005  2.062037856179803E-005  1.999306360251238E-005  1.928047898081494E-005  1.879987449795960E-005  1.845290530118889E-005  1.788038007536731E-005  1.746031584854165E-005  1.675402661828284E-005  1.622034340480973E-005  1.592888518668212E-005  1.561830651711065E-005  1.528438791087156E-005  1.492252597301104E-005  1.452514687354334E-005  1.357034687670280E-005  1.295366839947578E-005  1.212297406492162E-005
   1735.00024306816       2.475718232090892E-005  2.427207235741589E-005  2.378555806240435E-005  2.320446395929437E-005  2.257145370925097E-005  2.181573803664798E-005  2.091393787667866E-005  2.038963416386711E-005  1.979477057127318E-005  1.910860885398613E-005  1.864623793254783E-005  1.830986838235646E-005  1.775414402080517E-005  1.734311616208510E-005  1.665171010587603E-005  1.612605966864287E-005  1.583841838470468E-005  1.553112987146501E-005  1.520007105746417E-005  1.484083628872539E-005  1.444585820975952E-005  1.349455589930803E-005  1.287973790846659E-005  1.205169499251147E-005
   1745.00024446913       2.493276205643360E-005  2.444701472696240E-005  2.390361872952776E-005  2.332088438632244E-005  2.262807083675452E-005  2.182762786372048E-005  2.089144290245614E-005  2.035197854348298E-005  1.974166700616301E-005  1.904773909621152E-005  1.858113034817351E-005  1.824241997688710E-005  1.768424465045367E-005  1.727327678373231E-005  1.658463337136665E-005  1.606221401602379E-005  1.577693046036858E-005  1.547255411416283E-005  1.514586703921858E-005  1.479139873033313E-005  1.440181561746338E-005  1.346503049461072E-005  1.285930519567612E-005  1.204267671556497E-005
   1755.00024587009       2.497018347926933E-005  2.445052971662203E-005  2.391357080693630E-005  2.329543656228268E-005  2.259655937811823E-005  2.179470659322094E-005  2.084034084953537E-005  2.029558546960350E-005  1.968606188249737E-005  1.898427196738848E-005  1.851141053451291E-005  1.816850500643857E-005  1.760723148181366E-005  1.719460629483293E-005  1.650079249843364E-005  1.597703764941175E-005  1.569145178258351E-005  1.538651157528758E-005  1.505935256985258E-005  1.470468663336298E-005  1.431555566054153E-005  1.338128771618032E-005  1.277880626612275E-005  1.196834588181409E-005
   1765.00024727106       2.474681981733570E-005  2.427229148230151E-005  2.370969214263546E-005  2.310201072129044E-005  2.241831889269769E-005  2.164192348738767E-005  2.071309896131999E-005  2.018037487765530E-005  1.957282069136796E-005  1.888249343782095E-005  1.842053721738932E-005  1.808523380094235E-005  1.753325914708507E-005  1.712599815951851E-005  1.644309957061337E-005  1.592600051328035E-005  1.564362284013458E-005  1.534271808764292E-005  1.501915229154626E-005  1.466827638014169E-005  1.428305620690870E-005  1.335685090328799E-005  1.275855435979113E-005  1.195321173786137E-005
   1775.00024867203       2.445244514201247E-005  2.395759445312068E-005  2.343479485396418E-005  2.283987449802206E-005  2.214995451113586E-005  2.137592517960975E-005  2.045133729538612E-005  1.991656078633924E-005  1.931829033673819E-005  1.863856308795372E-005  1.818033978440960E-005  1.784955251636502E-005  1.730731284295882E-005  1.690851890913853E-005  1.623993866945596E-005  1.573523377987668E-005  1.546011943990215E-005  1.516719105154086E-005  1.485241510927681E-005  1.451135395635303E-005  1.413702715785980E-005  1.323728887956670E-005  1.265575140727711E-005  1.187135547816456E-005
   1785.00025007300       2.443674422653492E-005  2.394557080112043E-005  2.339199040048896E-005  2.281997767265309E-005  2.214608055930358E-005  2.137384259855321E-005  2.045012424415650E-005  1.992064339349622E-005  1.932597580046153E-005  1.864783873156755E-005  1.819049798690786E-005  1.785943057916210E-005  1.731709383672404E-005  1.691850976027136E-005  1.624791331122706E-005  1.574093884654499E-005  1.546500201287055E-005  1.517025581605201E-005  1.485357895956405E-005  1.451049410440613E-005  1.413379275249840E-005  1.322823858863999E-005  1.264316004160763E-005  1.185513028360656E-005
   1795.00025147397       2.424227558818827E-005  2.375534787800673E-005  2.323101491692291E-005  2.264651900896894E-005  2.197526450714097E-005  2.120004379346613E-005  2.029920081068779E-005  1.977328252417576E-005  1.918116255421438E-005  1.851253780598736E-005  1.806129833103339E-005  1.773534281144529E-005  1.719869830547149E-005  1.680608623316654E-005  1.614597596021705E-005  1.564742923700770E-005  1.537580275773128E-005  1.508573661647370E-005  1.477430959788917E-005  1.443681737288845E-005  1.406620634933178E-005  1.317435531026888E-005  1.259741391151419E-005  1.181946324533417E-005
   1805.00025287494       2.390623979616800E-005  2.344643082722131E-005  2.290462375542473E-005  2.234002137396811E-005  2.166326628823959E-005  2.090774277749685E-005  2.001561959943131E-005  1.949909936481842E-005  1.891870578002351E-005  1.825744779949270E-005  1.781124333721145E-005  1.749045102530671E-005  1.696273327721652E-005  1.657643215852257E-005  1.592758348406388E-005  1.543715300103030E-005  1.517031479251000E-005  1.488548192848180E-005  1.457996052246133E-005  1.424888317606174E-005  1.388566704194393E-005  1.301291297835479E-005  1.244910977023320E-005  1.168869349601111E-005
   1815.00025427591       2.342659534115334E-005  2.297453197190344E-005  2.253009127558440E-005  2.200902172808119E-005  2.140759131889875E-005  2.071692305594812E-005  1.988095439641066E-005  1.939581703203940E-005  1.884490090384410E-005  1.821341763907710E-005  1.778471041773188E-005  1.747241687858026E-005  1.696093191126885E-005  1.658205583596057E-005  1.594441015952017E-005  1.545987660662324E-005  1.519549383011896E-005  1.491277093137684E-005  1.460844124836744E-005  1.427812326832594E-005  1.391488538559115E-005  1.303965519748558E-005  1.247286095745694E-005  1.170841767095197E-005
   1825.00025567688       2.337987234889631E-005  2.294238249205054E-005  2.244679729451595E-005  2.189438211948166E-005  2.125964298762501E-005  2.052890129171077E-005  1.967342100258623E-005  1.917269180256553E-005  1.860887601767595E-005  1.797164961942420E-005  1.754246070578999E-005  1.723188971961201E-005  1.672107784012493E-005  1.634593339423427E-005  1.571786339413154E-005  1.524304687602776E-005  1.498411201507819E-005  1.470794589704194E-005  1.441126982958924E-005  1.408969604219418E-005  1.373651274639690E-005  1.288656175449740E-005  1.233666371434057E-005  1.159424950692728E-005
   1835.00025707785       2.326813240360904E-005  2.279669299541235E-005  2.232056016801182E-005  2.174116233837439E-005  2.108712993045520E-005  2.036296434665356E-005  1.950707925898680E-005  1.900511680920101E-005  1.845035428056786E-005  1.781561350759528E-005  1.738961990023759E-005  1.708161475199921E-005  1.657704567584541E-005  1.620697327029080E-005  1.558787334229096E-005  1.512135796192967E-005  1.486719608487916E-005  1.459600944949915E-005  1.430499714862586E-005  1.398965069051845E-005  1.364346126324595E-005  1.281070424018819E-005  1.227169026073592E-005  1.154315531822469E-005
   1845.00025847882       2.279996995249876E-005  2.234105696641259E-005  2.183969083490014E-005  2.129470623289241E-005  2.067938438488624E-005  1.996647982635769E-005  1.912592724216884E-005  1.863948863049135E-005  1.810070020414369E-005  1.748937047662557E-005  1.707885490897759E-005  1.678157832082543E-005  1.629580466089600E-005  1.593944466115787E-005  1.534456769924181E-005  1.489579070013269E-005  1.465142696119962E-005  1.439110278556432E-005  1.411120229307818E-005  1.380781789597697E-005  1.347463823083720E-005  1.267192023782747E-005  1.215119880491004E-005  1.144531951859830E-005
   1855.00025987979       2.290072015500082E-005  2.246739727411482E-005  2.196876871146361E-005  2.140164237705874E-005  2.078395920120368E-005  2.008372875297189E-005  1.923891197023685E-005  1.874834453397772E-005  1.820450972096459E-005  1.758601053666712E-005  1.716948348868897E-005  1.686876435001476E-005  1.637639968868125E-005  1.601500396948639E-005  1.540889072429787E-005  1.495166386162089E-005  1.470264816996842E-005  1.443714049741820E-005  1.415192754982444E-005  1.384263538014080E-005  1.350294370078222E-005  1.268522420728902E-005  1.215546183776963E-005  1.143916639679782E-005
   1865.00026128076       2.249004325917869E-005  2.203718563993348E-005  2.156371145248769E-005  2.102768920519193E-005  2.042002912744303E-005  1.972371411329017E-005  1.890190181108231E-005  1.842615190535809E-005  1.789446810082869E-005  1.729288636367309E-005  1.688893589599136E-005  1.659804321766431E-005  1.612097862831812E-005  1.577186401881366E-005  1.518749096122758E-005  1.474712791405712E-005  1.450725390793534E-005  1.425148474324294E-005  1.397668532525996E-005  1.367906634329465E-005  1.335193639181282E-005  1.256291466019390E-005  1.205053621178316E-005  1.135539159042726E-005
   1875.00026268172       2.171591836538901E-005  2.135571394501751E-005  2.094633195005614E-005  2.049045029574277E-005  1.996142544180463E-005  1.934793848565713E-005  1.860678143282287E-005  1.817472385477171E-005  1.768583294388651E-005  1.712309008808926E-005  1.674245551245860E-005  1.646605792850283E-005  1.601196743501900E-005  1.567611826338425E-005  1.511038789135134E-005  1.468152697677652E-005  1.444685816024698E-005  1.419613781386547E-005  1.392599748815283E-005  1.363228963523182E-005  1.330858400907448E-005  1.252535448506515E-005  1.201550840170236E-005  1.132341986691924E-005
   1885.00026408269       2.225398582378576E-005  2.182256819531012E-005  2.135543838173216E-005  2.083157880279476E-005  2.022896958289053E-005  1.954338996133890E-005  1.873604766999494E-005  1.826651428805882E-005  1.774392305569727E-005  1.715144706898127E-005  1.675105633075514E-005  1.646182063404656E-005  1.598976462020740E-005  1.564271586257755E-005  1.506258769115041E-005  1.462500136400312E-005  1.438670924071245E-005  1.413264327870099E-005  1.385975244705355E-005  1.356377734433337E-005  1.323871012362976E-005  1.245556753839295E-005  1.194774979130272E-005  1.125992010845652E-005
   1895.00026548366       2.151634633585174E-005  2.110675168236517E-005  2.067320591973562E-005  2.015568505878112E-005  1.957878923537896E-005  1.891775560434567E-005  1.813992000659812E-005  1.769281939335409E-005  1.719463446331206E-005  1.663385958123137E-005  1.625656829176570E-005  1.598450067975837E-005  1.554076499002522E-005  1.521551170622848E-005  1.467323612899836E-005  1.426472938324844E-005  1.404235868088961E-005  1.380538265808168E-005  1.355070572642584E-005  1.327447272125408E-005  1.297069112006087E-005  1.223699770585185E-005  1.175899111923726E-005  1.110663992073471E-005
   1905.00026688463       2.200211614682109E-005  2.157244108109201E-005  2.109487609521243E-005  2.056904014643992E-005  1.997947213811833E-005  1.930957145700605E-005  1.851189400103997E-005  1.804939859959947E-005  1.753549681194336E-005  1.695012596514836E-005  1.655675958460148E-005  1.627354870157878E-005  1.580938150972920E-005  1.546848968926662E-005  1.489876103636291E-005  1.446953692314813E-005  1.423579901559276E-005  1.398654423039489E-005  1.371886069263951E-005  1.342847239866364E-005  1.310954840158312E-005  1.234138926294177E-005  1.184336493585176E-005  1.116912667141588E-005
   1915.00026828560       2.170916198469822E-005  2.127095509736309E-005  2.083482423542759E-005  2.031775029841150E-005  1.974037904570105E-005  1.907315789003798E-005  1.828804249551191E-005  1.783786658215562E-005  1.733193507237339E-005  1.675932766243844E-005  1.637265728615313E-005  1.609504255276609E-005  1.563985979784899E-005  1.530690973895795E-005  1.474929706492829E-005  1.432936377758954E-005  1.410056698846744E-005  1.385693166321529E-005  1.359481834367865E-005  1.331080783550976E-005  1.299865250612660E-005  1.224614364332960E-005  1.175764224409806E-005  1.109519256391212E-005
   1925.00026968657       2.158450408880317E-005  2.117877497444904E-005  2.071959560580821E-005  2.020428980277012E-005  1.963001121407520E-005  1.897761665103515E-005  1.819752682071586E-005  1.774802697172102E-005  1.724927289280641E-005  1.668296442966887E-005  1.630199317235983E-005  1.602745276784149E-005  1.557672651297909E-005  1.524630573236072E-005  1.469470096364197E-005  1.427886325645753E-005  1.405244604242013E-005  1.381092626195579E-005  1.355144226316434E-005  1.326986273772039E-005  1.296042904378568E-005  1.221407201787114E-005  1.172925378681558E-005  1.107152307740829E-005
   1935.00027108754       2.119052686599011E-005  2.078328907376061E-005  2.034553472394403E-005  1.983385036866572E-005  1.927041298548624E-005  1.861595229475767E-005  1.785431415425376E-005  1.741643197947885E-005  1.692474116359940E-005  1.637135227747321E-005  1.600096376523674E-005  1.573322814709187E-005  1.529470101482736E-005  1.497336662190430E-005  1.443826806097170E-005  1.403460728919143E-005  1.381538157839917E-005  1.358144571362598E-005  1.333036820511070E-005  1.305823061183099E-005  1.275916685885014E-005  1.203829239993950E-005  1.157012050346737E-005  1.093369511319314E-005
   1945.00027248851       2.056135892099931E-005  2.022533700367738E-005  1.982533258467357E-005  1.939551610604916E-005  1.889497633096514E-005  1.831062841875597E-005  1.760506375724958E-005  1.719450714208872E-005  1.673428824087510E-005  1.620711463455975E-005  1.585093434335381E-005  1.559334829876631E-005  1.517022124727078E-005  1.485901361183415E-005  1.433797103177503E-005  1.394330614890178E-005  1.372812740646527E-005  1.349822292811708E-005  1.325103055376203E-005  1.298260846901197E-005  1.268731329111551E-005  1.197419288306511E-005  1.151057926177416E-005  1.088021364488949E-005
   1955.00027388948       2.102641868335265E-005  2.063327466846844E-005  2.019305279599932E-005  1.969210438421397E-005  1.914302054679847E-005  1.850302369647075E-005  1.775534923110231E-005  1.732189705961736E-005  1.683785676805081E-005  1.628910115470418E-005  1.592052988988119E-005  1.565310022272378E-005  1.521799501369486E-005  1.489932772249458E-005  1.436625612587112E-005  1.396434420167047E-005  1.374572113662728E-005  1.351237332944041E-005  1.326187307351861E-005  1.299019331890042E-005  1.269157763290247E-005  1.197145112849492E-005  1.150381220676474E-005  1.086896788121033E-005
   1965.00027529045       2.083081543164314E-005  2.042896122306403E-005  1.998131649737376E-005  1.949753083421284E-005  1.895291237353747E-005  1.831635989933087E-005  1.757084220044534E-005  1.714138446963609E-005  1.666328800627021E-005  1.612072479656198E-005  1.575659459141153E-005  1.549438074496755E-005  1.506633058829079E-005  1.475305478905535E-005  1.422974662469615E-005  1.383556136604357E-005  1.362105605259710E-005  1.339247678179166E-005  1.314687865434203E-005  1.288065850453822E-005  1.258799984154455E-005  1.188255146083599E-005  1.142435228047132E-005  1.080165963470272E-005
   1975.00027669142       2.042790647826084E-005  2.002936371362106E-005  1.959579639449872E-005  1.911111171475592E-005  1.857175795135204E-005  1.794903138977534E-005  1.721648990925567E-005  1.679575923220013E-005  1.632678833755638E-005  1.579649975818431E-005  1.544016252224745E-005  1.518432802034138E-005  1.476633064334477E-005  1.446085486329709E-005  1.395214568536466E-005  1.356943872740543E-005  1.336163660395695E-005  1.314034252207049E-005  1.290284193696738E-005  1.264573288627853E-005  1.236350416280061E-005  1.168457187452278E-005  1.124428925022339E-005  1.064490433927470E-005
   1985.00027809239       2.042307098250192E-005  2.004659884098461E-005  1.960095422421299E-005  1.912740394575898E-005  1.858333885321810E-005  1.796698080418497E-005  1.723304579882650E-005  1.681263271144080E-005  1.634233744536495E-005  1.580980461804587E-005  1.545356801992167E-005  1.519650610747336E-005  1.477739794416189E-005  1.447093353622927E-005  1.395963402365121E-005  1.357534614003303E-005  1.336647052876966E-005  1.314400092944403E-005  1.290546577749058E-005  1.264694754627592E-005  1.236324553329394E-005  1.168058068259000E-005  1.123800595196291E-005  1.063632185244804E-005
   1995.00027949336       2.028994970637812E-005  1.991531436628996E-005  1.949556076185246E-005  1.900861265932689E-005  1.846687478857832E-005  1.785619275546623E-005  1.713289872742880E-005  1.671547874100219E-005  1.625292242634000E-005  1.572559516414609E-005  1.537327778259040E-005  1.511919262406039E-005  1.470443712239619E-005  1.440094471728853E-005  1.389495682527926E-005  1.351411415602542E-005  1.330705509050351E-005  1.308658887623136E-005  1.284982918218089E-005  1.259328894157463E-005  1.231171966166974E-005  1.163348923896201E-005  1.119344335593278E-005  1.059481385366061E-005
   2005.00028089432       2.034956368547769E-005  1.996448706690255E-005  1.953600076300227E-005  1.907025482341707E-005  1.853591960891000E-005  1.792303371444753E-005  1.720326523200099E-005  1.678529770347534E-005  1.631913453280014E-005  1.579277782514642E-005  1.543927813027663E-005  1.518436645584309E-005  1.476718194499154E-005  1.446216610410147E-005  1.395245186069312E-005  1.356868234490087E-005  1.335975869903630E-005  1.313725877222696E-005  1.289831252783997E-005  1.263923669823024E-005  1.235459913833397E-005  1.166869836262091E-005  1.122376665708136E-005  1.062001655912145E-005
   2015.00028229529       2.027824563599041E-005  1.989490419103524E-005  1.947645466865504E-005  1.901431702351225E-005  1.847913603569797E-005  1.787027639909895E-005  1.714982981073055E-005  1.673453446794419E-005  1.626899494250209E-005  1.574305259356342E-005  1.538860847065552E-005  1.513464904443958E-005  1.471742010284318E-005  1.441210672980913E-005  1.390218389734147E-005  1.351849714486402E-005  1.330984273623749E-005  1.308722590516513E-005  1.284830236264395E-005  1.258946080869935E-005  1.230507063418442E-005  1.162027523254982E-005  1.117646422785820E-005  1.057485681546429E-005
   2025.00028369626       1.990574743958690E-005  1.952205119417542E-005  1.910962828968977E-005  1.863923665703156E-005  1.811666827779662E-005  1.752118663465383E-005  1.681877214797504E-005  1.641089118828133E-005  1.595905248920830E-005  1.544735846318150E-005  1.510455747112094E-005  1.485756142633784E-005  1.445394128482235E-005  1.415927924850560E-005  1.366765465126731E-005  1.329787724294847E-005  1.309679897405686E-005  1.288271950595190E-005  1.265291500133512E-005  1.240385720077024E-005  1.213023388844145E-005  1.147115068054438E-005  1.104339821116790E-005  1.046138524531840E-005
   2035.00028509723       1.965357434992658E-005  1.927856104705408E-005  1.887740002506593E-005  1.842727813676910E-005  1.791150238668137E-005  1.733299823668631E-005  1.664788112821574E-005  1.625279903486843E-005  1.581274155216902E-005  1.531591555306457E-005  1.498226103057424E-005  1.474221956159451E-005  1.434926812519008E-005  1.406241646749080E-005  1.358336817351477E-005  1.322241477073104E-005  1.302608883183438E-005  1.281666558593399E-005  1.259180562377238E-005  1.234768303665577E-005  1.207924416725761E-005  1.143088590466811E-005  1.100889601894114E-005  1.043372562513686E-005
   2045.00028649820       1.978269014437119E-005  1.941391029764442E-005  1.900558915349198E-005  1.854640764506844E-005  1.803228886915768E-005  1.744091020957517E-005  1.674225177955085E-005  1.634144151006059E-005  1.589161839520209E-005  1.538333173915057E-005  1.504221373905836E-005  1.479642460938499E-005  1.439498099431383E-005  1.410143880535216E-005  1.361170950336113E-005  1.324292568848339E-005  1.304247539104652E-005  1.282880092587890E-005  1.259959627752383E-005  1.235104286494481E-005  1.207808449285212E-005  1.142051006575369E-005  1.099399281732901E-005  1.041487221590341E-005
   2055.00028789917       1.953694173483106E-005  1.916696587603743E-005  1.876032958300220E-005  1.830705994546670E-005  1.779585253764483E-005  1.720975414305964E-005  1.651987805307390E-005  1.612406742799921E-005  1.568045658052371E-005  1.517948340361932E-005  1.484405194442077E-005  1.460242019943099E-005  1.420820490499827E-005  1.392024240329645E-005  1.344051587510706E-005  1.308017367126230E-005  1.288430023503400E-005  1.267573628576442E-005  1.245195581725716E-005  1.220950705840355E-005  1.194330737273392E-005  1.130244764721900E-005  1.088689078937526E-005  1.032202852228794E-005
   2065.00028930014       1.921248931225950E-005  1.885566000452026E-005  1.845738368659298E-005  1.802495138244258E-005  1.752918937693567E-005  1.695861409012807E-005  1.629002595825906E-005  1.590399698506324E-005  1.547360805907721E-005  1.498744584301056E-005  1.466253352537492E-005  1.442805081752162E-005  1.404616238738123E-005  1.376689801514928E-005  1.330158306362501E-005  1.295166623039477E-005  1.276155542888895E-005  1.255876213177376E-005  1.234123815349385E-005  1.210530497256665E-005  1.184616701685184E-005  1.122108892722726E-005  1.081468565969501E-005  1.026039235508629E-005
   2075.00029070111       1.920820056701678E-005  1.885870261264145E-005  1.845558025519989E-005  1.801697663218371E-005  1.751656603374585E-005  1.694843310594502E-005  1.627688473711800E-005  1.589012036025023E-005  1.545876682384191E-005  1.497081084725088E-005  1.464361374918945E-005  1.440821551898429E-005  1.402391240641709E-005  1.374328461555299E-005  1.327523494116133E-005  1.292342867866135E-005  1.273231311680108E-005  1.252863647328025E-005  1.231003969341402E-005  1.207313983117293E-005  1.181292562142760E-005  1.118611277870346E-005  1.077919425066471E-005  1.022531916594739E-005
   2085.00029210208       1.905455106433007E-005  1.869965967205748E-005  1.830508930656409E-005  1.786523325544603E-005  1.737350362433825E-005  1.680480990904950E-005  1.613899886226681E-005  1.575409853795798E-005  1.532794485062050E-005  1.484468489319884E-005  1.452119016819055E-005  1.428881636495358E-005  1.390969255287914E-005  1.363284077613917E-005  1.317190556886102E-005  1.282556469518943E-005  1.263730218821806E-005  1.243674215534086E-005  1.222154346595480E-005  1.198830515846509E-005  1.173210858342372E-005  1.111470494219372E-005  1.071374740058299E-005  1.016758413396879E-005
   2095.00029350305       1.873477041180480E-005  1.837597981121375E-005  1.799220282607732E-005  1.756765791220404E-005  1.708308424593295E-005  1.652953686032730E-005  1.588262329284716E-005  1.550969911440614E-005  1.509387740239932E-005  1.462496001453656E-005  1.431153836779716E-005  1.408584045270068E-005  1.371848137149830E-005  1.345028303057135E-005  1.300396754299130E-005  1.266855750759125E-005  1.248631185278571E-005  1.229219637379679E-005  1.208381219281288E-005  1.185793245104409E-005  1.160973540098892E-005  1.101097175492557E-005  1.062128295383889E-005  1.008859047510393E-005
   2105.00029490402       1.881465738661480E-005  1.846790086202743E-005  1.808091942657952E-005  1.765157325293671E-005  1.717114068951920E-005  1.661670847422697E-005  1.596135888701840E-005  1.558433259452802E-005  1.516516139345454E-005  1.468945062829162E-005  1.437140149754778E-005  1.414257157654242E-005  1.376952007054027E-005  1.349672294726842E-005  1.304232734734471E-005  1.270071226051307E-005  1.251508677522400E-005  1.231736461770445E-005  1.210514367454663E-005  1.187517057449208E-005  1.162251819739380E-005  1.101383859048156E-005  1.061862022314655E-005  1.008047051668328E-005
   2115.00029630499       1.861437417413002E-005  1.826835272744990E-005  1.789121333530953E-005  1.746873034167922E-005  1.699414850951219E-005  1.644597112624990E-005  1.580376990287676E-005  1.543308944474451E-005  1.501926413134892E-005  1.455324420612970E-005  1.424080069989960E-005  1.401596150394002E-005  1.364983244152498E-005  1.338230081561074E-005  1.293659369032829E-005  1.260167016665470E-005  1.241961287287344E-005  1.222574859526195E-005  1.201756590956123E-005  1.179193816573304E-005  1.154400110265371E-005  1.094624710539692E-005  1.055767975142865E-005  1.002772485535647E-005
   2125.00029770596       1.849196625952800E-005  1.814681581895713E-005  1.777182617655393E-005  1.735052336033437E-005  1.687468077550641E-005  1.633148785451990E-005  1.569300577433785E-005  1.532454723035167E-005  1.491466267551027E-005  1.445102085233193E-005  1.414088240158024E-005  1.391815511873308E-005  1.355468645682747E-005  1.328937139744992E-005  1.284789095448956E-005  1.251636507541742E-005  1.233624123966688E-005  1.214430913142846E-005  1.193838831000543E-005  1.171519141570054E-005  1.147001149032806E-005  1.087901800649056E-005  1.049500352350687E-005  9.971280947196873E-006
   2135.00029910692       1.839486017800096E-005  1.805917481853145E-005  1.768787845261304E-005  1.727104934470445E-005  1.680429241239688E-005  1.626793739988779E-005  1.563603616921935E-005  1.527230268310227E-005  1.486627269669804E-005  1.440742897465320E-005  1.409948836228368E-005  1.387875321561837E-005  1.351798409322208E-005  1.325425774546180E-005  1.281488902665329E-005  1.248451304949125E-005  1.230491073946069E-005  1.211350429746513E-005  1.190801984026937E-005  1.168517838079652E-005  1.144034877154269E-005  1.084981075217396E-005  1.046601508227020E-005  9.943062110061456E-006
   2145.00030050789       1.827698209040184E-005  1.793770725142366E-005  1.756729283597079E-005  1.715742337802863E-005  1.668928763989410E-005  1.615553515767556E-005  1.552385825908342E-005  1.516139687644875E-005  1.475677990101639E-005  1.429989858796350E-005  1.399468035406643E-005  1.377473773188480E-005  1.341664928197272E-005  1.315534197840980E-005  1.272025921184159E-005  1.239338662377900E-005  1.221576588181958E-005  1.202663268101554E-005  1.182362809015398E-005  1.160361270164662E-005  1.136196165643075E-005  1.077957766515773E-005  1.040123100409085E-005  9.885450449169295E-006
   2155.00030190886       1.814994906371551E-005  1.781806117046218E-005  1.745163733471323E-005  1.704359270752529E-005  1.658309108052579E-005  1.605498476196296E-005  1.543071265526621E-005  1.507147663347294E-005  1.467094260358158E-005  1.421854394890193E-005  1.391564135250166E-005  1.369790140973182E-005  1.334277617625187E-005  1.308354677547058E-005  1.265188173899435E-005  1.232758322144061E-005  1.215136300094849E-005  1.196366888312849E-005  1.176218216089025E-005  1.154380219446343E-005  1.130387981556573E-005  1.072555425666414E-005  1.034987871971805E-005  9.837891509976371E-006
   2165.00030330983       1.758656907186840E-005  1.730472004776347E-005  1.698944888497548E-005  1.663658919806436E-005  1.623194764761335E-005  1.575726500611749E-005  1.518961553093872E-005  1.485823939739334E-005  1.448571218705174E-005  1.406073013082973E-005  1.377402188737984E-005  1.356700964998299E-005  1.322781964165155E-005  1.297894043335155E-005  1.256201519473736E-005  1.224705155244163E-005  1.207535116781574E-005  1.189195560401091E-005  1.169472207786394E-005  1.148046304710222E-005  1.124457852771053E-005  1.067441559433915E-005  1.030312779366402E-005  9.796382518271702E-006
   2175.00030471080       1.768586049986136E-005  1.736510933762949E-005  1.701312897414317E-005  1.661920684956126E-005  1.617387024545387E-005  1.566429252656092E-005  1.506430463579672E-005  1.471942389152295E-005  1.433490490777941E-005  1.390086641414605E-005  1.361085217218276E-005  1.340232801086750E-005  1.306334544478999E-005  1.281594499615074E-005  1.240418447662464E-005  1.209495416471340E-005  1.192687059136717E-005  1.174779516861448E-005  1.155550740299477E-005  1.134696887891595E-005  1.111770457032913E-005  1.056410693009309E-005  1.020336940025769E-005  9.709433264526566E-006
   2185.00030611177       1.760468694678321E-005  1.728285352725511E-005  1.693049353344259E-005  1.654148914715754E-005  1.610115653986224E-005  1.559524799282386E-005  1.500169924412832E-005  1.465969179919433E-005  1.427938266973574E-005  1.384974896978947E-005  1.356247142988344E-005  1.335582130258340E-005  1.301921946863899E-005  1.277368100312708E-005  1.236465244741982E-005  1.205709900250945E-005  1.188985698559028E-005  1.171162439263746E-005  1.152011062179362E-005  1.131236418856056E-005  1.108385992965025E-005  1.053184183004883E-005  1.017213479875488E-005  9.680098668812099E-006
   2195.00030751274       1.761039125320638E-005  1.728449763369228E-005  1.693224991068713E-005  1.653838647311939E-005  1.609206655344001E-005  1.558190635048577E-005  1.498276453240965E-005  1.463781759826245E-005  1.425345838113137E-005  1.381994299135052E-005  1.353006826823175E-005  1.332185144705373E-005  1.298269900469506E-005  1.273527107104131E-005  1.232388797515384E-005  1.201496183804995E-005  1.184708694196131E-005  1.166826789696415E-005  1.147638235031909E-005  1.126833807265284E-005  1.103975298122424E-005  1.048838954876281E-005  1.012975190292813E-005  9.639880766393982E-006
   2205.00030891371       1.719483829354399E-005  1.687978746936728E-005  1.653452994544336E-005  1.615390662422913E-005  1.572225769257320E-005  1.522916610227653E-005  1.465024035175686E-005  1.431781950803499E-005  1.394781665747419E-005  1.353118644577734E-005  1.325317854762018E-005  1.305350046731451E-005  1.272874078053457E-005  1.249189971933620E-005  1.209818189931862E-005  1.180274507498012E-005  1.164221622318918E-005  1.147118668939762E-005  1.128761810009834E-005  1.108857169936330E-005  1.086975528916425E-005  1.034125003783151E-005  9.996392454002346E-006  9.522383638330770E-006
   2215.00031031468       1.737230319691679E-005  1.705660173280322E-005  1.671227459092544E-005  1.632889242835788E-005  1.589573373432204E-005  1.539823228530858E-005  1.481268232906859E-005  1.447573471342443E-005  1.410033841249265E-005  1.367661080622567E-005  1.339326371341774E-005  1.318970818971362E-005  1.285762453906311E-005  1.261517984003936E-005  1.221177304621121E-005  1.190858259214021E-005  1.174376121968940E-005  1.156807303237309E-005  1.137943048961442E-005  1.117478393360822E-005  1.094978964785174E-005  1.040657110373203E-005  1.005296960152241E-005  9.570080035171319E-006
   2225.00031171565       1.711548816004015E-005  1.680477277735713E-005  1.645971468694527E-005  1.607821518183857E-005  1.564529354534379E-005  1.515128075594166E-005  1.457137594534611E-005  1.423881017958799E-005  1.386880117654139E-005  1.345167013052051E-005  1.317346204849240E-005  1.297366345313890E-005  1.264869408675988E-005  1.241175190315147E-005  1.201826839964302E-005  1.172303471705198E-005  1.156264413513146E-005  1.139187682388066E-005  1.120857995412885E-005  1.100984904013081E-005  1.079144335589192E-005  1.026417179555208E-005  9.920378371989478E-006  9.448379350974104E-006
   2235.00031311662       1.701095038996967E-005  1.670412714784380E-005  1.635999235234490E-005  1.598228706503322E-005  1.555522020350437E-005  1.506590817776681E-005  1.449168754345521E-005  1.416257413990071E-005  1.379639490965634E-005  1.338379791420504E-005  1.310829942523295E-005  1.291084818503888E-005  1.258946296079388E-005  1.235510319151726E-005  1.196570973911469E-005  1.167356179965724E-005  1.151489815584474E-005  1.134587685056411E-005  1.116445516712849E-005  1.096779404143941E-005  1.075164063701933E-005  1.022988073731698E-005  9.889906622665098E-006  9.423938142116205E-006
   2245.00031451759       1.690940865149400E-005  1.660235804441871E-005  1.626790493184481E-005  1.588904312822314E-005  1.546827251029348E-005  1.498286108008833E-005  1.441406540512896E-005  1.408767394487485E-005  1.372475150041213E-005  1.331545992018069E-005  1.304240024367372E-005  1.284654582005130E-005  1.252754797820431E-005  1.229520406608828E-005  1.190882944765764E-005  1.161891325110892E-005  1.146141844726277E-005  1.129365925694611E-005  1.111357232613625E-005  1.091827570526049E-005  1.070365957524184E-005  1.018554682140530E-005  9.847995082683632E-006  9.385432610761646E-006
   2255.00031591855       1.678436027116582E-005  1.648603433735971E-005  1.615385511248113E-005  1.578746944184772E-005  1.537262947576762E-005  1.489697298962022E-005  1.433915076843314E-005  1.401833445032215E-005  1.366113602274946E-005  1.325846759388711E-005  1.298922170990921E-005  1.279601169811382E-005  1.248111735220056E-005  1.225151982289466E-005  1.186933444903025E-005  1.158219430751115E-005  1.142608381312437E-005  1.125963198780017E-005  1.108088190718178E-005  1.088690882097088E-005  1.067355877222775E-005  1.015800943103854E-005  9.821909388101660E-006  9.361650570263806E-006
   2265.00031731952       1.657478604399809E-005  1.627300228383327E-005  1.594449620819702E-005  1.557909837186742E-005  1.516855092707803E-005  1.469442149829406E-005  1.414145954712812E-005  1.382367704357877E-005  1.347098958959488E-005  1.307441553354587E-005  1.280981435026346E-005  1.261994184994124E-005  1.231137997926953E-005  1.208661547774022E-005  1.171314330975001E-005  1.143294622649980E-005  1.128069589660999E-005  1.111857123789350E-005  1.094448789108971E-005  1.075573059916972E-005  1.054819893953086E-005  1.004691397704768E-005  9.719889544527229E-006  9.270660133257840E-006
   2275.00031872049       1.660170369654257E-005  1.630473727122987E-005  1.597686271291356E-005  1.561502688734238E-005  1.520389223624239E-005  1.473383041249336E-005  1.418094272550718E-005  1.386360434371081E-005  1.351058782959144E-005  1.311255111020535E-005  1.284698977215996E-005  1.265620306766084E-005  1.234579060755322E-005  1.211941854463246E-005  1.174289046948812E-005  1.146004595917848E-005  1.130633261271483E-005  1.114249953086290E-005  1.096654481653993E-005  1.077567444926636E-005  1.056577030361595E-005  1.005872542762378E-005  9.728275328707076E-006  9.275904419841672E-006
   2285.00032012146       1.629614860347146E-005  1.600267327639026E-005  1.568387323825920E-005  1.532690492611930E-005  1.492625371238610E-005  1.446738137702717E-005  1.392991059402178E-005  1.362143852151616E-005  1.327949793681508E-005  1.289459111438979E-005  1.263805902050347E-005  1.245394579255326E-005  1.215480728156800E-005  1.193674375681391E-005  1.157457859725155E-005  1.130256365892957E-005  1.115472117892783E-005  1.099718574854626E-005  1.082793772706170E-005  1.064427520561286E-005  1.044218353820781E-005  9.953276714909200E-006  9.633774837269439E-006  9.194381771527134E-006
   2295.00032152243       1.557496522552289E-005  1.527021580409454E-005  1.493340684367128E-005  1.456487373668481E-005  1.415284773691319E-005  1.368703582925776E-005  1.314889319200008E-005  1.284481068427999E-005  1.251010021762797E-005  1.213772565203730E-005  1.189152310350316E-005  1.171583425694497E-005  1.143155126598203E-005  1.122547265899257E-005  1.088417829169040E-005  1.062854512797195E-005  1.048960896538026E-005  1.034139027884644E-005  1.018187014790138E-005  1.000815843091282E-005  9.815966648232664E-006  9.342974950809045E-006  9.023217729573430E-006  8.557152753697608E-006
   2305.00032292340       1.589614379779551E-005  1.560065927837871E-005  1.527405162735138E-005  1.491452882509817E-005  1.450989131213027E-005  1.404841037701168E-005  1.351173480124218E-005  1.320551327309761E-005  1.286646002306284E-005  1.248641141930452E-005  1.223373418889875E-005  1.205276897462588E-005  1.175907603458556E-005  1.154553303752830E-005  1.119115154744495E-005  1.092542736242807E-005  1.078104419541622E-005  1.062717140592447E-005  1.046182746951830E-005  1.028222156335796E-005  1.008427818842950E-005  9.602393909667468E-006  9.283029320893904E-006  8.831738830207806E-006
   2315.00032432437       1.583482700201927E-005  1.554250737671546E-005  1.522235582480649E-005  1.486489108665122E-005  1.446490375605450E-005  1.400853972897501E-005  1.347531022546434E-005  1.317101184623192E-005  1.283386030166366E-005  1.245609245359175E-005  1.220506423102158E-005  1.202525237428003E-005  1.173358901264071E-005  1.152141953159402E-005  1.116950154406538E-005  1.090567921427514E-005  1.076235947411542E-005  1.060963865111509E-005  1.044558317131677E-005  1.026746872259984E-005  1.007127136825389E-005  9.594465289825683E-006  9.279430058512491E-006  8.836233175639990E-006
   2325.00032572534       1.491912981566458E-005  1.462137790668619E-005  1.429956329306828E-005  1.394578598654635E-005  1.355376954961021E-005  1.311184790833748E-005  1.260429752848814E-005  1.231786693614282E-005  1.200347146984719E-005  1.165370656393672E-005  1.142240479784295E-005  1.125748644487147E-005  1.099047562387781E-005  1.079661575250349E-005  1.047525555786107E-005  1.023404107327692E-005  1.010273213947408E-005  9.962479483693896E-006  9.811333888840697E-006  9.646452515470382E-006  9.463611335864292E-006  9.011046708322671E-006  8.701801487807084E-006  8.242489929897875E-006
   2335.00032712631       1.525457861995444E-005  1.496809235393960E-005  1.465344676907692E-005  1.430469158719861E-005  1.391670867218921E-005  1.347514662897927E-005  1.296199133425375E-005  1.267043006267282E-005  1.234865593253165E-005  1.198899117548608E-005  1.175062775126048E-005  1.158025075579216E-005  1.130409444222165E-005  1.110365978357753E-005  1.077148074858624E-005  1.052265899462280E-005  1.038754412034432E-005  1.024349820277436E-005  1.008866858187809E-005  9.920396760193029E-006  9.734713751701060E-006  9.280746923122315E-006  8.976972804846025E-006  8.539604813137434E-006
   2345.00032852728       1.544737121012976E-005  1.515952584531213E-005  1.484490849267709E-005  1.449497953599895E-005  1.410348146029183E-005  1.365575087603764E-005  1.313438559602996E-005  1.283677234078037E-005  1.250753397350410E-005  1.213879639979971E-005  1.189369180434865E-005  1.171838099532483E-005  1.143389911265121E-005  1.122717043668079E-005  1.088430923716696E-005  1.062741837119161E-005  1.048787731363415E-005  1.033920233012924E-005  1.017947749851697E-005  1.000604452081722E-005  9.814941686353015E-006  9.349749198159503E-006  9.040836045978310E-006  8.600776189483000E-006
   2355.00032992825       1.445664984155897E-005  1.416620761332503E-005  1.385102631541979E-005  1.350572252635306E-005  1.312387613058883E-005  1.269419215580436E-005  1.220239833603042E-005  1.192577783640860E-005  1.162265462786432E-005  1.128658064954436E-005  1.106496276274562E-005  1.090711548610809E-005  1.065218680886097E-005  1.046748203147792E-005  1.016181261096562E-005  9.932750514793109E-006  9.808155606763557E-006  9.675118854734414E-006  9.531739894397968E-006  9.375309261248982E-006  9.201713814374854E-006  8.770802553939413E-006  8.474431371453683E-006  8.029216816545673E-006
   2365.00033132922       1.499721917250650E-005  1.471162981179793E-005  1.440230200015887E-005  1.405695858062170E-005  1.367305711439896E-005  1.323698197740697E-005  1.273044099021245E-005  1.244250443806389E-005  1.212485196425345E-005  1.177041051134669E-005  1.153548731679250E-005  1.136781840274574E-005  1.109612148502722E-005  1.089909666482251E-005  1.057274635676730E-005  1.032840180597552E-005  1.019570489817571E-005  1.005426914694148E-005  9.902237485885589E-006  9.736963095907373E-006  9.554503183863527E-006  9.107765435588809E-006  8.807847718551880E-006  8.373541134888861E-006
   2375.00033273019       1.491097052364479E-005  1.463076218152607E-005  1.432397881685805E-005  1.398489002556215E-005  1.360559753323373E-005  1.317432543683181E-005  1.267349765632966E-005  1.238895870987544E-005  1.207530991587234E-005  1.172507149256796E-005  1.149326536523998E-005  1.132777922294532E-005  1.105988523859209E-005  1.086562380003412E-005  1.054392643294601E-005  1.030314934895582E-005  1.017242001560439E-005  1.003308935065070E-005  9.883342174019626E-006  9.720609958293797E-006  9.541050700057045E-006  9.102032871535257E-006  8.807954158411423E-006  8.382938817316607E-006
   2385.00033413115       1.410340377412441E-005  1.381960778616136E-005  1.351100031183175E-005  1.317369136199413E-005  1.280061244356880E-005  1.238178423686157E-005  1.190409706222111E-005  1.163646074316856E-005  1.134410544433403E-005  1.102067317213408E-005  1.080816193567030E-005  1.065697128573620E-005  1.041324741774199E-005  1.023693218144840E-005  9.945476791857972E-006  9.727227628604268E-006  9.608529144315594E-006  9.481752102580880E-006  9.345080885086932E-006  9.195882230413394E-006  9.030180014165234E-006  8.617967609720886E-006  8.333543388389031E-006  7.904928018819189E-006
   2395.00033553212       1.459126276406296E-005  1.431064059169884E-005  1.400352073086872E-005  1.366482886176974E-005  1.328744289666650E-005  1.285977447781841E-005  1.236566310988059E-005  1.208603691981013E-005  1.177845399178559E-005  1.143629515367086E-005  1.121032283086804E-005  1.104919366186426E-005  1.078892308484539E-005  1.060040955989367E-005  1.028871779927168E-005  1.005562610690046E-005  9.929105114976569E-006  9.794246217456145E-006  9.649263355505906E-006  9.491599121124217E-006  9.317399071220809E-006  8.889782146211231E-006  8.601241851162581E-006  8.180066335506240E-006
   2405.00033693309       1.464855968046643E-005  1.437343521110170E-005  1.407230308739284E-005  1.373923039067137E-005  1.336821651060500E-005  1.294575982945189E-005  1.245570190255184E-005  1.217710237983918E-005  1.186997173202932E-005  1.152693842746764E-005  1.129971521154600E-005  1.113745307018420E-005  1.087472042387071E-005  1.068397382723781E-005  1.036796614070915E-005  1.013118378512408E-005  1.000251772467917E-005  9.865338647267334E-006  9.717843908404323E-006  9.557488117044529E-006  9.380467461148207E-006  8.947525730942862E-006  8.657548064086573E-006  8.238520588113717E-006
   2415.00033833406       1.392493594931670E-005  1.364691493475020E-005  1.334497513790383E-005  1.301439324063784E-005  1.264824434654940E-005  1.223793094751705E-005  1.176884676799879E-005  1.150578146360868E-005  1.121848160264427E-005  1.090112243182560E-005  1.069252211137374E-005  1.054426320630439E-005  1.030516393862872E-005  1.013231312529420E-005  9.846690958486936E-006  9.632955801318046E-006  9.516767108000270E-006  9.392735684980985E-006  9.259090461712964E-006  9.113303457594867E-006  8.951539610426674E-006  8.549999638772652E-006  8.273860489808766E-006  7.859601071928176E-006
   2425.00033973503       1.422182021187877E-005  1.394722292049069E-005  1.364758164564361E-005  1.331765273611538E-005  1.295106142921116E-005  1.253594221216656E-005  1.205784213041546E-005  1.178795910614551E-005  1.149193168223477E-005  1.116327662038937E-005  1.094665062494882E-005  1.079229421516628E-005  1.054319824032401E-005  1.036298524369329E-005  1.006517939903921E-005  9.842541585070370E-006  9.721685159859658E-006  9.592850384552745E-006  9.454317866508976E-006  9.303597573721731E-006  9.136997050441728E-006  8.727417233759542E-006  8.450381855225236E-006  8.044640552237696E-006
   2435.00034113600       1.427087166742739E-005  1.400528165462792E-005  1.371329795624028E-005  1.339151215660013E-005  1.303128668515946E-005  1.262288595260441E-005  1.215029161751808E-005  1.188244515728892E-005  1.158702166967152E-005  1.125772062556696E-005  1.103997275504075E-005  1.088447521031343E-005  1.063273801612889E-005  1.045015113423251E-005  1.014765750876428E-005  9.921038125510780E-006  9.797896059590144E-006  9.666582713804532E-006  9.525358711489611E-006  9.371793266364418E-006  9.202218050385169E-006  8.787023022926229E-006  8.508357842489939E-006  8.104415992622326E-006
   2445.00034253697       1.387467381965955E-005  1.360124050424574E-005  1.330491838700807E-005  1.297747131393739E-005  1.261568412084472E-005  1.220840690956605E-005  1.174166849360300E-005  1.147906655728227E-005  1.119228340933832E-005  1.087481031315864E-005  1.066610385524676E-005  1.051778459907386E-005  1.027863559780693E-005  1.010576188488905E-005  9.820297343880425E-006  9.606935716290132E-006  9.491104351167424E-006  9.367577852538811E-006  9.234648581687551E-006  9.089900465435605E-006  8.929660383801927E-006  8.534116196518307E-006  8.264500969490752E-006  7.864884604913090E-006
   2455.00034393794       1.369023680121919E-005  1.342514674830070E-005  1.313582931173864E-005  1.281944264560912E-005  1.246715149354845E-005  1.207088423925826E-005  1.161683664914061E-005  1.136192358615144E-005  1.108296557690363E-005  1.077484064756663E-005  1.057240290320562E-005  1.042857733008208E-005  1.019669574610283E-005  1.002928311465523E-005  9.752900277643683E-006  9.546372648662524E-006  9.434213351435306E-006  9.314613605639234E-006  9.185869516854031E-006  9.045625453757341E-006  8.890296750199076E-006  8.506473944119472E-006  8.244495526579204E-006  7.855742025661515E-006
   2465.00034533891       1.403002579271558E-005  1.376883268820395E-005  1.348396463196305E-005  1.316789762503664E-005  1.281555008785693E-005  1.241541675652690E-005  1.195299745551444E-005  1.169022699776164E-005  1.140133599227661E-005  1.107943498129174E-005  1.086665292583115E-005  1.071484816463688E-005  1.046942048408295E-005  1.029148382065740E-005  9.997008979025949E-006  9.776614428195281E-006  9.656934935810987E-006  9.529372038735817E-006  9.392260580479665E-006  9.243207619017218E-006  9.078706974586751E-006  8.676305455372123E-006  8.406560081546165E-006  8.016334196072248E-006
   2475.00034673988       1.370954567262110E-005  1.344954059179689E-005  1.316639722945812E-005  1.285310795506522E-005  1.250493411482874E-005  1.211199079186681E-005  1.165966679231836E-005  1.140454747357738E-005  1.112531106700405E-005  1.081544100149129E-005  1.061132002697410E-005  1.046613795792918E-005  1.023166263958356E-005  1.006203650251661E-005  9.781697501377995E-006  9.572004916051538E-006  9.458095434238872E-006  9.336616362468785E-006  9.205897063371059E-006  9.063580699407006E-006  8.906144875155879E-006  8.518536675752375E-006  8.255836455437252E-006  7.870184226126185E-006
   2485.00034814085       1.335877267878282E-005  1.310258060516335E-005  1.282317543598396E-005  1.251439169562238E-005  1.217200471867978E-005  1.178617168377057E-005  1.134418533311638E-005  1.109589347826294E-005  1.082481341856107E-005  1.052578354325438E-005  1.032961236217258E-005  1.019052126800823E-005  9.966630057018742E-006  9.805313933616424E-006  9.539557760319842E-006  9.341450879043908E-006  9.234030177432066E-006  9.119605658091871E-006  8.996572771562254E-006  8.862680548460960E-006  8.714514781340437E-006  8.348636974281821E-006  8.098648433275157E-006  7.726471037771990E-006
   2495.00034954182       1.369150158065323E-005  1.343423739481179E-005  1.315479868783819E-005  1.284513223225879E-005  1.250071551651749E-005  1.211046276475503E-005  1.165914953781952E-005  1.140405026849727E-005  1.112388785375050E-005  1.081231212270842E-005  1.060689973898366E-005  1.046061783517403E-005  1.022426564941916E-005  1.005316422226043E-005  9.770376896298870E-006  9.558962429690806E-006  9.444212639378032E-006  9.321956137214570E-006  9.190545879789676E-006  9.047705890970273E-006  8.890024422726812E-006  8.503802760231730E-006  8.244085454319032E-006  7.866366873048389E-006
   2505.00035094278       1.366295567600040E-005  1.341106138214490E-005  1.313490992619715E-005  1.283123514260313E-005  1.249214578867111E-005  1.210630426310816E-005  1.166083428630144E-005  1.140859155417379E-005  1.113134986525992E-005  1.082289534860879E-005  1.061930491430491E-005  1.047414737680324E-005  1.023951107647651E-005  1.006955497852859E-005  9.788297229211565E-006  9.577787770605062E-006  9.463450335778724E-006  9.341577485340684E-006  9.210528850955236E-006  9.068052233311565E-006  8.910762914302790E-006  8.525878712513460E-006  8.267897674996393E-006  7.895167090335286E-006
   2515.00035234375       1.330672758233965E-005  1.304904842910786E-005  1.276857271160673E-005  1.245900670646227E-005  1.211488702191651E-005  1.172784084255112E-005  1.128389950348761E-005  1.103463210390756E-005  1.076203858501507E-005  1.046106308040921E-005  1.026366994295090E-005  1.012355277407870E-005  9.898252890111822E-006  9.735791365076828E-006  9.468298972929038E-006  9.268980151220378E-006  9.160959963705372E-006  9.045961187569996E-006  8.922414764757682E-006  8.788098323440118E-006  8.639677842662904E-006  8.274345703675538E-006  8.025945849466782E-006  7.658342841477884E-006
   2525.00035374472       1.344220897295249E-005  1.319188807206424E-005  1.291369811773330E-005  1.260806926920794E-005  1.226874766585408E-005  1.188290378589269E-005  1.143720653685298E-005  1.118563702017497E-005  1.090926149371864E-005  1.060269851440163E-005  1.040072629365012E-005  1.025690996232598E-005  1.002512731112500E-005  9.857578008314894E-006  9.581180958042112E-006  9.375026169171562E-006  9.263313753468694E-006  9.144429956879918E-006  9.016836495236708E-006  8.878359651110314E-006  8.725758085714388E-006  8.352988418010583E-006  8.102811873588775E-006  7.738704328707068E-006
   2535.00035514569       1.340439271721762E-005  1.315827009792663E-005  1.288727089565132E-005  1.258936010500872E-005  1.225683909748937E-005  1.187875610237779E-005  1.144155926986407E-005  1.119424938191829E-005  1.092248652374642E-005  1.062030491781185E-005  1.042105167057679E-005  1.027917307628671E-005  1.004989965193401E-005  9.884015626207257E-006  9.609876045275400E-006  9.404996173606265E-006  9.293850775577355E-006  9.175465138902116E-006  9.048306893733320E-006  8.910203814830113E-006  8.757895863672424E-006  8.385848050720165E-006  8.136776149803929E-006  7.776827813325891E-006
   2545.00035654666       1.317020688165733E-005  1.292471506972744E-005  1.265679900824534E-005  1.236249368463310E-005  1.203373952471431E-005  1.166295840337193E-005  1.123534609237771E-005  1.099446076402877E-005  1.073055308747858E-005  1.043801536385153E-005  1.024562947526420E-005  1.010882383574681E-005  9.888221645380051E-006  9.728794145958359E-006  9.465825793972588E-006  9.269509317608457E-006  9.163022042810096E-006  9.049618346354601E-006  8.927779867950941E-006  8.795369575470992E-006  8.649211064790674E-006  8.291044864624008E-006  8.049849162049654E-006  7.698544591604298E-006
   2555.00035794763       1.314745908055447E-005  1.290354033226444E-005  1.263887988877397E-005  1.234677740647236E-005  1.201912317977918E-005  1.164868057496474E-005  1.122126103603802E-005  1.097949925304265E-005  1.071418250852371E-005  1.041990702447741E-005  1.022623820508691E-005  1.008847759927360E-005  9.866247206072549E-006  9.705683443966085E-006  9.440846784799367E-006  9.243207703171227E-006  9.136115847339629E-006  9.022088055037391E-006  8.899682439318691E-006  8.766797444454390E-006  8.620267099486055E-006  8.261976524689856E-006  8.021333539974335E-006  7.671533192622393E-006
   2565.00035934860       1.311658360202092E-005  1.287827576709155E-005  1.261909853046851E-005  1.233282223607579E-005  1.201161687346075E-005  1.164793649558353E-005  1.122663084402718E-005  1.098841827187787E-005  1.072634164734446E-005  1.043503080883109E-005  1.024271888364369E-005  1.010598591221964E-005  9.884759132692502E-006  9.724690852266628E-006  9.460121045890907E-006  9.262306753501100E-006  9.154951790433803E-006  9.040566825856834E-006  8.917676550618077E-006  8.784161275510905E-006  8.636891548043802E-006  8.277031329084819E-006  8.036115577081840E-006  7.688338644209330E-006
   2575.00036074957       1.316597904738288E-005  1.292747439314988E-005  1.266705563070143E-005  1.238001496845381E-005  1.205738322906449E-005  1.169153519218727E-005  1.126798210991920E-005  1.102769168090570E-005  1.076356301073924E-005  1.046950570587959E-005  1.027533870004573E-005  1.013699017791960E-005  9.913390604805992E-006  9.751443009466818E-006  9.483672580879270E-006  9.283479295563036E-006  9.174830010936126E-006  9.059100779089413E-006  8.934789483434200E-006  8.799796788861065E-006  8.651009895628109E-006  8.288203568646834E-006  8.046322106703417E-006  7.699395029518430E-006
   2585.00036215054       1.277441330935885E-005  1.253944965506835E-005  1.228185691848344E-005  1.199817370862995E-005  1.168054208259766E-005  1.132227552848423E-005  1.090997305649958E-005  1.067758257957365E-005  1.042347038244846E-005  1.014255859396986E-005  9.958008373951187E-006  9.827034073850423E-006  9.616139298344304E-006  9.463962858762413E-006  9.213298336963091E-006  9.026487734856837E-006  8.925302232091164E-006  8.817601676724303E-006  8.701986356507800E-006  8.576463515393260E-006  8.438004823938100E-006  8.098954120409908E-006  7.870471094936223E-006  7.536467127030484E-006
   2595.00036355151       1.291647351858155E-005  1.268339358182250E-005  1.242570896992598E-005  1.214088166791559E-005  1.182317835183808E-005  1.146349260064071E-005  1.104691410275061E-005  1.081169426549067E-005  1.055326478545459E-005  1.026641711781251E-005  1.007753594430852E-005  9.943086464944384E-006  9.726337511429506E-006  9.569577201501658E-006  9.310987287221165E-006  9.118065914814097E-006  9.013486606036693E-006  8.902157872867242E-006  8.782687856797066E-006  8.653033786565595E-006  8.510184102986518E-006  8.161746987620990E-006  7.928832649127133E-006  7.592707190158602E-006
   2605.00036495248       1.291224938400032E-005  1.267953805634973E-005  1.242421426320556E-005  1.214446675473040E-005  1.182962422412683E-005  1.147228169240508E-005  1.105869207276361E-005  1.082467759715676E-005  1.056722415940553E-005  1.028117522222071E-005  1.009239433145622E-005  9.957914105239320E-006  9.740830308370610E-006  9.583731527939340E-006  9.324143861586708E-006  9.130172573501588E-006  9.024949585122848E-006  8.912889904680492E-006  8.792571618992760E-006  8.661936688996209E-006  8.517975040388502E-006  8.167067821456426E-006  7.933136199745535E-006  7.597571268142784E-006
   2615.00036635345       1.280616097465294E-005  1.257954124779374E-005  1.233057574745320E-005  1.205310493304476E-005  1.174308633890255E-005  1.138931322748710E-005  1.098011737027988E-005  1.074839448205454E-005  1.049354749444746E-005  1.021004049959918E-005  1.002303655971927E-005  9.889912677997876E-006  9.674914817454770E-006  9.519362838639464E-006  9.262502050495227E-006  9.070658570088266E-006  8.966662170366008E-006  8.855964889567667E-006  8.737151041585998E-006  8.608224350645125E-006  8.466232963073186E-006  8.120406104441550E-006  7.889916779776018E-006  7.558927940641283E-006
   2625.00036775442       1.245534503522259E-005  1.225599805649765E-005  1.203768615673874E-005  1.179025727316425E-005  1.150993981851026E-005  1.118697374276664E-005  1.080753075521594E-005  1.059012692938133E-005  1.034943867278827E-005  1.007975414601998E-005  9.900880854995337E-006  9.773161074184318E-006  9.566112543918984E-006  9.415845345790974E-006  9.167097333033305E-006  8.980870701025774E-006  8.879805167698520E-006  8.772104270696176E-006  8.656448930761421E-006  8.530861476653298E-006  8.392466176810333E-006  8.055023707155488E-006  7.829773185967795E-006  7.505341648669850E-006
   2635.00036915538       1.259797421870090E-005  1.237596167335222E-005  1.213429840687733E-005  1.186616938893235E-005  1.156433600560897E-005  1.122208956791549E-005  1.082569876414578E-005  1.060101330648145E-005  1.035407433426720E-005  1.007956267562891E-005  9.898555968735685E-006  9.769580785779854E-006  9.561474278698423E-006  9.410746803200905E-006  9.161804568795716E-006  8.975794533392264E-006  8.874850219617517E-006  8.767369101220019E-006  8.651962072097028E-006  8.526641996098372E-006  8.388542802020879E-006  8.051880380037346E-006  7.827433594034400E-006  7.505523366942808E-006
   2645.00037055635       1.250616644309585E-005  1.228520472432553E-005  1.204540709267796E-005  1.177954033733101E-005  1.148211134262176E-005  1.114422413979305E-005  1.075355531313434E-005  1.053270011451635E-005  1.028980505574836E-005  1.001987199939585E-005  9.841768086561091E-006  9.714868809459358E-006  9.510087311269844E-006  9.361935845717012E-006  9.117110717653950E-006  8.934250000805579E-006  8.835045274010224E-006  8.729419912658424E-006  8.616007699665267E-006  8.492908980550727E-006  8.357286804898883E-006  8.026895562941924E-006  7.806821471853918E-006  7.491510340378392E-006
   2655.00037195732       1.241111234475404E-005  1.218941251317631E-005  1.194718346557783E-005  1.167763172009983E-005  1.137891893688793E-005  1.103801096621545E-005  1.064460020166234E-005  1.042220481578158E-005  1.017791976756491E-005  9.906783194869223E-006  9.728360787104284E-006  9.601306758859046E-006  9.396537917845105E-006  9.248572951690815E-006  9.004619936543156E-006  8.822706517432969E-006  8.724201072035891E-006  8.619414425400626E-006  8.507069872135130E-006  8.385293222302564E-006  8.251344108465944E-006  7.925715630320608E-006  7.708890098457242E-006  7.396625786221973E-006
   2665.00037335829       1.226102733301216E-005  1.204470943791222E-005  1.180918187531671E-005  1.154722541428943E-005  1.125497006975595E-005  1.092387405787727E-005  1.053989630307295E-005  1.032326284657554E-005  1.008501154957396E-005  9.820744295011695E-006  9.646664153813757E-006  9.522705469330205E-006  9.322827994895966E-006  9.178358918724207E-006  8.939991210368560E-006  8.762169383740395E-006  8.665804257994288E-006  8.563269713320255E-006  8.453229822476651E-006  8.333861190485938E-006  8.202424210563644E-006  7.882213352079319E-006  7.668473785641745E-006  7.360296996617443E-006
   2675.00037475926       1.241942367070171E-005  1.220317557045105E-005  1.196741099181856E-005  1.170720718933570E-005  1.141491916343197E-005  1.108251636839160E-005  1.069519705957274E-005  1.047592126917279E-005  1.023389974155459E-005  9.964504766645211E-006  9.786544611626007E-006  9.659624875810296E-006  9.454521984808800E-006  9.305992998984626E-006  9.060350942059599E-006  8.876688859428410E-006  8.777087518662596E-006  8.671050983494132E-006  8.557234442303037E-006  8.433760225491607E-006  8.297880480096993E-006  7.967862405999636E-006  7.749286177018025E-006  7.438766368742877E-006
   2685.00037616023       1.236696862982148E-005  1.215163686847211E-005  1.191616954486205E-005  1.165533833436514E-005  1.136254443392297E-005  1.102720405235710E-005  1.064012531213661E-005  1.042039262706944E-005  1.017828162100473E-005  9.909495127201953E-006  9.731823385458941E-006  9.605150720977635E-006  9.400857346780983E-006  9.252876984018597E-006  9.008381402322157E-006  8.825798922319454E-006  8.726809037671345E-006  8.621464166332502E-006  8.508419041447330E-006  8.385802631717400E-006  8.250905638826367E-006  7.923211589161812E-006  7.706010002660823E-006  7.396884923867053E-006
   2695.00037756120       1.224896951413389E-005  1.203377078481655E-005  1.179898266375875E-005  1.153714409052267E-005  1.124423884280405E-005  1.091179415092388E-005  1.052678599827918E-005  1.030869817812098E-005  1.006906082970489E-005  9.802832559185972E-006  9.627127653688478E-006  9.502122107531793E-006  9.300459050312112E-006  9.154538313993896E-006  8.913846766375793E-006  8.734206317849278E-006  8.636881432588659E-006  8.533344914205324E-006  8.422320961156244E-006  8.301988607625783E-006  8.169645493277101E-006  7.848429799980144E-006  7.635464180011381E-006  7.331426875209724E-006
   2705.00037896217       1.221205884311111E-005  1.199978254561402E-005  1.176734460321772E-005  1.150955981234133E-005  1.122130614104036E-005  1.089280147311790E-005  1.051317514776817E-005  1.029746366793839E-005  1.006019222487443E-005  9.796975020029327E-006  9.622832745810839E-006  9.498838375893912E-006  9.298621300867839E-006  9.153724131677373E-006  8.914307002592193E-006  8.735536269780519E-006  8.638617440104393E-006  8.535435494536951E-006  8.424754699741848E-006  8.304732247643526E-006  8.172699351870603E-006  7.852204326546819E-006  7.640025621138440E-006  7.338513410436621E-006
   2715.00038036314       1.213180043171942E-005  1.192260907633936E-005  1.169358628982605E-005  1.143952237877266E-005  1.115448886281531E-005  1.083048687922906E-005  1.045554107862955E-005  1.024250537603747E-005  1.000848421576796E-005  9.747949683846998E-006  9.575877403918223E-006  9.453217945944724E-006  9.255119770229913E-006  9.111723847907642E-006  8.874640422452115E-006  8.697466493913681E-006  8.601366996921349E-006  8.499055551104023E-006  8.389260621198485E-006  8.270160696828491E-006  8.139102998391465E-006  7.820892366578698E-006  7.610173428571968E-006  7.310732442717701E-006
   2725.00038176411       1.207267753916802E-005  1.186643376252287E-005  1.163885064068007E-005  1.138737723640667E-005  1.110578585730559E-005  1.078572219784610E-005  1.041441146225872E-005  1.020391499913153E-005  9.972375392876186E-006  9.714874008105292E-006  9.544604718528816E-006  9.423321788851276E-006  9.227267304294591E-006  9.085253606337071E-006  8.850412191528880E-006  8.674824215592892E-006  8.579590371022251E-006  8.478165802840132E-006  8.369281234038267E-006  8.251189945778266E-006  8.121221360157373E-006  7.805698541952539E-006  7.597020956590306E-006  7.301482868451778E-006
   2735.00038316508       1.199104755164613E-005  1.178347733236438E-005  1.155717636723175E-005  1.130703430038157E-005  1.102631687548597E-005  1.070730368073436E-005  1.033702349963773E-005  1.012691154990803E-005  9.895908770865573E-006  9.638921420565903E-006  9.469157394867068E-006  9.348177995510320E-006  9.152732228571638E-006  9.011298405869370E-006  8.777502034765873E-006  8.602890090238218E-006  8.508185377662487E-006  8.407405928658099E-006  8.299274898543727E-006  8.182063203996038E-006  8.053144885646711E-006  7.740464402105483E-006  7.533684846520985E-006  7.240013916762387E-006
   2745.00038456605       1.195964232432977E-005  1.175568950262960E-005  1.153131376915054E-005  1.128312205423250E-005  1.100565368428042E-005  1.068901289749737E-005  1.032128694917988E-005  1.011238606185261E-005  9.882611423727476E-006  9.626848180620962E-006  9.457764543425638E-006  9.337328867144470E-006  9.142519901115934E-006  9.001486652837812E-006  8.768275111816887E-006  8.593943148578863E-006  8.499386669724212E-006  8.398723663416881E-006  8.290710094135480E-006  8.173606632730238E-006  8.044816312277104E-006  7.732632596430098E-006  7.526534962845543E-006  7.234905313432647E-006
   2755.00038596701       1.185791615361701E-005  1.166120503950472E-005  1.144499450369792E-005  1.120460196920598E-005  1.093416134138122E-005  1.062555161253678E-005  1.026771514710201E-005  1.006436087045452E-005  9.839688074556718E-006  9.589034317492991E-006  9.423341360031145E-006  9.305051487297837E-006  9.113531025092401E-006  8.974641257400513E-006  8.744642827772527E-006  8.572381528551255E-006  8.478856446970327E-006  8.379256031246882E-006  8.272320515028478E-006  8.156306339879991E-006  8.028635141024269E-006  7.719012780329029E-006  7.514727157668688E-006  7.226476586704974E-006
   2765.00038736798       1.176421909615126E-005  1.156718706518660E-005  1.135153399644109E-005  1.111030896623995E-005  1.084164919517929E-005  1.053514014658626E-005  1.017919864803906E-005  9.977459766544660E-006  9.755317560134244E-006  9.507484310502090E-006  9.343915191699837E-006  9.227084036830781E-006  9.038226840168589E-006  8.901420327086103E-006  8.674937990146455E-006  8.505437929391395E-006  8.413419318880978E-006  8.315431705934050E-006  8.210245873359857E-006  8.096093379661059E-006  7.970488524798593E-006  7.665700034834437E-006  7.464331528796318E-006  7.179485236012261E-006
   2775.00038876895       1.170206587527044E-005  1.150387158833425E-005  1.128557610546867E-005  1.104347846040388E-005  1.077400539861815E-005  1.046724312983490E-005  1.011179726759709E-005  9.910770695316536E-006  9.689354163331266E-006  9.442965028911107E-006  9.280396129888729E-006  9.164457220566057E-006  8.977127169120797E-006  8.841420076522652E-006  8.616922302791935E-006  8.449052992780721E-006  8.357987873859817E-006  8.261013701600204E-006  8.156924213010782E-006  8.044048593145395E-006  7.919853436268290E-006  7.618659134789025E-006  7.419730423134707E-006  7.138136380335886E-006
   2785.00039016992       1.164864302062567E-005  1.145169372285300E-005  1.123631215496836E-005  1.099749998046461E-005  1.072998061358003E-005  1.042679560694153E-005  1.007436529788391E-005  9.874529548281724E-006  9.654800311613758E-006  9.410217481342796E-006  9.248759265519865E-006  9.133613273644570E-006  8.947605470671446E-006  8.812759859978060E-006  8.589676442738930E-006  8.422811740602448E-006  8.332239304988363E-006  8.235805353594397E-006  8.132280172401637E-006  8.019994494338726E-006  7.896453323595417E-006  7.596926873234358E-006  7.399271400916318E-006  7.120060436932064E-006
   2795.00039157089       1.159762359829401E-005  1.140014855081751E-005  1.118616674614540E-005  1.094839914984259E-005  1.068112121443905E-005  1.037829013198323E-005  1.002622871910133E-005  9.826789457384588E-006  9.607226302805403E-006  9.363199128714279E-006  9.201800497662845E-006  9.086842466698758E-006  8.900961052715644E-006  8.766321706927405E-006  8.543505039060534E-006  8.376935161075612E-006  8.286569219506262E-006  8.190357419614834E-006  8.087134084376568E-006  7.975228982448749E-006  7.852204866930007E-006  7.554352591582545E-006  7.358159523742184E-006  7.081233145835071E-006
   2805.00039297186       1.150954016701487E-005  1.131530512053823E-005  1.109964123549342E-005  1.086474629127886E-005  1.059991699084818E-005  1.029902514670605E-005  9.950856139255013E-006  9.753130481558001E-006  9.535724783093391E-006  9.293892082874939E-006  9.134287303680971E-006  9.020525356967966E-006  8.836548304877199E-006  8.703253119782783E-006  8.482882077131185E-006  8.318130507831010E-006  8.228725371388240E-006  8.133570571896769E-006  8.031461829016861E-006  7.920763620439285E-006  7.799035196507981E-006  7.504095215567923E-006  7.309392057488663E-006  7.033348469630041E-006
   2815.00039437283       1.145621478241376E-005  1.126358850307645E-005  1.105268229829274E-005  1.081830320237875E-005  1.055516496217531E-005  1.025659741473298E-005  9.910734959967289E-006  9.714821589898029E-006  9.499106530293942E-006  9.259215315460925E-006  9.100697799996951E-006  8.987837261930775E-006  8.805132419214311E-006  8.672831584837580E-006  8.453975192961533E-006  8.290281545768113E-006  8.201489869507487E-006  8.106954093575477E-006  8.005481271775760E-006  7.895486092633752E-006  7.774494235380343E-006  7.481357923242490E-006  7.288030840736326E-006  7.014692433433400E-006
   2825.00039577380       1.139605177506363E-005  1.120639593329116E-005  1.099680231612661E-005  1.076515142559061E-005  1.050659326113960E-005  1.021287228959103E-005  9.871891305430836E-006  9.678623510549838E-006  9.465484572687536E-006  9.228491317750428E-006  9.071927676926069E-006  8.960298290554570E-006  8.779788712036613E-006  8.648949122630425E-006  8.432401646748675E-006  8.270276180070528E-006  8.182265327756098E-006  8.088515180119135E-006  7.987863700969265E-006  7.878685608424471E-006  7.758564120798391E-006  7.467401448993785E-006  7.275475860570882E-006  7.004872030910469E-006
   2835.00039717477       1.135796777766676E-005  1.117062792271615E-005  1.096380882093159E-005  1.073456318333688E-005  1.047772051573477E-005  1.018636867579845E-005  9.847284142907090E-006  9.655311778592647E-006  9.443886265607888E-006  9.208357534357942E-006  9.052846859472305E-006  8.941805306320172E-006  8.762137871931347E-006  8.631916984454438E-006  8.416205491961636E-006  8.254650033019922E-006  8.166895260970390E-006  8.073406089422792E-006  7.972995017195337E-006  7.864035121745286E-006  7.744135719406531E-006  7.453469484116199E-006  7.261988237200137E-006  6.992702691240721E-006
   2845.00039857574       1.124469470559400E-005  1.105786721144852E-005  1.085418557944323E-005  1.062799911327819E-005  1.037629234065039E-005  1.008896573200827E-005  9.756293539647788E-006  9.568267317178242E-006  9.360887949105298E-006  9.130158663227527E-006  8.977553950706343E-006  8.868783621541747E-006  8.692888686307012E-006  8.565261520718198E-006  8.353861524527963E-006  8.195440654676482E-006  8.109414324143973E-006  8.017737229138402E-006  7.919247318809302E-006  7.812342563250494E-006  7.694675351609708E-006  7.409246223042296E-006  7.221062794024374E-006  6.956079357416109E-006
   2855.00039997671       1.119652500041831E-005  1.101163045457943E-005  1.080794441225794E-005  1.058306908143461E-005  1.033039612779518E-005  1.004422900961500E-005  9.712212425424454E-006  9.524045228214883E-006  9.317083924145759E-006  9.086336966813333E-006  8.934200857146421E-006  8.825632973602917E-006  8.650154835559940E-006  8.522882495120024E-006  8.312170071011100E-006  8.154402475627028E-006  8.068746452537710E-006  7.977463392234386E-006  7.879465369009101E-006  7.773117493701087E-006  7.656104031165053E-006  7.372378127499200E-006  7.185358487010737E-006  6.921915246876609E-006
   2865.00040137768       1.112216876009413E-005  1.093894724397431E-005  1.073910491718394E-005  1.051643521884515E-005  1.026843771145975E-005  9.985683819947936E-006  9.657703497963953E-006  9.471594106064366E-006  9.266943298031440E-006  9.039005366349464E-006  8.888249770637180E-006  8.780778129338477E-006  8.606908754300094E-006  8.480853169668357E-006  8.272102171477919E-006  8.115744969588291E-006  8.030822327392423E-006  7.940346982402380E-006  7.843177726831373E-006  7.737716459863438E-006  7.621654625498915E-006  7.340148144970995E-006  7.154499190962138E-006  6.892871876603114E-006
   2875.00040277864       1.103300090399944E-005  1.085587319251102E-005  1.066384090431307E-005  1.045078925964739E-005  1.020831933486876E-005  9.933073762153308E-006  9.613020975274683E-006  9.430750797298416E-006  9.230131067276730E-006  9.005832698435628E-006  8.857357938280005E-006  8.751313338209865E-006  8.579618501280454E-006  8.454891390077242E-006  8.248073002280088E-006  8.092964563037771E-006  8.008610334984958E-006  7.918709893139391E-006  7.822091576210584E-006  7.717187760533425E-006  7.601688268643810E-006  7.321481970260617E-006  7.136840107729685E-006  6.877332027750992E-006
   2885.00040417961       1.100027889674059E-005  1.082066977726563E-005  1.062319770875813E-005  1.040532838277633E-005  1.016092438116643E-005  9.882090236906641E-006  9.559657168162837E-006  9.377103680334233E-006  9.176031529769472E-006  8.952387288439195E-006  8.804637714880020E-006  8.699206859071065E-006  8.528595831876853E-006  8.404919514073837E-006  8.199933017969426E-006  8.046338924716802E-006  7.962875307298242E-006  7.873917139573800E-006  7.778349049463574E-006  7.674601391952665E-006  7.560365922136071E-006  7.283167163676472E-006  7.100366101677697E-006  6.843096890460907E-006
   2895.00040558058       1.094609983403052E-005  1.076540714395436E-005  1.056890862022348E-005  1.035216414823903E-005  1.010807887834173E-005  9.831057163359242E-006  9.510723232563223E-006  9.328997147757608E-006  9.129280749271252E-006  8.906933783490436E-006  8.760072207505948E-006  8.655397915702295E-006  8.486023677219842E-006  8.363167714824219E-006  8.159699312933252E-006  8.007225627931130E-006  7.924371150964204E-006  7.836084460624425E-006  7.741252514626075E-006  7.638316135638437E-006  7.524999920047518E-006  7.250187277924716E-006  7.069124048728123E-006  6.814608495122702E-006
   2905.00040698155       1.086817207524452E-005  1.068865215611597E-005  1.049369863119051E-005  1.027842106291071E-005  1.003768169637070E-005  9.763209150611887E-006  9.445733575788607E-006  9.265983712567809E-006  9.068093958224044E-006  8.848317846500947E-006  8.702988436430973E-006  8.599509732993425E-006  8.432047008123094E-006  8.310570357632626E-006  8.109389220791690E-006  7.958656479051794E-006  7.876762715016047E-006  7.789488601271030E-006  7.695724288762565E-006  7.593934139108383E-006  7.481822894278734E-006  7.209661482512599E-006  7.029996157028426E-006  6.776736461255317E-006
   2915.00040838252       1.082175515681757E-005  1.064543418974838E-005  1.045375243786161E-005  1.023966638551901E-005  9.999646376274203E-006  9.727914435869540E-006  9.413344869186984E-006  9.234685252501791E-006  9.038373296704766E-006  8.819973052511895E-006  8.675704179573092E-006  8.572670609517045E-006  8.406106657728223E-006  8.285353080605729E-006  8.085192769671819E-006  7.935141771048681E-006  7.853623234948437E-006  7.766747356714004E-006  7.673395674018926E-006  7.572053398913574E-006  7.460479854064110E-006  7.189796112479479E-006  7.011389735961230E-006  6.760641589599925E-006
   2925.00040978349       1.064413251481157E-005  1.047083810732304E-005  1.027757095994201E-005  1.006737051506555E-005  9.831491068487753E-006  9.564402735119209E-006  9.256453868893794E-006  9.082590175263786E-006  8.891888716414916E-006  8.679945485928283E-006  8.540213259581675E-006  8.440632140536235E-006  8.279896242737190E-006  8.163375751404895E-006  7.970530546484395E-006  7.826155531048497E-006  7.747757802350766E-006  7.664218811005634E-006  7.574484713475268E-006  7.477061976868061E-006  7.369763055046327E-006  7.108967649110796E-006  6.936288757867806E-006  6.691536622987451E-006
   2935.00041118446       1.066726795141090E-005  1.049129375745805E-005  1.029993698652494E-005  1.008816986019509E-005  9.852434513333312E-006  9.584029670429694E-006  9.273595955445628E-006  9.098290794561123E-006  8.905469217842795E-006  8.691099418355398E-006  8.549855926790416E-006  8.449165765322687E-006  8.286216170816336E-006  8.168209522710315E-006  7.972781688535416E-006  7.826496041339354E-006  7.747039507979079E-006  7.662357522608290E-006  7.571414881389061E-006  7.472708316850104E-006  7.364047420834638E-006  7.100319658224390E-006  6.926189889413305E-006  6.680398816689250E-006
   2945.00041258543       1.058077473948546E-005  1.040844933227467E-005  1.021946871433054E-005  1.001073364077079E-005  9.776804433460398E-006  9.511899769112288E-006  9.205751175448828E-006  9.032556247645693E-006  8.842371681487233E-006  8.630782129480280E-006  8.491146750760165E-006  8.391621915339026E-006  8.230614236074017E-006  8.113854386533517E-006  7.920499339083235E-006  7.775671229323091E-006  7.696991199848862E-006  7.613135296048008E-006  7.523085039895160E-006  7.425349689417707E-006  7.317769766424764E-006  7.056793537885178E-006  6.884613318786604E-006  6.641605601981540E-006
   2955.00041398640       1.055025625591386E-005  1.037909981571144E-005  1.019061345292765E-005  9.983895908296095E-006  9.751271698804538E-006  9.488420740630478E-006  9.184322472938410E-006  9.012043131730244E-006  8.822603948892936E-006  8.611679944336738E-006  8.472673027419394E-006  8.373654411600880E-006  8.213307068168751E-006  8.097047277236732E-006  7.904504420565732E-006  7.760238573013098E-006  7.681861767311019E-006  7.598334289166667E-006  7.508588186123503E-006  7.411165224450746E-006  7.303912926939333E-006  7.043708116573140E-006  6.872126639416294E-006  6.630559141608658E-006
   2965.00041538737       1.047194189065842E-005  1.030247382043125E-005  1.011565317754130E-005  9.910015455288182E-006  9.678078739428766E-006  9.416150101168946E-006  9.113356495005381E-006  8.942268626139384E-006  8.754390460537507E-006  8.545575284570942E-006  8.407763342530298E-006  8.309675648398320E-006  8.150937376666134E-006  8.035998241206500E-006  7.845638802524777E-006  7.703042938783867E-006  7.625580615208734E-006  7.543071974133852E-006  7.454411419722780E-006  7.358160720571474E-006  7.252169564082978E-006  6.994775492736423E-006  6.824652401505118E-006  6.584141014245104E-006
   2975.00041678834       1.043253424511562E-005  1.026543115830604E-005  1.008160732215973E-005  9.877823117649427E-006  9.649052642643635E-006  9.389839078985264E-006  9.090349903715941E-006  8.920927233264302E-006  8.734916683676909E-006  8.527873884672458E-006  8.391323703195684E-006  8.293808238612875E-006  8.136165980551677E-006  8.021789715986757E-006  7.832283733011867E-006  7.690259236131687E-006  7.613069867213896E-006  7.530793923688120E-006  7.442396160827481E-006  7.346408849022442E-006  7.240721514884076E-006  6.984150363464565E-006  6.814849664887864E-006  6.576370170000250E-006
   2985.00041818931       1.037462605624947E-005  1.020741506378156E-005  1.002447417651000E-005  9.821663796236829E-006  9.594053241762314E-006  9.337027354724250E-006  9.039592501956853E-006  8.871702248360994E-006  8.687150881557072E-006  8.481897936543148E-006  8.346318748595749E-006  8.249782962296982E-006  8.093608488495214E-006  7.980291438643070E-006  7.792604269025897E-006  7.651949256068163E-006  7.575493106796936E-006  7.494014813094855E-006  7.406460797446102E-006  7.311416182450958E-006  7.206759003814762E-006  6.952788428675571E-006  6.785299142960646E-006  6.549587246067125E-006
   2995.00041959028       1.028362698724118E-005  1.011875432988368E-005  9.937718521708709E-006  9.737420491799873E-006  9.513774914348708E-006  9.260619691886228E-006  8.967894185316800E-006  8.802234437927160E-006  8.620403162351860E-006  8.418277575193285E-006  8.285021297440458E-006  8.190020056680012E-006  8.036372277388211E-006  7.924946633064282E-006  7.740290221920935E-006  7.601907180136218E-006  7.526694547917596E-006  7.446531288976168E-006  7.360380438312482E-006  7.266842436648167E-006  7.163809654336078E-006  6.913614907741071E-006  6.748407934274987E-006  6.515499440829780E-006
   3005.00042099124       1.020869989596536E-005  1.004493679258486E-005  9.864863119949747E-006  9.664848571613361E-006  9.441671607467465E-006  9.189836442489090E-006  8.898964689414790E-006  8.734699001411504E-006  8.554596610764194E-006  8.354463819343259E-006  8.222556579382607E-006  8.128536952042373E-006  7.976497497740596E-006  7.866357838501315E-006  7.683853019637875E-006  7.547065981210573E-006  7.472717166273532E-006  7.393460665443037E-006  7.308268667869617E-006  7.215736793674621E-006  7.113779413252225E-006  6.865823191734045E-006  6.701659670475779E-006  6.469184578972763E-006
   3015.00042239221       1.019819527009304E-005  1.003425395576205E-005  9.855209592349376E-006  9.658404236380541E-006  9.436886125363078E-006  9.187038845694025E-006  8.897219793057161E-006  8.733401055375388E-006  8.553498918938319E-006  8.353424226414649E-006  8.221363899852065E-006  8.127208543918308E-006  7.974873529459565E-006  7.864342146101467E-006  7.681263247207546E-006  7.543984119760394E-006  7.469373120277167E-006  7.389835828226665E-006  7.304359599016213E-006  7.211548516193091E-006  7.109334285258894E-006  6.861215720465974E-006  6.697539123191997E-006  6.467176224677416E-006
   3025.00042379318       1.011429837727470E-005  9.953857912424338E-006  9.775924622713954E-006  9.579876037344435E-006  9.361428057533371E-006  9.114057667247570E-006  8.828131926744136E-006  8.666297723480409E-006  8.488857071541219E-006  8.291740442819494E-006  8.161429296187063E-006  8.068670366698599E-006  7.918616809334348E-006  7.809789451693129E-006  7.629594111233237E-006  7.494498331170350E-006  7.421104270087494E-006  7.342855046528500E-006  7.258767639343075E-006  7.167424034109188E-006  7.066822886686586E-006  6.822446877132114E-006  6.661019634570356E-006  6.433360947195543E-006
   3035.00042519415       1.001034776089777E-005  9.857717025241809E-006  9.689126876642625E-006  9.500081813314155E-006  9.289555826590776E-006  9.049807846051899E-006  8.771690274221095E-006  8.613793777282135E-006  8.440329414353382E-006  8.247083303515991E-006  8.119108154551333E-006  8.027782977451102E-006  7.879861586775324E-006  7.772514560415899E-006  7.594403309236811E-006  7.460708739140048E-006  7.387991151007416E-006  7.310433400300060E-006  7.227044918235479E-006  7.136452312833365E-006  7.036616691657601E-006  6.794014971295274E-006  6.633740027925836E-006  6.407840573143345E-006
   3045.00042659512       9.953384952187159E-006  9.795715173847041E-006  9.624466476798684E-006  9.433858438199717E-006  9.220696868020910E-006  8.977441731047264E-006  8.696983154515530E-006  8.538100140087461E-006  8.363939235014622E-006  8.170575433973659E-006  8.042818591523535E-006  7.951739853453635E-006  7.804776879325576E-006  7.698198363092045E-006  7.521585821593756E-006  7.389251603576581E-006  7.317341399287837E-006  7.240690768964732E-006  7.158302403207705E-006  7.068790168018604E-006  6.970158194979776E-006  6.730089450040811E-006  6.570797914359549E-006  6.344308177830455E-006
   3055.00042799609       9.952232798599488E-006  9.793274789139023E-006  9.619274023787443E-006  9.428254632399547E-006  9.214418462371446E-006  8.972271503251516E-006  8.693209491226203E-006  8.535321951601491E-006  8.361896042861069E-006  8.169200627695969E-006  8.042108989978442E-006  7.951505804430831E-006  7.805054791891677E-006  7.698765139068355E-006  7.522668968500611E-006  7.390624296761059E-006  7.318795820761334E-006  7.242247229150664E-006  7.159985765104685E-006  7.070624318794841E-006  6.972175877376774E-006  6.733043299398163E-006  6.575109709423031E-006  6.352524391733729E-006
   3065.00042939706       9.869511415964542E-006  9.710890949940354E-006  9.539913939720834E-006  9.349310993088252E-006  9.138802406077570E-006  8.900257770732352E-006  8.624388040408763E-006  8.469182179171298E-006  8.298229471646358E-006  8.108349120763677E-006  7.983178065465027E-006  7.893933646840770E-006  7.749647012628251E-006  7.644938286987530E-006  7.471455695345152E-006  7.341423046052885E-006  7.270748743211586E-006  7.195370860120580E-006  7.114363349756306E-006  7.026361397476339E-006  6.929405145812939E-006  6.693741644797486E-006  6.537897619115192E-006  6.317725143651140E-006
   3075.00043079803       9.846255862630362E-006  9.688981452019552E-006  9.517549806812347E-006  9.329691141723076E-006  9.118788854347130E-006  8.879737958473522E-006  8.603192151905824E-006  8.447092916577675E-006  8.275831927542276E-006  8.085502921240390E-006  7.960039085326433E-006  7.870642402147025E-006  7.726074588435858E-006  7.621201428989477E-006  7.447457606907589E-006  7.317216896334483E-006  7.246419596097910E-006  7.170950979761106E-006  7.089841115075901E-006  7.001779803271678E-006  6.904776518707039E-006  6.669168621148983E-006  6.513520928203784E-006  6.293903136752720E-006
   3085.00043219900       9.731342234425729E-006  9.575833158566920E-006  9.405987419985361E-006  9.217699870926795E-006  9.009324020837565E-006  8.773287428491080E-006  8.501671115951386E-006  8.348040613399187E-006  8.180237272215747E-006  7.994088457186019E-006  7.871462964453549E-006  7.784107040591997E-006  7.642903971398328E-006  7.540524216426433E-006  7.371074763068088E-006  7.244056809821423E-006  7.175040071547635E-006  7.101473899311128E-006  7.022382674686142E-006  6.936482178243546E-006  6.841825068118885E-006  6.611501973849003E-006  6.458809263642104E-006  6.242065922225634E-006
   3095.00043359997       9.688843095088592E-006  9.533450956846757E-006  9.366613140226631E-006  9.181211090738367E-006  8.974072194111279E-006  8.740184245519369E-006  8.470299640582378E-006  8.317982794700590E-006  8.151000031400176E-006  7.965882438937183E-006  7.843813555474988E-006  7.756821282405390E-006  7.616254754078845E-006  7.514335446031916E-006  7.345443727466419E-006  7.218863119550375E-006  7.150021230702669E-006  7.076621347608819E-006  6.997722090847417E-006  6.911981182072314E-006  6.817482827755134E-006  6.587519777130925E-006  6.435089826359880E-006  6.218892806134520E-006
   3105.00043500094       9.677577662961908E-006  9.527178803297920E-006  9.358935158232506E-006  9.173101130970431E-006  8.967556197561793E-006  8.733344544141428E-006  8.463894067722202E-006  8.311866591932725E-006  8.144464698901165E-006  7.959111744381851E-006  7.836798764941466E-006  7.749607365468523E-006  7.608621613909532E-006  7.506430674594782E-006  7.336952173298307E-006  7.209935154851981E-006  7.140887623481577E-006  7.067284779106109E-006  6.988179917752803E-006  6.902271693474987E-006  6.807626252056367E-006  6.577669542200614E-006  6.425668303363508E-006  6.210989495925278E-006
   3115.00043640191       9.495546785538523E-006  9.346098377057379E-006  9.185168780916656E-006  9.005036582955374E-006  8.805849278853275E-006  8.582054702609032E-006  8.322769201293964E-006  8.176400798530164E-006  8.016109162666642E-006  7.838484149067351E-006  7.721290147362668E-006  7.637784102034569E-006  7.502658767518318E-006  7.404622054709443E-006  7.242236714836200E-006  7.120365204607309E-006  7.054075724756252E-006  6.983365162436453E-006  6.907351644998024E-006  6.824717877716425E-006  6.733613810643053E-006  6.511719263492418E-006  6.364418646830776E-006  6.155019580801368E-006
   3125.00043780287       9.558507376416853E-006  9.410239342503341E-006  9.244310459189369E-006  9.061945075985977E-006  8.858993015783450E-006  8.630145830371542E-006  8.365155038420463E-006  8.215885249419103E-006  8.052105554652243E-006  7.870260008774733E-006  7.750442238599546E-006  7.664941885697491E-006  7.526782441658121E-006  7.426506605085603E-006  7.260328383415505E-006  7.135756580431587E-006  7.068025208515735E-006  6.995782343446026E-006  6.918162163687071E-006  6.833846235633017E-006  6.740953513540010E-006  6.515253745504157E-006  6.366082421033547E-006  6.155457995246960E-006
   3135.00043920384       9.458825738223666E-006  9.308188619473169E-006  9.145044477230858E-006  8.963652235304127E-006  8.761640613095402E-006  8.533177875460994E-006  8.270720381130704E-006  8.122887077085041E-006  7.960796774481708E-006  7.781469712001809E-006  7.663274080390198E-006  7.579014963980305E-006  7.443081695169435E-006  7.344566475798636E-006  7.181343665542993E-006  7.059059391969461E-006  6.992602208810842E-006  6.921760621298295E-006  6.845595498323028E-006  6.762866541189002E-006  6.671667491483485E-006  6.449528610713829E-006  6.301907397689751E-006  6.091412461636752E-006
   3145.00044060481       9.452659824255228E-006  9.302557815871514E-006  9.139558375704108E-006  8.960167190056964E-006  8.759451731707459E-006  8.533132592449975E-006  8.271853157208098E-006  8.124653982456570E-006  7.962756596642843E-006  7.783228834127882E-006  7.664977341149564E-006  7.580749359142482E-006  7.444538853104290E-006  7.345676706136729E-006  7.182030451876646E-006  7.059401173393354E-006  6.992726626070509E-006  6.921679239870220E-006  6.845298122236517E-006  6.762353075805224E-006  6.670994103192114E-006  6.448941457668411E-006  6.302015095831345E-006  6.093989414211438E-006
   3155.00044200578       9.344228907209381E-006  9.199327264089981E-006  9.040476172275062E-006  8.864428597997581E-006  8.669050294125118E-006  8.447545778174159E-006  8.192966499272588E-006  8.049061795530863E-006  7.891391573237627E-006  7.716526101353380E-006  7.601270636174857E-006  7.519045887801223E-006  7.386175047327951E-006  7.289803997874656E-006  7.130065157960784E-006  7.010235904223052E-006  6.945082828016201E-006  6.875586362969960E-006  6.800859548299956E-006  6.719613438879836E-006  6.630056287251502E-006  6.411999966649584E-006  6.267386424985852E-006  6.062213552025533E-006
   3165.00044340675       9.327779570761144E-006  9.182410090088726E-006  9.021086720888424E-006  8.842557090023634E-006  8.645403448786033E-006  8.424455127538014E-006  8.168851358894289E-006  8.024562353659712E-006  7.866687010794329E-006  7.691784206734746E-006  7.576374914684005E-006  7.494173145919644E-006  7.361363757930147E-006  7.265112489614407E-006  7.105550266535507E-006  6.985959276961630E-006  6.920917850492884E-006  6.851636651815241E-006  6.777131988391884E-006  6.696172766494128E-006  6.606982258377519E-006  6.390131431476115E-006  6.246583380734956E-006  6.043334974824329E-006
   3175.00044480772       9.263238454264376E-006  9.117893497356022E-006  8.960892009183029E-006  8.785784275982856E-006  8.590247162395387E-006  8.370082393691131E-006  8.117330837410573E-006  7.974208451874440E-006  7.817806638908619E-006  7.644374600019129E-006  7.529983340304043E-006  7.448626385239430E-006  7.316967340142132E-006  7.221525141724806E-006  7.063340248845434E-006  6.944714022504283E-006  6.880203378855507E-006  6.811433094367366E-006  6.737457787250222E-006  6.657074726553947E-006  6.568449178780183E-006  6.352670795855507E-006  6.209497423038122E-006  6.006100311821656E-006
   3185.00044620869       9.210239626135105E-006  9.066032629094050E-006  8.909979675838136E-006  8.735255236451473E-006  8.541628410894261E-006  8.322920898567068E-006  8.071480672390694E-006  7.929555798551610E-006  7.774342858253040E-006  7.602013096771915E-006  7.488599334458398E-006  7.407770487183602E-006  7.277162311815018E-006  7.182496356925543E-006  7.025679173903713E-006  6.908101732084168E-006  6.844160456257579E-006  6.775997985435576E-006  6.702673068139580E-006  6.623010164764103E-006  6.535188336752965E-006  6.321307110268474E-006  6.179334324345215E-006  5.977473986437049E-006
   3195.00044760966       9.181007672970958E-006  9.035947807219100E-006  8.880246720772599E-006  8.707808788595160E-006  8.514676373722371E-006  8.296101623493093E-006  8.045108274815119E-006  7.903371136795950E-006  7.748170523299428E-006  7.575928564314520E-006  7.462737155399240E-006  7.381949458702822E-006  7.251599848536262E-006  7.157047331087560E-006  7.000507431132828E-006  6.883068647292761E-006  6.819270799688318E-006  6.751274024734083E-006  6.678165222036649E-006  6.598763663893492E-006  6.511252992974698E-006  6.298336784451555E-006  6.157156349562124E-006  5.956617855101778E-006
   3210.00044971111       9.099386638141766E-006  8.960403368546598E-006  8.803757385435559E-006  8.633978948620542E-006  8.445232517833166E-006  8.231473106247334E-006  7.985115493454737E-006  7.846108557923494E-006  7.694195325437822E-006  7.525311897881512E-006  7.414032021373202E-006  7.334787156807424E-006  7.206573140115183E-006  7.113513619444128E-006  6.959374565026848E-006  6.843709981078590E-006  6.780797127691517E-006  6.713733937128244E-006  6.641612053976004E-006  6.563261858370006E-006  6.476877878609961E-006  6.266717736068096E-006  6.127514807346317E-006  5.930335696364237E-006
   3230.00045251305       8.966142709712635E-006  8.828810863160375E-006  8.675831509616060E-006  8.505945258068229E-006  8.318263433791265E-006  8.106431418282646E-006  7.863854357987666E-006  7.726863424695201E-006  7.577115769501667E-006  7.411501045107932E-006  7.302311015608493E-006  7.224641743420925E-006  7.099066918326529E-006  7.008086211971284E-006  6.857427822494259E-006  6.744528020071008E-006  6.683147783485624E-006  6.617715211271860E-006  6.547366568300246E-006  6.470928959736686E-006  6.386638724243980E-006  6.181254665242953E-006  6.044636885181455E-006  5.849544690056109E-006
   3250.00045531499       8.893375391914259E-006  8.755620208948320E-006  8.605380617170658E-006  8.441015153880661E-006  8.255735251869011E-006  8.047870087518140E-006  7.808455295572994E-006  7.673894118999950E-006  7.526511768220197E-006  7.362906810496766E-006  7.255233065293383E-006  7.178553466237055E-006  7.054566239334364E-006  6.964673329961572E-006  6.815769051299641E-006  6.704130701028798E-006  6.643416584470762E-006  6.578680976798610E-006  6.509068573210176E-006  6.433454342771079E-006  6.350102649073561E-006  6.147221369372216E-006  6.012668607789792E-006  5.821555086428644E-006
   3270.00045811693       8.789699296545326E-006  8.652627539156794E-006  8.505747539588994E-006  8.342954407819971E-006  8.160698216835585E-006  7.956145683772115E-006  7.720621058681715E-006  7.588106389101485E-006  7.442788599990036E-006  7.282117592659113E-006  7.176279436169403E-006  7.100858983497793E-006  6.979101558548742E-006  6.890784019182235E-006  6.744417554104920E-006  6.634706974088891E-006  6.575059309136922E-006  6.511427920612699E-006  6.443031916227146E-006  6.368719132980772E-006  6.286804271347960E-006  6.087379623435647E-006  5.955010202378081E-006  5.766659441277558E-006
   3290.00046091887       8.636655646940392E-006  8.507172448307263E-006  8.366320708994173E-006  8.209919190612242E-006  8.035033169512843E-006  7.836371657366735E-006  7.608891934129708E-006  7.480589451217554E-006  7.339744246805688E-006  7.183526590618220E-006  7.080588562822419E-006  7.007081376120941E-006  6.888449806443830E-006  6.802337270553838E-006  6.659523063465037E-006  6.552389986315239E-006  6.494138121383587E-006  6.431991078987962E-006  6.365119893917127E-006  6.292454979547420E-006  6.212275534297883E-006  6.016630780337325E-006  5.886245713132115E-006  5.699606735409697E-006
   3310.00046372080       8.574664964253096E-006  8.445304317862584E-006  8.302645576327349E-006  8.145352634190080E-006  7.971580518874703E-006  7.774317751669078E-006  7.547899563981101E-006  7.420667406992422E-006  7.281267855056069E-006  7.127323756189185E-006  7.025463459998368E-006  6.952966822942076E-006  6.835816973700043E-006  6.750858698390481E-006  6.610091075069096E-006  6.504502542276695E-006  6.447068354987648E-006  6.385795615849858E-006  6.319939680719600E-006  6.248355966072896E-006  6.169415622129380E-006  5.977093179643304E-006  5.849284226231446E-006  5.667115203703257E-006
   3330.00046652274       8.450877160741538E-006  8.320565376918041E-006  8.180689530976987E-006  8.025163660996312E-006  7.852972660974065E-006  7.659919460076208E-006  7.437960284783617E-006  7.312918705942908E-006  7.176302546601550E-006  7.025406660535966E-006  6.925985215908176E-006  6.855350506448354E-006  6.741026961404264E-006  6.658213343122346E-006  6.520920377185373E-006  6.417950001721979E-006  6.361954226610582E-006  6.302201729365440E-006  6.237976639371248E-006  6.168144270517209E-006  6.091084217451119E-006  5.902968362348204E-006  5.777476692943671E-006  5.597504826062594E-006
   3350.00046932468       8.405285493762156E-006  8.276758274509614E-006  8.138214717247956E-006  7.983656931032872E-006  7.812693790547766E-006  7.619513155828961E-006  7.397695029167914E-006  7.273496409872240E-006  7.137575128055910E-006  6.986943621909104E-006  6.887773979101537E-006  6.817214086353164E-006  6.703126851122668E-006  6.620385104277952E-006  6.483381785643211E-006  6.380609221358367E-006  6.324762093902398E-006  6.265174942820095E-006  6.201139293684647E-006  6.131512715874949E-006  6.054740813708778E-006  5.867591339434725E-006  5.743042093038439E-006  5.565032693659560E-006
   3370.00047212662       8.312856913467602E-006  8.188705525432606E-006  8.050349889388053E-006  7.898838669473222E-006  7.731036124079689E-006  7.542691057193284E-006  7.325741459516252E-006  7.203213019906061E-006  7.069892672041644E-006  6.922230911808239E-006  6.824821087545128E-006  6.755442118412359E-006  6.643335875944142E-006  6.562074972856726E-006  6.427429896309289E-006  6.326353087150842E-006  6.271405281699481E-006  6.212769831880412E-006  6.149742158505764E-006  6.081232355897722E-006  6.005670994795690E-006  5.821527096326845E-006  5.699063352989429E-006  5.524281469448756E-006
   3390.00047492856       8.171179967009440E-006  8.046544569249692E-006  7.912108652512285E-006  7.763113929662979E-006  7.598619294895125E-006  7.412866180796256E-006  7.200797711734863E-006  7.081984390783765E-006  6.952109519669215E-006  6.808354183137824E-006  6.713784415455821E-006  6.646667990058888E-006  6.537848374121262E-006  6.459027828787888E-006  6.328523578053779E-006  6.230580212987213E-006  6.177346996084351E-006  6.120540464978582E-006  6.059419245002617E-006  5.992947827409591E-006  5.919571774210537E-006  5.740134072739701E-006  5.620058069051410E-006  5.447024122438619E-006
   3410.00047773050       8.101686755636018E-006  7.981414614051688E-006  7.846216987964537E-006  7.700576844693235E-006  7.538574717403809E-006  7.357003347588488E-006  7.148302263230644E-006  7.031140668109019E-006  6.903344945667538E-006  6.761848361474244E-006  6.668572486436923E-006  6.602274122861135E-006  6.494903538783361E-006  6.417085259933286E-006  6.288171605673644E-006  6.191405188493392E-006  6.138791079426255E-006  6.082629993372001E-006  6.022233911835748E-006  5.956570114636266E-006  5.884115264915709E-006  5.707236903647048E-006  5.589264324501281E-006  5.420080496101094E-006
   3430.00048053244       8.065816361928510E-006  7.943980204828871E-006  7.811712627296990E-006  7.665700840084363E-006  7.504634090437909E-006  7.322467037209490E-006  7.114180678229343E-006  6.997119810778231E-006  6.869238093460729E-006  6.727501284009522E-006  6.634311503413014E-006  6.567912695826390E-006  6.460687374962056E-006  6.382871515245374E-006  6.253861261250886E-006  6.157090889256667E-006  6.104484471507054E-006  6.048323585999060E-006  5.987952274086233E-006  5.922302216878210E-006  5.849899690163803E-006  5.673388549483508E-006  5.555931989766432E-006  5.388134848531090E-006
   3450.00048333437       7.955962642309239E-006  7.836024672811138E-006  7.705585683897588E-006  7.560449625991943E-006  7.399819908690157E-006  7.218854647126719E-006  7.013122505246651E-006  6.897647813637791E-006  6.771554103357493E-006  6.632275616924573E-006  6.540466883671416E-006  6.475430671906583E-006  6.370180774045999E-006  6.293928550283855E-006  6.167572450633177E-006  6.072926094065479E-006  6.021458174214199E-006  5.966565869564178E-006  5.907560648244396E-006  5.843384319429470E-006  5.772579766179176E-006  5.599601925837621E-006  5.483941155473869E-006  5.317265018092043E-006
   3470.00048613631       7.892334456322292E-006  7.772245814770119E-006  7.643311530512522E-006  7.501205287920802E-006  7.343911277375124E-006  7.166503390818194E-006  6.963845935722266E-006  6.850098598315563E-006  6.725993816042844E-006  6.588617449038194E-006  6.498329037381751E-006  6.433971331597531E-006  6.330047641662287E-006  6.254600712511323E-006  6.129773408497622E-006  6.036127815979242E-006  5.985183983450554E-006  5.930885543619557E-006  5.872480429866351E-006  5.809001757500734E-006  5.738995852709138E-006  5.568192593405125E-006  5.454328802786698E-006  5.291081817700689E-006
   3490.00048893825       7.817730628207318E-006  7.699721764218449E-006  7.572427324502492E-006  7.431254418722683E-006  7.276621241744887E-006  7.102787592865487E-006  6.902911319687258E-006  6.790955858936489E-006  6.668309264751170E-006  6.532881861655082E-006  6.443612663851314E-006  6.380132248398816E-006  6.277601973842562E-006  6.203231922031669E-006  6.079935120505504E-006  5.987435629594571E-006  5.937154382988637E-006  5.883492261005304E-006  5.825792677171289E-006  5.763076124250108E-006  5.693887639500178E-006  5.525117954849568E-006  5.412677252623823E-006  5.251644783161435E-006
   3510.00049174019       7.722635913208320E-006  7.606899130191862E-006  7.481943665684535E-006  7.343710600983476E-006  7.190453145911854E-006  7.017662999915324E-006  6.820287767233522E-006  6.709690995110777E-006  6.589078631500423E-006  6.455426787927268E-006  6.367625457692069E-006  6.305115407532473E-006  6.204254138301238E-006  6.131049199926350E-006  6.009863638949836E-006  5.918997565461863E-006  5.869623966291345E-006  5.816953478322988E-006  5.760297550820572E-006  5.698715580635522E-006  5.630782092351089E-006  5.464896089424585E-006  5.354078465431235E-006  5.194556546200848E-006
   3530.00049454213       7.622693374857021E-006  7.509695992102528E-006  7.386619701982933E-006  7.250429659938835E-006  7.100580624767294E-006  6.931821179299602E-006  6.738839769658454E-006  6.630575682274633E-006  6.512943933070362E-006  6.382270293834411E-006  6.296626721021614E-006  6.235525967934402E-006  6.136978668747539E-006  6.065505634173597E-006  5.947102773049056E-006  5.858266897790360E-006  5.809953527449076E-006  5.758419116608486E-006  5.702977141477546E-006  5.642692547476734E-006  5.576141559226649E-006  5.413424708344427E-006  5.304528974041864E-006  5.147448834932511E-006
   3550.00049734407       7.576195506604187E-006  7.463754448202689E-006  7.340354113067406E-006  7.206605449051080E-006  7.057160039868569E-006  6.890018790522666E-006  6.698584915011487E-006  6.591284125712818E-006  6.474063329167542E-006  6.344576118458189E-006  6.259460827474214E-006  6.198718114604006E-006  6.100701706802022E-006  6.029575727290996E-006  5.911764779161117E-006  5.823356619913045E-006  5.775291346713624E-006  5.724023752867525E-006  5.668879860609739E-006  5.608918817772696E-006  5.542787489068375E-006  5.381384474141776E-006  5.273726425482948E-006  5.119175992256607E-006
   3570.00050014600       7.470003483094582E-006  7.359985701400084E-006  7.238939505969632E-006  7.106722196521866E-006  6.959964929075954E-006  6.796047373305423E-006  6.608066626072203E-006  6.502667926075119E-006  6.387827189245038E-006  6.260909242093898E-006  6.177558914940613E-006  6.118176091974801E-006  6.022315178899755E-006  5.952799959322286E-006  5.837692554815255E-006  5.751358909641625E-006  5.704433686039919E-006  5.654385542012478E-006  5.600533455042435E-006  5.541983726593890E-006  5.477375233389723E-006  5.319437766078500E-006  5.213688112546511E-006  5.060875531448408E-006
   3590.00050294794       7.390075712973960E-006  7.282577946325956E-006  7.163404131792915E-006  7.033353773800127E-006  6.889239294159545E-006  6.726776130366228E-006  6.542027378209233E-006  6.438439034310961E-006  6.325749481720346E-006  6.201043666158435E-006  6.119006108048906E-006  6.060663711736441E-006  5.966346006454491E-006  5.898068310680958E-006  5.784836185384125E-006  5.699901367474315E-006  5.653727137495848E-006  5.604461762074608E-006  5.551443210677360E-006  5.493799345020105E-006  5.430161970370895E-006  5.274499912686816E-006  5.170209152499860E-006  5.019424245457294E-006
   3610.00050574988       7.355539470483874E-006  7.245722343228776E-006  7.127484657511885E-006  6.997478525487997E-006  6.855269301094938E-006  6.694869226137561E-006  6.511028348932246E-006  6.408295266583051E-006  6.295714310040687E-006  6.171745121124137E-006  6.089808835481103E-006  6.031725218263132E-006  5.937747660217594E-006  5.869649014585188E-006  5.756631084111125E-006  5.671883551794693E-006  5.625780636701708E-006  5.576607733525367E-006  5.523734474050163E-006  5.466234498112783E-006  5.402794212728812E-006  5.247897020433209E-006  5.144488307780511E-006  4.995816617595624E-006
   3630.00050855182       7.263952268957940E-006  7.158185304168822E-006  7.040770597874752E-006  6.912994045368974E-006  6.770968115985905E-006  6.613029870969117E-006  6.431553307962976E-006  6.330237447747119E-006  6.219706643791158E-006  6.097747656574261E-006  6.017398564565891E-006  5.960265094571385E-006  5.867936938015698E-006  5.801026617304372E-006  5.690229604563980E-006  5.607184365229400E-006  5.562007426128410E-006  5.513844018794990E-006  5.462031665748899E-006  5.405701704072791E-006  5.343525491628803E-006  5.191567272693538E-006  5.089827765464292E-006  4.942790321182112E-006
   3650.00051135376       7.157568357645581E-006  7.052569908115498E-006  6.938992087621226E-006  6.813750318779692E-006  6.676884734940636E-006  6.522580439240107E-006  6.347012152204718E-006  6.249025513588859E-006  6.142071748082115E-006  6.023613675914130E-006  5.945807260198232E-006  5.890550051141301E-006  5.800982455191639E-006  5.736200139212855E-006  5.628723658894332E-006  5.548060732341166E-006  5.504192949957320E-006  5.457411563750098E-006  5.407047446207188E-006  5.352279874800596E-006  5.291783502953608E-006  5.143766631592907E-006  5.044496561177190E-006  4.900765924712651E-006
   3670.00051415570       7.078386193114750E-006  6.975329774805921E-006  6.864444039578472E-006  6.743162528750105E-006  6.608587453637259E-006  6.457260789222848E-006  6.285348048441876E-006  6.188921175753863E-006  6.083539307558010E-006  5.967576002647629E-006  5.891096625910414E-006  5.836578191920099E-006  5.748644934499121E-006  5.684894905125473E-006  5.579073066609576E-006  5.499650436456962E-006  5.456431645266884E-006  5.410320073906824E-006  5.360668596526698E-006  5.306651475276326E-006  5.246982304072544E-006  5.100816823230853E-006  5.002708725919569E-006  4.860578648088180E-006
   3690.00051695763       6.981176600289374E-006  6.879492149477761E-006  6.770897427433125E-006  6.651189326845328E-006  6.519750852056861E-006  6.373040487768306E-006  6.205560377576045E-006  6.112167271675499E-006  6.009652770094996E-006  5.896738456476026E-006  5.822287394841337E-006  5.769426449797659E-006  5.683850669516242E-006  5.621783118564465E-006  5.518824633032475E-006  5.441533127862545E-006  5.399464247657149E-006  5.354574185342194E-006  5.306204617610491E-006  5.253571256812951E-006  5.195409439267537E-006  5.052828285449484E-006  4.956961207241340E-006  4.817694408086040E-006
   3710.00051975957       6.902514970687700E-006  6.804169201455201E-006  6.695840223472172E-006  6.577822240845004E-006  6.447602536335658E-006  6.301342288777242E-006  6.135555749179481E-006  6.042940338799783E-006  5.942292637190311E-006  5.830767541921584E-006  5.757477067629563E-006  5.705420038280772E-006  5.621214981907709E-006  5.560204445405241E-006  5.458979266872616E-006  5.383014103925834E-006  5.341683905673197E-006  5.297571397745802E-006  5.250078636425370E-006  5.198378088943398E-006  5.141239348330181E-006  5.001019625980816E-006  4.906526361860661E-006  4.768670037391623E-006
   3730.00052256151       6.870217724361961E-006  6.773681985288780E-006  6.665343445155610E-006  6.550150842484806E-006  6.420802402965300E-006  6.275277219948068E-006  6.109531257948056E-006  6.016908813510749E-006  5.915746005218476E-006  5.804108024001900E-006  5.730661797129630E-006  5.678322050338755E-006  5.593734655098386E-006  5.532455741222854E-006  5.430822898370713E-006  5.354603712121637E-006  5.313114506104941E-006  5.268845972211092E-006  5.221199575145572E-006  5.169363802344169E-006  5.112100311973959E-006  4.971780151939664E-006  4.877439394372310E-006  4.740295795347948E-006
   3750.00052536345       6.751732107672042E-006  6.657439829122010E-006  6.556195122343451E-006  6.445783168336012E-006  6.321500467760093E-006  6.183048046504743E-006  6.025218120946188E-006  5.936439268410175E-006  5.839759180524936E-006  5.732666267931982E-006  5.662189733074482E-006  5.612051601728811E-006  5.530818504377969E-006  5.471788685302462E-006  5.373849601840964E-006  5.300247919154637E-006  5.260157271855451E-006  5.217332221449302E-006  5.171215514861039E-006  5.120996887780529E-006  5.065469889308119E-006  4.929231913144845E-006  4.837505805769693E-006  4.704019186421814E-006
   3770.00052816539       6.738143833659334E-006  6.640471227007323E-006  6.536668441639046E-006  6.420594806060203E-006  6.294240951317725E-006  6.152288453523199E-006  5.990593923359347E-006  5.900266761990723E-006  5.802218679955437E-006  5.693581465549564E-006  5.622203516725716E-006  5.571405591706201E-006  5.489306995564609E-006  5.429827270613266E-006  5.331252191254948E-006  5.257309656147640E-006  5.217092004083596E-006  5.174172238290488E-006  5.127988703347151E-006  5.077747293682175E-006  5.022238084968870E-006  4.886178637988096E-006  4.794587093770673E-006  4.661037511576676E-006
   3790.00053096733       6.680690011029280E-006  6.584395046986006E-006  6.482626531324624E-006  6.369213221096643E-006  6.244709759947431E-006  6.105052666467853E-006  5.946279398728561E-006  5.857567851035860E-006  5.760608062885856E-006  5.653731171787961E-006  5.583521446643093E-006  5.533430350892788E-006  5.452514428625014E-006  5.393863269817515E-006  5.296540256241301E-006  5.223493000609364E-006  5.183714471752700E-006  5.141295494779420E-006  5.095627863375547E-006  5.045918207226025E-006  4.990997158152306E-006  4.856424171195890E-006  4.765967857263041E-006  4.634536691894206E-006
   3810.00053376926       6.613779124441817E-006  6.518976581739465E-006  6.416863657647548E-006  6.305195128434776E-006  6.180937588402696E-006  6.042557609404904E-006  5.885065767937215E-006  5.797349204829918E-006  5.701495127790104E-006  5.595826521229098E-006  5.526421288449274E-006  5.476948823946063E-006  5.397125716516632E-006  5.339222184532534E-006  5.243301944709809E-006  5.171345554414105E-006  5.132182239196197E-006  5.090417765779792E-006  5.045434990320285E-006  4.996503758920078E-006  4.942432664355543E-006  4.809828777638463E-006  4.720526879460727E-006  4.590306454833844E-006
   3830.00053657120       6.572907811341254E-006  6.478774415034062E-006  6.377233759034761E-006  6.266344562137801E-006  6.143570754497175E-006  6.005868099073758E-006  5.849766114159271E-006  5.762143411031124E-006  5.666738456993441E-006  5.561411156432138E-006  5.492162018836051E-006  5.442814514088502E-006  5.363240685772284E-006  5.305467725793556E-006  5.209751562321028E-006  5.137955145608359E-006  5.098901786972058E-006  5.057234819092335E-006  5.012411411657697E-006  4.963632162350893E-006  4.909771989867510E-006  4.777849584489563E-006  4.689180281029045E-006  4.560189999933998E-006
   3850.00053937314       6.510864956191241E-006  6.418289390993425E-006  6.318411889040577E-006  6.208550380771021E-006  6.087681225770181E-006  5.951155815982361E-006  5.796455283497904E-006  5.709969380853303E-006  5.615608354674273E-006  5.511563700434107E-006  5.443199880166282E-006  5.394522687878567E-006  5.315944182165278E-006  5.258958515138421E-006  5.164504792065389E-006  5.093688749599075E-006  5.055162643629897E-006  5.014046854060945E-006  4.969822156163631E-006  4.921712275269054E-006  4.868566600725263E-006  4.738321217915025E-006  4.650706551694974E-006  4.523082162717258E-006
   3870.00054217508       6.428311000633188E-006  6.339931742651920E-006  6.240634563936260E-006  6.133259538268256E-006  6.014280791621087E-006  5.881417870703750E-006  5.730631529790179E-006  5.646204043204656E-006  5.554402372055571E-006  5.452990238318923E-006  5.386204144663007E-006  5.338691062201992E-006  5.261965906304640E-006  5.206362164733852E-006  5.114180797981701E-006  5.044995160144620E-006  5.007353536940613E-006  4.967167409800415E-006  4.923932422119753E-006  4.876869314005160E-006  4.824853745673841E-006  4.697278167190407E-006  4.611336236194829E-006  4.485972296857944E-006
   3890.00054497702       6.363145404680516E-006  6.273655919701229E-006  6.175731063030499E-006  6.069332654485754E-006  5.952304712939897E-006  5.821336890182162E-006  5.672594558343143E-006  5.589540334735696E-006  5.499131256713726E-006  5.399246770879341E-006  5.333659893983903E-006  5.286942754423416E-006  5.211507843518030E-006  5.156800241059876E-006  5.066156455291184E-006  4.998129001029443E-006  4.961130923437600E-006  4.921601551100804E-006  4.879079126684701E-006  4.832796948106005E-006  4.781629263382672E-006  4.656042363107465E-006  4.571302946504119E-006  4.447349965779247E-006
   3910.00054777896       6.331313703263637E-006  6.241760951682888E-006  6.145857316083738E-006  6.039643961045433E-006  5.921693199145142E-006  5.790999921520840E-006  5.642554022905092E-006  5.559464200804318E-006  5.468948616959461E-006  5.369087260184007E-006  5.303362628274832E-006  5.256590007914079E-006  5.181061262065795E-006  5.126275743669343E-006  5.035524777434523E-006  4.967459579733700E-006  4.930426553581512E-006  4.890922684671413E-006  4.848403334684477E-006  4.802141695084644E-006  4.751056538290028E-006  4.625832253626528E-006  4.541537389667722E-006  4.418577354290421E-006
   3930.00055058090       6.266553258526957E-006  6.178182701691185E-006  6.082124092231123E-006  5.978069184665413E-006  5.863139253427700E-006  5.733943247385039E-006  5.587400897623231E-006  5.505620587597138E-006  5.416605321048998E-006  5.318356176655051E-006  5.253741007889339E-006  5.207792535772381E-006  5.133487405569177E-006  5.079575137076775E-006  4.990307123661648E-006  4.923334556069256E-006  4.886905758018099E-006  4.848020477519306E-006  4.806194378069744E-006  4.760659504331671E-006  4.710345491796764E-006  4.586956243432533E-006  4.503791528370914E-006  4.382273773272238E-006
   3950.00055338283       6.185771215867711E-006  6.095526909010932E-006  6.002143206855197E-006  5.899732806508577E-006  5.788590882711639E-006  5.663481374617144E-006  5.521027361926067E-006  5.441663567178463E-006  5.354925779583254E-006  5.259416750915648E-006  5.196717819456677E-006  5.151932438568082E-006  5.079736695244314E-006  5.027396107411799E-006  4.940604777011411E-006  4.875432438995587E-006  4.839981767480298E-006  4.802161897350084E-006  4.761444493847961E-006  4.717104504970437E-006  4.668093833396987E-006  4.547775237049605E-006  4.466582995925584E-006  4.347797006959283E-006
   3970.00055618477       6.146564699070928E-006  6.060567985077106E-006  5.967591564038005E-006  5.865880258690114E-006  5.753010277435305E-006  5.628074567094988E-006  5.485796679940764E-006  5.406612681058387E-006  5.320064882600387E-006  5.224841524850330E-006  5.162169854228911E-006  5.117559266437604E-006  5.045438756239737E-006  4.993195414601013E-006  4.906545475305748E-006  4.841528409314435E-006  4.806164595649256E-006  4.768419232113221E-006  4.727795233643209E-006  4.683590213344999E-006  4.634733747939855E-006  4.514857290309668E-006  4.434018014313349E-006  4.315798893414609E-006
   3990.00055898671       6.033174648698255E-006  5.949739085094090E-006  5.859068653727588E-006  5.760129957362452E-006  5.651336993742529E-006  5.530673486087166E-006  5.393056113347175E-006  5.316600136970875E-006  5.233311805430414E-006  5.141406182209719E-006  5.080994240364818E-006  5.038134568391311E-006  4.968791530590467E-006  4.918530519688945E-006  4.835154755430035E-006  4.772599762346218E-006  4.738580806712532E-006  4.702248719555839E-006  4.663124444519642E-006  4.620501144667622E-006  4.573343180671656E-006  4.457235955746173E-006  4.378419879176565E-006  4.262009114140439E-006
   4010.00056178865       6.012419313845287E-006  5.930079208721603E-006  5.840338077851447E-006  5.743148804744699E-006  5.635233959089433E-006  5.514592219825481E-006  5.377681966985536E-006  5.301209396950815E-006  5.217859965576798E-006  5.126035504366693E-006  5.065547637472981E-006  5.022542026055683E-006  4.952979773485292E-006  4.902492975169752E-006  4.818772427009207E-006  4.755939040281508E-006  4.721736998578952E-006  4.685214947763671E-006  4.645892080447629E-006  4.603070671418995E-006  4.555712325004411E-006  4.439260890045594E-006  4.360436381673677E-006  4.244431474733380E-006
   4030.00056459059       5.977448430135801E-006  5.895104473165566E-006  5.805970224498488E-006  5.708302272467715E-006  5.599941781183191E-006  5.479589894173980E-006  5.343099026246183E-006  5.266877647145545E-006  5.183740293958005E-006  5.092064511941398E-006  5.031760530666472E-006  4.988858711940329E-006  4.919545781295844E-006  4.869273520509333E-006  4.785896722121677E-006  4.723342479688732E-006  4.689292246362653E-006  4.652970314031646E-006  4.613857499590216E-006  4.571265554449112E-006  4.524186576747987E-006  4.408534484894059E-006  4.330361607011738E-006  4.215589647689748E-006
   4050.00056739253       5.877412044621469E-006  5.800839637701248E-006  5.716354885256257E-006  5.624055380381436E-006  5.522249680304065E-006  5.407457222698504E-006  5.276944713682737E-006  5.203722871705098E-006  5.123811146838340E-006  5.035324715040491E-006  4.976940780211317E-006  4.935382332511848E-006  4.868103374395136E-006  4.819253851369969E-006  4.738129444889498E-006  4.677143207273466E-006  4.643926486856485E-006  4.608437987677682E-006  4.570194494485687E-006  4.528517812571153E-006  4.482383164229754E-006  4.368706697227367E-006  4.291490360601951E-006  4.177201751750587E-006
   4070.00057019446       5.844699072632942E-006  5.763653832936522E-006  5.676448847453165E-006  5.581832097948711E-006  5.477402666402777E-006  5.361050513997273E-006  5.229175077825671E-006  5.155749836961200E-006  5.075740531284918E-006  4.987403550104816E-006  4.929379662189429E-006  4.888078433851964E-006  4.821409032711986E-006  4.773035149617671E-006  4.692881438125659E-006  4.632703324236614E-006  4.599966883488248E-006  4.565012019128935E-006  4.527374457898151E-006  4.486372737031706E-006  4.441007847122187E-006  4.329287069817571E-006  4.253408839767957E-006  4.141133029165832E-006
   4090.00057299640       5.811183325452754E-006  5.732310372557923E-006  5.646128825904705E-006  5.552581254955175E-006  5.449076366468437E-006  5.333918935857068E-006  5.203365235433911E-006  5.130430492598103E-006  5.050902037851172E-006  4.963085758346466E-006  4.905331945724303E-006  4.864148534828143E-006  4.797657272803570E-006  4.749405226708991E-006  4.669320133410540E-006  4.609152178412431E-006  4.576386994520474E-006  4.541389245360769E-006  4.503690979480507E-006  4.462612470409066E-006  4.417148598754572E-006  4.305169398408955E-006  4.229116981191039E-006  4.116472437144405E-006
   4110.00057579834       5.754596817724233E-006  5.674929776320126E-006  5.590591796060439E-006  5.497653233157413E-006  5.395139651149274E-006  5.280997905474905E-006  5.151870256009665E-006  5.079730542727926E-006  5.001281733084484E-006  4.914614962196238E-006  4.857655474967435E-006  4.817128356187957E-006  4.751686013688080E-006  4.704215753431593E-006  4.625475156039135E-006  4.566394061365637E-006  4.534243675214741E-006  4.499912713008045E-006  4.462937405658724E-006  4.422660776662686E-006  4.378097528211632E-006  4.268386175783974E-006  4.193917281518951E-006  4.083812753718263E-006
   4130.00057860028       5.717932931845410E-006  5.639633231418054E-006  5.555712961501814E-006  5.463031332147749E-006  5.361340234672780E-006  5.247957131560007E-006  5.119473333593372E-006  5.047759568369880E-006  4.969601468390555E-006  4.883311910728399E-006  4.826621573839238E-006  4.786198005108957E-006  4.720962384229346E-006  4.673622140943114E-006  4.595106369772967E-006  4.536145022588509E-006  4.504042904678094E-006  4.469771353434958E-006  4.432855638966241E-006  4.392636833085551E-006  4.348126243931284E-006  4.238486197591523E-006  4.163961314853282E-006  4.053348518877387E-006
   4150.00058140222       5.649917878949427E-006  5.573093547270848E-006  5.489917114390676E-006  5.399833967074844E-006  5.300419065071444E-006  5.189621303071771E-006  5.063834160813033E-006  4.993792353948851E-006  4.917466389698126E-006  4.833170711056461E-006  4.777784670298994E-006  4.738335661477623E-006  4.674563314984321E-006  4.628330571866649E-006  4.551644754893868E-006  4.494062396965284E-006  4.462713690532119E-006  4.429238612207132E-006  4.393184195904680E-006  4.353905649177943E-006  4.310438234422442E-006  4.203373329333088E-006  4.130636095452938E-006  4.022889155083599E-006
   4170.00058420416       5.603929943726959E-006  5.527914084687321E-006  5.445811444831844E-006  5.355513485618618E-006  5.256880415151595E-006  5.146702748415656E-006  5.022014908828424E-006  4.952261261165652E-006  4.876439113119677E-006  4.792782055315803E-006  4.737783736464549E-006  4.698635631363630E-006  4.635329765956873E-006  4.589437129552776E-006  4.513339719394020E-006  4.456206698701407E-006  4.425107489992583E-006  4.391899239773969E-006  4.356126766093963E-006  4.317143080548470E-006  4.273985771817109E-006  4.167516327291893E-006  4.094938764453097E-006  3.986720977611552E-006
   4190.00058700609       5.545287530847675E-006  5.470525579765166E-006  5.390343887836218E-006  5.302248111215388E-006  5.205567585299756E-006  5.097616622512706E-006  4.975281042149205E-006  4.907169432830292E-006  4.832994092196275E-006  4.751089531592340E-006  4.697237911272384E-006  4.658903217035079E-006  4.596944532516945E-006  4.551996152535763E-006  4.477445820240207E-006  4.421439911046950E-006  4.390943296740455E-006  4.358372039571866E-006  4.323275978817944E-006  4.285026696978877E-006  4.242672351374655E-006  4.138211892989572E-006  4.067102255158549E-006  3.961518777618080E-006
   4210.00058980803       5.448699539358818E-006  5.376611834296849E-006  5.298480840746846E-006  5.213717822059668E-006  5.120403828861263E-006  5.016714364203658E-006  4.899295693497081E-006  4.833828012032441E-006  4.762512923474886E-006  4.683802763349782E-006  4.632031111134189E-006  4.595190498264243E-006  4.535591235242714E-006  4.492326307701898E-006  4.420540143863158E-006  4.366550915433422E-006  4.337127310903291E-006  4.305680910386009E-006  4.271760634726441E-006  4.234748413931422E-006  4.193701657737285E-006  4.092054250683762E-006  4.022391539006952E-006  3.917917797409979E-006
   4230.00059260997       5.472469209169511E-006  5.398746936661139E-006  5.318754174931572E-006  5.231737083241854E-006  5.135965005625113E-006  5.029296979303098E-006  4.908214445965888E-006  4.840848681290938E-006  4.767420552189060E-006  4.686376545673972E-006  4.633140573960853E-006  4.595224167207403E-006  4.533950166495172E-006  4.489480870620039E-006  4.415788218366669E-006  4.360445105205204E-006  4.330320566753540E-006  4.298150645171454E-006  4.263502356224250E-006  4.225753740611952E-006  4.183975838569083E-006  4.081025289467384E-006  4.011016117293184E-006  3.907108481874237E-006
   4250.00059541191       5.401317465976103E-006  5.328501187204315E-006  5.250322173298076E-006  5.164825693279953E-006  5.070996228197521E-006  4.966831278262731E-006  4.848712539903753E-006  4.782837876796750E-006  4.711242396619195E-006  4.632233359814263E-006  4.580291869513398E-006  4.543325859469792E-006  4.483548854125584E-006  4.440211629070363E-006  4.368331924061736E-006  4.314352258772726E-006  4.284958104542885E-006  4.253563312355984E-006  4.219734945923103E-006  4.182861004701775E-006  4.142016306330995E-006  4.041137153854158E-006  3.972242085859028E-006  3.869302700685486E-006
   4270.00059821385       5.370564862009645E-006  5.298158108889277E-006  5.220265115936163E-006  5.135505983321122E-006  5.042065837360055E-006  4.938107951950533E-006  4.820379066050711E-006  4.754786749272539E-006  4.683360125272373E-006  4.604587465554683E-006  4.552807184347314E-006  4.515938964939602E-006  4.456387665664784E-006  4.413178738752139E-006  4.341549729041589E-006  4.287771885642726E-006  4.258486719065203E-006  4.227223106678514E-006  4.193541974104409E-006  4.156840290604005E-006  4.116202765567564E-006  4.015950120818234E-006  3.947611247661837E-006  3.845791620998085E-006
   4290.00060101579       5.150484363983306E-006  5.082860810993370E-006  5.009962095081854E-006  4.930502065778521E-006  4.843716238033617E-006  4.747255905640737E-006  4.638063276290174E-006  4.577197558787447E-006  4.511022997878394E-006  4.437887888941933E-006  4.389753179642139E-006  4.355379172274877E-006  4.299807070287349E-006  4.259355755386959E-006  4.191987718969753E-006  4.141061311880209E-006  4.113177683227597E-006  4.083256208071593E-006  4.050827482695187E-006  4.015212372872552E-006  3.975375075037310E-006  3.874616857594195E-006  3.803021016228955E-006  3.689480001982320E-006
   4310.00060381773       4.990454960592057E-006  4.923886258430649E-006  4.852490125423296E-006  4.774834865077669E-006  4.690023718013684E-006  4.596319703418837E-006  4.490723760600910E-006  4.432149689663711E-006  4.368438223134066E-006  4.298190711546350E-006  4.251957294367369E-006  4.219023574508243E-006  4.165604865475234E-006  4.126682172691380E-006  4.061608945798484E-006  4.012108661871385E-006  3.984845514009309E-006  3.955418743394983E-006  3.923278765966908E-006  3.887618793461762E-006  3.847173764413544E-006  3.741274175735208E-006  3.661956737663406E-006  3.529706608536310E-006
   4330.00060661966       5.036597671267977E-006  4.969665016855045E-006  4.897410173910722E-006  4.818842766113077E-006  4.732962211368287E-006  4.637609571075310E-006  4.530041308569453E-006  4.470256046302418E-006  4.405066954676201E-006  4.333187960736571E-006  4.285839100961817E-006  4.252080195341476E-006  4.197364957724096E-006  4.157488002547578E-006  4.090872406729824E-006  4.040270040266091E-006  4.012437719374722E-006  3.982438524051286E-006  3.949747728466102E-006  3.913593584513037E-006  3.872786300109998E-006  3.767647316513728E-006  3.691656501056579E-006  3.572763487640042E-006
   4350.00060942160       4.821395078058130E-006  4.759391394128678E-006  4.692597251691076E-006  4.620257851938131E-006  4.541085559553513E-006  4.453380489959628E-006  4.354242629564874E-006  4.298994007951516E-006  4.238698057118188E-006  4.171897473993003E-006  4.127737971843433E-006  4.096144903283956E-006  4.044696166636393E-006  4.007010039719716E-006  3.943562174149049E-006  3.894909299874090E-006  3.867961095681095E-006  3.838759650535369E-006  3.806741603668472E-006  3.771088939524965E-006  3.730550953916009E-006  3.624747917005210E-006  3.546931421459964E-006  3.419809749543973E-006
   4370.00061222354       4.746704979400012E-006  4.684973195207007E-006  4.618469504568003E-006  4.546485056543349E-006  4.467817250474418E-006  4.380727418686478E-006  4.282337804627440E-006  4.227538048852709E-006  4.167697560107106E-006  4.101358471438511E-006  4.057452337103975E-006  4.025997275850340E-006  3.974707789758065E-006  3.937060775059134E-006  3.873507916351476E-006  3.824593608520070E-006  3.797425265783248E-006  3.767924640942280E-006  3.735502840659774E-006  3.699309312048298E-006  3.658037140808784E-006  3.549608166123636E-006  3.468889554036178E-006  3.336479217545071E-006
   4390.00061502548       4.744989103415564E-006  4.681336775830214E-006  4.612845957885967E-006  4.538710206109323E-006  4.457622750337844E-006  4.367924992791170E-006  4.266842023706501E-006  4.210579995114851E-006  4.149248012400516E-006  4.081346734711692E-006  4.036472197142063E-006  4.004371341484746E-006  3.952097652449136E-006  3.913789817461921E-006  3.849288053689122E-006  3.799819356501155E-006  3.772423513744544E-006  3.742750316354521E-006  3.710241184469888E-006  3.674094158039614E-006  3.633082145798038E-006  3.526529526176302E-006  3.448612741111513E-006  3.324760998474958E-006
   4410.00061782742       4.509835977272265E-006  4.452435440480361E-006  4.390880514583717E-006  4.324510692976063E-006  4.252117448666978E-006  4.172098167247925E-006  4.081825451776609E-006  4.031440525795829E-006  3.976354717794185E-006  3.915032953508716E-006  3.874254028582353E-006  3.844938750377105E-006  3.796897187289387E-006  3.761430742062700E-006  3.701133954558970E-006  3.654337264125284E-006  3.628200755564475E-006  3.599701105345868E-006  3.568245434446246E-006  3.532973103478493E-006  3.492560360009419E-006  3.385551394181179E-006  3.305475182640934E-006  3.174738627045187E-006
   4430.00062062936       4.534037490576583E-006  4.474648293954331E-006  4.410927305818473E-006  4.342002948132967E-006  4.266744427200634E-006  4.183644722277162E-006  4.089831142926247E-006  4.037538038744644E-006  3.980460423328852E-006  3.917045650695633E-006  3.874957921546676E-006  3.844759178955585E-006  3.795373495926063E-006  3.759006660610747E-006  3.697381408241890E-006  3.649745818007936E-006  3.623217971397684E-006  3.594356164109009E-006  3.562575075495315E-006  3.527023045493000E-006  3.486379531080667E-006  3.379012445428521E-006  3.298825698776360E-006  3.168550182700630E-006
   4450.00062343129       4.505559935696895E-006  4.445332449702316E-006  4.380796174619248E-006  4.310990930365701E-006  4.234793623654360E-006  4.150493997301421E-006  4.055377053622263E-006  4.002311369463534E-006  3.944341604722372E-006  3.879891426828985E-006  3.837111630033242E-006  3.806396043616318E-006  3.756153731444480E-006  3.719140144267713E-006  3.656397901169546E-006  3.607898035984606E-006  3.580889299550646E-006  3.551506937763137E-006  3.519156336959135E-006  3.482972118301026E-006  3.441616696001330E-006  3.332531102497394E-006  3.251431974885742E-006  3.119786886444044E-006
   4470.00062623323       4.286521000198652E-006  4.232199338763221E-006  4.174262383445123E-006  4.111843515919665E-006  4.043900065198981E-006  3.969039444499748E-006  3.884792362281933E-006  3.837950596350695E-006  3.786800908627198E-006  3.729941959530673E-006  3.692175273407210E-006  3.665020457933829E-006  3.620488769794721E-006  3.587554540983844E-006  3.531337168991957E-006  3.487396626534296E-006  3.462687236547014E-006  3.435574709864784E-006  3.405414975552735E-006  3.371261217548644E-006  3.331662582812162E-006  3.224541827240053E-006  3.142846383687132E-006  3.005616330138432E-006
   4490.00062903517       4.388522128785835E-006  4.330789632359445E-006  4.268808649644748E-006  4.201795743611092E-006  4.128680708773224E-006  4.047749768197489E-006  3.956347219273292E-006  3.905336393604216E-006  3.849549969367265E-006  3.787437649281189E-006  3.746161622319113E-006  3.716496331119442E-006  3.667920853522151E-006  3.632098748983256E-006  3.571313496895219E-006  3.524272933987171E-006  3.498056280175766E-006  3.469519474586440E-006  3.438079041052277E-006  3.402882671580689E-006  3.362609598408197E-006  3.256072181075674E-006  3.176419246596092E-006  3.044702824247052E-006
   4510.00063183711       4.284942500240507E-006  4.228654944228018E-006  4.168376210530252E-006  4.103379310832073E-006  4.032653251174385E-006  3.954709100611902E-006  3.867053166977248E-006  3.818306337505469E-006  3.765105832585324E-006  3.706003697089058E-006  3.666759161491751E-006  3.638550230903009E-006  3.592321170755571E-006  3.558158137392486E-006  3.499935478344484E-006  3.454550679706845E-006  3.429100422249854E-006  3.401254138678518E-006  3.370396587117836E-006  3.335641053911125E-006  3.295642116271924E-006  3.189219833090116E-006  3.109343804280866E-006  2.976763920789485E-006
   4530.00063463905       4.147122909602830E-006  4.094791303447674E-006  4.039009998868378E-006  3.979098044710993E-006  3.914104568034395E-006  3.842625767043116E-006  3.762297519787638E-006  3.717594495261847E-006  3.668765307551315E-006  3.614382612766890E-006  3.578167901441885E-006  3.552078305614143E-006  3.509172800808954E-006  3.477330018955254E-006  3.422732265988004E-006  3.379825741696503E-006  3.355607148427262E-006  3.328962026046901E-006  3.299238656670500E-006  3.265486715634441E-006  3.226252526917562E-006  3.119737183900111E-006  3.038087697321750E-006  2.899859726623204E-006
   4550.00063744099       4.231536148036489E-006  4.176818024540825E-006  4.118146516826603E-006  4.054649954082496E-006  3.985564288475105E-006  3.909096172409505E-006  3.822654540024034E-006  3.774309483525037E-006  3.721351139179257E-006  3.662220778240077E-006  3.622791126863449E-006  3.594372233141556E-006  3.547702304099363E-006  3.513150672160959E-006  3.454237587209052E-006  3.408375345424283E-006  3.382703472017194E-006  3.354666920995484E-006  3.323663331172773E-006  3.288811908545400E-006  3.248745511093128E-006  3.141771477585566E-006  3.060724855114525E-006  2.924201791905879E-006
   4570.00064024292       4.234719324082157E-006  4.179730625694746E-006  4.120751950976183E-006  4.057031049444222E-006  3.987470203089997E-006  3.910504042290364E-006  3.823524376760208E-006  3.774915771243862E-006  3.721672649781999E-006  3.662259295787167E-006  3.622666225100203E-006  3.594149090344005E-006  3.547319582095782E-006  3.512658581365558E-006  3.453554082515782E-006  3.407530020717820E-006  3.381765649647175E-006  3.353625639840989E-006  3.322512037089187E-006  3.287553664823506E-006  3.247409874973585E-006  3.140608558403511E-006  3.060054629464270E-006  2.924765605137042E-006
   4590.00064304486       4.073259039200187E-006  4.021925099778901E-006  3.967135348831863E-006  3.908182135258765E-006  3.844017352821396E-006  3.773075074175714E-006  3.692854230309489E-006  3.647899442481737E-006  3.598497041133547E-006  3.543082154524345E-006  3.505942240096588E-006  3.479056442246904E-006  3.434636936923295E-006  3.401512983774803E-006  3.344477807777173E-006  3.299529431186341E-006  3.274148768837564E-006  3.246240724176410E-006  3.215152746380983E-006  3.179932703808776E-006  3.139112402094920E-006  3.028681955384092E-006  2.943862806654877E-006  2.800007175501070E-006
   4610.00064584680       4.135941142639916E-006  4.083370631953560E-006  4.026880656385448E-006  3.965981871244551E-006  3.899597549389462E-006  3.826120586778890E-006  3.743037219691017E-006  3.696522979781818E-006  3.645500488072458E-006  3.588430278933737E-006  3.550298848560439E-006  3.522769989483424E-006  3.477428738173869E-006  3.443745995361805E-006  3.386018476846308E-006  3.340774817364038E-006  3.315324874230899E-006  3.287426241826211E-006  3.256453694308985E-006  3.221506667503355E-006  3.181210070179503E-006  3.073483178296691E-006  2.992076304892933E-006  2.855776818108717E-006
   4630.00064864874       4.095659993749830E-006  4.043365706741352E-006  3.987264853387027E-006  3.926791627097283E-006  3.860833371761901E-006  3.787841086321276E-006  3.705246610127162E-006  3.659032501514144E-006  3.608272485916710E-006  3.551484918142506E-006  3.513506519986097E-006  3.486069549539518E-006  3.440817417620944E-006  3.407141797163664E-006  3.349270484490264E-006  3.303727826849631E-006  3.278022272157418E-006  3.249759985425209E-006  3.218270918598728E-006  3.182590589773552E-006  3.141241969144507E-006  3.029698646006534E-006  2.944695221683341E-006  2.802037153382126E-006
   4650.00065145068       4.076328925875234E-006  4.025842656545378E-006  3.971851851506675E-006  3.913477726547504E-006  3.849830416601293E-006  3.779463464066606E-006  3.699948119830514E-006  3.655500120743902E-006  3.606816758004947E-006  3.552450154638941E-006  3.516175020213905E-006  3.490013704187614E-006  3.446964269291292E-006  3.414997429679907E-006  3.360182640116662E-006  3.317123096954094E-006  3.292828486474381E-006  3.266111023020426E-006  3.236317553319801E-006  3.202496040221523E-006  3.163176163763109E-006  3.056166118407306E-006  2.973741908378409E-006  2.835430797521810E-006
   4670.00065425262       4.073997918390209E-006  4.023216533459246E-006  3.968964231306061E-006  3.910272759452209E-006  3.846359777454417E-006  3.775735701928816E-006  3.695887108031977E-006  3.651271722162970E-006  3.602421487131308E-006  3.547901977517391E-006  3.511572391490497E-006  3.485377415080835E-006  3.442311668896354E-006  3.410362070217795E-006  3.355633761855141E-006  3.312693437499694E-006  3.288481611357815E-006  3.261863305877152E-006  3.232184413828689E-006  3.198487155003703E-006  3.159290371484335E-006  3.052416866946101E-006  2.969936336591732E-006  2.831403326471158E-006
   4690.00065705455       4.056990261358284E-006  4.005917521300867E-006  3.951114643408541E-006  3.891864031698437E-006  3.827233354829509E-006  3.755645902371583E-006  3.674766053055632E-006  3.629540302080102E-006  3.579996424832638E-006  3.524716253364730E-006  3.487848123834595E-006  3.461273186624125E-006  3.417572644213524E-006  3.385137452271443E-006  3.329527981324771E-006  3.285832943905316E-006  3.261160947227849E-006  3.233999107030104E-006  3.203662553524658E-006  3.169143364906079E-006  3.128879833321084E-006  3.018567452709960E-006  2.933327394012855E-006  2.791727309012590E-006
   4710.00065985649       4.004126872076764E-006  3.954041297125896E-006  3.900568799971496E-006  3.842815860933308E-006  3.780055238193805E-006  3.710930510913380E-006  3.633044163260953E-006  3.589610354407681E-006  3.542135612206374E-006  3.489262115660190E-006  3.454052826245845E-006  3.428699591752511E-006  3.387038505543595E-006  3.356150156967747E-006  3.303253254676653E-006  3.261721233332871E-006  3.238280871124693E-006  3.212480782111294E-006  3.183662517825798E-006  3.150859563174876E-006  3.112559998416170E-006  3.007094495343714E-006  2.924529830555269E-006  2.784339062052367E-006
   4730.00066265843       4.039327209717084E-006  3.988852360062410E-006  3.934712145363675E-006  3.876298293039296E-006  3.812642412602144E-006  3.742461537697961E-006  3.663442648960692E-006  3.619400066588638E-006  3.571319567492023E-006  3.517875243242181E-006  3.482381357689119E-006  3.456883832454946E-006  3.415121625713883E-006  3.384285655747835E-006  3.331784409072371E-006  3.290886808903567E-006  3.267947585443833E-006  3.242826080565646E-006  3.214937232883868E-006  3.183413161275993E-006  3.146912572230766E-006  3.047962440979080E-006  2.971577790663813E-006  2.841855728496484E-006
   4750.00066546037       3.984979471704551E-006  3.935345118919293E-006  3.882123608551631E-006  3.824735895551779E-006  3.762122182541744E-006  3.692993075203391E-006  3.614906362333052E-006  3.571342684963859E-006  3.523663242031247E-006  3.470523422362759E-006  3.435139693458875E-006  3.409670744557015E-006  3.367834979403497E-006  3.336848626477375E-006  3.283873414423029E-006  3.242393266582661E-006  3.219037447258813E-006  3.193380159164825E-006  3.164793826973592E-006  3.132355314172571E-006  3.094625320013092E-006  2.991542951736566E-006  2.911532101643134E-006  2.776424905098702E-006
   4770.00066826231       3.956285793716656E-006  3.907280308977313E-006  3.854960656871331E-006  3.798447115302362E-006  3.736875590040503E-006  3.668843020737253E-006  3.592106882760932E-006  3.549309926010904E-006  3.502493382056868E-006  3.450380881326794E-006  3.415722799973777E-006  3.390794080567608E-006  3.349916760027613E-006  3.319693875246096E-006  3.268160515362399E-006  3.227963146397493E-006  3.205401559180314E-006  3.180686513884487E-006  3.153240230595156E-006  3.122216123204616E-006  3.086293940435486E-006  2.988794415498164E-006  2.912992890811904E-006  2.782266829697593E-006
   4790.00067106425       3.935691855287580E-006  3.886892073815848E-006  3.834988797144945E-006  3.778862377770388E-006  3.717720031587382E-006  3.650323029461007E-006  3.574443927656088E-006  3.532179347319860E-006  3.485996171283507E-006  3.434661130570239E-006  3.400552765116318E-006  3.376049391371027E-006  3.335903375170685E-006  3.306278561556329E-006  3.255890039386831E-006  3.216725711441898E-006  3.194811179914057E-006  3.170871300581176E-006  3.144374827162185E-006  3.114547325828954E-006  3.080179692764908E-006  2.987671215337252E-006  2.915993558713412E-006  2.791330737107262E-006
   4810.00067386619       3.875133790233928E-006  3.827565015803390E-006  3.776614094580468E-006  3.721671260293164E-006  3.661864030664124E-006  3.595773810364325E-006  3.521068622071481E-006  3.479345583007337E-006  3.433670534891866E-006  3.382723358836561E-006  3.348782720691981E-006  3.324351752560695E-006  3.284231682930294E-006  3.254536073686160E-006  3.203851574290403E-006  3.164295374134352E-006  3.142094643590311E-006  3.117779855416937E-006  3.090792519593908E-006  3.060305124687550E-006  3.025016188564651E-006  2.928918761390720E-006  2.853162766900046E-006  2.719902940676602E-006
   4830.00067666812       3.920786965363809E-006  3.872312602242195E-006  3.820196929888007E-006  3.764064624252117E-006  3.702947491807757E-006  3.635189475898972E-006  3.558612730080780E-006  3.515856317119332E-006  3.469105891408984E-006  3.417070057855668E-006  3.382492052888407E-006  3.357653065143551E-006  3.317004816237992E-006  3.287051959013745E-006  3.236255335792801E-006  3.196964383720008E-006  3.175070136920085E-006  3.151234528444191E-006  3.124967467233534E-006  3.095544861110362E-006  3.061827742438288E-006  2.971772985807896E-006  2.902300434920673E-006  2.782468852067868E-006
   4850.00067947006       3.872006683818237E-006  3.824221717820609E-006  3.773084577154887E-006  3.717848555085388E-006  3.657595283464789E-006  3.591080944266941E-006  3.516111831190410E-006  3.474272895079419E-006  3.428523847221249E-006  3.377647038590628E-006  3.343848548398178E-006  3.319570932624908E-006  3.279837823368172E-006  3.250547965276088E-006  3.200840149693965E-006  3.162348194519219E-006  3.140877336779333E-006  3.117485779453593E-006  3.091679851883423E-006  3.062735368642606E-006  3.029512980068176E-006  2.940484647836623E-006  2.871660642290880E-006  2.753616086702367E-006
   4870.00068227200       3.823388273886377E-006  3.776475920591448E-006  3.726324138853431E-006  3.672291274410977E-006  3.613376794877576E-006  3.548260079167700E-006  3.474790117463276E-006  3.433756638699571E-006  3.388860819673069E-006  3.338847771434912E-006  3.305583391415084E-006  3.281668772596770E-006  3.242487495671050E-006  3.213567686311668E-006  3.164414502262857E-006  3.126288822406350E-006  3.104996813697916E-006  3.081777469639582E-006  3.056131466964400E-006  3.027323899355233E-006  2.994193363923564E-006  2.904937997565901E-006  2.835367842323562E-006  2.714913653043171E-006
   4890.00068507394       3.811881308249562E-006  3.765240532574332E-006  3.715254481575389E-006  3.661166124233757E-006  3.602280792574828E-006  3.537119434563963E-006  3.463497734082389E-006  3.422375235455277E-006  3.377363883092316E-006  3.327224245163780E-006  3.293886301885855E-006  3.269915779587517E-006  3.230664976812823E-006  3.201708975439181E-006  3.152556649297948E-006  3.114484085058077E-006  3.093249805776517E-006  3.070117100168753E-006  3.044599874451317E-006  3.015983471939952E-006  2.983142455524247E-006  2.895186191916228E-006  2.827508617818830E-006  2.713175365598102E-006
   4910.00068787588       3.785313376169777E-006  3.739175078913318E-006  3.689737546726385E-006  3.636479523899119E-006  3.578464089794082E-006  3.514436880772263E-006  3.442200339273456E-006  3.401924862925479E-006  3.357909615654150E-006  3.308920408456942E-006  3.276389462143497E-006  3.253011496883082E-006  3.214727679759026E-006  3.186505326261504E-006  3.138570414055930E-006  3.101420419818303E-006  3.080685720037009E-006  3.058084860999031E-006  3.033141175258031E-006  3.005153776761880E-006  2.973028880516258E-006  2.887038368453377E-006  2.820592526878262E-006  2.705454778584231E-006
   4930.00069067782       3.754675869814860E-006  3.708678822135426E-006  3.659396728553235E-006  3.606243519010800E-006  3.548413309390820E-006  3.484414590372816E-006  3.412197925013127E-006  3.371911207598552E-006  3.327783479371501E-006  3.278637342695630E-006  3.245960325905705E-006  3.222452933304285E-006  3.183936675165672E-006  3.155511597602042E-006  3.107213768117954E-006  3.069770621585016E-006  3.048871667925696E-006  3.026095499040456E-006  3.000959946832727E-006  2.972759778362799E-006  2.940390149749669E-006  2.853825299211458E-006  2.787698642370058E-006  2.677650542489993E-006
   4950.00069347975       3.723847871892883E-006  3.678727524468790E-006  3.630505529309431E-006  3.578552391196405E-006  3.521995762996102E-006  3.459516579470830E-006  3.388963257983158E-006  3.349565740172469E-006  3.306488104958387E-006  3.258507912186058E-006  3.226609947863452E-006  3.203680050015782E-006  3.166113060645185E-006  3.138390543325175E-006  3.091283943288878E-006  3.054756759001073E-006  3.034363155266346E-006  3.012130071477026E-006  2.987587443379755E-006  2.960042291176738E-006  2.928406950284095E-006  2.843601406279432E-006  2.778116777848405E-006  2.666186584479233E-006
   4970.00069628169       3.709186254333103E-006  3.664429177054411E-006  3.616426436961787E-006  3.564730713160236E-006  3.508267492210252E-006  3.445858770026555E-006  3.375296321303550E-006  3.335835181530772E-006  3.292598807417007E-006  3.244391528339492E-006  3.212290610059417E-006  3.189191732783825E-006  3.151319270872984E-006  3.123348204290618E-006  3.075800550544204E-006  3.038927822365262E-006  3.018349166529130E-006  2.995925433665966E-006  2.971192373233596E-006  2.943470522441813E-006  2.911701466528452E-006  2.827221675787090E-006  2.763397447819521E-006  2.658753776736654E-006
   4990.00069908363       3.689375770431375E-006  3.644856092579513E-006  3.597100708660658E-006  3.545893810013760E-006  3.490140123422431E-006  3.428587336554854E-006  3.359221615614411E-006  3.320577191889060E-006  3.278331627999490E-006  3.231345453677636E-006  3.200132939592502E-006  3.177711003546803E-006  3.140993820372685E-006  3.113916136390384E-006  3.067941363636777E-006  3.032312885521312E-006  3.012429090516376E-006  2.990758143728843E-006  2.966844730279885E-006  2.940026042280484E-006  2.909268461760406E-006  2.827214026248911E-006  2.764285695554382E-006  2.656556330156096E-006
   5010.00070188557       3.629399323508697E-006  3.585622641881557E-006  3.538921677336094E-006  3.488681341009613E-006  3.433856395287930E-006  3.373399480589732E-006  3.305162949416405E-006  3.267072989148296E-006  3.225371495115603E-006  3.178903926060604E-006  3.147977431925210E-006  3.125726735154833E-006  3.089223513264062E-006  3.062253417287979E-006  3.016336714016360E-006  2.980651409374955E-006  2.960695640500977E-006  2.938912544725000E-006  2.914835699114306E-006  2.887779988839900E-006  2.856677962460864E-006  2.773424630890322E-006  2.709893951942370E-006  2.604256152626868E-006
   5030.00070468751       3.654095994459752E-006  3.610273881852359E-006  3.563317695069172E-006  3.512607892038594E-006  3.457470989491364E-006  3.396671824267188E-006  3.328149302365049E-006  3.289955874932685E-006  3.248187049404902E-006  3.201743801529741E-006  3.170889736164485E-006  3.148733079866697E-006  3.112459765443587E-006  3.085710886636842E-006  3.040268025509281E-006  3.005020088931259E-006  2.985331886923214E-006  2.963852237943602E-006  2.940123305263061E-006  2.913474414456028E-006  2.882873301107416E-006  2.801277153701523E-006  2.739188692311083E-006  2.634288186604166E-006
   5050.00070748945       3.596140482384729E-006  3.553130725691986E-006  3.506990635452440E-006  3.457211991420483E-006  3.403087290624151E-006  3.343184775649435E-006  3.275439529753830E-006  3.237583880640155E-006  3.196078455582406E-006  3.149750150788508E-006  3.118866976658173E-006  3.096612929981682E-006  3.060074277011023E-006  3.033032754589184E-006  2.986920778360321E-006  2.951016842747780E-006  2.930915600097406E-006  2.908962697316460E-006  2.884688712551305E-006  2.857416025169174E-006  2.826106493458549E-006  2.742932841305249E-006  2.680572516168731E-006  2.578785854801925E-006
   5070.00071029138       3.585223435635190E-006  3.542397021025526E-006  3.496384282006958E-006  3.446938997293010E-006  3.393028810377368E-006  3.333551007104022E-006  3.266380762380999E-006  3.228887431892829E-006  3.187856313261908E-006  3.142112665045782E-006  3.111660835657152E-006  3.089762039452987E-006  3.053841688111080E-006  3.027290971139892E-006  2.982092589867785E-006  2.946953098124011E-006  2.927298185797707E-006  2.905840447949535E-006  2.882119631687437E-006  2.855468984465956E-006  2.824852976310894E-006  2.743195899065583E-006  2.681278866327052E-006  2.578866227624362E-006
   5090.00071309332       3.573874392089060E-006  3.531173765585852E-006  3.485601311990361E-006  3.436493323200458E-006  3.383214580559094E-006  3.324498492107772E-006  3.258402895772166E-006  3.221613770949481E-006  3.181452092862063E-006  3.136815276019450E-006  3.107175998894454E-006  3.085902942489581E-006  3.051083273966804E-006  3.025406716769516E-006  2.981787394117132E-006  2.947933099640115E-006  2.929008999574586E-006  2.908348452413814E-006  2.885503619982222E-006  2.859816949682664E-006  2.830275261445780E-006  2.751281994992344E-006  2.691004208943184E-006  2.588457271489066E-006
   5110.00071589526       3.524033525596401E-006  3.482218133359567E-006  3.437734799407573E-006  3.389772659791949E-006  3.337699275267977E-006  3.280205517819833E-006  3.215461000207581E-006  3.179369618995601E-006  3.139887440299431E-006  3.095923303165431E-006  3.066686137766848E-006  3.045648282654619E-006  3.011147409966370E-006  2.985645034815526E-006  2.942196283778941E-006  2.908367157653146E-006  2.889418556576911E-006  2.868706487856191E-006  2.845778068986197E-006  2.819971879460482E-006  2.790268607295091E-006  2.710843523068560E-006  2.650546761478085E-006  2.550675708079891E-006
   5130.00071869720       3.527423498022336E-006  3.485808740616244E-006  3.441204910386388E-006  3.393176888555671E-006  3.340805311217552E-006  3.283091279710073E-006  3.217978086599246E-006  3.181696882112785E-006  3.142010096453906E-006  3.097857363018504E-006  3.068524095110040E-006  3.047440302850915E-006  3.012910803468018E-006  2.987415638909094E-006  2.944040535337645E-006  2.910303294083862E-006  2.891409115488862E-006  2.870750122269397E-006  2.847863908287501E-006  2.822071953258008E-006  2.792330389534552E-006  2.712508622999936E-006  2.651729070060290E-006  2.550152816246554E-006
   5150.00072149914       3.494679001362519E-006  3.453330105934223E-006  3.408984529787049E-006  3.361503596267929E-006  3.309738326558509E-006  3.252728148051740E-006  3.188554851405724E-006  3.152780405865140E-006  3.113683864292513E-006  3.070196664874932E-006  3.041308828235112E-006  3.020537415396248E-006  2.986510660906003E-006  2.961378057378479E-006  2.918591917773926E-006  2.885294207701551E-006  2.866638638318743E-006  2.846236011608287E-006  2.823631007455578E-006  2.798150073108063E-006  2.768767027267523E-006  2.689903440563768E-006  2.629814867154684E-006  2.529408286179048E-006
   5170.00072430108       3.507567658192870E-006  3.465924104346691E-006  3.421379880653214E-006  3.373579225035469E-006  3.321617685616269E-006  3.264276441133235E-006  3.199817333812604E-006  3.163971487134517E-006  3.124878769359482E-006  3.081524306311543E-006  3.052812912860501E-006  3.032228925928211E-006  2.998623907335173E-006  2.973915829909110E-006  2.932121846107786E-006  2.899855519096999E-006  2.881892428559753E-006  2.862350189670233E-006  2.840827267462482E-006  2.816744668170635E-006  2.789208575245814E-006  2.716451197145741E-006  2.661630535475057E-006  2.568259611434476E-006
   5190.00072710301       3.456444976823821E-006  3.415896980678009E-006  3.372401383113492E-006  3.325599542832089E-006  3.274847512466725E-006  3.218820227310245E-006  3.155698928762738E-006  3.120513040624735E-006  3.082074255890718E-006  3.039331396624319E-006  3.010936628401233E-006  2.990533363444654E-006  2.957102675756951E-006  2.932425227542466E-006  2.890430325652612E-006  2.857747950957922E-006  2.839437066336186E-006  2.819406718463086E-006  2.797202573546737E-006  2.772159903856678E-006  2.743250832583792E-006  2.665512742298526E-006  2.606263143329683E-006  2.507414645289800E-006
   5210.00072990495       3.436979484702385E-006  3.396763906439403E-006  3.353844653869913E-006  3.307472602483445E-006  3.257066106387325E-006  3.201573554282826E-006  3.138994834827289E-006  3.104131164913332E-006  3.066020856665891E-006  3.023621304212940E-006  2.995466138855299E-006  2.975242333750132E-006  2.942112826288091E-006  2.917659315716968E-006  2.876050223599937E-006  2.843664084441772E-006  2.825515117973615E-006  2.805653533028778E-006  2.783621486634461E-006  2.758749646794809E-006  2.730000684020122E-006  2.652463661432094E-006  2.593263931131533E-006  2.494891074768708E-006
   5230.00073270689       3.408873743792373E-006  3.369237700414182E-006  3.326847393258517E-006  3.281404628024861E-006  3.231921794272342E-006  3.177443215203182E-006  3.116145485180660E-006  3.082008080439901E-006  3.044764011418157E-006  3.003401693789185E-006  2.975956466244016E-006  2.956259918239343E-006  2.924025667321969E-006  2.900257130799215E-006  2.859859579655153E-006  2.828453082163847E-006  2.810860505769864E-006  2.791613584537251E-006  2.770264510266076E-006  2.746152921461136E-006  2.718255579194740E-006  2.642704876158602E-006  2.584563989929229E-006  2.486774279010740E-006
   5250.00073550883       3.410343055266421E-006  3.370516873306251E-006  3.327976117349098E-006  3.282039616272217E-006  3.232122858748942E-006  3.177150386626885E-006  3.115309488318817E-006  3.080895541714789E-006  3.043358117311940E-006  3.001731186257710E-006  2.974164549429937E-006  2.954399946237112E-006  2.922121435351372E-006  2.898370415305185E-006  2.858115652016231E-006  2.826938619944216E-006  2.809523013601994E-006  2.790511451429445E-006  2.769476129585990E-006  2.745789390793420E-006  2.718475185037581E-006  2.644986910895060E-006  2.588831068294197E-006  2.494647039932849E-006
   5270.00073831077       3.409252775413719E-006  3.369731768776374E-006  3.327378375306023E-006  3.281770051042432E-006  3.232139919712562E-006  3.177433263612363E-006  3.115887749832918E-006  3.081637621417353E-006  3.044261337987649E-006  3.002815877708735E-006  2.975383096271102E-006  2.955718104483039E-006  2.923611031355008E-006  2.900015204734252E-006  2.860093245494367E-006  2.829243459726251E-006  2.812043882241411E-006  2.793298222073932E-006  2.772595750532200E-006  2.749334752277427E-006  2.722581880203060E-006  2.650973786991884E-006  2.596624025094523E-006  2.506228702674187E-006
   5290.00074111271       3.345685921107791E-006  3.307155775548662E-006  3.265956536231288E-006  3.221720865723733E-006  3.173713487192899E-006  3.120694839776931E-006  3.061074750147639E-006  3.027872817712568E-006  2.991631109942903E-006  2.951399165418285E-006  2.924701428198279E-006  2.905539495405707E-006  2.874201878181092E-006  2.851092632536599E-006  2.811833527852632E-006  2.781314706911181E-006  2.764216430450486E-006  2.745502418649836E-006  2.724732102854495E-006  2.701248619169725E-006  2.674022962879067E-006  2.599862125912995E-006  2.542310224574987E-006  2.445337024312506E-006
   5310.00074391464       3.336317683738285E-006  3.297863621352413E-006  3.256760829249491E-006  3.212483846601551E-006  3.164427699898950E-006  3.111580780497206E-006  3.052137193588147E-006  3.019115205922695E-006  2.983086275818379E-006  2.943141178793384E-006  2.916700698509857E-006  2.897750099233005E-006  2.866802553065972E-006  2.844034216143806E-006  2.805470611527391E-006  2.775603329886954E-006  2.758917587764171E-006  2.740699164491778E-006  2.720532910375137E-006  2.697803994774115E-006  2.671553161807568E-006  2.600550816531489E-006  2.545799302828328E-006  2.453124608481547E-006
   5330.00074671658       3.322887984392882E-006  3.284760385263165E-006  3.244055827691272E-006  3.200253661942926E-006  3.152497690360143E-006  3.099866510271311E-006  3.040580383211765E-006  3.007614328697967E-006  2.971596223191971E-006  2.931631426672557E-006  2.905152038702043E-006  2.886156948646875E-006  2.855131404233244E-006  2.832304295757403E-006  2.793604256126221E-006  2.763618001212975E-006  2.746856444751446E-006  2.728545262831428E-006  2.708259677324731E-006  2.685374773093222E-006  2.658903565561224E-006  2.587026110612611E-006  2.531360598091269E-006  2.437861100970450E-006
   5350.00074951852       3.305536867653135E-006  3.267663653389169E-006  3.227300557518296E-006  3.183649942309296E-006  3.136369763896940E-006  3.084342609941343E-006  3.025743630757607E-006  2.993184126978243E-006  2.957698441657091E-006  2.918381609619656E-006  2.892374576864353E-006  2.873741991167733E-006  2.843357602611836E-006  2.821041223076717E-006  2.783301676270268E-006  2.754144844467145E-006  2.737887729751734E-006  2.720160577399990E-006  2.700563524589830E-006  2.678508697417723E-006  2.653065376379889E-006  2.584259629845573E-006  2.531038490608873E-006  2.440813976258568E-006
   5370.00075232046       3.286670018726313E-006  3.249336459909229E-006  3.209551791031576E-006  3.166568511443312E-006  3.119859093729716E-006  3.068437443812413E-006  3.010624913379140E-006  2.978476497565055E-006  2.943453696521429E-006  2.904652215288519E-006  2.878982323297972E-006  2.860611384058835E-006  2.830628907887850E-006  2.808615155845788E-006  2.771412626594595E-006  2.742686877170673E-006  2.726673493597303E-006  2.709217163603983E-006  2.689928827347954E-006  2.668229074452624E-006  2.643207158921162E-006  2.575601581810617E-006  2.523395296181368E-006  2.435344840241818E-006
   5390.00075512240       3.275495771208452E-006  3.238320845172101E-006  3.198465776063915E-006  3.155592204658263E-006  3.109039636967538E-006  3.057660682916058E-006  2.999885631485720E-006  2.967791656263447E-006  2.932821874228945E-006  2.894100179570110E-006  2.868508437891897E-006  2.850184260172899E-006  2.820334416150984E-006  2.798435620462999E-006  2.761482560208157E-006  2.733008715525532E-006  2.717161838306039E-006  2.699907926752482E-006  2.680868511098246E-006  2.659477975989323E-006  2.634849713889856E-006  2.568404168931196E-006  2.516993599579946E-006  2.429576281003743E-006
   5410.00075792434       3.254128842415546E-006  3.217272718157673E-006  3.177940899077532E-006  3.135581183040794E-006  3.089505734972822E-006  3.038749112581280E-006  2.981705803158875E-006  2.949980095545985E-006  2.915414030752498E-006  2.877145360275799E-006  2.851840085052769E-006  2.833739137713785E-006  2.804238555604904E-006  2.782608783669230E-006  2.746109792861319E-006  2.718001046342903E-006  2.702364721103469E-006  2.685345536299280E-006  2.666571886806805E-006  2.645494059979552E-006  2.621239136843918E-006  2.555858541196007E-006  2.505278083605497E-006  2.419177514762463E-006
   5430.00076072628       3.209684409095647E-006  3.173909790088379E-006  3.135856883250801E-006  3.094653117056752E-006  3.050006529722953E-006  3.000766298199249E-006  2.945305366984826E-006  2.914433722306924E-006  2.880764093683040E-006  2.843416040614149E-006  2.818697084851340E-006  2.800996357460189E-006  2.772105175770896E-006  2.750877678587153E-006  2.714996753178822E-006  2.687275583490989E-006  2.671818680566622E-006  2.654966348149342E-006  2.636332455043300E-006  2.615352417341283E-006  2.591124919935325E-006  2.525268176166897E-006  2.473656871402629E-006  2.384361673882881E-006
   5450.00076352821       3.218994350115934E-006  3.182886121363304E-006  3.144238126374433E-006  3.102722295374101E-006  3.057478356437861E-006  3.007650772900614E-006  2.951588979277508E-006  2.920437128156513E-006  2.886487510774691E-006  2.848925185841431E-006  2.824117412648496E-006  2.806369393443076E-006  2.777480400977828E-006  2.756311477669318E-006  2.720655001306174E-006  2.693250362469069E-006  2.678029907244097E-006  2.661486558054331E-006  2.643269308655408E-006  2.622849296108528E-006  2.599398825827895E-006  2.536354114569417E-006  2.487551867722576E-006  2.403795209551740E-006
   5470.00076633015       3.191792376042357E-006  3.156096690447465E-006  3.117995171349609E-006  3.076876336063400E-006  3.032218810731751E-006  2.983065962509850E-006  2.927788858871150E-006  2.897067831939258E-006  2.863617668468257E-006  2.826597610290797E-006  2.802146145816396E-006  2.784653551606509E-006  2.756184700345691E-006  2.735323522678189E-006  2.700187688509424E-006  2.673175378550089E-006  2.658168367644398E-006  2.641855691027062E-006  2.623884055298899E-006  2.603735595582765E-006  2.580584732123612E-006  2.518288810003269E-006  2.470019914675620E-006  2.387126320251825E-006
   5490.00076913209       3.169943527707929E-006  3.134793265487877E-006  3.097045466415584E-006  3.056440853589539E-006  3.012321833713634E-006  2.963675303618642E-006  2.908982967923770E-006  2.878586100736131E-006  2.845460948270813E-006  2.808774575197186E-006  2.784531791231104E-006  2.767190462392295E-006  2.738958198613598E-006  2.718272729939031E-006  2.683425118471230E-006  2.656635819262540E-006  2.641756192726403E-006  2.625580091654177E-006  2.607762652127793E-006  2.587788256082728E-006  2.564838028336382E-006  2.503031189734536E-006  2.454968522611170E-006  2.371607697826158E-006
   5510.00077193403       3.157163550024950E-006  3.121945741573613E-006  3.084394503090870E-006  3.043834320592278E-006  2.999748291483219E-006  2.951232270758428E-006  2.896679749692559E-006  2.866379567023757E-006  2.833428189599698E-006  2.796972866706633E-006  2.772908423409848E-006  2.755699374049656E-006  2.727727942782093E-006  2.707249746771613E-006  2.672806144399265E-006  2.646383435077131E-006  2.631726975447907E-006  2.615816438085304E-006  2.598317576255510E-006  2.578735077403805E-006  2.556282423372500E-006  2.496084630531035E-006  2.449497358976940E-006  2.368754628875671E-006
   5530.00077473597       3.167556614258918E-006  3.132455441748703E-006  3.094864907813995E-006  3.054368083181095E-006  3.010224915056959E-006  2.961625459513456E-006  2.906896240727961E-006  2.876473706526134E-006  2.843333246289805E-006  2.806702139558747E-006  2.782532760435647E-006  2.765274070997855E-006  2.737227445482726E-006  2.716741153472776E-006  2.682362860966975E-006  2.656095918456325E-006  2.641578588743623E-006  2.625864878376426E-006  2.608644961489805E-006  2.589461605445067E-006  2.567594093011662E-006  2.509705194919342E-006  2.465662812857258E-006  2.390640416511877E-006
   5550.00077753791       3.107949670474200E-006  3.073808200134293E-006  3.037282148132131E-006  2.997996416601864E-006  2.955275116806971E-006  2.908198746488522E-006  2.855263763692697E-006  2.825820018495622E-006  2.793745791250932E-006  2.758252969387279E-006  2.734802267399427E-006  2.718035487600846E-006  2.690744512839215E-006  2.670760938957876E-006  2.637120658825558E-006  2.611297997080331E-006  2.596972203282574E-006  2.581414494544812E-006  2.564300217525323E-006  2.545143871728277E-006  2.523179512750999E-006  2.464270249824336E-006  2.418611459051731E-006  2.338975348333317E-006
   5570.00078033984       3.126193245455772E-006  3.091482205724913E-006  3.054504522859373E-006  3.014638748594866E-006  2.971291535012064E-006  2.923478826055059E-006  2.869689076278671E-006  2.839805560117628E-006  2.807274351166520E-006  2.771321024010833E-006  2.747620429727249E-006  2.730692375662168E-006  2.703216009151156E-006  2.683148534899467E-006  2.649500853691488E-006  2.623814367006721E-006  2.609623141587348E-006  2.594269326182618E-006  2.577453419133982E-006  2.558728678958906E-006  2.537398053724702E-006  2.480995768996744E-006  2.438114586936289E-006  2.364862724396442E-006
   5590.00078314178       3.083390891493695E-006  3.049916556073809E-006  3.014026705919986E-006  2.975424950050769E-006  2.933480347911161E-006  2.887126178142996E-006  2.835038843598701E-006  2.806051891593699E-006  2.774476717850972E-006  2.739572284738664E-006  2.716526638445389E-006  2.700061411391833E-006  2.673284709433237E-006  2.653701435113426E-006  2.620801323777522E-006  2.595610007496334E-006  2.581663181088194E-006  2.566544935237836E-006  2.549951938990702E-006  2.531428717133792E-006  2.510258375112758E-006  2.453892808470893E-006  2.410647429372872E-006  2.336109628053002E-006
   5610.00078594372       3.074550934883441E-006  3.041046350840352E-006  3.005393611303413E-006  2.966829787323311E-006  2.924857118312434E-006  2.878538584122140E-006  2.826466528979596E-006  2.797485189838641E-006  2.765933625385420E-006  2.731030334316653E-006  2.707990191761151E-006  2.691521401713397E-006  2.664766800823461E-006  2.645209876796665E-006  2.612389717839951E-006  2.587304031619553E-006  2.573435617645399E-006  2.558422747686939E-006  2.541969993460418E-006  2.523641364341725E-006  2.502748153564869E-006  2.447429588524476E-006  2.405277286042969E-006  2.332871143463381E-006
   5630.00078874566       3.045890618066614E-006  3.012845921107357E-006  2.977410583350327E-006  2.939269221824970E-006  2.897745848196347E-006  2.852049507942456E-006  2.800674693303077E-006  2.772100858380961E-006  2.741026285089053E-006  2.706646816597336E-006  2.683965694005966E-006  2.667767558002600E-006  2.641432811271884E-006  2.622186857014182E-006  2.589880419968403E-006  2.565172113022364E-006  2.551505844757766E-006  2.536704174635704E-006  2.520471640171052E-006  2.502371665296084E-006  2.481717790563619E-006  2.426903324288519E-006  2.384996854557163E-006  2.312672144826760E-006
   5650.00079154760       3.049110185091586E-006  3.015808269287500E-006  2.980141033759353E-006  2.941826600746107E-006  2.900150916236697E-006  2.854152289165814E-006  2.802481733109741E-006  2.773800251926777E-006  2.742537893390656E-006  2.708033841356752E-006  2.685291496771590E-006  2.669065358218648E-006  2.642722762889368E-006  2.623500863692225E-006  2.591302035418577E-006  2.566760910312279E-006  2.553220512708720E-006  2.538590729980907E-006  2.522590136389925E-006  2.504810988248878E-006  2.484611485708786E-006  2.431533589548146E-006  2.391539138374880E-006  2.323657862470178E-006
   5670.00079434954       3.030970164896776E-006  2.997983898836503E-006  2.962737978631311E-006  2.924646928915762E-006  2.883303985675928E-006  2.837723240586242E-006  2.786470149773531E-006  2.758012910970300E-006  2.727007169644640E-006  2.692769439718871E-006  2.670196388931061E-006  2.654090804192594E-006  2.627941548577636E-006  2.608861370594968E-006  2.576905865713916E-006  2.552544863621632E-006  2.539108740406235E-006  2.524590910364872E-006  2.508719224915868E-006  2.491087469574826E-006  2.471062551668013E-006  2.418501057032230E-006  2.378962195410138E-006  2.311948856852385E-006
   5690.00079715147       2.991439186971838E-006  2.959346182537514E-006  2.924920577528487E-006  2.887975901939259E-006  2.847620001853463E-006  2.803258999050077E-006  2.753355598697134E-006  2.725580093997432E-006  2.695387797949322E-006  2.661996341987946E-006  2.639960663361890E-006  2.624227732444650E-006  2.598664970669457E-006  2.579991784856366E-006  2.548662878192341E-006  2.524734377844192E-006  2.511513794233843E-006  2.497209159566277E-006  2.481544256646757E-006  2.464107111314754E-006  2.444255523156088E-006  2.391869799854836E-006  2.352162231182720E-006  2.284192676793427E-006
   5710.00079995341       2.998547660114680E-006  2.966314615964824E-006  2.931590705210030E-006  2.894274223171555E-006  2.853638453347517E-006  2.808842538821547E-006  2.758455174732203E-006  2.730448530674241E-006  2.699929070227700E-006  2.666224200100432E-006  2.644008938280602E-006  2.628152857931019E-006  2.602419622989402E-006  2.583649505370629E-006  2.552233536071833E-006  2.528314283607539E-006  2.515133449354814E-006  2.500903019185809E-006  2.485361916973660E-006  2.468120979444247E-006  2.448574885697729E-006  2.397485557639141E-006  2.359288453978250E-006  2.294968037748602E-006
   5730.00080275535       2.978579825059418E-006  2.946461650256989E-006  2.912134821122837E-006  2.875238910755940E-006  2.835066938623675E-006  2.790761215372045E-006  2.740890000802948E-006  2.713186032693447E-006  2.683034876239556E-006  2.649687777565768E-006  2.627716610820640E-006  2.612039522669811E-006  2.586597425668867E-006  2.568035178792097E-006  2.536969792510708E-006  2.513318197621605E-006  2.500286556938867E-006  2.486219140614934E-006  2.470857030177098E-006  2.453818941444380E-006  2.434508691448561E-006  2.384083925818709E-006  2.346443822229559E-006  2.283172794425946E-006
   5750.00080555729       2.961929795526592E-006  2.930100188545213E-006  2.896045685734950E-006  2.859404045798865E-006  2.819578030874489E-006  2.775581007881029E-006  2.726068574034896E-006  2.698523317582782E-006  2.668538113583772E-006  2.635382417403794E-006  2.613524818776350E-006  2.597926420856987E-006  2.572617598174172E-006  2.554148842934411E-006  2.523242984320266E-006  2.499713984533624E-006  2.486753087001567E-006  2.472763386308748E-006  2.457488794908814E-006  2.440551189534891E-006  2.421360887281382E-006  2.371273923339830E-006  2.333906045945666E-006  2.271088952606435E-006
   5770.00080835923       2.938471009438822E-006  2.907258528315546E-006  2.873552056068040E-006  2.837384681116126E-006  2.798073954532356E-006  2.754745378300879E-006  2.705966933266511E-006  2.678880336544114E-006  2.649401337031280E-006  2.616833716735973E-006  2.595380717057780E-006  2.580079033050903E-006  2.555228227259728E-006  2.537107653814476E-006  2.506778572235407E-006  2.483693950368544E-006  2.470975735111910E-006  2.457247515949500E-006  2.442259831320874E-006  2.425642329890262E-006  2.406817040605573E-006  2.357723614552075E-006  2.321188156978733E-006  2.260121831662720E-006
   5790.00081116117       2.934962740186411E-006  2.903619999175302E-006  2.870007953285102E-006  2.833860520957345E-006  2.794414667036933E-006  2.750999055245923E-006  2.702147497527037E-006  2.674967856016351E-006  2.645398627309364E-006  2.612719309219218E-006  2.591201550014060E-006  2.575855485531237E-006  2.550954486845011E-006  2.532810494549482E-006  2.502481804767215E-006  2.479436669872594E-006  2.466757021775795E-006  2.453090528033259E-006  2.438188551063854E-006  2.421694781782348E-006  2.403051716539440E-006  2.354663425564367E-006  2.318884190904444E-006  2.259502218983511E-006
   5810.00081396311       2.904994155855834E-006  2.874068733996288E-006  2.841119648082737E-006  2.805614483197350E-006  2.766968223469424E-006  2.724376756249000E-006  2.676488108890120E-006  2.649852850716123E-006  2.620864244070292E-006  2.588870499780552E-006  2.567783387980302E-006  2.552738204815775E-006  2.528322124266947E-006  2.510519591366503E-006  2.480738719349717E-006  2.458083864457715E-006  2.445609984034927E-006  2.432151154324734E-006  2.417467020721649E-006  2.401197536567447E-006  2.382787684022320E-006  2.334910192916632E-006  2.299439338060962E-006  2.240516554714557E-006
   5830.00081676504       2.892199271801897E-006  2.861372408518707E-006  2.828514587551714E-006  2.793122936753601E-006  2.754638455790954E-006  2.712211434008892E-006  2.664478405630099E-006  2.637964513012010E-006  2.609114446920442E-006  2.577241258339964E-006  2.556227130595272E-006  2.541237798511683E-006  2.516936832037196E-006  2.499222506600479E-006  2.469600312749435E-006  2.447081550139723E-006  2.434687903107260E-006  2.421323735306140E-006  2.406747447360014E-006  2.390610409957957E-006  2.372363946349730E-006  2.324995860504830E-006  2.289993958361370E-006  2.232044585234326E-006
   5850.00081956698       2.881195679826619E-006  2.850555912074754E-006  2.817805407373693E-006  2.782526724315784E-006  2.744191841364764E-006  2.701935957642981E-006  2.654399039856433E-006  2.628015808114661E-006  2.599278724534690E-006  2.567557783456968E-006  2.546669285268365E-006  2.531768829844775E-006  2.507619884252851E-006  2.490026888411699E-006  2.460633881099108E-006  2.438307876099203E-006  2.426031781947163E-006  2.412803089127479E-006  2.398386829314076E-006  2.382443386272433E-006  2.364439513688403E-006  2.317848984602980E-006  2.283596557977258E-006  2.227331589030141E-006
   5870.00082236892       2.854134212020452E-006  2.823830979236171E-006  2.791660221784788E-006  2.756937999734826E-006  2.719241599760032E-006  2.677649931980388E-006  2.630972848609138E-006  2.604999153611389E-006  2.576748659427670E-006  2.545538357949798E-006  2.524978941869081E-006  2.510316887743973E-006  2.486536530434749E-006  2.469199549608934E-006  2.440210094518525E-006  2.418170080735556E-006  2.406040455048329E-006  2.392960638190683E-006  2.378695527974919E-006  2.362900011045731E-006  2.345039540517398E-006  2.298682797054032E-006  2.264458102601481E-006  2.207957657630364E-006
   5890.00082517086       2.836429234655368E-006  2.806721658161569E-006  2.774937394976372E-006  2.740730242269213E-006  2.703617746313139E-006  2.662689146417265E-006  2.616641712807620E-006  2.591029940541460E-006  2.563189550185106E-006  2.532416389425977E-006  2.512139893194348E-006  2.497687298070014E-006  2.474235115138408E-006  2.457143624327484E-006  2.428572942831563E-006  2.406858399916919E-006  2.394910063682526E-006  2.382031002087983E-006  2.367987783733189E-006  2.352445902887006E-006  2.334882994180085E-006  2.289360104202281E-006  2.255824689844358E-006  2.200638345254342E-006
   5910.00082797280       2.829125629200821E-006  2.799637248941778E-006  2.767971174146510E-006  2.733794997790701E-006  2.696563032427890E-006  2.655498802378672E-006  2.609242939618258E-006  2.583542771334747E-006  2.555562465303809E-006  2.524658004819053E-006  2.504306309550471E-006  2.489793725778566E-006  2.466258948243519E-006  2.449116570372700E-006  2.420476458941070E-006  2.398735310927842E-006  2.386783681383362E-006  2.373908260781595E-006  2.359882624710214E-006  2.344378181834000E-006  2.326881113047213E-006  2.281674229849855E-006  2.248534847373764E-006  2.194370180445323E-006
   5930.00083077473       2.812930985833753E-006  2.783385808520496E-006  2.751754876711734E-006  2.717759866340563E-006  2.680853779160220E-006  2.640078264593219E-006  2.594211342590958E-006  2.568725789479429E-006  2.540988504441203E-006  2.510345886284673E-006  2.490168990498150E-006  2.475773119001042E-006  2.452434494290099E-006  2.435428960644470E-006  2.407022109319136E-006  2.385452712980886E-006  2.373594232331576E-006  2.360819716558819E-006  2.346906085541821E-006  2.331525000190055E-006  2.314171101830663E-006  2.269358649658871E-006  2.236534689804341E-006  2.182919169656484E-006
   5950.00083357667       2.789132269166353E-006  2.760033831250926E-006  2.729015977877787E-006  2.695734447666177E-006  2.659435803142867E-006  2.619392686378935E-006  2.574370669073909E-006  2.549343612361944E-006  2.522089582604556E-006  2.491987221100503E-006  2.472163337872304E-006  2.458012108929142E-006  2.435075593750953E-006  2.418356918871560E-006  2.390418161756125E-006  2.369192925351482E-006  2.357520757856307E-006  2.344941598645851E-006  2.331233503970809E-006  2.316071889380562E-006  2.298952697010027E-006  2.254676167483676E-006  2.222178581571008E-006  2.169011980502325E-006
   5970.00083637861       2.785536569814012E-006  2.756294111006883E-006  2.725096685574540E-006  2.691468496741890E-006  2.654923429439904E-006  2.614640010562739E-006  2.569283491389152E-006  2.544106503255170E-006  2.516696096669446E-006  2.486450913479133E-006  2.466541002241074E-006  2.452344234717879E-006  2.429340560374677E-006  2.412594568176034E-006  2.384644163860830E-006  2.363445566350460E-006  2.351803196293244E-006  2.339270811668955E-006  2.325630504165602E-006  2.310567609292334E-006  2.293592211294817E-006  2.249870519723823E-006  2.217971697679448E-006  2.166185201826464E-006
   5990.00083918055       2.768803394736719E-006  2.739815561203600E-006  2.708873866389070E-006  2.675494718517008E-006  2.639295822489412E-006  2.599299075442705E-006  2.554332409543070E-006  2.529377100158645E-006  2.502230206336320E-006  2.472259066921154E-006  2.452534880837935E-006  2.438469715966512E-006  2.415683058861680E-006  2.399098865624645E-006  2.371419553549334E-006  2.350427228368323E-006  2.338899401696414E-006  2.326491919672600E-006  2.312988975670911E-006  2.298078108862877E-006  2.281276892947115E-006  2.238022982698365E-006  2.206492715536907E-006  2.155384893194227E-006
   6010.00084198249       2.751172581626202E-006  2.722401883618326E-006  2.691795180913667E-006  2.658997143168630E-006  2.623180175320445E-006  2.583705864091586E-006  2.539319580305531E-006  2.514683513558354E-006  2.487877458559681E-006  2.458282457120325E-006  2.438801190508698E-006  2.424917258598191E-006  2.402428619287000E-006  2.386052603057309E-006  2.358722315679939E-006  2.338003543901218E-006  2.326623053327493E-006  2.314374133731625E-006  2.301043522936441E-006  2.286324603933765E-006  2.269740843983116E-006  2.227049425931880E-006  2.195939555780838E-006  2.145562322538158E-006
   6030.00084478443       2.736041149857560E-006  2.707595319573951E-006  2.677188366695910E-006  2.644230659395107E-006  2.608547307374116E-006  2.569281173610506E-006  2.525096106772406E-006  2.500547705871558E-006  2.473834674046284E-006  2.444372749794992E-006  2.424977712343310E-006  2.411145576974492E-006  2.388755220919684E-006  2.372454114980253E-006  2.345253743362930E-006  2.324629431123127E-006  2.313305967754291E-006  2.301116519546827E-006  2.287854358332383E-006  2.273212538701338E-006  2.256716973343633E-006  2.214269478375806E-006  2.183349872135699E-006  2.133300355775038E-006
   6050.00084758637       2.714721247105452E-006  2.686441009994115E-006  2.656309460283719E-006  2.623936579096721E-006  2.588693553146795E-006  2.549821561808216E-006  2.506146685676669E-006  2.481920326771177E-006  2.455543608880992E-006  2.426425228236379E-006  2.407273623814318E-006  2.393609622511216E-006  2.371476027642813E-006  2.355356089933811E-006  2.328449872505196E-006  2.308035853368384E-006  2.296818592375963E-006  2.284738891434558E-006  2.271587534845986E-006  2.257058080066975E-006  2.240673709352833E-006  2.198433114621372E-006  2.167588649746368E-006  2.117539891238115E-006
   6070.00085038830       2.699814929715649E-006  2.671824404601876E-006  2.642056466517352E-006  2.609913409937235E-006  2.575010026377169E-006  2.536521674752659E-006  2.493255320210575E-006  2.469242167812945E-006  2.443105296176669E-006  2.414261199179265E-006  2.395277380740703E-006  2.381740521337166E-006  2.359810741294929E-006  2.343842772261574E-006  2.317183319499972E-006  2.296963321140201E-006  2.285854759270130E-006  2.273894914089503E-006  2.260877196996545E-006  2.246499778287084E-006  2.230295227867409E-006  2.188563439926243E-006  2.158143625455994E-006  2.108902354696300E-006
   6090.00085319024       2.680594985394138E-006  2.652960544812707E-006  2.623467418522890E-006  2.591833067127574E-006  2.557456315373018E-006  2.519526668485154E-006  2.476898397606583E-006  2.453235431349523E-006  2.427510167449080E-006  2.399105801554018E-006  2.380417127275835E-006  2.367092439549114E-006  2.345511274255145E-006  2.329790533240759E-006  2.303552234772740E-006  2.283650094250962E-006  2.272716471820687E-006  2.260942392757936E-006  2.248124513383976E-006  2.233965346009137E-006  2.218003463271678E-006  2.176874116708062E-006  2.146878249304228E-006  2.098346246014739E-006
   6110.00085599218       2.659897170800072E-006  2.632696881567140E-006  2.603878799078893E-006  2.572651208389680E-006  2.538803242981761E-006  2.501468218231427E-006  2.459499457000055E-006  2.436165891710505E-006  2.410825205053168E-006  2.382815383115622E-006  2.364383453340416E-006  2.351235409801010E-006  2.329928091972788E-006  2.314406153955337E-006  2.288488280661268E-006  2.268811884362846E-006  2.257996537793649E-006  2.246347068488072E-006  2.233659539568963E-006  2.219637507894555E-006  2.203820933123239E-006  2.163022840799419E-006  2.133233746436047E-006  2.084990120640085E-006
   6130.00085879412       2.654161474125585E-006  2.626781353540947E-006  2.597609113393939E-006  2.566168807385616E-006  2.532019186186103E-006  2.494401844043511E-006  2.452178537900844E-006  2.428721041628961E-006  2.403205404702097E-006  2.375069189237205E-006  2.356558019616109E-006  2.343362327014772E-006  2.321988427173570E-006  2.306431705686479E-006  2.280478297657264E-006  2.260800752358904E-006  2.249996116235923E-006  2.238364619894225E-006  2.225707672679421E-006  2.211733227961089E-006  2.195988786096608E-006  2.155474259085154E-006  2.125988619553887E-006  2.078423860411074E-006
   6150.00086159606       2.642097457072784E-006  2.614879024424446E-006  2.585773315639416E-006  2.554507050890014E-006  2.520506722439366E-006  2.483081881867407E-006  2.440989632083859E-006  2.417624781636565E-006  2.392230617061304E-006  2.364203642565377E-006  2.345769626881825E-006  2.332628476628805E-006  2.311356509093331E-006  2.295870934599795E-006  2.270049264554640E-006  2.250480551870487E-006  2.239738338991295E-006  2.228179990683679E-006  2.215608761509001E-006  2.201734716920551E-006  2.186113947324333E-006  2.145976792449597E-006  2.116825710627986E-006  2.069909479490356E-006
   6170.00086439800       2.628607628011986E-006  2.601724345876412E-006  2.572855301420615E-006  2.541806687092306E-006  2.508090888846812E-006  2.470973550574169E-006  2.429205889755947E-006  2.406003528480059E-006  2.380791883807350E-006  2.352991625412812E-006  2.334694382372274E-006  2.321665480691211E-006  2.300552276653977E-006  2.285192523013263E-006  2.259584201759922E-006  2.240185570258969E-006  2.229542558339845E-006  2.218092615632711E-006  2.205644099730743E-006  2.191914065582376E-006  2.176464211103284E-006  2.136822195449304E-006  2.108089486246238E-006  2.061963369724616E-006
   6190.00086719993       2.615521865260112E-006  2.588642903052419E-006  2.559960107089368E-006  2.529071939005983E-006  2.495456776886844E-006  2.458498431130491E-006  2.416960150318250E-006  2.393887967846675E-006  2.368819784478927E-006  2.341163237834510E-006  2.322971755325958E-006  2.310018142403853E-006  2.289045448009601E-006  2.273791310861926E-006  2.248368934511487E-006  2.229117408149973E-006  2.218558099548289E-006  2.207202103146400E-006  2.194857360373037E-006  2.181243471951452E-006  2.165928812380270E-006  2.126645546099686E-006  2.098175266241010E-006  2.052468995111267E-006
   6210.00087000187       2.601558525249816E-006  2.574985927077870E-006  2.546448204520495E-006  2.515884828950059E-006  2.482613299164198E-006  2.445945323608507E-006  2.404694831123919E-006  2.381812809694916E-006  2.356909203507213E-006  2.329440095068083E-006  2.311376465026640E-006  2.298506700416497E-006  2.277667080895394E-006  2.262515811729235E-006  2.237256652419176E-006  2.218134274452191E-006  2.207644661088162E-006  2.196366551402819E-006  2.184108821705868E-006  2.170594926994200E-006  2.155396852667000E-006  2.116447128353761E-006  2.088257546336677E-006  2.043075259225670E-006
   6230.00087280381       2.576088184123604E-006  2.550231470575157E-006  2.522564042196312E-006  2.492749636185327E-006  2.460353512151730E-006  2.424648615912596E-006  2.384496859185106E-006  2.362189185895811E-006  2.337931743452102E-006  2.311147733036021E-006  2.293531569729145E-006  2.280975445045135E-006  2.260640321694820E-006  2.245841914745944E-006  2.221159144622836E-006  2.202453118169653E-006  2.192184822662728E-006  2.181136866943628E-006  2.169121431111839E-006  2.155862818036666E-006  2.140935952387490E-006  2.102596843634115E-006  2.074772419470928E-006  2.030075087761144E-006
   6250.00087560575       2.560650543087593E-006  2.534763255989645E-006  2.507106216795471E-006  2.477379968523342E-006  2.445059163514867E-006  2.409496971779809E-006  2.369483063353646E-006  2.347269637990539E-006  2.323138462277328E-006  2.296510157862727E-006  2.278989387388439E-006  2.266505051065063E-006  2.246285152994157E-006  2.231569619342248E-006  2.207026886588307E-006  2.188421581676465E-006  2.178206167634647E-006  2.167213046684058E-006  2.155253719189200E-006  2.142051896160989E-006  2.127180653400396E-006  2.088935154178562E-006  2.061127351421890E-006  2.016363489745538E-006
   6270.00087840769       2.547245573152389E-006  2.521485527804436E-006  2.494073045520748E-006  2.464534351145370E-006  2.432432826898360E-006  2.397037761156015E-006  2.357296467938138E-006  2.335233128627464E-006  2.311252112716054E-006  2.284799987712174E-006  2.267407338776533E-006  2.255015828567680E-006  2.234950563864055E-006  2.220349783666205E-006  2.196001559496411E-006  2.177554560276048E-006  2.167427720205389E-006  2.156531588035044E-006  2.144679795565744E-006  2.131600518729398E-006  2.116872653730576E-006  2.079020424136874E-006  2.051523967090599E-006  2.007311343431376E-006
   6290.00088120963       2.538913274114002E-006  2.513140725376783E-006  2.485632303264488E-006  2.456093038040639E-006  2.423962261510015E-006  2.388446334583234E-006  2.348587004370012E-006  2.326456296781401E-006  2.302389998267090E-006  2.275853721038347E-006  2.258399716302082E-006  2.245974477349144E-006  2.225847893938947E-006  2.211210106837426E-006  2.186817591700222E-006  2.168346773834784E-006  2.158213695031315E-006  2.147314400955606E-006  2.135465020896944E-006  2.122397014970708E-006  2.107690491018318E-006  2.069947391670278E-006  2.042577038012343E-006  1.998644550082228E-006
   6310.00088401157       2.518845895163228E-006  2.493545790195934E-006  2.466390984203437E-006  2.437237731649623E-006  2.405604715040260E-006  2.370757951308290E-006  2.331577557644232E-006  2.309854645859737E-006  2.286220615754529E-006  2.260154472858991E-006  2.243018488256433E-006  2.230810103305687E-006  2.211046629035446E-006  2.196671715061442E-006  2.172704503915035E-006  2.154554198424805E-006  2.144592507420461E-006  2.133877065524959E-006  2.122223816925724E-006  2.109365214524689E-006  2.094888755392330E-006  2.057689697151692E-006  2.030669871834081E-006  1.987232708683451E-006
   6330.00088681350       2.514965099643248E-006  2.489559265919453E-006  2.462303720353595E-006  2.432985546903605E-006  2.401146954560904E-006  2.365993045676416E-006  2.326541475087700E-006  2.304636587344186E-006  2.280843391851021E-006  2.254592146355799E-006  2.237331992602645E-006  2.225044246870569E-006  2.205156700446597E-006  2.190694831231134E-006  2.166611941214993E-006  2.148393848011990E-006  2.138405559882844E-006  2.127669397080041E-006  2.116005361065894E-006  2.103151189496295E-006  2.088700986766403E-006  2.051690186289416E-006  2.024921056772879E-006  1.982070804174906E-006
   6350.00088961544       2.495614455584641E-006  2.470393756157974E-006  2.443512021459351E-006  2.414506306967882E-006  2.383026067012805E-006  2.348331957882200E-006  2.309392529981817E-006  2.287775943633585E-006  2.264281878834519E-006  2.238366377756865E-006  2.221330908044268E-006  2.209191786023840E-006  2.189546094773884E-006  2.175261068169008E-006  2.151454180805513E-006  2.133429059806930E-006  2.123538806115289E-006  2.112903485339553E-006  2.101341729558781E-006  2.088589378750137E-006  2.074239020928474E-006  2.037404422651571E-006  2.010689122223025E-006  1.967807719728165E-006
   6370.00089241738       2.485526961813219E-006  2.460591152245426E-006  2.434023871590108E-006  2.405370798470667E-006  2.374201237123054E-006  2.339807833820208E-006  2.301161176391498E-006  2.279702433318643E-006  2.256380940876136E-006  2.230646733201767E-006  2.213733129020787E-006  2.201679119294184E-006  2.182183061209050E-006  2.168002099045173E-006  2.144390159006181E-006  2.126528066056812E-006  2.116736588503878E-006  2.106213145989061E-006  2.094783235622065E-006  2.082189440722734E-006  2.068037757410420E-006  2.031822468150326E-006  2.005665440426932E-006  1.963871806851893E-006
   6390.00089521932       2.466038465619895E-006  2.441367763249281E-006  2.414973547997372E-006  2.386548145066290E-006  2.355656536133925E-006  2.321636170889870E-006  2.283393633463617E-006  2.262164697293736E-006  2.239099582117776E-006  2.213648901368494E-006  2.196913342089159E-006  2.184991228314648E-006  2.165694602177341E-006  2.151657370534211E-006  2.128269033319002E-006  2.110559752610095E-006  2.100843457433318E-006  2.090394139462019E-006  2.079034950589073E-006  2.066507218815288E-006  2.052409295421682E-006  2.016228436733938E-006  1.989994823624823E-006  1.947912125218526E-006
   6420.00089942223       2.449474805088390E-006  2.424943003750938E-006  2.398788113537748E-006  2.370534383604627E-006  2.339871803955174E-006  2.306091406256814E-006  2.268129660721722E-006  2.247033286782639E-006  2.224098573439995E-006  2.198824886485053E-006  2.182210622326365E-006  2.170377378467187E-006  2.151230743994656E-006  2.137311443176313E-006  2.114123772691830E-006  2.096585077079159E-006  2.086968448193006E-006  2.076632907945826E-006  2.065403627642807E-006  2.053028169201495E-006  2.039115466656108E-006  2.003472628795708E-006  1.977685999418972E-006  1.936406802483730E-006
   6460.00090502610       2.418363010734854E-006  2.394402898207286E-006  2.368740473162119E-006  2.341140851293982E-006  2.311118380249585E-006  2.278043154064584E-006  2.240833629734484E-006  2.220193279250907E-006  2.197737901808769E-006  2.172997068573951E-006  2.156724566022952E-006  2.145133781172907E-006  2.126375434928369E-006  2.112736533770443E-006  2.090019281357095E-006  2.072829546674150E-006  2.063401651947199E-006  2.053265351612392E-006  2.042250414386880E-006  2.030107639696465E-006  2.016449719674361E-006  1.981423769141663E-006  1.956046434369466E-006  1.915361750222620E-006
   6500.00091062998       2.390381610680685E-006  2.366939363264429E-006  2.341798571399488E-006  2.314718092046819E-006  2.285303632115127E-006  2.252869226949377E-006  2.216386781451961E-006  2.196140724540731E-006  2.174103038909005E-006  2.149801012914137E-006  2.133823757026027E-006  2.122440387273602E-006  2.104016338447943E-006  2.090621359014504E-006  2.068305369277177E-006  2.051417641710279E-006  2.042157068936212E-006  2.032202613121164E-006  2.021384979267039E-006  2.009460599332882E-006  1.996051201950296E-006  1.961677496472550E-006  1.936787293269687E-006  1.896908953445404E-006
   6540.00091623386       2.367108696038830E-006  2.343712890685246E-006  2.318760040649176E-006  2.291869617886629E-006  2.262671693609489E-006  2.230432764228161E-006  2.194199082451989E-006  2.174060863554384E-006  2.152191947017877E-006  2.128075841315505E-006  2.112216199110068E-006  2.100928301541307E-006  2.082659639523530E-006  2.069381033798344E-006  2.047264646298132E-006  2.030537533748238E-006  2.021366816207890E-006  2.011511058816860E-006  2.000803238697518E-006  1.989003262488861E-006  1.975735356226693E-006  1.941735637248835E-006  1.917119036050472E-006  1.877673296397349E-006
   6580.00092183773       2.342035904614373E-006  2.319015523885053E-006  2.294465811716394E-006  2.268008610944606E-006  2.239211633736112E-006  2.207460752388824E-006  2.171761744007093E-006  2.151913067762131E-006  2.130361133544928E-006  2.106587002548372E-006  2.090962073149458E-006  2.079831666520803E-006  2.061823475940470E-006  2.048736232507809E-006  2.026943238601701E-006  2.010465585998696E-006  2.001433968271425E-006  1.991730464628034E-006  1.981190052210537E-006  1.969578072415370E-006  1.956527562335031E-006  1.923116327868566E-006  1.898956937301959E-006  1.860295009469012E-006
   6620.00092744161       2.313742390168297E-006  2.291164409466924E-006  2.267048330726591E-006  2.241024335517472E-006  2.212761723942118E-006  2.181598209683194E-006  2.146517560503400E-006  2.127053077019545E-006  2.105885673801649E-006  2.082535611353270E-006  2.067187324396466E-006  2.056258378698405E-006  2.038570187691758E-006  2.025712549198028E-006  2.004299980337554E-006  1.988101639685428E-006  1.979221884421877E-006  1.969677390383082E-006  1.959307974520239E-006  1.947879704893092E-006  1.935029847690057E-006  1.902094168953923E-006  1.878239654059942E-006  1.839998856931716E-006
   6660.00093304549       2.289379873798671E-006  2.267109427444210E-006  2.243297470569148E-006  2.217757880371727E-006  2.189887290744277E-006  2.159143969055288E-006  2.124578609013809E-006  2.105371314648748E-006  2.084507754581720E-006  2.061477589564207E-006  2.046343174786352E-006  2.035562337315702E-006  2.018119163806680E-006  2.005439973033369E-006  1.984326343098771E-006  1.968359104629926E-006  1.959606930356957E-006  1.950200955701433E-006  1.939983776521289E-006  1.928726557969160E-006  1.916072860828128E-006  1.883663466571018E-006  1.860215039010626E-006  1.822669868349814E-006
   6700.00093864936       2.262635876038307E-006  2.240849838194870E-006  2.217460640594983E-006  2.192340957625338E-006  2.165040051518698E-006  2.134917869078966E-006  2.101002470903230E-006  2.082162387023066E-006  2.061675757210737E-006  2.039081732260705E-006  2.024224612871716E-006  2.013643203105626E-006  1.996518947920227E-006  1.984073298725750E-006  1.963345942314799E-006  1.947665820267831E-006  1.939071810783084E-006  1.929834869894875E-006  1.919800613301619E-006  1.908743486914839E-006  1.896314335720029E-006  1.864473401128995E-006  1.841430148590526E-006  1.804524618513262E-006
   6740.00094425324       2.235269869832997E-006  2.213853015103160E-006  2.190972894743789E-006  2.166307500256287E-006  2.139507353226207E-006  2.109964668651696E-006  2.076695830581321E-006  2.058229641283429E-006  2.038133390134840E-006  2.015975315893411E-006  2.001399279415489E-006  1.991017011464200E-006  1.974215585561394E-006  1.961998525172409E-006  1.941648301741096E-006  1.926250731329064E-006  1.917806867306986E-006  1.908729475974477E-006  1.898866485461702E-006  1.887993386607709E-006  1.875764827242129E-006  1.844404381963518E-006  1.821674707083277E-006  1.785215839512959E-006
   6780.00094985712       2.212706058057184E-006  2.191516267018321E-006  2.168916416568682E-006  2.144571990181674E-006  2.118071370337146E-006  2.088826575092068E-006  2.055934785481315E-006  2.037673895856008E-006  2.017806709404844E-006  1.995893955493841E-006  1.981482568950555E-006  1.971215171605762E-006  1.954606305069962E-006  1.942530129103913E-006  1.922416576479493E-006  1.907200724187960E-006  1.898858829675879E-006  1.889892669706429E-006  1.880151159034562E-006  1.869414555632433E-006  1.857342662582439E-006  1.826397340083395E-006  1.803982030335551E-006  1.768046051871324E-006
   6820.00095546099       2.187668456334778E-006  2.166881361031782E-006  2.144642051831481E-006  2.120682055679255E-006  2.094603740171140E-006  2.065856679059109E-006  2.033516635503756E-006  2.015532161618510E-006  1.995996603143346E-006  1.974429735861536E-006  1.960255954895588E-006  1.950159661520454E-006  1.933819573361010E-006  1.921940655704297E-006  1.902152345607880E-006  1.887182655400662E-006  1.878974142819449E-006  1.870150060423097E-006  1.860562144608684E-006  1.849993514392691E-006  1.838108257717418E-006  1.807628385778059E-006  1.785536456813862E-006  1.750097062873129E-006
   6860.00096106487       2.164087572871704E-006  2.143558470941976E-006  2.121708827649636E-006  2.098137631931878E-006  2.072514394182935E-006  2.044172115349758E-006  2.012311571603148E-006  1.994627710733419E-006  1.975382968407474E-006  1.954159951377180E-006  1.940202441407142E-006  1.930258486031479E-006  1.914163625845352E-006  1.902464410367721E-006  1.882975062905119E-006  1.868229038286171E-006  1.860143619743662E-006  1.851452207204874E-006  1.842008996312299E-006  1.831599470172925E-006  1.819892810480208E-006  1.789875827540183E-006  1.768125847770290E-006  1.733252050230938E-006
   6900.00096666875       2.139549582164512E-006  2.119467000673955E-006  2.097881594952233E-006  2.074682587499167E-006  2.049428265951907E-006  2.021593885063593E-006  1.990265281491694E-006  1.972868728407814E-006  1.953950169861719E-006  1.933067690706254E-006  1.919336524858565E-006  1.909555630150662E-006  1.893723053455130E-006  1.882213314603475E-006  1.863033367575884E-006  1.848517159483944E-006  1.840557259314172E-006  1.831998960980854E-006  1.822696982899218E-006  1.812441397883431E-006  1.800904286364292E-006  1.771299054299062E-006  1.749824560705320E-006  1.715354762273731E-006
   6940.00097227262       2.115065014508905E-006  2.095266014094215E-006  2.074178987242465E-006  2.051345239473394E-006  2.026590574067145E-006  1.999239125273299E-006  1.968472369882209E-006  1.951395575563377E-006  1.932807337382857E-006  1.912294737592581E-006  1.898802576310839E-006  1.889195798478456E-006  1.873638937521806E-006  1.862325950849535E-006  1.843475009734927E-006  1.829203235888352E-006  1.821374307477267E-006  1.812956568840531E-006  1.803806957032374E-006  1.793715397594223E-006  1.782359429575565E-006  1.753200214906257E-006  1.732031873298815E-006  1.698028158116159E-006
   6980.00097787650       2.093762441845880E-006  2.074186749876948E-006  2.053289299688784E-006  2.030838881414356E-006  2.006356051021624E-006  1.979353534962577E-006  1.948960349277525E-006  1.932071852952617E-006  1.913707860738348E-006  1.893439513145696E-006  1.880114715028469E-006  1.870624731414894E-006  1.855256151517687E-006  1.844079846513652E-006  1.825459395737225E-006  1.811364875535979E-006  1.803636068726627E-006  1.795324409107776E-006  1.786289935277448E-006  1.776328139663063E-006  1.765119588480976E-006  1.736347834379162E-006  1.715469501172848E-006  1.681946602710903E-006
   7020.00098348038       2.066936944741481E-006  2.047893232551997E-006  2.027549024697179E-006  2.005611609650526E-006  1.981769688370708E-006  1.955423647982310E-006  1.925793529469900E-006  1.909334642253557E-006  1.891426800724064E-006  1.871665191744642E-006  1.858662758134472E-006  1.849399639738144E-006  1.834399217518151E-006  1.823487528338322E-006  1.805295188818580E-006  1.791518073451977E-006  1.783956805046399E-006  1.775822961149773E-006  1.766977549175006E-006  1.757217224977310E-006  1.746227360419047E-006  1.717973396457451E-006  1.697429855362090E-006  1.664384711419231E-006
   7060.00098908425       2.047814721383434E-006  2.028893636124244E-006  2.008677629498386E-006  1.986918117880179E-006  1.963230424830862E-006  1.937080261121276E-006  1.907670983528819E-006  1.891321876665382E-006  1.873549048222883E-006  1.853928214042620E-006  1.841025280686311E-006  1.831836884269793E-006  1.816958960314487E-006  1.806137905206402E-006  1.788102233603837E-006  1.774447663459252E-006  1.766956310896025E-006  1.758899007254430E-006  1.750139015719204E-006  1.740475424094657E-006  1.729597886252601E-006  1.701648362160073E-006  1.681339563453232E-006  1.648689942464457E-006
   7100.00099468813       2.025829055624560E-006  2.007227050881936E-006  1.987299517343096E-006  1.965852262452147E-006  1.942518720630735E-006  1.916756975847497E-006  1.887779677510789E-006  1.871672295407273E-006  1.854165964128176E-006  1.834843128189844E-006  1.822130144553674E-006  1.813077215456644E-006  1.798418380282242E-006  1.787755117769601E-006  1.769982157275986E-006  1.756522935098643E-006  1.749138207160705E-006  1.741195551241014E-006  1.732558599326594E-006  1.723029318939718E-006  1.712300448960313E-006  1.684720245924586E-006  1.664666693739422E-006  1.632406492298303E-006
   7140.00100029201       2.003810713833934E-006  1.985524855756077E-006  1.965906145716599E-006  1.944812540636149E-006  1.921855630569932E-006  1.896549492964833E-006  1.868026317546223E-006  1.852196714695749E-006  1.834966373528951E-006  1.815955792955730E-006  1.803449557340449E-006  1.794541961213932E-006  1.780115253915371E-006  1.769622969602426E-006  1.752131665985406E-006  1.738883258345116E-006  1.731612659431870E-006  1.723791967714833E-006  1.715286461976841E-006  1.705900999351443E-006  1.695332042713518E-006  1.668151285149997E-006  1.648378630006043E-006  1.616559415235008E-006
   7180.00100589589       1.982150276172438E-006  1.964057406865982E-006  1.944739541704419E-006  1.924000000443084E-006  1.901381282225511E-006  1.876456300113025E-006  1.848377290666883E-006  1.832785382137164E-006  1.815820857619995E-006  1.797109269183508E-006  1.784793527338977E-006  1.776021530605782E-006  1.761817072872400E-006  1.751484864612618E-006  1.734254761855537E-006  1.721202778503160E-006  1.714039567920498E-006  1.706332456913450E-006  1.697949121206232E-006  1.688695823609044E-006  1.678272734149272E-006  1.651447992051574E-006  1.631915705701542E-006  1.600452610423410E-006
   7220.00101149976       1.961227424069845E-006  1.943539447249585E-006  1.924509599792687E-006  1.904047070764311E-006  1.881784112804938E-006  1.857238469624624E-006  1.829592516575497E-006  1.814230308224939E-006  1.797517447202849E-006  1.779080393665591E-006  1.766945943394222E-006  1.758301118665359E-006  1.744302509850145E-006  1.734118301692663E-006  1.717135838766220E-006  1.704269446662811E-006  1.697207084778886E-006  1.689608237633480E-006  1.681342188833251E-006  1.672217267190684E-006  1.661937446977707E-006  1.635474924349203E-006  1.616200677321784E-006  1.585145750675630E-006
   7260.00101710364       1.939875996068336E-006  1.922355434545381E-006  1.903697602193111E-006  1.883562709276722E-006  1.861663490751662E-006  1.837514009735392E-006  1.810333251797864E-006  1.795224500146219E-006  1.778787529847662E-006  1.760650193991946E-006  1.748715551420268E-006  1.740214701053702E-006  1.726443564423748E-006  1.716425578188877E-006  1.699714050658784E-006  1.687052443127085E-006  1.680099749046809E-006  1.672618282752410E-006  1.664478020040131E-006  1.655489090323976E-006  1.645359037527572E-006  1.619263177619725E-006  1.600236823725179E-006  1.569551925670052E-006
   7300.00102270752       1.920222804977460E-006  1.902966834052112E-006  1.884492851904970E-006  1.864645392903389E-006  1.843013333982991E-006  1.819151754461935E-006  1.792311329382022E-006  1.777390706456417E-006  1.761170364677693E-006  1.743266626483186E-006  1.731490100879769E-006  1.723096839685125E-006  1.709506956660637E-006  1.699618208794291E-006  1.683124309985873E-006  1.670626375932843E-006  1.663763835509675E-006  1.656378277150516E-006  1.648342099021570E-006  1.639467921865015E-006  1.629465976839723E-006  1.603693554120155E-006  1.584896975115833E-006  1.554573289628865E-006
   7340.00102831139       1.898438681228509E-006  1.881540195507041E-006  1.863404448004106E-006  1.843912665482444E-006  1.822750965356849E-006  1.799348999036112E-006  1.773023273849272E-006  1.758391898798867E-006  1.742477273096371E-006  1.724914215709597E-006  1.713354478493361E-006  1.705115353846872E-006  1.691776453735436E-006  1.682068336912405E-006  1.665869301927160E-006  1.653590013294728E-006  1.646845452395723E-006  1.639585405500847E-006  1.631682569645911E-006  1.622952125221540E-006  1.613107520729480E-006  1.587713660215996E-006  1.569167681166012E-006  1.539208299713672E-006
   7380.00103391527       1.879865526282724E-006  1.863107696726199E-006  1.845215362914323E-006  1.825954064504610E-006  1.805008422224584E-006  1.781867189383125E-006  1.755834339870513E-006  1.741367235101237E-006  1.725647322932096E-006  1.708290672150894E-006  1.696866235366866E-006  1.688727903212417E-006  1.675543746663846E-006  1.665952912375999E-006  1.649948399711979E-006  1.637816327040863E-006  1.631153019127843E-006  1.623979727514534E-006  1.616172063552017E-006  1.607546566892440E-006  1.597820198301798E-006  1.572729809262968E-006  1.554403836473433E-006  1.524798351412593E-006
   7420.00103951915       1.858715332006065E-006  1.842204859625515E-006  1.824619328280267E-006  1.805700214724194E-006  1.785115685419387E-006  1.762404232652721E-006  1.736859480544645E-006  1.722654022045653E-006  1.707209321902000E-006  1.690167313619327E-006  1.678952643488486E-006  1.670960666030957E-006  1.658015804451587E-006  1.648594257825859E-006  1.632873629271014E-006  1.620951871880073E-006  1.614402275587208E-006  1.607349393956802E-006  1.599669792641102E-006  1.591182306539178E-006  1.581606395116386E-006  1.556872985883872E-006  1.538776828718496E-006  1.509492039274459E-006
   7460.00104512302       1.837637703780556E-006  1.821657092486119E-006  1.804572829544780E-006  1.786131823391439E-006  1.766022153275533E-006  1.743841237531347E-006  1.718824962679438E-006  1.704914926963659E-006  1.689765467258384E-006  1.673037483043253E-006  1.662027217005778E-006  1.654177806005711E-006  1.641458485396999E-006  1.632196312393696E-006  1.616734834033356E-006  1.605003620007305E-006  1.598556387681714E-006  1.591612119021627E-006  1.584048612117886E-006  1.575685799167946E-006  1.566246698002731E-006  1.541846634437220E-006  1.523977006709787E-006  1.495034266638969E-006
   7500.00105072690       1.821124845217539E-006  1.805228179012190E-006  1.788227838671329E-006  1.769880156197812E-006  1.749917531185710E-006  1.727865162683470E-006  1.703026499794590E-006  1.689223553380421E-006  1.674213598675049E-006  1.657635631257010E-006  1.646721679838943E-006  1.638946354139455E-006  1.626344876042316E-006  1.617173513629739E-006  1.601864785800376E-006  1.590252339716782E-006  1.583870555498471E-006  1.576998144538271E-006  1.569513343013970E-006  1.561239235874503E-006  1.551901056258503E-006  1.527768267005499E-006  1.510099716041009E-006  1.481490761940151E-006
   7540.00105633078       1.802341257662948E-006  1.786587094539769E-006  1.769741895923568E-006  1.751624014370083E-006  1.731908204603331E-006  1.710171397217208E-006  1.685679678451563E-006  1.672071686140554E-006  1.657264738150453E-006  1.640923459983175E-006  1.630163766267625E-006  1.622494838230568E-006  1.610067146627707E-006  1.601017961685618E-006  1.585909615728434E-006  1.574442860585787E-006  1.568138324888693E-006  1.561345668436426E-006  1.553943562114138E-006  1.545755149759963E-006  1.536504755856117E-006  1.512544139126080E-006  1.494934429884888E-006  1.466253378044184E-006
   7580.00106193465       1.784249652924134E-006  1.768665327883846E-006  1.752032724656578E-006  1.734116005039332E-006  1.714626802078819E-006  1.693119939931605E-006  1.668903209517988E-006  1.655443033918880E-006  1.640791178414605E-006  1.624610622799456E-006  1.613953428766849E-006  1.606354913098382E-006  1.594036768300827E-006  1.585061112380033E-006  1.570059423039787E-006  1.558657792955988E-006  1.552381278201123E-006  1.545610919075825E-006  1.538223219976691E-006  1.530035610184358E-006  1.520763903449616E-006  1.496594516608553E-006  1.478634330763432E-006  1.448848939662235E-006
   7620.00106753853       1.765700105118035E-006  1.750349747916057E-006  1.733955437030132E-006  1.716287984887291E-006  1.697060828651056E-006  1.675837930146418E-006  1.651945349348753E-006  1.638656389127221E-006  1.624192003175126E-006  1.608211759702480E-006  1.597684744450113E-006  1.590174934981658E-006  1.577994746408058E-006  1.569114504301695E-006  1.554258486016663E-006  1.542952703041274E-006  1.536722464285485E-006  1.529996070928580E-006  1.522647418613119E-006  1.514490598294753E-006  1.505234774780806E-006  1.480986082894133E-006  1.462818814466641E-006  1.432327267798961E-006
   7660.00107314241       1.747496063206536E-006  1.732350579893732E-006  1.716170396161164E-006  1.698715382669232E-006  1.679723774719095E-006  1.658764367225987E-006  1.635155883068826E-006  1.622016695100055E-006  1.607717336312307E-006  1.591908635970080E-006  1.581488086627460E-006  1.574050971633093E-006  1.561979188194230E-006  1.553169120871464E-006  1.538411920961698E-006  1.527158946023955E-006  1.520947958222020E-006  1.514232336010379E-006  1.506882362577428E-006  1.498705117495120E-006  1.489397495136533E-006  1.464827420839918E-006  1.446192454096581E-006  1.414359904018360E-006
   7700.00107874628       1.728244749773205E-006  1.713334008056507E-006  1.697399263922244E-006  1.680231525747548E-006  1.661569321078806E-006  1.640957994518491E-006  1.617732831171950E-006  1.604810694491042E-006  1.590731997333938E-006  1.575162356173161E-006  1.564895368270329E-006  1.557561024419964E-006  1.545653492686232E-006  1.536957361376480E-006  1.522371729686813E-006  1.511230793604770E-006  1.505072548086342E-006  1.498406057373717E-006  1.491098556247001E-006  1.482953163968074E-006  1.473658793428704E-006  1.448982017802048E-006  1.430106078514003E-006  1.397521523401412E-006
   7740.00108435016       1.711744091037106E-006  1.697001246461608E-006  1.681227353702375E-006  1.664250237377461E-006  1.645747583437227E-006  1.625306995597543E-006  1.602271964017405E-006  1.589451182367168E-006  1.575475358467537E-006  1.560011582972522E-006  1.549805661371527E-006  1.542514552324063E-006  1.530664269200252E-006  1.522001465982839E-006  1.507452737694393E-006  1.496319304564761E-006  1.490155868129302E-006  1.483474161190528E-006  1.476137445515883E-006  1.467941726569830E-006  1.458563270479581E-006  1.433490942770622E-006  1.414104248243567E-006  1.380140364472840E-006
   7780.00108995404       1.694456888793736E-006  1.679883309529083E-006  1.664321395574132E-006  1.647549378856948E-006  1.629282784558321E-006  1.609094874863538E-006  1.586337780001125E-006  1.573666471206274E-006  1.559851977527492E-006  1.544557955920206E-006  1.534460294297679E-006  1.527242225686270E-006  1.515504541555608E-006  1.506917388934189E-006  1.492481442960915E-006  1.481416906305901E-006  1.475284096817629E-006  1.468628693956956E-006  1.461311010687408E-006  1.453123083192283E-006  1.443733972598930E-006  1.418513498482683E-006  1.398880121662397E-006  1.364213405305402E-006
   7820.00109555791       1.677427013267475E-006  1.663062046709028E-006  1.647714278432598E-006  1.631160044859842E-006  1.613129263653872E-006  1.593221815201887E-006  1.570763878344365E-006  1.558259934904952E-006  1.544626435095808E-006  1.529527529742458E-006  1.519553832537109E-006  1.512423177530782E-006  1.500822446347311E-006  1.492332518437535E-006  1.478048777595856E-006  1.467090896759131E-006  1.461011736693708E-006  1.454410306880547E-006  1.447145984523244E-006  1.439009189377276E-006  1.429665839835743E-006  1.404488087726995E-006  1.384794883926866E-006  1.349806302867734E-006
   7860.00110116179       1.660532936685750E-006  1.646333939427459E-006  1.631171678912096E-006  1.614841219932411E-006  1.597039421428999E-006  1.577370634720156E-006  1.555181842887612E-006  1.542817117821056E-006  1.529334336699641E-006  1.514395307856981E-006  1.504522314564439E-006  1.497460057895691E-006  1.485963773279991E-006  1.477541641361585E-006  1.463356271914641E-006  1.452455200924463E-006  1.446399766961725E-006  1.439815758972646E-006  1.432559651671010E-006  1.424417094773141E-006  1.415045181477996E-006  1.389653103777188E-006  1.369636013517895E-006  1.333729926304812E-006
   7900.00110676567       1.644162565634785E-006  1.630172724444515E-006  1.615230302078860E-006  1.599128926473157E-006  1.581588424390300E-006  1.562208779816117E-006  1.540344205827088E-006  1.528162769529939E-006  1.514877228061271E-006  1.500160198973971E-006  1.490434676170937E-006  1.483477564750108E-006  1.472152940041205E-006  1.463857492449329E-006  1.449886200957128E-006  1.439150638020691E-006  1.433187526297395E-006  1.426704683283002E-006  1.419561435818202E-006  1.411547047648507E-006  1.402325801602236E-006  1.377367232415444E-006  1.357730451506388E-006  1.322615104563225E-006
   7940.00111236954       1.627796123952685E-006  1.613999743231506E-006  1.599256323983718E-006  1.583361082838592E-006  1.566056927966221E-006  1.546930289985688E-006  1.525347623202237E-006  1.513321124482764E-006  1.500197864602798E-006  1.485653065675225E-006  1.476035837177120E-006  1.469153876639442E-006  1.457944932206927E-006  1.449728835429817E-006  1.435875742825377E-006  1.425215424439396E-006  1.419286788410142E-006  1.412834315199125E-006  1.405714795716642E-006  1.397713191293075E-006  1.388485864421423E-006  1.363372122702762E-006  1.343440672094123E-006  1.307368836859078E-006
   7980.00111797342       1.612174686770225E-006  1.598567874344261E-006  1.584041258721528E-006  1.568374740439205E-006  1.551307538456234E-006  1.532448033110125E-006  1.511172135786457E-006  1.499313669452734E-006  1.486376957706702E-006  1.472040889033251E-006  1.462561878496551E-006  1.455779082699914E-006  1.444733399907285E-006  1.436636987494631E-006  1.422989104432033E-006  1.412488755127251E-006  1.406650278512527E-006  1.400297241666237E-006  1.393288965349139E-006  1.385414849277970E-006  1.376338462831373E-006  1.351663225240881E-006  1.332117397294650E-006  1.296844971359122E-006
   8020.00112357730       1.595452493395987E-006  1.582063763537579E-006  1.567772814385401E-006  1.552373622784410E-006  1.535600769745756E-006  1.517063263755261E-006  1.496153904273407E-006  1.484501793766626E-006  1.471794371905607E-006  1.457713232586719E-006  1.448403812515900E-006  1.441744079502976E-006  1.430897839697502E-006  1.422948409103608E-006  1.409548500050071E-006  1.399239423000385E-006  1.393507335541274E-006  1.387270004045494E-006  1.380389435858686E-006  1.372658844777875E-006  1.363747985181585E-006  1.339525599320055E-006  1.320345043858289E-006  1.285757162716789E-006
   8060.00112918117       1.579851290826410E-006  1.566700467719003E-006  1.552643408211682E-006  1.537485481581790E-006  1.520982806083740E-006  1.502752585183232E-006  1.482185209264789E-006  1.470725996697804E-006  1.458230578754173E-006  1.444380409005771E-006  1.435226252556900E-006  1.428676709162300E-006  1.418011674405356E-006  1.410195811970359E-006  1.397024493493828E-006  1.386893951260933E-006  1.381262548481287E-006  1.375136305006127E-006  1.368380478818182E-006  1.360792904025361E-006  1.352051253629818E-006  1.328316336868002E-006  1.309550339548266E-006  1.275748659014383E-006
   8100.00113478505       1.566068656545310E-006  1.553039766504924E-006  1.539122638951882E-006  1.524123343331401E-006  1.507791421429075E-006  1.489742417485203E-006  1.469393046879709E-006  1.458057527969445E-006  1.445693562880455E-006  1.431999246987420E-006  1.422949171469595E-006  1.416475764265741E-006  1.405936594899790E-006  1.398216433949213E-006  1.385211494085414E-006  1.375215987754987E-006  1.369662692982027E-006  1.363624109445180E-006  1.356968462589507E-006  1.349498429258367E-006  1.340899703149168E-006  1.317597842328564E-006  1.299224492672641E-006  1.266236666482964E-006
   8140.00114038893       1.549549728162104E-006  1.536794857151791E-006  1.523167535611311E-006  1.508488127342623E-006  1.492500292444024E-006  1.474843248620451E-006  1.454934441846086E-006  1.443843680532571E-006  1.431752717500932E-006  1.418360757550853E-006  1.409513700804510E-006  1.403185788524993E-006  1.392889146686936E-006  1.385348361997746E-006  1.372654040847685E-006  1.362905373386196E-006  1.357493234979410E-006  1.351611922555734E-006  1.345134989057759E-006  1.337873681323896E-006  1.329527570643333E-006  1.306996433879679E-006  1.289341703264054E-006  1.257923133676314E-006
   8180.00114599281       1.536443186747258E-006  1.523823366309561E-006  1.510326033461192E-006  1.495785214491245E-006  1.479953284422583E-006  1.462462868678989E-006  1.442736281313512E-006  1.431749537605842E-006  1.419770911188938E-006  1.406503542734084E-006  1.397738062483284E-006  1.391470339317687E-006  1.381270550597860E-006  1.373802313201258E-006  1.361231668652425E-006  1.351580637510283E-006  1.346223815767939E-006  1.340403591875971E-006  1.333995379774498E-006  1.326812714665344E-006  1.318559041826871E-006  1.296285686705843E-006  1.278832537228784E-006  1.247731776561003E-006
   8220.00115159668       1.522490629139466E-006  1.510017802733522E-006  1.496682833621225E-006  1.482321612223179E-006  1.466680658729985E-006  1.449405735366523E-006  1.429935560818071E-006  1.419095416625725E-006  1.407280354237566E-006  1.394199532749950E-006  1.385560288921837E-006  1.379384934773561E-006  1.369339351884195E-006  1.361986820489019E-006  1.349619787416864E-006  1.340132651822237E-006  1.334870593846051E-006  1.329156908455562E-006  1.322870647348521E-006  1.315831428740096E-006  1.307752690846926E-006  1.286017602310863E-006  1.269067754975828E-006  1.239064120361986E-006
   8260.00115720056       1.507951251079656E-006  1.495644175686581E-006  1.482505823502997E-006  1.468361944201110E-006  1.452955218189461E-006  1.435936748881508E-006  1.416752039774502E-006  1.406071136071071E-006  1.394430900745933E-006  1.381544209025549E-006  1.373033130232046E-006  1.366948907546675E-006  1.357051273019503E-006  1.349807364110378E-006  1.337621237836673E-006  1.328272800681530E-006  1.323087182433989E-006  1.317456121017650E-006  1.311260572031289E-006  1.304322499970858E-006  1.296359323716074E-006  1.274933541663154E-006  1.258223522116421E-006  1.228639568487421E-006
   8300.00116280444       1.493883920618995E-006  1.481748017939671E-006  1.468771557297516E-006  1.454798030888226E-006  1.439591833390132E-006  1.422791530116110E-006  1.403851036223443E-006  1.393305742407766E-006  1.381815440859714E-006  1.369089579930303E-006  1.360684152408579E-006  1.354675257986529E-006  1.344898596980249E-006  1.337741553681486E-006  1.325699018609257E-006  1.316457586730872E-006  1.311329697677220E-006  1.305759958240887E-006  1.299630015623009E-006  1.292762889906325E-006  1.284877688531858E-006  1.263641280394968E-006  1.247060191906999E-006  1.217680331604617E-006
   8340.00116840831       1.478907792610571E-006  1.466981887038455E-006  1.454238231167228E-006  1.440510486419768E-006  1.425563818813041E-006  1.409057892536154E-006  1.390450689778964E-006  1.380090114044437E-006  1.368796373300086E-006  1.356291722287699E-006  1.348032689971539E-006  1.342127276522940E-006  1.332518882396666E-006  1.325484842010903E-006  1.313648182841185E-006  1.304563356137820E-006  1.299521994988662E-006  1.294046179567110E-006  1.288019333242118E-006  1.281267747187850E-006  1.273515496380123E-006  1.252645139589922E-006  1.236367982453757E-006  1.207597348618016E-006
   8380.00117401219       1.465270772527247E-006  1.453482631951331E-006  1.440891405390351E-006  1.427335041032968E-006  1.412577426945285E-006  1.396283098718970E-006  1.377913951685047E-006  1.367690171688579E-006  1.356547013727171E-006  1.344209632340586E-006  1.336060967985129E-006  1.330234717235912E-006  1.320755855721463E-006  1.313816148681688E-006  1.302138109600606E-006  1.293174655858072E-006  1.288200721155622E-006  1.282797985606546E-006  1.276851455671190E-006  1.270189851558089E-006  1.262541297463386E-006  1.241956116848429E-006  1.225914294023459E-006  1.197608944045904E-006
   8420.00117961607       1.452478750074636E-006  1.440817030129645E-006  1.428349763966584E-006  1.414929131490867E-006  1.400304355838167E-006  1.384163067053930E-006  1.365961840833365E-006  1.355826775983468E-006  1.344776033221110E-006  1.332534820367782E-006  1.324445991240830E-006  1.318660931241703E-006  1.309243303771174E-006  1.302344651279088E-006  1.290724694422373E-006  1.281794853077955E-006  1.276834512169746E-006  1.271441926016491E-006  1.265500126348520E-006  1.258834844399383E-006  1.251168683659908E-006  1.230450562963513E-006  1.214204830325174E-006  1.185313206701501E-006
   8460.00118521994       1.439081854773886E-006  1.427575009481839E-006  1.415276734194452E-006  1.402035026628332E-006  1.387619282430970E-006  1.371694032784111E-006  1.353747980025723E-006  1.343754382647007E-006  1.332858829255159E-006  1.320793001667274E-006  1.312821545153350E-006  1.307120782387152E-006  1.297842447106884E-006  1.291047119236431E-006  1.279605106231718E-006  1.270815961760034E-006  1.265935680881722E-006  1.260631644436337E-006  1.254790038756874E-006  1.248240653915349E-006  1.240713386235875E-006  1.220409394859214E-006  1.204539008194343E-006  1.176446124921445E-006
   8500.00119082382       1.425894669519898E-006  1.414532689808495E-006  1.402389197480044E-006  1.389304135512225E-006  1.375065958133762E-006  1.359338306508025E-006  1.341603990806746E-006  1.331728151453417E-006  1.320957410425801E-006  1.309026563999735E-006  1.301141524286264E-006  1.295501675514074E-006  1.286318054939410E-006  1.279588906268238E-006  1.268251167861401E-006  1.259534013160172E-006  1.254690069765295E-006  1.249422360898648E-006  1.243616598473195E-006  1.237101518428122E-006  1.229605632306487E-006  1.209341036303352E-006  1.193459646250222E-006  1.165299707657877E-006
   8540.00119642770       1.412912428128544E-006  1.401691535040082E-006  1.389717090208986E-006  1.376812312469241E-006  1.362764341489037E-006  1.347248409380400E-006  1.329757696530913E-006  1.320014377003199E-006  1.309390789065060E-006  1.297621942899856E-006  1.289843742806885E-006  1.284279905963142E-006  1.275219964578836E-006  1.268581412104618E-006  1.257396120640802E-006  1.248795908636002E-006  1.244016918823912E-006  1.238819879410492E-006  1.233091930334514E-006  1.226664513030714E-006  1.219269872518738E-006  1.199283753557571E-006  1.183628586558422E-006  1.155890174671598E-006
   8580.00120203157       1.400148436848876E-006  1.389071322423617E-006  1.377237577587150E-006  1.364488165150677E-006  1.350614122935419E-006  1.335285041528514E-006  1.318001574069578E-006  1.308375484841428E-006  1.297876618232244E-006  1.286244200025384E-006  1.278555291795008E-006  1.273053769731437E-006  1.264094243016136E-006  1.257527610869642E-006  1.246458580201231E-006  1.237943897460319E-006  1.233210529920394E-006  1.228061316768210E-006  1.222383868470032E-006  1.216009888233473E-006  1.208672192981087E-006  1.188814485588459E-006  1.173233530584327E-006  1.145576833869374E-006
   8620.00120763545       1.387314799016507E-006  1.376395250365800E-006  1.364726165943221E-006  1.352160976455577E-006  1.338477527551196E-006  1.323363213477072E-006  1.306317092804967E-006  1.296822841069408E-006  1.286467157262149E-006  1.274991984914948E-006  1.267405726875633E-006  1.261977782943204E-006  1.253136923301786E-006  1.246656117022603E-006  1.235729983809027E-006  1.227322508843439E-006  1.222647793065017E-006  1.217561544813443E-006  1.211952234311873E-006  1.205653323627046E-006  1.198400206449396E-006  1.178761824831515E-006  1.163346720486617E-006  1.135988030553816E-006
   8660.00121323933       1.374975631790523E-006  1.364171240681536E-006  1.352633306345403E-006  1.340203475489185E-006  1.326666036003227E-006  1.311712291325245E-006  1.294846790910269E-006  1.285451367983128E-006  1.275199146463785E-006  1.263836946765627E-006  1.256322284839081E-006  1.250943164752323E-006  1.242178520324220E-006  1.235750295197548E-006  1.224903935334663E-006  1.216548975935372E-006  1.211899226164844E-006  1.206836540508842E-006  1.201248033587105E-006  1.194965418251453E-006  1.187720564119701E-006  1.168039503499216E-006  1.152516167494907E-006  1.124796162069055E-006
   8700.00121884320       1.362636541277686E-006  1.351972171832230E-006  1.340579820651120E-006  1.328310495241409E-006  1.314952459294657E-006  1.300194623298895E-006  1.283551193350836E-006  1.274279160657892E-006  1.264164007912055E-006  1.252952851745532E-006  1.245538440400374E-006  1.240231531070442E-006  1.231584609595571E-006  1.225243056855321E-006  1.214542762162449E-006  1.206300969983596E-006  1.201714526017237E-006  1.196720849199614E-006  1.191209152809046E-006  1.185013540341347E-006  1.177870587125995E-006  1.158479897306181E-006  1.143208170379285E-006  1.116013570239423E-006
   8740.00122444708       1.350611094723663E-006  1.340101498073961E-006  1.328877590275022E-006  1.316779462836695E-006  1.303607603361134E-006  1.289063116934738E-006  1.272658157268219E-006  1.263520298421006E-006  1.253554336920604E-006  1.242510912390778E-006  1.235209623860423E-006  1.229984922059167E-006  1.221474407715163E-006  1.215235621166275E-006  1.204715917334886E-006  1.196620090316259E-006  1.192118169821255E-006  1.187219847673097E-006  1.181817698177217E-006  1.175751539697561E-006  1.168767209758380E-006  1.149868020271235E-006  1.135057268683578E-006  1.108860068366346E-006
   8780.00123005096       1.338344312422199E-006  1.327961993303035E-006  1.316862534189859E-006  1.304911001120539E-006  1.291889122670796E-006  1.277502683345215E-006  1.261276503273704E-006  1.252235627315331E-006  1.242370914775242E-006  1.231433988582739E-006  1.224198623126557E-006  1.219019397870935E-006  1.210577327457537E-006  1.204382837409062E-006  1.193925441962351E-006  1.185864607706341E-006  1.181376046169823E-006  1.176486433403088E-006  1.171086357842060E-006  1.165011817868192E-006  1.158002159621352E-006  1.138936898241770E-006  1.123883781483518E-006  1.097004186370468E-006
   8820.00123565483       1.325650210148214E-006  1.315430942404794E-006  1.304505915698415E-006  1.292737806002959E-006  1.279925705153488E-006  1.265770711578875E-006  1.249804488605484E-006  1.240905909643554E-006  1.231198997749634E-006  1.220434728491119E-006  1.213312858020966E-006  1.208213974028520E-006  1.199901816340790E-006  1.193801475155626E-006  1.183500333326920E-006  1.175556287589264E-006  1.171131497291533E-006  1.166310161827683E-006  1.160983825220291E-006  1.154990189043866E-006  1.148071073803248E-006  1.129237863793541E-006  1.114356400106433E-006  1.087769997598416E-006
   8860.00124125871       1.313652474820738E-006  1.303586149701835E-006  1.292833665237862E-006  1.281254419248698E-006  1.268643537164832E-006  1.254707699641154E-006  1.238990563987790E-006  1.230232935452944E-006  1.220677722147850E-006  1.210082761176444E-006  1.203073865411862E-006  1.198055901278273E-006  1.189876901462963E-006  1.183875318481521E-006  1.173743615159494E-006  1.165934284747136E-006  1.161586472731447E-006  1.156850679234086E-006  1.151621769176646E-006  1.145742022848307E-006  1.138960958800335E-006  1.120550504633049E-006  1.106063561556440E-006  1.080331250912470E-006
   8900.00124686259       1.302182522143238E-006  1.292244015623148E-006  1.281623446190755E-006  1.270192043416703E-006  1.257739740717395E-006  1.243985935018608E-006  1.228472295782246E-006  1.219828635890196E-006  1.210400335799042E-006  1.199946056167029E-006  1.193030276216007E-006  1.188079135266902E-006  1.180009413331670E-006  1.174088732079381E-006  1.164093933643655E-006  1.156390645035477E-006  1.152101898722524E-006  1.147430964271158E-006  1.142273760749219E-006  1.136474933383108E-006  1.129787693824720E-006  1.111634461028335E-006  1.097352408975299E-006  1.071989020989029E-006
   8940.00125246647       1.291682873148551E-006  1.281818269246795E-006  1.271280830769832E-006  1.259929722585035E-006  1.247566765012677E-006  1.233908662187855E-006  1.218502780816699E-006  1.209917719707557E-006  1.200552034072841E-006  1.190167234300060E-006  1.183295506822117E-006  1.178376004648572E-006  1.170354527202347E-006  1.164467973684680E-006  1.154525867240125E-006  1.146858021443691E-006  1.142586848662021E-006  1.137932593942614E-006  1.132790754741869E-006  1.127004666169120E-006  1.120325427920171E-006  1.102150764041701E-006  1.087802020252626E-006  1.062212441456599E-006
   8980.00125807034       1.279498859472062E-006  1.269800423610933E-006  1.259446815488153E-006  1.248283431873311E-006  1.236129347648648E-006  1.222701464976928E-006  1.207559239091351E-006  1.199122271250313E-006  1.189916221204511E-006  1.179708144724765E-006  1.172954297019699E-006  1.168117824501013E-006  1.160233547883836E-006  1.154447156686178E-006  1.144674629777808E-006  1.137137449748796E-006  1.132938858569049E-006  1.128363954817185E-006  1.123309825830932E-006  1.117622894909969E-006  1.111058956002852E-006  1.093205923905814E-006  1.079123478429056E-006  1.054041565646190E-006
   9020.00126367422       1.269274739689601E-006  1.259666865186556E-006  1.249411272414585E-006  1.238360456924965E-006  1.226329102054551E-006  1.213046256946389E-006  1.198063786539190E-006  1.189718420964628E-006  1.180614384890340E-006  1.170521962741290E-006  1.163846352230532E-006  1.159067510716600E-006  1.151279155910241E-006  1.145565371364064E-006  1.135920935095806E-006  1.128488643803865E-006  1.124351242829329E-006  1.119845525946603E-006  1.114871408788359E-006  1.109279485210567E-006  1.102832577481170E-006  1.085347076603135E-006  1.071615073765826E-006  1.047308481070812E-006
   9060.00126927809       1.258909886292857E-006  1.249400444444571E-006  1.239248726287763E-006  1.228310542096546E-006  1.216403103877335E-006  1.203254330068725E-006  1.188428409248034E-006  1.180167229627339E-006  1.171157731562280E-006  1.161170493748595E-006  1.154565287016649E-006  1.149837017643373E-006  1.142130601059381E-006  1.136477788556581E-006  1.126937317846170E-006  1.119586434169451E-006  1.115495115101415E-006  1.111040065662720E-006  1.106122890708978E-006  1.100596197354259E-006  1.094226691552642E-006  1.076966099365148E-006  1.063430944207386E-006  1.039530597393681E-006
   9100.00127488197       1.246721336152142E-006  1.237373285599129E-006  1.227391669686786E-006  1.216645560623311E-006  1.204946429266074E-006  1.192027947786374E-006  1.177460693187659E-006  1.169346083296250E-006  1.160494347254489E-006  1.150680764720715E-006  1.144189418957980E-006  1.139542486360277E-006  1.131967412695698E-006  1.126408466421921E-006  1.117022648545589E-006  1.109786806436103E-006  1.105757474510323E-006  1.101368527860519E-006  1.096522095722090E-006  1.091072264787967E-006  1.084787554616551E-006  1.067736536765149E-006  1.054346082455636E-006  1.030662047776047E-006
   9140.00128048585       1.236227732710190E-006  1.226986974587386E-006  1.217110460128863E-006  1.206477811962090E-006  1.194902469957706E-006  1.182112920784196E-006  1.167696351530710E-006  1.159665089905891E-006  1.150901961925096E-006  1.141187005253574E-006  1.134758904042455E-006  1.130156793414869E-006  1.122652796109262E-006  1.117145201110453E-006  1.107842973947073E-006  1.100667791112688E-006  1.096670694378420E-006  1.092315152239703E-006  1.087503367074737E-006  1.082089371182212E-006  1.075841409497444E-006  1.058860763214830E-006  1.045492056518547E-006  1.021770548190879E-006
   9180.00128608973       1.226367089536329E-006  1.217222082067318E-006  1.207454208700742E-006  1.196942353256238E-006  1.185502308991838E-006  1.172869653146254E-006  1.158629445924728E-006  1.150698571299985E-006  1.142048690339407E-006  1.132462220250951E-006  1.126123011467283E-006  1.121585092295803E-006  1.114190649595519E-006  1.108766308361153E-006  1.099612917927588E-006  1.092560866807996E-006  1.088636159187456E-006  1.084363089018833E-006  1.079647182452369E-006  1.074347918315607E-006  1.068242388962164E-006  1.051713311722420E-006  1.038776027970950E-006  1.015998674572479E-006
   9220.00129169360       1.216325926555855E-006  1.207280648394179E-006  1.197623776153053E-006  1.187216520363427E-006  1.175892354962851E-006  1.163386773173248E-006  1.149285854528785E-006  1.141433799394928E-006  1.132868310174097E-006  1.123373001229565E-006  1.117092789186526E-006  1.112596500466398E-006  1.105268489382484E-006  1.099892154588305E-006  1.090815939097281E-006  1.083820502998591E-006  1.079925877755244E-006  1.075684273086427E-006  1.071001376557545E-006  1.065736717252812E-006  1.059667356087202E-006  1.043212063284587E-006  1.030302229431109E-006  1.007491691643914E-006
   9260.00129729748       1.205920457901479E-006  1.196987602357894E-006  1.187460199308961E-006  1.177193780384096E-006  1.166019400236025E-006  1.153680173066765E-006  1.139773155762595E-006  1.132026174487384E-006  1.123578445179700E-006  1.114215612375127E-006  1.108023719923588E-006  1.103590953605864E-006  1.096368311182281E-006  1.091069681686679E-006  1.082127078779483E-006  1.075236955347466E-006  1.071402182487195E-006  1.067226982909443E-006  1.062618873870019E-006  1.057440897544923E-006  1.051475422462772E-006  1.035330611836022E-006  1.022704850134225E-006  1.000515106107647E-006
   9300.00130290136       1.196365580002551E-006  1.187530535342143E-006  1.178096012277412E-006  1.167933028984087E-006  1.156879803790074E-006  1.144672206710896E-006  1.130909899755482E-006  1.123244304495942E-006  1.114881244656621E-006  1.105612540701423E-006  1.099481598247467E-006  1.095093139628324E-006  1.087941190621307E-006  1.082694404507632E-006  1.073839054656003E-006  1.067016019102844E-006  1.063218492772547E-006  1.059083699796498E-006  1.054520442477425E-006  1.049392878441941E-006  1.043485621375836E-006  1.027499086723463E-006  1.014997139863561E-006  9.930209774655101E-007
   9340.00130850523       1.185529766660815E-006  1.176825642840347E-006  1.167527674636822E-006  1.157519028731230E-006  1.146627944026166E-006  1.134600499468892E-006  1.121043688880505E-006  1.113495608154561E-006  1.105261873664867E-006  1.096136933539239E-006  1.090101837514543E-006  1.085781568396636E-006  1.078740799035712E-006  1.073575670801995E-006  1.064857342153187E-006  1.058139069305230E-006  1.054399683119370E-006  1.050327899090772E-006  1.045834005207275E-006  1.040784206764222E-006  1.034966511589165E-006  1.019226892980132E-006  1.006929235375400E-006  9.853562330423428E-007
   9380.00131410911       1.175597547764870E-006  1.166998226459521E-006  1.157815315297545E-006  1.147916349824203E-006  1.137148742744953E-006  1.125261418464957E-006  1.111860821582187E-006  1.104397440997559E-006  1.096257955751275E-006  1.087234914947881E-006  1.081266880715958E-006  1.076993956139620E-006  1.070029583734419E-006  1.064918703013049E-006  1.056290023029535E-006  1.049637991924401E-006  1.045934180816056E-006  1.041900112908262E-006  1.037446337408910E-006  1.032439486836696E-006  1.026668439978930E-006  1.011037278353054E-006  9.988041070994390E-007  9.772935275263953E-007
   9420.00131971299       1.166807338874513E-006  1.158293109829935E-006  1.149205781551770E-006  1.139414549608291E-006  1.128763817618416E-006  1.116999847903550E-006  1.103740839988469E-006  1.096356375803634E-006  1.088302286064106E-006  1.079376789894904E-006  1.073474109898532E-006  1.069248978357681E-006  1.062364547014231E-006  1.057314682948611E-006  1.048794247630941E-006  1.042231790406460E-006  1.038580717767596E-006  1.034606760761676E-006  1.030222998472799E-006  1.025300077157969E-006  1.019633387859993E-006  1.004333165978301E-006  9.924156897450431E-007  9.715934724170494E-007
   9460.00132531686       1.155940151528121E-006  1.147559002417892E-006  1.138597560329217E-006  1.128954403281379E-006  1.118464578311563E-006  1.106886133345081E-006  1.093840122281651E-006  1.086574622463208E-006  1.078651315014150E-006  1.069869448885075E-006  1.064062326400977E-006  1.059905247544689E-006  1.053130317678194E-006  1.048159923755801E-006  1.039770451880815E-006  1.033305863943135E-006  1.029707788722417E-006  1.025790456572723E-006  1.021467701704761E-006  1.016611447976424E-006  1.011019268801372E-006  9.959112572022193E-007  9.841406539073904E-007  9.635890903710148E-007
   9500.00133092074       1.147522747029381E-006  1.139210226054808E-006  1.130340255727743E-006  1.120784297301599E-006  1.110386292468763E-006  1.098913741529234E-006  1.085977114989947E-006  1.078772339849421E-006  1.070915046848124E-006  1.062207751025245E-006  1.056449935549484E-006  1.052328071523945E-006  1.045612182387305E-006  1.040686250470077E-006  1.032374516764111E-006  1.025973034408376E-006  1.022411585024531E-006  1.018535541908973E-006  1.014260298068731E-006  1.009460018398517E-006  1.003936145813735E-006  9.890370893305654E-007  9.774585052778887E-007  9.573182123555740E-007
   9540.00133652462       1.138226920382758E-006  1.130031551751627E-006  1.121274391644134E-006  1.111842549190547E-006  1.101578808341462E-006  1.090246723792113E-006  1.077474993326081E-006  1.070362561737859E-006  1.062607334894570E-006  1.054012908890284E-006  1.048330168478406E-006  1.044262371634593E-006  1.037635416267194E-006  1.032775421157807E-006  1.024577350831563E-006  1.018265877463723E-006  1.014755851878246E-006  1.010936774576037E-006  1.006726060048325E-006  1.002000611260175E-006  9.965665326142671E-007  9.819340400883607E-007  9.705928951855665E-007  9.509387733868883E-007
   9580.00134212849       1.127751566027099E-006  1.119662859673313E-006  1.111029594891400E-006  1.101731879803315E-006  1.091607558307019E-006  1.080443230649480E-006  1.067861326820950E-006  1.060854354657486E-006  1.053212921237414E-006  1.044744500827897E-006  1.039143048620301E-006  1.035133202685287E-006  1.028597460900457E-006  1.023801982983286E-006  1.015707175049147E-006  1.009469295582190E-006  1.005997402447307E-006  1.002217534420600E-006  9.980467405803628E-007  9.933620606923138E-007  9.879690693004170E-007  9.734159323092795E-007  9.621056708987196E-007  9.424481273768525E-007
   9620.00134773237       1.119760752516866E-006  1.111742897503001E-006  1.103192923532490E-006  1.093986670401183E-006  1.083969293992101E-006  1.072906061545523E-006  1.060438157756215E-006  1.053494375974170E-006  1.045921886062874E-006  1.037529949687099E-006  1.031979651493954E-006  1.028007771185526E-006  1.021535159811931E-006  1.016788260900458E-006  1.008779854199752E-006  1.002613552955045E-006  9.991839533993034E-007  9.954523193338351E-007  9.913377055549089E-007  9.867201587396915E-007  9.814103005842441E-007  9.671169384809320E-007  9.560488269562546E-007  9.369048732003653E-007
   9660.00135333625       1.109122439989448E-006  1.101237568100615E-006  1.092818214878290E-006  1.083752320341995E-006  1.073891851688003E-006  1.063010589753186E-006  1.050749110048493E-006  1.043920873916945E-006  1.036475330574101E-006  1.028222571661137E-006  1.022763737117944E-006  1.018855718323643E-006  1.012485696945876E-006  1.007811585284734E-006  9.999208263299014E-007  9.938397073913092E-007  9.904551386812785E-007  9.867705048478461E-007  9.827051207764216E-007  9.781395468902033E-007  9.728854408116168E-007  9.587236062302931E-007  9.477459381628645E-007  9.287609357279611E-007
   9700.00135894012       1.101722594440256E-006  1.093885298976872E-006  1.085531698743917E-006  1.076531975505580E-006  1.066741523246996E-006  1.055934230801644E-006  1.043757425205643E-006  1.036976592243743E-006  1.029583057143752E-006  1.021390495145178E-006  1.015972996445069E-006  1.012095626438916E-006  1.005778178999802E-006  1.001145260858695E-006  9.933298232479341E-007  9.873128940751073E-007  9.839666843162210E-007  9.803261039299034E-007  9.763126272246520E-007  9.718094451944006E-007  9.666329860766749E-007  9.527143478904094E-007  9.419612567850298E-007  9.234422880727201E-007
   9740.00136454400       1.091197866557927E-006  1.083525951719782E-006  1.075340765534983E-006  1.066520663955325E-006  1.056931453684836E-006  1.046342974380515E-006  1.034408567289867E-006  1.027763031008376E-006  1.020514252698175E-006  1.012477568217272E-006  1.007161214630175E-006  1.003354895970796E-006  9.971498555188389E-007  9.925965344371073E-007  9.849090946729182E-007  9.789843288500744E-007  9.756867250302537E-007  9.720968124027183E-007  9.681361819106057E-007  9.636886556613462E-007  9.585711636421949E-007  9.447855519935265E-007  9.341120945791386E-007  9.156907904964405E-007
   9780.00137014788       1.081860780051515E-006  1.074283025165646E-006  1.066188355854376E-006  1.057479061279625E-006  1.048004494306837E-006  1.037546651310280E-006  1.025764647782182E-006  1.019202700618241E-006  1.012046655050012E-006  1.004112355069614E-006  9.988634570393529E-007  9.951042778348702E-007  9.889761771286343E-007  9.844784658280251E-007  9.768831668589887E-007  9.710278892859841E-007  9.677685900267735E-007  9.642199264309946E-007  9.603046039292273E-007  9.559077586118926E-007  9.508489390206859E-007  9.372285461261793E-007  9.266995908033967E-007  9.085919605520003E-007
   9820.00137575175       1.075530788402504E-006  1.067975629667474E-006  1.059903365915115E-006  1.051222155562089E-006  1.041771923371629E-006  1.031340220709487E-006  1.019583645338751E-006  1.013037213459988E-006  1.005897817548223E-006  9.979868249350275E-007  9.927549426590275E-007  9.890102679643517E-007  9.829079768832886E-007  9.784324204318745E-007  9.708811959618139E-007  9.650667281875584E-007  9.618327325294525E-007  9.583142012102331E-007  9.544351636192356E-007  9.500830426182551E-007  9.450808642638850E-007  9.316397699422290E-007  9.212729791234985E-007  9.034787389534022E-007
   9860.00138135563       1.066901660518529E-006  1.059430737741954E-006  1.051454328902326E-006  1.042872679608306E-006  1.033529009647801E-006  1.023217162062211E-006  1.011596929155256E-006  1.005126296745309E-006  9.980707590774996E-007  9.902519460477045E-007  9.850804673373221E-007  9.813793248190624E-007  9.753472730485082E-007  9.709228077532318E-007  9.634570542653746E-007  9.577075974802434E-007  9.545094902089004E-007  9.510297050783719E-007  9.471929773207550E-007  9.428879274984505E-007  9.379394595284595E-007  9.246420337549450E-007  9.143884470726660E-007  8.968040968316492E-007
   9900.00138695951       1.057815876797353E-006  1.050450016855710E-006  1.042579927964101E-006  1.034112495882553E-006  1.024899670347236E-006  1.014736515961489E-006  1.003281091754519E-006  9.969021519354128E-007  9.899440373156485E-007  9.822328515407612E-007  9.771319018280420E-007  9.734799281688079E-007  9.675267072752532E-007  9.631586474926456E-007  9.557848414138065E-007  9.501029616576170E-007  9.469412381361774E-007  9.434999333544559E-007  9.397045026459433E-007  9.354443888399557E-007  9.305459408859663E-007  9.173776614797537E-007  9.072242838709333E-007  8.898336387692471E-007
   9940.00139256338       1.048778640322233E-006  1.041510254653337E-006  1.033756653412062E-006  1.025405516922091E-006  1.016322719227513E-006  1.006301050787965E-006  9.950068767723926E-007  9.887170404324119E-007  9.818567863786301E-007  9.742516387594419E-007  9.692197329444345E-007  9.656163386156789E-007  9.597419352780363E-007  9.554298129857724E-007  9.481475972197879E-007  9.425328527002030E-007  9.394070195677423E-007  9.360034345110752E-007  9.322479439329951E-007  9.280303593995365E-007  9.231776645566547E-007  9.101154696938505E-007  9.000275408148260E-007  8.827189367818012E-007
   9980.00139816726       1.042233134969735E-006  1.035012461762261E-006  1.027299723535460E-006  1.018997274274406E-006  1.009964164241227E-006  9.999944252974750E-007  9.887579133610667E-007  9.825016308070990E-007  9.756774803975387E-007  9.681143838093991E-007  9.631121540015964E-007  9.595314136503466E-007  9.536960052427885E-007  9.494151247397546E-007  9.421914875346274E-007  9.366283910309195E-007  9.335340353770524E-007  9.301673116669992E-007  9.264557778354101E-007  9.222920266683472E-007  9.175075422402159E-007  9.046653405263150E-007  8.947860414883332E-007  8.779179248305824E-007
   10020.0014037711       1.034088634670937E-006  1.026942035772303E-006  1.019315739352752E-006  1.011111241164671E-006  1.002179255042986E-006  9.923196325432707E-007  9.812076617420834E-007  9.750209343539369E-007  9.682719691337153E-007  9.607911380847018E-007  9.558431930400489E-007  9.523006701716400E-007  9.465274179644996E-007  9.422914814320865E-007  9.351426742084089E-007  9.296359020984070E-007  9.265724336500306E-007  9.232388150627719E-007  9.195630930088897E-007  9.154388234981868E-007  9.106987121399554E-007  8.979705540583435E-007  8.881747473732874E-007  8.714436232777922E-007
   20000.0028019384       2.639223572132269E-007  2.628881213966731E-007  2.617781734493119E-007  2.605752461739052E-007  2.592532686080954E-007  2.577727199247822E-007  2.560674955057026E-007  2.550957171435510E-007  2.540130325921616E-007  2.527792868127845E-007  2.519401410654812E-007  2.513264889564104E-007  2.503004982868502E-007  2.495253007352392E-007  2.481689637917304E-007  2.470794625822712E-007  2.464555287115892E-007  2.457617338146485E-007  2.449786847127090E-007  2.440777129016443E-007  2.430138853134043E-007  2.400237279919842E-007  2.376195964198473E-007  2.334049024542117E-007
   40000.0056038768       6.616522513124395E-008  6.599219316159277E-008  6.580256501219784E-008  6.559184773094815E-008  6.535340427332227E-008  6.507684494488453E-008  6.474457997292240E-008  6.454821536706483E-008  6.432321388468138E-008  6.405875706231372E-008  6.387404019620811E-008  6.373654547539869E-008  6.350229655080735E-008  6.332188091246626E-008  6.299976916732079E-008  6.273579705716009E-008  6.258282193463195E-008  6.241138215868704E-008  6.221642726907826E-008  6.199053591165788E-008  6.172216079411319E-008  6.096302373874767E-008  6.035247506056427E-008  5.928850576053249E-008
   60000.0084058152       2.929243087704202E-008  2.922307784177218E-008  2.914612789109561E-008  2.905948877810148E-008  2.896007686115546E-008  2.884307354938146E-008  2.870033626747697E-008  2.861500174435420E-008  2.851644841232018E-008  2.839970851895909E-008  2.831768396463138E-008  2.825641374089069E-008  2.815168485858032E-008  2.807079430258385E-008  2.792605128706177E-008  2.780727955726257E-008  2.773843796548149E-008  2.766130497302092E-008  2.757363967180605E-008  2.747215195628312E-008  2.735172292948524E-008  2.701188236256875E-008  2.673908099153092E-008  2.626352034076128E-008
   80000.0112077536       1.639324863887476E-008  1.635525446515729E-008  1.631286568896500E-008  1.626487346381704E-008  1.620949786777590E-008  1.614396364847727E-008  1.606359461657909E-008  1.601537723827150E-008  1.595957664770690E-008  1.589337240354385E-008  1.584681654776029E-008  1.581203194590843E-008  1.575257723978274E-008  1.570667095030277E-008  1.562458742709696E-008  1.555730232133120E-008  1.551833278583944E-008  1.547469376420185E-008  1.542512297076345E-008  1.536776459001378E-008  1.529972673444314E-008  1.510773822036953E-008  1.495346619286704E-008  1.468353410556883E-008
   100000.014009692       1.043757718826800E-008  1.041335840698851E-008  1.038627066564985E-008  1.035552837844017E-008  1.031997717185810E-008  1.027782198256721E-008  1.022604817829609E-008  1.019496694312164E-008  1.015899457952108E-008  1.011632638816680E-008  1.008633547746382E-008  1.006393709374488E-008  1.002567380765658E-008  9.996147563634687E-009  9.943386711445620E-009  9.900162770384262E-009  9.875135287841989E-009  9.847111865728107E-009  9.815280065563275E-009  9.778444376128014E-009  9.734740039696923E-009  9.611296432743949E-009  9.511860018239962E-009  9.336667736898677E-009
   120000.016811630       7.212590283490228E-009  7.195723290631697E-009  7.176838196934368E-009  7.155385840910744E-009  7.130560844644789E-009  7.101113429423761E-009  7.064948766188016E-009  7.043245836616430E-009  7.018138531469208E-009  6.988374958847617E-009  6.967465597053487E-009  6.951855099753360E-009  6.925196648432734E-009  6.904631384218732E-009  6.867890192642485E-009  6.837791301640762E-009  6.820361803033305E-009  6.800843152557256E-009  6.778667094341767E-009  6.752996635984044E-009  6.722524289406526E-009  6.636309643785314E-009  6.566581238975502E-009  6.442550540455845E-009
   140000.019613569       5.274537808023469E-009  5.262089537284545E-009  5.248147541124204E-009  5.232307776978761E-009  5.213978367753968E-009  5.192241668570074E-009  5.165560291108909E-009  5.149556804314826E-009  5.131050645670946E-009  5.109121684807809E-009  5.093720892739861E-009  5.082224707114989E-009  5.062594252994202E-009  5.047450963794601E-009  5.020393787996857E-009  4.998222629702182E-009  4.985380513213700E-009  4.970995402100950E-009  4.954646048471718E-009  4.935710925250947E-009  4.913216650177574E-009  4.849413443329802E-009  4.797526264685687E-009  4.704180546943147E-009
   160000.022415507       4.020896764255220E-009  4.011324777027968E-009  4.000604832297018E-009  3.988427790207482E-009  3.974340947187247E-009  3.957642455659237E-009  3.937156019555493E-009  3.924873255372073E-009  3.910673296737681E-009  3.893850299412790E-009  3.882036422829321E-009  3.873217740608789E-009  3.858158338406579E-009  3.846539701981670E-009  3.825774943897091E-009  3.808752999484695E-009  3.798889707977645E-009  3.787837292696475E-009  3.775269405436249E-009  3.760703371173756E-009  3.743380797405927E-009  3.694082841531549E-009  3.653726063696631E-009  3.580212269975955E-009
