MH = 0.0  Teff = 3900 K  logg = 4.4  L/H = 1.25  Vturb = 2.0 km/s                         
          24 angles   1.00000000000000       0.900000000000000       0.800000000000000       0.700000000000000       0.600000000000000       0.500000000000000       0.400000000000000       0.350000000000000       0.300000000000000       0.250000000000000       0.220000000000000       0.200000000000000       0.170000000000000       0.150000000000000       0.120000000000000       0.100000000000000       9.000000000000000E-002  8.000000000000000E-002  7.000000000000001E-002  6.000000000000000E-002  5.000000000000000E-002  3.000000000000000E-002  2.000000000000000E-002  1.000000000000000E-002
   9.09000142606891       0.000000000000000E+000  0.000000000000000E+000  0.000000000000000E+000  0.000000000000000E+000  0.000000000000000E+000  0.000000000000000E+000  0.000000000000000E+000  0.000000000000000E+000  0.000000000000000E+000  0.000000000000000E+000  0.000000000000000E+000  0.000000000000000E+000  0.000000000000000E+000  0.000000000000000E+000  0.000000000000000E+000  0.000000000000000E+000  0.000000000000000E+000  0.000000000000000E+000  0.000000000000000E+000  0.000000000000000E+000  0.000000000000000E+000  0.000000000000000E+000  0.000000000000000E+000  0.000000000000000E+000
   9.35000169137598       0.000000000000000E+000  0.000000000000000E+000  0.000000000000000E+000  0.000000000000000E+000  0.000000000000000E+000  0.000000000000000E+000  0.000000000000000E+000  0.000000000000000E+000  0.000000000000000E+000  0.000000000000000E+000  0.000000000000000E+000  0.000000000000000E+000  0.000000000000000E+000  0.000000000000000E+000  0.000000000000000E+000  0.000000000000000E+000  0.000000000000000E+000  0.000000000000000E+000  0.000000000000000E+000  0.000000000000000E+000  0.000000000000000E+000  0.000000000000000E+000  0.000000000000000E+000  0.000000000000000E+000
   9.61000100300860       0.000000000000000E+000  0.000000000000000E+000  0.000000000000000E+000  0.000000000000000E+000  0.000000000000000E+000  0.000000000000000E+000  0.000000000000000E+000  0.000000000000000E+000  0.000000000000000E+000  0.000000000000000E+000  0.000000000000000E+000  0.000000000000000E+000  0.000000000000000E+000  0.000000000000000E+000  0.000000000000000E+000  0.000000000000000E+000  0.000000000000000E+000  0.000000000000000E+000  0.000000000000000E+000  0.000000000000000E+000  0.000000000000000E+000  0.000000000000000E+000  0.000000000000000E+000  0.000000000000000E+000
   9.77000182651065       0.000000000000000E+000  0.000000000000000E+000  0.000000000000000E+000  0.000000000000000E+000  0.000000000000000E+000  0.000000000000000E+000  0.000000000000000E+000  0.000000000000000E+000  0.000000000000000E+000  0.000000000000000E+000  0.000000000000000E+000  0.000000000000000E+000  0.000000000000000E+000  0.000000000000000E+000  0.000000000000000E+000  0.000000000000000E+000  0.000000000000000E+000  0.000000000000000E+000  0.000000000000000E+000  0.000000000000000E+000  0.000000000000000E+000  0.000000000000000E+000  0.000000000000000E+000  0.000000000000000E+000
   9.96000143351230       0.000000000000000E+000  0.000000000000000E+000  0.000000000000000E+000  0.000000000000000E+000  0.000000000000000E+000  0.000000000000000E+000  0.000000000000000E+000  0.000000000000000E+000  0.000000000000000E+000  0.000000000000000E+000  0.000000000000000E+000  0.000000000000000E+000  0.000000000000000E+000  0.000000000000000E+000  0.000000000000000E+000  0.000000000000000E+000  0.000000000000000E+000  0.000000000000000E+000  0.000000000000000E+000  0.000000000000000E+000  0.000000000000000E+000  0.000000000000000E+000  0.000000000000000E+000  0.000000000000000E+000
   10.2000012382537       0.000000000000000E+000  0.000000000000000E+000  0.000000000000000E+000  0.000000000000000E+000  0.000000000000000E+000  0.000000000000000E+000  0.000000000000000E+000  0.000000000000000E+000  0.000000000000000E+000  0.000000000000000E+000  0.000000000000000E+000  0.000000000000000E+000  0.000000000000000E+000  0.000000000000000E+000  0.000000000000000E+000  0.000000000000000E+000  0.000000000000000E+000  0.000000000000000E+000  0.000000000000000E+000  0.000000000000000E+000  0.000000000000000E+000  0.000000000000000E+000  0.000000000000000E+000  0.000000000000000E+000
   10.3800015686470       0.000000000000000E+000  0.000000000000000E+000  0.000000000000000E+000  0.000000000000000E+000  0.000000000000000E+000  0.000000000000000E+000  0.000000000000000E+000  0.000000000000000E+000  0.000000000000000E+000  0.000000000000000E+000  0.000000000000000E+000  0.000000000000000E+000  0.000000000000000E+000  0.000000000000000E+000  0.000000000000000E+000  0.000000000000000E+000  0.000000000000000E+000  0.000000000000000E+000  0.000000000000000E+000  0.000000000000000E+000  0.000000000000000E+000  0.000000000000000E+000  0.000000000000000E+000  0.000000000000000E+000
   10.5600018990402       0.000000000000000E+000  0.000000000000000E+000  0.000000000000000E+000  0.000000000000000E+000  0.000000000000000E+000  0.000000000000000E+000  0.000000000000000E+000  0.000000000000000E+000  0.000000000000000E+000  0.000000000000000E+000  0.000000000000000E+000  0.000000000000000E+000  0.000000000000000E+000  0.000000000000000E+000  0.000000000000000E+000  0.000000000000000E+000  0.000000000000000E+000  0.000000000000000E+000  0.000000000000000E+000  0.000000000000000E+000  0.000000000000000E+000  0.000000000000000E+000  0.000000000000000E+000  0.000000000000000E+000
   10.7700019666076       0.000000000000000E+000  0.000000000000000E+000  0.000000000000000E+000  0.000000000000000E+000  0.000000000000000E+000  0.000000000000000E+000  0.000000000000000E+000  0.000000000000000E+000  0.000000000000000E+000  0.000000000000000E+000  0.000000000000000E+000  0.000000000000000E+000  0.000000000000000E+000  0.000000000000000E+000  0.000000000000000E+000  0.000000000000000E+000  0.000000000000000E+000  0.000000000000000E+000  0.000000000000000E+000  0.000000000000000E+000  0.000000000000000E+000  0.000000000000000E+000  0.000000000000000E+000  0.000000000000000E+000
   11.0400015085230       0.000000000000000E+000  0.000000000000000E+000  0.000000000000000E+000  0.000000000000000E+000  0.000000000000000E+000  0.000000000000000E+000  0.000000000000000E+000  0.000000000000000E+000  0.000000000000000E+000  0.000000000000000E+000  0.000000000000000E+000  0.000000000000000E+000  0.000000000000000E+000  0.000000000000000E+000  0.000000000000000E+000  0.000000000000000E+000  0.000000000000000E+000  0.000000000000000E+000  0.000000000000000E+000  0.000000000000000E+000  0.000000000000000E+000  0.000000000000000E+000  0.000000000000000E+000  0.000000000000000E+000
   11.4000012156351       0.000000000000000E+000  0.000000000000000E+000  0.000000000000000E+000  0.000000000000000E+000  0.000000000000000E+000  0.000000000000000E+000  0.000000000000000E+000  0.000000000000000E+000  0.000000000000000E+000  0.000000000000000E+000  0.000000000000000E+000  0.000000000000000E+000  0.000000000000000E+000  0.000000000000000E+000  0.000000000000000E+000  0.000000000000000E+000  0.000000000000000E+000  0.000000000000000E+000  0.000000000000000E+000  0.000000000000000E+000  0.000000000000000E+000  0.000000000000000E+000  0.000000000000000E+000  0.000000000000000E+000
   11.7800013833129       0.000000000000000E+000  0.000000000000000E+000  0.000000000000000E+000  0.000000000000000E+000  0.000000000000000E+000  0.000000000000000E+000  0.000000000000000E+000  0.000000000000000E+000  0.000000000000000E+000  0.000000000000000E+000  0.000000000000000E+000  0.000000000000000E+000  0.000000000000000E+000  0.000000000000000E+000  0.000000000000000E+000  0.000000000000000E+000  0.000000000000000E+000  0.000000000000000E+000  0.000000000000000E+000  0.000000000000000E+000  0.000000000000000E+000  0.000000000000000E+000  0.000000000000000E+000  0.000000000000000E+000
   12.1300018138166       0.000000000000000E+000  0.000000000000000E+000  0.000000000000000E+000  0.000000000000000E+000  0.000000000000000E+000  0.000000000000000E+000  0.000000000000000E+000  0.000000000000000E+000  0.000000000000000E+000  0.000000000000000E+000  0.000000000000000E+000  0.000000000000000E+000  0.000000000000000E+000  0.000000000000000E+000  0.000000000000000E+000  0.000000000000000E+000  0.000000000000000E+000  0.000000000000000E+000  0.000000000000000E+000  0.000000000000000E+000  0.000000000000000E+000  0.000000000000000E+000  0.000000000000000E+000  0.000000000000000E+000
   12.4800012906458       0.000000000000000E+000  0.000000000000000E+000  0.000000000000000E+000  0.000000000000000E+000  0.000000000000000E+000  0.000000000000000E+000  0.000000000000000E+000  0.000000000000000E+000  0.000000000000000E+000  0.000000000000000E+000  0.000000000000000E+000  0.000000000000000E+000  0.000000000000000E+000  0.000000000000000E+000  0.000000000000000E+000  0.000000000000000E+000  0.000000000000000E+000  0.000000000000000E+000  0.000000000000000E+000  0.000000000000000E+000  0.000000000000000E+000  0.000000000000000E+000  0.000000000000000E+000  0.000000000000000E+000
   12.7100018187788       0.000000000000000E+000  0.000000000000000E+000  0.000000000000000E+000  0.000000000000000E+000  0.000000000000000E+000  0.000000000000000E+000  0.000000000000000E+000  0.000000000000000E+000  0.000000000000000E+000  0.000000000000000E+000  0.000000000000000E+000  0.000000000000000E+000  0.000000000000000E+000  0.000000000000000E+000  0.000000000000000E+000  0.000000000000000E+000  0.000000000000000E+000  0.000000000000000E+000  0.000000000000000E+000  0.000000000000000E+000  0.000000000000000E+000  0.000000000000000E+000  0.000000000000000E+000  0.000000000000000E+000
   12.8400019514324       0.000000000000000E+000  0.000000000000000E+000  0.000000000000000E+000  0.000000000000000E+000  0.000000000000000E+000  0.000000000000000E+000  0.000000000000000E+000  0.000000000000000E+000  0.000000000000000E+000  0.000000000000000E+000  0.000000000000000E+000  0.000000000000000E+000  0.000000000000000E+000  0.000000000000000E+000  0.000000000000000E+000  0.000000000000000E+000  0.000000000000000E+000  0.000000000000000E+000  0.000000000000000E+000  0.000000000000000E+000  0.000000000000000E+000  0.000000000000000E+000  0.000000000000000E+000  0.000000000000000E+000
   13.0500020189997       0.000000000000000E+000  0.000000000000000E+000  0.000000000000000E+000  0.000000000000000E+000  0.000000000000000E+000  0.000000000000000E+000  0.000000000000000E+000  0.000000000000000E+000  0.000000000000000E+000  0.000000000000000E+000  0.000000000000000E+000  0.000000000000000E+000  0.000000000000000E+000  0.000000000000000E+000  0.000000000000000E+000  0.000000000000000E+000  0.000000000000000E+000  0.000000000000000E+000  0.000000000000000E+000  0.000000000000000E+000  0.000000000000000E+000  0.000000000000000E+000  0.000000000000000E+000  0.000000000000000E+000
   13.2400016260014       0.000000000000000E+000  0.000000000000000E+000  0.000000000000000E+000  0.000000000000000E+000  0.000000000000000E+000  0.000000000000000E+000  0.000000000000000E+000  0.000000000000000E+000  0.000000000000000E+000  0.000000000000000E+000  0.000000000000000E+000  0.000000000000000E+000  0.000000000000000E+000  0.000000000000000E+000  0.000000000000000E+000  0.000000000000000E+000  0.000000000000000E+000  0.000000000000000E+000  0.000000000000000E+000  0.000000000000000E+000  0.000000000000000E+000  0.000000000000000E+000  0.000000000000000E+000  0.000000000000000E+000
   13.3900022192206       0.000000000000000E+000  0.000000000000000E+000  0.000000000000000E+000  0.000000000000000E+000  0.000000000000000E+000  0.000000000000000E+000  0.000000000000000E+000  0.000000000000000E+000  0.000000000000000E+000  0.000000000000000E+000  0.000000000000000E+000  0.000000000000000E+000  0.000000000000000E+000  0.000000000000000E+000  0.000000000000000E+000  0.000000000000000E+000  0.000000000000000E+000  0.000000000000000E+000  0.000000000000000E+000  0.000000000000000E+000  0.000000000000000E+000  0.000000000000000E+000  0.000000000000000E+000  0.000000000000000E+000
   13.6600017611360       0.000000000000000E+000  0.000000000000000E+000  0.000000000000000E+000  0.000000000000000E+000  0.000000000000000E+000  0.000000000000000E+000  0.000000000000000E+000  0.000000000000000E+000  0.000000000000000E+000  0.000000000000000E+000  0.000000000000000E+000  0.000000000000000E+000  0.000000000000000E+000  0.000000000000000E+000  0.000000000000000E+000  0.000000000000000E+000  0.000000000000000E+000  0.000000000000000E+000  0.000000000000000E+000  0.000000000000000E+000  0.000000000000000E+000  0.000000000000000E+000  0.000000000000000E+000  0.000000000000000E+000
   13.9800015007912       0.000000000000000E+000  0.000000000000000E+000  0.000000000000000E+000  0.000000000000000E+000  0.000000000000000E+000  0.000000000000000E+000  0.000000000000000E+000  0.000000000000000E+000  0.000000000000000E+000  0.000000000000000E+000  0.000000000000000E+000  0.000000000000000E+000  0.000000000000000E+000  0.000000000000000E+000  0.000000000000000E+000  0.000000000000000E+000  0.000000000000000E+000  0.000000000000000E+000  0.000000000000000E+000  0.000000000000000E+000  0.000000000000000E+000  0.000000000000000E+000  0.000000000000000E+000  0.000000000000000E+000
   14.3300019312949       0.000000000000000E+000  0.000000000000000E+000  0.000000000000000E+000  0.000000000000000E+000  0.000000000000000E+000  0.000000000000000E+000  0.000000000000000E+000  0.000000000000000E+000  0.000000000000000E+000  0.000000000000000E+000  0.000000000000000E+000  0.000000000000000E+000  0.000000000000000E+000  0.000000000000000E+000  0.000000000000000E+000  0.000000000000000E+000  0.000000000000000E+000  0.000000000000000E+000  0.000000000000000E+000  0.000000000000000E+000  0.000000000000000E+000  0.000000000000000E+000  0.000000000000000E+000  0.000000000000000E+000
   14.7200023292555       0.000000000000000E+000  0.000000000000000E+000  0.000000000000000E+000  0.000000000000000E+000  0.000000000000000E+000  0.000000000000000E+000  0.000000000000000E+000  0.000000000000000E+000  0.000000000000000E+000  0.000000000000000E+000  0.000000000000000E+000  0.000000000000000E+000  0.000000000000000E+000  0.000000000000000E+000  0.000000000000000E+000  0.000000000000000E+000  0.000000000000000E+000  0.000000000000000E+000  0.000000000000000E+000  0.000000000000000E+000  0.000000000000000E+000  0.000000000000000E+000  0.000000000000000E+000  0.000000000000000E+000
   15.1000024969333       0.000000000000000E+000  0.000000000000000E+000  0.000000000000000E+000  0.000000000000000E+000  0.000000000000000E+000  0.000000000000000E+000  0.000000000000000E+000  0.000000000000000E+000  0.000000000000000E+000  0.000000000000000E+000  0.000000000000000E+000  0.000000000000000E+000  0.000000000000000E+000  0.000000000000000E+000  0.000000000000000E+000  0.000000000000000E+000  0.000000000000000E+000  0.000000000000000E+000  0.000000000000000E+000  0.000000000000000E+000  0.000000000000000E+000  0.000000000000000E+000  0.000000000000000E+000  0.000000000000000E+000
   15.5200026320679       0.000000000000000E+000  0.000000000000000E+000  0.000000000000000E+000  0.000000000000000E+000  0.000000000000000E+000  0.000000000000000E+000  0.000000000000000E+000  0.000000000000000E+000  0.000000000000000E+000  0.000000000000000E+000  0.000000000000000E+000  0.000000000000000E+000  0.000000000000000E+000  0.000000000000000E+000  0.000000000000000E+000  0.000000000000000E+000  0.000000000000000E+000  0.000000000000000E+000  0.000000000000000E+000  0.000000000000000E+000  0.000000000000000E+000  0.000000000000000E+000  0.000000000000000E+000  0.000000000000000E+000
   15.8800023391800       0.000000000000000E+000  0.000000000000000E+000  0.000000000000000E+000  0.000000000000000E+000  0.000000000000000E+000  0.000000000000000E+000  0.000000000000000E+000  0.000000000000000E+000  0.000000000000000E+000  0.000000000000000E+000  0.000000000000000E+000  0.000000000000000E+000  0.000000000000000E+000  0.000000000000000E+000  0.000000000000000E+000  0.000000000000000E+000  0.000000000000000E+000  0.000000000000000E+000  0.000000000000000E+000  0.000000000000000E+000  0.000000000000000E+000  0.000000000000000E+000  0.000000000000000E+000  0.000000000000000E+000
   16.2000030325097       0.000000000000000E+000  0.000000000000000E+000  0.000000000000000E+000  0.000000000000000E+000  0.000000000000000E+000  0.000000000000000E+000  0.000000000000000E+000  0.000000000000000E+000  0.000000000000000E+000  0.000000000000000E+000  0.000000000000000E+000  0.000000000000000E+000  0.000000000000000E+000  0.000000000000000E+000  0.000000000000000E+000  0.000000000000000E+000  0.000000000000000E+000  0.000000000000000E+000  0.000000000000000E+000  0.000000000000000E+000  0.000000000000000E+000  0.000000000000000E+000  0.000000000000000E+000  0.000000000000000E+000
   16.6000027070787       0.000000000000000E+000  0.000000000000000E+000  0.000000000000000E+000  0.000000000000000E+000  0.000000000000000E+000  0.000000000000000E+000  0.000000000000000E+000  0.000000000000000E+000  0.000000000000000E+000  0.000000000000000E+000  0.000000000000000E+000  0.000000000000000E+000  0.000000000000000E+000  0.000000000000000E+000  0.000000000000000E+000  0.000000000000000E+000  0.000000000000000E+000  0.000000000000000E+000  0.000000000000000E+000  0.000000000000000E+000  0.000000000000000E+000  0.000000000000000E+000  0.000000000000000E+000  0.000000000000000E+000
   17.0300030724962       0.000000000000000E+000  0.000000000000000E+000  0.000000000000000E+000  0.000000000000000E+000  0.000000000000000E+000  0.000000000000000E+000  0.000000000000000E+000  0.000000000000000E+000  0.000000000000000E+000  0.000000000000000E+000  0.000000000000000E+000  0.000000000000000E+000  0.000000000000000E+000  0.000000000000000E+000  0.000000000000000E+000  0.000000000000000E+000  0.000000000000000E+000  0.000000000000000E+000  0.000000000000000E+000  0.000000000000000E+000  0.000000000000000E+000  0.000000000000000E+000  0.000000000000000E+000  0.000000000000000E+000
   17.3400025818685       0.000000000000000E+000  0.000000000000000E+000  0.000000000000000E+000  0.000000000000000E+000  0.000000000000000E+000  0.000000000000000E+000  0.000000000000000E+000  0.000000000000000E+000  0.000000000000000E+000  0.000000000000000E+000  0.000000000000000E+000  0.000000000000000E+000  0.000000000000000E+000  0.000000000000000E+000  0.000000000000000E+000  0.000000000000000E+000  0.000000000000000E+000  0.000000000000000E+000  0.000000000000000E+000  0.000000000000000E+000  0.000000000000000E+000  0.000000000000000E+000  0.000000000000000E+000  0.000000000000000E+000
   17.6800027820894       0.000000000000000E+000  0.000000000000000E+000  0.000000000000000E+000  0.000000000000000E+000  0.000000000000000E+000  0.000000000000000E+000  0.000000000000000E+000  0.000000000000000E+000  0.000000000000000E+000  0.000000000000000E+000  0.000000000000000E+000  0.000000000000000E+000  0.000000000000000E+000  0.000000000000000E+000  0.000000000000000E+000  0.000000000000000E+000  0.000000000000000E+000  0.000000000000000E+000  0.000000000000000E+000  0.000000000000000E+000  0.000000000000000E+000  0.000000000000000E+000  0.000000000000000E+000  0.000000000000000E+000
   18.0200029823102       0.000000000000000E+000  0.000000000000000E+000  0.000000000000000E+000  0.000000000000000E+000  0.000000000000000E+000  0.000000000000000E+000  0.000000000000000E+000  0.000000000000000E+000  0.000000000000000E+000  0.000000000000000E+000  0.000000000000000E+000  0.000000000000000E+000  0.000000000000000E+000  0.000000000000000E+000  0.000000000000000E+000  0.000000000000000E+000  0.000000000000000E+000  0.000000000000000E+000  0.000000000000000E+000  0.000000000000000E+000  0.000000000000000E+000  0.000000000000000E+000  0.000000000000000E+000  0.000000000000000E+000
   18.1700026218550       0.000000000000000E+000  0.000000000000000E+000  0.000000000000000E+000  0.000000000000000E+000  0.000000000000000E+000  0.000000000000000E+000  0.000000000000000E+000  0.000000000000000E+000  0.000000000000000E+000  0.000000000000000E+000  0.000000000000000E+000  0.000000000000000E+000  0.000000000000000E+000  0.000000000000000E+000  0.000000000000000E+000  0.000000000000000E+000  0.000000000000000E+000  0.000000000000000E+000  0.000000000000000E+000  0.000000000000000E+000  0.000000000000000E+000  0.000000000000000E+000  0.000000000000000E+000  0.000000000000000E+000
   18.6100032175553       0.000000000000000E+000  0.000000000000000E+000  0.000000000000000E+000  0.000000000000000E+000  0.000000000000000E+000  0.000000000000000E+000  0.000000000000000E+000  0.000000000000000E+000  0.000000000000000E+000  0.000000000000000E+000  0.000000000000000E+000  0.000000000000000E+000  0.000000000000000E+000  0.000000000000000E+000  0.000000000000000E+000  0.000000000000000E+000  0.000000000000000E+000  0.000000000000000E+000  0.000000000000000E+000  0.000000000000000E+000  0.000000000000000E+000  0.000000000000000E+000  0.000000000000000E+000  0.000000000000000E+000
   19.1000030573210       0.000000000000000E+000  0.000000000000000E+000  0.000000000000000E+000  0.000000000000000E+000  0.000000000000000E+000  0.000000000000000E+000  0.000000000000000E+000  0.000000000000000E+000  0.000000000000000E+000  0.000000000000000E+000  0.000000000000000E+000  0.000000000000000E+000  0.000000000000000E+000  0.000000000000000E+000  0.000000000000000E+000  0.000000000000000E+000  0.000000000000000E+000  0.000000000000000E+000  0.000000000000000E+000  0.000000000000000E+000  0.000000000000000E+000  0.000000000000000E+000  0.000000000000000E+000  0.000000000000000E+000
   19.3900021061276       0.000000000000000E+000  0.000000000000000E+000  0.000000000000000E+000  0.000000000000000E+000  0.000000000000000E+000  0.000000000000000E+000  0.000000000000000E+000  0.000000000000000E+000  0.000000000000000E+000  0.000000000000000E+000  0.000000000000000E+000  0.000000000000000E+000  0.000000000000000E+000  0.000000000000000E+000  0.000000000000000E+000  0.000000000000000E+000  0.000000000000000E+000  0.000000000000000E+000  0.000000000000000E+000  0.000000000000000E+000  0.000000000000000E+000  0.000000000000000E+000  0.000000000000000E+000  0.000000000000000E+000
   19.8400029321108       0.000000000000000E+000  0.000000000000000E+000  0.000000000000000E+000  0.000000000000000E+000  0.000000000000000E+000  0.000000000000000E+000  0.000000000000000E+000  0.000000000000000E+000  0.000000000000000E+000  0.000000000000000E+000  0.000000000000000E+000  0.000000000000000E+000  0.000000000000000E+000  0.000000000000000E+000  0.000000000000000E+000  0.000000000000000E+000  0.000000000000000E+000  0.000000000000000E+000  0.000000000000000E+000  0.000000000000000E+000  0.000000000000000E+000  0.000000000000000E+000  0.000000000000000E+000  0.000000000000000E+000
   20.1800031323317       0.000000000000000E+000  0.000000000000000E+000  0.000000000000000E+000  0.000000000000000E+000  0.000000000000000E+000  0.000000000000000E+000  0.000000000000000E+000  0.000000000000000E+000  0.000000000000000E+000  0.000000000000000E+000  0.000000000000000E+000  0.000000000000000E+000  0.000000000000000E+000  0.000000000000000E+000  0.000000000000000E+000  0.000000000000000E+000  0.000000000000000E+000  0.000000000000000E+000  0.000000000000000E+000  0.000000000000000E+000  0.000000000000000E+000  0.000000000000000E+000  0.000000000000000E+000  0.000000000000000E+000
   20.5000028719869       0.000000000000000E+000  0.000000000000000E+000  0.000000000000000E+000  0.000000000000000E+000  0.000000000000000E+000  0.000000000000000E+000  0.000000000000000E+000  0.000000000000000E+000  0.000000000000000E+000  0.000000000000000E+000  0.000000000000000E+000  0.000000000000000E+000  0.000000000000000E+000  0.000000000000000E+000  0.000000000000000E+000  0.000000000000000E+000  0.000000000000000E+000  0.000000000000000E+000  0.000000000000000E+000  0.000000000000000E+000  0.000000000000000E+000  0.000000000000000E+000  0.000000000000000E+000  0.000000000000000E+000
   21.0500021861006       0.000000000000000E+000  0.000000000000000E+000  0.000000000000000E+000  0.000000000000000E+000  0.000000000000000E+000  0.000000000000000E+000  0.000000000000000E+000  0.000000000000000E+000  0.000000000000000E+000  0.000000000000000E+000  0.000000000000000E+000  0.000000000000000E+000  0.000000000000000E+000  0.000000000000000E+000  0.000000000000000E+000  0.000000000000000E+000  0.000000000000000E+000  0.000000000000000E+000  0.000000000000000E+000  0.000000000000000E+000  0.000000000000000E+000  0.000000000000000E+000  0.000000000000000E+000  0.000000000000000E+000
   21.6200038681289       0.000000000000000E+000  0.000000000000000E+000  0.000000000000000E+000  0.000000000000000E+000  0.000000000000000E+000  0.000000000000000E+000  0.000000000000000E+000  0.000000000000000E+000  0.000000000000000E+000  0.000000000000000E+000  0.000000000000000E+000  0.000000000000000E+000  0.000000000000000E+000  0.000000000000000E+000  0.000000000000000E+000  0.000000000000000E+000  0.000000000000000E+000  0.000000000000000E+000  0.000000000000000E+000  0.000000000000000E+000  0.000000000000000E+000  0.000000000000000E+000  0.000000000000000E+000  0.000000000000000E+000
   21.9800026215666       0.000000000000000E+000  0.000000000000000E+000  0.000000000000000E+000  0.000000000000000E+000  0.000000000000000E+000  0.000000000000000E+000  0.000000000000000E+000  0.000000000000000E+000  0.000000000000000E+000  0.000000000000000E+000  0.000000000000000E+000  0.000000000000000E+000  0.000000000000000E+000  0.000000000000000E+000  0.000000000000000E+000  0.000000000000000E+000  0.000000000000000E+000  0.000000000000000E+000  0.000000000000000E+000  0.000000000000000E+000  0.000000000000000E+000  0.000000000000000E+000  0.000000000000000E+000  0.000000000000000E+000
   22.3000023612218       0.000000000000000E+000  0.000000000000000E+000  0.000000000000000E+000  0.000000000000000E+000  0.000000000000000E+000  0.000000000000000E+000  0.000000000000000E+000  0.000000000000000E+000  0.000000000000000E+000  0.000000000000000E+000  0.000000000000000E+000  0.000000000000000E+000  0.000000000000000E+000  0.000000000000000E+000  0.000000000000000E+000  0.000000000000000E+000  0.000000000000000E+000  0.000000000000000E+000  0.000000000000000E+000  0.000000000000000E+000  0.000000000000000E+000  0.000000000000000E+000  0.000000000000000E+000  0.000000000000000E+000
   22.6800034825740       0.000000000000000E+000  0.000000000000000E+000  0.000000000000000E+000  0.000000000000000E+000  0.000000000000000E+000  0.000000000000000E+000  0.000000000000000E+000  0.000000000000000E+000  0.000000000000000E+000  0.000000000000000E+000  0.000000000000000E+000  0.000000000000000E+000  0.000000000000000E+000  0.000000000000000E+000  0.000000000000000E+000  0.000000000000000E+000  0.000000000000000E+000  0.000000000000000E+000  0.000000000000000E+000  0.000000000000000E+000  0.000000000000000E+000  0.000000000000000E+000  0.000000000000000E+000  0.000000000000000E+000
   23.0000032222292       0.000000000000000E+000  0.000000000000000E+000  0.000000000000000E+000  0.000000000000000E+000  0.000000000000000E+000  0.000000000000000E+000  0.000000000000000E+000  0.000000000000000E+000  0.000000000000000E+000  0.000000000000000E+000  0.000000000000000E+000  0.000000000000000E+000  0.000000000000000E+000  0.000000000000000E+000  0.000000000000000E+000  0.000000000000000E+000  0.000000000000000E+000  0.000000000000000E+000  0.000000000000000E+000  0.000000000000000E+000  0.000000000000000E+000  0.000000000000000E+000  0.000000000000000E+000  0.000000000000000E+000
   23.4000028967981       0.000000000000000E+000  0.000000000000000E+000  0.000000000000000E+000  0.000000000000000E+000  0.000000000000000E+000  0.000000000000000E+000  0.000000000000000E+000  0.000000000000000E+000  0.000000000000000E+000  0.000000000000000E+000  0.000000000000000E+000  0.000000000000000E+000  0.000000000000000E+000  0.000000000000000E+000  0.000000000000000E+000  0.000000000000000E+000  0.000000000000000E+000  0.000000000000000E+000  0.000000000000000E+000  0.000000000000000E+000  0.000000000000000E+000  0.000000000000000E+000  0.000000000000000E+000  0.000000000000000E+000
   24.0000033623261       0.000000000000000E+000  0.000000000000000E+000  0.000000000000000E+000  0.000000000000000E+000  0.000000000000000E+000  0.000000000000000E+000  0.000000000000000E+000  0.000000000000000E+000  0.000000000000000E+000  0.000000000000000E+000  0.000000000000000E+000  0.000000000000000E+000  0.000000000000000E+000  0.000000000000000E+000  0.000000000000000E+000  0.000000000000000E+000  0.000000000000000E+000  0.000000000000000E+000  0.000000000000000E+000  0.000000000000000E+000  0.000000000000000E+000  0.000000000000000E+000  0.000000000000000E+000  0.000000000000000E+000
   24.6500030719193       0.000000000000000E+000  0.000000000000000E+000  0.000000000000000E+000  0.000000000000000E+000  0.000000000000000E+000  0.000000000000000E+000  0.000000000000000E+000  0.000000000000000E+000  0.000000000000000E+000  0.000000000000000E+000  0.000000000000000E+000  0.000000000000000E+000  0.000000000000000E+000  0.000000000000000E+000  0.000000000000000E+000  0.000000000000000E+000  0.000000000000000E+000  0.000000000000000E+000  0.000000000000000E+000  0.000000000000000E+000  0.000000000000000E+000  0.000000000000000E+000  0.000000000000000E+000  0.000000000000000E+000
   25.2400033071644       0.000000000000000E+000  0.000000000000000E+000  0.000000000000000E+000  0.000000000000000E+000  0.000000000000000E+000  0.000000000000000E+000  0.000000000000000E+000  0.000000000000000E+000  0.000000000000000E+000  0.000000000000000E+000  0.000000000000000E+000  0.000000000000000E+000  0.000000000000000E+000  0.000000000000000E+000  0.000000000000000E+000  0.000000000000000E+000  0.000000000000000E+000  0.000000000000000E+000  0.000000000000000E+000  0.000000000000000E+000  0.000000000000000E+000  0.000000000000000E+000  0.000000000000000E+000  0.000000000000000E+000
   25.6800039028647       0.000000000000000E+000  0.000000000000000E+000  0.000000000000000E+000  0.000000000000000E+000  0.000000000000000E+000  0.000000000000000E+000  0.000000000000000E+000  0.000000000000000E+000  0.000000000000000E+000  0.000000000000000E+000  0.000000000000000E+000  0.000000000000000E+000  0.000000000000000E+000  0.000000000000000E+000  0.000000000000000E+000  0.000000000000000E+000  0.000000000000000E+000  0.000000000000000E+000  0.000000000000000E+000  0.000000000000000E+000  0.000000000000000E+000  0.000000000000000E+000  0.000000000000000E+000  0.000000000000000E+000
   26.0000036425199       0.000000000000000E+000  0.000000000000000E+000  0.000000000000000E+000  0.000000000000000E+000  0.000000000000000E+000  0.000000000000000E+000  0.000000000000000E+000  0.000000000000000E+000  0.000000000000000E+000  0.000000000000000E+000  0.000000000000000E+000  0.000000000000000E+000  0.000000000000000E+000  0.000000000000000E+000  0.000000000000000E+000  0.000000000000000E+000  0.000000000000000E+000  0.000000000000000E+000  0.000000000000000E+000  0.000000000000000E+000  0.000000000000000E+000  0.000000000000000E+000  0.000000000000000E+000  0.000000000000000E+000
   26.4000033170889       0.000000000000000E+000  0.000000000000000E+000  0.000000000000000E+000  0.000000000000000E+000  0.000000000000000E+000  0.000000000000000E+000  0.000000000000000E+000  0.000000000000000E+000  0.000000000000000E+000  0.000000000000000E+000  0.000000000000000E+000  0.000000000000000E+000  0.000000000000000E+000  0.000000000000000E+000  0.000000000000000E+000  0.000000000000000E+000  0.000000000000000E+000  0.000000000000000E+000  0.000000000000000E+000  0.000000000000000E+000  0.000000000000000E+000  0.000000000000000E+000  0.000000000000000E+000  0.000000000000000E+000
   26.8500041430721       0.000000000000000E+000  0.000000000000000E+000  0.000000000000000E+000  0.000000000000000E+000  0.000000000000000E+000  0.000000000000000E+000  0.000000000000000E+000  0.000000000000000E+000  0.000000000000000E+000  0.000000000000000E+000  0.000000000000000E+000  0.000000000000000E+000  0.000000000000000E+000  0.000000000000000E+000  0.000000000000000E+000  0.000000000000000E+000  0.000000000000000E+000  0.000000000000000E+000  0.000000000000000E+000  0.000000000000000E+000  0.000000000000000E+000  0.000000000000000E+000  0.000000000000000E+000  0.000000000000000E+000
   27.3500042131205       0.000000000000000E+000  0.000000000000000E+000  0.000000000000000E+000  0.000000000000000E+000  0.000000000000000E+000  0.000000000000000E+000  0.000000000000000E+000  0.000000000000000E+000  0.000000000000000E+000  0.000000000000000E+000  0.000000000000000E+000  0.000000000000000E+000  0.000000000000000E+000  0.000000000000000E+000  0.000000000000000E+000  0.000000000000000E+000  0.000000000000000E+000  0.000000000000000E+000  0.000000000000000E+000  0.000000000000000E+000  0.000000000000000E+000  0.000000000000000E+000  0.000000000000000E+000  0.000000000000000E+000
   27.8500042831690       0.000000000000000E+000  0.000000000000000E+000  0.000000000000000E+000  0.000000000000000E+000  0.000000000000000E+000  0.000000000000000E+000  0.000000000000000E+000  0.000000000000000E+000  0.000000000000000E+000  0.000000000000000E+000  0.000000000000000E+000  0.000000000000000E+000  0.000000000000000E+000  0.000000000000000E+000  0.000000000000000E+000  0.000000000000000E+000  0.000000000000000E+000  0.000000000000000E+000  0.000000000000000E+000  0.000000000000000E+000  0.000000000000000E+000  0.000000000000000E+000  0.000000000000000E+000  0.000000000000000E+000
   28.4000035972827       0.000000000000000E+000  0.000000000000000E+000  0.000000000000000E+000  0.000000000000000E+000  0.000000000000000E+000  0.000000000000000E+000  0.000000000000000E+000  0.000000000000000E+000  0.000000000000000E+000  0.000000000000000E+000  0.000000000000000E+000  0.000000000000000E+000  0.000000000000000E+000  0.000000000000000E+000  0.000000000000000E+000  0.000000000000000E+000  0.000000000000000E+000  0.000000000000000E+000  0.000000000000000E+000  0.000000000000000E+000  0.000000000000000E+000  0.000000000000000E+000  0.000000000000000E+000  0.000000000000000E+000
   29.0000040628107       0.000000000000000E+000  0.000000000000000E+000  0.000000000000000E+000  0.000000000000000E+000  0.000000000000000E+000  0.000000000000000E+000  0.000000000000000E+000  0.000000000000000E+000  0.000000000000000E+000  0.000000000000000E+000  0.000000000000000E+000  0.000000000000000E+000  0.000000000000000E+000  0.000000000000000E+000  0.000000000000000E+000  0.000000000000000E+000  0.000000000000000E+000  0.000000000000000E+000  0.000000000000000E+000  0.000000000000000E+000  0.000000000000000E+000  0.000000000000000E+000  0.000000000000000E+000  0.000000000000000E+000
   29.6000045283386       0.000000000000000E+000  0.000000000000000E+000  0.000000000000000E+000  0.000000000000000E+000  0.000000000000000E+000  0.000000000000000E+000  0.000000000000000E+000  0.000000000000000E+000  0.000000000000000E+000  0.000000000000000E+000  0.000000000000000E+000  0.000000000000000E+000  0.000000000000000E+000  0.000000000000000E+000  0.000000000000000E+000  0.000000000000000E+000  0.000000000000000E+000  0.000000000000000E+000  0.000000000000000E+000  0.000000000000000E+000  0.000000000000000E+000  0.000000000000000E+000  0.000000000000000E+000  0.000000000000000E+000
   30.1000045983871       0.000000000000000E+000  0.000000000000000E+000  0.000000000000000E+000  0.000000000000000E+000  0.000000000000000E+000  0.000000000000000E+000  0.000000000000000E+000  0.000000000000000E+000  0.000000000000000E+000  0.000000000000000E+000  0.000000000000000E+000  0.000000000000000E+000  0.000000000000000E+000  0.000000000000000E+000  0.000000000000000E+000  0.000000000000000E+000  0.000000000000000E+000  0.000000000000000E+000  0.000000000000000E+000  0.000000000000000E+000  0.000000000000000E+000  0.000000000000000E+000  0.000000000000000E+000  0.000000000000000E+000
   30.8000035520456       0.000000000000000E+000  0.000000000000000E+000  0.000000000000000E+000  0.000000000000000E+000  0.000000000000000E+000  0.000000000000000E+000  0.000000000000000E+000  0.000000000000000E+000  0.000000000000000E+000  0.000000000000000E+000  0.000000000000000E+000  0.000000000000000E+000  0.000000000000000E+000  0.000000000000000E+000  0.000000000000000E+000  0.000000000000000E+000  0.000000000000000E+000  0.000000000000000E+000  0.000000000000000E+000  0.000000000000000E+000  0.000000000000000E+000  0.000000000000000E+000  0.000000000000000E+000  0.000000000000000E+000
   31.8000036921425       0.000000000000000E+000  0.000000000000000E+000  0.000000000000000E+000  0.000000000000000E+000  0.000000000000000E+000  0.000000000000000E+000  0.000000000000000E+000  0.000000000000000E+000  0.000000000000000E+000  0.000000000000000E+000  0.000000000000000E+000  0.000000000000000E+000  0.000000000000000E+000  0.000000000000000E+000  0.000000000000000E+000  0.000000000000000E+000  0.000000000000000E+000  0.000000000000000E+000  0.000000000000000E+000  0.000000000000000E+000  0.000000000000000E+000  0.000000000000000E+000  0.000000000000000E+000  0.000000000000000E+000
   32.8000038322394       0.000000000000000E+000  0.000000000000000E+000  0.000000000000000E+000  0.000000000000000E+000  0.000000000000000E+000  0.000000000000000E+000  0.000000000000000E+000  0.000000000000000E+000  0.000000000000000E+000  0.000000000000000E+000  0.000000000000000E+000  0.000000000000000E+000  0.000000000000000E+000  0.000000000000000E+000  0.000000000000000E+000  0.000000000000000E+000  0.000000000000000E+000  0.000000000000000E+000  0.000000000000000E+000  0.000000000000000E+000  0.000000000000000E+000  0.000000000000000E+000  0.000000000000000E+000  0.000000000000000E+000
   33.8000039723363       0.000000000000000E+000  0.000000000000000E+000  0.000000000000000E+000  0.000000000000000E+000  0.000000000000000E+000  0.000000000000000E+000  0.000000000000000E+000  0.000000000000000E+000  0.000000000000000E+000  0.000000000000000E+000  0.000000000000000E+000  0.000000000000000E+000  0.000000000000000E+000  0.000000000000000E+000  0.000000000000000E+000  0.000000000000000E+000  0.000000000000000E+000  0.000000000000000E+000  0.000000000000000E+000  0.000000000000000E+000  0.000000000000000E+000  0.000000000000000E+000  0.000000000000000E+000  0.000000000000000E+000
   34.8000041124333       0.000000000000000E+000  0.000000000000000E+000  0.000000000000000E+000  0.000000000000000E+000  0.000000000000000E+000  0.000000000000000E+000  0.000000000000000E+000  0.000000000000000E+000  0.000000000000000E+000  0.000000000000000E+000  0.000000000000000E+000  0.000000000000000E+000  0.000000000000000E+000  0.000000000000000E+000  0.000000000000000E+000  0.000000000000000E+000  0.000000000000000E+000  0.000000000000000E+000  0.000000000000000E+000  0.000000000000000E+000  0.000000000000000E+000  0.000000000000000E+000  0.000000000000000E+000  0.000000000000000E+000
   35.7000057643996       0.000000000000000E+000  0.000000000000000E+000  0.000000000000000E+000  0.000000000000000E+000  0.000000000000000E+000  0.000000000000000E+000  0.000000000000000E+000  0.000000000000000E+000  0.000000000000000E+000  0.000000000000000E+000  0.000000000000000E+000  0.000000000000000E+000  0.000000000000000E+000  0.000000000000000E+000  0.000000000000000E+000  0.000000000000000E+000  0.000000000000000E+000  0.000000000000000E+000  0.000000000000000E+000  0.000000000000000E+000  0.000000000000000E+000  0.000000000000000E+000  0.000000000000000E+000  0.000000000000000E+000
   36.6000036016681       0.000000000000000E+000  0.000000000000000E+000  0.000000000000000E+000  0.000000000000000E+000  0.000000000000000E+000  0.000000000000000E+000  0.000000000000000E+000  0.000000000000000E+000  0.000000000000000E+000  0.000000000000000E+000  0.000000000000000E+000  0.000000000000000E+000  0.000000000000000E+000  0.000000000000000E+000  0.000000000000000E+000  0.000000000000000E+000  0.000000000000000E+000  0.000000000000000E+000  0.000000000000000E+000  0.000000000000000E+000  0.000000000000000E+000  0.000000000000000E+000  0.000000000000000E+000  0.000000000000000E+000
   37.5000052536345       0.000000000000000E+000  0.000000000000000E+000  0.000000000000000E+000  0.000000000000000E+000  0.000000000000000E+000  0.000000000000000E+000  0.000000000000000E+000  0.000000000000000E+000  0.000000000000000E+000  0.000000000000000E+000  0.000000000000000E+000  0.000000000000000E+000  0.000000000000000E+000  0.000000000000000E+000  0.000000000000000E+000  0.000000000000000E+000  0.000000000000000E+000  0.000000000000000E+000  0.000000000000000E+000  0.000000000000000E+000  0.000000000000000E+000  0.000000000000000E+000  0.000000000000000E+000  0.000000000000000E+000
   38.5000053937314       0.000000000000000E+000  0.000000000000000E+000  0.000000000000000E+000  0.000000000000000E+000  0.000000000000000E+000  0.000000000000000E+000  0.000000000000000E+000  0.000000000000000E+000  0.000000000000000E+000  0.000000000000000E+000  0.000000000000000E+000  0.000000000000000E+000  0.000000000000000E+000  0.000000000000000E+000  0.000000000000000E+000  0.000000000000000E+000  0.000000000000000E+000  0.000000000000000E+000  0.000000000000000E+000  0.000000000000000E+000  0.000000000000000E+000  0.000000000000000E+000  0.000000000000000E+000  0.000000000000000E+000
   39.5000055338283       0.000000000000000E+000  0.000000000000000E+000  0.000000000000000E+000  0.000000000000000E+000  0.000000000000000E+000  0.000000000000000E+000  0.000000000000000E+000  0.000000000000000E+000  0.000000000000000E+000  0.000000000000000E+000  0.000000000000000E+000  0.000000000000000E+000  0.000000000000000E+000  0.000000000000000E+000  0.000000000000000E+000  0.000000000000000E+000  0.000000000000000E+000  0.000000000000000E+000  0.000000000000000E+000  0.000000000000000E+000  0.000000000000000E+000  0.000000000000000E+000  0.000000000000000E+000  0.000000000000000E+000
   40.5000056739253       0.000000000000000E+000  0.000000000000000E+000  0.000000000000000E+000  0.000000000000000E+000  0.000000000000000E+000  0.000000000000000E+000  0.000000000000000E+000  0.000000000000000E+000  0.000000000000000E+000  0.000000000000000E+000  0.000000000000000E+000  0.000000000000000E+000  0.000000000000000E+000  0.000000000000000E+000  0.000000000000000E+000  0.000000000000000E+000  0.000000000000000E+000  0.000000000000000E+000  0.000000000000000E+000  0.000000000000000E+000  0.000000000000000E+000  0.000000000000000E+000  0.000000000000000E+000  0.000000000000000E+000
   41.4000073258916       0.000000000000000E+000  0.000000000000000E+000  0.000000000000000E+000  0.000000000000000E+000  0.000000000000000E+000  0.000000000000000E+000  0.000000000000000E+000  0.000000000000000E+000  0.000000000000000E+000  0.000000000000000E+000  0.000000000000000E+000  0.000000000000000E+000  0.000000000000000E+000  0.000000000000000E+000  0.000000000000000E+000  0.000000000000000E+000  0.000000000000000E+000  0.000000000000000E+000  0.000000000000000E+000  0.000000000000000E+000  0.000000000000000E+000  0.000000000000000E+000  0.000000000000000E+000  0.000000000000000E+000
   42.2000066750296       0.000000000000000E+000  0.000000000000000E+000  0.000000000000000E+000  0.000000000000000E+000  0.000000000000000E+000  0.000000000000000E+000  0.000000000000000E+000  0.000000000000000E+000  0.000000000000000E+000  0.000000000000000E+000  0.000000000000000E+000  0.000000000000000E+000  0.000000000000000E+000  0.000000000000000E+000  0.000000000000000E+000  0.000000000000000E+000  0.000000000000000E+000  0.000000000000000E+000  0.000000000000000E+000  0.000000000000000E+000  0.000000000000000E+000  0.000000000000000E+000  0.000000000000000E+000  0.000000000000000E+000
   43.0000060241676       0.000000000000000E+000  0.000000000000000E+000  0.000000000000000E+000  0.000000000000000E+000  0.000000000000000E+000  0.000000000000000E+000  0.000000000000000E+000  0.000000000000000E+000  0.000000000000000E+000  0.000000000000000E+000  0.000000000000000E+000  0.000000000000000E+000  0.000000000000000E+000  0.000000000000000E+000  0.000000000000000E+000  0.000000000000000E+000  0.000000000000000E+000  0.000000000000000E+000  0.000000000000000E+000  0.000000000000000E+000  0.000000000000000E+000  0.000000000000000E+000  0.000000000000000E+000  0.000000000000000E+000
   44.1000046523951       0.000000000000000E+000  0.000000000000000E+000  0.000000000000000E+000  0.000000000000000E+000  0.000000000000000E+000  0.000000000000000E+000  0.000000000000000E+000  0.000000000000000E+000  0.000000000000000E+000  0.000000000000000E+000  0.000000000000000E+000  0.000000000000000E+000  0.000000000000000E+000  0.000000000000000E+000  0.000000000000000E+000  0.000000000000000E+000  0.000000000000000E+000  0.000000000000000E+000  0.000000000000000E+000  0.000000000000000E+000  0.000000000000000E+000  0.000000000000000E+000  0.000000000000000E+000  0.000000000000000E+000
   45.1000047924920       0.000000000000000E+000  0.000000000000000E+000  0.000000000000000E+000  0.000000000000000E+000  0.000000000000000E+000  0.000000000000000E+000  0.000000000000000E+000  0.000000000000000E+000  0.000000000000000E+000  0.000000000000000E+000  0.000000000000000E+000  0.000000000000000E+000  0.000000000000000E+000  0.000000000000000E+000  0.000000000000000E+000  0.000000000000000E+000  0.000000000000000E+000  0.000000000000000E+000  0.000000000000000E+000  0.000000000000000E+000  0.000000000000000E+000  0.000000000000000E+000  0.000000000000000E+000  0.000000000000000E+000
   46.0000064444583       0.000000000000000E+000  0.000000000000000E+000  0.000000000000000E+000  0.000000000000000E+000  0.000000000000000E+000  0.000000000000000E+000  0.000000000000000E+000  0.000000000000000E+000  0.000000000000000E+000  0.000000000000000E+000  0.000000000000000E+000  0.000000000000000E+000  0.000000000000000E+000  0.000000000000000E+000  0.000000000000000E+000  0.000000000000000E+000  0.000000000000000E+000  0.000000000000000E+000  0.000000000000000E+000  0.000000000000000E+000  0.000000000000000E+000  0.000000000000000E+000  0.000000000000000E+000  0.000000000000000E+000
   47.0000065845552       0.000000000000000E+000  0.000000000000000E+000  0.000000000000000E+000  0.000000000000000E+000  0.000000000000000E+000  0.000000000000000E+000  0.000000000000000E+000  0.000000000000000E+000  0.000000000000000E+000  0.000000000000000E+000  0.000000000000000E+000  0.000000000000000E+000  0.000000000000000E+000  0.000000000000000E+000  0.000000000000000E+000  0.000000000000000E+000  0.000000000000000E+000  0.000000000000000E+000  0.000000000000000E+000  0.000000000000000E+000  0.000000000000000E+000  0.000000000000000E+000  0.000000000000000E+000  0.000000000000000E+000
   48.0000067246522       0.000000000000000E+000  0.000000000000000E+000  0.000000000000000E+000  0.000000000000000E+000  0.000000000000000E+000  0.000000000000000E+000  0.000000000000000E+000  0.000000000000000E+000  0.000000000000000E+000  0.000000000000000E+000  0.000000000000000E+000  0.000000000000000E+000  0.000000000000000E+000  0.000000000000000E+000  0.000000000000000E+000  0.000000000000000E+000  0.000000000000000E+000  0.000000000000000E+000  0.000000000000000E+000  0.000000000000000E+000  0.000000000000000E+000  0.000000000000000E+000  0.000000000000000E+000  0.000000000000000E+000
   49.0000068647491       0.000000000000000E+000  0.000000000000000E+000  0.000000000000000E+000  0.000000000000000E+000  0.000000000000000E+000  0.000000000000000E+000  0.000000000000000E+000  0.000000000000000E+000  0.000000000000000E+000  0.000000000000000E+000  0.000000000000000E+000  0.000000000000000E+000  0.000000000000000E+000  0.000000000000000E+000  0.000000000000000E+000  0.000000000000000E+000  0.000000000000000E+000  0.000000000000000E+000  0.000000000000000E+000  0.000000000000000E+000  0.000000000000000E+000  0.000000000000000E+000  0.000000000000000E+000  0.000000000000000E+000
   50.0000070048460       0.000000000000000E+000  0.000000000000000E+000  0.000000000000000E+000  0.000000000000000E+000  0.000000000000000E+000  0.000000000000000E+000  0.000000000000000E+000  0.000000000000000E+000  0.000000000000000E+000  0.000000000000000E+000  0.000000000000000E+000  0.000000000000000E+000  0.000000000000000E+000  0.000000000000000E+000  0.000000000000000E+000  0.000000000000000E+000  0.000000000000000E+000  0.000000000000000E+000  0.000000000000000E+000  0.000000000000000E+000  0.000000000000000E+000  0.000000000000000E+000  0.000000000000000E+000  0.000000000000000E+000
   50.6000055630250       0.000000000000000E+000  0.000000000000000E+000  0.000000000000000E+000  0.000000000000000E+000  0.000000000000000E+000  0.000000000000000E+000  0.000000000000000E+000  0.000000000000000E+000  0.000000000000000E+000  0.000000000000000E+000  0.000000000000000E+000  0.000000000000000E+000  0.000000000000000E+000  0.000000000000000E+000  0.000000000000000E+000  0.000000000000000E+000  0.000000000000000E+000  0.000000000000000E+000  0.000000000000000E+000  0.000000000000000E+000  0.000000000000000E+000  0.000000000000000E+000  0.000000000000000E+000  0.000000000000000E+000
   51.2000079359019       0.000000000000000E+000  0.000000000000000E+000  0.000000000000000E+000  0.000000000000000E+000  0.000000000000000E+000  0.000000000000000E+000  0.000000000000000E+000  0.000000000000000E+000  0.000000000000000E+000  0.000000000000000E+000  0.000000000000000E+000  0.000000000000000E+000  0.000000000000000E+000  0.000000000000000E+000  0.000000000000000E+000  0.000000000000000E+000  0.000000000000000E+000  0.000000000000000E+000  0.000000000000000E+000  0.000000000000000E+000  0.000000000000000E+000  0.000000000000000E+000  0.000000000000000E+000  0.000000000000000E+000
   52.0000072850398       0.000000000000000E+000  0.000000000000000E+000  0.000000000000000E+000  0.000000000000000E+000  0.000000000000000E+000  0.000000000000000E+000  0.000000000000000E+000  0.000000000000000E+000  0.000000000000000E+000  0.000000000000000E+000  0.000000000000000E+000  0.000000000000000E+000  0.000000000000000E+000  0.000000000000000E+000  0.000000000000000E+000  0.000000000000000E+000  0.000000000000000E+000  0.000000000000000E+000  0.000000000000000E+000  0.000000000000000E+000  0.000000000000000E+000  0.000000000000000E+000  0.000000000000000E+000  0.000000000000000E+000
   53.0000074251368       0.000000000000000E+000  0.000000000000000E+000  0.000000000000000E+000  0.000000000000000E+000  0.000000000000000E+000  0.000000000000000E+000  0.000000000000000E+000  0.000000000000000E+000  0.000000000000000E+000  0.000000000000000E+000  0.000000000000000E+000  0.000000000000000E+000  0.000000000000000E+000  0.000000000000000E+000  0.000000000000000E+000  0.000000000000000E+000  0.000000000000000E+000  0.000000000000000E+000  0.000000000000000E+000  0.000000000000000E+000  0.000000000000000E+000  0.000000000000000E+000  0.000000000000000E+000  0.000000000000000E+000
   54.0000075652337       0.000000000000000E+000  0.000000000000000E+000  0.000000000000000E+000  0.000000000000000E+000  0.000000000000000E+000  0.000000000000000E+000  0.000000000000000E+000  0.000000000000000E+000  0.000000000000000E+000  0.000000000000000E+000  0.000000000000000E+000  0.000000000000000E+000  0.000000000000000E+000  0.000000000000000E+000  0.000000000000000E+000  0.000000000000000E+000  0.000000000000000E+000  0.000000000000000E+000  0.000000000000000E+000  0.000000000000000E+000  0.000000000000000E+000  0.000000000000000E+000  0.000000000000000E+000  0.000000000000000E+000
   55.0000077053306       0.000000000000000E+000  0.000000000000000E+000  0.000000000000000E+000  0.000000000000000E+000  0.000000000000000E+000  0.000000000000000E+000  0.000000000000000E+000  0.000000000000000E+000  0.000000000000000E+000  0.000000000000000E+000  0.000000000000000E+000  0.000000000000000E+000  0.000000000000000E+000  0.000000000000000E+000  0.000000000000000E+000  0.000000000000000E+000  0.000000000000000E+000  0.000000000000000E+000  0.000000000000000E+000  0.000000000000000E+000  0.000000000000000E+000  0.000000000000000E+000  0.000000000000000E+000  0.000000000000000E+000
   56.0000078454275       0.000000000000000E+000  0.000000000000000E+000  0.000000000000000E+000  0.000000000000000E+000  0.000000000000000E+000  0.000000000000000E+000  0.000000000000000E+000  0.000000000000000E+000  0.000000000000000E+000  0.000000000000000E+000  0.000000000000000E+000  0.000000000000000E+000  0.000000000000000E+000  0.000000000000000E+000  0.000000000000000E+000  0.000000000000000E+000  0.000000000000000E+000  0.000000000000000E+000  0.000000000000000E+000  0.000000000000000E+000  0.000000000000000E+000  0.000000000000000E+000  0.000000000000000E+000  0.000000000000000E+000
   57.0000079855244       0.000000000000000E+000  0.000000000000000E+000  0.000000000000000E+000  0.000000000000000E+000  0.000000000000000E+000  0.000000000000000E+000  0.000000000000000E+000  0.000000000000000E+000  0.000000000000000E+000  0.000000000000000E+000  0.000000000000000E+000  0.000000000000000E+000  0.000000000000000E+000  0.000000000000000E+000  0.000000000000000E+000  0.000000000000000E+000  0.000000000000000E+000  0.000000000000000E+000  0.000000000000000E+000  0.000000000000000E+000  0.000000000000000E+000  0.000000000000000E+000  0.000000000000000E+000  0.000000000000000E+000
   58.0000081256214       0.000000000000000E+000  0.000000000000000E+000  0.000000000000000E+000  0.000000000000000E+000  0.000000000000000E+000  0.000000000000000E+000  0.000000000000000E+000  0.000000000000000E+000  0.000000000000000E+000  0.000000000000000E+000  0.000000000000000E+000  0.000000000000000E+000  0.000000000000000E+000  0.000000000000000E+000  0.000000000000000E+000  0.000000000000000E+000  0.000000000000000E+000  0.000000000000000E+000  0.000000000000000E+000  0.000000000000000E+000  0.000000000000000E+000  0.000000000000000E+000  0.000000000000000E+000  0.000000000000000E+000
   59.0000082657183       0.000000000000000E+000  0.000000000000000E+000  0.000000000000000E+000  0.000000000000000E+000  0.000000000000000E+000  0.000000000000000E+000  0.000000000000000E+000  0.000000000000000E+000  0.000000000000000E+000  0.000000000000000E+000  0.000000000000000E+000  0.000000000000000E+000  0.000000000000000E+000  0.000000000000000E+000  0.000000000000000E+000  0.000000000000000E+000  0.000000000000000E+000  0.000000000000000E+000  0.000000000000000E+000  0.000000000000000E+000  0.000000000000000E+000  0.000000000000000E+000  0.000000000000000E+000  0.000000000000000E+000
   60.0000084058152       0.000000000000000E+000  0.000000000000000E+000  0.000000000000000E+000  0.000000000000000E+000  0.000000000000000E+000  0.000000000000000E+000  0.000000000000000E+000  0.000000000000000E+000  0.000000000000000E+000  0.000000000000000E+000  0.000000000000000E+000  0.000000000000000E+000  0.000000000000000E+000  0.000000000000000E+000  0.000000000000000E+000  0.000000000000000E+000  0.000000000000000E+000  0.000000000000000E+000  0.000000000000000E+000  0.000000000000000E+000  0.000000000000000E+000  0.000000000000000E+000  0.000000000000000E+000  0.000000000000000E+000
   61.0000085459121       0.000000000000000E+000  0.000000000000000E+000  0.000000000000000E+000  0.000000000000000E+000  0.000000000000000E+000  0.000000000000000E+000  0.000000000000000E+000  0.000000000000000E+000  0.000000000000000E+000  0.000000000000000E+000  0.000000000000000E+000  0.000000000000000E+000  0.000000000000000E+000  0.000000000000000E+000  0.000000000000000E+000  0.000000000000000E+000  0.000000000000000E+000  0.000000000000000E+000  0.000000000000000E+000  0.000000000000000E+000  0.000000000000000E+000  0.000000000000000E+000  0.000000000000000E+000  0.000000000000000E+000
   62.0000086860090       0.000000000000000E+000  0.000000000000000E+000  0.000000000000000E+000  0.000000000000000E+000  0.000000000000000E+000  0.000000000000000E+000  0.000000000000000E+000  0.000000000000000E+000  0.000000000000000E+000  0.000000000000000E+000  0.000000000000000E+000  0.000000000000000E+000  0.000000000000000E+000  0.000000000000000E+000  0.000000000000000E+000  0.000000000000000E+000  0.000000000000000E+000  0.000000000000000E+000  0.000000000000000E+000  0.000000000000000E+000  0.000000000000000E+000  0.000000000000000E+000  0.000000000000000E+000  0.000000000000000E+000
   63.0000088261060       0.000000000000000E+000  0.000000000000000E+000  0.000000000000000E+000  0.000000000000000E+000  0.000000000000000E+000  0.000000000000000E+000  0.000000000000000E+000  0.000000000000000E+000  0.000000000000000E+000  0.000000000000000E+000  0.000000000000000E+000  0.000000000000000E+000  0.000000000000000E+000  0.000000000000000E+000  0.000000000000000E+000  0.000000000000000E+000  0.000000000000000E+000  0.000000000000000E+000  0.000000000000000E+000  0.000000000000000E+000  0.000000000000000E+000  0.000000000000000E+000  0.000000000000000E+000  0.000000000000000E+000
   64.0000089662029       0.000000000000000E+000  0.000000000000000E+000  0.000000000000000E+000  0.000000000000000E+000  0.000000000000000E+000  0.000000000000000E+000  0.000000000000000E+000  0.000000000000000E+000  0.000000000000000E+000  0.000000000000000E+000  0.000000000000000E+000  0.000000000000000E+000  0.000000000000000E+000  0.000000000000000E+000  0.000000000000000E+000  0.000000000000000E+000  0.000000000000000E+000  0.000000000000000E+000  0.000000000000000E+000  0.000000000000000E+000  0.000000000000000E+000  0.000000000000000E+000  0.000000000000000E+000  0.000000000000000E+000
   65.0000091062998       0.000000000000000E+000  0.000000000000000E+000  0.000000000000000E+000  0.000000000000000E+000  0.000000000000000E+000  0.000000000000000E+000  0.000000000000000E+000  0.000000000000000E+000  0.000000000000000E+000  0.000000000000000E+000  0.000000000000000E+000  0.000000000000000E+000  0.000000000000000E+000  0.000000000000000E+000  0.000000000000000E+000  0.000000000000000E+000  0.000000000000000E+000  0.000000000000000E+000  0.000000000000000E+000  0.000000000000000E+000  0.000000000000000E+000  0.000000000000000E+000  0.000000000000000E+000  0.000000000000000E+000
   65.8000122701356       0.000000000000000E+000  0.000000000000000E+000  0.000000000000000E+000  0.000000000000000E+000  0.000000000000000E+000  0.000000000000000E+000  0.000000000000000E+000  0.000000000000000E+000  0.000000000000000E+000  0.000000000000000E+000  0.000000000000000E+000  0.000000000000000E+000  0.000000000000000E+000  0.000000000000000E+000  0.000000000000000E+000  0.000000000000000E+000  0.000000000000000E+000  0.000000000000000E+000  0.000000000000000E+000  0.000000000000000E+000  0.000000000000000E+000  0.000000000000000E+000  0.000000000000000E+000  0.000000000000000E+000
   66.5000093164452       0.000000000000000E+000  0.000000000000000E+000  0.000000000000000E+000  0.000000000000000E+000  0.000000000000000E+000  0.000000000000000E+000  0.000000000000000E+000  0.000000000000000E+000  0.000000000000000E+000  0.000000000000000E+000  0.000000000000000E+000  0.000000000000000E+000  0.000000000000000E+000  0.000000000000000E+000  0.000000000000000E+000  0.000000000000000E+000  0.000000000000000E+000  0.000000000000000E+000  0.000000000000000E+000  0.000000000000000E+000  0.000000000000000E+000  0.000000000000000E+000  0.000000000000000E+000  0.000000000000000E+000
   67.5000094565421       0.000000000000000E+000  0.000000000000000E+000  0.000000000000000E+000  0.000000000000000E+000  0.000000000000000E+000  0.000000000000000E+000  0.000000000000000E+000  0.000000000000000E+000  0.000000000000000E+000  0.000000000000000E+000  0.000000000000000E+000  0.000000000000000E+000  0.000000000000000E+000  0.000000000000000E+000  0.000000000000000E+000  0.000000000000000E+000  0.000000000000000E+000  0.000000000000000E+000  0.000000000000000E+000  0.000000000000000E+000  0.000000000000000E+000  0.000000000000000E+000  0.000000000000000E+000  0.000000000000000E+000
   68.5000095966390       0.000000000000000E+000  0.000000000000000E+000  0.000000000000000E+000  0.000000000000000E+000  0.000000000000000E+000  0.000000000000000E+000  0.000000000000000E+000  0.000000000000000E+000  0.000000000000000E+000  0.000000000000000E+000  0.000000000000000E+000  0.000000000000000E+000  0.000000000000000E+000  0.000000000000000E+000  0.000000000000000E+000  0.000000000000000E+000  0.000000000000000E+000  0.000000000000000E+000  0.000000000000000E+000  0.000000000000000E+000  0.000000000000000E+000  0.000000000000000E+000  0.000000000000000E+000  0.000000000000000E+000
   69.5000097367359       0.000000000000000E+000  0.000000000000000E+000  0.000000000000000E+000  0.000000000000000E+000  0.000000000000000E+000  0.000000000000000E+000  0.000000000000000E+000  0.000000000000000E+000  0.000000000000000E+000  0.000000000000000E+000  0.000000000000000E+000  0.000000000000000E+000  0.000000000000000E+000  0.000000000000000E+000  0.000000000000000E+000  0.000000000000000E+000  0.000000000000000E+000  0.000000000000000E+000  0.000000000000000E+000  0.000000000000000E+000  0.000000000000000E+000  0.000000000000000E+000  0.000000000000000E+000  0.000000000000000E+000
   70.5000098768329       0.000000000000000E+000  0.000000000000000E+000  0.000000000000000E+000  0.000000000000000E+000  0.000000000000000E+000  0.000000000000000E+000  0.000000000000000E+000  0.000000000000000E+000  0.000000000000000E+000  0.000000000000000E+000  0.000000000000000E+000  0.000000000000000E+000  0.000000000000000E+000  0.000000000000000E+000  0.000000000000000E+000  0.000000000000000E+000  0.000000000000000E+000  0.000000000000000E+000  0.000000000000000E+000  0.000000000000000E+000  0.000000000000000E+000  0.000000000000000E+000  0.000000000000000E+000  0.000000000000000E+000
   71.6000085050603       0.000000000000000E+000  0.000000000000000E+000  0.000000000000000E+000  0.000000000000000E+000  0.000000000000000E+000  0.000000000000000E+000  0.000000000000000E+000  0.000000000000000E+000  0.000000000000000E+000  0.000000000000000E+000  0.000000000000000E+000  0.000000000000000E+000  0.000000000000000E+000  0.000000000000000E+000  0.000000000000000E+000  0.000000000000000E+000  0.000000000000000E+000  0.000000000000000E+000  0.000000000000000E+000  0.000000000000000E+000  0.000000000000000E+000  0.000000000000000E+000  0.000000000000000E+000  0.000000000000000E+000
   72.6000086451573       0.000000000000000E+000  0.000000000000000E+000  0.000000000000000E+000  0.000000000000000E+000  0.000000000000000E+000  0.000000000000000E+000  0.000000000000000E+000  0.000000000000000E+000  0.000000000000000E+000  0.000000000000000E+000  0.000000000000000E+000  0.000000000000000E+000  0.000000000000000E+000  0.000000000000000E+000  0.000000000000000E+000  0.000000000000000E+000  0.000000000000000E+000  0.000000000000000E+000  0.000000000000000E+000  0.000000000000000E+000  0.000000000000000E+000  0.000000000000000E+000  0.000000000000000E+000  0.000000000000000E+000
   73.5000102971236       0.000000000000000E+000  0.000000000000000E+000  0.000000000000000E+000  0.000000000000000E+000  0.000000000000000E+000  0.000000000000000E+000  0.000000000000000E+000  0.000000000000000E+000  0.000000000000000E+000  0.000000000000000E+000  0.000000000000000E+000  0.000000000000000E+000  0.000000000000000E+000  0.000000000000000E+000  0.000000000000000E+000  0.000000000000000E+000  0.000000000000000E+000  0.000000000000000E+000  0.000000000000000E+000  0.000000000000000E+000  0.000000000000000E+000  0.000000000000000E+000  0.000000000000000E+000  0.000000000000000E+000
   74.5000104372205       0.000000000000000E+000  0.000000000000000E+000  0.000000000000000E+000  0.000000000000000E+000  0.000000000000000E+000  0.000000000000000E+000  0.000000000000000E+000  0.000000000000000E+000  0.000000000000000E+000  0.000000000000000E+000  0.000000000000000E+000  0.000000000000000E+000  0.000000000000000E+000  0.000000000000000E+000  0.000000000000000E+000  0.000000000000000E+000  0.000000000000000E+000  0.000000000000000E+000  0.000000000000000E+000  0.000000000000000E+000  0.000000000000000E+000  0.000000000000000E+000  0.000000000000000E+000  0.000000000000000E+000
   75.5000105773175       0.000000000000000E+000  0.000000000000000E+000  0.000000000000000E+000  0.000000000000000E+000  0.000000000000000E+000  0.000000000000000E+000  0.000000000000000E+000  0.000000000000000E+000  0.000000000000000E+000  0.000000000000000E+000  0.000000000000000E+000  0.000000000000000E+000  0.000000000000000E+000  0.000000000000000E+000  0.000000000000000E+000  0.000000000000000E+000  0.000000000000000E+000  0.000000000000000E+000  0.000000000000000E+000  0.000000000000000E+000  0.000000000000000E+000  0.000000000000000E+000  0.000000000000000E+000  0.000000000000000E+000
   76.5000107174144       0.000000000000000E+000  0.000000000000000E+000  0.000000000000000E+000  0.000000000000000E+000  0.000000000000000E+000  0.000000000000000E+000  0.000000000000000E+000  0.000000000000000E+000  0.000000000000000E+000  0.000000000000000E+000  0.000000000000000E+000  0.000000000000000E+000  0.000000000000000E+000  0.000000000000000E+000  0.000000000000000E+000  0.000000000000000E+000  0.000000000000000E+000  0.000000000000000E+000  0.000000000000000E+000  0.000000000000000E+000  0.000000000000000E+000  0.000000000000000E+000  0.000000000000000E+000  0.000000000000000E+000
   77.5000108575113       0.000000000000000E+000  0.000000000000000E+000  0.000000000000000E+000  0.000000000000000E+000  0.000000000000000E+000  0.000000000000000E+000  0.000000000000000E+000  0.000000000000000E+000  0.000000000000000E+000  0.000000000000000E+000  0.000000000000000E+000  0.000000000000000E+000  0.000000000000000E+000  0.000000000000000E+000  0.000000000000000E+000  0.000000000000000E+000  0.000000000000000E+000  0.000000000000000E+000  0.000000000000000E+000  0.000000000000000E+000  0.000000000000000E+000  0.000000000000000E+000  0.000000000000000E+000  0.000000000000000E+000
   78.5000109976082       0.000000000000000E+000  0.000000000000000E+000  0.000000000000000E+000  0.000000000000000E+000  0.000000000000000E+000  0.000000000000000E+000  0.000000000000000E+000  0.000000000000000E+000  0.000000000000000E+000  0.000000000000000E+000  0.000000000000000E+000  0.000000000000000E+000  0.000000000000000E+000  0.000000000000000E+000  0.000000000000000E+000  0.000000000000000E+000  0.000000000000000E+000  0.000000000000000E+000  0.000000000000000E+000  0.000000000000000E+000  0.000000000000000E+000  0.000000000000000E+000  0.000000000000000E+000  0.000000000000000E+000
   79.5000111377051       0.000000000000000E+000  0.000000000000000E+000  0.000000000000000E+000  0.000000000000000E+000  0.000000000000000E+000  0.000000000000000E+000  0.000000000000000E+000  0.000000000000000E+000  0.000000000000000E+000  0.000000000000000E+000  0.000000000000000E+000  0.000000000000000E+000  0.000000000000000E+000  0.000000000000000E+000  0.000000000000000E+000  0.000000000000000E+000  0.000000000000000E+000  0.000000000000000E+000  0.000000000000000E+000  0.000000000000000E+000  0.000000000000000E+000  0.000000000000000E+000  0.000000000000000E+000  0.000000000000000E+000
   80.5000112778021       0.000000000000000E+000  0.000000000000000E+000  0.000000000000000E+000  0.000000000000000E+000  0.000000000000000E+000  0.000000000000000E+000  0.000000000000000E+000  0.000000000000000E+000  0.000000000000000E+000  0.000000000000000E+000  0.000000000000000E+000  0.000000000000000E+000  0.000000000000000E+000  0.000000000000000E+000  0.000000000000000E+000  0.000000000000000E+000  0.000000000000000E+000  0.000000000000000E+000  0.000000000000000E+000  0.000000000000000E+000  0.000000000000000E+000  0.000000000000000E+000  0.000000000000000E+000  0.000000000000000E+000
   81.5000114178990       0.000000000000000E+000  0.000000000000000E+000  0.000000000000000E+000  0.000000000000000E+000  0.000000000000000E+000  0.000000000000000E+000  0.000000000000000E+000  0.000000000000000E+000  0.000000000000000E+000  0.000000000000000E+000  0.000000000000000E+000  0.000000000000000E+000  0.000000000000000E+000  0.000000000000000E+000  0.000000000000000E+000  0.000000000000000E+000  0.000000000000000E+000  0.000000000000000E+000  0.000000000000000E+000  0.000000000000000E+000  0.000000000000000E+000  0.000000000000000E+000  0.000000000000000E+000  0.000000000000000E+000
   82.5000115579959       0.000000000000000E+000  0.000000000000000E+000  0.000000000000000E+000  0.000000000000000E+000  0.000000000000000E+000  0.000000000000000E+000  0.000000000000000E+000  0.000000000000000E+000  0.000000000000000E+000  0.000000000000000E+000  0.000000000000000E+000  0.000000000000000E+000  0.000000000000000E+000  0.000000000000000E+000  0.000000000000000E+000  0.000000000000000E+000  0.000000000000000E+000  0.000000000000000E+000  0.000000000000000E+000  0.000000000000000E+000  0.000000000000000E+000  0.000000000000000E+000  0.000000000000000E+000  0.000000000000000E+000
   83.5000116980928       0.000000000000000E+000  0.000000000000000E+000  0.000000000000000E+000  0.000000000000000E+000  0.000000000000000E+000  0.000000000000000E+000  0.000000000000000E+000  0.000000000000000E+000  0.000000000000000E+000  0.000000000000000E+000  0.000000000000000E+000  0.000000000000000E+000  0.000000000000000E+000  0.000000000000000E+000  0.000000000000000E+000  0.000000000000000E+000  0.000000000000000E+000  0.000000000000000E+000  0.000000000000000E+000  0.000000000000000E+000  0.000000000000000E+000  0.000000000000000E+000  0.000000000000000E+000  0.000000000000000E+000
   84.5000118381897       0.000000000000000E+000  0.000000000000000E+000  0.000000000000000E+000  0.000000000000000E+000  0.000000000000000E+000  0.000000000000000E+000  0.000000000000000E+000  0.000000000000000E+000  0.000000000000000E+000  0.000000000000000E+000  0.000000000000000E+000  0.000000000000000E+000  0.000000000000000E+000  0.000000000000000E+000  0.000000000000000E+000  0.000000000000000E+000  0.000000000000000E+000  0.000000000000000E+000  0.000000000000000E+000  0.000000000000000E+000  0.000000000000000E+000  0.000000000000000E+000  0.000000000000000E+000  0.000000000000000E+000
   85.5000119782867       0.000000000000000E+000  0.000000000000000E+000  0.000000000000000E+000  0.000000000000000E+000  0.000000000000000E+000  0.000000000000000E+000  0.000000000000000E+000  0.000000000000000E+000  0.000000000000000E+000  0.000000000000000E+000  0.000000000000000E+000  0.000000000000000E+000  0.000000000000000E+000  0.000000000000000E+000  0.000000000000000E+000  0.000000000000000E+000  0.000000000000000E+000  0.000000000000000E+000  0.000000000000000E+000  0.000000000000000E+000  0.000000000000000E+000  0.000000000000000E+000  0.000000000000000E+000  0.000000000000000E+000
   86.5000121183836       0.000000000000000E+000  0.000000000000000E+000  0.000000000000000E+000  0.000000000000000E+000  0.000000000000000E+000  0.000000000000000E+000  0.000000000000000E+000  0.000000000000000E+000  0.000000000000000E+000  0.000000000000000E+000  0.000000000000000E+000  0.000000000000000E+000  0.000000000000000E+000  0.000000000000000E+000  0.000000000000000E+000  0.000000000000000E+000  0.000000000000000E+000  0.000000000000000E+000  0.000000000000000E+000  0.000000000000000E+000  0.000000000000000E+000  0.000000000000000E+000  0.000000000000000E+000  0.000000000000000E+000
   87.5000122584805       0.000000000000000E+000  0.000000000000000E+000  0.000000000000000E+000  0.000000000000000E+000  0.000000000000000E+000  0.000000000000000E+000  0.000000000000000E+000  0.000000000000000E+000  0.000000000000000E+000  0.000000000000000E+000  0.000000000000000E+000  0.000000000000000E+000  0.000000000000000E+000  0.000000000000000E+000  0.000000000000000E+000  0.000000000000000E+000  0.000000000000000E+000  0.000000000000000E+000  0.000000000000000E+000  0.000000000000000E+000  0.000000000000000E+000  0.000000000000000E+000  0.000000000000000E+000  0.000000000000000E+000
   88.5000123985774       0.000000000000000E+000  0.000000000000000E+000  0.000000000000000E+000  0.000000000000000E+000  0.000000000000000E+000  0.000000000000000E+000  0.000000000000000E+000  0.000000000000000E+000  0.000000000000000E+000  0.000000000000000E+000  0.000000000000000E+000  0.000000000000000E+000  0.000000000000000E+000  0.000000000000000E+000  0.000000000000000E+000  0.000000000000000E+000  0.000000000000000E+000  0.000000000000000E+000  0.000000000000000E+000  0.000000000000000E+000  0.000000000000000E+000  0.000000000000000E+000  0.000000000000000E+000  0.000000000000000E+000
   89.5000125386743       0.000000000000000E+000  0.000000000000000E+000  0.000000000000000E+000  0.000000000000000E+000  0.000000000000000E+000  0.000000000000000E+000  0.000000000000000E+000  0.000000000000000E+000  0.000000000000000E+000  0.000000000000000E+000  0.000000000000000E+000  0.000000000000000E+000  0.000000000000000E+000  0.000000000000000E+000  0.000000000000000E+000  0.000000000000000E+000  0.000000000000000E+000  0.000000000000000E+000  0.000000000000000E+000  0.000000000000000E+000  0.000000000000000E+000  0.000000000000000E+000  0.000000000000000E+000  0.000000000000000E+000
   90.5000126787713       0.000000000000000E+000  0.000000000000000E+000  0.000000000000000E+000  0.000000000000000E+000  0.000000000000000E+000  0.000000000000000E+000  0.000000000000000E+000  0.000000000000000E+000  0.000000000000000E+000  0.000000000000000E+000  0.000000000000000E+000  0.000000000000000E+000  0.000000000000000E+000  0.000000000000000E+000  0.000000000000000E+000  0.000000000000000E+000  0.000000000000000E+000  0.000000000000000E+000  0.000000000000000E+000  0.000000000000000E+000  0.000000000000000E+000  0.000000000000000E+000  0.000000000000000E+000  0.000000000000000E+000
   91.5000128188682       4.604275379306295E-025  4.012002189153028E-025  3.431068917537403E-025  2.865047620051424E-025  2.318382026826900E-025  1.796803208906265E-025  1.308056664195948E-025  1.079265243050499E-025  8.631891035471097E-026  6.621073413720168E-026  5.498257097508372E-026  4.789099304097492E-026  3.790931421895334E-026  3.173625285234198E-026  2.329004320406907E-026  1.826757205313408E-026  1.595935195052429E-026  1.379708407605595E-026  1.178921317094857E-026  9.943728770161443E-027  8.266201674954209E-027  5.387284735380581E-027  4.074019183973349E-027  2.430857085201311E-027
   92.5000129589651       9.991508836507448E-025  8.749148943510218E-025  7.519567265450802E-025  6.310338319201902E-025  5.131535989791991E-025  3.996707803828228E-025  2.924386229868317E-025  2.419402636715280E-025  1.940599480662550E-025  1.493162375104195E-025  1.242392264721529E-025  1.083599064705391E-025  8.594455410062777E-026  7.203592763755711E-026  5.292876186100642E-026  4.150675876977401E-026  3.623541189749827E-026  3.128034744082150E-026  2.666025414026446E-026  2.239336093881620E-026  1.849366647568856E-026  1.175338650825111E-026  8.691002230419194E-027  5.007279408999439E-027
   93.5000130990620       1.078444967625543E-024  9.449063632479030E-025  8.131860884107156E-025  6.839121506993685E-025  5.579267312509832E-025  4.363968441334876E-025  3.210021176846773E-025  2.663470561672206E-025  2.142647051681553E-025  1.652991005876910E-025  1.376984780976141E-025  1.201497038510758E-025  9.526501069596610E-026  7.974595834088766E-026  5.830866264307013E-026  4.541727266634930E-026  3.944527500742945E-026  3.381664804958161E-026  2.855328021350552E-026  2.367623903714446E-026  1.920203185342687E-026  1.144048936495316E-026  7.980345137289645E-027  4.149619657446411E-027
   94.5000132391589       1.301757875168686E-024  1.136451782840346E-024  9.741931757241748E-025  8.158206817729385E-025  6.624350038538203E-025  5.155160993431835E-025  3.771122126824150E-025  3.119734529765151E-025  2.501616612792513E-025  1.922828062262588E-025  1.597582319577074E-025  1.391177583543484E-025  1.099065776017043E-025  9.172967744587676E-026  6.668584198062946E-026  5.166818484332505E-026  4.472130170232444E-026  3.817726482861437E-026  3.205718923452722E-026  2.638037284281756E-026  2.116119710775131E-026  1.207382223286101E-026  8.036628485386362E-027  3.695899483433454E-027
   95.5000133792558       1.415023765980914E-024  1.232905290261862E-024  1.054669187222998E-024  8.812418419782117E-025  7.138088454276039E-025  5.539162653153539E-025  4.036368670553590E-025  3.329669454558996E-025  2.658953097596821E-025  2.030479769399799E-025  1.677045273626827E-025  1.452647389196935E-025  1.134940673892657E-025  9.371547700478449E-026  6.644027196149601E-026  5.005102587222095E-026  4.245320659126047E-026  3.528331228829039E-026  2.856772679224918E-026  2.233848828897926E-026  1.663769366950949E-026  7.090718101959064E-027  3.467704494522348E-027  8.615090351612740E-028
   96.5000135193528       3.046187732653376E-024  2.652360448366332E-024  2.267610640406554E-024  1.894032871239303E-024  1.534318639037757E-024  1.191989773656093E-024  8.717573887607705E-025  7.218652711379055E-025  5.801343255576950E-025  4.478722379327933E-025  3.737417619173046E-025  3.267702834096037E-025  2.603871585496158E-025  2.191245831290498E-025  1.622761008617902E-025  1.281049560180516E-025  1.122326326246991E-025  9.720568174898963E-026  8.304184473288842E-026  6.974218314760631E-026  5.727484632178428E-026  3.426228891977144E-026  2.272999845474008E-026  9.157722509271861E-027
   97.5000136594497       2.276791831839697E-024  1.977628648748407E-024  1.687390495589013E-024  1.407624402253584E-024  1.140241594580841E-024  8.876692023271602E-025  6.531277101945517E-025  5.439636544661404E-025  4.411562763435956E-025  3.456239092554923E-025  2.922502783407600E-025  2.584751376450608E-025  2.107286252711380E-025  1.809565610575693E-025  1.395438012737904E-025  1.141308123026867E-025  1.020642113915340E-025  9.039457550569609E-026  7.907638165827626E-026  6.802865556274117E-026  5.710475151222886E-026  3.428163558605213E-026  2.091906933949228E-026  5.627914221751075E-027
   98.5000137995466       5.446718077896496E-024  4.739234752013774E-024  4.048978519708006E-024  3.379477517607365E-024  2.735182920718352E-024  2.121817589446805E-024  1.546965688503708E-024  1.277128977150257E-024  1.021262570048073E-024  7.816231588169448E-025  6.468292109745335E-025  5.611925560515930E-025  4.397831963647564E-025  3.640258800372134E-025  2.591494214130839E-025  1.957651595196120E-025  1.662478001453908E-025  1.382990785151389E-025  1.120301435573671E-025  8.758118410901711E-026  6.513728830283254E-026  2.738015242708963E-026  1.295264809240602E-026  2.771941599896171E-027
   99.5000139396435       8.336996294287564E-024  7.244942200549289E-024  6.182195436060704E-024  5.154151181670745E-024  4.167573160919757E-024  3.231114984958068E-024  2.356203157155758E-024  1.946547271489307E-024  1.558759008498920E-024  1.196131923403343E-024  9.923489845933025E-025  8.629127321510248E-025  6.793563108086572E-025  5.647078823316581E-025  4.056470895821923E-025  3.091535064437836E-025  2.640649547613621E-025  2.212460022061918E-025  1.808493656472168E-025  1.430636102988404E-025  1.081273464809284E-025  4.810440195517844E-026  2.394340545417817E-026  5.417005469642818E-027
   100.500014079740       9.340393825626066E-024  8.123303422026306E-024  6.939747764876031E-024  5.795412034321444E-024  4.697352247362956E-024  3.654582267189379E-024  2.679129025251060E-024  2.221684428960789E-024  1.788006520968058E-024  1.381592056811865E-024  1.152612036736022E-024  1.006833269300905E-024  7.994306306418217E-025  6.693071243312038E-025  4.876127059973441E-025  3.763894901186507E-025  3.240423186327101E-025  2.740365498119360E-025  2.265226551355416E-025  1.816755996472154E-025  1.396910537610377E-025  6.508943173314523E-026  3.297574850632631E-026  6.912956660690882E-027
   101.500014219837       1.265561356882803E-023  1.098067356249474E-023  9.358474754683364E-024  7.797217640459608E-024  6.307011180262839E-024  4.900678651334500E-024  3.595087032335122E-024  2.986945853557086E-024  2.413250765435296E-024  1.878304747963655E-024  1.577994216989752E-024  1.387125474700286E-024  1.115774387521946E-024  9.454156224336861E-025  7.066851296475883E-025  5.592747732960473E-025  4.891940991106582E-025  4.215345311220080E-025  3.562473838555927E-025  2.932016954239243E-025  2.321255506704072E-025  1.137977216263781E-025  5.624363805790219E-026  8.992797414932122E-027
   102.500014359934       1.640817755718385E-023  1.421503332958674E-023  1.209312897902652E-023  1.005244140088688E-023  8.105323485934518E-024  6.267548758884415E-024  4.559969231350581E-024  3.763516824329991E-024  3.011095483581369E-024  2.308130939022439E-024  1.912784242112912E-024  1.661257798923123E-024  1.303517428233312E-024  1.079123750355625E-024  7.661078989222149E-025  5.751881953609242E-025  4.858049130407941E-025  4.009450269962426E-025  3.210764464240448E-025  2.467942907942105E-025  1.788682670695371E-025  6.666410199733866E-026  2.642946651599429E-026  3.034887487720461E-027
   103.500014500031       3.918593195917058E-023  3.409875735331451E-023  2.915517220153108E-023  2.437773655817206E-023  1.979449243050936E-023  1.544128329913786E-023  1.136558000364676E-023  9.451293554147946E-024  7.632821258628074E-024  5.922864131446828E-024  4.955315232698140E-024  4.337028849457774E-024  3.453148003583589E-024  2.895294374703558E-024  2.110679566033960E-024  1.626305427361312E-024  1.397060071201819E-024  1.177218751940595E-024  9.675016393078736E-025  7.687723125504102E-025  5.820873614634681E-025  2.512355216001168E-025  1.146460576662755E-025  1.806046226547754E-026
   104.500014640128       5.427355896248074E-023  4.738630193421679E-023  4.066807035721266E-023  3.414690942018058E-023  2.785796985181025E-023  2.184667819736946E-023  1.617406342091640E-023  1.349022068320249E-023  1.092587596624368E-023  8.498274098404384E-024  7.116160635235550E-024  6.229203926327750E-024  4.955515524073403E-024  4.147846979215105E-024  3.006663565158725E-024  2.299442315177143E-024  1.964305748689587E-024  1.642977338466930E-024  1.336925946587682E-024  1.048022152924790E-024  7.787127772636134E-025  3.142408233837600E-025  1.345144184493439E-025  1.898203719518474E-026
   105.500014780225       6.404992819354415E-023  5.597414365243949E-023  4.808826665818012E-023  4.042418241155785E-023  3.302209231488489E-023  2.593446506834894E-023  1.923256940837885E-023  1.605620146808265E-023  1.301721511562812E-023  1.013575898275812E-023  8.492698444072702E-024  7.437016227333500E-024  5.918807832144666E-024  4.954351636691150E-024  3.588596678257192E-024  2.739991257851859E-024  2.337206777868800E-024  1.950662697550783E-024  1.582280449520330E-024  1.234571226870216E-024  9.109023155030645E-025  3.571514850057091E-025  1.478759467074950E-025  1.915554708908923E-026
   106.500014920322       1.639497798186188E-022  1.434904523264916E-022  1.234757337654031E-022  1.039866537836666E-022  8.512565756082447E-023  6.702607024348447E-023  4.986787648701776E-023  4.171709835846159E-023  3.390474779554926E-023  2.648190176119487E-023  2.224121459884711E-023  1.951297155059158E-023  1.558381481470130E-023  1.308377963394105E-023  9.536452488182686E-024  7.326035494639264E-024  6.274108087749825E-024  5.262037697670888E-024  4.294147237906109E-024  3.376046358786724E-024  2.515292761544187E-024  1.016183839315475E-024  4.312773754182963E-025  5.859001928549636E-026
   107.500015060419       2.148563707094282E-022  1.883457358338299E-022  1.623727426317162E-022  1.370368413889115E-022  1.124638580944873E-022  8.881794383739333E-023  6.632202251618171E-023  5.559939628858310E-023  4.529378581337054E-023  3.547045893349078E-023  2.984159469622779E-023  2.621267783722524E-023  2.097435737080088E-023  1.763289391746457E-023  1.287850633282190E-023  9.907124549127798E-024  8.490514570046000E-024  7.126054004961862E-024  5.819870998339558E-024  4.579938527135300E-024  3.416942787813387E-024  1.390884084093005E-024  5.980752174336180E-025  8.486258290426124E-026
   108.500015200516       4.279324962950389E-022  3.748221742955063E-022  3.228273858871412E-022  2.721559477233315E-022  2.230703325297643E-022  1.759116354656568E-022  1.311405984385577E-022  1.098442516676396E-022  8.941156814626606E-023  6.997703566244373E-023  5.886451992308651E-023  5.171142401227347E-023  4.140368202648588E-023  3.484039828998084E-023  2.551739483556509E-023  1.969689710977287E-023  1.692164398403633E-023  1.424666358297859E-023  1.168224032746511E-023  9.241830727962507E-024  6.943754752526956E-024  2.897746210939880E-024  1.280494527484905E-024  1.954427055031693E-025
   109.500015340613       5.896158275049622E-022  5.166181954085369E-022  4.451350533145115E-022  3.754477975794742E-022  3.079119110699389E-022  2.429889830288761E-022  1.813020491256371E-022  1.519345225214213E-022  1.237381419430955E-022  9.689747380252584E-023  8.153951516496355E-023  7.164940496722285E-023  5.739208122463533E-023  4.831113006148686E-023  3.540980259357212E-023  2.735583936024766E-023  2.351646531110811E-023  1.981668618060018E-023  1.627088398833472E-023  1.289757033353146E-023  9.721285285620141E-024  4.116787156596251E-024  1.852550482385850E-024  2.965352702587011E-025
   110.500015480710       8.116970080554122E-022  7.127784783308547E-022  6.156989632707738E-022  5.208184939630566E-022  4.285944768282740E-022  3.396251713887295E-022  2.547243637846157E-022  2.141439797183976E-022  1.750558399089684E-022  1.377012426115607E-022  1.162453486829063E-022  1.023890135561110E-022  8.234800383316906E-023  6.953414167947936E-023  5.124646614449895E-023  3.976784566085410E-023  3.427482571000127E-023  2.896597095809730E-023  2.386094314609918E-023  1.898484013273684E-023  1.437067354408536E-023  6.142037542278838E-024  2.766118993192502E-024  4.308273431697965E-025
   111.500015620807       1.025866159314562E-021  9.008405753017169E-022  7.781745381555468E-022  6.583231556592229E-022  5.418612856922598E-022  4.295373933421532E-022  3.223698375106554E-022  2.711533351194978E-022  2.218273560392857E-022  1.747012073145306E-022  1.476412271415965E-022  1.301697097914612E-022  1.049041308935966E-022  8.874917743592137E-023  6.567809630684940E-023  5.117016559981926E-023  4.421227265410926E-023  3.747305517569113E-023  3.097412940189885E-023  2.474436366285884E-023  1.882409662023979E-023  8.192569259254601E-024  3.786076014693775E-024  6.409193690664700E-025
   112.500015760903       2.598184249677010E-021  2.284973348955609E-021  1.977105945798717E-021  1.675693604458501E-021  1.382155141120597E-021  1.098357002752486E-021  8.268592320515769E-022  6.968179476652889E-022  5.713726571054582E-022  4.513093922368153E-022  3.822627352772436E-022  3.376370096378912E-022  2.730366500940500E-022  2.316872837619477E-022  1.725747057553022E-022  1.353630410283804E-022  1.175026776185997E-022  1.001902814159430E-022  8.347396477138116E-023  6.741214116528798E-023  5.207604189561295E-023  2.398381921460477E-023  1.169364239208720E-023  2.167084059549282E-024
   113.500015901000       4.334534813684524E-021  3.818053925043426E-021  3.309722654526899E-021  2.811300921413585E-021  2.325042566221339E-021  1.853924293895702E-021  1.402048047875528E-021  1.185087498322900E-021  9.753879872730665E-022  7.742163780109950E-022  6.582602576125442E-022  5.831856488888897E-022  4.742744628894495E-022  4.043730708815753E-022  3.040619638372690E-022  2.405600302560771E-022  2.099301565170380E-022  1.801085294492109E-022  1.511500830377329E-022  1.231192292873628E-022  9.609247051033605E-023  4.550985126975057E-023  2.264055781953513E-023  4.311476046081541E-024
   114.500016041097       7.293214698269105E-021  6.430430369507718E-021  5.580503138317296E-021  4.746333898178125E-021  3.931652417407013E-021  3.141400946532261E-021  2.382402446958583E-021  2.017551996580158E-021  1.664582105531720E-021  1.325580664678952E-021  1.129954673476588E-021  1.003185945507539E-021  8.190804035525642E-022  7.007564977126674E-022  5.306472673742575E-022  4.226832657548190E-022  3.704913996091136E-022  3.195721960440985E-022  2.699869115108940E-022  2.217906993215697E-022  1.750183235386012E-022  8.571861085937120E-023  4.365497745673634E-023  8.440547602923094E-024
   115.500016181194       1.054373434247239E-020  9.304481390920405E-021  8.083158590444289E-021  6.883880671644224E-021  5.711944774841431E-021  4.574378273023320E-021  3.480886354767037E-021  2.954828252082830E-021  2.445552349748672E-021  1.955986310233119E-021  1.673190134958342E-021  1.489776593832327E-021  1.223095380693554E-021  1.051423131819018E-021  8.039972334681123E-022  6.463234057559661E-022  5.698039851898542E-022  4.948714209638383E-022  4.215278012838651E-022  3.497225642641654E-022  2.793049941449328E-022  1.411868833346355E-022  7.317990757562775E-023  1.415635441064140E-023
   116.500016321291       1.278120132635177E-020  1.129772014816274E-020  9.834463465546128E-021  8.396200129708861E-021  6.989079783604188E-021  5.621273653758297E-021  4.304064093066727E-021  3.669246166601219E-021  3.053704504488013E-021  2.460710137681560E-021  2.117339837764882E-021  1.894179248163744E-021  1.568797864233659E-021  1.358534623585410E-021  1.053730185283520E-021  8.577394870440127E-022  7.618437658829820E-022  6.672315666627674E-022  5.737185920243795E-022  4.809811978360603E-022  3.884698584563620E-022  2.003335279426891E-022  1.036771539176511E-022  1.897864074305777E-023
   117.500016461388       2.043613438078894E-020  1.806342380923378E-020  1.572625295882854E-020  1.343257446431797E-020  1.119259485853294E-020  9.019790404731913E-021  6.932581743681111E-021  5.928816464781697E-021  4.956977493056403E-021  4.021997713373407E-021  3.480982219761103E-021  3.129371538920665E-021  2.616341431306273E-021  2.284216760821599E-021  1.800759820043039E-021  1.487373105219703E-021  1.332752415405959E-021  1.178958597964610E-021  1.025279092371248E-021  8.705947868736174E-022  7.131446227715409E-022  3.782601481363750E-022  1.962453329612836E-022  3.370809170141896E-023
   118.500016601485       2.569180815186489E-020  2.267645148693051E-020  1.969998870530216E-020  1.677167412377222E-020  1.390351161224805E-020  1.111159974050928E-020  8.418447033540553E-021  7.118640796897139E-021  5.857058133534741E-021  4.640669279266910E-021  3.936142144913951E-021  3.478421366566967E-021  2.811892733295440E-021  2.382420244375879E-021  1.763940238376142E-021  1.371612335163142E-021  1.182489904367334E-021  9.987337646560784E-022  8.210375017192629E-022  6.503413947601447E-022  4.879953696453322E-022  1.985165794420716E-022  8.335882404935886E-023  1.079869876268296E-023
   119.500016741582       2.549524898997990E-020  2.237498276977907E-020  1.931348989341381E-020  1.632216276151232E-020  1.341553496968402E-020  1.061260996542798E-020  7.938892010978839E-021  6.660987416861789E-021  5.429629982782689E-021  4.251772042120065E-021  3.574335172541233E-021  3.136353779224444E-021  2.502074128825503E-021  2.096009796458119E-021  1.515966405719386E-021  1.151920975797708E-021  9.779113475076716E-022  8.100461804581874E-022  6.491915685617485E-022  4.965988280835762E-022  3.542150112404031E-022  1.157934164594200E-022  3.636608747139990E-023  1.901549027524702E-024
   120.500016881679       1.557727193563878E-020  1.352965103715308E-020  1.154495410661280E-020  9.631597663257110E-021  7.799660031761903E-021  6.061462464846308E-021  4.432627089435134E-021  3.665508442581076E-021  2.934326457578143E-021  2.243493626790672E-021  1.850750755880677E-021  1.598987249017961E-021  1.238052084257902E-021  1.009835462507987E-021  6.893574418722455E-022  4.934148181428517E-022  4.020811258422156E-022  3.161281540321663E-022  2.366104000731317E-022  1.649859255040654E-022  1.032485925211284E-022  2.015115950468155E-023  3.422482870755283E-024  3.043783765856020E-026
   121.500017021776       0.000000000000000E+000  0.000000000000000E+000  0.000000000000000E+000  0.000000000000000E+000  0.000000000000000E+000  0.000000000000000E+000  0.000000000000000E+000  0.000000000000000E+000  0.000000000000000E+000  0.000000000000000E+000  0.000000000000000E+000  0.000000000000000E+000  0.000000000000000E+000  0.000000000000000E+000  0.000000000000000E+000  0.000000000000000E+000  0.000000000000000E+000  0.000000000000000E+000  0.000000000000000E+000  0.000000000000000E+000  0.000000000000000E+000  0.000000000000000E+000  0.000000000000000E+000  0.000000000000000E+000
   122.500017161873       2.201259910343614E-020  1.909520563200382E-020  1.627247962106643E-020  1.355629154710346E-020  1.096064252671231E-020  8.502411967743404E-021  6.202838262337153E-021  5.121113431233417E-021  4.090804393997929E-021  3.117991278950797E-021  2.565193265119077E-021  2.210910672287582E-021  1.703108364017965E-021  1.382129673152977E-021  9.318244567306053E-022  6.573335667826688E-022  5.299513098571828E-022  4.107167973792937E-022  3.013586126231968E-022  2.042274749705924E-022  1.224273131743733E-022  1.967572213325123E-023  2.560046324137824E-024  9.833813203893916E-027
   123.500017301970       1.023135277439466E-019  8.965846478054838E-020  7.726567387120922E-020  6.518358810648480E-020  5.347316083771915E-020  4.221235017947527E-020  3.150260556685944E-020  2.639498303053259E-020  2.147974535886438E-020  1.678342268677499E-020  1.408466617492769E-020  1.234079409255481E-020  9.816802319520427E-021  8.201924592426345E-021  5.896319792768041E-021  4.449615332251919E-021  3.758100516559047E-021  3.091087487360760E-021  2.452357486583686E-021  1.847736707919829E-021  1.286800433170291E-021  3.747097746119513E-022  9.988207922739357E-023  3.155838278542806E-024
   124.500017442067       1.758250658427098E-019  1.555512983918506E-019  1.356276462676641E-019  1.161218551976821E-019  9.711856803551861E-020  7.872438504000656E-020  6.107240753361106E-020  5.257327942610870E-020  4.431897663010379E-020  3.632601781219677E-020  3.165858200427766E-020  2.859900054215058E-020  2.408089170646149E-020  2.110801392336122E-020  1.667920849153981E-020  1.371529442554213E-020  1.221628589638405E-020  1.069658507750878E-020  9.146943011878996E-021  7.556628276831827E-021  5.915729762713819E-021  2.518072982007328E-021  9.661791487993617E-022  6.702551296288476E-023
   125.500017582163       2.603720047426259E-019  2.303779278364978E-019  2.008198021191936E-019  1.717904571641726E-019  1.434084558037696E-019  1.158281152118204E-019  8.925277467003708E-020  7.642233862678826E-020  6.394782032292148E-020  5.187127591168385E-020  4.483362391153364E-020  4.023342615300687E-020  3.347403658056043E-020  2.906160676642905E-020  2.257558882500733E-020  1.832556674638907E-020  1.621512248670770E-020  1.410837945489378E-020  1.199873817936352E-020  9.877798622945218E-021  7.736704190552476E-021  3.414361175123483E-021  1.414816723587733E-021  1.301353734490180E-022
   126.500017722260       3.390113595901834E-019  2.992617953741015E-019  2.601488064646888E-019  2.217963920568813E-019  1.843621119678716E-019  1.480505426310416E-019  1.131323786264007E-019  9.630443741401173E-020  7.996868696406715E-020  6.418809213339671E-020  5.501519041296745E-020  4.903297943223295E-020  4.027167167298026E-020  3.457940956803443E-020  2.627567620928778E-020  2.090185305610399E-020  1.826449894003297E-020  1.566051006085322E-020  1.309051372584250E-020  1.055660013134062E-020  8.065412139254302E-021  3.330786155827678E-021  1.325859492473189E-021  1.206855040534299E-022
   127.500017862357       4.606407759074886E-019  4.075163681544056E-019  3.551044590036473E-019  3.035573379689777E-019  2.530702342977490E-019  2.038999893195257E-019  1.563934110589648E-019  1.334066048606226E-019  1.110271276784197E-019  8.934216756578973E-020  7.670550751311494E-020  6.845132730191516E-020  5.634356528400352E-020  4.846482667317047E-020  3.695419374650792E-020  2.949416622854374E-020  2.582973417310170E-020  2.220926106121468E-020  1.863297686330698E-020  1.510223676985944E-020  1.162286956405055E-020  4.949074053398660E-021  2.047933034041307E-021  2.075506843421601E-022
   128.500018002454       4.913015247521411E-019  4.332521275616494E-019  3.761736377063605E-019  3.202393273088425E-019  2.656681387808819E-019  2.127440884743768E-019  1.618463333462804E-019  1.373126348546409E-019  1.134948135327645E-019  9.049121433838033E-020  7.712839644698351E-020  6.842125102114529E-020  5.568916346763858E-020  4.743907307603330E-020  3.546380497673865E-020  2.778360289811639E-020  2.404855136961777E-020  2.039310359791989E-020  1.682781798972255E-020  1.336819555257303E-020  1.003892832514248E-020  3.991822452452430E-021  1.572489084679464E-021  1.481838152300765E-022
   129.500018142551       6.144719041874172E-019  5.434240114976390E-019  4.733408500293096E-019  4.044144785145531E-019  3.368899019671399E-019  2.710882873860826E-019  2.074430103181104E-019  1.766079557370857E-019  1.465536272254051E-019  1.173935862155789E-019  1.003824128814470E-019  8.926438652336670E-020  7.295084890882483E-020  6.233788483238476E-020  4.685743817320197E-020  3.686715678941401E-020  3.198522189775954E-020  2.718864822552043E-020  2.248888581579349E-020  1.790388443977275E-020  1.346468317409585E-020  5.331787171287679E-021  2.073733265601606E-021  1.884172384405778E-022
   130.500018282648       7.858903931244032E-019  6.936159229622591E-019  6.027854262205482E-019  5.136647461052497E-019  4.265906137637326E-019  3.420000114998521E-019  2.604748580345682E-019  2.210993013945369E-019  1.828097805073427E-019  1.457568345751372E-019  1.241935779362304E-019  1.101253429560568E-019  8.952609647870871E-020  7.615905381822487E-020  5.672683677357976E-020  4.424451623780497E-020  3.816868185859367E-020  3.221981406490187E-020  2.641741449759415E-020  2.079180336269724E-020  1.539407083714459E-020  5.751536744928985E-021  2.097525947990644E-021  1.624979705599138E-022
   131.500018422745       9.810693841661576E-019  8.672376364650494E-019  7.550170159818620E-019  6.447107702309346E-019  5.367027819199941E-019  4.314904351172302E-019  3.297343151620939E-019  2.804211894630573E-019  2.323337518683585E-019  1.856424435869597E-019  1.583831455942590E-019  1.405581054576255E-019  1.143916313865811E-019  9.736430502651931E-020  7.253459003756089E-020  5.653305955754101E-020  4.872934446044330E-020  4.108025125640637E-020  3.361349790650662E-020  2.637271849467752E-020  1.943162217392679E-020  7.112125635282191E-021  2.532593778067705E-021  1.845469010082869E-022
   132.500018562842       1.097258729058493E-018  9.702147193558863E-019  8.448999527906644E-019  7.216533559256029E-019  6.009053032790894E-019  4.832143395753107E-019  3.693219474807188E-019  3.141014272037805E-019  2.602354088439019E-019  2.079147895600470E-019  1.773601996464599E-019  1.573769260329021E-019  1.280378187948577E-019  1.089435838397997E-019  8.109726163283838E-020  6.315005659174475E-020  5.439680044320926E-020  4.581642700520081E-020  3.744013939283871E-020  2.931759453936687E-020  2.153377572941487E-020  7.758783469829508E-021  2.701278575257375E-021  1.842367637752755E-022
   133.500018702939       1.268083138729815E-018  1.121193862600129E-018  9.763302855054979E-019  8.338681224351287E-019  6.942823343257300E-019  5.581881499126318E-019  4.264033917826834E-019  3.624604517194013E-019  3.000440902524806E-019  2.393682726890621E-019  2.039073611743307E-019  1.807039238206973E-019  1.466229824078759E-019  1.244384626138756E-019  9.210137805921552E-020  7.130059050204875E-020  6.118248413151957E-020  5.129318471125583E-020  4.167988767225008E-020  3.241389640883127E-020  2.360896519191889E-020  8.311477813537065E-021  2.839179072288099E-021  1.830358443022094E-022
   134.500018843036       1.736039562290643E-018  1.536244290477633E-018  1.338998988369895E-018  1.144808974744924E-018  9.543159406096764E-019  7.683513192732123E-019  5.880134376162501E-019  5.003974208013922E-019  4.147812595650960E-019  3.314433293798611E-019  2.826754731674990E-019  2.507343442093106E-019  2.037662300210387E-019  1.731500922089057E-019  1.284352512612940E-019  9.958734461150722E-020  8.551743482531601E-020  7.173291396591401E-020  5.829348242321481E-020  4.529383383418406E-020  3.289391782168908E-020  1.129977072020449E-020  3.697529381330338E-021  2.080995486828571E-022
   135.500018983133       2.375528026204106E-018  2.101657564017171E-018  1.831349273755332E-018  1.565276523931305E-018  1.304289646438198E-018  1.049485033485011E-018  8.023065219802370E-019  6.821595807085337E-019  5.647018026918721E-019  4.503075897465209E-019  3.833366898840870E-019  3.394639394428597E-019  2.749479749816144E-019  2.329050981939047E-019  1.715694060781522E-019  1.321056193704645E-019  1.129194641692172E-019  9.418530291145453E-020  7.600672147326286E-020  5.854120181694734E-020  4.204010419579607E-020  1.394279905398846E-020  4.421715149575973E-021  2.333790890981169E-022
   136.500019123230       2.606382600945097E-018  2.306874406021060E-018  2.011126957264513E-018  1.719867755193269E-018  1.434016113360359E-018  1.154756006362917E-018  8.836401494009095E-019  7.517587199941747E-019  6.227464228813548E-019  4.969977507514746E-019  4.233199664992258E-019  3.750239215636008E-019  3.039510900945312E-019  2.575937236505445E-019  1.898830879278487E-019  1.462458339892984E-019  1.250020739369770E-019  1.042358172881444E-019  8.405988218260152E-020  6.464917369433039E-020  4.628882686250193E-020  1.505823787410917E-020  4.617765937705406E-021  2.153715608902412E-022
   137.500019263326       2.889620546831053E-018  2.555057667339473E-018  2.225040986532867E-018  1.900392182452349E-018  1.582134729396224E-018  1.271564444665292E-018  9.703521435697625E-019  8.239190341456939E-019  6.807161870034235E-019  5.411769252844491E-019  4.594453492608597E-019  4.058880402289080E-019  3.271193598646607E-019  2.757955891522359E-019  2.009877055874775E-019  1.529771138096415E-019  1.297120305718126E-019  1.070794409407329E-019  8.524340901885142E-020  6.445107846499286E-020  4.508686861289426E-020  1.348514286800209E-020  3.783458228082852E-021  1.416624753906482E-022
   138.500019403423       3.353231547563019E-018  2.969196180721471E-018  2.589773285131968E-018  2.215888401208931E-018  1.848703952288409E-018  1.489699102883363E-018  1.140779595636952E-018  9.708532914330246E-019  8.044494593972679E-019  6.420407958308663E-019  5.467606487508806E-019  4.842451966746327E-019  3.921463421856600E-019  3.319975174652200E-019  2.440033017057530E-019  1.871873105196166E-019  1.594967896674733E-019  1.324154912742335E-019  1.061067740738930E-019  8.083167965166857E-020  5.702414214989535E-020  1.733724946149247E-020  4.863733271181570E-021  1.740632669181056E-022
   139.500019543520       3.908976539095423E-018  3.461108977264452E-018  3.018680122583436E-018  2.582732486537731E-018  2.154565175078922E-018  1.735820286178695E-018  1.328605016151870E-018  1.130152014234785E-018  9.356913997419385E-019  7.457551315555436E-019  6.342491343771769E-019  5.610563380439882E-019  4.531903662234190E-019  3.827348772273473E-019  2.797137403942146E-019  2.133165771072332E-019  1.810359041232906E-019  1.495513179483528E-019  1.190867918015725E-019  8.998887707383734E-020  6.281078074305215E-020  1.841547450538064E-020  4.968354196106107E-021  1.575701195459042E-022
   140.500019683617       5.360556384923527E-018  4.752508732316399E-018  4.150983974961659E-018  3.557360754123611E-018  2.973366188382013E-018  2.401182935597080E-018  1.843587958049470E-018  1.571340158106308E-018  1.304168619963795E-018  1.042742110115009E-018  8.889959894100536E-019  7.879418367374263E-019  6.387690015410145E-019  5.411231964184623E-019  3.978856687894529E-019  3.051010563486211E-019  2.597798233020904E-019  2.153873680695806E-019  1.721990898679389E-019  1.306644280789267E-019  9.154326998342737E-020  2.677829921807521E-020  7.057761468021136E-021  2.000615734404190E-022
   141.500019823714       7.562041968263096E-018  6.700066378220084E-018  5.847939479008123E-018  5.007593215582442E-018  4.181423806764317E-018  3.372427957816233E-018  2.584383175102954E-018  2.199680269041537E-018  1.822159587149602E-018  1.452756921162239E-018  1.235523972681413E-018  1.092764089224087E-018  8.821113504270253E-019  7.443376178953964E-019  5.426192457495702E-019  4.124632665506707E-019  3.491608223783424E-019  2.874265776703672E-019  2.277332148213078E-019  1.708170214029222E-019  1.178570880867509E-019  3.269249930149894E-020  8.148495022435308E-021  2.029629213330879E-022
   142.500019963811       7.672000980017478E-018  6.800987915607770E-018  5.939529513325324E-018  5.089545881015803E-018  4.253390910394176E-018  3.433960239702012E-018  2.634838617150984E-018  2.244267110749764E-018  1.860598600868575E-018  1.484715415813060E-018  1.263402043918830E-018  1.117823357324253E-018  9.027521764259603E-019  7.618645533463333E-019  5.551141728924696E-019  4.212911617719437E-019  3.560564391165549E-019  2.923425977970851E-019  2.306657081711013E-019  1.718524153374846E-019  1.172512617127895E-019  3.080406486843247E-020  7.147241080462282E-021  1.443154822451853E-022
   143.500020103908       1.203763385182278E-017  1.068375361675303E-017  9.342832642251051E-018  8.017637204623074E-018  6.711593838591510E-018  5.428965942075665E-018  4.175072060656658E-018  3.560932474704620E-018  2.956660270143403E-018  2.363530130117324E-018  2.013699337619871E-018  1.783308590397372E-018  1.442517499578168E-018  1.218998751948020E-018  8.906219508962022E-019  6.778645209268088E-019  5.740857227416686E-019  4.726629395310871E-019  3.743791026630332E-019  2.804746899069194E-019  1.929644907944549E-019  5.247095664840907E-020  1.261988819527624E-020  2.719952756383201E-022
   144.200017150218       1.804528322012553E-017  1.602179927348380E-017  1.401692794668701E-017  1.203486302874498E-017  1.008080538039152E-017  8.161206111642746E-018  6.284044532050972E-018  5.364391952005360E-018  4.459306139337717E-018  3.570629597619703E-018  3.046290380392159E-018  2.700851006420711E-018  2.189594830120650E-018  1.853962194416235E-018  1.360015072490510E-018  1.038963143978172E-018  8.818653367825918E-019  7.278823167279545E-019  5.781039632052964E-019  4.343264467770628E-019  2.995827967327997E-019  8.141580285678825E-020  1.935299869158919E-020  3.978931307625313E-022
   144.700017220266       1.497560717930526E-017  1.329428719015126E-017  1.162866666164529E-017  9.982072890687961E-018  8.358579530670244E-018  6.763178162233249E-018  5.201993911350844E-018  4.436551283578870E-018  3.682730678279703E-018  2.942022529439470E-018  2.504731337149823E-018  2.216558976793807E-018  1.790031638393786E-018  1.510124314880954E-018  1.098794572477077E-018  8.324157296343912E-019  7.026308278788845E-019  5.759888198775159E-019  4.535801317663680E-019  3.371116268365409E-019  2.293047362998270E-019  5.957826609876088E-020  1.356704121528748E-020  2.512782339510129E-022
   145.500020384102       1.557527922708891E-017  1.383435479673013E-017  1.210889141319515E-017  1.040236227580305E-017  8.719029392043066E-018  7.064101048946362E-018  5.443902371001636E-018  4.649180273313482E-018  3.866220739177263E-018  3.096457552693893E-018  2.641709419353779E-018  2.341841904955514E-018  1.897563374092378E-018  1.605549875925190E-018  1.175226185946420E-018  8.951896141028716E-019  7.581150136876966E-019  6.237926548544244E-019  4.932664642351551E-019  3.682524543252249E-019  2.516204611655117E-019  6.573226580770356E-020  1.491638156287554E-020  2.716598148837664E-022
   146.500020524199       2.517320232669826E-017  2.239593688339078E-017  1.963822511665739E-017  1.690517210149248E-017  1.420308899559592E-017  1.153971253277679E-017  8.924379406842983E-018  7.638140416098824E-018  6.368317607472212E-018  5.116884530641314E-018  4.375909243536200E-018  3.886501130455132E-018  3.160034860284609E-018  2.681483859219139E-018  1.974229465928736E-018  1.512101443219449E-018  1.285088091632428E-018  1.061910240888630E-018  8.441150883343344E-019  6.343215551411054E-019  4.370527033917339E-019  1.170092653475782E-019  2.695850884121348E-020  4.884172993736123E-022
   147.500020664296       2.307483257658139E-017  2.052567403299829E-017  1.799526258644665E-017  1.548810685117171E-017  1.300967450763438E-017  1.056652480002710E-017  8.166414386005222E-018  6.985305632809860E-018  5.818592656314943E-018  4.667945574915014E-018  3.986187354275949E-018  3.535687226436034E-018  2.866682130420306E-018  2.425839846853942E-018  1.774419108492595E-018  1.349380345251955E-018  1.141073311220550E-018  9.368700180614361E-019  7.384843506330789E-019  5.487193669409669E-019  3.722167518272851E-019  9.411018887450262E-020  2.042457669458145E-020  3.229279896556889E-022
   148.500020804393       3.206899673766357E-017  2.852556270282290E-017  2.500787866552283E-017  2.152171690167720E-017  1.807399755557269E-017  1.467295357800240E-017  1.132830009935545E-017  9.680658891203100E-018  8.051744209643920E-018  6.443802978463733E-018  5.490435339013631E-018  4.860259139907922E-018  3.924412673900538E-018  3.308080666704502E-018  2.399179170870942E-018  1.808936278797183E-018  1.521202811732265E-018  1.240642842247559E-018  9.700481173764199E-019  7.137264113829739E-019  4.783849799464194E-019  1.170770380033562E-019  2.479574499978646E-020  3.703780361489262E-022
   149.500020944490       5.117665900037090E-017  4.559114499303551E-017  4.003715627951211E-017  3.452323828267507E-017  2.905970560673602E-017  2.365880113860398E-017  1.833468485251672E-017  1.570637818975893E-017  1.310358150083005E-017  1.052912336226862E-017  8.999671218106608E-018  7.987156437291968E-018  6.480596475817528E-018  5.485852594958937E-018  4.013161883254962E-018  3.050803822357489E-018  2.578921063857650E-018  2.116311141364573E-018  1.666987175461667E-018  1.237433664851222E-018  8.382668017814552E-019  2.105212249427964E-019  4.498773354623678E-020  6.540853394244151E-022
   150.500021084586       7.725205809103936E-017  6.892093185884678E-017  6.062381629275211E-017  5.237233386140587E-017  4.418060932254739E-017  3.606536138445055E-017  2.804547427984960E-017  2.407756622169548E-017  2.014120391767026E-017  1.623947005259218E-017  1.391678082478278E-017  1.237680455984640E-017  1.008124316428062E-017  8.562125694761021E-018  6.306026091010959E-018  4.824766065323353E-018  4.095326759923774E-018  3.377394298529779E-018  2.676464368944621E-018  2.001743664882873E-018  1.368896768364288E-018  3.532851291978019E-019  7.680244000467508E-020  1.111059056457829E-021
   151.200018130896       3.509194643751765E-017  3.125226010743515E-017  2.743563644380179E-017  2.364794472562111E-017  1.989613434970707E-017  1.618826313214737E-017  1.253343031509264E-017  1.072904496272490E-017  8.941926845886472E-018  7.173900122017151E-018  6.123305124837148E-018  5.427681664525935E-018  4.392452418620765E-018  3.708831554506998E-018  2.696956368828540E-018  2.036517980321706E-018  1.713314153444968E-018  1.397242667873108E-018  1.091469671067055E-018  8.010191018360788E-019  5.338971709579891E-019  1.259570765972931E-019  2.511404347607037E-020  3.032489382333697E-022
   151.700018200944       7.233144277674987E-017  6.447771498147975E-017  5.666222945886704E-017  4.889492182034728E-017  4.118735861006211E-017  3.355278434278899E-017  2.600609214233531E-017  2.227086864051292E-017  1.856424245817808E-017  1.488933402537383E-017  1.270153948972375E-017  1.125118723216791E-017  9.090268121914763E-018  7.661964843556855E-018  5.547476553650781E-018  4.169342486382939E-018  3.496537262021659E-018  2.840392605874003E-018  2.208165722045273E-018  1.611010114237984E-018  1.066084818455721E-018  2.472071239741835E-019  4.912759782618311E-020  6.231691157353482E-022
   152.500021364780       1.230792595995098E-016  1.097067140470120E-016  9.639336681001137E-017  8.316005173518092E-017  7.003267290785567E-017  5.704356296397306E-017  4.423290074469506E-017  3.790949041866405E-017  3.164998491628599E-017  2.546260602557955E-017  2.178908913449766E-017  1.935821614263847E-017  1.574284201746832E-017  1.335685932422664E-017  9.826432117325102E-018  7.520490978241551E-018  6.389667473077683E-018  5.280296863607347E-018  4.200867602014184E-018  3.164859138684551E-018  2.194164995165006E-018  6.160654460669787E-019  1.549728907508845E-019  3.932493903494728E-021
   153.500021504877       2.325217936681219E-016  2.070325462412000E-016  1.816304980703136E-016  1.563739249762615E-016  1.313391051127720E-016  1.066274598803749E-016  8.237628495405586E-017  7.047983643640834E-017  5.877441205970273E-017  4.729502340277283E-017  4.053272656830976E-017  3.608293120613274E-017  2.950459333997480E-017  2.518957426904517E-017  1.883840300366656E-017  1.470106244612958E-017  1.266886376221469E-017  1.066718358089706E-017  8.704047175244590E-018  6.792771511965142E-018  4.956637589469979E-018  1.721486239960651E-018  5.675603737188315E-019  3.272723497871703E-020
   154.500021644974       1.520961044037991E-016  1.353067055294250E-016  1.185929031494649E-016  1.019949675385608E-016  8.556487655889963E-017  6.937067260557925E-017  5.350293640200908E-017  4.572821123102212E-017  3.808417185325719E-017  3.059310466611940E-017  2.618254620685339E-017  2.328111305419776E-017  1.899296014498348E-017  1.618098896254118E-017  1.204397984312650E-017  9.351643742023652E-018  8.030899173275895E-018  6.731970979906275E-018  5.461158964243144E-018  4.228796677771996E-018  3.052523884126867E-018  1.019341296828734E-018  3.228021494873044E-019  1.681320782201627E-020
   155.500021785071       2.695533321108859E-016  2.395177195057266E-016  2.096583494889368E-016  1.800518902500693E-016  1.507965765328201E-016  1.220200519834210E-016  9.389058389402449E-017  8.013584022275820E-017  6.663216651485028E-017  5.341925039775675E-017  4.564995942291364E-017  4.054344323947844E-017  3.300344612420339E-017  2.806446622380649E-017  2.080850621407642E-017  1.609593708725442E-017  1.378827559494682E-017  1.152244632858090E-017  9.310498756328252E-018  7.171975513656650E-018  5.139796065327748E-018  1.669606263895853E-018  5.130418206065814E-019  2.541433910331369E-020
   156.500021925168       2.344050109532594E-016  2.080629574404904E-016  1.819254584324357E-016  1.560593988712327E-016  1.305485003439244E-016  1.054986428416401E-016  8.104494050001742E-017  6.909397465264764E-017  5.736041104887378E-017  4.587362140756034E-017  3.911410810886059E-017  3.466845848853802E-017  2.809983118329010E-017  2.379482108211087E-017  1.747106758397473E-017  1.337139061924253E-017  1.136985143713604E-017  9.411768358216327E-018  7.511230975127309E-018  5.690351850976191E-018  3.984638876918562E-018  1.186816871427657E-018  3.308866906106772E-019  1.234392914521329E-020
   157.500022065265       4.540739159524849E-016  4.050084753611828E-016  3.560005522082152E-016  3.071531957849052E-016  2.586025917817174E-016  2.105311126662158E-016  1.631870451220077E-016  1.398906559439559E-016  1.169154303217776E-016  9.432771112612777E-017  8.099383404020052E-017  7.220799998531179E-017  5.920187698248161E-017  5.065872704517421E-017  3.806598852965933E-017  2.985038488501375E-017  2.581158869984811E-017  2.183160853420288E-017  1.792694490633334E-017  1.412438455296037E-017  1.046884859369690E-017  3.971978329300709E-018  1.527220192970376E-018  1.581432235911754E-019
   158.500022205362       4.638873852128437E-016  4.133749796244935E-016  3.630159334978797E-016  3.129152112765121E-016  2.632077706089355E-016  2.140690013740375E-016  1.657298779681699E-016  1.419529811491105E-016  1.184999847181292E-016  9.542803053942862E-017  8.179587150850597E-017  7.280644264187356E-017  5.948672551347396E-017  5.072961488542006E-017  3.781537968069992E-017  2.939742363277348E-017  2.526798499100837E-017  2.121021664424255E-017  1.724749866593285E-017  1.341637251384198E-017  9.775005920925682E-018  3.497727171415618E-018  1.267707346939193E-018  1.109110148795013E-019
   159.500022345459       4.245699025859342E-016  3.778630823902337E-016  3.313886379996890E-016  2.852484978539604E-016  2.395708088529028E-016  1.945177668527901E-016  1.502960892010239E-016  1.285771995782622E-016  1.071713260750012E-016  8.612430669740635E-017  7.369035765008688E-017  6.549040013573224E-017  5.333779456766323E-017  4.534568731700003E-017  3.355788526932116E-017  2.587848332332078E-017  2.211627192024075E-017  1.842609166930218E-017  1.483359094897691E-017  1.137878406329232E-017  8.124872288209750E-018  2.678649494917705E-018  8.795377814077492E-019  5.682514184193084E-020
   160.500022485556       4.026946876249925E-016  3.585648266469632E-016  3.146359805204839E-016  2.710022161472400E-016  2.277813549037437E-016  1.851215646281970E-016  1.432097097443169E-016  1.226056844480477E-016  1.022813309743806E-016  8.227531329799353E-017  7.044240762791252E-017  6.263154699512637E-017  5.104228971142089E-017  4.340999540408774E-017  3.213299271993700E-017  2.477027234913773E-017  2.115756285468638E-017  1.760996610843596E-017  1.415221585447694E-017  1.082342306709884E-017  7.686282415877872E-018  2.452416166519815E-018  7.608493836944814E-019  3.947764698636879E-020
   161.500022625653       4.058569235538309E-016  3.609398973246517E-016  3.163239314274578E-016  2.721017938517095E-016  2.283857580243148E-016  1.853115639256918E-016  1.430422398545646E-016  1.222683201114656E-016  1.017697885564150E-016  8.157514124894471E-017  6.961774807220986E-017  6.171831336619243E-017  4.998893295135373E-017  4.226150402405825E-017  3.085415943844651E-017  2.343329563827331E-017  1.981012540752843E-017  1.627206197213425E-017  1.285217898041231E-017  9.600714345588006E-018  6.594403403712941E-018  1.837435549076599E-018  4.786766305365692E-019  1.423940138200380E-020
   162.500022765750       3.546702597151341E-016  3.154247217048108E-016  2.764576994745584E-016  2.378485538108036E-016  1.996920688417433E-016  1.621006050428905E-016  1.252047155754940E-016  1.070625273870882E-016  8.914894034838685E-017  7.148236821540353E-017  6.100917513422651E-017  5.408338361646755E-017  4.378705726535359E-017  3.699369484038866E-017  2.694734429232762E-017  2.039911959727300E-017  1.719872031143202E-017  1.407239285472280E-017  1.105130392696426E-017  8.183420761956983E-018  5.542718189707731E-018  1.442471708853646E-018  3.401485168108573E-019  7.049313060103457E-021
   163.500022905846       4.689545963819743E-016  4.177918515764077E-016  3.668719725928275E-016  3.162940412990282E-016  2.661787325295115E-016  2.166724491987641E-016  1.679506737830653E-016  1.439466292489792E-016  1.202163229462992E-016  9.678654819110896E-017  8.288384846890778E-017  7.368390697072718E-017  5.999405190876460E-017  5.094920022583163E-017  3.753972522223819E-017  2.875878263150329E-017  2.444609766391705E-017  2.021221282991225E-017  1.609176148502180E-017  1.213949915326634E-017  8.442723020295266E-018  2.447278474027460E-018  6.615548587358718E-019  2.091079977694853E-020
   164.500023045943       7.385217982826996E-016  6.586210414176694E-016  5.790153444271204E-016  4.998455003754097E-016  4.212828019398791E-016  3.435343862990391E-016  2.668468690448628E-016  2.289881357401911E-016  1.915019727934285E-016  1.544245951234376E-016  1.323890754174656E-016  1.177920051666084E-016  9.604726808084881E-017  8.166458176324628E-017  6.031815950411471E-017  4.632525967666084E-017  3.944849724260683E-017  3.269417411198666E-017  2.611653947764208E-017  1.980049310984044E-017  1.387998562552551E-017  4.186422432262003E-018  1.204249495953300E-018  4.880769308635276E-020
   165.500023186040       5.462859916399891E-016  4.867162336157325E-016  4.274616001020378E-016  3.686179219830291E-016  3.102967415041033E-016  2.526257713770827E-016  1.957455716397014E-016  1.676464547910803E-016  1.397959949209397E-016  1.122076425359036E-016  9.578698494487791E-017  8.489924546261000E-017  6.866997680630189E-017  5.793656723465027E-017  4.203986607361524E-017  3.168159884870702E-017  2.662844858231972E-017  2.170416704866174E-017  1.696291785004140E-017  1.248532941134009E-017  8.391317204794300E-018  2.124684215504483E-018  4.814377665120589E-019  8.482505558604688E-021
   166.500023326137       1.051838760787225E-015  9.393916413317581E-016  8.271584089342346E-016  7.153145458673803E-016  6.040745608292967E-016  4.936987459653958E-016  3.844979713935615E-016  3.304484954761421E-016  2.768287584025788E-016  2.236849471330787E-016  1.920462037111451E-016  1.710642609762005E-016  1.397732585406862E-016  1.190537547775027E-016  8.827126798551986E-017  6.807370648731329E-017  5.814119168330525E-017  4.837914755932703E-017  3.886194982190582E-017  2.970401311370142E-017  2.108304950027162E-017  6.719564565168412E-018  2.068713711171991E-018  1.006561432417745E-019
   167.200020372447       7.810294366176099E-016  6.967892786403984E-016  6.128416131547011E-016  5.293159897504865E-016  4.463655209733007E-016  3.641688880701845E-016  2.829285426326504E-016  2.427335471244793E-016  2.028552984910088E-016  1.633143229363973E-016  1.397597837016989E-016  1.241320408827497E-016  1.008176493192685E-016  8.537992844495865E-017  6.247052215753003E-017  4.749197026674353E-017  4.015979553359013E-017  3.299008267830294E-017  2.605308759091883E-017  1.945427950726798E-017  1.335244791853705E-017  3.696499560734253E-018  9.398148857824752E-019  2.333036479504040E-020
   167.700020442495       1.382748779624348E-015  1.236648831599045E-015  1.090586111078244E-015  9.447710872531875E-016  7.994643977653274E-016  6.549853277722362E-016  5.117163497884973E-016  4.406704181729312E-016  3.700914353016502E-016  3.000306361289080E-016  2.582604986046093E-016  2.305296572274888E-016  1.891166628499626E-016  1.616438445175395E-016  1.207101085467190E-016  9.372796289438297E-017  8.040263835193273E-017  6.725559076166643E-017  5.437524452943499E-017  4.190267103108796E-017  3.006485892894811E-017  9.984315571501435E-018  3.246562438641689E-018  1.900449548938541E-019
   168.500023606331       2.042679699185819E-015  1.828081274343955E-015  1.613232959837126E-015  1.398426939255539E-015  1.184035701480497E-015  9.705321123697082E-016  7.585100913150074E-016  6.532769810683782E-016  5.486975194016513E-016  4.448822323761302E-016  3.830100188341548E-016  3.419550606290989E-016  2.806983168805885E-016  2.401154381488613E-016  1.797689659353932E-016  1.400969251354970E-016  1.205407766706209E-016  1.012681156913851E-016  8.240007437121311E-017  6.412341066400399E-017  4.672920679885262E-017  1.670080422112686E-017  6.006166811118124E-018  4.905653113725541E-019
   169.500023746428       2.882765043881346E-015  2.586647127664643E-015  2.289235898682632E-015  1.990865782563274E-015  1.691983498558644E-015  1.393180420537707E-015  1.095225675372502E-015  9.468600541243622E-016  7.990801207428247E-016  6.520235864372472E-016  5.641899665526832E-016  5.058152737823237E-016  4.185391916851313E-016  3.605569707378054E-016  2.739420882853573E-016  2.165525967719108E-016  1.880433851218288E-016  1.597398145970450E-016  1.317581688856358E-016  1.042974240222697E-016  7.770145691183731E-017  2.996824951200193E-017  1.177716198170166E-017  1.286622977065648E-018
   170.500023886525       3.165514549739997E-015  2.839673601399584E-015  2.512452927714687E-015  2.184206249885419E-015  1.855404850282348E-015  1.526672240456692E-015  1.198822095497958E-015  1.035541621726567E-015  8.728853852515885E-016  7.110136652058318E-016  6.143383010753974E-016  5.501002729191756E-016  4.541038548788995E-016  3.903880663128313E-016  2.953943392061113E-016  2.326827677096331E-016  2.016421432820738E-016  1.709278451432852E-016  1.406893983823470E-016  1.111633736291206E-016  8.272905206618395E-017  3.202976453006692E-017  1.264717599030350E-017  1.358576907931938E-018
   171.500024026622       3.216313484952511E-015  2.887669448314115E-015  2.557324442717558E-015  2.225630929452781E-015  1.893064582439446E-015  1.560258334175918E-015  1.228032889026969E-015  1.062446895750996E-015  8.973933688221490E-016  7.330034145431287E-016  6.347318956476196E-016  5.693767569403943E-016  4.715843099919779E-016  4.065494260390558E-016  3.092661827732149E-016  2.446879879736030E-016  2.125597038342162E-016  1.806237659296713E-016  1.490048174676357E-016  1.179207617918110E-016  8.775567085668259E-017  3.347426754268672E-017  1.284515600088470E-017  1.260853127990785E-018
   172.500024166719       4.752821955315532E-015  4.270841638715555E-015  3.785882305626569E-015  3.298390563228413E-015  2.808979028756520E-015  2.318472877413786E-015  1.827949976201882E-015  1.583087516040263E-015  1.338725235371152E-015  1.095025046596563E-015  9.491718068985388E-016  8.520955174869927E-016  7.067147573114267E-016  6.099456427207690E-016  4.650536722840103E-016  3.687695882643802E-016  3.208302541555615E-016  2.731464751178025E-016  2.258945518140565E-016  1.793827076473902E-016  1.341545830249013E-016  5.223318021702193E-017  2.058531431992225E-017  2.234424617788925E-018
   173.500024306816       5.433578366062950E-015  4.885315810468264E-015  4.333309804624949E-015  3.777998304186451E-015  3.219987434077684E-015  2.660095500381831E-015  2.099384361116423E-015  1.819113971818336E-015  1.539119551778303E-015  1.259542592562292E-015  1.092033739763462E-015  9.804618457447370E-016  8.132459714731659E-016  7.018606625259802E-016  5.349819084765736E-016  4.240548279073815E-016  3.688343491243293E-016  3.139301400152080E-016  2.595626204297377E-016  2.061091921803657E-016  1.542202589169031E-016  6.051790069013381E-017  2.425489215635280E-017  2.775720371007250E-018
   174.500024446913       8.510096304088562E-015  7.651628119725670E-015  6.787363050460996E-015  5.917953470658835E-015  5.044291582065081E-015  4.167566867623539E-015  3.289296365475516E-015  2.850126351563682E-015  2.411220564664563E-015  1.972741277346475E-015  1.709887892937407E-015  1.534745423952959E-015  1.272159366865881E-015  1.097197226851173E-015  8.350657877280592E-016  6.609150759689480E-016  5.742891250632243E-016  4.882301705070907E-016  4.031065111654201E-016  3.195332237629385E-016  2.385504565720185E-016  9.286138596994700E-017  3.694985988311559E-017  4.284699207243638E-018
   175.500024587009       8.364915371623953E-015  7.518817496743334E-015  6.667387507218850E-015  5.811311260861911E-015  4.951511443317331E-015  4.089195330338070E-015  3.225863607440490E-015  2.794337595449735E-015  2.363164000919699E-015  1.932467920953230E-015  1.674285309036669E-015  1.502245901649054E-015  1.244279148847896E-015  1.072358877904170E-015  8.147092307575538E-016  6.434915897609771E-016  5.583263126424611E-016  4.737394953249057E-016  3.901231203666444E-016  3.081325211780582E-016  2.288718948947657E-016  8.740489344063787E-017  3.403364071353499E-017  3.661402169303154E-018
   176.500024727106       1.045749026016283E-014  9.416533830377494E-015  8.366494155902940E-015  7.307957936515004E-015  6.241779646861735E-015  5.169149497476364E-015  4.091628695584887E-015  3.551600213669212E-015  3.011018302642793E-015  2.470024965094087E-015  2.145231676419817E-015  1.928594988063413E-015  1.603417157014280E-015  1.386447435612631E-015  1.060764636146640E-015  8.437946114241389E-016  7.356025803468855E-016  6.278736124798348E-016  5.209928345636628E-016  4.156226450388013E-016  3.129130208508500E-016  1.252551656643570E-016  5.101276254753099E-017  6.074003285460272E-018
   177.500024867203       9.336398887313622E-015  8.400078096531025E-015  7.456946034933135E-015  6.507599780103787E-015  5.552849221186354E-015  4.593741041591001E-015  3.631514919402386E-015  3.149618493511804E-015  2.667343104023418E-015  2.184679053982915E-015  1.894820034821389E-015  1.701421424362573E-015  1.410998073485855E-015  1.217123879581296E-015  9.260129558057712E-016  7.321464352112685E-016  6.355888871023065E-016  5.396098849974929E-016  4.446692112290438E-016  3.515368803801399E-016  2.615031060379265E-016  1.008311678449363E-016  3.986308775134763E-017  4.370200755871811E-018
   178.500025007300       1.899224898229304E-014  1.714533709247110E-014  1.527575386670856E-014  1.338385964940570E-014  1.147043338770213E-014  9.536829065830608E-015  7.585121998165362E-015  6.603321257279813E-015  5.618031490128498E-015  4.629502499478951E-015  4.034825810096124E-015  3.637666132037011E-015  3.040695083162114E-015  2.641740941675812E-015  2.041555623468832E-015  1.640266310511593E-015  1.439434142500610E-015  1.238727108237996E-015  1.038565139151285E-015  8.397472605230211E-016  6.437892410190193E-016  2.749955417665050E-016  1.202221033027752E-016  1.749419352773761E-017
   179.500025147397       1.525291049436801E-014  1.374256315652223E-014  1.221830777503001E-014  1.068073100585943E-014  9.130697011200293E-015  7.569385827310285E-015  5.998239231100002E-015  5.209421073174540E-015  4.418577443414955E-015  3.625627435256270E-015  3.148705763352655E-015  2.830194687850869E-015  2.351455296495843E-015  2.031598399244881E-015  1.550964375814927E-015  1.230657203991865E-015  1.071030004346129E-015  9.122500970961789E-016  7.549983452299686E-016  6.003997089144851E-016  4.503262276253974E-016  1.786704165781398E-016  7.244491533502903E-017  8.531477338051419E-018
   180.500025287494       2.726985863838931E-014  2.467374117669326E-014  2.203761501273455E-014  1.936089322636390E-014  1.664339364435095E-014  1.388554210351690E-014  1.108859373950453E-014  9.676093697875264E-015  8.254632006334254E-015  6.824384723722182E-015  5.961960133310317E-015  5.385135475633736E-015  4.516839296513029E-015  3.935708908490718E-015  3.060119218157720E-015  2.473635278366894E-015  2.179682435116420E-015  1.885493583880658E-015  1.591496992854870E-015  1.298534661719575E-015  1.008241858397697E-015  4.520049321005779E-016  2.080994148694404E-016  3.404524836221628E-017
   181.500025427591       1.855803173238635E-014  1.674728817248376E-014  1.491603531863713E-014  1.306464668817881E-014  1.119381110197562E-014  9.304588160225200E-015  7.398352179377739E-015  6.439270593508646E-015  5.476298821000588E-015  4.509229813568076E-015  3.926759579580989E-015  3.537356679001145E-015  2.951317725951199E-015  2.559120159767909E-015  1.968282850829628E-015  1.572915842631373E-015  1.375112124504838E-015  1.177632554694025E-015  9.810941450340918E-016  7.865941130002791E-016  5.960844380602025E-016  2.440700463702614E-016  1.017520634766483E-016  1.277014378858064E-017
   182.500025567688       3.272127776985079E-014  2.959828312596932E-014  2.642924467245633E-014  2.321357693309264E-014  1.995110031612702E-014  1.664217507475655E-014  1.328773136639660E-014  1.159378945208429E-014  9.888748471642231E-015  8.172289416033768E-015  7.136544062082516E-015  6.443355758534605E-015  5.399051457316386E-015  4.699454640922397E-015  3.644276491552118E-015  2.936878088392039E-015  2.582236579158051E-015  2.227351575663146E-015  1.872859179515970E-015  1.519949830912647E-015  1.170860274436512E-015  5.062513169151514E-016  2.211465245850724E-016  3.051431637477742E-017
   183.500025707785       2.834441106641387E-014  2.559360111074610E-014  2.280993324121718E-014  1.999360139198827E-014  1.714514395131238E-014  1.426546232672656E-014  1.135562085835054E-014  9.889563927078132E-015  8.415865297968813E-015  6.933853382979731E-015  6.040076795288519E-015  5.442015778769253E-015  4.541093258621035E-015  3.937587641235529E-015  3.027648158991864E-015  2.418395768931922E-015  2.113548682439145E-015  1.809218310832659E-015  1.506384814905947E-015  1.206756762342778E-015  9.133370681835345E-016  3.714047797307206E-016  1.531557942142420E-016  1.876696569674986E-017
   184.500025847882       4.398753286024953E-014  3.986213391817003E-014  3.566750171146855E-014  3.140135812179268E-014  2.706154112424869E-014  2.264601165037552E-014  1.815259778786090E-014  1.587569948516970E-014  1.357766924336045E-014  1.125695672798159E-014  9.852487120343854E-015  8.910553653846949E-015  7.488121868339063E-015  6.532615284084538E-015  5.086715531270714E-015  4.113447066955774E-015  3.624050759938551E-015  3.133166969266109E-015  2.641522248268399E-015  2.150618018783002E-015  1.663463483135342E-015  7.314057131577737E-016  3.284650917457486E-016  5.077749994675460E-017
   185.500025987979       3.380785331060607E-014  3.053069745785697E-014  2.721586342562656E-014  2.386328443987694E-014  2.047302714885251E-014  1.704509034075139E-014  1.357872992576535E-014  1.183025886380966E-014  1.007039041248998E-014  8.297240162278001E-015  7.225665413404312E-015  6.507460472302854E-015  5.423442246170251E-015  4.695673301177736E-015  3.595745634883497E-015  2.857729619264573E-015  2.488214979185601E-015  2.119420349924108E-015  1.752886793041797E-015  1.391260591289625E-015  1.039099053249694E-015  4.011977017408551E-016  1.558714352749981E-016  1.614496221130974E-017
   186.500026128076       5.844685181675182E-014  5.299711021444639E-014  4.745210967362729E-014  4.180828425160156E-014  3.606207626807153E-014  3.020987115794570E-014  2.424752509778755E-014  2.122319327288431E-014  1.816834659646958E-014  1.508048932171244E-014  1.321013976117236E-014  1.195497264619253E-014  1.005814585779851E-014  8.782884444273605E-015  6.851066549223162E-015  5.548970270534818E-015  4.893570570287284E-015  4.235660252890231E-015  3.576129113354406E-015  2.916871292845335E-015  2.261724967456381E-015  1.003340472703073E-015  4.540719206476802E-016  7.038188902350242E-017
   187.500026268173       5.337834406475267E-014  4.835368411344478E-014  4.324942335678478E-014  3.806332354541568E-014  3.279324259730139E-014  2.743696224783255E-014  2.199142828624391E-014  1.923343346688866E-014  1.645002058571652E-014  1.363825514589275E-014  1.193545889637068E-014  1.079261259960325E-014  9.064888956239484E-015  7.902541407699348E-015  6.139875095553991E-015  4.950174255059640E-015  4.350891686098143E-015  3.749169287220451E-015  3.146143014096514E-015  2.544207653299008E-015  1.948174348405103E-015  8.218054656868364E-016  3.514972886265979E-016  4.736655110052066E-017
   188.500026408269       7.129087768495357E-014  6.464811180679245E-014  5.789081685631813E-014  5.101444780637455E-014  4.401419153211500E-014  3.688463504323375E-014  2.961866063604414E-014  2.593104832736318E-014  2.220377051443790E-014  1.843239538712938E-014  1.614537695983741E-014  1.460912727867408E-014  1.228478701694836E-014  1.071992065632248E-014  8.345556247353634E-015  6.742536995977406E-015  5.935032206292196E-015  5.124237234848963E-015  4.311608091638994E-015  3.500124166976939E-015  2.695652900422371E-015  1.165643306314534E-015  5.139423943474419E-016  7.533501702757733E-017
   189.500026548366       9.139254626616693E-014  8.287803189295343E-014  7.421878736083741E-014  6.540918229265213E-014  5.644316591134754E-014  4.731369392196948E-014  3.801095192746740E-014  3.328957987270347E-014  2.851671510706281E-014  2.368572582822914E-014  2.075469385374101E-014  1.878491447468216E-014  1.580264975834203E-014  1.379300365770940E-014  1.073976762966522E-014  8.674673313950210E-015  7.632922092552993E-015  6.585756619053475E-015  5.534935057366933E-015  4.484277522754611E-015  3.441610768578449E-015  1.460692159185638E-015  6.270109279993822E-016  8.556250084769696E-017
   190.500026688463       9.383076276100315E-014  8.517494527681149E-014  7.635958793353102E-014  6.737734695708810E-014  5.822020701096385E-014  4.887887243777872E-014  3.934095719319857E-014  3.449235915768568E-014  2.958531180446551E-014  2.461271925376930E-014  2.159291068016613E-014  1.956223516481762E-014  1.648580570708091E-014  1.441125155818515E-014  1.125665161700388E-014  9.120383420424557E-015  8.041528170879000E-015  6.955898771191908E-015  5.864828891070542E-015  4.771481542181662E-015  3.682643353610858E-015  1.591934765364613E-015  6.922230933860613E-016  9.391678627785356E-017
   191.500026828560       1.357230640583277E-013  1.233813843323970E-013  1.107864809925072E-013  9.792539795208764E-014  8.478412223301908E-014  7.134688808505109E-014  5.759395562200472E-014  5.059028401285452E-014  4.349417805303338E-014  3.629560785117728E-014  3.192037917718689E-014  2.897666391260635E-014  2.451412611026788E-014  2.150221352400833E-014  1.691515409642984E-014  1.379983112513334E-014  1.222166677382456E-014  1.062858328958971E-014  9.020402267460774E-015  7.398650541380319E-015  5.768814437627885E-015  2.567668944190278E-015  1.138450466465383E-015  1.567595390881943E-016
   192.500026968657       1.205733400490209E-013  1.093873868535818E-013  9.801050416667245E-014  8.643389740626323E-014  7.464727990590437E-014  6.263737080450137E-014  5.038411162746475E-014  4.415584652363139E-014  3.785023578922957E-014  3.145480763620795E-014  2.756629854280562E-014  2.494875001543566E-014  2.097810771536716E-014  1.829664656911225E-014  1.421333849096966E-014  1.144574128208686E-014  1.004838630692471E-014  8.643453623629511E-015  7.233898094521184E-015  5.825694494161209E-015  4.430570173943866E-015  1.797938294063466E-015  7.176434211866514E-016  7.446114872871075E-017
   193.500027108754       7.711258492627399E-014  6.981214322618653E-014  6.241590454639940E-014  5.491929219834684E-014  4.731567166948371E-014  3.959417650237003E-014  3.173478580601342E-014  2.774196845048844E-014  2.369633445060664E-014  1.958436437942425E-014  1.707698230253274E-014  1.538494762872670E-014  1.281056334266904E-014  1.106643334591687E-014  8.403453396802820E-015  6.598365520344192E-015  5.690019262510991E-015  4.781774741937806E-015  3.879594577084763E-015  2.993852152318708E-015  2.142431751827951E-015  6.853288838947138E-016  2.093349416017327E-016  1.076854226171847E-017
   194.500027248851       1.708327125725627E-013  1.553174957573294E-013  1.394911061170250E-013  1.233356717424219E-013  1.068304999107603E-013  8.995001132251276E-014  7.265863866884310E-014  6.384196885996411E-014  5.489664944593340E-014  4.580421312237694E-014  4.026612051425613E-014  3.653385217026368E-014  3.086502333016399E-014  2.703091861371705E-014  2.117965109901236E-014  1.719996331106492E-014  1.518381904644148E-014  1.315002803788325E-014  1.110020913709835E-014  9.039064874396402E-015  6.977667496502614E-015  2.986953648690649E-015  1.261989673158829E-015  1.505801395532621E-016
   195.500027388948       2.373787150900223E-013  2.163162119538134E-013  1.947570298797857E-013  1.726692853796572E-013  1.500170632712535E-013  1.267584317193693E-013  1.028402586217912E-013  9.061083751104872E-014  7.818246574276346E-014  6.553202272065390E-014  5.781986808642846E-014  5.261999465105187E-014  4.471822970797970E-014  3.937023080389770E-014  3.119660352600159E-014  2.561908321314122E-014  2.278244819597886E-014  1.990904200038923E-014  1.699553132523778E-014  1.404031718324662E-014  1.104701086332481E-014  5.057927831463321E-015  2.300120946026198E-015  3.332357911897368E-016
   196.700024505306       2.690436255737580E-013  2.449772524792890E-013  2.203824718778833E-013  1.952255180589304E-013  1.694671079448889E-013  1.430589356686429E-013  1.159351571755832E-013  1.020744233350248E-013  8.798857796063435E-014  7.364539213670502E-014  6.489498763942799E-014  5.899100317794521E-014  5.001124811854842E-014  4.392746149295946E-014  3.462050864886577E-014  2.826746767156381E-014  2.503839405279787E-014  2.177128749644065E-014  1.846568693890787E-014  1.512509316241413E-014  1.176217156877751E-014  5.160115635849527E-015  2.243146563728762E-015  2.941603329334095E-016
   197.600033786668       3.091700274580610E-013  2.818231730604356E-013  2.538299695393199E-013  2.251450912700587E-013  1.957156806074597E-013  1.654772740911247E-013  1.343443492218970E-013  1.184044064596690E-013  1.021845710821434E-013  8.564777646903525E-014  7.555001680124296E-014  6.873372631049319E-014  5.836266474477723E-014  5.133472746164520E-014  4.058306511269331E-014  3.324434672036100E-014  2.951409347682117E-014  2.573899149433703E-014  2.191701653665692E-014  1.804919069163657E-014  1.414420143734762E-014  6.388821680399454E-015  2.862564612332721E-015  3.992653995201244E-016
   198.400021691712       3.906591746190955E-013  3.567068782763455E-013  3.218669412564009E-013  2.860735083155382E-013  2.492506161655414E-013  2.113076224189218E-013  1.721286536120534E-013  1.520262645314219E-013  1.315431392559784E-013  1.106333717213421E-013  9.785327190145789E-014  8.922115678689354E-014  7.607815868290904E-014  6.716348198628454E-014  5.350309997935159E-014  4.415075729979564E-014  3.938186911723575E-014  3.454026622310608E-014  2.961693069341501E-014  2.460376684886286E-014  1.949801222666572E-014  9.130375573022113E-015  4.223569666596567E-015  6.201864959940602E-016
   199.500027949336       3.511829943609186E-013  3.203012696444005E-013  2.886751401529799E-013  2.562521214999579E-013  2.229707749842978E-013  1.887555071798212E-013  1.535042777470629E-013  1.354437712290713E-013  1.170547276995209E-013  9.828973478861049E-014  8.681950724630849E-014  7.906963218292492E-014  6.726283049425315E-014  5.924749905812532E-014  4.695122601711309E-014  3.852353650839605E-014  3.422490242286299E-014  2.986208548066310E-014  2.543050526311094E-014  2.092950991448328E-014  1.636903566976207E-014  7.290911645701850E-015  3.197675006272235E-015  4.155432655794032E-016
   200.500028089432       4.350877003061872E-013  3.971182848089690E-013  3.582004643537236E-013  3.182627935574011E-013  2.772206955964611E-013  2.349690081267386E-013  1.913650884614192E-013  1.689915530563097E-013  1.461841380670054E-013  1.228792494876258E-013  1.086169415716792E-013  9.897277159498956E-014  8.426741753318209E-014  7.427554607042691E-014  5.893397395807286E-014  4.841134348181226E-014  4.304233821262617E-014  3.759211429205266E-014  3.205468745868640E-014  2.642802647128254E-014  2.072104146744955E-014  9.301032055066567E-015  4.084229938306225E-015  5.112867599869739E-016
   201.500028229529       5.028552264401242E-013  4.589748269571848E-013  4.140069697810710E-013  3.678691488804875E-013  3.204629595113227E-013  2.716646593384078E-013  2.213038530608075E-013  1.954594033414283E-013  1.691076428474664E-013  1.421704143606662E-013  1.256771310774997E-013  1.145196899921501E-013  9.749760379690011E-014  8.592368093329765E-014  6.813761293656585E-014  5.592602883972885E-014  4.969136628714728E-014  4.336009443414169E-014  3.692601684564058E-014  3.038852540589980E-014  2.376169393626678E-014  1.054990156993024E-014  4.577245360138844E-015  5.577657901529540E-016
   202.500028369626       4.687953695081351E-013  4.280862076778459E-013  3.863516549680930E-013  3.435118680012867E-013  2.994708642639983E-013  2.541067740658816E-013  2.072500247878715E-013  1.831835368248621E-013  1.586264225829084E-013  1.334994156817322E-013  1.180988507724576E-013  1.076721316380541E-013  9.174847163868713E-014  8.090745329427673E-014  6.421889556872088E-014  5.273471570034736E-014  4.686110262240992E-014  4.088810132377835E-014  3.480844916844153E-014  2.862025438451796E-014  2.233641288914718E-014  9.796058959969718E-015  4.167380075223404E-015  4.780460557701606E-016
   203.500028509723       6.032478202956753E-013  5.509536143802976E-013  4.973390971010221E-013  4.423038582966161E-013  3.857275354353476E-013  3.274573549350180E-013  2.672799655498541E-013  2.363767095843322E-013  2.048467098117891E-013  1.725864622266205E-013  1.528122400736058E-013  1.394220393401582E-013  1.189649233121768E-013  1.050282240583442E-013  8.354719731608215E-014  6.873254164582403E-014  6.113932193358305E-014  5.340197822598514E-014  4.550547744561935E-014  3.743979732232336E-014  2.921242877175156E-014  1.266497503589177E-014  5.234284919270624E-015  5.321572777453652E-016
   204.500028649820       6.578941007534594E-013  6.004198179571173E-013  5.415746141355734E-013  4.812521530261179E-013  4.193216707454242E-013  3.556115751438237E-013  2.898724521311990E-013  2.561218094793837E-013  2.216803706428672E-013  1.864200009379954E-013  1.647882433258398E-013  1.501293712397762E-013  1.277144233085588E-013  1.124301621378791E-013  8.885683776732249E-014  7.260275961397755E-014  6.428170484985869E-014  5.581785150300204E-014  4.720661042408484E-014  3.845678102122763E-014  2.960952788266527E-014  1.228912514996751E-014  4.915720346136716E-015  4.970192683979087E-016
   205.500028789917       7.706825870239629E-013  7.042152143401579E-013  6.360405482366309E-013  5.660220886198887E-013  4.939941792672364E-013  4.197439382249800E-013  3.429708237427581E-013  3.034973500217919E-013  2.631805671557720E-013  2.218746622107182E-013  1.965221961104330E-013  1.793378173701581E-013  1.530546363732726E-013  1.351266020959185E-013  1.074558155360899E-013  8.834590359685683E-014  7.854400234200977E-014  6.855272392486964E-014  5.835512900752079E-014  4.794316771924397E-014  3.733573898604942E-014  1.611344255911269E-014  6.679887873890095E-015  7.125584481859191E-016
   206.500028930014       7.637397498003825E-013  6.973188407735986E-013  6.292993654375288E-013  5.595522470384669E-013  4.879165469287531E-013  4.141775826858039E-013  3.380180662383442E-013  2.988760087924808E-013  2.588921483056131E-013  2.179010350620770E-013  1.927167508721671E-013  1.756308310628074E-013  1.494679284756329E-013  1.315982168565348E-013  1.039813092658251E-013  8.489500389252113E-014  7.510969839835503E-014  6.514725032471594E-014  5.500354595713822E-014  4.469234639651974E-014  3.426969626492500E-014  1.395219172578878E-014  5.431664861819277E-015  4.999624244368456E-016
   207.400022952585       7.153754215514932E-013  6.519062255464908E-013  5.871091642197750E-013  5.208772376618239E-013  4.530697741321355E-013  3.834861130007594E-013  3.118068641332731E-013  2.750165937421354E-013  2.374451527343402E-013  1.989083709922051E-013  1.752063333367553E-013  1.591091475278175E-013  1.344284667554453E-013  1.175492161053497E-013  9.144507563862731E-014  7.342665048870365E-014  6.421692026705666E-014  5.487909569145060E-014  4.543639168764937E-014  3.594569285206144E-014  2.653124355043471E-014  9.249546938477646E-015  2.972743992401569E-015  1.578961516817453E-016
   207.800032163898       9.509656006560720E-013  8.695383924997774E-013  7.859669431851393E-013  7.000696873079495E-013  6.116235144765528E-013  5.203378239568182E-013  4.257971859813078E-013  3.771103006261148E-013  3.273141384689027E-013  2.762082083824926E-013  2.447883617991552E-013  2.234657087365665E-013  1.908092227876401E-013  1.685015726360402E-013  1.340185303702216E-013  1.101696332757601E-013  9.792881954792381E-014  8.544872336450500E-014  7.271215226996012E-014  5.971598122747363E-014  4.649518218936082E-014  2.016469894519127E-014  8.510021589189306E-015  9.980605913719307E-016
   208.500029210208       1.147448453367154E-012  1.052400179276614E-012  9.544183084129847E-013  8.532103380410317E-013  7.484162264190878E-013  6.395739361723293E-013  5.260498543923356E-013  4.672508535572116E-013  4.068731633508436E-013  3.446664379717534E-013  3.063135584248263E-013  2.802472583062705E-013  2.402828542038555E-013  2.129690801628935E-013  1.707648466144743E-013  1.416181884328468E-013  1.266788532364290E-013  1.114624626909543E-013  9.594440940278915E-014  8.010681499180253E-014  6.395370313358195E-014  3.112584586915807E-014  1.541951313103956E-014  2.989152868565660E-015
   209.500029350305       1.536775122003024E-012  1.416283633931047E-012  1.291298670143845E-012  1.161276656726862E-012  1.025539854098829E-012  8.832128842954250E-013  7.331054370389061E-013  6.546205928541838E-013  5.734648847548141E-013  4.892306613880438E-013  4.369811395870960E-013  4.013358057808314E-013  3.464853993162753E-013  3.088707523765551E-013  2.505807864348413E-013  2.102324150391879E-013  1.895290865924782E-013  1.684269694703016E-013  1.468872254349538E-013  1.248708093861049E-013  1.023470703033386E-013  5.587194653244368E-014  3.239367706711444E-014  1.042549605300969E-014
   210.500029490402       1.689316299685820E-012  1.558239134029370E-012  1.422218149801163E-012  1.280619019639199E-012  1.132644016968462E-012  9.772543167953803E-013  8.130258332651217E-013  7.269783120241981E-013  6.378439484452183E-013  5.451282479420191E-013  4.875007739456612E-013  4.481304324131390E-013  3.874551227772583E-013  3.457807662279031E-013  2.811039990472022E-013  2.362826512278096E-013  2.132754682043224E-013  1.898244948225710E-013  1.658917405819776E-013  1.414396561243853E-013  1.164388521997388E-013  6.486770004965038E-014  3.872080343752787E-014  1.382038660913103E-014
   211.500029630499       1.752309763482145E-012  1.613814977558275E-012  1.470383891701430E-012  1.321426133909150E-012  1.166202844095269E-012  1.003752901822316E-012  8.327525369112839E-013  7.434650864958824E-013  6.512102589399669E-013  5.555078612008329E-013  4.961546612873142E-013  4.556593815572942E-013  3.933259306296047E-013  3.505545830198718E-013  2.842081020212081E-013  2.382189341456795E-013  2.145967228477974E-013  1.905016521010700E-013  1.658895541580416E-013  1.407191800502593E-013  1.149655749600483E-013  6.195033632091998E-014  3.544023819432078E-014  1.122966353868141E-014
   212.500029770596       2.021469541254632E-012  1.865722395224538E-012  1.704064603191168E-012  1.535723683164433E-012  1.359722261775018E-012  1.174777777090841E-012  9.791137944977345E-013  8.764810254874118E-013  7.700535735277607E-013  6.591903728348575E-013  5.901771623141685E-013  5.429700115102272E-013  4.701041050001124E-013  4.199606138987896E-013  3.419426081793267E-013  2.876982429373516E-013  2.597854443383135E-013  2.312800613393454E-013  2.021286457763532E-013  1.722801549470173E-013  1.416997144323338E-013  7.853498258166079E-014  4.662391588995887E-014  1.653116364096332E-014
   213.500029910692       2.517035999645621E-012  2.328188574104062E-012  2.131597063960229E-012  1.926204366124138E-012  1.710670455943833E-012  1.483237302605008E-012  1.241480901248043E-012  1.114175202294998E-012  9.817903847559586E-013  8.434804967696261E-013  7.571721735366316E-013  6.980432444477308E-013  6.066322214582919E-013  5.436268293411792E-013  4.454329071301297E-013  3.770302632947117E-013  3.417797605739227E-013  3.057322769041034E-013  2.687986808138564E-013  2.308758195931207E-013  1.918487955432056E-013  1.100715029660399E-013  6.743149373207536E-014  2.525212680764598E-014
   214.500030050789       1.987662100750182E-012  1.831701446628593E-012  1.670080503469191E-012  1.502093597466808E-012  1.326851127103463E-012  1.143186506972981E-012  9.494790456511104E-013  8.481433518565709E-013  7.432726036448599E-013  6.342745320867195E-013  5.665554975980595E-013  5.202955653758739E-013  4.489958558589347E-013  4.000084352209377E-013  3.239331704034637E-013  2.711668568033745E-013  2.440683221569167E-013  2.164433339001089E-013  1.882570775521045E-013  1.594853639334510E-013  1.301317494751546E-013  7.011119748583277E-014  4.031818525093914E-014  1.303492110076993E-014
   215.500030190886       2.452990800395567E-012  2.268278935277594E-012  2.076115198481962E-012  1.875478146226332E-012  1.665067575644119E-012  1.443167037541229E-012  1.207387216929847E-012  1.083239855641074E-012  9.541207844578977E-013  8.191704796201320E-013  7.349133542598108E-013  6.771624681748329E-013  5.878289425262654E-013  5.262134706720782E-013  4.301173894557165E-013  3.631421677292519E-013  3.286285367927545E-013  2.933479594120290E-013  2.572312689035087E-013  2.202080046605065E-013  1.822162654454555E-013  1.032896575016809E-013  6.273069743195810E-014  2.315084142827373E-014
   216.500030330983       2.369834958676423E-012  2.190970333879281E-012  2.004882394365874E-012  1.810593859636153E-012  1.606864408379738E-012  1.392060925288032E-012  1.163914732324102E-012  1.043839859735026E-012  9.190057064700594E-013  7.885976671580187E-013  7.072140387486943E-013  6.514503492255570E-013  5.652185938348487E-013  5.057599884271149E-013  4.130456237960174E-013  3.484268734103513E-013  3.151219983183726E-013  2.810700184422870E-013  2.462015927562478E-013  2.104474892626450E-013  1.737515739602265E-013  9.760214701304597E-014  5.868979647498014E-014  2.109496751589103E-014
   217.500030471080       2.598806966417786E-012  2.403911632572994E-012  2.201055317630919E-012  1.989147215438498E-012  1.766799288239562E-012  1.532178603086372E-012  1.282729611821641E-012  1.151315413334811E-012  1.014580269603559E-012  8.715953144013451E-013  7.822748873678497E-013  7.210283692337840E-013  6.262380205257978E-013  5.608151050641665E-013  4.586836493727044E-013  3.874058664904022E-013  3.506343355522434E-013  3.130113980577394E-013  2.744565137688874E-013  2.348883009948141E-013  1.942382003273024E-013  1.097161797890024E-013  6.638113764582382E-014  2.435651591771623E-014
   218.500030611177       2.494637405300220E-012  2.303315682913161E-012  2.104647243902080E-012  1.897659750181197E-012  1.681114630651408E-012  1.453368910812253E-012  1.212111871750906E-012  1.085385578060770E-012  9.538009237294576E-013  8.164973658508213E-013  7.308786196248130E-013  6.722386868782540E-013  5.815960851753828E-013  5.191230097909057E-013  4.217710503690791E-013  3.540047589370862E-013  3.191284503911199E-013  2.835266151391739E-013  2.471570659768872E-013  2.099939521643931E-013  1.720493247241602E-013  9.436399537146378E-014  5.559605805924502E-014  1.930031123845026E-014
   219.500030751274       4.067777707573899E-012  3.776431123025942E-012  3.471970542645305E-012  3.152408824541134E-012  2.815181659008893E-012  2.456863789534376E-012  2.072655223277237E-012  1.868728100139497E-012  1.655321848583655E-012  1.430735083498005E-012  1.289658519324096E-012  1.192563741976707E-012  1.041704524506690E-012  9.371664748930826E-013  7.733048223917819E-013  6.584790005526425E-013  5.990920464849632E-013  5.382166488445857E-013  4.756938463512164E-013  4.113336415298917E-013  3.449070181541172E-013  2.047038153989431E-013  1.303425517088507E-013  5.388984799034908E-014
   220.500030891371       3.461416379075555E-012  3.205555932054750E-012  2.938947328430236E-012  2.660071996231817E-012  2.366987365259598E-012  2.057115476827212E-012  1.726845260672330E-012  1.552458578850115E-012  1.370676630975529E-012  1.180168659257852E-012  1.060913471699982E-012  9.790167430317955E-013  8.520440524792512E-013  7.642337572586046E-013  6.268218951375358E-013  5.306407260378036E-013  4.809142793661632E-013  4.299481718055377E-013  3.776124233218713E-013  3.237670585768695E-013  2.682769729261949E-013  1.521729180604453E-013  9.228811911910778E-014  3.444159031351621E-014
   221.500031031468       4.134012375191491E-012  3.839884748425149E-012  3.532463260429471E-012  3.209699107678204E-012  2.868934707279302E-012  2.506599915300121E-012  2.117659231719768E-012  1.910979468958472E-012  1.694461536401232E-012  1.466283124306008E-012  1.322747442214216E-012  1.223853385177107E-012  1.070001318991985E-012  9.632319413561910E-013  7.955826136915647E-013  6.778768418943347E-013  6.169264076924049E-013  5.543981214727434E-013  4.901294193252208E-013  4.239303514799360E-013  3.555800772370737E-013  2.114207967520100E-013  1.352448132341169E-013  5.726585836308745E-014
   222.500031171565       3.546808341470755E-012  3.286513880912299E-012  3.015106664423437E-012  2.730967413509763E-012  2.432015859082301E-012  2.115480515805458E-012  1.777467106992062E-012  1.598675551021635E-012  1.412035228965605E-012  1.216113368913429E-012  1.093289322232328E-012  1.008859324545692E-012  8.778293297724934E-013  7.871288648343572E-013  6.450953792230193E-013  5.456648910339561E-013  4.942838732452084E-013  4.416650856171911E-013  3.877088550742230E-013  3.323249833341433E-013  2.754581423652338E-013  1.575753976413148E-013  9.735844191005707E-014  3.827899290281627E-014
   223.500031311662       5.822302788976712E-012  5.422388997320082E-012  5.003492459607787E-012  4.562504950685120E-012  4.095348260982860E-012  3.596466105448832E-012  3.057905150011180E-012  2.770184131049764E-012  2.467448209776443E-012  2.146774562632754E-012  1.944101250564465E-012  1.803991849058585E-012  1.585180205545219E-012  1.432662296169741E-012  1.191886721947963E-012  1.021718820923906E-012  9.331727374103308E-013  8.419892788166761E-013  7.478659751825515E-013  6.504465001266755E-013  5.493156496178109E-013  3.340331654630171E-013  2.190107518742599E-013  9.915421454541067E-014
   224.500031451759       6.728441163929459E-012  6.266107130255699E-012  5.781161044616926E-012  5.269994066854348E-012  4.727920683966286E-012  4.148641349400284E-012  3.523275817384047E-012  3.189387121760759E-012  2.838393731014405E-012  2.467132754891313E-012  2.232861369109593E-012  2.071115176085977E-012  1.818907583613852E-012  1.643432368875125E-012  1.367005183814534E-012  1.172075342510764E-012  1.070766183749604E-012  9.664993108533079E-013  8.588941455962248E-013  7.474768726007979E-013  6.316511896624802E-013  3.835787166220206E-013  2.493588734213667E-013  1.081512724263220E-013
   225.500031591855       8.103929157435932E-012  7.570536407809889E-012  7.009894977646537E-012  6.417295069575600E-012  5.786531265186614E-012  5.109108187233737E-012  4.372793006284258E-012  3.977045154073410E-012  3.558685802951430E-012  3.113193830906205E-012  2.830323121364819E-012  2.634160657638175E-012  2.326789288528393E-012  2.111796181180091E-012  1.771116403120365E-012  1.529353987024684E-012  1.403200564571445E-012  1.273004360223813E-012  1.138256882035451E-012  9.983163181324727E-013  8.523413590143751E-013  5.370513915731883E-013  3.631702907424338E-013  1.730620560537858E-013
   226.500031731952       4.836224377563590E-012  4.481831151043839E-012  4.112093280775693E-012  3.724843971310098E-012  3.317308436073890E-012  2.885793182802207E-012  2.425098945832119E-012  2.181492422433509E-012  1.927266642880115E-012  1.660492797519738E-012  1.493302933087694E-012  1.378396651878204E-012  1.200093127716490E-012  1.076672227972981E-012  8.833492839966789E-013  7.479051318736376E-013  6.778426858915051E-013  6.060111616687405E-013  5.322279501506886E-013  4.562925429922137E-013  3.779985323485418E-013  2.137998598691369E-013  1.285976781675489E-013  4.588844625364203E-014
   227.500031872049       9.231024532509235E-012  8.621831322414392E-012  7.981639433914878E-012  7.305166889627795E-012  6.585431133401840E-012  5.812839517151179E-012  4.973521426468441E-012  4.522563835921914E-012  4.045896753485950E-012  3.538280305881061E-012  3.215873886428835E-012  2.992221574337280E-012  2.641606339579457E-012  2.396214117655979E-012  2.007078422200737E-012  1.730742674739169E-012  1.586514276124394E-012  1.437667232109191E-012  1.283658260345626E-012  1.123820313500812E-012  9.573112562637959E-013  5.994371403339627E-013  4.042940440618331E-013  1.938705211085957E-013
   228.500032012146       9.104510460064296E-012  8.472977637371594E-012  7.810955433719248E-012  7.113668900526895E-012  6.374925320442962E-012  5.586401016666683E-012  4.736339989626889E-012  4.283015421503725E-012  3.806856378980592E-012  3.303602643243480E-012  2.986231483580600E-012  2.767189909178205E-012  2.425770135764118E-012  2.188327898644671E-012  1.814527871248357E-012  1.551225863044735E-012  1.414536039872298E-012  1.274011006242650E-012  1.129203159372034E-012  9.795653659439176E-013  8.244159636491232E-013  4.938405573348374E-013  3.159307982553118E-013  1.298076445787756E-013
   229.500032152243       1.405723609264789E-011  1.316326456425167E-011  1.222054653126869E-011  1.122049007639882E-011  1.015175540406922E-011  8.998791801982443E-012  7.739153942977371E-012  7.059196412954526E-012  6.338013720016628E-012  5.567201756488076E-012  5.076124672796053E-012  4.734775604646734E-012  4.198485190607595E-012  3.822246806077369E-012  3.223869333974607E-012  2.797281044142489E-012  2.573894131286206E-012  2.342670070712813E-012  2.102512006419795E-012  1.852002083088895E-012  1.589238733327724E-012  1.014823144711467E-012  6.922977553187313E-013  3.323433272546524E-013
   230.500032292340       5.984048990967579E-012  5.539693515178902E-012  5.076736757824486E-012  4.592580825432594E-012  4.083884965624681E-012  3.546170871439043E-012  2.973070152884713E-012  2.670382648465061E-012  2.354717234375967E-012  2.023657298469173E-012  1.816251015075430E-012  1.673730752553532E-012  1.452622012814794E-012  1.299618480840164E-012  1.060128734196450E-012  8.926150072591087E-013  8.061350377037774E-013  7.176618393334346E-013  6.270686965733177E-013  5.342568466375549E-013  4.391955002388180E-013  2.431684377170062E-013  1.442061182167871E-013  5.043173051959071E-014
   231.500032432437       1.789329011842680E-011  1.679133454430265E-011  1.562851682513812E-011  1.439346548285898E-011  1.307104178562074E-011  1.164026413094895E-011  1.007043239024056E-011  9.219303506275312E-012  8.313047939212898E-012  7.339677619117235E-012  6.716585509028989E-012  6.281949402340924E-012  5.596336064856863E-012  5.113166617596178E-012  4.340716422500524E-012  3.786814607141689E-012  3.495630778435728E-012  3.193384398363272E-012  2.878521127030513E-012  2.549031810165780E-012  2.202213240045846E-012  1.439042009140928E-012  1.006237359713924E-012  5.145982508704901E-013
   232.500032572534       1.505728544057550E-011  1.406317400370290E-011  1.301740896331664E-011  1.191148203592103E-011  1.073424795616171E-011  9.470549783582760E-012  8.098705184239219E-012  7.362500577352747E-012  6.585304109988324E-012  5.759030800098319E-012  5.235081447873768E-012  4.872022784850090E-012  4.303490536426723E-012  3.905951838177188E-012  3.275779336433580E-012  2.827906936914082E-012  2.593761965819916E-012  2.351639165959280E-012  2.100380686385303E-012  1.838507330183738E-012  1.564095946637541E-012  9.667087059905192E-013  6.361739083679673E-013  2.805983082102771E-013
   233.500032712631       2.236084270041470E-011  2.097429921260968E-011  1.951112747266928E-011  1.795728063246008E-011  1.629409465893687E-011  1.449576467777389E-011  1.252465582490479E-011  1.145712350169174E-011  1.032156060622555E-011  9.103389569801211E-012  8.324494588255426E-012  7.781621435722622E-012  6.926019849207476E-012  6.323589254340135E-012  5.361278780485310E-012  4.671681922826091E-012  4.309237794839358E-012  3.933021543850409E-012  3.541037210347996E-012  3.130694628035201E-012  2.698507368838628E-012  1.746306242226504E-012  1.206347254195820E-012  5.977065211465000E-013
   234.500032852728       1.414436983350970E-011  1.322451440463866E-011  1.225730196162630E-011  1.123449707742978E-011  1.014517396806845E-011  8.974247926597019E-012  7.699761858662914E-012  7.013679507401678E-012  6.287261500788071E-012  5.512032186085904E-012  5.018608290498078E-012  4.675766974837201E-012  4.137248221292574E-012  3.759464792450125E-012  3.158611548483681E-012  2.730359962248534E-012  2.506241737210618E-012  2.274471282194651E-012  2.034120282695854E-012  1.784055261934156E-012  1.522856823040218E-012  9.589166205326631E-013  6.495201803429516E-013  3.128501838491015E-013
   235.500032992825       1.320640996626194E-011  1.230378149107002E-011  1.135714371728732E-011  1.035953934248219E-011  9.301878722261047E-012  8.171822318619989E-012  6.951688027585326E-012  6.299852352195924E-012  5.613959342297072E-012  4.887186092867102E-012  4.427549683866831E-012  4.109572166546564E-012  3.612432377356934E-012  3.265369403380795E-012  2.716176798164673E-012  2.326726750794518E-012  2.123520932601229E-012  1.913789337586211E-012  1.696730081162105E-012  1.471408405935122E-012  1.236768456066989E-012  7.352981103791935E-013  4.675300726252765E-013  1.935004387677754E-013
   236.500033132922       1.711328647982720E-011  1.600810282854245E-011  1.484466722497734E-011  1.361290457633688E-011  1.229947047677941E-011  1.088597879000406E-011  9.345730946815918E-012  8.515933558077798E-012  7.636929418387994E-012  6.698443978658160E-012  6.100902265261045E-012  5.685619001901164E-012  5.033116985596860E-012  4.575183338511497E-012  3.846349239856564E-012  3.326272218424979E-012  3.053792243036993E-012  2.771712571380775E-012  2.478793896565648E-012  2.173511573798660E-012  1.853957637338667E-012  1.161444698594854E-012  7.805549339182517E-013  3.677176424368507E-013
   237.500033273018       1.716198928975993E-011  1.602774430442216E-011  1.483451349113579E-011  1.357254744738892E-011  1.222905063579337E-011  1.078658321049047E-011  9.220109682931311E-012  8.379081464233845E-012  7.490797689406941E-012  6.545745263827866E-012  5.945993305722668E-012  5.530138496459942E-012  4.878418718045751E-012  4.422311641638138E-012  3.698642165902407E-012  3.183972215556631E-012  2.914892510377049E-012  2.636734909319698E-012  2.348313463109477E-012  2.048177615364033E-012  1.734545416897760E-012  1.057605144618760E-012  6.887416465456420E-013  2.986037054957179E-013
   238.500033413115       2.827761268565807E-011  2.653413913183431E-011  2.469685562489372E-011  2.274808119546241E-011  2.066415492226716E-011  1.841204222086120E-011  1.594288894774606E-011  1.460425477973187E-011  1.317830786044673E-011  1.164520797841729E-011  1.066245940914586E-011  9.976106405247668E-012  8.891694996277646E-012  8.125992273225904E-012  6.898889974568552E-012  6.016538511263205E-012  5.551867345073070E-012  5.068977799432749E-012  4.565390652141719E-012  4.037962714045037E-012  3.482568155134257E-012  2.262254446510761E-012  1.574665194851799E-012  8.045872573944645E-013
   239.500033553212       2.763760513635457E-011  2.590005040163963E-011  2.406891817747827E-011  2.212724560851580E-011  2.005241085948817E-011  1.781296447757894E-011  1.536268794811089E-011  1.403721760977158E-011  1.262818550226511E-011  1.111733063641236E-011  1.015147122235116E-011  9.478302122906481E-012  8.417304514615356E-012  7.670222273656669E-012  6.476993977852993E-012  5.622466717437440E-012  5.173780478642264E-012  4.708597207566194E-012  4.224798622831781E-012  3.719733384584008E-012  3.189961862600558E-012  2.035200043684897E-012  1.391895579899350E-012  6.811385181954633E-013
   240.500033693309       4.590203135331352E-011  4.322800097195337E-011  4.040430940847703E-011  3.740030426784456E-011  3.417467418162937E-011  3.066939435650865E-011  2.679822766462026E-011  2.468526596121832E-011  2.242210263395462E-011  1.997313120078341E-011  1.839380145702173E-011  1.728597134898909E-011  1.552677554231543E-011  1.427741039042769E-011  1.226100231555356E-011  1.079856101158239E-011  1.002346081177550E-011  9.213833139446672E-012  8.364398176747672E-012  7.468249185626747E-012  6.515998869089448E-012  4.382075124608451E-012  3.143273643412410E-012  1.700122512813755E-012
   241.500033833406       2.937368726844100E-011  2.756919436137353E-011  2.566296344766378E-011  2.363641195232955E-011  2.146479398789193E-011  1.911380315640017E-011  1.653324304932393E-011  1.513387675193923E-011  1.364381569962707E-011  1.204338020800105E-011  1.101881333286785E-011  1.030403550783119E-011  9.176172870757085E-012  8.380889729180046E-012  7.108068662736680E-012  6.193697845389745E-012  5.712230687632951E-012  5.211768081205844E-012  4.689547432668313E-012  4.142041975716340E-012  3.564638477131655E-012  2.292712650388920E-012  1.576106232175496E-012  7.774957661352325E-013
   242.500033973503       3.729049861938744E-011  3.504729948961992E-011  3.267892309051040E-011  3.016166733037421E-011  2.746376073927129E-011  2.454076470612387E-011  2.132682184640435E-011  1.958011358771874E-011  1.771591635208539E-011  1.570717258718983E-011  1.441680994476671E-011  1.351419741049508E-011  1.208536936958094E-011  1.107411776148469E-011  9.448392065441500E-012  8.274403642725800E-012  7.653992440116163E-012  7.007348956803922E-012  6.330562736544081E-012  5.618604207019306E-012  4.864807651624740E-012  3.190664603277585E-012  2.235785782211048E-012  1.160002052205961E-012
   243.500034113600       5.402900046415587E-011  5.093079244237767E-011  4.764996927120632E-011  4.414983985137468E-011  4.038097765308554E-011  3.627398395081321E-011  3.172581071175276E-011  2.923836216796874E-011  2.657066408079911E-011  2.368052487767548E-011  2.181517705529417E-011  2.050619048502558E-011  1.842699182886619E-011  1.695018659771361E-011  1.456696175813752E-011  1.283905422781827E-011  1.192352278365821E-011  1.096739274787562E-011  9.964373835323032E-012  8.906112104259795E-012  7.780995640467337E-012  5.251200540918826E-012  3.769675840517729E-012  2.024332601021442E-012
   244.500034253697       7.011218555553127E-011  6.624430041113625E-011  6.215194211773866E-011  5.778627413538478E-011  5.308083684971124E-011  4.794130539166777E-011  4.222588400954331E-011  3.908548219080016E-011  3.570307499815993E-011  3.201853871252199E-011  2.962752903845463E-011  2.794279696292452E-011  2.525374914084967E-011  2.333300114707092E-011  2.021179846408582E-011  1.792997181324730E-011  1.671378359601306E-011  1.543797032666580E-011  1.409301070135830E-011  1.266635078537974E-011  1.114074773319495E-011  7.677967110563094E-012  5.629624614154381E-012  3.182751574033549E-012
   245.500034393794       8.137504293722094E-011  7.691536068569367E-011  7.220294708491684E-011  6.718144605220885E-011  6.177385071529407E-011  5.587044159002817E-011  4.930563291616090E-011  4.569697066284577E-011  4.180776408974370E-011  3.756689877978124E-011  3.481169016619398E-011  3.286848029576737E-011  2.976307181507955E-011  2.754157869652316E-011  2.392450496113311E-011  2.127350580121262E-011  1.985788823647006E-011  1.837065358332834E-011  1.680013881194723E-011  1.513093856886709E-011  1.334186832924222E-011  9.263470242212059E-012  6.839363467829090E-012  3.932423617824192E-012
   246.500034533891       5.868584616132195E-011  5.520802597492008E-011  5.153477003059321E-011  4.762832635678042E-011  4.343795193202406E-011  3.889245647674658E-011  3.388595157363942E-011  3.116036660097705E-011  2.824707476720720E-011  2.510187485895898E-011  2.307756215190422E-011  2.165942272450898E-011  1.941038901011331E-011  1.781512313641564E-011  1.524322955246943E-011  1.337933706692693E-011  1.239169253436598E-011  1.136009851596071E-011  1.027779030824700E-011  9.136063990434480E-012  7.923435712161364E-012  5.216287132887000E-012  3.665361993550912E-012  1.911737991050956E-012
   247.500034673988       9.605917888641071E-011  9.082766703867053E-011  8.530116113715058E-011  7.941308091038046E-011  7.307199795140132E-011  6.614706890156980E-011  5.844011425834312E-011  5.419949532582473E-011  4.962496583578581E-011  4.463083484506483E-011  4.138239392908451E-011  3.908928775367872E-011  3.542091940909268E-011  3.279360823399147E-011  2.850973763650382E-011  2.536495972600517E-011  2.368384887973053E-011  2.191633043887052E-011  2.004836543066750E-011  1.806145347886757E-011  1.593019845993925E-011  1.106601526437482E-011  8.171155627654865E-012  4.695369550103168E-012
   248.500034814085       4.630829854805785E-011  4.341142351712794E-011  4.035096402278237E-011  3.709860423933577E-011  3.361686196566771E-011  2.985412887117668E-011  2.573543237207368E-011  2.350841159956472E-011  2.114291401242457E-011  1.860957689961205E-011  1.699198578897601E-011  1.586543769343365E-011  1.409098061700763E-011  1.284193289996546E-011  1.084607872275690E-011  9.414155532717117E-012  8.660559261730649E-012  7.877360786781821E-012  7.060096390256784E-012  6.203053484034917E-012  5.298772183475139E-012  3.305207047043246E-012  2.184816722632505E-012  9.646078598058308E-013
   249.500034954182       5.022332895454732E-011  4.719207365830924E-011  4.398695364156612E-011  4.057622625638019E-011  3.691733356444622E-011  3.295073461000937E-011  2.858826368215451E-011  2.621768623599832E-011  2.368855823327023E-011  2.096512981168108E-011  1.921709702546073E-011  1.799518070919571E-011  1.606256482464646E-011  1.469617005542708E-011  1.250236361989080E-011  1.092069464717564E-011  1.008582685342439E-011  9.216443968376206E-012  8.307406213678963E-012  7.352011060675121E-012  6.341173133811762E-012  4.095300352668734E-012  2.812260946343836E-012  1.377212000830444E-012
   250.500035094278       9.015350745048062E-011  8.515217172665624E-011  7.984953729639052E-011  7.418323165556490E-011  6.806866722110508E-011  6.138616441218988E-011  5.395636658884572E-011  4.987703399430440E-011  4.548730053833711E-011  4.071150142844135E-011  3.761635326454264E-011  3.543761219609781E-011  3.196407805345505E-011  2.948627932954721E-011  2.546643641167170E-011  2.253342564490671E-011  2.097239994370119E-011  1.933666126105693E-011  1.761442328240820E-011  1.579014595192989E-011  1.384245980192723E-011  9.434157390262778E-012  6.836001444815144E-012  3.754745321553780E-012
   251.300038258114       6.946241953221455E-011  6.538571147608682E-011  6.106985690122164E-011  5.646883324720983E-011  5.152063839417364E-011  4.613812124630988E-011  4.019158738585288E-011  3.694636379037444E-011  3.347182149763758E-011  2.971467230995619E-011  2.729384121523237E-011  2.559705994035703E-011  2.290548091698954E-011  2.099658718888039E-011  1.792181498836597E-011  1.569798497412659E-011  1.452213545376109E-011  1.329648682725053E-011  1.201401643138382E-011  1.066572961390690E-011  9.239652971852270E-012  6.077743656207843E-012  4.271228942591908E-012  2.203374604355440E-012
   251.800038328163       7.992939223159382E-011  7.538246654561111E-011  7.055653812017447E-011  6.539729799373459E-011  5.983143359428084E-011  5.375569834840871E-011  4.701615359059826E-011  4.332557215862204E-011  3.936390430756636E-011  3.506746872172717E-011  3.229187737723797E-011  3.034283870282777E-011  2.724460206824214E-011  2.504207397786671E-011  2.148398460885132E-011  1.890129609564250E-011  1.753194611764489E-011  1.610138600482676E-011  1.460046217650655E-011  1.301725775787064E-011  1.133558946767993E-011  7.569852971670698E-012  5.382303381935347E-012  2.825405941493466E-012
   252.500035374472       9.520794310146232E-011  8.997268232217551E-011  8.441366016221205E-011  7.846513962863529E-011  7.203787851351380E-011  6.500536747345383E-011  5.717742415175156E-011  5.287554470418289E-011  4.824297150877744E-011  4.319850605109553E-011  3.992637198381977E-011  3.762151019089111E-011  3.394394320449206E-011  3.131809972053619E-011  2.705292410780280E-011  2.393627563353978E-011  2.227573840279625E-011  2.053434746569400E-011  1.869937537793260E-011  1.675419818094090E-011  1.467628561261140E-011  9.976020674924930E-012  7.216285769700663E-012  3.960334820377281E-012
   253.500035514569       1.673354101900911E-010  1.586458602489596E-010  1.494920511455338E-010  1.397625573324672E-010  1.293018676479743E-010  1.178827236063139E-010  1.051527146052992E-010  9.812573267897634E-011  9.051726588542770E-011  8.216602891788928E-011  7.670210305356590E-011  7.282700889855878E-011  6.659176737509286E-011  6.209469753712406E-011  5.469554078775687E-011  4.920160283807021E-011  4.623939371530809E-011  4.310350122581424E-011  3.976300295846865E-011  3.617658928386583E-011  3.228676738442162E-011  2.320823800929528E-011  1.764086935677578E-011  1.074468436969493E-011
   254.500035654666       2.035726745583635E-010  1.930572315884370E-010  1.820161474744938E-010  1.703163233910460E-010  1.577715003155163E-010  1.441078520495078E-010  1.288965351240335E-010  1.205010652506852E-010  1.114053977517389E-010  1.014085342914244E-010  9.485688984906178E-011  9.020367237311620E-011  8.270255636463085E-011  7.728033578785162E-011  6.833317770120977E-011  6.166604353639605E-011  5.806177749083486E-011  5.423822714273378E-011  5.015543662235196E-011  4.575975478856747E-011  4.097604609133144E-011  2.973124288988495E-011  2.276447030540276E-011  1.404010538967412E-011
   255.500035794763       2.191425376272317E-010  2.077259821709837E-010  1.957351192956550E-010  1.830227608145039E-010  1.693842056279360E-010  1.545204736623566E-010  1.379666178672897E-010  1.288303047016531E-010  1.189351766550687E-010  1.080673919898766E-010  1.009518568863677E-010  9.590259084085142E-011  8.777278395470534E-011  8.190515080376576E-011  7.224335417053048E-011  6.506316725927124E-011  6.118945286980762E-011  5.708668693701252E-011  5.271381435119959E-011  4.801582041312885E-011  4.291581817649979E-011  3.098447018286147E-011  2.362996215041078E-011  1.443487511429813E-011
   256.500035934860       1.411554721502941E-010  1.334064422334124E-010  1.251980386487773E-010  1.164330065762207E-010  1.069790219360313E-010  9.664827812499964E-011  8.515827492838226E-011  7.884537735257566E-011  7.204668939915290E-011  6.464126466205326E-011  5.983546096351907E-011  5.644880462419040E-011  5.104178993842452E-011  4.717788102430561E-011  4.089425952889250E-011  3.629529208173207E-011  3.384180850464143E-011  3.126602504342361E-011  2.854808397869084E-011  2.566171413996877E-011  2.257067733965219E-011  1.553200846969410E-011  1.134905997371841E-011  6.332894374369261E-012
   257.500036074957       1.984454005079675E-010  1.879972917849000E-010  1.770133019083327E-010  1.653633226840145E-010  1.528663041071538E-010  1.392577188426086E-010  1.241265801009003E-010  1.157909450563303E-010  1.067779965756081E-010  9.689906928217347E-011  9.044299883378131E-011  8.586761387300555E-011  7.851115944993017E-011  7.320955815473785E-011  6.449388467869309E-011  5.802797854334136E-011  5.454359737904108E-011  5.085632630348606E-011  4.693004741469886E-011  4.271651491003838E-011  3.814853863750149E-011  2.749226751955226E-011  2.095039503393304E-011  1.280799536388308E-011
   258.500036215054       1.684477740364836E-010  1.592942205408474E-010  1.495856333438288E-010  1.392037288881304E-010  1.279876644648649E-010  1.157093059848933E-010  1.020258355984501E-010  9.449579704595025E-011  8.637722498758095E-011  7.752415425473114E-011  7.177387457694235E-011  6.771954276688373E-011  6.124339665587185E-011  5.661342126853386E-011  4.908084610777625E-011  4.356534125583016E-011  4.062192987192626E-011  3.753092148949632E-011  3.426816835281617E-011  3.080170950159519E-011  2.708752820089759E-011  1.862320141722602E-011  1.359076306572241E-011  7.546846465353176E-012
   259.500036355151       1.923975601884800E-010  1.820975450442456E-010  1.712311222320136E-010  1.596685579251081E-010  1.472303881543925E-010  1.336572909123818E-010  1.185523130860498E-010  1.102355545668551E-010  1.012545968477564E-010  9.143289489350732E-011  8.503118780193473E-011  8.050420334597443E-011  7.324540078494839E-011  6.803124815617919E-011  5.949495364477990E-011  5.319477956907237E-011  4.981284428956086E-011  4.624513663307575E-011  4.246005572181705E-011  3.841584439972615E-011  3.405505550233928E-011  2.400079175209825E-011  1.793717120686022E-011  1.055452611570997E-011
   260.500036495248       2.508379715769738E-010  2.378058448806152E-010  2.240835431077533E-010  2.095018518238766E-010  1.938257831603910E-010  1.767129432745462E-010  1.576330930421834E-010  1.470994105974648E-010  1.356928880033132E-010  1.231720240993257E-010  1.149801632610308E-010  1.091707135473484E-010  9.982403940837993E-011  9.308401008290717E-011  8.199691152333317E-011  7.376656748336381E-011  6.932945287445300E-011  6.463236503431078E-011  5.962876420634973E-011  5.425636180232855E-011  4.842827577873488E-011  3.481461961406942E-011  2.644773652472047E-011  1.604272817867508E-011
   261.500036635345       2.415123692499792E-010  2.289456086997330E-010  2.156438509378564E-010  2.014390079984869E-010  1.860993775708858E-010  1.692915065948865E-010  1.505070355543493E-010  1.401312973617322E-010  1.289030299703689E-010  1.165981655132853E-010  1.085653288747887E-010  1.028795785912456E-010  9.375462484775785E-011  8.719445359129496E-011  7.644537375930485E-011  6.850415766313977E-011  6.423770761701214E-011  5.973316496654457E-011  5.494847065004156E-011  4.982705359581725E-011  4.428939210230070E-011  3.141744824361002E-011  2.353880760124609E-011  1.378100194389708E-011
   262.500036775441       3.391463321654674E-010  3.216627137148060E-010  3.033386459280905E-010  2.839497516160960E-010  2.631854857764137E-010  2.405936069791874E-010  2.154692767306972E-010  2.016131649554690E-010  1.866083872156292E-010  1.701233908291451E-010  1.593222651552946E-010  1.516517802363455E-010  1.392875689951878E-010  1.303500218723068E-010  1.155999620978370E-010  1.046038093174625E-010  9.865596470243954E-011  9.234240015096832E-011  8.559475623005712E-011  7.832051959632729E-011  7.038899545553886E-011  5.164790867211852E-011  3.992379302390976E-011  2.500480940333468E-011
   263.500036915538       4.759795779688587E-010  4.501461917138331E-010  4.235901183335990E-010  3.960154385862270E-010  3.670101858442118E-010  3.359708656243787E-010  3.019506352385336E-010  2.833551957934493E-010  2.633077042548175E-010  2.413401342795857E-010  2.269509834850256E-010  2.167225816740161E-010  2.001992550031703E-010  1.882140729165156E-010  1.683280748429468E-010  1.533936035074914E-010  1.452691901695017E-010  1.366056477812678E-010  1.272977498246988E-010  1.172025196151532E-010  1.061169377712995E-010  7.955525682566083E-011  6.263753053620737E-011  4.071724606984638E-011
   264.500037055635       4.100252564614034E-010  3.884033126156244E-010  3.659076741995228E-010  3.422683908828924E-010  3.171112755000764E-010  2.898907540968896E-010  2.597546227336152E-010  2.431750548202378E-010  2.252381291315470E-010  2.055357420216755E-010  1.926199796999173E-010  1.834411611305585E-010  1.686290207026445E-010  1.579058228281181E-010  1.401725060533383E-010  1.269190023314841E-010  1.197375122850323E-010  1.121046429336703E-010  1.039360467658248E-010  9.511800053117261E-011  8.549066484362846E-011  6.271243804688016E-011  4.847631237476998E-011  3.045834545774444E-011
   265.500037195732       5.223956153330665E-010  4.928701260940442E-010  4.626676880448317E-010  4.314662065339510E-010  3.988222980558326E-010  3.640908157230813E-010  3.262687147616567E-010  3.057087304209799E-010  2.836386731998446E-010  2.595728486309552E-010  2.438765069854316E-010  2.327503373671725E-010  2.148289505100699E-010  2.018671302199399E-010  1.804219230653339E-010  1.643592539506228E-010  1.556337917265122E-010  1.463375051509588E-010  1.363575974503865E-010  1.255406013292968E-010  1.136684173330461E-010  8.523551458819652E-011  6.713857214111746E-011  4.374101889219983E-011
   266.500037335829       4.964014307232433E-010  4.706626467161294E-010  4.438734586990690E-010  4.157022170856127E-010  3.856874352706211E-010  3.531535484137667E-010  3.170418395990169E-010  2.971239441501927E-010  2.755292410088141E-010  2.517494443654380E-010  2.361252039793627E-010  2.250040050674548E-010  2.070263785910555E-010  1.939877747621170E-010  1.723829212377865E-010  1.562035589924371E-010  1.474262815557982E-010  1.380902733731594E-010  1.280920923445362E-010  1.172926495591173E-010  1.054968930060532E-010  7.757888671289267E-011  6.012036703716244E-011  3.795776549634312E-011
   267.500037475926       4.447178180183356E-010  4.207153538143490E-010  3.957644839618438E-010  3.695844819542985E-010  3.417888889775450E-010  3.118199873934393E-010  2.788152275361292E-010  2.607525720906380E-010  2.412956408313583E-010  2.200280644363965E-010  2.061448151702713E-010  1.963055061632838E-010  1.804720741547589E-010  1.690410243759280E-010  1.501864616006028E-010  1.361260051507336E-010  1.285145606108849E-010  1.204276284020660E-010  1.117733567558656E-010  1.024267799686291E-010  9.221048684727450E-011  6.793854768515631E-011  5.266362433740148E-011  3.322292468726101E-011
   268.500037616023       5.783573046749898E-010  5.481527770243497E-010  5.168456637925079E-010  4.840607793764766E-010  4.492768738422158E-010  4.117329822053676E-010  3.702397879714786E-010  3.474270451185291E-010  3.227442117143179E-010  2.956107997230009E-010  2.778002994281179E-010  2.651266728401186E-010  2.446380402392408E-010  2.297707101447677E-010  2.051050571247714E-010  1.865935459514990E-010  1.765311268346583E-010  1.658090581548008E-010  1.543006714806207E-010  1.418342735254700E-010  1.281668542558685E-010  9.554028814814065E-011  7.487625517400692E-011  4.825683559130842E-011
   269.500037756120       4.599555534583490E-010  4.368861970172769E-010  4.125457491192191E-010  3.866172284469218E-010  3.586605047951278E-010  3.280341242679239E-010  2.937431187359276E-010  2.747414953025303E-010  2.541055503637049E-010  2.313782811649747E-010  2.164641054804255E-010  2.058650894757498E-010  1.887723933026920E-010  1.764146765352880E-010  1.560253570213462E-010  1.408369187379493E-010  1.326283622539320E-010  1.239221289634195E-010  1.146271523404470E-010  1.046205835660386E-010  9.372924253184815E-011  6.808994675429887E-011  5.212184009849265E-011  3.188670409473013E-011
   270.500037896217       6.738977877067815E-010  6.374219372240971E-010  5.998808107685506E-010  5.608663344806982E-010  5.198090563345942E-010  4.758746733587668E-010  4.277605769395779E-010  4.014977049301898E-010  3.732273424216046E-010  3.423131006298000E-010  3.221033634706812E-010  3.077564955506171E-010  2.846112382999605E-010  2.678441120396835E-010  2.400539502998143E-010  2.191982115508395E-010  2.078537794751156E-010  1.957544662498767E-010  1.827494536939178E-010  1.686324090947916E-010  1.531078035850045E-010  1.157369889321955E-010  9.172165730557646E-011  6.023667012859067E-011
   271.500038036314       6.806902194015330E-010  6.462538016289250E-010  6.104481517163350E-010  5.728385268696665E-010  5.328154728476594E-010  4.894824917887761E-010  4.414284401318787E-010  4.149327918163845E-010  3.862010029183861E-010  3.545350822141103E-010  3.337002096391943E-010  3.188495480134492E-010  2.947956126912424E-010  2.773042376753664E-010  2.482131714831050E-010  2.263184862978584E-010  2.143937186272672E-010  2.016683900891121E-010  1.879873347349369E-010  1.731396465732303E-010  1.568256318708178E-010  1.176983030683482E-010  9.274003250365006E-011  6.030239066747439E-011
   272.500038176411       6.309560720323283E-010  6.001070067910426E-010  5.676855660417463E-010  5.332687812700398E-010  4.962655069381688E-010  4.558072900149844E-010  4.105297256237021E-010  3.854125758927287E-010  3.580817844403068E-010  3.278822462684257E-010  3.079889588948686E-010  2.938071413408014E-010  2.708466028275819E-010  2.541682772082481E-010  2.264857579426867E-010  2.057148009536999E-010  1.944304705790054E-010  1.824136753126547E-010  1.695261190623034E-010  1.555805215991708E-010  1.403119379768334E-010  1.039606909046608E-010  8.099795661981070E-011  5.139559745499985E-011
   273.500038316508       6.550546659328038E-010  6.226595769835687E-010  5.886536758762268E-010  5.525999478945706E-010  5.138893246508394E-010  4.716295215924486E-010  4.244218223181626E-010  3.982752563739406E-010  3.698588371972725E-010  3.385020365445716E-010  3.178707495760427E-010  3.031745583213187E-010  2.794017412012196E-010  2.621489850341321E-010  2.335408697461299E-010  2.120967378422795E-010  2.004536177778394E-010  1.880595044233706E-010  1.747719994866966E-010  1.603979504345050E-010  1.446636144840526E-010  1.072030761115201E-010  8.352409519090136E-011  5.294654406691031E-011
   274.500038456605       8.722097307102642E-010  8.286125163295346E-010  7.833567134998368E-010  7.359009261914684E-010  6.854805434276010E-010  6.309612191796605E-010  5.705413857862829E-010  5.372210089526438E-010  5.010635319516513E-010  4.611616025739889E-010  4.348654793720592E-010  4.160962638607462E-010  3.856405620600440E-010  3.634443103941226E-010  3.264175694728704E-010  2.984435832909139E-010  2.831638643115303E-010  2.668211342829872E-010  2.492053710199159E-010  2.300307894787165E-010  2.088911025542091E-010  1.578711856851042E-010  1.250903043434941E-010  8.219486895680972E-011
   275.500038596701       8.520142185493204E-010  8.084321200518717E-010  7.632205841253093E-010  7.158381283287608E-010  6.655253501128638E-010  6.111661959747374E-010  5.510094056597154E-010  5.178931617903458E-010  4.820221035618348E-010  4.425321571583780E-010  4.165711478013889E-010  3.980752638244639E-010  3.681286508648052E-010  3.463584539039646E-010  3.101555905190538E-010  2.829062029479059E-010  2.680620759513099E-010  2.522176927757592E-010  2.351775738900788E-010  2.166755416514284E-010  1.963326146482435E-010  1.474616465224286E-010  1.162093572548631E-010  7.545225468045961E-011
   276.500038736798       1.094397893484413E-009  1.034808171718250E-009  9.738676173379738E-010  9.109703811331567E-010  8.452576068852018E-010  7.754455286919878E-010  6.994867922909944E-010  6.581845870610002E-010  6.138052836612015E-010  5.653236117148801E-010  5.336303298295132E-010  5.111198516745279E-010  4.747625434587226E-010  4.483734565421368E-010  4.044946375120995E-010  3.714099422328861E-010  3.533447791215200E-010  3.340167192299211E-010  3.131650763761154E-010  2.904321704916029E-010  2.653042500226603E-010  2.041931181434269E-010  1.643648244618562E-010  1.111888426550989E-010
   277.500038876895       1.377910819911010E-009  1.300564181257611E-009  1.222095211369231E-009  1.141805243648811E-009  1.058697668235818E-009  9.712679813549318E-010  8.770808843434924E-010  8.262230652287009E-010  7.717984518877644E-010  7.125342942696016E-010  6.738581009943433E-010  6.464015323463447E-010  6.020498641042725E-010  5.698309342308428E-010  5.161511019214418E-010  4.755406271481689E-010  4.533010844963226E-010  4.294469693875988E-010  4.036349669362738E-010  3.753928884023251E-010  3.440415095842590E-010  2.671625445459217E-010  2.165751459818535E-010  1.484760916615964E-010
   278.500039016992       1.014323012962361E-009  9.643578009900811E-010  9.122654797871926E-010  8.574180488282947E-010  7.989323366077194E-010  7.355062710150022E-010  6.650873895542401E-010  6.262385864900272E-010  5.841008671671849E-010  5.376487930178722E-010  5.070757029349571E-010  4.852764846242655E-010  4.499482831994742E-010  4.242371149412890E-010  3.814160727731123E-010  3.491193203067980E-010  3.314962472270244E-010  3.126588438255334E-010  2.923645787513583E-010  2.702816120288811E-010  2.459347549674071E-010  1.870729543374304E-010  1.490395602014661E-010  9.866817430292314E-011
   279.500039157089       1.318145939553278E-009  1.247762799121791E-009  1.175433969432501E-009  1.100490101408317E-009  1.021963328607275E-009  9.383841659339360E-010  8.473773685294065E-010  7.978958156862568E-010  7.447450884121092E-010  6.867102046019708E-010  6.487902330990204E-010  6.218656620411523E-010  5.783906499655522E-010  5.468396807982401E-010  4.943683905408293E-010  4.547776122099619E-010  4.331421567853678E-010  4.099750662686477E-010  3.849540461244321E-010  3.576351466520266E-010  3.273780492029169E-010  2.534504731796604E-010  2.049442094969552E-010  1.396876822004927E-010
   280.500039297186       1.348950683251386E-009  1.280781998814165E-009  1.210319399628746E-009  1.136808508556548E-009  1.059169317071466E-009  9.757810229969290E-010  8.840449798323550E-010  8.337413274252959E-010  7.793602255042841E-010  7.195532241051286E-010  6.802250335466552E-010  6.521791728514731E-010  6.066849687849673E-010  5.735151373100516E-010  5.180959693126285E-010  4.761016051685371E-010  4.530996981495540E-010  4.284357988937038E-010  4.017673843721018E-010  3.726248628783674E-010  3.403349476967277E-010  2.615322433606673E-010  2.100700297208474E-010  1.414571475189162E-010
   281.500039437283       1.393424497837028E-009  1.324173463534724E-009  1.252472800331373E-009  1.177529994313507E-009  1.098217528843472E-009  1.012854732992558E-009  9.187678518836981E-010  8.671192276554510E-010  8.112615915710013E-010  7.498275882728996E-010  7.094391565912785E-010  6.806454137931856E-010  6.339558880929926E-010  5.999294288968448E-010  5.431053788804964E-010  5.000630767871689E-010  4.764898606040782E-010  4.512122618677572E-010  4.238745548492594E-010  3.939862583864278E-010  3.608388867483762E-010  2.796620671131442E-010  2.262348686905155E-010  1.540082333109622E-010
   282.500039577380       1.472727566038293E-009  1.402303219132165E-009  1.329094437982864E-009  1.252242191100347E-009  1.170521363520976E-009  1.082095449078783E-009  9.840140740602400E-010  9.298657674191604E-010  8.710327510547989E-010  8.059737687406190E-010  7.629911523325862E-010  7.322442625602518E-010  6.822061798382227E-010  6.456018755806847E-010  5.842295373509743E-010  5.375570478017965E-010  5.119360639295013E-010  4.844220367623358E-010  4.546260143924003E-010  4.220150644966680E-010  3.858253854732789E-010  2.972812426004772E-010  2.392781827031340E-010  1.615899146727625E-010
   283.500039717477       1.355912949214685E-009  1.297813744795943E-009  1.236338656674429E-009  1.170602648949058E-009  1.099340715358094E-009  1.020651982304299E-009  9.314861670974403E-010  8.814478406300824E-010  8.264743131971854E-010  7.650233199653409E-010  7.240944442456607E-010  6.946785188364279E-010  6.465985054515968E-010  6.112922489452424E-010  5.519099175630904E-010  5.066496577919943E-010  4.817852904588834E-010  4.550799831282665E-010  4.261660731423889E-010  3.945425331771648E-010  3.594962965917782E-010  2.741349873763580E-010  2.187019462556981E-010  1.453449273449926E-010
   284.500039857574       1.162679844869074E-009  1.115930525647306E-009  1.065591730457978E-009  1.010796529731395E-009  9.503216329478983E-010  8.823576381623852E-010  8.040512156301037E-010  7.596127231288523E-010  7.104693432366224E-010  6.552341932532834E-010  6.183243646870555E-010  5.917606225783993E-010  5.483156273666571E-010  5.164213957214004E-010  4.628677757120144E-010  4.221897217020897E-010  3.999170038919075E-010  3.760682742585339E-010  3.503469787910572E-010  3.223532294557955E-010  2.915237984115873E-010  2.174498164721579E-010  1.702054815536831E-010  1.086449213164505E-010
   285.500039997671       7.055108643896230E-010  6.742054291388913E-010  6.403562359640099E-010  6.034132111077901E-010  5.626146334317893E-010  5.168564348002828E-010  4.644373200251434E-010  4.349099836162311E-010  4.024979047928819E-010  3.664292954280285E-010  3.425723045190829E-010  3.255372346675071E-010  2.979400654676887E-010  2.779037860487984E-010  2.447221382230422E-010  2.199321222420827E-010  2.065189771180018E-010  1.922874619957585E-010  1.770947972902059E-010  1.607503182977587E-010  1.429882953026067E-010  1.013949377517744E-010  7.573600167585579E-011  4.362584390202874E-011
   286.500040137768       1.632645253434217E-009  1.567192847241104E-009  1.497548918889695E-009  1.422633863277277E-009  1.340897610689837E-009  1.250002450560382E-009  1.146184033685734E-009  1.087536908948562E-009  1.022779766662979E-009  9.499764243940519E-010  9.012325190774554E-010  8.660689125887519E-010  8.083478048866621E-010  7.657581577610303E-010  6.937144472761471E-010  6.384401006662586E-010  6.079353636610075E-010  5.750600602011356E-010  5.393336596994865E-010  5.001009733749991E-010  4.564293750466820E-010  3.492365671596495E-010  2.790618465275615E-010  1.857650515472738E-010
   287.500040277865       1.755003982745300E-009  1.678212318701345E-009  1.597412467353379E-009  1.511509955601907E-009  1.418944754027145E-009  1.317375371021977E-009  1.203032678559329E-009  1.139171719831534E-009  1.069221404985578E-009  9.912309283312664E-010  9.393709048611236E-010  9.021267088273552E-010  8.412799571266803E-010  7.966048900832481E-010  7.214365315279736E-010  6.640862124871935E-010  6.325462917972558E-010  5.986367650616736E-010  5.618744280923078E-010  5.215976742097753E-010  4.768595152769523E-010  3.672963122308206E-010  2.955453519989277E-010  1.995628798970805E-010
   288.500040417961       2.452332329327171E-009  2.329219624052458E-009  2.202802643412007E-009  2.071880568817675E-009  1.934713343017801E-009  1.788649250665099E-009  1.629368457849472E-009  1.542576733966566E-009  1.449117596351094E-009  1.346684945485059E-009  1.279467187856610E-009  1.231569581426268E-009  1.153875494368100E-009  1.097173892068777E-009  1.002175900954065E-009  9.298230035698848E-010  8.900034407414297E-010  8.471230952417425E-010  8.005075918598843E-010  7.492199054249600E-010  6.918955828914512E-010  5.491882263381553E-010  4.531465154122946E-010  3.201314816381307E-010
   289.500040558058       2.759003606146780E-009  2.609255584471747E-009  2.457208842057100E-009  2.301609007680605E-009  2.140643215582377E-009  1.971544944072532E-009  1.789788295338592E-009  1.691852928596861E-009  1.587206444798687E-009  1.473408451263663E-009  1.399199863550703E-009  1.346528470113709E-009  1.261426696769227E-009  1.199554680907802E-009  1.096266647290155E-009  1.017844131183338E-009  9.747494189443410E-010  9.283791890494277E-010  8.779991963952208E-010  8.225871379370893E-010  7.606511129644335E-010  6.062968940793141E-010  5.021572332190796E-010  3.573867897707789E-010
   291.000040768204       3.282182992982287E-009  3.081613772545314E-009  2.880917243429646E-009  2.678623834496938E-009  2.472729712868829E-009  2.260279072683347E-009  2.036493638046223E-009  1.917903489532686E-009  1.792706544281419E-009  1.658285297741356E-009  1.571558139642507E-009  1.510432488314197E-009  1.412409393995929E-009  1.341704514687105E-009  1.224691433733698E-009  1.136652875795222E-009  1.088543948803743E-009  1.036971496211660E-009  9.811428701081364E-010  9.199499752058875E-010  8.517692441348496E-010  6.824834881336200E-010  5.683891231798187E-010  4.091389813057334E-010
   293.000041048398       3.718956915229331E-009  3.489006940254925E-009  3.259948019354247E-009  3.030066408803302E-009  2.797052523679686E-009  2.557513396154052E-009  2.305966144695025E-009  2.172882232240835E-009  2.032469443080156E-009  1.881727950847525E-009  1.784435435714050E-009  1.715826849450454E-009  1.605706454766719E-009  1.526173211898368E-009  1.394292801670421E-009  1.294808345773639E-009  1.240338792194126E-009  1.181861591261649E-009  1.118458077165366E-009  1.048846203871579E-009  9.711507437717787E-010  7.777377282366028E-010  6.471394814301753E-010  4.649427718570871E-010
   295.000041328591       3.780511695996662E-009  3.562108227786985E-009  3.342813132852444E-009  3.120898868922153E-009  2.893960952725252E-009  2.658398071464625E-009  2.408330969976283E-009  2.274834619320428E-009  2.133045696213106E-009  1.979721239952642E-009  1.880145039463497E-009  1.809634784162516E-009  1.695962779942175E-009  1.613488295910347E-009  1.476060856466071E-009  1.371869822859581E-009  1.314646995821990E-009  1.253085080218266E-009  1.186196980066408E-009  1.112606083890131E-009  1.030299787532306E-009  8.247718474805364E-010  6.856218629535937E-010  4.913156569893329E-010
   297.000041608785       3.809344039745519E-009  3.602316828860640E-009  3.393101379274721E-009  3.179839531120570E-009  2.959944682759975E-009  2.729542939960336E-009  2.482306197818177E-009  2.349117815063952E-009  2.206695576379490E-009  2.051556333855533E-009  1.950179988573676E-009  1.878108508717011E-009  1.761443361251570E-009  1.676451524972459E-009  1.534245602423075E-009  1.426003280349952E-009  1.366420353296896E-009  1.302227155551377E-009  1.232387641212915E-009  1.155460922390843E-009  1.069347707178950E-009  8.542520921960326E-010  7.088684707245176E-010  5.065989582982568E-010
   299.000041888979       4.487357466270493E-009  4.229677627102868E-009  3.970760707157145E-009  3.708641332072740E-009  3.440588538985243E-009  3.162513168434278E-009  2.867721944720418E-009  2.710598371044316E-009  2.543938230217347E-009  2.363985951665176E-009  2.247255790366192E-009  2.164656753684607E-009  2.031577094280806E-009  1.935064541184062E-009  1.774264749918810E-009  1.652302871682732E-009  1.585272668836108E-009  1.513102076243182E-009  1.434598597113105E-009  1.348093479943678E-009  1.251139872559676E-009  1.007880235428162E-009  8.421176181263010E-010  6.090392500625778E-010
   301.000042169173       4.885224141981917E-009  4.608536083539165E-009  4.329508884370160E-009  4.046131940990483E-009  3.755562060607854E-009  3.453493085086547E-009  3.132824868046567E-009  2.961829657529828E-009  2.780464128866520E-009  2.584699309434114E-009  2.457770909113368E-009  2.367989630992644E-009  2.223403080609451E-009  2.118597006994347E-009  1.944072601489478E-009  1.811769067011134E-009  1.739074227797797E-009  1.660814782747467E-009  1.575694231307973E-009  1.481896024957796E-009  1.376752129792919E-009  1.112696378362712E-009  9.322397214005442E-010  6.768452460957806E-010
   303.000042449367       5.970858968035653E-009  5.592340287054809E-009  5.216529880301716E-009  4.840567835792888E-009  4.460823445496108E-009  4.072223152230653E-009  3.666857298406241E-009  3.453898084436736E-009  3.230588802922809E-009  2.992585916560746E-009  2.839945907990647E-009  2.732749953987409E-009  2.561405274733227E-009  2.438149386022497E-009  2.234572759840168E-009  2.081579358349527E-009  1.997986152092693E-009  1.908347607159232E-009  1.811237383704459E-009  1.704642500995968E-009  1.585585368688648E-009  1.287914937901829E-009  1.084984379356060E-009  7.973734930385751E-010
   305.000042729561       7.135700950927521E-009  6.675974065648193E-009  6.219796130861542E-009  5.764326934646144E-009  5.305829702892699E-009  4.838908818850809E-009  4.354887434351446E-009  4.101985891844036E-009  3.837841304930277E-009  3.557486661226128E-009  3.378308897961989E-009  3.252761297053129E-009  3.052553286977135E-009  2.908865282005751E-009  2.672020609624829E-009  2.494244087126796E-009  2.397110575704525E-009  2.292900081871972E-009  2.179889438990970E-009  2.055638509650379E-009  1.916524329870009E-009  1.566532219561510E-009  1.325620113196850E-009  9.806571043944228E-010
   307.000043009754       7.602076350453189E-009  7.080606578254247E-009  6.571519518752217E-009  6.070205868490498E-009  5.571497363261153E-009  5.068864805116285E-009  4.552750873930585E-009  4.284942812637244E-009  4.006553116929005E-009  3.712535477323464E-009  3.525393615375018E-009  3.394611759311743E-009  3.186625201445319E-009  3.037769307249326E-009  2.793135491752757E-009  2.610100570365024E-009  2.510306566086089E-009  2.403406758425693E-009  2.287666058032192E-009  2.160619959624548E-009  2.018593926887151E-009  1.661829092938764E-009  1.416059780760700E-009  1.062196739317345E-009
   309.000043289948       7.439557155502471E-009  6.992285453271807E-009  6.547035141251082E-009  6.100284092019024E-009  5.647575948576778E-009  5.182693889546809E-009  4.695935071484233E-009  4.439443474483740E-009  4.169889692846548E-009  3.881893872343666E-009  3.696786532786110E-009  3.566589641436437E-009  3.358115989723892E-009  3.207853692026004E-009  2.959052375364654E-009  2.771472811337338E-009  2.668722243212415E-009  2.558302872169987E-009  2.438360487146566E-009  2.306256225689840E-009  2.158045910951696E-009  1.783403185794478E-009  1.523533417665323E-009  1.147356276014628E-009
   311.000043570142       1.084006409661845E-008  9.981124291553781E-009  9.167172061506193E-009  8.387280234791088E-009  7.630480420178019E-009  6.884941841273442E-009  6.136066765924244E-009  5.754021752784618E-009  5.361748827944664E-009  4.953069014499715E-009  4.696060158021938E-009  4.517915540037386E-009  4.237071232332138E-009  4.037880628545365E-009  3.713608051901356E-009  3.473298906297233E-009  3.343046577187945E-009  3.204086500589057E-009  3.054260333617294E-009  2.890493605291883E-009  2.708171618203934E-009  2.252464084543487E-009  1.938911288121425E-009  1.485258364801417E-009
   313.000043850336       1.111577446209733E-008  1.027666768485785E-008  9.475008308727965E-009  8.701034154352796E-009  7.944490384593792E-009  7.193732567340572E-009  6.433687410092174E-009  6.043428001712947E-009  5.640802553912376E-009  5.219160859224867E-009  4.952829315151227E-009  4.767687227563170E-009  4.474924008951565E-009  4.266628243815243E-009  3.926402057496250E-009  3.673402976422759E-009  3.535985032361015E-009  3.389176834343058E-009  3.230678118220087E-009  3.057218966788536E-009  2.863899203916938E-009  2.380159101144616E-009  2.047281063985635E-009  1.566201186279997E-009
   315.000044130530       1.628988823307067E-008  1.473418380175332E-008  1.330106066468692E-008  1.197037077070324E-008  1.072080734212983E-008  9.529477132421879E-009  8.370412691893571E-009  7.793024458043088E-009  7.209901329396718E-009  6.613168930255642E-009  6.243830662557979E-009  5.990668844215278E-009  5.596543862801606E-009  5.320867168760890E-009  4.879139043282574E-009  4.557381844634020E-009  4.384890013540614E-009  4.202268933071817E-009  4.006910241760630E-009  3.795109927651049E-009  3.561331715227280E-009  2.985322437857794E-009  2.594136770920045E-009  2.030534011266813E-009
   317.000044410724       2.447501060939420E-008  2.174183453025111E-008  1.924887267057583E-008  1.697209578307422E-008  1.488387109242200E-008  1.295208704676819E-008  1.113836049536617E-008  1.026106109842557E-008  9.393401387356429E-009  8.525077181060775E-009  7.997868587162762E-009  7.641161406728961E-009  7.093664538812045E-009  6.716599179321452E-009  6.123047446220268E-009  5.699298247986860E-009  5.475174333505113E-009  5.240189940599067E-009  4.991371128414318E-009  4.724460644236270E-009  4.433062597851027E-009  3.727745197319639E-009  3.257428017987357E-009  2.588034918262140E-009
   319.000044690917       2.003459561401327E-008  1.811319869752438E-008  1.633264818415404E-008  1.467291520494027E-008  1.311191582610927E-008  1.162487138054095E-008  1.018257000835529E-008  9.466746612382164E-009  8.746173919364768E-009  8.011722551305467E-009  7.558859767897699E-009  7.249280591466688E-009  6.768768968559456E-009  6.433765067469133E-009  5.898931961389443E-009  5.510891540693103E-009  5.303388623279734E-009  5.084080189931691E-009  4.849876407369456E-009  4.596369640611947E-009  4.316933724803879E-009  3.628909797416474E-009  3.160640996269095E-009  2.482083465179475E-009
   321.000044971111       2.513789084908405E-008  2.264537780300098E-008  2.031349159632917E-008  1.812642615322574E-008  1.606577386886839E-008  1.410915703802210E-008  1.222754516354745E-008  1.130260440281549E-008  1.037900315477990E-008  9.446521045937465E-009  8.876636258851482E-009  8.489546262798427E-009  7.893156510571779E-009  7.480894879298049E-009  6.829552958856503E-009  6.362846517469204E-009  6.115453499677498E-009  5.855675996924286E-009  5.580171241849693E-009  5.284149487581696E-009  4.960407791039025E-009  4.174422662031287E-009  3.648439261862460E-009  2.897102043525968E-009
   323.000045251305       2.621909334883857E-008  2.380526094329237E-008  2.151628678516542E-008  1.933701215024964E-008  1.724970883428338E-008  1.523289836094996E-008  1.325882103732178E-008  1.227600772210860E-008  1.128695965423475E-008  1.028142682045180E-008  9.663933661022671E-009  9.243434923920965E-009  8.594213007454600E-009  8.144715874000980E-009  7.433923142304046E-009  6.924598877421057E-009  6.654755029572352E-009  6.371587972759868E-009  6.071555597671667E-009  5.749578138930369E-009  5.398009651653540E-009  4.547279173306799E-009  3.980149141096849E-009  3.171210676064470E-009
   325.000045531499       4.151327232442177E-008  3.673789251714519E-008  3.235516051318297E-008  2.833253837541221E-008  2.463185122134698E-008  2.120796751124963E-008  1.800628241554635E-008  1.646780374819152E-008  1.495670181916740E-008  1.345872828502556E-008  1.255822969463498E-008  1.195362462076336E-008  1.103417455229632E-008  1.040779893568539E-008  9.434949079486659E-009  8.751584301485920E-009  8.394306618059268E-009  8.022984840788705E-009  7.633555858961856E-009  7.220138836501653E-009  6.773780942686244E-009  5.712416875432466E-009  5.016439986401104E-009  4.035118630324713E-009
   327.000045811693       5.937701414212175E-008  5.175282200596297E-008  4.483261263973812E-008  3.857415065477751E-008  3.292502974830177E-008  2.782063920910891E-008  2.318073643461112E-008  2.100404061646434E-008  1.890231976482843E-008  1.685587589286621E-008  1.564401672387126E-008  1.483833349320890E-008  1.362580260560204E-008  1.280891365600291E-008  1.155584016438763E-008  1.068792307825642E-008  1.023852134939726E-008  9.774827868770365E-009  9.292396516890038E-009  8.784778028289235E-009  8.242096095903502E-009  6.973504421728699E-009  6.156294849230928E-009  5.019657710278349E-009
   329.000046091887       7.750801398759611E-008  6.766106845708137E-008  5.861989802428582E-008  5.035333469396116E-008  4.281913349907554E-008  3.596094560134960E-008  2.970317916769518E-008  2.676832504293284E-008  2.394104959162089E-008  2.119976830015512E-008  1.958463235375284E-008  1.851532328391888E-008  1.691454581875075E-008  1.584318994288332E-008  1.421407523657953E-008  1.309855015041046E-008  1.252602067008291E-008  1.193948162181676E-008  1.133429672529706E-008  1.070372630221265E-008  1.003740535498496E-008  8.514747562256337E-009  7.560407594402929E-009  6.263784520860476E-009
   331.000046372081       6.201115322610446E-008  5.501313298671475E-008  4.851602913566119E-008  4.249202081971826E-008  3.690503680154943E-008  3.170781613885577E-008  2.683677921804856E-008  2.449694181257018E-008  2.220171447334065E-008  1.993130544061819E-008  1.856983841425012E-008  1.765763929278510E-008  1.627426080117242E-008  1.533528778425770E-008  1.388465937508212E-008  1.287335420500170E-008  1.234790281222018E-008  1.180464351101006E-008  1.123843093959813E-008  1.064177551810221E-008  1.000316569217952E-008  8.508647649025644E-009  7.545081825959357E-009  6.201551657351111E-009
   333.000046652274       6.997456082164576E-008  6.239124975778104E-008  5.526913441108922E-008  4.857999917348921E-008  4.228912160249430E-008  3.635278668692071E-008  3.071348952326213E-008  2.798113204092372E-008  2.528932790061422E-008  2.261941372199006E-008  2.101724811779349E-008  1.994426777479265E-008  1.831929970456403E-008  1.721896593911257E-008  1.552561834339752E-008  1.435169743910969E-008  1.374452248382800E-008  1.311912787397872E-008  1.247021393677021E-008  1.179006284804132E-008  1.106679694414175E-008  9.396054876311636E-009  8.335873638879603E-009  6.877096500880174E-009
   335.000046932468       6.378539524702870E-008  5.740810560044361E-008  5.137087082590789E-008  4.564496632506931E-008  4.019594999523223E-008  3.498115661536590E-008  2.994475135460475E-008  2.746989252284627E-008  2.500640703202265E-008  2.253533647920850E-008  2.103793812381554E-008  2.002849111350848E-008  1.848882393598501E-008  1.743821878377664E-008  1.580749930392616E-008  1.466617717405367E-008  1.407208926503500E-008  1.345731829934071E-008  1.281621108065521E-008  1.214054348199949E-008  1.141768097055183E-008  9.729967198979522E-009  8.646632322682889E-009  7.143213099305802E-009
   337.000047212662       4.159823130881999E-008  3.851350959458490E-008  3.547321915615741E-008  3.246212298889716E-008  2.946163312116209E-008  2.644746778768098E-008  2.338479871692527E-008  2.181892648315031E-008  2.021645295532864E-008  1.856114600975021E-008  1.753239612104030E-008  1.682689130369727E-008  1.573043010558392E-008  1.496670839532046E-008  1.375286535336928E-008  1.287977101417425E-008  1.241654822646555E-008  1.193021371667310E-008  1.141481346548867E-008  1.086169656607450E-008  1.025762820719408E-008  8.792562735229954E-009  7.809722165186639E-009  6.391066417062361E-009
   339.000047492856       5.738884825953597E-008  5.270933423254219E-008  4.813241207864922E-008  4.363732745062472E-008  3.919906791432390E-008  3.478573671967798E-008  3.035327931016232E-008  2.811006320917835E-008  2.583306970004079E-008  2.350405957020919E-008  2.207045202362978E-008  2.109434995849893E-008  1.959023199825263E-008  1.855295731089938E-008  1.692443861708602E-008  1.577029753953258E-008  1.516445526320815E-008  1.453359279722923E-008  1.387119085092725E-008  1.316778545139134E-008  1.240889429556608E-008  1.061007624979499E-008  9.434107935698541E-009  7.767354083095715E-009
   341.000047773050       6.695309717144676E-008  6.146183320653287E-008  5.608000331029864E-008  5.078506164220926E-008  4.554938427987539E-008  4.033713248500775E-008  3.509806545443628E-008  3.244570713104363E-008  2.975335199935565E-008  2.700027779506870E-008  2.530669000481519E-008  2.415439463084324E-008  2.238080031821891E-008  2.115976386258680E-008  1.924788946161011E-008  1.789832729789461E-008  1.719227728838125E-008  1.645916690495038E-008  1.569206491494121E-008  1.488091980412213E-008  1.401036944005780E-008  1.196978635002899E-008  1.065628297385221E-008  8.825288868186313E-009
   343.000048053244       7.719348370887950E-008  7.039927951350086E-008  6.380946776735723E-008  5.740136414504281E-008  5.114686077313336E-008  4.500919251153257E-008  3.893654019169444E-008  3.590102759134804E-008  3.284723469421573E-008  2.975351608627711E-008  2.786488905838893E-008  2.658613210563587E-008  2.462753880167240E-008  2.328570019975894E-008  2.119468478160948E-008  1.972523905059056E-008  1.895829877801570E-008  1.816304607605302E-008  1.733181246918063E-008  1.645341327458667E-008  1.551065056923246E-008  1.329516758623773E-008  1.185931588905261E-008  9.836873692265084E-009
   345.000048333437       6.866798900689639E-008  6.278038430818333E-008  5.708928358537154E-008  5.156891828169353E-008  4.618781435781988E-008  4.090546353990974E-008  3.566566221429347E-008  3.303646451924016E-008  3.038108034167440E-008  2.767667984939232E-008  2.601661967865172E-008  2.488786396658745E-008  2.315025152977915E-008  2.195270943705794E-008  2.007281909600464E-008  1.873994044536145E-008  1.803980212441872E-008  1.731022071718984E-008  1.654338191962018E-008  1.572790812371423E-008  1.484634334767022E-008  1.274669548091877E-008  1.136497735687402E-008  9.395197119349711E-009
   347.000048613631       6.974211500060560E-008  6.410503988226667E-008  5.861759766118101E-008  5.325319245834556E-008  4.797964382286546E-008  4.275583547394130E-008  3.752499475983053E-008  3.488142023227465E-008  3.219874364329058E-008  2.945344922050839E-008  2.776171683371967E-008  2.660850656258255E-008  2.482841095886458E-008  2.359792284395626E-008  2.165943424706312E-008  2.027902143875914E-008  1.955158004952476E-008  1.879163744608874E-008  1.799062402214163E-008  1.713612086862981E-008  1.620918078794845E-008  1.398870956418110E-008  1.251780981037188E-008  1.040403500292649E-008
   349.000048893825       9.895750798505415E-008  8.961912177853055E-008  8.069012422791817E-008  7.213079569720081E-008  6.389325645140999E-008  5.591748278514289E-008  4.812351349460531E-008  4.426038345260542E-008  4.039385643423866E-008  3.649539673630290E-008  3.412406066437025E-008  3.252199080091263E-008  3.007361840265896E-008  2.840006899116258E-008  2.579887597241800E-008  2.397664038973268E-008  2.302786499054802E-008  2.204604121453913E-008  2.102229144285725E-008  1.994369415449202E-008  1.879040098213200E-008  1.610199359826641E-008  1.437979829592444E-008  1.198590365470893E-008
   351.000049174019       1.398428389477200E-007  1.258137663531433E-007  1.123887817269076E-007  9.953181662422247E-008  8.719739890010432E-008  7.532507512992452E-008  6.382842757032657E-008  5.818160035774404E-008  5.257152905017735E-008  4.696399978916391E-008  4.358071264285387E-008  4.130846936800250E-008  3.786000721444646E-008  3.552229042759431E-008  3.192737842974135E-008  2.944396405546945E-008  2.816505466787519E-008  2.685353775769488E-008  2.550071952518883E-008  2.409393208433680E-008  2.261363420345294E-008  1.927604939537024E-008  1.723292670673108E-008  1.452731624598515E-008
   353.000049454213       1.345279412611276E-007  1.211886596435455E-007  1.083739473157388E-007  9.605874843011953E-008  8.420977798253110E-008  7.278007592624031E-008  6.169794830748206E-008  5.625258671529491E-008  5.084242699466768E-008  4.543445155083443E-008  4.217085913381988E-008  3.997826942143074E-008  3.664861116952140E-008  3.438914265339784E-008  3.090860017149439E-008  2.849782022876129E-008  2.725352227140149E-008  2.597511724255567E-008  2.465362181383248E-008  2.327612077404245E-008  2.182294723777485E-008  1.853303015982197E-008  1.650788487431088E-008  1.380755164888115E-008
   355.000049734407       2.030625740510783E-007  1.822596023647994E-007  1.622274829706594E-007  1.429386465153410E-007  1.243574601621092E-007  1.064340049943598E-007  8.909047548205557E-008  8.059745707628143E-008  7.219084521297180E-008  6.383234450499558E-008  5.881730274836821E-008  5.546357737013199E-008  5.039989381003897E-008  4.698813971391928E-008  4.178224193970893E-008  3.822198394002676E-008  3.640297688411880E-008  3.454988534387719E-008  3.265377970718551E-008  3.070179311970430E-008  2.867416697335543E-008  2.423216966905267E-008  2.162465695326968E-008  1.833381479991713E-008
   357.000050014600       8.622436304616092E-008  7.986425772302162E-008  7.356164480475365E-008  6.729045023269862E-008  6.101673088660321E-008  5.469365652686119E-008  4.825156665603060E-008  4.495280858091481E-008  4.157495935915093E-008  3.808596425377993E-008  3.591940295592713E-008  3.443524920589048E-008  3.213285238240650E-008  3.053340714620997E-008  2.800144311039275E-008  2.619041535728810E-008  2.523386584721815E-008  2.423330204801003E-008  2.317758818950842E-008  2.205058540210995E-008  2.082764481791156E-008  1.789931996385892E-008  1.596247250364676E-008  1.318500106079245E-008
   359.000050294794       7.798705542397520E-008  7.234112497238308E-008  6.678451731023886E-008  6.128554371810336E-008  5.580447910219195E-008  5.028873436165909E-008  4.466309453445667E-008  4.177430279352260E-008  3.880661619267074E-008  3.572696150248724E-008  3.380489162570316E-008  3.248285279765108E-008  3.042137873405523E-008  2.898011560625159E-008  2.667887203174258E-008  2.501417146175295E-008  2.412722132103157E-008  2.319297046779040E-008  2.219932624985727E-008  2.112885993373775E-008  1.995510281306783E-008  1.708946655037490E-008  1.514905289965463E-008  1.230582127095065E-008
   361.000050574988       1.238209103910392E-007  1.131299832397088E-007  1.027582397105189E-007  9.266710254079829E-008  8.280607621464717E-008  7.310603067899039E-008  6.346632930964278E-008  5.862279123746246E-008  5.372669690568352E-008  4.873656807314387E-008  4.567255099951269E-008  4.358941141973195E-008  4.038439090695200E-008  3.817813379163740E-008  3.472311894707253E-008  3.228383395174483E-008  3.100769133955297E-008  2.968282290474175E-008  2.829690683323556E-008  2.683204211967696E-008  2.526077526024049E-008  2.158133014079368E-008  1.921500427321175E-008  1.591322728423230E-008
   363.000050855182       1.657998423393727E-007  1.513044270333898E-007  1.371834746229410E-007  1.233924283711401E-007  1.098720732272323E-007  9.653995743321787E-008  8.327353784342781E-008  7.660753803649783E-008  6.987359412376429E-008  6.301971693734161E-008  5.881904815935636E-008  5.596798124646053E-008  5.159203628662423E-008  4.858979916608230E-008  4.391219582442905E-008  4.063488954037434E-008  3.893175773969571E-008  3.717411683269659E-008  3.534936838675516E-008  3.343944437558872E-008  3.141685368376776E-008  2.681589825245149E-008  2.398045315155271E-008  2.022729175515406E-008
   364.000050995279       1.815107128508174E-007  1.653964586466248E-007  1.496972696782637E-007  1.343722878888902E-007  1.193654727391514E-007  1.045961491576343E-007  8.994093807819146E-008  8.259730769228349E-008  7.519539441614938E-008  6.768129853116522E-008  6.308700947241399E-008  5.997399085354071E-008  5.520475472526502E-008  5.193920495431505E-008  4.686278367744335E-008  4.331517125520283E-008  4.147487803980480E-008  3.957829857943195E-008  3.761237504141314E-008  3.555841000495110E-008  3.338801329088992E-008  2.847333423097669E-008  2.546239225532031E-008  2.149320114118301E-008
   365.000051135376       2.248317977969390E-007  2.021385661892267E-007  1.803576011876538E-007  1.594630328121965E-007  1.394121045203361E-007  1.201356561895393E-007  1.015189995441531E-007  9.240051026514007E-008  8.336043258668885E-008  7.434335798986474E-008  6.891117311536820E-008  6.526577631847399E-008  5.973677381198468E-008  5.599027286247209E-008  5.023025906544650E-008  4.625189078126386E-008  4.420369029037551E-008  4.210423250982793E-008  3.994057945038044E-008  3.769428964433102E-008  3.533747223165727E-008  3.007188605777411E-008  2.689955966737517E-008  2.277725473521009E-008
   367.000051415570       3.082056498481012E-007  2.770896055150505E-007  2.470302118482838E-007  2.180039610919635E-007  1.899709717621739E-007  1.628639446372353E-007  1.365653811894468E-007  1.236571512293366E-007  1.108553272265742E-007  9.809535653232013E-008  9.042042400714818E-008  8.527832175742407E-008  7.749746713539774E-008  7.224201383567441E-008  6.420065749348614E-008  5.868565041917578E-008  5.586365322328600E-008  5.298670636192821E-008  5.004222982375140E-008  4.701273568801095E-008  4.387230145922674E-008  3.705592323207108E-008  3.313854571956067E-008  2.837025555775635E-008
   369.000051695763       2.341844364424135E-007  2.125322546057501E-007  1.915021764930470E-007  1.710534375094562E-007  1.511280953593861E-007  1.316402977617109E-007  1.124545411971527E-007  1.029083868353550E-007  9.333827767613738E-008  8.368098044124953E-008  7.780713838873139E-008  7.384126468020627E-008  6.778902892234669E-008  6.366264719730276E-008  5.727970989943002E-008  5.284507779092867E-008  5.055440095413789E-008  4.820158839211030E-008  4.577232397973991E-008  4.324623961187676E-008  4.059254148864375E-008  3.465906065098764E-008  3.109067133707082E-008  2.649543649559666E-008
   371.000051975957       1.812293311402012E-007  1.660476593062262E-007  1.512784291349951E-007  1.368597014942870E-007  1.227126929874727E-007  1.087322707548470E-007  9.476829961592929E-008  8.772410707901817E-008  8.058448791086231E-008  7.328893336854407E-008  6.880084051307735E-008  6.574639571136249E-008  6.104335765369783E-008  5.780464303903008E-008  5.273465465049810E-008  4.916067844958697E-008  4.729444038346283E-008  4.536069294559110E-008  4.334317096642898E-008  4.121831210893974E-008  3.895002620557526E-008  3.369722976348993E-008  3.037564131048063E-008  2.584095660084232E-008
   373.000052256151       7.859177352964117E-008  7.446732388332812E-008  7.027709582098598E-008  6.599377503683863E-008  6.158039068810197E-008  5.698390039945928E-008  5.212206727674583E-008  4.955111711107491E-008  4.685222722125591E-008  4.398337399181563E-008  4.215370319750933E-008  4.087584366591157E-008  3.884831467869983E-008  3.740267404007991E-008  3.503941757920404E-008  3.328189424872287E-008  3.232723697744779E-008  3.130706752334734E-008  3.020495145507904E-008  2.899729901497147E-008  2.764829991126786E-008  2.424181063302971E-008  2.183944257982266E-008  1.817787247675074E-008
   375.000052536345       1.017080640121420E-007  9.580581816906409E-008  8.984594269510180E-008  8.379338225929900E-008  7.760122694081603E-008  7.120308036355184E-008  6.449764445033010E-008  6.098052416145875E-008  5.731246977720142E-008  5.344408567259673E-008  5.099595162368483E-008  4.929621615452746E-008  4.661878532281229E-008  4.472647000628457E-008  4.166841335508584E-008  3.942695965476144E-008  3.822235390081097E-008  3.694556374006740E-008  3.557852532386689E-008  3.409514192655480E-008  3.245564333072992E-008  2.839375858167100E-008  2.559409370508566E-008  2.141224130170771E-008
   377.000052816539       2.542555685804629E-007  2.329676252373506E-007  2.120538988407116E-007  1.914528287041098E-007  1.710809154864726E-007  1.508188874866457E-007  1.304841947169586E-007  1.202018579134064E-007  1.097711564685833E-007  9.911041327296078E-008  9.255502248225879E-008  8.809672950315063E-008  8.124023563492746E-008  7.652690148401970E-008  6.916907192099305E-008  6.400425688415226E-008  6.131753148051347E-008  5.854337205066434E-008  5.566252783056229E-008  5.264784135952044E-008  4.945868159868430E-008  4.223891380751659E-008  3.782805813880482E-008  3.203447557682031E-008
   379.000053096733       2.924355036743805E-007  2.677123228070618E-007  2.434046396800517E-007  2.194426496730130E-007  1.957320739188047E-007  1.721378131444887E-007  1.484504231070946E-007  1.364694791084629E-007  1.243120253699657E-007  1.118798612999101E-007  1.042299253456335E-007  9.902405387049467E-008  9.101156991122638E-008  8.549857802255376E-008  7.688451271575586E-008  7.083446722989252E-008  6.768783688283885E-008  6.444087221946674E-008  6.107344655192269E-008  5.755794749255604E-008  5.385427767417637E-008  4.557932563330641E-008  4.065172935424913E-008  3.441718364111435E-008
   381.000053376926       2.562871898160904E-007  2.365766853232158E-007  2.169569434751839E-007  1.973603916418312E-007  1.776973939206563E-007  1.578410567337780E-007  1.375970698410317E-007  1.272355134396801E-007  1.166361211283996E-007  1.057081371927490E-007  9.893867712232828E-008  9.431196864016075E-008  8.715806318930447E-008  8.221134060911672E-008  7.443748898304848E-008  6.893989138326945E-008  6.606606941232335E-008  6.308857360737027E-008  5.998582857275971E-008  5.672776246162467E-008  5.326988996827358E-008  4.541002503182175E-008  4.059600742472966E-008  3.426918407866498E-008
   383.000053657120       1.058474164317466E-007  1.008352773133301E-007  9.564267321849841E-008  9.023007057293983E-008  8.454277657008573E-008  7.850110875476052E-008  7.198042719677561E-008  6.847890643565511E-008  6.476428377389587E-008  6.077367069622576E-008  5.820736551457522E-008  5.640614431574575E-008  5.353531464541564E-008  5.148077112090360E-008  4.811446565578687E-008  4.561041789071721E-008  4.425194317576590E-008  4.280252961105310E-008  4.124010997982053E-008  3.953293774643029E-008  3.763282313273602E-008  3.287435300687743E-008  2.956251695572040E-008  2.459029349618479E-008
   385.000053937314       1.912746286766937E-007  1.790011621955215E-007  1.665567768466784E-007  1.538779154948435E-007  1.408781322521307E-007  1.274343831312656E-007  1.133608974920757E-007  1.059999552634823E-007  9.835129357151753E-008  9.033266851043535E-008  8.529427383288602E-008  8.181794822868517E-008  7.638811179319928E-008  7.259280191320116E-008  6.655580908663878E-008  6.222701817757865E-008  5.994168631050775E-008  5.755518718926334E-008  5.504489987571239E-008  5.237819734335735E-008  4.950521126024447E-008  4.274419036893933E-008  3.838678036224189E-008  3.233230375695696E-008
   387.000054217508       1.868244609611118E-007  1.749269691391038E-007  1.628606507088954E-007  1.505660648638300E-007  1.379635235043929E-007  1.249405764161595E-007  1.113269829535762E-007  1.042169743352422E-007  9.683715452189257E-008  8.910825006979915E-008  8.425477054285869E-008  8.090656891552326E-008  7.567624404880439E-008  7.201868766604455E-008  6.619462617532307E-008  6.201070782291981E-008  5.979795970309841E-008  5.748349010085916E-008  5.504384980306031E-008  5.244513733740708E-008  4.963553973487228E-008  4.297387965975241E-008  3.863796100497092E-008  3.254583673480990E-008
   389.000054497702       2.064331816170029E-007  1.920756730730072E-007  1.777687687452656E-007  1.634474616901507E-007  1.490248634929007E-007  1.343790604454223E-007  1.193275159024310E-007  1.115632707354129E-007  1.035697832791994E-007  9.526614247955189E-008  9.008609864113740E-008  8.652777222260445E-008  8.099361125280843E-008  7.714086258363102E-008  7.103340963170836E-008  6.666375237683697E-008  6.435732735345512E-008  6.194715289538381E-008  5.940801678694030E-008  5.670347366723011E-008  5.377802085634201E-008  4.682850636760666E-008  4.228950756479933E-008  3.586897636218629E-008
   391.000054777896       2.989145498267599E-007  2.749605009267942E-007  2.514098917234894E-007  2.281834352380567E-007  2.051692690060433E-007  1.822037119558423E-007  1.590353623583616E-007  1.472556968300877E-007  1.352496143994621E-007  1.229089556785501E-007  1.152800791271656E-007  1.100719927588295E-007  1.020281502364786E-007  9.647247906820743E-008  8.775305284625350E-008  8.159544282806922E-008  7.837892115498850E-008  7.504695684426828E-008  7.157349056567983E-008  6.792076268825449E-008  6.403069376506336E-008  5.507419457855596E-008  4.945733293959445E-008  4.184207442517556E-008
   393.000055058090       1.122345255726389E-007  1.068426543490302E-007  1.013088001098072E-007  9.559311782637476E-008  8.964038558383310E-008  8.336958726649873E-008  7.665227800259493E-008  7.306160197094127E-008  6.926015141719283E-008  6.517880366467077E-008  6.255126771211038E-008  6.070361810603168E-008  5.774898944563124E-008  5.562383729125244E-008  5.211441610185277E-008  4.947504117350636E-008  4.803069465684703E-008  4.647889201526208E-008  4.479271582809301E-008  4.293336030019521E-008  4.084162787271181E-008  3.548951356627289E-008  3.166209212135272E-008  2.578861909985350E-008
   395.000055338283       2.139963772350972E-007  1.990711661250276E-007  1.842767629461142E-007  1.695404247972647E-007  1.547658386392675E-007  1.398198645743808E-007  1.245065378519007E-007  1.166204313449579E-007  1.085066891126823E-007  1.000781271978093E-007  9.481601749550102E-008  9.119723394787359E-008  8.555797721984293E-008  8.162021032377082E-008  7.534757988497017E-008  7.082719823581569E-008  6.842659415940349E-008  6.590478672958649E-008  6.323086014867877E-008  6.035976628003540E-008  5.722228254135406E-008  4.959620711744056E-008  4.444148409330289E-008  3.683401834053634E-008
   397.000055618477       1.620459147788943E-007  1.524277998876402E-007  1.427392128712286E-007  1.329222016175770E-007  1.228977419807374E-007  1.125522217389955E-007  1.017097051008133E-007  9.601558648465056E-008  9.006617894239900E-008  8.377350398285253E-008  7.977821324426079E-008  7.699729874664040E-008  7.260397672564066E-008  6.948899675684639E-008  6.443747563855543E-008  6.072123300443263E-008  5.871920533511648E-008  5.659329633400912E-008  5.431226509437212E-008  5.183075785472186E-008  4.907949382932386E-008  4.222252458675410E-008  3.747182648724695E-008  3.037729211928790E-008
   399.000055898671       5.111494219450393E-007  4.649356749731676E-007  4.199401308060988E-007  3.760845601987327E-007  3.332445031861919E-007  2.912198391408590E-007  2.496781724448803E-007  2.289216953484578E-007  2.080359146252262E-007  1.868618889806903E-007  1.739249925216107E-007  1.651615163617005E-007  1.517375282512191E-007  1.425468337632683E-007  1.282631050405392E-007  1.182896259584517E-007  1.131225961706445E-007  1.078057655351713E-007  1.023077130756450E-007  9.658419130874895E-008  9.056830658402576E-008  7.711843810031835E-008  6.902002856462719E-008  5.851454840876185E-008
   401.000056178865       7.130024171271525E-007  6.472762603948437E-007  5.829470112930013E-007  5.199597220581298E-007  4.582141991102871E-007  3.975312921204232E-007  3.375825903600156E-007  3.077044854537780E-007  2.777305101476508E-007  2.474671814752439E-007  2.290519004234896E-007  2.166140701683840E-007  1.976252230538694E-007  1.846734849898726E-007  1.646354363729191E-007  1.507216001811012E-007  1.435434296464537E-007  1.361828798156960E-007  1.286044392724406E-007  1.207606961534941E-007  1.125849085740640E-007  9.474979192024688E-008  8.451569514175033E-008  7.210559181950145E-008
   403.000056459059       5.445622221053502E-007  4.951452185460605E-007  4.470257876116831E-007  4.001288195699639E-007  3.543350491646718E-007  3.094532246740064E-007  2.651642856622034E-007  2.430801389942112E-007  2.208988267388475E-007  1.984599753238476E-007  1.847765993463957E-007  1.755191177185775E-007  1.613564610776164E-007  1.516720889509042E-007  1.366382391299297E-007  1.261503192789675E-007  1.207183856816426E-007  1.151292155188989E-007  1.093491189373428E-007  1.033312858435404E-007  9.700647807645556E-008  8.289365671683973E-008  7.444632592999754E-008  6.359464097066646E-008
   405.000056739253       5.980616643459352E-007  5.471710616580103E-007  4.971234112830319E-007  4.478052395091712E-007  3.990507264789801E-007  3.506075443977996E-007  3.020684795089425E-007  2.775596608069943E-007  2.527204440946911E-007  2.273524573656778E-007  2.117590606013027E-007  2.011547703082713E-007  1.848452921217865E-007  1.736325413400945E-007  1.561300324845745E-007  1.438536307975184E-007  1.374758283652690E-007  1.309012335945154E-007  1.240914621953271E-007  1.169941945452428E-007  1.095337275200832E-007  9.294820451760387E-008  8.313697946036073E-008  7.077784618286115E-008
   407.000057019446       5.497623467314278E-007  5.064440459516896E-007  4.636497154793621E-007  4.212310602159464E-007  3.789773982965396E-007  3.365744327524694E-007  2.935222423489187E-007  2.715047993951040E-007  2.489516854730336E-007  2.256199583774929E-007  2.111005480875956E-007  2.011376868330897E-007  1.856561414060068E-007  1.748883284386401E-007  1.578516828876712E-007  1.457189652085189E-007  1.393523005200320E-007  1.327426138320811E-007  1.258466261283119E-007  1.186067938958336E-007  1.109422390081279E-007  9.374914903353671E-008  8.352641778942113E-008  7.059006247451062E-008
   409.000057299640       8.163794829101507E-007  7.416702372244788E-007  6.685250688735016E-007  5.968550933571811E-007  5.265141135750931E-007  4.572629775099550E-007  3.886928321497807E-007  3.544490347826283E-007  3.200451624282732E-007  2.852560057726266E-007  2.640600483980655E-007  2.497326214737858E-007  2.278411382940723E-007  2.128974158091936E-007  1.897583656220995E-007  1.736775330771456E-007  1.653767893239041E-007  1.568616493700509E-007  1.480904787774914E-007  1.390077532508271E-007  1.295356766497729E-007  1.088641613230504E-007  9.701444889456185E-008  8.265189643348969E-008
   411.000057579834       5.304631855677104E-007  4.847129829727134E-007  4.403664208930913E-007  3.972722943993680E-007  3.552183593638613E-007  3.138981223983678E-007  2.728454714996592E-007  2.521983257503148E-007  2.312920100949231E-007  2.099247161815942E-007  1.967638701363780E-007  1.877948364358161E-007  1.739589206372672E-007  1.644090594891222E-007  1.494204302810258E-007  1.388296977273690E-007  1.332953083003242E-007  1.275620445708272E-007  1.215879280214989E-007  1.153143057246076E-007  1.086540979727354E-007  9.349581690069127E-008  8.418487438982262E-008  7.188091829604087E-008
   413.000057860028       6.233008461357425E-007  5.696929639925917E-007  5.172726036468707E-007  4.659101336183596E-007  4.154179241863468E-007  3.655146116144043E-007  3.157520307190865E-007  2.907014665373153E-007  2.653520301475460E-007  2.394876214266106E-007  2.235920678819214E-007  2.127794927503217E-007  1.961385793257504E-007  1.846852113339858E-007  1.667748171021503E-007  1.541790499263497E-007  1.476207026102935E-007  1.408467671353837E-007  1.338130934453824E-007  1.264585310740720E-007  1.186931712842940E-007  1.012381423064765E-007  9.072076687075174E-008  7.711578887644617E-008
   415.000058140222       5.968069340818630E-007  5.485352874136309E-007  5.010304054991099E-007  4.541406975499593E-007  4.076594547924530E-007  3.612888034855337E-007  3.145647560135241E-007  2.908416934684559E-007  2.666859738280425E-007  2.418732073338930E-007  2.265347819832760E-007  2.160600681117919E-007  1.998706120673411E-007  1.886771814401120E-007  1.710844471560566E-007  1.586423126122080E-007  1.521394236318812E-007  1.454041104595533E-007  1.383895503990483E-007  1.310310569515452E-007  1.232338597436275E-007  1.055968497836493E-007  9.488753256624162E-008  8.093074429122688E-008
   417.000058420416       6.086440425760042E-007  5.587448016615203E-007  5.098465031432681E-007  4.617707495155914E-007  4.142748704799381E-007  3.670150819632666E-007  3.194741757274460E-007  2.953540161013478E-007  2.708036898263421E-007  2.456005556205925E-007  2.300337789677603E-007  2.194117792955602E-007  2.030137410076793E-007  1.916935444117130E-007  1.739386557608588E-007  1.614143414069592E-007  1.548802228998730E-007  1.481210529115121E-007  1.410902256960087E-007  1.337224567763186E-007  1.259205466096509E-007  1.082513143458009E-007  9.745286753058153E-008  8.316547309343861E-008
   419.000058700609       6.421123342540322E-007  5.905427429540434E-007  5.396843846195004E-007  4.893723657338221E-007  4.393767401697539E-007  3.893629269773675E-007  3.388142414751156E-007  3.130904834120151E-007  2.868638473889009E-007  2.599031504979926E-007  2.432376624112830E-007  2.318626311374199E-007  2.143012117797855E-007  2.021811275768264E-007  1.831877704967521E-007  1.698120154401601E-007  1.628448123409221E-007  1.556478719329697E-007  1.481744994284257E-007  1.403585186870818E-007  1.320997883752519E-007  1.134502944838881E-007  1.020725073458053E-007  8.703296291195785E-008
   421.000058980803       5.161631755672359E-007  4.737415044719153E-007  4.323457912419858E-007  3.918524454428343E-007  3.520894211121926E-007  3.128088964091381E-007  2.736349600298581E-007  2.539102490830377E-007  2.339505024253756E-007  2.135933917012787E-007  2.010915767402872E-007  1.925932955192751E-007  1.795246790481240E-007  1.705366840960019E-007  1.564836727459101E-007  1.465857547600087E-007  1.414176880606674E-007  1.360608420585663E-007  1.304673068440283E-007  1.245669137941162E-007  1.182508467571341E-007  1.034887681575777E-007  9.396214146770958E-008  8.043559644414290E-008
   423.000059260997       2.640891332820381E-007  2.463521718324007E-007  2.290901608636259E-007  2.122066878263092E-007  1.955766887005530E-007  1.790287533469536E-007  1.623078454216515E-007  1.537599395797936E-007  1.449836007893024E-007  1.358534037007706E-007  1.301255015150938E-007  1.261642313342750E-007  1.199378532228779E-007  1.155372199534564E-007  1.084004198264277E-007  1.031277291456193E-007  1.002717648113208E-007  9.722300711112360E-008  9.392961031122732E-008  9.031620356813959E-008  8.626698528713032E-008  7.592938586843584E-008  6.850085703425703E-008  5.690409876632393E-008
   425.000059541191       5.698799826704198E-007  5.225132476855099E-007  4.762929699918538E-007  4.311091358474440E-007  3.867948842595891E-007  3.430948783267489E-007  2.996063355174313E-007  2.777476317672889E-007  2.556562481961559E-007  2.331563586952542E-007  2.193565386924193E-007  2.099850071573323E-007  1.955903170588595E-007  1.857040858965956E-007  1.702737175595631E-007  1.594291014326586E-007  1.537756033169576E-007  1.479226780107023E-007  1.418194165317996E-007  1.353911423081047E-007  1.285219238194168E-007  1.125207764890901E-007  1.022417551960918E-007  8.771248351543766E-008
   427.000059821385       5.881635105485954E-007  5.431854673391912E-007  4.987725689722854E-007  4.547771137636903E-007  4.109825379316005E-007  3.670631312880043E-007  3.225082827447239E-007  2.997467956401739E-007  2.764636684570624E-007  2.524354042383163E-007  2.375298065611209E-007  2.273310550367859E-007  2.115432109185806E-007  2.006146699905499E-007  1.834265589860712E-007  1.712651279803523E-007  1.649057948720828E-007  1.583139622205336E-007  1.514380186786573E-007  1.442030340790146E-007  1.364931212187990E-007  1.186996556915280E-007  1.074374343240269E-007  9.178289729276539E-008
   429.000060101579       5.787346653213906E-007  5.355618005257946E-007  4.926963556302842E-007  4.500012162140105E-007  4.072754714913779E-007  3.642157300339214E-007  3.203429545226221E-007  2.978690287259304E-007  2.748462648206282E-007  2.510576358617112E-007  2.362879978761362E-007  2.261769172250241E-007  2.105156830290751E-007  1.996674320507164E-007  1.825903900365732E-007  1.704929675434606E-007  1.641608302413187E-007  1.575915558156865E-007  1.507318158115049E-007  1.435041094147456E-007  1.357886806570130E-007  1.179209615824046E-007  1.065762456177410E-007  9.082575562398176E-008
   431.000060381772       6.745902368069075E-007  6.256683857459959E-007  5.765903344753322E-007  5.271886183812589E-007  4.772173793939646E-007  4.263024942421800E-007  3.738453079719652E-007  3.467435793724066E-007  3.188159135315015E-007  2.897836604218191E-007  2.716696628709913E-007  2.592314548533819E-007  2.399106397160901E-007  2.264947153024149E-007  2.053450214512662E-007  1.903684422576558E-007  1.825444121324588E-007  1.744482889871449E-007  1.660282111002765E-007  1.572102883626478E-007  1.478816083019629E-007  1.267630494070492E-007  1.137879021047334E-007  9.630060854156754E-008
   433.000060661966       9.965002300999231E-007  9.144900692858572E-007  8.333285668267452E-007  7.528322880629604E-007  6.727129679192362E-007  5.925069884416925E-007  5.114358305791117E-007  4.701786901104497E-007  4.281042149976527E-007  3.848239146187001E-007  3.580479507489205E-007  3.397603877426025E-007  3.115111757804678E-007  2.920106342016289E-007  2.614773254429292E-007  2.400380401944078E-007  2.289124367521999E-007  2.174658693594857E-007  2.056468620139300E-007  1.933846486496292E-007  1.805736730464987E-007  1.524356211233912E-007  1.359587840187912E-007  1.149481973989255E-007
   435.000060942160       1.071183790821856E-006  9.799163887030336E-007  8.893512237687786E-007  7.993862111719118E-007  7.098455321954721E-007  6.204236700749749E-007  5.305733461769837E-007  4.851959931110979E-007  4.392633295033548E-007  3.924768838129705E-007  3.638173054257473E-007  3.443872928054742E-007  3.146276825962147E-007  2.942793407714616E-007  2.627615628682061E-007  2.408902053449862E-007  2.296247821915163E-007  2.180929845934579E-007  2.062455526400020E-007  1.940126322291758E-007  1.812867004670953E-007  1.534401617120338E-007  1.371002639253139E-007  1.160637588197797E-007
   437.000061222354       1.164498121590072E-006  1.064664620534018E-006  9.656565681257295E-007  8.673571280982590E-007  7.695684042291412E-007  6.719492078344752E-007  5.738898806096658E-007  5.243709574905823E-007  4.742447892237434E-007  4.231837410578375E-007  3.919051175895995E-007  3.707005976798492E-007  3.382284668912858E-007  3.160327666972581E-007  2.816756460344247E-007  2.578596037451694E-007  2.456046644372723E-007  2.330712706548772E-007  2.202098507493551E-007  2.069504156444514E-007  1.931852630905970E-007  1.632102859913686E-007  1.457432229084384E-007  1.233856238866407E-007
   439.000061502548       9.599589572944846E-007  8.833946889821897E-007  8.071312170537484E-007  7.309965333886094E-007  6.547334258148168E-007  5.779414387626085E-007  4.999629777979134E-007  4.601984575718734E-007  4.196407664076354E-007  3.779739850516564E-007  3.522564207005449E-007  3.347313757828221E-007  3.077417718167184E-007  2.891797909681414E-007  2.602454876092449E-007  2.400251015060483E-007  2.295595786626195E-007  2.188066309191528E-007  2.077114577934621E-007  1.961947030865274E-007  1.841320647266370E-007  1.573031402103556E-007  1.411382527070407E-007  1.196668142953296E-007
   441.000061782742       1.031977230603479E-006  9.477972431559119E-007  8.641824429981762E-007  7.809419892201752E-007  6.977819338241905E-007  6.142350613094090E-007  5.295256872763416E-007  4.863455700726888E-007  4.422930932895699E-007  3.970083034642001E-007  3.690409333175510E-007  3.499773033157519E-007  3.206174687500048E-007  3.004339225844133E-007  2.690135234069388E-007  2.471123174093949E-007  2.358048739341943E-007  2.242127831494345E-007  2.122852168802869E-007  1.999482640300152E-007  1.870854765530708E-007  1.587684174209573E-007  1.419461276090372E-007  1.198358775425829E-007
   443.000062062936       1.048831009873515E-006  9.572180314679453E-007  8.670744119871713E-007  7.782730979971469E-007  6.905974459218634E-007  6.036852536069543E-007  5.169220758718206E-007  4.732857326617124E-007  4.292215923155057E-007  3.844386328704054E-007  3.570553562673994E-007  3.385128040117143E-007  3.101499164744274E-007  2.907845973485189E-007  2.608355750711649E-007  2.400807995884194E-007  2.293947863870165E-007  2.184540273480161E-007  2.072043433174907E-007  1.955660403312452E-007  1.834126370717582E-007  1.564622187926793E-007  1.402040489272433E-007  1.183699300654422E-007
   445.000062343129       1.121333172872379E-006  1.024668712663437E-006  9.292020825243817E-007  8.347762554404323E-007  7.411387202102007E-007  6.478825974214679E-007  5.543344193340078E-007  5.071155871493177E-007  4.593253137495961E-007  4.106574343568917E-007  3.808606088330272E-007  3.606729791437247E-007  3.297879124982854E-007  3.087059871936421E-007  2.761367872611865E-007  2.536155699051741E-007  2.420454740367701E-007  2.302237619727689E-007  2.181001535751221E-007  2.055998311238652E-007  1.926017145711634E-007  1.640218592661024E-007  1.469459335825653E-007  1.241573925007560E-007
   447.000062623323       1.316820418314647E-006  1.198428342350359E-006  1.081480188591726E-006  9.658414812125305E-007  8.512854698232324E-007  7.374421142372383E-007  6.237035043380673E-007  5.665758441846606E-007  5.090370402610354E-007  4.508284160970108E-007  4.154387217182410E-007  3.915932789294945E-007  3.553574384591437E-007  3.308243822978796E-007  2.933181443455283E-007  2.677226031760350E-007  2.547002743887004E-007  2.414938167640982E-007  2.280617895679226E-007  2.143378550955997E-007  2.002072018545936E-007  1.696171214055282E-007  1.515730047315922E-007  1.275073033887246E-007
   449.000062903517       1.388088467251325E-006  1.263719733746532E-006  1.140926120062006E-006  1.019563020201954E-006  8.993819413162385E-007  7.799719848951528E-007  6.606515031371148E-007  6.006892110746081E-007  5.402555488367774E-007  4.790580908061250E-007  4.418112690851069E-007  4.166933188845783E-007  3.784847034087029E-007  3.525844442885073E-007  3.129277126377210E-007  2.858147541405772E-007  2.720030248446991E-007  2.579838872928174E-007  2.437137657318801E-007  2.291243138457756E-007  2.140987943840433E-007  1.816169556493909E-007  1.625511411669614E-007  1.373406872533600E-007
   451.000063183711       1.657800085035626E-006  1.502389233424614E-006  1.349131565211987E-006  1.197953924530678E-006  1.048687061004240E-006  9.010149412389415E-007  7.543829654002853E-007  6.811786613637160E-007  6.078255300647289E-007  5.340875120616368E-007  4.895346587095943E-007  4.596548921982804E-007  4.144999229367957E-007  3.841275945622313E-007  3.380722342671696E-007  3.069615209456614E-007  2.912526529817526E-007  2.754160088904819E-007  2.594177774812429E-007  2.431991979356976E-007  2.266508705313010E-007  1.914212298925423E-007  1.710226380385079E-007  1.441101347695696E-007
   453.000063463905       1.288409542937872E-006  1.173325574213921E-006  1.060035526296606E-006  9.483987795772141E-007  8.381725219298528E-007  7.289561923485755E-007  6.200884542341206E-007  5.654604820664232E-007  5.104411335723876E-007  4.547442100160408E-007  4.208404790695708E-007  3.979685188475957E-007  3.631515175031645E-007  3.395229672876156E-007  3.032725822270576E-007  2.784074719885703E-007  2.657017416622791E-007  2.527678428089355E-007  2.395518108195664E-007  2.259700710566607E-007  2.118833718595359E-007  1.809196134805368E-007  1.622902792012373E-007  1.370285027520235E-007
   455.000063744099       1.505800854041029E-006  1.367976353694887E-006  1.232142992723727E-006  1.098190711446534E-006  9.659086959666986E-007  8.349310938775084E-007  7.046381608988551E-007  6.394421061240948E-007  5.739682006400148E-007  5.079554406391884E-007  4.679475258102086E-007  4.410516576137337E-007  4.002863073360638E-007  3.727669183579211E-007  3.308344114464269E-007  3.023211122222914E-007  2.878466164046114E-007  2.731886616934598E-007  2.583001109867360E-007  2.431043589723640E-007  2.274674910687398E-007  1.935741854382067E-007  1.734800032487354E-007  1.464728410673811E-007
   457.000064024292       1.700794017428716E-006  1.546076902219033E-006  1.393310643714389E-006  1.242371035491993E-006  1.093018218438038E-006  9.448330441352786E-007  7.970978134796368E-007  7.230385448928394E-007  6.485573709377686E-007  5.733329158348384E-007  5.276636201157921E-007  4.969219335199261E-007  4.502569017953731E-007  4.187010960304634E-007  3.705288117918068E-007  3.377147801394083E-007  3.210441314091966E-007  3.041591191354900E-007  2.870139149498237E-007  2.695357608188100E-007  2.515988702147226E-007  2.131148141633130E-007  1.907628112789094E-007  1.615075517409559E-007
   459.000064304486       1.562451864274464E-006  1.418176147341842E-006  1.275682123094321E-006  1.134872422594445E-006  9.955638907960527E-007  8.574495823167892E-007  7.200383843795437E-007  6.513710706994721E-007  5.825660138023175E-007  5.134708408490655E-007  4.718035360587900E-007  4.439137744103529E-007  4.018820331203966E-007  3.737101766154648E-007  3.311774207981459E-007  3.025771500271176E-007  2.881677852266067E-007  2.736510333610116E-007  2.589782285811756E-007  2.440642975652336E-007  2.287543510062706E-007  1.954292158098091E-007  1.752853140577010E-007  1.473099344190056E-007
   461.000064584680       1.674296630476652E-006  1.520766677422119E-006  1.368906971726861E-006  1.218608681360866E-006  1.069671657209642E-006  9.217622934415173E-007  7.743433365795654E-007  7.005670980511666E-007  6.265597914219754E-007  5.521401867530432E-007  5.072019899759419E-007  4.770921302819488E-007  4.316587467601709E-007  4.011626221377420E-007  3.550398897898090E-007  3.239638676633690E-007  3.082881328412188E-007  2.924845499752694E-007  2.765039578717490E-007  2.602619453922437E-007  2.436063106678494E-007  2.075592683566835E-007  1.860427471111422E-007  1.566371759804453E-007
   463.000064864874       1.654404094769290E-006  1.499485502760558E-006  1.346367876906384E-006  1.195009552419940E-006  1.045315361599033E-006  8.971207121615934E-007  7.501724079820057E-007  6.770590982531558E-007  6.041196067910847E-007  5.313053563237444E-007  4.876614377450460E-007  4.585813001969491E-007  4.149825938496886E-007  3.859267867933208E-007  3.423241534477884E-007  3.131729923682342E-007  2.985271134250136E-007  2.837900461544098E-007  2.689009307354436E-007  2.537565956872778E-007  2.381753127025813E-007  2.039920737017469E-007  1.830489218645902E-007  1.535602674916458E-007
   465.000065145068       1.568854587915729E-006  1.423272646223643E-006  1.279650445798341E-006  1.137926438565215E-006  9.979735784738392E-007  8.595755011048188E-007  7.223925057227285E-007  6.541062849188353E-007  5.859190883812285E-007  5.177359001315629E-007  4.767823947648356E-007  4.494445147341291E-007  4.083559676844176E-007  3.808834814468532E-007  3.394692424257569E-007  3.116108175501046E-007  2.975476103464978E-007  2.833432056844460E-007  2.689303039728971E-007  2.541987693361731E-007  2.389597123421100E-007  2.052261340810739E-007  1.843943728742683E-007  1.550001603295071E-007
   467.000065425262       1.754362732407684E-006  1.589579593162774E-006  1.426873339131161E-006  1.266229525877369E-006  1.107576134619236E-006  9.507616771995430E-007  7.955256596203083E-007  7.183815078350823E-007  6.414744932654907E-007  5.647427810666908E-007  5.187657462199545E-007  4.881351003146502E-007  4.422152344814695E-007  4.116136317497181E-007  3.656927542376853E-007  3.349947743244518E-007  3.195739025884951E-007  3.040592209228182E-007  2.883871911896967E-007  2.724493779477360E-007  2.560537290558878E-007  2.200733162216926E-007  1.979955381659196E-007  1.667918442855827E-007
   469.000065705455       1.683749413992449E-006  1.526516090908715E-006  1.371478661759566E-006  1.218626033763108E-006  1.067886446934152E-006  9.191014191694496E-007  7.719872133855504E-007  6.989218619142022E-007  6.260873836449638E-007  5.533958581201627E-007  5.098091299423153E-007  4.807486283284944E-007  4.371315353871843E-007  4.080154933879726E-007  3.642108900624695E-007  3.348153839444278E-007  3.200007576449324E-007  3.050545132969411E-007  2.899054029956116E-007  2.744351629530205E-007  2.584390020545828E-007  2.229810216577443E-007  2.009712538396324E-007  1.696207644687811E-007
   471.000065985649       1.585216534497806E-006  1.443524708445689E-006  1.303927886448074E-006  1.166316959137911E-006  1.030475873779313E-006  8.960272057682548E-007  7.623427514562532E-007  6.954871665274076E-007  6.283931065858667E-007  5.608252126904507E-007  5.199316117342441E-007  4.924711865720136E-007  4.509035156643560E-007  4.228782282228695E-007  3.802085404358874E-007  3.511743830905693E-007  3.364045128819528E-007  3.214044607424532E-007  3.060972700574541E-007  2.903596328876393E-007  2.739830858515754E-007  2.374250538582903E-007  2.147052971341503E-007  1.825171031680436E-007
   473.000066265843       1.554034092514436E-006  1.412651593210613E-006  1.274038077250072E-006  1.138113204493524E-006  1.004689839770956E-006  8.734204592855148E-007  7.437100249286347E-007  6.791519773892574E-007  6.145709318748018E-007  5.497391186665116E-007  5.105971914607065E-007  4.843508029749818E-007  4.446722200202209E-007  4.179489121728414E-007  3.772839258094059E-007  3.496045268751207E-007  3.355095608152716E-007  3.211764555311059E-007  3.065208391235642E-007  2.914085088700205E-007  2.756148244369739E-007  2.399847917432945E-007  2.175024869936460E-007  1.851617544702947E-007
   475.000066546037       1.549611030886164E-006  1.412682721754167E-006  1.278625906370586E-006  1.147284565022360E-006  1.018364350949789E-006  8.913623550587588E-007  7.654460521221609E-007  7.024931378873021E-007  6.392274914303862E-007  5.753102958103963E-007  5.364578911736451E-007  5.102665955908519E-007  4.704147966299161E-007  4.433687453963064E-007  4.018278770170720E-007  3.732440725783102E-007  3.585831855291828E-007  3.436001122411307E-007  3.282047108378332E-007  3.122581556019764E-007  2.955335516806763E-007  2.577699696248126E-007  2.341357968572860E-007  2.007462913676270E-007
   477.000066826231       1.167640324783616E-006  1.060022972100098E-006  9.559918708669816E-007  8.554235708411830E-007  7.581170334113311E-007  6.637772309838187E-007  5.719921844890625E-007  5.268857673221538E-007  4.821788943868434E-007  4.377334317554477E-007  4.111025310226739E-007  3.933174251958641E-007  3.664981338140488E-007  3.484336014216573E-007  3.207829812923617E-007  3.016752424788045E-007  2.917815943585262E-007  2.815566621996154E-007  2.708777425200854E-007  2.595598129236484E-007  2.473086329053036E-007  2.175326563437733E-007  1.968572844385856E-007  1.646375095218048E-007
   479.000067106425       1.346833466813650E-006  1.223255584805645E-006  1.103203968911825E-006  9.865994285581890E-007  8.732722798829727E-007  7.629294588357276E-007  6.551035157014238E-007  6.019193439454049E-007  5.490574172315098E-007  4.963403144751327E-007  4.646733656394816E-007  4.434961662395116E-007  4.115357837812829E-007  3.900122747495655E-007  3.571458880981166E-007  3.345683647119350E-007  3.229531863239227E-007  3.110231562744941E-007  2.986631530032405E-007  2.856978767673796E-007  2.718459550155292E-007  2.390917800940895E-007  2.171168906958078E-007  1.837904390115165E-007
   481.000067386618       1.603870446007026E-006  1.447479251867526E-006  1.294446704106242E-006  1.144965840115790E-006  9.992428417920666E-007  8.575144110772757E-007  7.200844643030990E-007  6.531111107341668E-007  5.873922595229688E-007  5.230108073958272E-007  4.850526252578999E-007  4.600272141924136E-007  4.228822026371417E-007  3.983354569094184E-007  3.616483689867949E-007  3.370228302473068E-007  3.245322794020750E-007  3.118202613712353E-007  2.987623370450332E-007  2.851671635243226E-007  2.707260981345368E-007  2.366818007811211E-007  2.137237512518019E-007  1.786213003056228E-007
   483.000067666812       1.662422710292453E-006  1.505556260275141E-006  1.351793338310565E-006  1.201212651174396E-006  1.053855710991114E-006  9.097153501826136E-007  7.687227902262125E-007  6.993651474112336E-007  6.307318676810025E-007  5.627803022542254E-007  5.223044964576594E-007  4.954235706219343E-007  4.552072478315391E-007  4.284120473318908E-007  3.880526702384452E-007  3.607999985698567E-007  3.469547047710194E-007  3.328703431110079E-007  3.184331357768582E-007  3.034657399356836E-007  2.876775773661288E-007  2.511161511071570E-007  2.270674016081720E-007  1.910402733853765E-007
   485.000067947006       1.829184914314108E-006  1.660615785867718E-006  1.494058666749086E-006  1.329525234476146E-006  1.166994595163726E-006  1.006414447604697E-006  8.477185698169478E-007  7.690670730241240E-007  6.908932864329609E-007  6.132322644201974E-007  5.669057242114303E-007  5.361420837060020E-007  4.901786149874860E-007  4.596428753084797E-007  4.138992998179105E-007  3.832753988021476E-007  3.678298255363077E-007  3.522113076307402E-007  3.363125021041084E-007  3.199612111784713E-007  3.028692457774417E-007  2.639126989030447E-007  2.386968457226341E-007  2.012684468642004E-007
   487.000068227200       1.823532947624770E-006  1.666405356482835E-006  1.509975782870322E-006  1.354093521711554E-006  1.198525758363734E-006  1.042929427384682E-006  8.868148403396109E-007  8.083606361423029E-007  7.295088214371750E-007  6.501440996348048E-007  6.022250657448271E-007  5.701329883089875E-007  5.217389909074723E-007  4.892698324071719E-007  4.401295955310386E-007  4.069090248410825E-007  3.900713773596566E-007  3.730052152683463E-007  3.556121297586049E-007  3.377331719361004E-007  3.190992210426304E-007  2.771344130699587E-007  2.505478760836092E-007  2.119614836516704E-007
   489.000068507394       1.931926652067004E-006  1.767917598333054E-006  1.604914300405139E-006  1.442682693496679E-006  1.280860665274031E-006  1.118899347071515E-006  9.559679436694888E-007  8.737651925365039E-007  7.907978901505215E-007  7.067966618908204E-007  6.557606259386576E-007  6.214168319509481E-007  5.693362758029116E-007  5.341726641218748E-007  4.805836121139511E-007  4.441023589376437E-007  4.255436988249279E-007  4.066977983067480E-007  3.874698357516868E-007  3.677069384372043E-007  3.471492056298326E-007  3.012761575534486E-007  2.727547381971625E-007  2.322882540017059E-007
   491.000068787588       1.974286019229591E-006  1.809201819040614E-006  1.645341070328955E-006  1.482436609060972E-006  1.320062536892090E-006  1.157551174045945E-006  9.938498558418364E-007  9.110592712919986E-007  8.272636143911377E-007  7.420711884242529E-007  6.900754190029519E-007  6.549598472253455E-007  6.014786665445109E-007  5.651887083195565E-007  5.095631601847785E-007  4.714594917594261E-007  4.520032349904996E-007  4.322005402592192E-007  4.119567179283643E-007  3.911203791836851E-007  3.694344831251164E-007  3.211558154256915E-007  2.913543294497919E-007  2.494547044023804E-007
   493.000069067782       1.854458928787556E-006  1.708085373768577E-006  1.562785700886267E-006  1.418209747730077E-006  1.273815183786768E-006  1.128760014042089E-006  9.817050336038968E-007  9.067832718838780E-007  8.304169265136064E-007  7.520412737457622E-007  7.037303741042997E-007  6.708499064921962E-007  6.202978541809303E-007  5.856061658504992E-007  5.316766126578211E-007  4.941011870272170E-007  4.746849791071753E-007  4.547506366086841E-007  4.341862106558182E-007  4.128245496901353E-007  3.903976306029115E-007  3.400125638532238E-007  3.089600102627216E-007  2.661245588514625E-007
   495.000069347975       1.797347905333909E-006  1.652150688078840E-006  1.508605515518924E-006  1.366420053635572E-006  1.225139990032832E-006  1.084063672110511E-006  9.420825229974052E-007  8.702194485533605E-007  7.973440086349671E-007  7.229722505276342E-007  6.773465041931916E-007  6.463846958921183E-007  5.989108602961161E-007  5.664029664376216E-007  5.159210518524978E-007  4.807179209073341E-007  4.624896360286213E-007  4.437287855034165E-007  4.243059624461551E-007  4.040296901710036E-007  3.825976941841618E-007  3.337045316073913E-007  3.029226952547197E-007  2.596209532910993E-007
   497.000069628169       1.439334497463603E-006  1.311648065645746E-006  1.186698494154646E-006  1.064450631123153E-006  9.448473059146450E-007  8.278119512280496E-007  7.132450839484769E-007  6.568398350738336E-007  6.009681584720286E-007  5.455360401291210E-007  5.124038927485434E-007  4.903161512920497E-007  4.570658204558533E-007  4.347010694093429E-007  4.004889325467079E-007  3.768307223743960E-007  3.645634848868082E-007  3.518650803008037E-007  3.385728261055301E-007  3.244416926601328E-007  3.090828036283283E-007  2.714331588918134E-007  2.450469574477271E-007  2.037750721072655E-007
   499.000069908363       1.380616336131177E-006  1.271717514963185E-006  1.164286802173848E-006  1.058074618174738E-006  9.527400938266731E-007  8.478138072749257E-007  7.426270498896887E-007  6.896363505758856E-007  6.361457702144725E-007  5.818853295515917E-007  5.487906211507640E-007  5.264210257141478E-007  4.922527867283828E-007  4.689283504662808E-007  4.327376587101969E-007  4.074078334452344E-007  3.942078828943117E-007  3.805212633124747E-007  3.661971192564316E-007  3.510088777907802E-007  3.345968110120375E-007  2.950782333356988E-007  2.681225789817110E-007  2.269228294414660E-007
   501.000070188557       1.141915007985083E-006  1.055207378381604E-006  9.696767697417873E-007  8.851051901443309E-007  8.012179705965774E-007  7.176643496374149E-007  6.339756169020478E-007  5.918763058441912E-007  5.494433217257712E-007  5.064747872301257E-007  4.802992591226199E-007  4.626123724138494E-007  4.355819601261040E-007  4.170933280986858E-007  3.882601786511814E-007  3.678802169933493E-007  3.571554782853502E-007  3.459336139021548E-007  3.340512824866590E-007  3.212635387113178E-007  3.071827848065944E-007  2.719067307687942E-007  2.466160154434583E-007  2.062790133987697E-007
   503.000070468751       1.311348440487158E-006  1.211490527678798E-006  1.113017167717263E-006  1.015647357001279E-006  9.190043128116198E-007  8.225762344102793E-007  7.256443739550163E-007  6.766727612595717E-007  6.271203478531568E-007  5.767123273618023E-007  5.458868497892316E-007  5.250123973899127E-007  4.930601699150694E-007  4.711946085456190E-007  4.371600405703987E-007  4.132381619460771E-007  4.007286229906719E-007  3.877190788757523E-007  3.740530279006116E-007  3.594945765771070E-007  3.436677971225009E-007  3.050322381810879E-007  2.781564764705531E-007  2.362269081113477E-007
   505.000070748945       1.254456188537330E-006  1.164323686211785E-006  1.075142147200210E-006  9.866074885796577E-007  8.983120147687405E-007  8.096960208693283E-007  7.199560006856627E-007  6.743009674971699E-007  6.278366033476282E-007  5.802375957929927E-007  5.509340908267733E-007  5.309938206905814E-007  5.003038374414780E-007  4.791749068096961E-007  4.460658228169178E-007  4.226298840235929E-007  4.103224974475881E-007  3.974886415813840E-007  3.839740375808826E-007  3.695475430114768E-007  3.538426333238733E-007  3.155173636627192E-007  2.889710857802340E-007  2.478111401540453E-007
   507.000071029138       1.238503452710289E-006  1.155294166829120E-006  1.072873316216017E-006  9.908731297567510E-007  9.088010508276158E-007  8.259763844119043E-007  7.414084353176081E-007  6.980161284053644E-007  6.535243190017485E-007  6.075243105195444E-007  5.789535022612786E-007  5.593873636680468E-007  5.290567806527278E-007  5.080117072458097E-007  4.747518102684560E-007  4.510025882966754E-007  4.384673170979503E-007  4.253552190871976E-007  4.115106262106758E-007  3.967022369905119E-007  3.805654329903862E-007  3.412497506670314E-007  3.141612308322527E-007  2.724094267284198E-007
   509.000071309332       1.214928451494677E-006  1.136906774260260E-006  1.059442529486997E-006  9.821639514231343E-007  9.045670790575489E-007  8.259446594734302E-007  7.452491353545944E-007  7.036360707592276E-007  6.607882264868239E-007  6.162596311299728E-007  5.884662905352596E-007  5.693645851985826E-007  5.396339023412898E-007  5.189126871095841E-007  4.860001038077096E-007  4.623732840264515E-007  4.498617622188930E-007  4.367463495010894E-007  4.228699683634058E-007  4.080002915507947E-007  3.917726143727461E-007  3.522028099022226E-007  3.249908601640438E-007  2.832306829062152E-007
   511.000071589526       1.282991221459499E-006  1.201798725173080E-006  1.121095946689104E-006  1.040486453678884E-006  9.594228739764830E-007  8.771226908074175E-007  7.924054836811756E-007  7.485827720971099E-007  7.033325438984952E-007  6.561388234065077E-007  6.265792984901296E-007  6.062128922458953E-007  5.744268818420286E-007  5.522104776057930E-007  5.168279127288605E-007  4.913768922565854E-007  4.778933742363186E-007  4.637637200108130E-007  4.488301437160154E-007  4.328613994266746E-007  4.154974415675362E-007  3.736110583040691E-007  3.453338219675476E-007  3.029119619137643E-007
   513.000071869720       1.237610461584191E-006  1.163295808686913E-006  1.089259935540311E-006  1.015107796945454E-006  9.402996557194446E-007  8.640673405935730E-007  7.852496942221737E-007  7.443190977387766E-007  7.019226773934817E-007  6.575386567283956E-007  6.296369134599256E-007  6.103594644404340E-007  5.801725369494869E-007  5.589900068520563E-007  5.250847280624411E-007  5.005466467936653E-007  4.874898025861591E-007  4.737621785554582E-007  4.592017151381673E-007  4.435723052007376E-007  4.265083931089640E-007  3.850784352146730E-007  3.569485370655094E-007  3.146639227659719E-007
   515.000072149914       1.171404027528432E-006  1.104698999899714E-006  1.038050232465193E-006  9.710697567037504E-007  9.032247996217469E-007  8.337533438308110E-007  7.614977985460893E-007  7.237726984166263E-007  6.845281554288347E-007  6.432360394029370E-007  6.171558414769925E-007  5.990763720104027E-007  5.706578047060813E-007  5.506321003424886E-007  5.184221984570629E-007  4.949821021587050E-007  4.824622599973856E-007  4.692618891994161E-007  4.552168432373871E-007  4.400879702494809E-007  4.235055549745785E-007  3.829673354685456E-007  3.552692777742750E-007  3.135568960885488E-007
   517.000072430108       1.098082389546458E-006  1.038754705938179E-006  9.785947262729551E-007  9.172583060053415E-007  8.542717518875679E-007  7.889509542230779E-007  7.202380446274566E-007  6.840925497956985E-007  6.463186502617805E-007  6.063955383341121E-007  5.810839163033148E-007  5.634890706614029E-007  5.357387046622708E-007  5.161002296675473E-007  4.843206740515122E-007  4.609957049307355E-007  4.484498983916858E-007  4.351440210352953E-007  4.208865849061531E-007  4.053979469205541E-007  3.882448344683137E-007  3.453988056197244E-007  3.152858379129744E-007  2.688471699761616E-007
   519.000072710301       1.165513035666433E-006  1.095038980791171E-006  1.023790919820726E-006  9.514647927113583E-007  8.776678343594325E-007  8.018728625224804E-007  7.233262013562853E-007  6.826740155932458E-007  6.408189017337128E-007  5.974199208404305E-007  5.704192337412733E-007  5.519090808200038E-007  5.231726565187370E-007  5.031848435059596E-007  4.714444305771541E-007  4.485841922696452E-007  4.364161803075655E-007  4.235873376934316E-007  4.099025801058320E-007  3.950702081229121E-007  3.786295780041072E-007  3.370899596444739E-007  3.071573415693100E-007  2.593932202236319E-007
   521.000072990495       1.465993682247418E-006  1.365201499632756E-006  1.264317522068318E-006  1.163027616231327E-006  1.060900303050199E-006  9.573236639535987E-007  8.513844158081035E-007  7.971012414119866E-007  7.415973817519984E-007  6.844751013901050E-007  6.491805414438704E-007  6.251100388016105E-007  5.879845409395072E-007  5.623761355865782E-007  5.221907478001372E-007  4.937312562857883E-007  4.787928861285207E-007  4.632289866245294E-007  4.468627248786689E-007  4.294286455548889E-007  4.105041610350052E-007  3.646071137114224E-007  3.330549890772059E-007  2.845352530841537E-007
   523.000073270689       2.392840024465058E-006  2.209756200334594E-006  2.026030198806227E-006  1.841226279147397E-006  1.654731940134743E-006  1.465668069802864E-006  1.272727478463188E-006  1.174205232967663E-006  1.073853131974332E-006  9.711719425450013E-007  9.081583353266449E-007  8.654367790707143E-007  8.000686087913165E-007  7.554545320896813E-007  6.865118750673947E-007  6.387437836642835E-007  6.141247961773542E-007  5.888744567420052E-007  5.628292859642974E-007  5.357421791603512E-007  5.072141512121849E-007  4.423422665983599E-007  4.013590873069149E-007  3.429530269066200E-007
   525.000073550883       2.524052898376838E-006  2.317642662296850E-006  2.111391576522094E-006  1.905046934995909E-006  1.698242591376076E-006  1.490452718079752E-006  1.280915519861550E-006  1.175157090048100E-006  1.068491898981959E-006  9.606619760801705E-007  8.952569527202740E-007  8.512912706097323E-007  7.846749631777585E-007  7.397073944927125E-007  6.710905684326526E-007  6.242025576174322E-007  6.002459632521272E-007  5.758141489143963E-007  5.507454043848243E-007  5.247874581566636E-007  4.975235478936112E-007  4.353787322407416E-007  3.955825420348752E-007  3.375336079681760E-007
   527.000073831077       2.145532656025925E-006  1.992057772840110E-006  1.837451901220042E-006  1.681196595568248E-006  1.522555476346040E-006  1.360457044244926E-006  1.193292453571978E-006  1.107076204791978E-006  1.018548499942730E-006  9.271334794644704E-007  8.705847043901077E-007  8.320461633523749E-007  7.727681810055321E-007  7.321033913595604E-007  6.689615498281741E-007  6.250210324898687E-007  6.023185489751155E-007  5.789938387499263E-007  5.548883925034772E-007  5.297583990404941E-007  5.032048184350287E-007  4.423053043507119E-007  4.032711608346544E-007  3.464785106119777E-007
   529.000074111271       2.779972756686508E-006  2.566289727870245E-006  2.351577003687996E-006  2.135297579524685E-006  1.916675818231768E-006  1.694571156983534E-006  1.467255027625138E-006  1.350846199060101E-006  1.231995265377248E-006  1.110069268843523E-006  1.035095319028561E-006  9.842149946807265E-007  9.063308614920820E-007  8.532024588093931E-007  7.713053784056017E-007  7.148679054522383E-007  6.859419528180444E-007  6.564277711023524E-007  6.261855416295275E-007  5.949958747070945E-007  5.624897176743729E-007  4.901159902946524E-007  4.455317529960046E-007  3.830343596565424E-007
   531.000074391465       3.114086529666375E-006  2.872477607123634E-006  2.629751935524105E-006  2.385338580594168E-006  2.138394554056151E-006  1.887654767292742E-006  1.631163312924568E-006  1.499844356874680E-006  1.365767467384431E-006  1.228188799883462E-006  1.143558431162461E-006  1.086106995702913E-006  9.981352746866043E-007  9.381104387995658E-007  8.455895487220498E-007  7.818829637877165E-007  7.492715310814607E-007  7.160434240710252E-007  6.820653888708356E-007  6.471267915449596E-007  6.108691354894168E-007  5.310171035238650E-007  4.826644390846425E-007  4.160431471837358E-007
   533.000074671658       2.684543627057769E-006  2.488699782011915E-006  2.291191496510708E-006  2.091390884562156E-006  1.888389435129564E-006  1.680835542694897E-006  1.466645971173824E-006  1.356089580449840E-006  1.242476750918168E-006  1.125029474441518E-006  1.052303797260563E-006  1.002711796047779E-006  9.264083139212654E-007  8.740779880263535E-007  7.929622402107212E-007  7.367559075505031E-007  7.078574483399751E-007  6.783121647167116E-007  6.479797974063101E-007  6.166383032788530E-007  5.839103540809362E-007  5.107794869729194E-007  4.655235315646907E-007  4.017756990533426E-007
   535.000074951852       2.945868306799477E-006  2.725760940105647E-006  2.504576701882366E-006  2.281705479240293E-006  2.056239673508014E-006  1.826799335494918E-006  1.591211229515920E-006  1.470072322762985E-006  1.345879827073560E-006  1.217745097770623E-006  1.138477839197384E-006  1.084432699279964E-006  1.001244226421819E-006  9.441349149665041E-007  8.554508379186628E-007  7.938485998906782E-007  7.621234846402738E-007  7.296557320216814E-007  6.962991886290340E-007  6.618287402386854E-007  6.258686835396663E-007  5.460017812360512E-007  4.972598540146915E-007  4.298961398317471E-007
   537.000075232046       2.935693369587130E-006  2.714802703899568E-006  2.492480857590416E-006  2.268112623108337E-006  2.040804081053657E-006  1.809228014351714E-006  1.571354646286589E-006  1.449119120533042E-006  1.323974382681026E-006  1.195198294468896E-006  1.115812496202407E-006  1.061858185555501E-006  9.791673483755103E-007  9.227169106335308E-007  8.357164066583747E-007  7.758601476574594E-007  7.452442126472656E-007  7.140658851672306E-007  6.821933518818183E-007  6.494088521047113E-007  6.153292387716449E-007  5.396072485354319E-007  4.928056457011035E-007  4.263014168933501E-007
   539.000075512240       2.910408582579415E-006  2.696610354673024E-006  2.481544525218422E-006  2.264567212264588E-006  2.044734972887740E-006  1.820630062686460E-006  1.590040249259719E-006  1.471262119517865E-006  1.349332509105168E-006  1.223359914454073E-006  1.145341376487136E-006  1.092108921567042E-006  1.010111181648577E-006  9.537781408625518E-007  8.662346787369847E-007  8.053766752469687E-007  7.740170511256746E-007  7.419076597802683E-007  7.088977327836421E-007  6.747532570697996E-007  6.390814927621265E-007  5.595153742951571E-007  5.105780870686529E-007  4.422424839279749E-007
   541.000075792434       2.902368409137215E-006  2.694688778738351E-006  2.485296469271194E-006  2.273492028232387E-006  2.058254312466205E-006  1.838050033774213E-006  1.610484313203931E-006  1.492800875249961E-006  1.371616218876517E-006  1.245960447410463E-006  1.167882563602145E-006  1.114488382101031E-006  1.032037269369364E-006  9.752423474638365E-007  8.867283903381061E-007  8.250134227684551E-007  7.931557722057359E-007  7.604992195331541E-007  7.268910975042959E-007  6.920956335731555E-007  6.557182932328566E-007  5.745655525210989E-007  5.247302765265210E-007  4.553437607603613E-007
   543.000076072628       2.920456726172827E-006  2.710142469497874E-006  2.498483176833726E-006  2.284789624667730E-006  2.068050475679514E-006  1.846741195428996E-006  1.618472672437250E-006  1.500588737773507E-006  1.379303006793763E-006  1.253643869717243E-006  1.175609933419001E-006  1.122263790955365E-006  1.039911922888310E-006  9.832001468004140E-007  8.948316271382798E-007  8.332206083343132E-007  8.014133709575544E-007  7.688030255471634E-007  7.352328695315236E-007  7.004607112877856E-007  6.640816627476592E-007  5.827773768247960E-007  5.327413815257433E-007  4.630019329919503E-007
   545.000076352821       2.782037531104268E-006  2.567995100684438E-006  2.353504050747383E-006  2.138153624435751E-006  1.921349069145590E-006  1.702223847185154E-006  1.479494386761296E-006  1.366203082115022E-006  1.251197718087626E-006  1.134029144977159E-006  1.062435966285851E-006  1.014056269216990E-006  9.403132894714490E-007  8.902007639844675E-007  8.131352475541031E-007  7.599978246262235E-007  7.326791948498758E-007  7.046900210304313E-007  6.758266516859488E-007  6.457748112201289E-007  6.140203200693476E-007  5.408875935154604E-007  4.935380530227742E-007  4.238267372167170E-007
   547.000076633015       2.781059635205096E-006  2.556592492665607E-006  2.331936884238107E-006  2.106872833828979E-006  1.881101951150175E-006  1.654235903230281E-006  1.425798402550618E-006  1.310826224801703E-006  1.195264925010763E-006  1.079048561407861E-006  1.008965530835227E-006  9.620715207728685E-007  8.914029135316525E-007  8.439870050354374E-007  7.720833634914571E-007  7.232014753494702E-007  6.982614781719161E-007  6.728109869764118E-007  6.466300049364541E-007  6.193725901465715E-007  5.904676113193893E-007  5.227132932557143E-007  4.773122464441358E-007  4.077340113496228E-007
   549.000076913209       2.951940245559410E-006  2.720813047464330E-006  2.488969361954061E-006  2.256032817768772E-006  2.021471475374065E-006  1.784534859851923E-006  1.544160317799507E-006  1.422233270372023E-006  1.298831752023992E-006  1.173651218277108E-006  1.097526464909463E-006  1.046282645944287E-006  9.685492623014977E-007  9.160334706669985E-007  8.358648890762064E-007  7.810756627992531E-007  7.530786348470825E-007  7.245177723107836E-007  6.951921092554441E-007  6.647831318368191E-007  6.327583984364630E-007  5.591007601897113E-007  5.111239301963567E-007  4.394849397092200E-007
   551.000077193403       2.774761660229342E-006  2.555845508809520E-006  2.336573292011596E-006  2.116623617560351E-006  1.895554538334632E-006  1.672769015847560E-006  1.447479253830624E-006  1.333591744582995E-006  1.218688432383551E-006  1.102609773666210E-006  1.032317295282173E-006  9.851490704541530E-007  9.138560579657390E-007  8.658796913861199E-007  7.929285649600559E-007  7.432265427917493E-007  7.178461545224665E-007  6.919380486187354E-007  6.652838298223486E-007  6.375377238506915E-007  6.081259736170726E-007  5.392549468307528E-007  4.931416760037025E-007  4.223918831894841E-007
   553.000077473597       3.188609070624479E-006  2.942135750680852E-006  2.694031218079739E-006  2.443786292870035E-006  2.190699817362057E-006  1.933803152531154E-006  1.671756066815032E-006  1.538250960660990E-006  1.402728850169524E-006  1.264874935072142E-006  1.180899466244531E-006  1.124337664651888E-006  1.038548036437828E-006  9.806542362903335E-007  8.925328489786744E-007  8.326265119291168E-007  8.021620387529453E-007  7.712122355445361E-007  7.395887375438315E-007  7.069826761011210E-007  6.728645334029040E-007  5.952510065814689E-007  5.452117823619598E-007  4.707552478393865E-007
   555.000077753791       3.342612648328044E-006  3.086652213886197E-006  2.829164608247924E-006  2.569590696387492E-006  2.307130803277290E-006  2.040630318968870E-006  1.768397256442893E-006  1.629387660734544E-006  1.487916329362501E-006  1.343469887428132E-006  1.255115586772109E-006  1.195410406261253E-006  1.104498819790701E-006  1.042872439729453E-006  9.485923054521423E-007  8.841673491782958E-007  8.513159403227945E-007  8.178977767911298E-007  7.837323656774240E-007  7.485247612221762E-007  7.117673458579252E-007  6.289052884694444E-007  5.763825270708318E-007  4.996968892631741E-007
   557.000078033984       3.298895790520704E-006  3.055432563581035E-006  2.809757801397181E-006  2.561189740375007E-006  2.308765148953512E-006  2.051094945822635E-006  1.786120599976176E-006  1.649970315411765E-006  1.510694809468946E-006  1.367611487898762E-006  1.279579610904748E-006  1.219843668012715E-006  1.128460535205202E-006  1.066199672304073E-006  9.704259043070039E-007  9.046175305644385E-007  8.709567445585881E-007  8.366541506109019E-007  8.015352425164947E-007  7.653147210361116E-007  7.274988491791975E-007  6.424588268971853E-007  5.888562810301641E-007  5.110464818466232E-007
   559.000078314178       2.967403565058037E-006  2.755305466229861E-006  2.541663763565976E-006  2.325849453916791E-006  2.106961004434478E-006  1.883674061596551E-006  1.653973848668518E-006  1.535784229873579E-006  1.414647536347903E-006  1.289802635562039E-006  1.212696515155386E-006  1.160200773082728E-006  1.079540596355029E-006  1.024274430682665E-006  9.386005089265096E-007  8.791223070296698E-007  8.484553466481176E-007  8.170028746713545E-007  7.845634100437062E-007  7.508201844288251E-007  7.152431406575965E-007  6.337997909435572E-007  5.814714804934417E-007  5.045511073381827E-007
   561.000078594372       2.908057535269860E-006  2.670021344122360E-006  2.431734915180234E-006  2.193187273834672E-006  1.954415415409131E-006  1.715570194340093E-006  1.477043191280143E-006  1.358139670050360E-006  1.239684923872746E-006  1.121883947507942E-006  1.051595742980982E-006  1.004908039363939E-006  9.350828674507615E-007  8.885767455899585E-007  8.184773620257408E-007  7.709693492504145E-007  7.467080612946175E-007  7.218853000880003E-007  6.962293928540688E-007  6.693200895921861E-007  6.404756555063049E-007  5.711433775115032E-007  5.231179279894468E-007  4.474300060025960E-007
   563.000078874566       3.151449193157013E-006  2.892490074686331E-006  2.632613037299564E-006  2.371735792562077E-006  2.109816705680838E-006  1.846931277415607E-006  1.583435578964336E-006  1.451725295157676E-006  1.320307267770398E-006  1.189495795138344E-006  1.111463247240279E-006  1.059682858565883E-006  9.824050127167174E-007  9.311191349338910E-007  8.542792719785870E-007  8.026689123666729E-007  7.765027975632369E-007  7.498842562731045E-007  7.225472494608968E-007  6.940721010623090E-007  6.637685083603484E-007  5.916991456760453E-007  5.421672403428379E-007  4.642104617222093E-007
   565.000079154760       3.406662277808079E-006  3.133122150638425E-006  2.857381453498527E-006  2.579109240154071E-006  2.297945397805637E-006  2.013558321221985E-006  1.725798081965918E-006  1.580743084839428E-006  1.435088526540720E-006  1.289126182559213E-006  1.201587192384401E-006  1.143319840233217E-006  1.056146719445337E-006  9.982102334314502E-007  9.114651311522422E-007  8.534320618287208E-007  8.241554835169119E-007  7.945200472970905E-007  7.642824106467149E-007  7.330473592955899E-007  7.001495693259601E-007  6.234776135330619E-007  5.719511410880517E-007  4.919888461694364E-007
   567.000079434954       3.331404798070779E-006  3.067099459733358E-006  2.800546871741552E-006  2.531383169732253E-006  2.259196257662274E-006  1.983572242173061E-006  1.704233477492609E-006  1.563205643115340E-006  1.421420442456233E-006  1.279144912012769E-006  1.193724361952027E-006  1.136830771727468E-006  1.051664868887519E-006  9.950350024504726E-007  9.102080047333870E-007  8.534205076194285E-007  8.247503692865618E-007  7.957036774538088E-007  7.660284197227495E-007  7.353167429284143E-007  7.028856173046548E-007  6.268630194035813E-007  5.753993262124607E-007  4.950818724353951E-007
   569.000079715147       3.555427578520581E-006  3.285780045192441E-006  3.013066209112328E-006  2.736606653596460E-006  2.455515413263202E-006  2.168643601490822E-006  1.874533122952135E-006  1.724230719676549E-006  1.571471901207826E-006  1.416079816526305E-006  1.321541882485304E-006  1.257975639201847E-006  1.161829594854747E-006  1.097203567353841E-006  9.993921331725983E-007  9.333870050508446E-007  8.999954311092270E-007  8.661947756652229E-007  8.317778667110350E-007  7.963940029186819E-007  7.594310016591057E-007  6.751401367676190E-007  6.202203041770356E-007  5.371035150046370E-007
   571.000079995341       3.467568250602138E-006  3.209385887548820E-006  2.948127476074131E-006  2.683060619388368E-006  2.413215302745162E-006  2.137303144527169E-006  1.853623158400517E-006  1.708210912685760E-006  1.560018243264891E-006  1.408748255683169E-006  1.316404195709369E-006  1.254158028007284E-006  1.159742930455615E-006  1.096083954671139E-006  9.994132738607044E-007  9.339548812889761E-007  9.007743142408953E-007  8.671455998557356E-007  8.328640415117172E-007  7.975809707746820E-007  7.606841346521899E-007  6.763967057137339E-007  6.213856364644767E-007  5.380966637448014E-007
   573.000080275535       3.914059835985661E-006  3.622818143923949E-006  3.328020872313034E-006  3.028776580851059E-006  2.723863819590680E-006  2.411587546485527E-006  2.089564298038943E-006  1.923895136342151E-006  1.754442676706624E-006  1.580612630772395E-006  1.473953652303924E-006  1.401783306057736E-006  1.291843752965632E-006  1.217379533384220E-006  1.103812581261278E-006  1.026691986316458E-006  9.876027399534509E-007  9.480493882831025E-007  9.078678200590338E-007  8.667636350834527E-007  8.241931089040951E-007  7.293288179563715E-007  6.695995005044967E-007  5.819693823875582E-007
   575.000080555729       4.034757468727320E-006  3.743925553095011E-006  3.448793867849477E-006  3.148316150052710E-006  2.841047566252573E-006  2.524947965194910E-006  2.197057005891957E-006  2.027388565578990E-006  1.852968649819108E-006  1.672902285756246E-006  1.561717150678357E-006  1.486128301496828E-006  1.370347506535919E-006  1.291438070045917E-006  1.170239045509652E-006  1.087319454858048E-006  1.045110550266693E-006  1.002297465844860E-006  9.587311492681897E-007  9.141445592279855E-007  8.680372410166432E-007  7.661931676321398E-007  7.031961606268660E-007  6.126221975406088E-007
   577.000080835923       3.955455689978478E-006  3.660660728375947E-006  3.361851749311625E-006  3.058137355578268E-006  2.748330445013219E-006  2.430841146051192E-006  2.103544439179299E-006  1.935382845163901E-006  1.763700087562149E-006  1.588114027534692E-006  1.480759151600372E-006  1.408330412392903E-006  1.298396682971219E-006  1.224254108331826E-006  1.111736140560622E-006  1.035717959577022E-006  9.972914675196236E-007  9.584581350300486E-007  9.190283415907723E-007  8.786661822335855E-007  8.367624468628552E-007  7.425078302381509E-007  6.821340393505929E-007  5.918608205403525E-007
   579.000081116117       3.892666105462232E-006  3.616811168216306E-006  3.336866238848931E-006  3.051801305426985E-006  2.760200288628994E-006  2.460072945487835E-006  2.148546000924352E-006  1.987249774478230E-006  1.821360809191326E-006  1.650008848079259E-006  1.544144707775329E-006  1.472137797339799E-006  1.361763485030138E-006  1.286457257723709E-006  1.170578259077281E-006  1.091052989057354E-006  1.050453283085629E-006  1.009160661092338E-006  9.669940315769898E-007  9.236437240841319E-007  8.785524839107065E-007  7.777273519690078E-007  7.143742759106384E-007  6.221228135563349E-007
   581.000081396311       4.096024940756515E-006  3.800795124272719E-006  3.501274311698062E-006  3.196436680103721E-006  2.884875019346808E-006  2.564621237486746E-006  2.232859679658843E-006  2.061446888171973E-006  1.885487952272486E-006  1.704179358998353E-006  1.592441530564886E-006  1.516582967121074E-006  1.400565830219853E-006  1.321616594739942E-006  1.200513274869457E-006  1.117705632397462E-006  1.075534393031468E-006  1.032719174078681E-006  9.890784700725052E-007  9.442986865188304E-007  8.978123627735100E-007  7.941846755022903E-007  7.292550404977514E-007  6.348493890940338E-007
   583.000081676504       4.253757799522940E-006  3.945737841819075E-006  3.633143596613350E-006  3.314920212831892E-006  2.989622684238500E-006  2.655234370425794E-006  2.308880265303912E-006  2.129980353735018E-006  1.946401192953742E-006  1.757346201779097E-006  1.640912022362567E-006  1.561911140364628E-006  1.441183531807238E-006  1.359114885501295E-006  1.233415050706304E-006  1.147643359119045E-006  1.104035501527712E-006  1.059821817555213E-006  1.014826381060775E-006  9.687393123326856E-007  9.209921329624312E-007  8.149171116267143E-007  7.486836892466280E-007  6.525385166194785E-007
   585.000081956698       3.998985752429182E-006  3.709959761245409E-006  3.416879691176386E-006  3.118797335295209E-006  2.814428576552352E-006  2.502009138965277E-006  2.179079782412757E-006  2.012645387330290E-006  1.842201708367421E-006  1.667129581928851E-006  1.559582662353704E-006  1.486745773157033E-006  1.375656936836856E-006  1.300286795959328E-006  1.185020282004304E-006  1.106391830687307E-006  1.066370859983539E-006  1.025719903417482E-006  9.842229256162659E-007  9.415129770336043E-007  8.969407659912024E-007  7.960798108036542E-007  7.313469909309237E-007  6.348478438579716E-007
   587.000082236892       3.701184339742430E-006  3.421356126336241E-006  3.138997002545087E-006  2.853575916114841E-006  2.564411481001295E-006  2.270645378738865E-006  1.971244580819815E-006  1.819084502792387E-006  1.665120440746717E-006  1.509276871596714E-006  1.414858128244795E-006  1.351529986416686E-006  1.255939763695182E-006  1.191761015798208E-006  1.094529435980371E-006  1.028607085117805E-006  9.950571806487558E-007  9.608863303388858E-007  9.258009603555637E-007  8.893292002755694E-007  8.506814993789020E-007  7.598770333801550E-007  6.984639753883421E-007  6.026355070692958E-007
   589.000082517086       1.843272999518117E-006  1.741437195446355E-006  1.639497407766667E-006  1.537145006394186E-006  1.433935044611064E-006  1.329199236849394E-006  1.221866446412929E-006  1.166685082077231E-006  1.110020024709704E-006  1.051276638154488E-006  1.014640672971830E-006  9.894409854777066E-007  9.501034208781173E-007  9.225206206842227E-007  8.781725125775394E-007  8.456593407231608E-007  8.281016819958744E-007  8.093687529477144E-007  7.891063378841202E-007  7.667864316589733E-007  7.415757598218296E-007  6.754805219003914E-007  6.255795965549491E-007  5.418903764285941E-007
   591.000082797280       3.200066812214950E-006  2.953001265408378E-006  2.705570054754299E-006  2.457638475791701E-006  2.209073126709968E-006  1.959792857153595E-006  1.709885034795255E-006  1.584823557008665E-006  1.459834492303538E-006  1.335070987601600E-006  1.260370644879554E-006  1.210626775012007E-006  1.136000538399496E-006  1.086096222804538E-006  1.010407677237730E-006  9.585993585156843E-007  9.318976244729281E-007  9.043495023277508E-007  8.755774582503086E-007  8.450049925832225E-007  8.117075025584165E-007  7.290692080879904E-007  6.695397066993063E-007  5.725041203389208E-007
   593.000083077474       3.711305151980443E-006  3.419843960330877E-006  3.125631259663775E-006  2.828361705174756E-006  2.527757110721082E-006  2.223681798803325E-006  1.916419328234093E-006  1.761943857209275E-006  1.607328622767147E-006  1.453137166987979E-006  1.361152650395449E-006  1.300173095835562E-006  1.209345173934533E-006  1.149239204961465E-006  1.059498587060151E-006  9.993957001200485E-007  9.689330596320464E-007  9.379076573821451E-007  9.059570503856055E-007  8.725137000117660E-007  8.366538615141387E-007  7.497756848100564E-007  6.885091828337702E-007  5.897704972013668E-007
   595.000083357667       3.819948437577330E-006  3.522289323234311E-006  3.221521226758784E-006  2.917246090091411E-006  2.609056314648162E-006  2.296633885530423E-006  1.980004701022556E-006  1.820356710336227E-006  1.660174247234464E-006  1.499969222571884E-006  1.404147344798742E-006  1.340514220997849E-006  1.245574652659409E-006  1.182656344255807E-006  1.088645025218374E-006  1.025715385042512E-006  9.938658903528573E-007  9.614828716834635E-007  9.282133715322888E-007  8.934990403305986E-007  8.564236651772396E-007  7.672944477463128E-007  7.049832850568456E-007  6.051598908246944E-007
   597.000083637861       3.958088491101856E-006  3.651563315726668E-006  3.341370200395300E-006  3.027026907225314E-006  2.708022393869171E-006  2.383914604215199E-006  2.054595559544548E-006  1.888193847986678E-006  1.720988573833992E-006  1.553530972198398E-006  1.453287616707640E-006  1.386701667651201E-006  1.287372021504608E-006  1.221591879306234E-006  1.123475540605058E-006  1.058000727842365E-006  1.024954531102040E-006  9.914327492417727E-007  9.570861332215693E-007  9.213572012340044E-007  8.833259865976351E-007  7.923961967229749E-007  7.291176790262763E-007  6.278444084982440E-007
   599.000083918055       4.092402409206603E-006  3.785478674733881E-006  3.474285445076263E-006  3.158101339865886E-006  2.836047813217211E-006  2.507099364647164E-006  2.170190912124860E-006  1.998497863727872E-006  1.824641726610708E-006  1.648814771247559E-006  1.542554868545270E-006  1.471489805035029E-006  1.364693219508854E-006  1.293431583220257E-006  1.186409084562598E-006  1.114666108285523E-006  1.078445977678866E-006  1.041764299755946E-006  1.004311214397394E-006  9.655758322430183E-007  9.246918501108295E-007  8.287923084547515E-007  7.636172366916460E-007  6.610438720031794E-007
   601.000084198249       4.133242161392610E-006  3.829527174485839E-006  3.521060325717932E-006  3.207000859244713E-006  2.886304336552258E-006  2.557704028194446E-006  2.219765761455150E-006  2.046868527121611E-006  1.871216700530949E-006  1.692870220893470E-006  1.584686172570049E-006  1.512144453583878E-006  1.402818805947671E-006  1.329653621193884E-006  1.219457207460184E-006  1.145414310867658E-006  1.108004309216282E-006  1.070117119509512E-006  1.031453626449991E-006  9.915154487152159E-007  9.494498395350623E-007  8.513028113496223E-007  7.850734485161292E-007  6.813671408810367E-007
   603.000084478443       4.409732563678419E-006  4.094992736431924E-006  3.774519959972112E-006  3.447210835614513E-006  3.111625089635684E-006  2.765872829854105E-006  2.407489924932358E-006  2.222622306216677E-006  2.033419509644607E-006  1.839502603249668E-006  1.720780905719999E-006  1.640635163472087E-006  1.518943040588987E-006  1.436855682598338E-006  1.312270843589813E-006  1.228068422966642E-006  1.185471528066890E-006  1.142376357807011E-006  1.098538109012232E-006  1.053528159092977E-006  1.006579403989902E-006  8.996689861406916E-007  8.298970988044517E-007  7.235675976866828E-007
   605.000084758637       4.578702390925310E-006  4.255786949852389E-006  3.927029188434552E-006  3.591211353740058E-006  3.246705901869882E-006  2.891307136273401E-006  2.521994419853046E-006  2.330886748761544E-006  2.134674228207024E-006  1.932689184881524E-006  1.808455525753876E-006  1.724289421519311E-006  1.595954934707982E-006  1.508974249454234E-006  1.376267005973221E-006  1.286110715941364E-006  1.240386750464005E-006  1.194081089315730E-006  1.146971298163729E-006  1.098661511227027E-006  1.048429207519142E-006  9.352421244080830E-007  8.626527604736944E-007  7.538747092123731E-007
   607.000085038830       4.661750612761793E-006  4.341869618101468E-006  4.015840024357544E-006  3.682308955825440E-006  3.339434532488521E-006  2.984652025302272E-006  2.614297848388957E-006  2.421697380136196E-006  2.223028976595753E-006  2.017244667488320E-006  1.889858876202371E-006  1.803129082763330E-006  1.670103685578936E-006  1.579327829108154E-006  1.439731137186984E-006  1.344083548000559E-006  1.295332127651292E-006  1.245818415975074E-006  1.195338619110039E-006  1.143531740500479E-006  1.089731562321439E-006  9.695564790716725E-007  8.938582457723423E-007  7.827622806368850E-007
   609.000085319024       4.667756812846779E-006  4.357705195770040E-006  4.041408778123321E-006  3.717434969789813E-006  3.383803785657980E-006  3.037695885626315E-006  2.674944734856688E-006  2.485446378538150E-006  2.289126121989725E-006  2.084563245719318E-006  1.957131378656783E-006  1.869936046015474E-006  1.735376419681680E-006  1.642882965813440E-006  1.499372546320220E-006  1.400023648893428E-006  1.349042907156053E-006  1.297030795580920E-006  1.243780257843976E-006  1.188940955930042E-006  1.131879171160690E-006  1.004793716516898E-006  9.257620265948960E-007  8.120435608474835E-007
   611.000085599218       4.656423225554164E-006  4.349179006545552E-006  4.035789653988934E-006  3.714830948966183E-006  3.384328816709691E-006  3.041463764662368E-006  2.682055484379813E-006  2.494254101905202E-006  2.299634274311828E-006  2.096755464126701E-006  1.970311878949361E-006  1.883758564978080E-006  1.750121756238750E-006  1.658203464184761E-006  1.515460185488731E-006  1.416526103993587E-006  1.365711257895728E-006  1.313829177569074E-006  1.260664176647013E-006  1.205853875412776E-006  1.148746884190562E-006  1.021223282286575E-006  9.416633838050906E-007  8.268250683375617E-007
   613.000085879412       4.359249654750810E-006  4.084072136463140E-006  3.803241523553636E-006  3.515364812040949E-006  3.218495012790812E-006  2.909815469091437E-006  2.585064661633956E-006  2.414679801359500E-006  2.237414447436557E-006  2.051631114874423E-006  1.935173055477739E-006  1.855085823022880E-006  1.730714880735067E-006  1.644561226848052E-006  1.509534185109341E-006  1.414857141860607E-006  1.365812994005729E-006  1.315412535502046E-006  1.263398556646335E-006  1.209368202029602E-006  1.152637887004303E-006  1.024644933381111E-006  9.443651033005446E-007  8.290216743729706E-007
   615.000086159606       4.739898318832637E-006  4.433785463933912E-006  4.121209602149517E-006  3.800677349079271E-006  3.470110576732328E-006  3.126519604896546E-006  2.765416442818338E-006  2.576230130047974E-006  2.379700980983265E-006  2.174171601554403E-006  2.045640414527038E-006  1.957420559714045E-006  1.820753376743922E-006  1.726366546585684E-006  1.579020713294247E-006  1.476231540375943E-006  1.423190693770922E-006  1.368850134990484E-006  1.312967206273471E-006  1.255153336881197E-006  1.194734320590197E-006  1.059564061820824E-006  9.755184327909219E-007  8.553874343145260E-007
   617.000086439800       3.594045313560093E-006  3.348663286288637E-006  3.099497187678276E-006  2.845828404003997E-006  2.586764682734770E-006  2.321215659723411E-006  2.047903982582836E-006  1.907912021924942E-006  1.765482054193245E-006  1.620473012223118E-006  1.532162893691739E-006  1.472707199790760E-006  1.382538965279695E-006  1.321628252570526E-006  1.228499539054532E-006  1.164473990761887E-006  1.131487065453465E-006  1.097524467431080E-006  1.062182737490772E-006  1.024830530093581E-006  9.844338034776895E-007  8.855441016789970E-007  8.153331860507032E-007  7.017599037067104E-007
   619.000086719993       4.182966810420117E-006  3.870519247007880E-006  3.553657464427480E-006  3.231881260553876E-006  2.904686970523629E-006  2.571677866381630E-006  2.232831785018293E-006  2.061455809385277E-006  1.889120002931072E-006  1.716295409876570E-006  1.612631759993506E-006  1.543626458047830E-006  1.440338302022390E-006  1.371588486100254E-006  1.268218448904071E-006  1.198424122200972E-006  1.162863029286419E-006  1.126516181930956E-006  1.088955112290874E-006  1.049507859218393E-006  1.007074942102780E-006  9.037669725456005E-007  8.305741913185062E-007  7.122736769085470E-007
   621.000087000187       4.109956539948317E-006  3.801926728136889E-006  3.490051076537234E-006  3.173943689853749E-006  2.853247724546813E-006  2.527750221720379E-006  2.197637300996120E-006  2.031140905255689E-006  1.864029191396390E-006  1.696726351510766E-006  1.596467816581556E-006  1.529740597275910E-006  1.429822602693363E-006  1.363239997121713E-006  1.262889499563534E-006  1.194869798539811E-006  1.160098766448938E-006  1.124463878298869E-006  1.087525191369702E-006  1.048597074474688E-006  1.006562503027041E-006  9.035801222928141E-007  8.302226802978666E-007  7.114395927603014E-007
   623.000087280381       3.772961989233512E-006  3.479734125492331E-006  3.184163511844261E-006  2.886403074128636E-006  2.586875662373656E-006  2.286508994620237E-006  1.987153184447565E-006  1.838842991143909E-006  1.692228543125971E-006  1.548038561204417E-006  1.462969578208095E-006  1.406900975866786E-006  1.323663319819049E-006  1.268536172734687E-006  1.185481789873301E-006  1.128693435605081E-006  1.099311022612618E-006  1.068832672459821E-006  1.036745087431728E-006  1.002276383634372E-006  9.642046825185159E-007  8.670382764145923E-007  7.949822084771682E-007  6.757674972774285E-007
   625.000087560575       3.858902504399625E-006  3.572860076100681E-006  3.283294696061358E-006  2.989922227503694E-006  2.692539841280742E-006  2.391173112824930E-006  2.086386229277798E-006  1.933176795085813E-006  1.779894190524676E-006  1.627068675726507E-006  1.535842167508260E-006  1.475281124382341E-006  1.384803057345642E-006  1.324599988841513E-006  1.233798042343582E-006  1.171963610801885E-006  1.140163450883339E-006  1.107375368605699E-006  1.073118994815807E-006  1.036660955173114E-006  9.968277731195595E-007  8.971291102528817E-007  8.245772317451544E-007  7.056443233043515E-007
   627.000087840769       4.231844659792466E-006  3.925194747687538E-006  3.613932770741606E-006  3.297400308674678E-006  2.974852841527093E-006  2.645522419254730E-006  2.308810953471345E-006  2.137662788956454E-006  1.964810462862091E-006  1.790560939569106E-006  1.685536969318151E-006  1.615395167620654E-006  1.510044426607970E-006  1.439680871159089E-006  1.333550123604739E-006  1.261708566090002E-006  1.225066690325428E-006  1.187600936665858E-006  1.148879741106540E-006  1.108223752821135E-006  1.064519686231390E-006  9.583618673869965E-007  8.834126583075063E-007  7.625304364611864E-007
   629.000088120963       4.490163483672913E-006  4.169236699273474E-006  3.842655212331796E-006  3.509535625972016E-006  3.168826718126925E-006  2.819333740136776E-006  2.459860658576689E-006  2.276113958540910E-006  2.089703960870140E-006  1.900845174639310E-006  1.786540352384275E-006  1.710010796057785E-006  1.594831040457511E-006  1.517808843260838E-006  1.401705939482553E-006  1.323389480070466E-006  1.283619642204748E-006  1.243130955595096E-006  1.201518802388673E-006  1.158132203529399E-006  1.111886797073429E-006  1.001329768322545E-006  9.245530182171663E-007  8.018179386387824E-007
   631.000088401157       4.577612096597506E-006  4.266562415747560E-006  3.949149746058921E-006  3.624197385885913E-006  3.290200160302798E-006  2.945230291506288E-006  2.586851942908521E-006  2.401738106024269E-006  2.212168201068491E-006  2.017801506096159E-006  1.898772499979460E-006  1.818393614255995E-006  1.696256426622207E-006  1.613740424035632E-006  1.488064849936181E-006  1.402537249631293E-006  1.358961691036682E-006  1.314576063371113E-006  1.269022982665926E-006  1.221714172106752E-006  1.171646509114395E-006  1.054218856929306E-006  9.748128088417232E-007  8.505298052310849E-007
   633.000088681350       4.770593627215667E-006  4.451244863487369E-006  4.124859023078989E-006  3.790087364943906E-006  3.445174555415806E-006  3.087813721560976E-006  2.714967871200739E-006  2.521553133006662E-006  2.322745575522064E-006  2.117973892287426E-006  1.992026067752670E-006  1.906713038114927E-006  1.776649213097961E-006  1.688483515440331E-006  1.553803566846247E-006  1.461982851457215E-006  1.415208829001356E-006  1.367616616708104E-006  1.318876101761573E-006  1.268432409319601E-006  1.215320781436803E-006  1.092238332239481E-006  1.010280198055948E-006  8.834150448345590E-007
   635.000088961544       4.919480826595356E-006  4.593905939304611E-006  4.261140585662776E-006  3.919760412275377E-006  3.567883355691878E-006  3.202981222168621E-006  2.821609428563751E-006  2.623337698520396E-006  2.419075269115935E-006  2.208010035618151E-006  2.077741811933338E-006  1.989261620284273E-006  1.853926605361946E-006  1.761839876760046E-006  1.620562037327712E-006  1.523817407557300E-006  1.474421414145368E-006  1.424107667179216E-006  1.372559059132951E-006  1.319242343031961E-006  1.263224844272387E-006  1.134423483630966E-006  1.049806440269600E-006  9.205535575655332E-007
   637.000089241738       4.918597151918517E-006  4.593099590535752E-006  4.260460569965337E-006  3.919281666462867E-006  3.567719700728993E-006  3.203306489274320E-006  2.822693237188667E-006  2.624947325503523E-006  2.421342199877543E-006  2.211095774226828E-006  2.081407186395066E-006  1.993351288301943E-006  1.858703657905354E-006  1.767098711008120E-006  1.626536716983856E-006  1.530213099852416E-006  1.480987474665070E-006  1.430800734325907E-006  1.379318195885295E-006  1.325983151190145E-006  1.269830500568346E-006  1.140170032811746E-006  1.054538215763328E-006  9.232450529250790E-007
   639.000089521932       5.098697661458227E-006  4.764249461737039E-006  4.421967388135187E-006  4.070319981823994E-006  3.707283779426883E-006  3.330136927599469E-006  2.935153995855985E-006  2.729435207628386E-006  2.517195342517082E-006  2.297506456101119E-006  2.161685410548174E-006  2.069315179814535E-006  1.927812803980679E-006  1.831354855746979E-006  1.683044502312615E-006  1.581229691701248E-006  1.529165030087611E-006  1.476085218109163E-006  1.421667983908505E-006  1.365376214687803E-006  1.306272858129857E-006  1.170875130110738E-006  1.082544488476081E-006  9.487299683974761E-007
   641.000089802126       5.075096322207398E-006  4.750213478900232E-006  4.417373471041944E-006  4.074987757947884E-006  3.720932949166256E-006  3.352303400021948E-006  2.965018204320495E-006  2.762637849869524E-006  2.553208623591262E-006  2.335573011941425E-006  2.200481867009618E-006  2.108328621426921E-006  1.966653428344603E-006  1.869682722285124E-006  1.719880124815803E-006  1.616514091184155E-006  1.563491600200581E-006  1.509329755255133E-006  1.453708683561167E-006  1.396099591704092E-006  1.335582903134742E-006  1.197226958044117E-006  1.107540042709595E-006  9.728494200566978E-007
   643.000090082320       4.931652765242657E-006  4.609472167837821E-006  4.280088967850497E-006  3.942095354158580E-006  3.593643253633827E-006  3.232271128831447E-006  2.854661111545061E-006  2.658422579118798E-006  2.456342862649002E-006  2.247644133318601E-006  2.118886324829820E-006  2.031441837774541E-006  1.897668324684755E-006  1.806584977037047E-006  1.666609165112796E-006  1.570434158693752E-006  1.521164259083933E-006  1.470823487210642E-006  1.419045921883258E-006  1.365234190967723E-006  1.308368274432520E-006  1.176192293334089E-006  1.088329694703988E-006  9.531748184451962E-007
   645.000090362513       4.813522492881337E-006  4.509640676094351E-006  4.198897526249602E-006  3.879861070096564E-006  3.550609716065661E-006  3.208505524622814E-006  2.849832042184861E-006  2.662688434708561E-006  2.469210264173709E-006  2.268305993589937E-006  2.143641734352460E-006  2.058595574347428E-006  1.927783631610303E-006  1.838151108603059E-006  1.699367720956317E-006  1.603212104926908E-006  1.553694194070158E-006  1.502929358544131E-006  1.450556247730459E-006  1.395992256887591E-006  1.338247168493951E-006  1.204181634735801E-006  1.115590018330809E-006  9.803995342604662E-007
   647.000090642707       4.958038290417961E-006  4.652351630190658E-006  4.339489342457261E-006  4.017887354645216E-006  3.685417360800794E-006  3.339100195716702E-006  2.974618161723083E-006  2.783649594728581E-006  2.585447931678733E-006  2.378583676027519E-006  2.249549533929969E-006  2.161172616329756E-006  2.024603043344110E-006  1.930528744848975E-006  1.783985071703709E-006  1.681803828639271E-006  1.628990491487097E-006  1.574735981439360E-006  1.518682479153895E-006  1.460262412450061E-006  1.398518955957311E-006  1.256327395810621E-006  1.163947044695768E-006  1.025858184064098E-006
   649.000090922901       4.902033754994954E-006  4.592659687747248E-006  4.275841755965748E-006  3.950084120290771E-006  3.613403789044695E-006  3.263120108256454E-006  2.895536035293717E-006  2.703712666385073E-006  2.505477209502104E-006  2.299852108053914E-006  2.172452910875035E-006  2.085663024047124E-006  1.952420678258878E-006  1.861339929601367E-006  1.720740463744889E-006  1.623668145744952E-006  1.573789152711306E-006  1.522725877899840E-006  1.470107906569942E-006  1.415332841156267E-006  1.357372716915329E-006  1.222526216279566E-006  1.132943421340548E-006  9.953352460583053E-007
   651.000091203095       5.253603684679200E-006  4.921483989707631E-006  4.581405432101225E-006  4.231757693466274E-006  3.870383260058522E-006  3.494320895829847E-006  3.099389701795880E-006  2.893048010493012E-006  2.679505051376420E-006  2.457514938378567E-006  2.319630356527935E-006  2.225504371023154E-006  2.080634727260566E-006  1.981315423642824E-006  1.827492909293883E-006  1.720957123422994E-006  1.666142408531630E-006  1.610011980203492E-006  1.552208662788407E-006  1.492156581767641E-006  1.428874279708835E-006  1.283592605732607E-006  1.189230271298283E-006  1.047763067895311E-006
   653.000091483289       5.554817137459008E-006  5.207900432045979E-006  4.852137509459842E-006  4.485711034457569E-006  4.106160953583568E-006  3.710063353292185E-006  3.292490004145400E-006  3.073481237521707E-006  2.846075254783578E-006  2.608704428237020E-006  2.460690713726922E-006  2.359370744155817E-006  2.202961782837507E-006  2.095402364410022E-006  1.928342031628611E-006  1.812405733465019E-006  1.752739929435710E-006  1.691680992614756E-006  1.628900705043022E-006  1.563864878378708E-006  1.495649455102135E-006  1.340983641344363E-006  1.242426523865575E-006  1.097383906668223E-006
   655.000091763483       5.425906114764002E-006  5.086896968835300E-006  4.739277356904630E-006  4.381320254430030E-006  4.010697419771060E-006  3.624187212989287E-006  3.217189808613383E-006  3.004002175214855E-006  2.782904639439877E-006  2.552471620872341E-006  2.408998630358579E-006  2.310892350182277E-006  2.159621665361913E-006  2.055720567355422E-006  1.894519841971928E-006  1.782728972393645E-006  1.725194451272944E-006  1.666291717107098E-006  1.605673942671507E-006  1.542778259566328E-006  1.476637119326872E-006  1.325616058093106E-006  1.228308610995373E-006  1.083491483667605E-006
   657.000092043676       5.464756120475947E-006  5.126759214366517E-006  4.779271767064760E-006  4.420587383857144E-006  4.048396625759467E-006  3.659494660248725E-006  3.249302527417839E-006  3.034229271605350E-006  2.811068924489947E-006  2.578417948644349E-006  2.433554116538460E-006  2.334501851618765E-006  2.181792734571293E-006  2.076924238486939E-006  1.914262107563823E-006  1.801483189361265E-006  1.743445295300090E-006  1.684028339020567E-006  1.622879941097996E-006  1.559428822179895E-006  1.492693711569819E-006  1.340239606073763E-006  1.241902213008979E-006  1.095273553528793E-006
   659.000092323870       5.553402625680577E-006  5.209200840397409E-006  4.855863954003287E-006  4.491543222075299E-006  4.113748066199345E-006  3.719033783009197E-006  3.302487272393920E-006  3.083889661826267E-006  2.856872547057094E-006  2.619942906653055E-006  2.472273489101529E-006  2.371244043181950E-006  2.215412890025056E-006  2.108373954780176E-006  1.942391186151141E-006  1.827439147364348E-006  1.768362395460763E-006  1.707960915490302E-006  1.645902387139551E-006  1.581635849958805E-006  1.514195662402896E-006  1.360640833960813E-006  1.261784272223110E-006  1.114151909016047E-006
   661.000092604064       5.599382095785224E-006  5.250251514579108E-006  4.892064577847200E-006  4.522980771823084E-006  4.140520005152089E-006  3.741254311641215E-006  3.320306687374826E-006  3.099591207806173E-006  2.870543229359565E-006  2.631720132219706E-006  2.483017662153662E-006  2.381361507129561E-006  2.224717783563744E-006  2.117249383195956E-006  1.950851101208796E-006  1.835814089088030E-006  1.776760598370566E-006  1.716426374259594E-006  1.654474568114524E-006  1.590342721776177E-006  1.523042221882515E-006  1.369576676911200E-006  1.270409347241335E-006  1.121568728841545E-006
   663.000092884258       5.574929444450442E-006  5.223447465583692E-006  4.862718909670997E-006  4.490949440911102E-006  4.105760461143054E-006  3.703935398344534E-006  3.281039777087436E-006  3.059845485492160E-006  2.830903730807918E-006  2.593093340092385E-006  2.445631517022287E-006  2.345153836454026E-006  2.190942497783751E-006  2.085634977931686E-006  1.923470958402133E-006  1.812017356560819E-006  1.754996981616047E-006  1.696850380839207E-006  1.637222206209545E-006  1.575513103110751E-006  1.510669593720690E-006  1.361708974342486E-006  1.264000776862559E-006  1.114723580764048E-006
   665.000093164452       5.410751433700640E-006  5.060345934009896E-006  4.701342327321643E-006  4.332241097738469E-006  3.951123719316936E-006  3.555515232871324E-006  3.142218647149321E-006  2.927705633065540E-006  2.707186819145352E-006  2.480040778723106E-006  2.340301745232253E-006  2.245609052787072E-006  2.101118879340526E-006  2.003017543659722E-006  1.852708956464145E-006  1.749720927995657E-006  1.697025440489938E-006  1.643204981255041E-006  1.587837664485852E-006  1.530233253986725E-006  1.469212487318033E-006  1.326205180362115E-006  1.229748166380503E-006  1.078956131533127E-006
   667.000093444646       5.248114388509976E-006  4.904662998238953E-006  4.553117508958118E-006  4.192181160007504E-006  3.820247276646908E-006  3.435334254113538E-006  3.035048004409450E-006  2.828294788660091E-006  2.616668264081767E-006  2.399835813371009E-006  2.267101437013922E-006  2.177459883455879E-006  2.041151605817638E-006  1.948908510598265E-006  1.807923817334848E-006  1.711391888065942E-006  1.661938203753539E-006  1.611325341953613E-006  1.559084593021404E-006  1.504462784529562E-006  1.446195298952369E-006  1.307463173921203E-006  1.212004325608196E-006  1.060541352473048E-006
   669.000093724840       4.956736990535107E-006  4.611935187975404E-006  4.260997920136499E-006  3.903351538192481E-006  3.538450025847237E-006  3.165903372451028E-006  2.785749236796140E-006  2.593069559362932E-006  2.398966205948455E-006  2.203796907562077E-006  2.086332594855617E-006  2.007888575237206E-006  1.889924096174937E-006  1.810894402307446E-006  1.690934503999173E-006  1.608871040364504E-006  1.566632147953391E-006  1.523114394065684E-006  1.477739463337665E-006  1.429611672821532E-006  1.377276706259406E-006  1.247493471024484E-006  1.153812145935872E-006  1.000238918711667E-006
   671.000094005033       4.927701498965566E-006  4.595121582277821E-006  4.256223037915408E-006  3.910253980005867E-006  3.556384479992273E-006  3.193762266757658E-006  2.821654538161805E-006  2.631915363514688E-006  2.439733810214780E-006  2.245166231865825E-006  2.127279748886821E-006  2.048176082719892E-006  1.928596411385441E-006  1.848047350222619E-006  1.725137160867795E-006  1.640696812510526E-006  1.597170907071232E-006  1.552319897935682E-006  1.505586408029204E-006  1.456102033166685E-006  1.402447811782581E-006  1.270358209008106E-006  1.175916104997786E-006  1.022240635146124E-006
   673.000094285227       4.692429517315690E-006  4.351675427191517E-006  4.006907733388072E-006  3.658283818719240E-006  3.306270536716984E-006  2.951878643603036E-006  2.597031454901311E-006  2.420398791585576E-006  2.244985392925503E-006  2.071329078396112E-006  1.968106707984675E-006  1.899656247009597E-006  1.797270146326782E-006  1.728859612019534E-006  1.624741834762010E-006  1.552787423392869E-006  1.515324914156596E-006  1.476312583549571E-006  1.435090734644061E-006  1.390661952672924E-006  1.341438136601284E-006  1.215230653600635E-006  1.121140345596715E-006  9.643663630256931E-007
   675.000094565421       4.727075340497883E-006  4.392499529954698E-006  4.053518477085233E-006  3.710066607737654E-006  3.362277987032703E-006  3.010661206998107E-006  2.656379850205168E-006  2.478867752633692E-006  2.301572323742799E-006  2.124841522163497E-006  2.019130205502352E-006  1.948737050161364E-006  1.843013649066594E-006  1.772113438210687E-006  1.663939532789215E-006  1.589151895555208E-006  1.550268363973369E-006  1.509854058312393E-006  1.467270886257813E-006  1.421548912760973E-006  1.371136533656136E-006  1.243108429247261E-006  1.148627420272444E-006  9.921393185247317E-007
   677.000094845615       5.065572846327317E-006  4.718707178871559E-006  4.365715348059601E-006  4.006073334715887E-006  3.639282077231374E-006  3.264965016138414E-006  2.883051346725213E-006  2.689374623732117E-006  2.494042087618201E-006  2.297186143643046E-006  2.178341748241010E-006  2.098756473355527E-006  1.978640830172551E-006  1.897809114032476E-006  1.774448610998179E-006  1.689564684949017E-006  1.645728013483298E-006  1.600478591311833E-006  1.553230972037412E-006  1.503079647597835E-006  1.448552810406854E-006  1.313696122899764E-006  1.216867951487780E-006  1.058974636733892E-006
   679.000095125809       4.823223760546610E-006  4.484405679939363E-006  4.140932255831640E-006  3.792711182064011E-006  3.439847640244562E-006  3.082821367582303E-006  2.722773027927596E-006  2.542240471752105E-006  2.361834437123831E-006  2.181903330557771E-006  2.074226060570693E-006  2.002500007810846E-006  1.894734437989696E-006  1.822433965759789E-006  1.712069922774256E-006  1.635730999516966E-006  1.596032221089979E-006  1.554768170965841E-006  1.511291973669947E-006  1.464620516608526E-006  1.413179898271323E-006  1.282640571038549E-006  1.186359774862900E-006  1.026813752481679E-006
   681.000095406003       5.064118152538201E-006  4.717989368001664E-006  4.365682068414431E-006  4.006722079241970E-006  3.640704840676923E-006  3.267429389718394E-006  2.887148487098386E-006  2.694678022023411E-006  2.500945426562055E-006  2.306212850035169E-006  2.188950531701832E-006  2.110563023860963E-006  1.992462817243109E-006  1.913109529749204E-006  1.792105761172375E-006  1.708804081044207E-006  1.665726051383277E-006  1.621189189146573E-006  1.574583033022554E-006  1.524969174598962E-006  1.470830275349034E-006  1.335967745912603E-006  1.238351683142976E-006  1.078235492122606E-006
   683.000095686196       5.322380902719621E-006  4.964951012467645E-006  4.600191742725194E-006  4.227309234079810E-006  3.845457006313623E-006  3.453820382445808E-006  3.051813433941199E-006  2.846892366967370E-006  2.639466159145169E-006  2.429692514296391E-006  2.302751724772192E-006  2.217657301561658E-006  2.089174007841231E-006  2.002745017161896E-006  1.871071075806928E-006  1.780776116094879E-006  1.734293957368376E-006  1.686447802142129E-006  1.636657774488420E-006  1.584022106664615E-006  1.527068523836169E-006  1.387453830784951E-006  1.288094846451801E-006  1.126696344624921E-006
   685.000095966390       5.428034892801382E-006  5.074825732216147E-006  4.713232460631845E-006  4.342145171514335E-006  3.960274939299025E-006  3.566176598969906E-006  3.158359591185392E-006  2.948897761136545E-006  2.735591942048323E-006  2.518402832992243E-006  2.386206025160546E-006  2.297259564770714E-006  2.162485352763002E-006  2.071544420886875E-006  1.932717595362154E-006  1.837496338137167E-006  1.788542737031028E-006  1.738244294742687E-006  1.686045148604846E-006  1.631073576934044E-006  1.571895760279169E-006  1.428392986702925E-006  1.327550020710128E-006  1.165100846855308E-006
   687.000096246584       5.490016358608088E-006  5.134370822619654E-006  4.770323556028111E-006  4.396693535760451E-006  4.012080777905853E-006  3.614868823280579E-006  3.203309075512770E-006  2.991630402505474E-006  2.775808394088890E-006  2.555755437622794E-006  2.421661430337271E-006  2.331376678962576E-006  2.194495199331009E-006  2.102095005070422E-006  1.961031504861281E-006  1.864314815725555E-006  1.814620435252277E-006  1.763589583283813E-006  1.710669039705574E-006  1.654989577232666E-006  1.595119942572035E-006  1.450292135660924E-006  1.348807053121150E-006  1.185624617948254E-006
   689.000096526778       5.747444977525242E-006  5.387853727033843E-006  5.019024642702728E-006  4.639454846156281E-006  4.247249103533164E-006  3.839999865065584E-006  3.414640675780192E-006  3.193992928916909E-006  2.967288171860843E-006  2.733868280056040E-006  2.590260186132229E-006  2.492896560349191E-006  2.344146258301774E-006  2.242919815374798E-006  2.087155610971891E-006  1.979681982930330E-006  1.924357202716643E-006  1.867564575884751E-006  1.808796756817865E-006  1.747251903831698E-006  1.681596251430365E-006  1.526088873611759E-006  1.420366109733456E-006  1.254811282903542E-006
   691.000096806972       6.017907998223350E-006  5.656040527087308E-006  5.283983471448311E-006  4.899839915444291E-006  4.501105652389685E-006  4.084398060590029E-006  3.645026660539378E-006  3.414856338519340E-006  3.176300327861760E-006  2.928014396593935E-006  2.773683657993342E-006  2.668289642039181E-006  2.506009754596903E-006  2.394692291556643E-006  2.222113607036353E-006  2.102364532467132E-006  2.040633761369773E-006  1.977304029236214E-006  1.911924727473814E-006  1.843774638218529E-006  1.771633985158293E-006  1.604272434515058E-006  1.493924714667832E-006  1.325888675104258E-006
   693.000097087165       6.000967378940891E-006  5.640480056622877E-006  5.269707834136559E-006  4.886735452508902E-006  4.489045139571753E-006  4.073259144882349E-006  3.634748525268154E-006  3.405044663382618E-006  3.167052239472725E-006  2.919536827857495E-006  2.765843544854391E-006  2.660984097135992E-006  2.499732410866156E-006  2.389297162811939E-006  2.218429933924457E-006  2.100133967438601E-006  2.039231676113047E-006  1.976795966229273E-006  1.912367453615794E-006  1.845206634940019E-006  1.774060682510397E-006  1.608430249964699E-006  1.498481523984222E-006  1.329683762896403E-006
   695.000097367359       6.213108717783208E-006  5.853037792287884E-006  5.482294319282297E-006  5.098730141328589E-006  4.699441021484756E-006  4.280379331501373E-006  3.835690176822315E-006  3.601136095518006E-006  3.356518725749093E-006  3.099890173470630E-006  2.939115906674146E-006  2.828686164649570E-006  2.657537917749535E-006  2.539298772014687E-006  2.354591793872704E-006  2.225484983474694E-006  2.158683336074019E-006  2.090031227187001E-006  2.019099567771639E-006  1.945206273981933E-006  1.867196098782591E-006  1.688185764419289E-006  1.572528933990504E-006  1.400348217978940E-006
   697.000097647553       6.499746974662579E-006  6.133745467175803E-006  5.756405633081055E-006  5.365374072102242E-006  4.957427323660976E-006  4.527989587982320E-006  4.070263748685743E-006  3.827677407609609E-006  3.573548272923814E-006  3.305347427110716E-006  3.136281401565556E-006  3.019599333093574E-006  2.837718533277544E-006  2.711221946320220E-006  2.512041031785821E-006  2.371586970333744E-006  2.298519137272021E-006  2.223174360665724E-006  2.145111398806221E-006  2.063655718353152E-006  1.977694474035060E-006  1.782125593403174E-006  1.658531369444887E-006  1.480388379787832E-006
   699.000097927747       6.474934267968181E-006  6.117860167431963E-006  5.749878569067834E-006  5.368634820532266E-006  4.970868003925473E-006  4.551885534292911E-006  4.104590294066924E-006  3.867006756752562E-006  3.617525372091810E-006  3.353325088547476E-006  3.186155564801258E-006  3.070436079938061E-006  2.889389802846529E-006  2.762923180509682E-006  2.562729932520135E-006  2.420701435540762E-006  2.346520869459432E-006  2.269822467789153E-006  2.190151090474831E-006  2.106825862299745E-006  2.018741161635004E-006  1.818323033191626E-006  1.692241245755910E-006  1.512218602659711E-006
   701.000098207941       6.618298566720685E-006  6.261083215197613E-006  5.892326613159824E-006  5.509553908105496E-006  5.109326305886029E-006  4.686668091206737E-006  4.233992813681628E-006  3.992817878467891E-006  3.738908623691068E-006  3.469154712625632E-006  3.297933434607488E-006  3.179131152368961E-006  2.992751495467963E-006  2.862151777046523E-006  2.654654070420876E-006  2.506835749408620E-006  2.429426729868197E-006  2.349248809257974E-006  2.265825528166778E-006  2.178457987868925E-006  2.086031155515793E-006  1.876095663316263E-006  1.744987849157845E-006  1.560211307296955E-006
   703.000098488135       6.785981938005087E-006  6.424016724504553E-006  6.050480397020117E-006  5.662832910392200E-006  5.257519304749771E-006  4.829349698804672E-006  4.370316866332880E-006  4.125397280213909E-006  3.867124528574278E-006  3.592071012991956E-006  3.417013814198502E-006  3.295282418750974E-006  3.103780648745344E-006  2.969146197561105E-006  2.754352902522932E-006  2.600596902136201E-006  2.519820205252902E-006  2.435971133448303E-006  2.348546410643674E-006  2.256826296274828E-006  2.159688528938963E-006  1.939376625117053E-006  1.802840669008680E-006  1.613209713681275E-006
   705.000098768329       6.602123668337546E-006  6.239933142241475E-006  5.867179381040121E-006  5.481708564161533E-006  5.080528117772254E-006  4.659284308875115E-006  4.211238107719179E-006  3.973906478638676E-006  3.725031717488334E-006  3.461572938598107E-006  3.294703986042956E-006  3.178999510421849E-006  2.997439005421112E-006  2.870039696428772E-006  2.666939429418630E-006  2.521395821900306E-006  2.444773116322081E-006  2.365048150500216E-006  2.281647184597755E-006  2.193751170114090E-006  2.100096357398620E-006  1.884746567969841E-006  1.748619817144106E-006  1.555896702569079E-006
   707.000099048522       5.745816965904403E-006  5.392134365151490E-006  5.030233153428243E-006  4.658921024507936E-006  4.276694429175801E-006  3.881601015127743E-006  3.470974653789193E-006  3.258672376133627E-006  3.040814352952514E-006  2.816391876958189E-006  2.677971207141286E-006  2.583828963683583E-006  2.439286823875486E-006  2.340237930637823E-006  2.186307939514325E-006  2.078710915016094E-006  2.022784455362380E-006  1.964944350640476E-006  1.904591618461750E-006  1.840791162376350E-006  1.771998887718461E-006  1.605797866729293E-006  1.490267183704519E-006  1.306584784171020E-006
   709.000099328716       5.432992400048957E-006  5.090903849341907E-006  4.742810294944980E-006  4.388080775960157E-006  4.025939752292596E-006  3.655367153909152E-006  3.274839961122761E-006  3.080067171923487E-006  2.881569201186431E-006  2.678381314427042E-006  2.553550812612118E-006  2.468770906021053E-006  2.338595339397707E-006  2.249211294038262E-006  2.109541061615861E-006  2.010937223889394E-006  1.959217428106679E-006  1.905305474666419E-006  1.848520195587860E-006  1.787825135463902E-006  1.721548663796905E-006  1.557855279851010E-006  1.441684795170337E-006  1.255636666783802E-006
   711.000099608910       5.434915856951512E-006  5.087785609522029E-006  4.734628759810963E-006  4.374841720945894E-006  4.007708722192098E-006  3.632339604348599E-006  3.247504396218131E-006  3.050952532258425E-006  2.851126920657295E-006  2.647342174989591E-006  2.522690823293435E-006  2.438343026324538E-006  2.309434752454186E-006  2.221420746185269E-006  2.084830601995626E-006  1.989116640378605E-006  1.939127298941835E-006  1.887143178815601E-006  1.832477504072457E-006  1.774072318760291E-006  1.710208792488193E-006  1.551272518995564E-006  1.436883511110752E-006  1.250758820866467E-006
   713.000099889104       4.864249146237929E-006  4.541507980924077E-006  4.216358561489295E-006  3.889114147922157E-006  3.560226777604338E-006  3.230262813465152E-006  2.899704035094449E-006  2.734158753798601E-006  2.568126148468905E-006  2.400901074588608E-006  2.299383904860874E-006  2.230858200683863E-006  2.126058120483768E-006  2.054162102648748E-006  1.941275684861173E-006  1.860564783170913E-006  1.817662164786780E-006  1.772382811491490E-006  1.723939833837559E-006  1.671151353577462E-006  1.612139404648154E-006  1.459641168767403E-006  1.346044356238256E-006  1.158583650683531E-006
   715.000100169298       4.807238512776373E-006  4.494461140441540E-006  4.178388624547181E-006  3.859115185872566E-006  3.536867109271172E-006  3.212031605999269E-006  2.885093662230827E-006  2.720919119770913E-006  2.556150711714897E-006  2.390362850562987E-006  2.289974733932312E-006  2.222396230961018E-006  2.119439924316540E-006  2.049145908057039E-006  1.939393416195031E-006  1.861353473994902E-006  1.819977676173548E-006  1.776353677215191E-006  1.729689285082760E-006  1.678790603591065E-006  1.621759030409446E-006  1.473325332318445E-006  1.361547885951205E-006  1.174849986241101E-006
   717.000100449492       5.249916973413898E-006  4.907247865051238E-006  4.559378270370908E-006  4.206111791705514E-006  3.847337596479156E-006  3.483086602612798E-006  3.113568552949107E-006  2.926919395644935E-006  2.738989614063290E-006  2.549563173093267E-006  2.434918927221445E-006  2.357882974145786E-006  2.240942222256482E-006  2.161559916233161E-006  2.038750619311402E-006  1.952560319077389E-006  1.907330616516198E-006  1.860030620798123E-006  1.809895262361615E-006  1.755762071907217E-006  1.695768558977805E-006  1.542383606907088E-006  1.428638133637294E-006  1.239781454223125E-006
   719.000100729685       5.592359031504007E-006  5.249698544938500E-006  4.899103935858682E-006  4.539674847800826E-006  4.170361073028142E-006  3.789920020396044E-006  3.396812510900887E-006  3.194873962618009E-006  2.988848343991467E-006  2.778116104189489E-006  2.648984732726496E-006  2.561540872538254E-006  2.427852295994135E-006  2.336576350892927E-006  2.195001864162461E-006  2.095910855129246E-006  2.044217780009119E-006  1.990520827582041E-006  1.934135280090900E-006  1.874007126566984E-006  1.808423710790423E-006  1.646073789514956E-006  1.529929386701972E-006  1.341481848539928E-006
   721.000101009879       5.509330898381666E-006  5.166433566118772E-006  4.815966065796172E-006  4.457097571812953E-006  4.088913797240722E-006  3.710452306669096E-006  3.320769565554732E-006  3.121442831876902E-006  2.918960437607801E-006  2.713092593986656E-006  2.587731854211623E-006  2.503241902945887E-006  2.374756725504793E-006  2.287527308657122E-006  2.152963236876768E-006  2.059165340210931E-006  2.010281137677200E-006  1.959476197146871E-006  1.906034372325962E-006  1.848855438911126E-006  1.786158973782953E-006  1.628904861077273E-006  1.514392330222866E-006  1.325614115436440E-006
   723.000101290073       6.107676181115989E-006  5.739204768219438E-006  5.360746491514551E-006  4.970847570682235E-006  4.567719878074872E-006  4.149148955505674E-006  3.712368615430145E-006  3.486085481873915E-006  3.253835224824945E-006  3.014920719614183E-006  2.867966614952195E-006  2.768297105092526E-006  2.615848085708647E-006  2.511873436383048E-006  2.351208726897281E-006  2.239589283614469E-006  2.181776339119791E-006  2.122108824497587E-006  2.059953840533142E-006  1.994322304600254E-006  1.923583929073513E-006  1.752427627213860E-006  1.632929147536339E-006  1.441596127570544E-006
   725.000101570267       6.319551289183586E-006  5.955332919450981E-006  5.580563884494135E-006  5.193413081110959E-006  4.791497681480346E-006  4.371638586996240E-006  3.929447845972120E-006  3.698098304802127E-006  3.458540320524881E-006  3.209350380574685E-006  3.054409706391088E-006  2.948498982834491E-006  2.785088879509114E-006  2.672597261247782E-006  2.497095529689692E-006  2.374098399291065E-006  2.310143924003792E-006  2.244049773666917E-006  2.175216915947462E-006  2.102719665122530E-006  2.025038775076335E-006  1.840683911770690E-006  1.716003602673260E-006  1.522761453596729E-006
   727.000101850461       6.685905271870394E-006  6.313340992303886E-006  5.928872047099346E-006  5.530215232850123E-006  5.114314170988936E-006  4.676950751701158E-006  4.212073585048231E-006  3.966638768441724E-006  3.710546716017301E-006  3.441742582550184E-006  3.273237935902286E-006  3.157424047409500E-006  2.977736164974061E-006  2.853381318935328E-006  2.658529998728355E-006  2.521664746231130E-006  2.450539293489626E-006  2.377164303764059E-006  2.300998153733335E-006  2.221198108917139E-006  2.136364867694154E-006  1.938960624728472E-006  1.809140448323900E-006  1.612839764347104E-006
   729.000102130655       6.875343360655409E-006  6.506644133866693E-006  6.125071124085418E-006  5.728072687795714E-006  5.312191267062333E-006  4.872574582849702E-006  4.402100610772652E-006  4.152059742366738E-006  3.889681892176710E-006  3.612363167441698E-006  3.437360767597029E-006  3.316500562074399E-006  3.127963548618486E-006  2.996711590338430E-006  2.789734114382390E-006  2.643427756467505E-006  2.567139893222066E-006  2.488303882884330E-006  2.406389166616862E-006  2.320584506527717E-006  2.229555181440196E-006  2.019752019392055E-006  1.884395521180173E-006  1.684519351729281E-006
   731.000102410849       7.056024884235094E-006  6.686154031879562E-006  6.303658936572202E-006  5.905889777627481E-006  5.489193623283386E-006  5.048334268420292E-006  4.575415795046091E-006  4.323246333906694E-006  4.057702347793948E-006  3.775630866124050E-006  3.596671343224156E-006  3.472555626713467E-006  3.277950172083125E-006  3.141667984749632E-006  2.925240604182512E-006  2.771054078847646E-006  2.690262486731995E-006  2.606508092008097E-006  2.519238106916525E-006  2.427633965405228E-006  2.330384221904737E-006  2.107329728034532E-006  1.965644803477214E-006  1.761592397343250E-006
   733.000102691042       7.069462006661855E-006  6.713043772895775E-006  6.344356511382982E-006  5.960709286190817E-006  5.558347625418661E-006  5.131806194737496E-006  4.672676131887428E-006  4.426875163337652E-006  4.167015434420194E-006  3.889490996270990E-006  3.712412355402183E-006  3.589051737081386E-006  3.394574280250815E-006  3.257503256846593E-006  3.038095997959281E-006  2.880335381402350E-006  2.797153752083933E-006  2.710541223997125E-006  2.619893339892981E-006  2.524344340392594E-006  2.422551960821824E-006  2.188756093390641E-006  2.041360287313513E-006  1.833278850509083E-006
   735.000102971236       7.221755151342698E-006  6.860864889289294E-006  6.487786312783275E-006  6.099821838155527E-006  5.693185154898965E-006  5.262321967536557E-006  4.798593854567187E-006  4.550230366683854E-006  4.287458535999110E-006  4.006423856695216E-006  3.826779826172487E-006  3.701431283678903E-006  3.503397697510768E-006  3.363442547917403E-006  3.138614139987930E-006  2.976233472656602E-006  2.890345300238302E-006  2.800709472655232E-006  2.706677927695091E-006  2.607341323215662E-006  2.501320897359509E-006  2.257735981486467E-006  2.104993347547052E-006  1.892363237549255E-006
   737.000103251430       7.490703791982198E-006  7.122826894105130E-006  6.742329154473099E-006  6.346413435045613E-006  5.931134848108833E-006  5.490669944795322E-006  5.015878196876456E-006  4.761144879091291E-006  4.491164104157390E-006  4.201709561688311E-006  4.016186007770627E-006  3.886453192493117E-006  3.680932627400125E-006  3.535205088602389E-006  3.300117682397173E-006  3.129465912345470E-006  3.038885598113928E-006  2.944114447546717E-006  2.844442591462963E-006  2.738896945226327E-006  2.626043241520349E-006  2.366886219990451E-006  2.205662581839666E-006  1.985324137898172E-006
   739.000103531624       7.557969714703388E-006  7.195767049598982E-006  6.820705138839302E-006  6.429948946992222E-006  6.019498168911650E-006  5.583429667549570E-006  5.112406479335624E-006  4.859201314588515E-006  4.590386841001674E-006  4.301561072572218E-006  4.116033288340573E-006  3.986075124623904E-006  3.779761548026711E-006  3.633096922874028E-006  3.395710438263966E-006  3.222667154713025E-006  3.130532792096846E-006  3.033905422399811E-006  2.932014838864037E-006  2.823817003905246E-006  2.707799512527285E-006  2.440513025315967E-006  2.274313902211059E-006  2.049002365348456E-006
   741.000103811818       7.568885819751503E-006  7.212041656715657E-006  6.842447292747277E-006  6.457290632574777E-006  6.052597566937495E-006  5.622468469124739E-006  5.157567845967166E-006  4.907470995198632E-006  4.641756194371855E-006  4.355945376936390E-006  4.172123093041028E-006  4.043222697627313E-006  3.838302319260765E-006  3.692368255705025E-006  3.455582180093050E-006  3.282409329304235E-006  3.189969814042239E-006  3.092822422754121E-006  2.990141722359414E-006  2.880814491345106E-006  2.763245159130271E-006  2.491225701300516E-006  2.321697915499387E-006  2.092656117337838E-006
   743.000104092012       7.721563210793774E-006  7.356770522059709E-006  6.979276041896180E-006  6.586274426698819E-006  6.173789181113294E-006  5.735899372034951E-006  5.263202642839122E-006  5.009144740001529E-006  4.739370659655193E-006  4.449318371428149E-006  4.262802727354572E-006  4.132012609684778E-006  3.924053343632510E-006  3.775901514298965E-006  3.535349672055884E-006  3.359229173832855E-006  3.265128410777849E-006  3.166158388100775E-006  3.061457562137534E-006  2.949867690543593E-006  2.829737992088149E-006  2.551434453383206E-006  2.378030653987135E-006  2.144695180745593E-006
   745.000104372205       7.723114681982798E-006  7.362578148256152E-006  6.989506998102864E-006  6.601104873903647E-006  6.193404866086485E-006  5.760500707519997E-006  5.293005436262915E-006  5.041630180819765E-006  4.774584459598149E-006  4.487281311896004E-006  4.302399987068888E-006  4.172677262846599E-006  3.966250312395477E-006  3.819039998991609E-006  3.579678020793006E-006  3.404094798862134E-006  3.310139783810859E-006  3.211200909512842E-006  3.106381643157591E-006  2.994477170303731E-006  2.873776329191228E-006  2.593263346682094E-006  2.418070302512157E-006  2.182498738658460E-006
   747.000104652399       7.851760208004596E-006  7.485588703704379E-006  7.106785672616111E-006  6.712524866557331E-006  6.298795756481525E-006  5.859618680027635E-006  5.385469589126500E-006  5.130545247393127E-006  4.859724212922542E-006  4.568314765046823E-006  4.380740160276077E-006  4.249091423834618E-006  4.039515131448108E-006  3.889976553659804E-006  3.646632593967138E-006  3.467928439270563E-006  3.372217855190707E-006  3.271356996192772E-006  3.164412872494643E-006  3.050134816997145E-006  2.926755203393968E-006  2.639687800609452E-006  2.460417236357890E-006  2.219955700483894E-006
   749.000104932593       7.893375451437120E-006  7.528623050357385E-006  7.150984531781962E-006  6.757596663553781E-006  6.344397420922156E-006  5.905339810966398E-006  5.430801340101887E-006  5.175444299713272E-006  4.903992261325548E-006  4.611705037210388E-006  4.423453775019508E-006  4.291276149652853E-006  4.080761785921310E-006  3.930478032384822E-006  3.685775696745285E-006  3.505949384353144E-006  3.409590937912359E-006  3.308009999610859E-006  3.200258791668470E-006  3.085067463101262E-006  2.960643633056760E-006  2.670963621971930E-006  2.490028781163024E-006  2.247505200627807E-006
   751.000105212787       8.007370552541562E-006  7.639407896707729E-006  7.258297582873523E-006  6.861129101521673E-006  6.443774648755496E-006  6.000084614460814E-006  5.520264881552570E-006  5.261932435870211E-006  4.987200950654051E-006  4.691228025129716E-006  4.500505677387793E-006  4.366540895200576E-006  4.153080031303105E-006  4.000606681684397E-006  3.752156940154691E-006  3.569407819686276E-006  3.471416867123751E-006  3.368062174248003E-006  3.258370372267066E-006  3.141041516409968E-006  3.014248862341336E-006  2.718978670407473E-006  2.534707274719503E-006  2.288386205718897E-006
   753.000105492981       8.106964271276044E-006  7.734057469681377E-006  7.347955637834852E-006  6.945740058690423E-006  6.523265849206217E-006  6.074347850758252E-006  5.589121134953916E-006  5.327976959991021E-006  5.050320422331111E-006  4.751254138391605E-006  4.558558371750534E-006  4.423211553238005E-006  4.207545401507705E-006  4.053487762745534E-006  3.802422084317633E-006  3.617704540786026E-006  3.518635567276664E-006  3.414121617898086E-006  3.303168975339168E-006  3.184449785545311E-006  3.056099400771139E-006  2.757004956922396E-006  2.570336216987556E-006  2.321090108831433E-006
   755.000105773175       8.155604417644356E-006  7.780910684452887E-006  7.393006579731967E-006  6.988966504911262E-006  6.564642097006885E-006  6.113832852898062E-006  5.626647694608939E-006  5.364483343923520E-006  5.085763666604349E-006  4.785570563223757E-006  4.592154206397232E-006  4.456301409666992E-006  4.239825189493850E-006  4.085181811481371E-006  3.833137900141909E-006  3.647671447397334E-006  3.548186490274277E-006  3.443220301755001E-006  3.331769973517153E-006  3.212494913536984E-006  3.083512437133134E-006  2.782800107621864E-006  2.595013793665012E-006  2.344177373708900E-006
   757.000106053368       8.179829595115271E-006  7.806632108579241E-006  7.419989541142695E-006  7.016929676486450E-006  6.593241533275397E-006  6.142647152031300E-006  5.655138001424771E-006  5.392556119588950E-006  5.113205681057165E-006  4.812120896382414E-006  4.618016250366642E-006  4.481628267091261E-006  4.264214227183327E-006  4.108840070383660E-006  3.855504653792432E-006  3.669016883100212E-006  3.568962880535672E-006  3.463382691753879E-006  3.351267889477746E-006  3.231271182534375E-006  3.101501227242673E-006  2.798950888842732E-006  2.610015485490873E-006  2.357560461212855E-006
   759.000106333562       8.005115356534264E-006  7.630110087152915E-006  7.241412383789726E-006  6.836020799604882E-006  6.409699217236874E-006  5.956182949296946E-006  5.465602317806843E-006  5.201566572777747E-006  4.921000518760168E-006  4.619240096195000E-006  4.425220219307078E-006  4.289218648300718E-006  4.073128330420942E-006  3.919354102652361E-006  3.670100159732839E-006  3.488031536180872E-006  3.390919811108178E-006  3.288911808279831E-006  3.181133773699218E-006  3.066395076860842E-006  2.942969818550908E-006  2.656741923946676E-006  2.477263542639883E-006  2.231777540951079E-006
   761.000106613756       7.951736882793319E-006  7.573973351841403E-006  7.182131582209518E-006  6.773149742349489E-006  6.342726084720561E-006  5.884530634924473E-006  5.388667609857920E-006  5.121795957417373E-006  4.838335136890382E-006  4.533764235597265E-006  4.338219842519168E-006  4.201339717828664E-006  3.984284281724712E-006  3.830236007234505E-006  3.581501862090257E-006  3.400768247256781E-006  3.304765589992129E-006  3.204254589794775E-006  3.098452294311745E-006  2.986276053351450E-006  2.866118042053629E-006  2.588859762585577E-006  2.414841450333129E-006  2.173661699657749E-006
   763.000106893950       7.928735311511982E-006  7.543945762939162E-006  7.144783563173468E-006  6.728165804884658E-006  6.289786683906040E-006  5.823364035672110E-006  5.319191100773101E-006  5.048287864777386E-006  4.761060716863326E-006  4.453265255647215E-006  4.256244363535106E-006  4.118672556370474E-006  3.901207688719122E-006  3.747463303633958E-006  3.500447018941633E-006  3.322039274075548E-006  3.227670770652769E-006  3.129172918751542E-006  3.025816221349648E-006  2.916569328707350E-006  2.799859907983357E-006  2.530888422151850E-006  2.361098162588818E-006  2.121802381177121E-006
   765.000107174144       7.898248611437206E-006  7.513280617486671E-006  7.113844276298791E-006  6.696861484532462E-006  6.258046292113123E-006  5.791170107051903E-006  5.286660249577700E-006  5.015724391269964E-006  4.728654731203795E-006  4.421348503443854E-006  4.224877826982992E-006  4.087828144860950E-006  3.871466435413885E-006  3.718741381883388E-006  3.473850207852756E-006  3.297394740076618E-006  3.204207768365699E-006  3.107051065319000E-006  3.005211703496463E-006  2.897671138245281E-006  2.782859731247926E-006  2.518125134377668E-006  2.350388295877350E-006  2.112217676806184E-006
   767.000107454338       7.210862447810886E-006  6.855806093582930E-006  6.487751185701466E-006  6.103983129387312E-006  5.700764088319106E-006  5.272744874522922E-006  4.811880793008844E-006  4.565386819131548E-006  4.305248992131817E-006  4.028284141310061E-006  3.852227697067801E-006  3.729970782138674E-006  3.538014286629516E-006  3.403375856498696E-006  3.189113960722774E-006  3.036005090851695E-006  2.955552042208803E-006  2.871922602764594E-006  2.784460118418593E-006  2.692177857939644E-006  2.593482941697444E-006  2.362804459327583E-006  2.211806195972717E-006  1.986606220322145E-006
   769.000107734532       7.596841380298057E-006  7.208904045894983E-006  6.806599094910162E-006  6.387037036779034E-006  5.946275408227688E-006  5.478739506609298E-006  4.976185167563212E-006  4.708013775192991E-006  4.425698613503513E-006  4.126198948475940E-006  3.936572668183745E-006  3.805317248745716E-006  3.600066914270987E-006  3.456812443404930E-006  3.230267823670848E-006  3.069619474661794E-006  2.985663086217520E-006  2.898744290733526E-006  2.808233101218032E-006  2.713163421117776E-006  2.611946079183369E-006  2.376767535888197E-006  2.223222915162764E-006  1.993408247787920E-006
   771.000108014725       7.359611011622376E-006  6.986716381043474E-006  6.600164500762185E-006  6.197181651960420E-006  5.773985993246972E-006  5.325236335020351E-006  4.843046167028308E-006  4.585816491401141E-006  4.315079803607059E-006  4.027931877482318E-006  3.846161156130913E-006  3.720357376662377E-006  3.523649844464044E-006  3.386364248719705E-006  3.169244665759196E-006  3.015234229578287E-006  2.934712799100969E-006  2.851308663924024E-006  2.764390651588166E-006  2.672986676768182E-006  2.575493331908993E-006  2.347807025743169E-006  2.197888860197929E-006  1.971284138162849E-006
   773.000108294919       7.741183669594656E-006  7.352565709752197E-006  6.949211698958255E-006  6.528117031726220E-006  6.085167020781601E-006  5.614511179565129E-006  5.107423494100559E-006  4.836193191782309E-006  4.550051706616159E-006  4.245661270233062E-006  4.052405450731120E-006  3.918357489888507E-006  3.708223271890183E-006  3.561149372017102E-006  3.327818152547775E-006  3.161797657066173E-006  3.074864960105992E-006  2.984765157354019E-006  2.890867276391903E-006  2.792216216844509E-006  2.687254905344161E-006  2.444449179453665E-006  2.287476509096001E-006  2.055634450040033E-006
   775.000108575113       7.606770705328238E-006  7.223753247497546E-006  6.826109042191538E-006  6.410908768867413E-006  5.974167126200969E-006  5.510267206774976E-006  5.010931212602100E-006  4.744207722632384E-006  4.463235210079027E-006  4.164978782026499E-006  3.976054627509104E-006  3.845250672263130E-006  3.640654783335994E-006  3.497822471804628E-006  3.271889227025354E-006  3.111628870621119E-006  3.027856913042053E-006  2.941112631047209E-006  2.850761510671987E-006  2.755830537403666E-006  2.654720051853305E-006  2.419586437602283E-006  2.265897138457813E-006  2.035622045283372E-006
   777.000108855307       7.777494700140133E-006  7.379725273479360E-006  6.967039290755345E-006  6.536458060349829E-006  6.083930697993123E-006  5.603755198134023E-006  5.087553010044839E-006  4.812146850852636E-006  4.522323765162087E-006  4.215076404191142E-006  4.020722866270173E-006  3.886306028643574E-006  3.676346649359785E-006  3.530017697523316E-006  3.299070543948800E-006  3.135722925409336E-006  3.050519873660287E-006  2.962439660403568E-006  2.870864304822181E-006  2.774836484323164E-006  2.672767412804325E-006  2.436091122465695E-006  2.281659737868869E-006  2.050062503484768E-006
   779.000109135501       7.817646777160133E-006  7.421848693330169E-006  7.010978327810788E-006  6.581990730435812E-006  6.130733862209702E-006  5.651342401297129E-006  5.135156695878528E-006  4.859323652330802E-006  4.568656763848085E-006  4.260003098327090E-006  4.064453036015840E-006  3.929057780678270E-006  3.717311819970677E-006  3.569549843218452E-006  3.336047788132270E-006  3.170721004223166E-006  3.084453913699082E-006  2.995271049273156E-006  2.902569360495966E-006  2.805414162323960E-006  2.702249665520070E-006  2.463697459178737E-006  2.308711940327864E-006  2.077214326125514E-006
   781.000109415695       8.011642951129139E-006  7.617075008070093E-006  7.207223712585255E-006  6.778929740964854E-006  6.327838387480574E-006  5.847705129665935E-006  5.329110078685779E-006  5.050991019092080E-006  4.756870381724217E-006  4.443008920259136E-006  4.243113467859058E-006  4.104135099929527E-006  3.885684355453944E-006  3.732335644974690E-006  3.488265259850946E-006  3.314062341747444E-006  3.222703828519361E-006  3.127952394437207E-006  3.029186167167611E-006  2.925474240741170E-006  2.815306261872256E-006  2.562027247966411E-006  2.400215216424413E-006  2.164734291539194E-006
   783.000109695888       7.898472299000349E-006  7.511583395095097E-006  7.109405761761742E-006  6.688769906244532E-006  6.245316304545737E-006  5.772814677268070E-006  5.261919786083107E-006  4.987743751318249E-006  4.697712685898526E-006  4.388220117372477E-006  4.191177423131526E-006  4.054248076573559E-006  3.839187251194652E-006  3.688390086085002E-006  3.448787892699268E-006  3.278163439217741E-006  3.188831620544692E-006  3.096294845601779E-006  2.999952751836482E-006  2.898890357731598E-006  2.791599164840971E-006  2.544593738495289E-006  2.385871043518645E-006  2.152348836782039E-006
   785.000109976082       7.991898196834282E-006  7.601205593266779E-006  7.195342065032523E-006  6.771161312450208E-006  6.324322254634644E-006  5.848593662328470E-006  5.334568970452126E-006  5.058801780178609E-006  4.767080433917978E-006  4.455667943299413E-006  4.257265943915074E-006  4.119292669843435E-006  3.902361383393455E-006  3.750030593984425E-006  3.507484340018530E-006  3.334283593735228E-006  3.243416179837025E-006  3.149144399639203E-006  3.050840316229998E-006  2.947563177296723E-006  2.837785814179600E-006  2.585005382230603E-006  2.423109527059378E-006  2.186792274037772E-006
   787.000110256276       8.219331360677955E-006  7.821049903515963E-006  7.407089271182426E-006  6.974153104434509E-006  6.517677983304798E-006  6.031083467112887E-006  5.504369568812830E-006  5.221260968561830E-006  4.921257181635473E-006  4.600289145971361E-006  4.395342487502460E-006  4.252579589577609E-006  4.027682355717326E-006  3.869416423900991E-006  3.616811267733508E-006  3.435983162289063E-006  3.340985743693984E-006  3.242358571634061E-006  3.139468808455882E-006  3.031380962514623E-006  2.916591371709567E-006  2.653465006402553E-006  2.486612849712399E-006  2.246443339766835E-006
   789.000110536470       8.330726114666774E-006  7.937730167916844E-006  7.529201412135047E-006  7.101803007974721E-006  6.650885575740326E-006  6.169681629067512E-006  5.647764342212844E-006  5.366547970566463E-006  5.067795968293688E-006  4.747007393348470E-006  4.541354078548919E-006  4.397630445483401E-006  4.170283462445433E-006  4.009486394248700E-006  3.751183213614206E-006  3.564828475735253E-006  3.466396284391497E-006  3.363806250150745E-006  3.256363637698122E-006  3.143079375370665E-006  3.022421678263895E-006  2.745773095981654E-006  2.571857041098735E-006  2.326574845741028E-006
   791.000110816664       8.270950624236447E-006  7.883044079084420E-006  7.479610474233390E-006  7.057312182029883E-006  6.611502290425441E-006  6.135423147713325E-006  5.618672324478769E-006  5.340070303942014E-006  5.043968935217460E-006  4.725888458009353E-006  4.521902241065410E-006  4.379315263866929E-006  4.153726548385311E-006  3.994151587618741E-006  3.737799516275224E-006  3.552869574671247E-006  3.455205776460808E-006  3.353433607714620E-006  3.246869415404130E-006  3.134535384023490E-006  3.014907299019304E-006  2.740505371573422E-006  2.567659907562500E-006  2.322835018782142E-006
   793.000111096858       8.322863721439362E-006  7.941265427891257E-006  7.543743830866279E-006  7.126887531057793E-006  6.685943666249974E-006  6.213989080105050E-006  5.700336152313759E-006  5.422742804223298E-006  5.127145345259323E-006  4.808876285126923E-006  4.604320804488122E-006  4.461103936798051E-006  4.234086126754027E-006  4.073146234579729E-006  3.813906380219322E-006  3.626302212760788E-006  3.527011826395552E-006  3.423384506569317E-006  3.314707565764164E-006  3.199975425717911E-006  3.077643621542458E-006  2.796955946125193E-006  2.620716931086113E-006  2.373119725183355E-006
   795.000111377051       8.278463525163471E-006  7.903380085108915E-006  7.512950555010747E-006  7.103842955422869E-006  6.671400628038456E-006  6.208813480826052E-006  5.705508543390299E-006  5.433478351898209E-006  5.143688840702450E-006  4.831414014785548E-006  4.630486271156099E-006  4.489664582225191E-006  4.266126131298499E-006  4.107356502476926E-006  3.850938304485243E-006  3.664720636194794E-006  3.565894885701680E-006  3.462529062949675E-006  3.353862497758301E-006  3.238834068393320E-006  3.115839591389174E-006  2.832526162352641E-006  2.654322473634189E-006  2.404953408393484E-006
   797.000111657245       8.643514842697624E-006  8.252605394385825E-006  7.846025397288682E-006  7.420353209636968E-006  6.970783130269523E-006  6.490241326705675E-006  5.967650017925673E-006  5.685180270149999E-006  5.384128827591000E-006  5.059378496198018E-006  4.850120940293199E-006  4.703265393735718E-006  4.469722056377190E-006  4.303453659966365E-006  4.034058667315672E-006  3.837613515322611E-006  3.733049919661157E-006  3.623442292526226E-006  3.507953087425497E-006  3.385440165867610E-006  3.254226276108444E-006  2.952194962059860E-006  2.763769323745307E-006  2.505073837175838E-006
   799.000111937439       8.599369853608711E-006  8.212034509589380E-006  7.809258099670321E-006  7.387644489371627E-006  6.942419217363316E-006  6.466548695086862E-006  5.949008075930160E-006  5.669227416121745E-006  5.370988116913026E-006  5.049183904890096E-006  4.841761878981694E-006  4.696158485490815E-006  4.464534154526582E-006  4.299569396383364E-006  4.032157098660668E-006  3.837043636803345E-006  3.733146285962571E-006  3.624203986081065E-006  3.509378248789616E-006  3.387525598256626E-006  3.256965816340039E-006  2.956179081835806E-006  2.768272170668549E-006  2.509814678288515E-006
   801.000112217633       8.671224453238782E-006  8.286736329483863E-006  7.886593550861681E-006  7.467367898672861E-006  7.024235250513690E-006  6.550075983822125E-006  6.033698751601780E-006  5.754193741253347E-006  5.455923530686656E-006  5.133637808324605E-006  4.925609525842221E-006  4.779417774286907E-006  4.546535866234197E-006  4.380397318279570E-006  4.110494916670279E-006  3.913026114213470E-006  3.807664137315382E-006  3.697017930410709E-006  3.580204759972287E-006  3.456031235857916E-006  3.322765692432147E-006  3.015267148281043E-006  2.823392332677403E-006  2.561200595331598E-006
   803.000112497827       8.748079238132704E-006  8.361940347636433E-006  7.960343813636827E-006  7.539905747952441E-006  7.095851318991964E-006  6.621117236286100E-006  6.104558573923710E-006  5.825109949886905E-006  5.526971758861207E-006  5.204838057002038E-006  4.996860305899515E-006  4.850654925536579E-006  4.617616406792828E-006  4.451220960644651E-006  4.180524375068937E-006  3.982069022838119E-006  3.876000294915701E-006  3.764453031053069E-006  3.646491078693213E-006  3.520852884785571E-006  3.385722571534511E-006  3.072904023121483E-006  2.877390861650727E-006  2.611115187124734E-006
   805.000112778021       8.786226614151193E-006  8.405590295006201E-006  8.009491241431834E-006  7.594542152547208E-006  7.155961682476104E-006  6.686666196089070E-006  6.175446623285875E-006  5.898577755874526E-006  5.602893900686995E-006  5.282983056622375E-006  5.076146223378856E-006  4.930575987056866E-006  4.698210299712061E-006  4.531992985690744E-006  4.260919372564885E-006  4.061543557150831E-006  3.954716059214483E-006  3.842145166239647E-006  3.722827875381804E-006  3.595418376888753E-006  3.457998554590680E-006  3.138591047546736E-006  2.938578266032591E-006  2.667290306783232E-006
   807.000113058214       8.803707425756152E-006  8.419771547114872E-006  8.020672569273120E-006  7.603074934064853E-006  7.162267287791855E-006  6.691262943364060E-006  6.179001156245484E-006  5.901930484108255E-006  5.606312078230768E-006  5.286791570574601E-006  5.080376176814549E-006  4.935177514071269E-006  4.703523669008044E-006  4.537895958862674E-006  4.267899923587128E-006  4.069376571193419E-006  3.963011996971533E-006  3.850922190820632E-006  3.732094048137119E-006  3.605164310168840E-006  3.468186107697897E-006  3.149339244795859E-006  2.949233644422775E-006  2.677112405872463E-006
   809.000113338408       8.860852681522198E-006  8.482550920510232E-006  8.088769024683053E-006  7.676106094388919E-006  7.239769624803649E-006  6.772655940899376E-006  6.263523899436595E-006  5.987642072926286E-006  5.692881033081211E-006  5.373782605426703E-006  5.167341600089548E-006  5.021974219642526E-006  4.789771776545575E-006  4.623521736620336E-006  4.352045375419300E-006  4.152016379950974E-006  4.044683502254690E-006  3.931443358133457E-006  3.811245367949762E-006  3.682680514094412E-006  3.543748244951220E-006  3.219822258485875E-006  3.016571168252842E-006  2.741411988932196E-006
   811.000113618602       8.966329828737785E-006  8.584591339632330E-006  8.187386049536334E-006  7.771305001547731E-006  7.331533709819128E-006  6.860941735952344E-006  6.348231411231881E-006  6.070486158355283E-006  5.773769971673396E-006  5.452559633431512E-006  5.244726930125847E-006  5.098352745806661E-006  4.864466752123317E-006  4.696928449349986E-006  4.423125873604215E-006  4.221135534734524E-006  4.112637360157686E-006  3.998066742154032E-006  3.876329462593264E-006  3.745960230883202E-006  3.604887390569442E-006  3.275311400947976E-006  3.068313841405679E-006  2.788638199454986E-006
   813.000113898796       9.103313245246999E-006  8.716258571376457E-006  8.313691999054328E-006  7.892200474901963E-006  7.446963738281309E-006  6.970827958747279E-006  6.452435201409224E-006  6.171752865675779E-006  5.871985207704907E-006  5.547534146468143E-006  5.337611652990580E-006  5.189754942221056E-006  4.953455743563998E-006  4.784132802848363E-006  4.507251855274498E-006  4.302802601986623E-006  4.192894728428480E-006  4.076753342213230E-006  3.953240821465752E-006  3.820834711853584E-006  3.677390909224918E-006  3.341742193262397E-006  3.130906237960873E-006  2.846874454196272E-006
   815.000114178990       9.152865949714223E-006  8.766063685481339E-006  8.363668536907526E-006  7.942249053700499E-006  7.496974111343608E-006  7.020658480830921E-006  6.501891486094704E-006  6.220919443190760E-006  5.920764810019918E-006  5.595789766849615E-006  5.385459629058948E-006  5.237278603391788E-006  5.000386468247399E-006  4.830573967529455E-006  4.552752630020625E-006  4.347476423180329E-006  4.237069850839893E-006  4.120356030809259E-006  3.996179854353975E-006  3.862995921902661E-006  3.718630042640109E-006  3.380541099259904E-006  3.168086480013950E-006  2.882137087977994E-006
   817.000114459184       9.155122350556969E-006  8.770219902966246E-006  8.369923997663292E-006  7.950848674317134E-006  7.508204799244665E-006  7.034871212329731E-006  6.519521165801682E-006  6.240454641639997E-006  5.942360108988906E-006  5.619620610224401E-006  5.410723974211266E-006  5.263538588658512E-006  5.028199448572913E-006  4.859457261590060E-006  4.583271724434395E-006  4.379073358093130E-006  4.269184683376673E-006  4.152960592447105E-006  4.029229058219944E-006  3.896420032891447E-006  3.752323595104906E-006  3.414232724689218E-006  3.201319660004636E-006  2.914373875822868E-006
   819.000114739378       8.315976019656559E-006  7.980119021678040E-006  7.630809216622157E-006  7.265009655299426E-006  6.878429146631501E-006  6.464679466594352E-006  6.013617587653706E-006  5.769068440136022E-006  5.507609838373735E-006  5.224284732915539E-006  5.040784356275437E-006  4.911450653757923E-006  4.704602496635135E-006  4.556262489164764E-006  4.313444818036726E-006  4.133903150621862E-006  4.037273224119025E-006  3.935053622621232E-006  3.826188142852236E-006  3.709237180626612E-006  3.582121658371346E-006  3.281618071500629E-006  3.089104839583261E-006  2.823017908693144E-006
   821.000115019571       8.862014868987536E-006  8.483911002667758E-006  8.089770054277666E-006  7.676104638496150E-006  7.238010693612235E-006  6.768246863369467E-006  6.255412106095936E-006  5.977240496029487E-006  5.679896449824597E-006  5.357970201975959E-006  5.149774350492277E-006  5.003253625739076E-006  4.769441269204915E-006  4.602292505124686E-006  4.330014523572721E-006  4.130108964813911E-006  4.023153803286761E-006  3.910578342016680E-006  3.791403203125330E-006  3.664296345246068E-006  3.527320929061005E-006  3.208588616066436E-006  3.007541253318720E-006  2.729868332838051E-006
   823.000115299765       9.039973922135972E-006  8.659675285526541E-006  8.263099446227198E-006  7.846698548639610E-006  7.405480744237611E-006  6.932065656960341E-006  6.414811423853575E-006  6.134007967881501E-006  5.833623247199677E-006  5.508074791027581E-006  5.297307379110981E-006  5.148845523437664E-006  4.911664660469260E-006  4.741863834926964E-006  4.464721702351430E-006  4.260718808504614E-006  4.151355867584345E-006  4.036067501583121E-006  3.913810974094308E-006  3.783179454926102E-006  3.642154862087105E-006  3.313524714533101E-006  3.106759604566068E-006  2.824035000276547E-006
   825.000115579959       9.084160004282105E-006  8.698198637067138E-006  8.296454101035356E-006  7.875479395981251E-006  7.430409066929277E-006  6.954029724471989E-006  6.434922563865442E-006  6.153700632516653E-006  5.853295155262133E-006  5.528172468606473E-006  5.317892962228701E-006  5.169856347760927E-006  4.933459378507651E-006  4.764268244970551E-006  4.488124690120421E-006  4.284780371839658E-006  4.175713601394018E-006  4.060675391025891E-006  3.938596107613111E-006  3.808031914361826E-006  3.666915137150602E-006  3.337351664758356E-006  3.129554817751411E-006  2.845290271898231E-006
   827.000115860153       9.213506873190731E-006  8.819249847148145E-006  8.408630769137978E-006  7.978074286424135E-006  7.522537138203002E-006  7.034554062328168E-006  6.502334245116540E-006  6.213821753054385E-006  5.905511564760197E-006  5.571750281029935E-006  5.355879273372466E-006  5.203927432641698E-006  4.961363082270000E-006  4.787866039179134E-006  4.505016430839918E-006  4.297116088459054E-006  4.185788976715822E-006  4.068537686823666E-006  3.944333787738536E-006  3.811791073233792E-006  3.668919043574986E-006  3.336886658922700E-006  3.128507256130916E-006  2.843671529982602E-006
   829.000116140347       9.125254541956555E-006  8.730611206995351E-006  8.319406830022993E-006  7.888030498352880E-006  7.431406079000804E-006  6.942049456924032E-006  6.408210554167333E-006  6.118858658845195E-006  5.809781915369817E-006  5.475489045269652E-006  5.259540671376039E-006  5.107709984647320E-006  4.865732741141429E-006  4.693030102673284E-006  4.412346794448176E-006  4.206900467393683E-006  4.097244729612241E-006  3.982051838320586E-006  3.860380888030068E-006  3.730949079313583E-006  3.591878586472524E-006  3.269854641248818E-006  3.067552768760195E-006  2.788061254487059E-006
   831.000116420541       9.022210027534687E-006  8.636729159931212E-006  8.234843352440984E-006  7.812981134646249E-006  7.366126951641736E-006  6.886891013489576E-006  6.363672325554362E-006  6.079887035245897E-006  5.776598648100229E-006  5.448362029640347E-006  5.236194976235717E-006  5.086950822422889E-006  4.848950618288107E-006  4.678956965584764E-006  4.402388327631771E-006  4.199671723201991E-006  4.091353916238237E-006  3.977463412501299E-006  3.857039325386430E-006  3.728770475987327E-006  3.590738343244594E-006  3.270147192554307E-006  3.067984071665067E-006  2.787803126794648E-006
   833.000116700734       8.904651078687093E-006  8.534902672601100E-006  8.149288993072214E-006  7.744287094519335E-006  7.314935833992688E-006  6.853901498024455E-006  6.349627768132651E-006  6.075595482743876E-006  5.782230197466717E-006  5.464042802291780E-006  5.257923889587233E-006  5.112693290890703E-006  4.880627013134733E-006  4.714474634588643E-006  4.443326077756755E-006  4.243820453374624E-006  4.136916140405601E-006  4.024263778076093E-006  3.904855224325371E-006  3.777321034431394E-006  3.639674119045808E-006  3.318535855384009E-006  3.115434245262352E-006  2.834696010280984E-006
   835.000116980928       9.050895748238509E-006  8.665091567762037E-006  8.262788138912294E-006  7.840382452409561E-006  7.392814039330835E-006  6.912629546282396E-006  6.388139737231493E-006  6.103563884352237E-006  5.799362970855087E-006  5.470084143705975E-006  5.257233086979385E-006  5.107513974352069E-006  4.868789308342191E-006  4.698323181449574E-006  4.421123242762055E-006  4.218107004535184E-006  4.109706154333434E-006  3.995798368753977E-006  3.875444500912366E-006  3.747360232524381E-006  3.609657455534567E-006  3.290254849328218E-006  3.088941414176963E-006  2.809541081047348E-006
   837.000117261122       9.074701134343517E-006  8.687363974927924E-006  8.283781692016577E-006  7.860398341669031E-006  7.412209202065442E-006  6.931826212539738E-006  6.407634541789254E-006  6.123417885751400E-006  5.819726625789409E-006  5.491109331362937E-006  5.278723518553620E-006  5.129338606966004E-006  4.891139455610510E-006  4.721027306608898E-006  4.444323618228001E-006  4.241570900138086E-006  4.133262571609431E-006  4.019407824319925E-006  3.899053601416616E-006  3.770897610998223E-006  3.633029275907682E-006  3.312911692098830E-006  3.111020904283664E-006  2.831078802844979E-006
   839.000117541316       8.568503964588824E-006  8.214237165211982E-006  7.844912452503638E-006  7.457172559559432E-006  7.046287951926783E-006  6.605270304352431E-006  6.123121832816965E-006  5.861226763686108E-006  5.580960723975294E-006  5.277127901249247E-006  5.080403490234567E-006  4.941843031772055E-006  4.720530063158146E-006  4.562153628347493E-006  4.303841847187791E-006  4.113899053993048E-006  4.012155536549556E-006  3.904960261850785E-006  3.791339658750791E-006  3.669953237101751E-006  3.538821325236930E-006  3.231500555398446E-006  3.035081785207174E-006  2.758862909815978E-006
   841.000117821510       9.169522470330305E-006  8.781795686530750E-006  8.377866178759800E-006  7.954185177138958E-006  7.505749547555691E-006  7.025157993698768E-006  6.500735456596660E-006  6.216344561187331E-006  5.912377814231876E-006  5.583285819040760E-006  5.370445936223257E-006  5.220647936501117E-006  4.981584404227423E-006  4.810661581205530E-006  4.532192064102916E-006  4.327701001456203E-006  4.218277417557298E-006  4.103092159226218E-006  3.981141226380073E-006  3.851059506191403E-006  3.710862173730234E-006  3.384557483135767E-006  3.178667889244210E-006  2.894353321485565E-006
   843.000118101704       8.751417821766490E-006  8.382192166734144E-006  7.997615071407202E-006  7.594303751233589E-006  7.167490172243990E-006  6.710129003073261E-006  6.211139898944817E-006  5.940605463239127E-006  5.651538087913633E-006  5.338743690964351E-006  5.136580827205708E-006  4.994383105844959E-006  4.767633683896686E-006  4.605683890162843E-006  4.342202408191366E-006  4.149052440803927E-006  4.045820061121387E-006  3.937238600971525E-006  3.822358370156174E-006  3.699865327474846E-006  3.567805451315299E-006  3.259182770795469E-006  3.062210401703139E-006  2.784758007470217E-006
   845.000118381897       9.094509688690436E-006  8.701917078810012E-006  8.292401542951904E-006  7.862280280363641E-006  7.406388320781401E-006  6.917142440388870E-006  6.382720251526662E-006  6.092833741960424E-006  5.783128019596059E-006  5.448261753874008E-006  5.232127153677656E-006  5.080315383427838E-006  4.838743502419720E-006  4.666712717831188E-006  4.388063250261095E-006  4.185067923032475E-006  4.077124619218301E-006  3.964066249553590E-006  3.845039400940488E-006  3.718851954302058E-006  3.583695392512413E-006  3.271205048855257E-006  3.073306829815429E-006  2.792841157936445E-006
   847.000118662091       9.038661300956251E-006  8.650704128363106E-006  8.245595656821495E-006  7.819596359482487E-006  7.367468557221239E-006  6.881536101443959E-006  6.349863418585454E-006  6.061104372463106E-006  5.752351049616674E-006  5.418276434510476E-006  5.202563014109259E-006  5.051026567766948E-006  4.809899120834829E-006  4.638224450058413E-006  4.360313247661317E-006  4.158060577622721E-006  4.050608611262256E-006  3.938149448592886E-006  3.819854762745342E-006  3.694558560219987E-006  3.560473186137254E-006  3.250616749976114E-006  3.054026117199756E-006  2.773665690434675E-006
   849.000118942285       9.087088738708863E-006  8.702681797615776E-006  8.301238437518353E-006  7.879052231139980E-006  7.430920781281544E-006  6.949197987681602E-006  6.421950331287120E-006  6.135460400238625E-006  5.828969491959726E-006  5.497065993773683E-006  5.282541111186437E-006  5.131708962061425E-006  4.891422056014341E-006  4.720087244987849E-006  4.442142972549866E-006  4.239304649650400E-006  4.131314085319883E-006  4.018105236040218E-006  3.898806107239634E-006  3.772201471234694E-006  3.636453506986155E-006  3.322100648664240E-006  3.122846321893631E-006  2.840744196758725E-006
   851.000119222479       8.714051702339912E-006  8.355392453262292E-006  7.980310700076954E-006  7.585217164139384E-006  7.165073283813787E-006  6.712472717912102E-006  6.215855720165956E-006  5.945429834382049E-006  5.655654957790407E-006  5.341296421088777E-006  5.137801108917676E-006  4.994577174527753E-006  4.766158205476219E-006  4.603092158307756E-006  4.338198724411025E-006  4.144569856300903E-006  4.041356659257136E-006  3.933046614504341E-006  3.818767807269410E-006  3.697296627644846E-006  3.566770577807518E-006  3.262846359505845E-006  3.068432265737171E-006  2.789994234568360E-006
   853.000119502673       9.077600281264775E-006  8.700069222325779E-006  8.305514803648931E-006  7.890224572671232E-006  7.448980850025731E-006  6.974102820714304E-006  6.453579756628388E-006  6.170359028340762E-006  5.867026949927279E-006  5.538105061993839E-006  5.325237284487466E-006  5.175430658164143E-006  4.936516677790075E-006  4.765946667959837E-006  4.488819223975115E-006  4.286212774296849E-006  4.178211455939025E-006  4.064888145530035E-006  3.945353254985217E-006  3.818370737022476E-006  3.682077556894074E-006  3.365997375026031E-006  3.165502442842462E-006  2.882150067170506E-006
   855.000119782867       7.964361398536308E-006  7.671342714938529E-006  7.363683498615200E-006  7.038147914790889E-006  6.690182517950305E-006  6.313073721673916E-006  5.896292952230390E-006  5.667879194844638E-006  5.421849450389097E-006  5.153278401290507E-006  4.978368379675196E-006  4.854699182481743E-006  4.656369413572095E-006  4.513840835596329E-006  4.280305002458189E-006  4.107707721975048E-006  4.014927663804389E-006  3.916901049498252E-006  3.812647729983149E-006  3.700791726314561E-006  3.579260074861936E-006  3.290319584081850E-006  3.101405262974536E-006  2.828671470644905E-006
   857.000120063060       9.472921927736589E-006  9.075766993605106E-006  8.661276342595388E-006  8.225675962589669E-006  7.763651641730298E-006  7.267353872202013E-006  6.724439177110013E-006  6.429452532141540E-006  6.113762180115475E-006  5.771592115140840E-006  5.550142964384009E-006  5.394248433371143E-006  5.145460146992659E-006  4.967649444645768E-006  4.678249491555463E-006  4.466132583739866E-006  4.352833270041053E-006  4.233763315431477E-006  4.107955562445223E-006  3.974091862684746E-006  3.830237653186218E-006  3.496995281925539E-006  3.287315334200628E-006  2.996404557120602E-006
   859.000120343254       9.478122651039034E-006  9.085548866990205E-006  8.675602965039110E-006  8.244511645802187E-006  7.786962261063462E-006  7.295106595971848E-006  6.756591375309328E-006  6.463774133070654E-006  6.150209398502607E-006  5.810076532494903E-006  5.589769338390743E-006  5.434580394015653E-006  5.186719935552685E-006  5.009396918778364E-006  4.720407334117898E-006  4.508226793866478E-006  4.394745960984026E-006  4.275363564243806E-006  4.149082518758074E-006  4.014549333884591E-006  3.869790529658414E-006  3.533903853501664E-006  3.322499863392651E-006  3.030098604658881E-006
   861.000120623448       9.505273444977945E-006  9.115011873541995E-006  8.707648918805856E-006  8.279462878847629E-006  7.825204740863671E-006  7.337106248515528E-006  6.802905261291175E-006  6.512477519515430E-006  6.201454851116211E-006  5.863982724894881E-006  5.645290399837600E-006  5.491160116922692E-006  5.244802908040763E-006  5.068369500178668E-006  4.780379286451048E-006  4.568469731055126E-006  4.454934200662871E-006  4.335321270729217E-006  4.208583360043698E-006  4.073302757914994E-006  3.927427914703150E-006  3.587875765310536E-006  3.373848656885775E-006  3.078901209453560E-006
   863.000120903642       9.627721714109014E-006  9.234891452601626E-006  8.825070642112210E-006  8.394549073936025E-006  7.938087249779530E-006  7.447911176050166E-006  6.911709811356484E-006  6.620264290768975E-006  6.308151539576805E-006  5.969418085074764E-006  5.749810190447113E-006  5.594960757933723E-006  5.347274427378906E-006  5.169707466055671E-006  4.879415342943907E-006  4.665338958477328E-006  4.550436992858296E-006  4.429207348450248E-006  4.300541405223500E-006  4.162946886974684E-006  4.014285941020095E-006  3.667410395236137E-006  3.448784917661283E-006  3.149370783297274E-006
   865.000121183836       9.643126321252662E-006  9.255574058143357E-006  8.850873652236232E-006  8.425286829943919E-006  7.973527887150206E-006  7.487744729712438E-006  6.955485975281606E-006  6.665767484162251E-006  6.355152375478333E-006  6.017605704718244E-006  5.798509420382891E-006  5.643893162574396E-006  5.396351048129458E-006  5.218706689920481E-006  4.927943952492715E-006  4.713231929846726E-006  4.597883565602268E-006  4.476101872637576E-006  4.346759076528579E-006  4.208339495628844E-006  4.058676796635056E-006  3.709119891773095E-006  3.488722588336468E-006  3.187377547149768E-006
   867.000121464030       8.340111581570731E-006  8.042011798689426E-006  7.729295275090152E-006  7.398695175059673E-006  7.045593231169833E-006  6.663129567193293E-006  6.240432968518894E-006  6.008617391472473E-006  5.758634554140371E-006  5.485184568120340E-006  5.306634377296621E-006  5.180101234265563E-006  4.976550056717378E-006  4.829687620641345E-006  4.587736814413970E-006  4.407655298773986E-006  4.310341087750178E-006  4.207106999923399E-006  4.096833380405940E-006  3.977978032317857E-006  3.848280067490956E-006  3.538809826835887E-006  3.337557364408157E-006  3.053983428911034E-006
   869.000121744224       9.218098788904058E-006  8.862043353198660E-006  8.490137301787165E-006  8.098844196552609E-006  7.683166031930443E-006  7.235674844969889E-006  6.744582096582032E-006  6.476841659888448E-006  6.189386996834092E-006  5.876453930389624E-006  5.672970684689303E-006  5.529173644733098E-006  5.298558833669031E-006  5.132717167881576E-006  4.860518279411740E-006  4.658777188161390E-006  4.550081293013927E-006  4.435042470488918E-006  4.312499503401658E-006  4.180878331631300E-006  4.037915102707521E-006  3.700769169177146E-006  3.485550218380877E-006  3.188246665988285E-006
   871.000122024417       9.842138899752800E-006  9.452759022270709E-006  9.046226087942655E-006  8.618808737892503E-006  8.165231837316545E-006  7.677658302544674E-006  7.143636403744609E-006  6.853023968162976E-006  6.541459985977234E-006  6.202812302990813E-006  5.982897830079376E-006  5.827619968357563E-006  5.578802881885190E-006  5.400017046110611E-006  5.106799055622449E-006  4.889631737296810E-006  4.772671761028031E-006  4.648924441835102E-006  4.517157914611287E-006  4.375719864629682E-006  4.222271312589195E-006  3.862062842412502E-006  3.634528841622219E-006  3.325469562849128E-006
   873.000122304611       9.842427810119739E-006  9.454287726363088E-006  9.049085049854787E-006  8.623127959146026E-006  8.171192031221369E-006  7.685518860788129E-006  7.153776050384114E-006  6.864500248742269E-006  6.554445720864620E-006  6.217520277561299E-006  5.998758766891279E-006  5.844304118056024E-006  5.596804960547391E-006  5.418948457873048E-006  5.127171301369324E-006  4.910952310326743E-006  4.794440810449953E-006  4.671107592662520E-006  4.539701009003749E-006  4.398540829828103E-006  4.245248616040366E-006  3.884741428099654E-006  3.656536198072396E-006  3.346145077297722E-006
   875.000122584805       9.908584847784060E-006  9.518581979722765E-006  9.111482237353954E-006  8.683595843905579E-006  8.229696742893588E-006  7.742016116872234E-006  7.208188290868057E-006  6.917816322206711E-006  6.606600160189975E-006  6.268405565206940E-006  6.048800561291141E-006  5.893734058506635E-006  5.645213915219702E-006  5.466583471280162E-006  5.173440018968734E-006  4.956109262505123E-006  4.838955340019410E-006  4.714903831803110E-006  4.582684112731156E-006  4.440591540229045E-006  4.286218049811382E-006  3.922986849672135E-006  3.693120391592164E-006  3.380960976885565E-006
   877.000122864999       9.861628446980129E-006  9.474829592396446E-006  9.071408886530230E-006  8.647730799416354E-006  8.198655353152273E-006  7.716530629528969E-006  7.189168486496676E-006  6.902451370973165E-006  6.595235310346898E-006  6.261455829140502E-006  6.044737735402265E-006  5.891710768554098E-006  5.646446601743560E-006  5.470134058422939E-006  5.180716443401515E-006  4.966045410643687E-006  4.850271396556571E-006  4.727626904511301E-006  4.596830813314258E-006  4.456159782635962E-006  4.303174775900844E-006  3.942413409070130E-006  3.713486147312996E-006  3.401920350825889E-006
   879.000123145193       1.002444921377690E-005  9.633108499617510E-006  9.224646175697099E-006  8.795347605366071E-006  8.339985976581182E-006  7.850765631503276E-006  7.315275405300074E-006  7.023998059415701E-006  6.711795872299002E-006  6.372487908850496E-006  6.152119132648200E-006  5.996485221247144E-006  5.746988846374793E-006  5.567588559562540E-006  5.273005993513327E-006  5.054412940521366E-006  4.936486954584648E-006  4.811532919720873E-006  4.678240171226827E-006  4.534849457072474E-006  4.378880178647068E-006  4.011198832819568E-006  3.778311372482045E-006  3.462669277007661E-006
   881.000123425386       9.698981433111584E-006  9.336814431050896E-006  8.957867844212904E-006  8.558471707493700E-006  8.133447246364521E-006  7.675090423196390E-006  7.171175861925754E-006  6.896051400002333E-006  6.600342047682779E-006  6.277979959817745E-006  6.068067248991676E-006  5.919554182867194E-006  5.681010717749404E-006  5.509125471838140E-006  5.226196372566181E-006  5.015660794693435E-006  4.901856174393294E-006  4.781084826694932E-006  4.652031321284043E-006  4.512924809628464E-006  4.361260441651750E-006  4.002016075489934E-006  3.772996081803556E-006  3.460597306864364E-006
   883.000123705580       9.826562023300783E-006  9.451204551441154E-006  9.059414561709125E-006  8.647558873345172E-006  8.210530631108321E-006  7.740690344779272E-006  7.225886752290230E-006  6.945562970499208E-006  6.644824501717041E-006  6.317602697122519E-006  6.104849058319759E-006  5.954469602813914E-006  5.713160698663434E-006  5.539449980590409E-006  5.253800358324510E-006  5.041459194661229E-006  4.926753857527657E-006  4.805083019780708E-006  4.675131045035894E-006  4.535125476905895E-006  4.382556843689157E-006  4.021441529721454E-006  3.791435600694606E-006  3.478086077132790E-006
   885.000123985774       1.004916357025602E-005  9.658526306588178E-006  9.251066020903447E-006  8.823129443929085E-006  8.369580980305659E-006  7.882761989302158E-006  7.350475133452401E-006  7.061205037779129E-006  6.751363364677779E-006  6.414858352211966E-006  6.196432930458526E-006  6.042221439461563E-006  5.795072713154438E-006  5.617392019273230E-006  5.325623851479474E-006  5.109037820031413E-006  4.992133899300810E-006  4.868193480082865E-006  4.735878271437537E-006  4.593385047187094E-006  4.438163666433670E-006  4.071043463323674E-006  3.837538280119262E-006  3.519906926491840E-006
   887.000124265968       9.494724071636241E-006  9.094205319570597E-006  8.675161988235177E-006  8.233737013323723E-006  7.764588892472210E-006  7.260004555047223E-006  6.708221043582252E-006  6.409060277167974E-006  6.089936084413173E-006  5.745923523308869E-006  5.524737427664862E-006  5.369895567302766E-006  5.124564823339417E-006  4.950773516620096E-006  4.671098278463660E-006  4.468837170557620E-006  4.361764901192426E-006  4.249924131866934E-006  4.132431584379445E-006  4.008001475351468E-006  3.874613678954424E-006  3.563533847281084E-006  3.362379983859083E-006  3.068545699671370E-006
   889.000124546162       9.688802844416845E-006  9.277265033712893E-006  8.847228743060241E-006  8.394843203151441E-006  7.914767285346525E-006  7.399267159244517E-006  6.836500502672163E-006  6.531756694668698E-006  6.206907756627730E-006  5.856903052713031E-006  5.631900098593435E-006  5.474371655808018E-006  5.224701198289698E-006  5.047724850914184E-006  4.762603923702520E-006  4.556051453310031E-006  4.446554209599487E-006  4.332053210669869E-006  4.211621235882345E-006  4.083925670956046E-006  3.946904234818705E-006  3.627413954219121E-006  3.421660119056407E-006  3.124018663677195E-006
   891.000124826356       9.810362949405003E-006  9.400950318752515E-006  8.973358253948141E-006  8.523764566542325E-006  8.046837923371758E-006  7.534807334660448E-006  6.975660883335154E-006  6.672640976588671E-006  6.349286414116220E-006  6.000283338006270E-006  5.775453206567802E-006  5.617761839445874E-006  5.367240834072878E-006  5.189132346072013E-006  4.901049532574009E-006  4.691309539054791E-006  4.579720767721479E-006  4.462717728217818E-006  4.339303610915694E-006  4.208071662137758E-006  4.066892346492531E-006  3.737205217770438E-006  3.525898228213918E-006  3.224828871841245E-006
   893.000125106549       9.777500223665295E-006  9.375939092874094E-006  8.956280234659410E-006  8.514720657612055E-006  8.045960347760540E-006  7.542259964096588E-006  6.991634604014216E-006  6.692942937382168E-006  6.373939999539038E-006  6.029259983483293E-006  5.806963563428196E-006  5.650908579962623E-006  5.402704482197785E-006  5.225995138173561E-006  4.939643838160014E-006  4.730671463874118E-006  4.619296223754979E-006  4.502359281559385E-006  4.378831576631895E-006  4.247268071082264E-006  4.105495706540059E-006  3.773675877782111E-006  3.560841569166819E-006  3.258372993781667E-006
   895.000125386743       9.691401690663594E-006  9.291412443490217E-006  8.873199662558825E-006  8.432899922181084E-006  7.965126326250241E-006  7.462026767596067E-006  6.911467119601553E-006  6.612556854689797E-006  6.293151067709480E-006  5.947904666287434E-006  5.725229099305745E-006  5.568935965480525E-006  5.320475859963696E-006  5.143746629741683E-006  4.857857596123924E-006  4.649811747703642E-006  4.539209301966444E-006  4.423336992147586E-006  4.301253209114087E-006  4.171622588332371E-006  4.032402292917902E-006  3.708055252442992E-006  3.500203007605859E-006  3.202379442241950E-006
   897.000125666937       9.805743352011336E-006  9.403143308946317E-006  8.982337912517374E-006  8.539450070911821E-006  8.069061366385260E-006  7.563244762238746E-006  7.009698947313669E-006  6.709086058815981E-006  6.387726187901679E-006  6.040120700553720E-006  5.815731751088402E-006  5.658121259209897E-006  5.407330814566292E-006  5.228737058026593E-006  4.939402253573853E-006  4.728475378413692E-006  4.616206837389062E-006  4.498491137141506E-006  4.374365234819671E-006  4.242473831133498E-006  4.100760867954697E-006  3.770802334943558E-006  3.560083181752006E-006  3.260389488174756E-006
   899.000125947131       9.977078394421862E-006  9.573521657626988E-006  9.151886021846587E-006  8.708301792225733E-006  8.237334288904659E-006  7.730992157130327E-006  7.176765298126251E-006  6.875591833462264E-006  6.553332960754677E-006  6.204195355484756E-006  5.978367055495498E-006  5.819466223083417E-006  5.566025107075548E-006  5.384997737891834E-006  5.090512766419336E-006  4.874697097855617E-006  4.759379321939826E-006  4.638109911732798E-006  4.509833841886460E-006  4.373093816922018E-006  4.225732033619254E-006  3.881857718846278E-006  3.663133909025265E-006  3.356563711181426E-006
   901.000126227325       9.656204541154539E-006  9.280772004204710E-006  8.887923158302843E-006  8.473882263611799E-006  8.033338050047079E-006  7.558459098151068E-006  7.036945586711659E-006  6.752678022267420E-006  6.447735074508377E-006  6.116342062186504E-006  5.901358592699155E-006  5.749758549813210E-006  5.507341931411121E-006  5.333679004978377E-006  5.050162926807440E-006  4.841511477824035E-006  4.729694540304564E-006  4.611848860761060E-006  4.486897470392203E-006  4.353356679046415E-006  4.209038057202838E-006  3.870665735724660E-006  3.654428491700881E-006  3.350667554456412E-006
   903.000126507519       9.987930495884910E-006  9.591001560293847E-006  9.176251567362682E-006  8.739834022806852E-006  8.276331842144849E-006  7.777744915448058E-006  7.231483323118217E-006  6.934295693322560E-006  6.615928482129407E-006  6.270435223074339E-006  6.046560978419063E-006  5.888806048527473E-006  5.636733889419323E-006  5.456287615695776E-006  5.161921348718190E-006  4.945452580616058E-006  4.829504339864695E-006  4.707351610713734E-006  4.577894384325778E-006  4.439626661587332E-006  4.290344478854378E-006  3.941380120589412E-006  3.719645912205719E-006  3.410683040306127E-006
   905.000126787713       1.024179460852053E-005  9.834155005342028E-006  9.408324637008294E-006  8.960393362268631E-006  8.484846235762603E-006  7.973523752430099E-006  7.413548611144160E-006  7.108973905108934E-006  6.782709587931889E-006  6.428602377180581E-006  6.199078460737024E-006  6.037288983967445E-006  5.778640220746485E-006  5.593357131947525E-006  5.290794483323693E-006  5.067999054201189E-006  4.948542387749394E-006  4.822598947069115E-006  4.689020860506932E-006  4.546248187831085E-006  4.392022041509480E-006  4.031727813108365E-006  3.803729025490989E-006  3.488927064990967E-006
   907.000127067906       1.032556458840800E-005  9.920573730615039E-006  9.497364556519913E-006  9.052026892424771E-006  8.579036214476844E-006  8.070194394243757E-006  7.512513121189671E-006  7.208932044171284E-006  6.883461969944619E-006  6.529800900318604E-006  6.300267890284075E-006  6.138298775528881E-006  5.879005703841483E-006  5.692942951069983E-006  5.388413826939476E-006  5.163519601274566E-006  5.042678775597869E-006  4.915066103846109E-006  4.779474738076544E-006  4.634275752264118E-006  4.477135117282562E-006  4.109313522293370E-006  3.876771078482457E-006  3.557866947704990E-006
   909.000127348100       1.006949941634437E-005  9.683921722605989E-006  9.280848497022763E-006  8.856502296262554E-006  8.405542770904138E-006  7.920044318768416E-006  7.387438682925328E-006  7.097244992597438E-006  6.785885270422006E-006  6.447221753180312E-006  6.227198452512336E-006  6.071813715522825E-006  5.822802189226209E-006  5.643881369745252E-006  5.350500928930365E-006  5.133293640443275E-006  5.016346310427949E-006  4.892636277541991E-006  4.760926880902486E-006  4.619544868727720E-006  4.466091144073895E-006  4.104839624743351E-006  3.874872028013649E-006  3.557958052879186E-006
   911.000127628294       1.016748407140256E-005  9.779840675351266E-006  9.374724055798691E-006  8.948337813321415E-006  8.495315905983060E-006  8.007689697084137E-006  7.472799082305274E-006  7.181350380803231E-006  6.868604839806076E-006  6.528347599013382E-006  6.307215276349246E-006  6.151001003904433E-006  5.900561993471282E-006  5.720527150825223E-006  5.425128049844828E-006  5.206246441087123E-006  5.088325483607247E-006  4.963526022761365E-006  4.830586794391422E-006  4.687804974903871E-006  4.532749767242726E-006  4.167629721069590E-006  3.935504360905366E-006  3.616832245050755E-006
   913.000127908488       1.039978976732692E-005  1.000111234627085E-005  9.584634516717012E-006  9.146504358433580E-006  8.681273671936935E-006  8.180837659556834E-006  7.632310010366888E-006  7.333606095519438E-006  7.013197441159253E-006  6.664715369999709E-006  6.438274740855321E-006  6.278314457101134E-006  6.021849068015174E-006  5.837441887394960E-006  5.534731072682369E-006  5.310264455651361E-006  5.189257233584348E-006  5.061123755973146E-006  4.924551833897821E-006  4.777775929603264E-006  4.618290479989972E-006  4.242673502694712E-006  4.004337029722443E-006  3.678927120925840E-006
   915.000128188682       1.041410428551530E-005  1.002074160235666E-005  9.609505304853423E-006  9.176496732834488E-006  8.716202427423855E-006  8.220448951913624E-006  7.676263585156918E-006  7.379569448458099E-006  7.061030882466679E-006  6.714240810382740E-006  6.488702023101351E-006  6.329280335149776E-006  6.073499383848934E-006  5.889438691642756E-006  5.587003106631577E-006  5.362476007455628E-006  5.241330795296158E-006  5.112963186708774E-006  4.976034899213850E-006  4.828745259706415E-006  4.668542605478170E-006  4.290649807120719E-006  4.050658560258896E-006  3.723455019927097E-006
   917.000128468876       1.044034189241337E-005  1.005011343139843E-005  9.641999336051842E-006  9.212082132512123E-006  8.754824810338427E-006  8.262032850522631E-006  7.720700259783103E-006  7.425367749856374E-006  7.108132520513814E-006  6.762553383481942E-006  6.537672157749077E-006  6.378645998810655E-006  6.123363835897778E-006  5.939543352134523E-006  5.637244489190830E-006  5.412567300407812E-006  5.291235057915550E-006  5.162577626051410E-006  5.025226353333363E-006  4.877340154512968E-006  4.716314609726265E-006  4.335830041070013E-006  4.093926755326592E-006  3.764386376202600E-006
   919.000128749069       1.054728033899769E-005  1.015399755009081E-005  9.742703319994637E-006  9.309435740126857E-006  8.848620514706304E-006  8.352008703864153E-006  7.806488887917411E-006  7.508874273702457E-006  7.189175823898648E-006  6.840878891869887E-006  6.614193776671416E-006  6.453866533161118E-006  6.196435077772888E-006  6.011005188211749E-006  5.705905138583884E-006  5.478981448316492E-006  5.356363212173682E-006  5.226277998541275E-006  5.087323318024088E-006  4.937614748829801E-006  4.774494452687558E-006  4.388764029495630E-006  4.143608818803744E-006  3.810424742891825E-006
   921.000129029263       1.044335639736888E-005  1.005874876921194E-005  9.656133217821632E-006  9.231560027873478E-006  8.779462767380113E-006  8.291612339621536E-006  7.754940740484373E-006  7.461806379155303E-006  7.146651688461337E-006  6.803001887737122E-006  6.579179803185547E-006  6.420804918302946E-006  6.166387598692628E-006  5.983043021023538E-006  5.681226195360984E-006  5.456631556644350E-006  5.335233165616117E-006  5.206412754457965E-006  5.068774747037418E-006  4.920441886189380E-006  4.758760316704847E-006  4.376022775185299E-006  4.132217084359176E-006  3.799604382961786E-006
   923.000129309457       1.054021966432431E-005  1.014854644912533E-005  9.738554189746313E-006  9.306247089096336E-006  8.845984536347570E-006  8.349397313156731E-006  7.803196326869463E-006  7.504883786020190E-006  7.184175518569569E-006  6.834477287476061E-006  6.606719429902852E-006  6.445562714883569E-006  6.186689489765024E-006  6.000151927539625E-006  5.693146692063611E-006  5.464787875692918E-006  5.341407908073310E-006  5.210538586884447E-006  5.070786376950534E-006  4.920279291763410E-006  4.756371394518309E-006  4.369013082350040E-006  4.122633856266261E-006  3.786339096994432E-006
   925.000129589651       1.043004762878456E-005  1.004839522843283E-005  9.648491616171612E-006  9.226352936617023E-006  8.776369609580733E-006  8.290222712241112E-006  7.754716112435049E-006  7.461898814393411E-006  7.146832123421366E-006  6.802982961499258E-006  6.578871539374037E-006  6.420219717449342E-006  6.165242450480481E-006  5.981415295630007E-006  5.678690850300219E-006  5.453363166868184E-006  5.331561892343157E-006  5.202317571452257E-006  5.064238691661761E-006  4.915452213930464E-006  4.753304503827072E-006  4.369467964563771E-006  4.124688320289931E-006  3.789498014032384E-006
   927.000129869845       1.053163377721128E-005  1.014208559160557E-005  9.734486641264939E-006  9.304898514143531E-006  8.847756590910077E-006  8.354807197706147E-006  7.812936229766943E-006  7.517131129795866E-006  7.199224218918774E-006  6.852693454756456E-006  6.627050348739557E-006  6.467408566985861E-006  6.210987595297159E-006  6.026218514762788E-006  5.722086960582342E-006  5.495793117423483E-006  5.373484608394518E-006  5.243704487723603E-006  5.105046955466160E-006  4.955618998935411E-006  4.792740224758826E-006  4.407047088512475E-006  4.161107082568420E-006  3.824721427152302E-006
   929.000130150039       1.048809116918361E-005  1.010121691530973E-005  9.696330809394985E-006  9.269471322502379E-006  8.815041734926414E-006  8.324738537525830E-006  7.785366883474753E-006  7.490717825621803E-006  7.173872581389881E-006  6.828274979421022E-006  6.603112933960644E-006  6.443752572829556E-006  6.187687796017099E-006  6.003110153030744E-006  5.699202726971858E-006  5.473035341868285E-006  5.350795340439295E-006  5.221098148853136E-006  5.082551091471161E-006  4.933279852100008E-006  4.770628477140546E-006  4.385685718763475E-006  4.140202988703915E-006  3.803836347969823E-006
   931.000130430233       1.066663512519933E-005  1.026968410164895E-005  9.854277823719377E-006  9.416378423666575E-006  8.950287162853688E-006  8.447538206890617E-006  7.894679464083965E-006  7.592765922668562E-006  7.268197958767897E-006  6.914288811453664E-006  6.683779048682742E-006  6.520668189249161E-006  6.258642846486491E-006  6.069824988624106E-006  5.759059935168621E-006  5.527913311191886E-006  5.403037046418940E-006  5.270593097917646E-006  5.129178840449590E-006  4.976911071884933E-006  4.811128678422312E-006  4.419545755525036E-006  4.170581624667740E-006  3.830470483607557E-006
   933.000130710426       1.069578032064121E-005  1.029929372056933E-005  9.884320934805684E-006  9.446827870803083E-006  8.981119881280563E-006  8.478740298307782E-006  7.926242592179778E-006  7.624507115654906E-006  7.300113393210494E-006  6.946367919941052E-006  6.715944985867191E-006  6.552883151788078E-006  6.290908544341441E-006  6.102099858697251E-006  5.791282128466301E-006  5.560023398454813E-006  5.435053422988673E-006  5.302480005961689E-006  5.160888762175380E-006  5.008380509268164E-006  4.842272798432271E-006  4.449675851233623E-006  4.199973466068171E-006  3.859048874915808E-006
   935.000130990620       1.069274042723500E-005  1.029915190761964E-005  9.887176466519613E-006  9.452798530229354E-006  8.990341948078399E-006  8.491384941255928E-006  7.942535869258898E-006  7.642736245975016E-006  7.320373611277547E-006  6.968775981416593E-006  6.739707746534285E-006  6.577579975458670E-006  6.317054746965532E-006  6.129243998636634E-006  5.819960518517139E-006  5.589731492577787E-006  5.465268243699124E-006  5.333187253524795E-006  5.192063251732675E-006  5.039980522494531E-006  4.874232267051798E-006  4.482016676756957E-006  4.232282483944614E-006  3.891351193012969E-006
   937.000131270814       1.058243663170697E-005  1.019234709133908E-005  9.784209488061578E-006  9.354073884587371E-006  8.896359875426550E-006  8.402776425212996E-006  7.860139848030719E-006  7.563864531881461E-006  7.245392594065195E-006  6.898157716459524E-006  6.671999422230094E-006  6.511963956313798E-006  6.254860067968637E-006  6.069563409842673E-006  5.764514816858978E-006  5.537519646782231E-006  5.414833323327834E-006  5.284657557928299E-006  5.145586015692668E-006  4.995722798342628E-006  4.832378101575892E-006  4.445511319662840E-006  4.198572220353440E-006  3.859784432525095E-006
   939.000131551008       1.074351606589656E-005  1.034882819870184E-005  9.935627340878353E-006  9.499861429283793E-006  9.035809998799703E-006  8.534989877378325E-006  7.983922788422311E-006  7.682842971856724E-006  7.359055730349856E-006  7.005856765590632E-006  6.775724621432447E-006  6.612836517011764E-006  6.351081855378156E-006  6.162382745116072E-006  5.851643257511727E-006  5.620344902154699E-006  5.495312087891768E-006  5.362635234214369E-006  5.220886252653313E-006  5.068145750651260E-006  4.901701265685492E-006  4.507919684852018E-006  4.257214737977896E-006  3.914833537753921E-006
   941.000131831202       1.060989094403742E-005  1.023158995553447E-005  9.834620511765581E-006  9.414929828852017E-006  8.966810491594637E-006  8.481788895729533E-006  7.946415615142091E-006  7.653161696261933E-006  7.337206334393101E-006  6.991870945343010E-006  6.766486933194350E-006  6.606783612780165E-006  6.349844270258718E-006  6.164387020618369E-006  5.858567779234608E-006  5.630592488824894E-006  5.507233959310388E-006  5.376238544054580E-006  5.236175169030910E-006  5.085118286950326E-006  4.920343292204791E-006  4.529757838436843E-006  4.280523118946181E-006  3.939741427497945E-006
   943.000132111396       1.079690493430162E-005  1.040559199224769E-005  9.995580859660140E-006  9.562793057012981E-006  9.101475260999239E-006  8.603099957312981E-006  8.054124178295035E-006  7.753922934848021E-006  7.430870768261015E-006  7.078219379257190E-006  6.848293816715186E-006  6.685475984891275E-006  6.423691703101055E-006  6.234851882925848E-006  5.923630000090582E-006  5.691736237034625E-006  5.566283967737943E-006  5.433078634179215E-006  5.290662533081028E-006  5.137077260075577E-006  4.969560479840599E-006  4.572718984502105E-006  4.319939458066962E-006  3.975296684723812E-006
   945.000132391589       1.061623359863835E-005  1.023534379629281E-005  9.836216059835811E-006  9.414853284643916E-006  8.965614344989480E-006  8.480135918714189E-006  7.945125881330210E-006  7.652435813690248E-006  7.337355104284555E-006  6.993265419813104E-006  6.768840873143648E-006  6.609879133980099E-006  6.354226642780608E-006  6.169758546818552E-006  5.865650067081507E-006  5.638985200676597E-006  5.516336603124960E-006  5.386087751470958E-006  5.246805642126262E-006  5.096559572282536E-006  4.932613980616180E-006  4.543637691817331E-006  4.295055767918378E-006  3.954523167427996E-006
   947.000132671783       1.085491842433308E-005  1.046064262548102E-005  1.004787076467188E-005  9.612559321534514E-006  9.149003812136360E-006  8.648732475177011E-006  8.098273216056954E-006  7.797510833216529E-006  7.474034616891848E-006  7.121107932289336E-006  6.891092465576767E-006  6.728246664229132E-006  6.466466279065717E-006  6.277656815053292E-006  5.966509893895944E-006  5.734669104657229E-006  5.609235885998069E-006  5.476037731112277E-006  5.333608562206283E-006  5.179977273080947E-006  5.012362282993019E-006  4.615040800769439E-006  4.361789464942867E-006  4.016495486998051E-006
   949.000132951977       1.092617147686745E-005  1.053009753898851E-005  1.011547719060807E-005  9.678264532381558E-006  9.212739464995202E-006  8.710412148997693E-006  8.157783184415248E-006  7.855878541507184E-006  7.531208835476158E-006  7.177013625128210E-006  6.946184798603367E-006  6.782765386103318E-006  6.520057888808300E-006  6.330567382057238E-006  6.018248361901546E-006  5.785464876226677E-006  5.659484532688449E-006  5.525668631395467E-006  5.382528873856251E-006  5.228064118289687E-006  5.059453780560999E-006  4.659478875442073E-006  4.404521519391564E-006  4.057367209729745E-006
   951.000133232171       1.092742424424544E-005  1.053139347010179E-005  1.011689835493466E-005  9.679918742899309E-006  9.214787406890524E-006  8.713060606503737E-006  8.161306684453983E-006  7.859967963275477E-006  7.535963386742585E-006  7.182548816297904E-006  6.952251623027273E-006  6.789215340520627E-006  6.527131597762409E-006  6.338092452275947E-006  6.026510878542616E-006  5.794265360835816E-006  5.668570245734184E-006  5.535051809581173E-006  5.392222773950779E-006  5.238082637546528E-006  5.069809591175059E-006  4.670513581633995E-006  4.415850942487127E-006  4.068906843829772E-006
   953.000133512365       1.090196357511136E-005  1.050913232434307E-005  1.009789793204513E-005  9.664247978818573E-006  9.202521688547573E-006  8.704293619100369E-006  8.156156656531932E-006  7.856688380479732E-006  7.534614031183061E-006  7.183210682998046E-006  6.954173305254317E-006  6.792006313057377E-006  6.531281780306217E-006  6.343195429529513E-006  6.033137645306324E-006  5.801993336128891E-006  5.676882956982019E-006  5.543977456406241E-006  5.401794542903867E-006  5.248339354697038E-006  5.080795478022713E-006  4.683097506866794E-006  4.429298189845788E-006  4.083314159276205E-006
   955.000133792559       1.074808204907931E-005  1.036119663932813E-005  9.956484502802677E-006  9.530074881961412E-006  9.076486438115207E-006  8.587542335322987E-006  8.050216058313377E-006  7.756904036274767E-006  7.441630013177547E-006  7.097840452220814E-006  6.873859885549138E-006  6.715312527769774E-006  6.460462664181697E-006  6.276646382458681E-006  5.973654604952820E-006  5.747764873677048E-006  5.625478118026962E-006  5.495543999155920E-006  5.356492379876402E-006  5.206337759964758E-006  5.042265023762352E-006  4.651920195941215E-006  4.401818481314767E-006  4.059040056879623E-006
   957.000134072752       1.088017941398001E-005  1.049095550492123E-005  1.008358240102048E-005  9.654101194492027E-006  9.196939563342397E-006  8.703778595787057E-006  8.161382963804893E-006  7.865118129367824E-006  7.546529657699255E-006  7.198958469531492E-006  6.972418274000242E-006  6.812010561418815E-006  6.554082355483511E-006  6.367973207504899E-006  6.061057088930783E-006  5.832112526952134E-006  5.708122306395308E-006  5.576338257266386E-006  5.435261434575160E-006  5.282870273342560E-006  5.116306322017340E-006  4.720042236068981E-006  4.466500174461682E-006  4.120216476923140E-006
   959.000134352946       1.107442709423070E-005  1.067647275908221E-005  1.025997722152517E-005  9.820912897274307E-006  9.353607195066626E-006  8.849603997780784E-006  8.295455778768462E-006  7.992856134685896E-006  7.667527394809910E-006  7.312688733043775E-006  7.081458594203269E-006  6.917751274930916E-006  6.654549518923350E-006  6.464657469619991E-006  6.151533105534614E-006  5.917972783714985E-006  5.791485508292550E-006  5.657048639299242E-006  5.513134743796769E-006  5.357688268759749E-006  5.187813180328919E-006  4.784047600596411E-006  4.526344624193003E-006  4.175843912279689E-006
   961.000134633140       1.089692014173238E-005  1.050715485185227E-005  1.009936685365366E-005  9.669664884278233E-006  9.212517434819068E-006  8.719677955601572E-006  8.178007872627729E-006  7.882292934118543E-006  7.564400925126815E-006  7.217697728789860E-006  6.991770484728013E-006  6.831812935102026E-006  6.574626010733026E-006  6.389055619825027E-006  6.083009212586949E-006  5.854676233090625E-006  5.730995634319602E-006  5.599518813253108E-006  5.458740994353896E-006  5.306630906065528E-006  5.140314760261820E-006  4.744324591154203E-006  4.490692779291363E-006  4.144065869503284E-006
   963.000134913334       1.106138628357835E-005  1.066747982445010E-005  1.025511028340003E-005  9.820246152804781E-006  9.357257988247561E-006  8.857739500528912E-006  8.308294343706847E-006  8.008158399340108E-006  7.685395287989478E-006  7.333247348446060E-006  7.103708063386590E-006  6.941167137649127E-006  6.679783416021748E-006  6.491156166893191E-006  6.180024795276118E-006  5.947867104016778E-006  5.822106223243037E-006  5.688414276773402E-006  5.545264476718403E-006  5.390600950050126E-006  5.221524985184982E-006  4.819355252185957E-006  4.562379677940979E-006  4.212547269718349E-006
   965.000135193528       1.058380542485982E-005  1.020887791420250E-005  9.816826003199245E-006  9.403932551197162E-006  8.964890137746599E-006  8.491851477622821E-006  7.972254194981447E-006  7.688724895591810E-006  7.384048776936591E-006  7.051897747273590E-006  6.835536188170789E-006  6.682390997933130E-006  6.436229310924733E-006  6.258667273876537E-006  5.965918742507183E-006  5.747565932070975E-006  5.629303090774261E-006  5.503584899258047E-006  5.368957038992663E-006  5.223443276273094E-006  5.064220017177581E-006  4.683873049948138E-006  4.438379256845761E-006  4.099032356348272E-006
   967.000135473722       1.069314622412745E-005  1.031387893009340E-005  9.917211537536035E-006  9.499371163273190E-006  9.054973688607057E-006  8.576070475685252E-006  8.049951916252336E-006  7.762852801261825E-006  7.454349705899447E-006  7.118062817626852E-006  6.899039292500646E-006  6.744033264965577E-006  6.494924216399664E-006  6.315275860220358E-006  6.019176348414912E-006  5.798408398563830E-006  5.678874706364233E-006  5.551840207162502E-006  5.415850360304624E-006  5.268933445483790E-006  5.108279675717034E-006  4.725198967828349E-006  4.478741096349430E-006  4.139366112953361E-006
   969.000135753915       1.102628290223611E-005  1.063410283791347E-005  1.022379269384291E-005  9.791453248756223E-006  9.331548404307503E-006  8.835797458895430E-006  8.291059717074023E-006  7.993735775436861E-006  7.674165848781816E-006  7.325694492737251E-006  7.098644745992901E-006  6.937902961664697E-006  6.679463555441753E-006  6.492988276848177E-006  6.185420947126009E-006  5.955900275516427E-006  5.831545630582121E-006  5.699320019946689E-006  5.557695825834306E-006  5.404608980791759E-006  5.237141752995670E-006  4.838078783100925E-006  4.582376728482288E-006  4.233213197175625E-006
   971.000136034109       1.093255799586822E-005  1.054526585932640E-005  1.014021212620555E-005  9.713507583684793E-006  9.259713174233889E-006  8.770679539473534E-006  8.233421979221718E-006  7.940222452422448E-006  7.625117443210464E-006  7.281530473546849E-006  7.057676937740151E-006  6.899202837756445E-006  6.644420180297055E-006  6.460592589261760E-006  6.157405048844817E-006  5.931165481894043E-006  5.808593111188875E-006  5.678265180280441E-006  5.538673339273378E-006  5.387777301362745E-006  5.222683633263002E-006  4.828992495332225E-006  4.576291156158155E-006  4.230274454592056E-006
   973.000136314303       1.081176520806251E-005  1.042711361334710E-005  1.002465120395023E-005  9.600476661031385E-006  9.149111904795965E-006  8.662373785472203E-006  8.127223703888628E-006  7.834987590932883E-006  7.520779747129112E-006  7.178048650865505E-006  6.954698246406383E-006  6.796567318579357E-006  6.542334492237249E-006  6.358922429773604E-006  6.056526439176029E-006  5.831029923516734E-006  5.708940556008149E-006  5.579204909732625E-006  5.440351890150881E-006  5.290389066099657E-006  5.126479558785788E-006  4.736033197893649E-006  4.485071056827262E-006  4.138982562324450E-006
   975.000136594497       1.087853251114068E-005  1.049032141262605E-005  1.008375775928763E-005  9.654851644942318E-006  9.197930636238792E-006  8.704586028649517E-006  8.161417775665848E-006  7.864476429567167E-006  7.544974328797670E-006  7.196229125692466E-006  6.968862929009595E-006  6.807863877655909E-006  6.549022164744770E-006  6.362327269884006E-006  6.054711508174729E-006  5.825591533815667E-006  5.701679308610939E-006  5.570140893765104E-006  5.429539096249426E-006  5.277931496794535E-006  5.112554003620254E-006  4.720119905695508E-006  4.468847890791685E-006  4.122679483209704E-006
   977.000136874691       1.102801421184307E-005  1.063457865257404E-005  1.022255953202418E-005  9.787929381803334E-006  9.324984600601748E-006  8.825245677996521E-006  8.275202576385243E-006  7.974577847775282E-006  7.651167562490269E-006  7.298203559931553E-006  7.068096625134785E-006  6.905152190623221E-006  6.643154437285567E-006  6.454144243595258E-006  6.142595946357705E-006  5.910408864659012E-006  5.784774077439550E-006  5.651350448648016E-006  5.508663164771698E-006  5.354722419179517E-006  5.186704700363488E-006  4.787798410649881E-006  4.532607720754809E-006  4.182353163414066E-006
   979.000137154885       1.075218197686950E-005  1.037282284044458E-005  9.975779994099229E-006  9.557218151032974E-006  9.111690815998148E-006  8.631065299523165E-006  8.102382659667795E-006  7.813549955120240E-006  7.502883799530466E-006  7.163863487899559E-006  6.942837988229293E-006  6.786306992032040E-006  6.534560662541260E-006  6.352873567805462E-006  6.053185231875260E-006  5.829588537270864E-006  5.708482418076850E-006  5.579754974566012E-006  5.441936697751022E-006  5.293036021200146E-006  5.130210888026461E-006  4.741845480104177E-006  4.491554170037578E-006  4.145108636505187E-006
   981.000137435078       1.122373220512800E-005  1.082201606105878E-005  1.040115973051733E-005  9.957023664409394E-006  9.483766862022543E-006  8.972700971800868E-006  8.410007932525290E-006  8.102420774595476E-006  7.771509366909643E-006  7.410375192770885E-006  7.174974744167927E-006  7.008307304707551E-006  6.740389262819755E-006  6.547176450209777E-006  6.228872382559492E-006  5.991836230260787E-006  5.863661346325090E-006  5.727616823388771E-006  5.582226823591133E-006  5.425504819982982E-006  5.254639437159406E-006  4.849981608731797E-006  4.592047457012548E-006  4.239349343745133E-006
   983.000137715272       1.107021720792678E-005  1.067268534556804E-005  1.025630913718411E-005  9.816991690314964E-006  9.348955714477531E-006  8.843616980157326E-006  8.287319686443857E-006  7.983271656823983E-006  7.656211467487609E-006  7.299363337261500E-006  7.066823523097674E-006  6.902226532687774E-006  6.637737902322815E-006  6.447097343337742E-006  6.133275947238201E-006  5.899836656934890E-006  5.773722040282364E-006  5.639965825027906E-006  5.497147450962291E-006  5.343349717374293E-006  5.175843036651754E-006  4.779479198370305E-006  4.526383455717938E-006  4.178047563202006E-006
   985.000137995466       1.128256115372471E-005  1.087763221860902E-005  1.045335151876499E-005  1.000553128037710E-005  9.528276229303097E-006  9.012803490349055E-006  8.445158697029326E-006  8.134825213477660E-006  7.800931847699428E-006  7.436530363778329E-006  7.199001695820262E-006  7.030835424183547E-006  6.760535021117693E-006  6.565637895680102E-006  6.244661900717987E-006  6.005760447481901E-006  5.876638320117681E-006  5.739646482547804E-006  5.593321860775800E-006  5.435697034755413E-006  5.263988318593625E-006  4.857964524126695E-006  4.599525797892730E-006  4.246091655420400E-006
   987.000138275660       1.128777191622850E-005  1.088645263656000E-005  1.046588550693926E-005  1.002191818610822E-005  9.548690817084380E-006  9.037485365232342E-006  8.474441580613310E-006  8.166564217716304E-006  7.835258311312212E-006  7.473592766008549E-006  7.237781451115668E-006  7.070790236842326E-006  6.802288843455955E-006  6.608602553877580E-006  6.289413084998034E-006  6.051621970809379E-006  5.923001540066883E-006  5.786453306761581E-006  5.640487917218282E-006  5.483101228087778E-006  5.311458736044611E-006  4.904790866104981E-006  4.645558077219651E-006  4.291334707237236E-006
   989.000138555854       1.132082610441205E-005  1.091857110428532E-005  1.049710415953142E-005  1.005230248374064E-005  9.578328081615920E-006  9.066500184597006E-006  8.502997624053187E-006  8.194972079753043E-006  7.863584085986026E-006  7.501908796244719E-006  7.266127968595069E-006  7.099172698600771E-006  6.830742900302038E-006  6.637111560558082E-006  6.317994796904823E-006  6.080220337339826E-006  5.951585770076841E-006  5.814997652241288E-006  5.668954907607765E-006  5.511435834750484E-006  5.339581141928955E-006  4.932114105139555E-006  4.672225728882409E-006  4.317180580467590E-006
   991.000138836048       1.130583984262060E-005  1.090252100047381E-005  1.047975250432335E-005  1.003335058391009E-005  9.557405097247854E-006  9.043125130237889E-006  8.476530476899436E-006  8.166658271359793E-006  7.833175340573601E-006  7.469123120272261E-006  7.231770234400211E-006  7.063704818119824E-006  6.793528624901885E-006  6.598694360384040E-006  6.277780679388548E-006  6.038900015211182E-006  5.909783308699342E-006  5.772794659743176E-006  5.626472405251012E-006  5.468850425151897E-006  5.297145013521530E-006  4.891095748502608E-006  4.632559934651388E-006  4.278854082988035E-006
   993.000139116241       1.133410634459151E-005  1.092871884762778E-005  1.050408592882604E-005  1.005604968884225E-005  9.578736188412956E-006  9.063407893494555E-006  8.496159181950769E-006  8.186140003692036E-006  7.852652326451941E-006  7.488760562796770E-006  7.251594035225433E-006  7.083694954894667E-006  6.813833489789663E-006  6.619254424074752E-006  6.298785289350568E-006  6.060227005295649E-006  5.931269149054961E-006  5.794428707337331E-006  5.648232330466893E-006  5.490696912439572E-006  5.319014693983306E-006  4.912690794683892E-006  4.653765408123156E-006  4.299361074773349E-006
   995.000139396435       1.137317938170011E-005  1.096869722497437E-005  1.054501224515994E-005  1.009801017153561E-005  9.621807305775342E-006  9.107720909418254E-006  8.541887777528254E-006  8.232651366057320E-006  7.900014897102634E-006  7.537040461805199E-006  7.300449179551600E-006  7.132938283390777E-006  6.863652722441032E-006  6.669435870376432E-006  6.349423842426225E-006  6.111050396897375E-006  5.982120627167261E-006  5.845244593930840E-006  5.698925509907822E-006  5.541147819797906E-006  5.369059663315213E-006  4.961214382965664E-006  4.701130018040118E-006  4.345652138419737E-006
   997.000139676629       1.142161063544065E-005  1.101725353558530E-005  1.059377143453255E-005  1.014702540188180E-005  9.671203817762871E-006  9.157632248557774E-006  8.592508231245986E-006  8.283721803395662E-006  7.951600690856467E-006  7.589208870206570E-006  7.352994934665985E-006  7.185743175369685E-006  6.916839568997939E-006  6.722857620740598E-006  6.403116356392401E-006  6.164805972311381E-006  6.035844245428163E-006  5.898872396845619E-006  5.752370219318977E-006  5.594289883921103E-006  5.421736478631360E-006  5.012264561961092E-006  4.750967672839751E-006  4.394326547358272E-006
   999.000139956823       1.146863836874240E-005  1.106352568872322E-005  1.063902381884338E-005  1.019097070979566E-005  9.713474649246207E-006  9.197766420227779E-006  8.629877674024258E-006  8.319398298574990E-006  7.985305135455972E-006  7.620588404055946E-006  7.382762045562604E-006  7.214320721167960E-006  6.943428222345018E-006  6.747955003251432E-006  6.425658989917989E-006  6.185378626409728E-006  6.055332871855277E-006  5.917200429973521E-006  5.769452073771032E-006  5.610030789966666E-006  5.436033823459707E-006  5.023346718703397E-006  4.760234646637602E-006  4.401386437932620E-006
   1002.50014044716       1.142329389223794E-005  1.101908591312353E-005  1.059572086321684E-005  1.014906984901411E-005  9.673311222811428E-006  9.159756027742429E-006  8.594575081379247E-006  8.285726600914916E-006  7.953512158318436E-006  7.590996007184494E-006  7.354694353688775E-006  7.187376883865237E-006  6.918371782752530E-006  6.724322454199322E-006  6.404490200690484E-006  6.166138289478256E-006  6.037167110268154E-006  5.900197614888491E-006  5.753714293603844E-006  5.595674924487416E-006  5.423189937826278E-006  5.013893456744748E-006  4.752503501489472E-006  4.394838892177525E-006
   1007.50014114765       1.147139726997779E-005  1.106837868289323E-005  1.064625454090390E-005  1.020096011528107E-005  9.726689074132867E-006  9.214813693444530E-006  8.651569221217395E-006  8.343813082392486E-006  8.012789923532598E-006  7.651570268757589E-006  7.416093265229507E-006  7.249342510846238E-006  6.981198373180931E-006  6.787715886981698E-006  6.468669516538290E-006  6.230735346342967E-006  6.101911668151615E-006  5.965025608467294E-006  5.818535218121864E-006  5.660360173640191E-006  5.487556416937913E-006  5.076756278195658E-006  4.813997125338495E-006  4.454507334059362E-006
   1012.50014184813       1.159653593080008E-005  1.119174690273794E-005  1.076763434345934E-005  1.032006928726407E-005  9.843195355457085E-006  9.328291571258961E-006  8.761433777789085E-006  8.451574724529741E-006  8.118176887312820E-006  7.754224532230181E-006  7.516875975318610E-006  7.348752670831400E-006  7.078309346558380E-006  6.883090158207839E-006  6.561024999808922E-006  6.320700843705278E-006  6.190528900599425E-006  6.052166111706857E-006  5.904043041994204E-006  5.744044495412229E-006  5.569183457539655E-006  5.153400218951348E-006  4.887729360165610E-006  4.525410123519774E-006
   1017.50014254862       1.161351488685641E-005  1.121089556339346E-005  1.078885760820863E-005  1.034327523563737E-005  9.868288961742249E-006  9.355192351888829E-006  8.790090410005671E-006  8.481089579180766E-006  8.148552944021678E-006  7.785459812127377E-006  7.548629097201480E-006  7.380851543288091E-006  7.110926438108425E-006  6.916051698286802E-006  6.594491489585904E-006  6.354486460424551E-006  6.224462789794002E-006  6.086235737415743E-006  5.938229230583511E-006  5.778317815068861E-006  5.603497961630360E-006  5.187535015106271E-006  4.921520907605228E-006  4.558449796685245E-006
   1022.50014324910       1.167872791364421E-005  1.127714934120265E-005  1.085634194798032E-005  1.041220011521598E-005  9.938866996241539E-006  9.427660730304089E-006  8.864738284486458E-006  8.556944073120725E-006  8.225680651467841E-006  7.863918216647777E-006  7.627894263285635E-006  7.460646341124350E-006  7.191476989751787E-006  6.997052306429821E-006  6.675999392233607E-006  6.436121253173190E-006  6.306052399234652E-006  6.167673182983968E-006  6.019368674803534E-006  5.858958246875522E-006  5.683361835327351E-006  5.264592299486186E-006  4.996331190585794E-006  4.630351197740655E-006
   1027.50014394959       1.180007151166255E-005  1.139398318418924E-005  1.096846460949380E-005  1.051939980798749E-005  1.004093699024029E-005  9.524314277336928E-006  8.955565938575339E-006  8.644650320651256E-006  8.310071134159566E-006  7.944722410646989E-006  7.706372299475215E-006  7.537476057261018E-006  7.265644314142865E-006  7.069281986522147E-006  6.744982995983836E-006  6.502624061848736E-006  6.371185071163996E-006  6.231325816691818E-006  6.081407972266633E-006  5.919219826727083E-006  5.741641560978118E-006  5.318083129621082E-006  5.046871359403792E-006  4.677353669462332E-006
   1032.50014465007       1.169171306735598E-005  1.129464596377363E-005  1.087859994187373E-005  1.043951500738920E-005  9.971613683270469E-006  9.466331753303062E-006  8.909927407303446E-006  8.605677915394801E-006  8.278183902659532E-006  7.920455987028593E-006  7.686995124776899E-006  7.521515287722232E-006  7.255085330174525E-006  7.062534785083389E-006  6.744325513048567E-006  6.506306375768522E-006  6.377127213660688E-006  6.239588081617878E-006  6.092046204654771E-006  5.932278795609917E-006  5.757140941289450E-006  5.338278889340828E-006  5.069055396004545E-006  4.700837793695861E-006
   1037.50014535055       1.179275145364440E-005  1.139315885916821E-005  1.097437248349658E-005  1.053230931733629E-005  1.006113790019108E-005  9.552260086481106E-006  8.991834769549142E-006  8.685362863689307E-006  8.355462979042689E-006  7.995079886025441E-006  7.759863616047136E-006  7.593125106752856E-006  7.324634807651062E-006  7.130563900847252E-006  6.809761265550781E-006  6.569716914198927E-006  6.439400082941435E-006  6.300613925683213E-006  6.151686990627433E-006  5.990358589799128E-006  5.813431991412926E-006  5.390021186368780E-006  5.117849309265367E-006  4.745900208751977E-006
   1042.50014605104       1.195591242414090E-005  1.154980392546469E-005  1.112427316632394E-005  1.067514116731736E-005  1.019656067056422E-005  9.679822516487339E-006  9.110912165082983E-006  8.799905587646094E-006  8.465203643158635E-006  8.099685393792465E-006  7.861176261117447E-006  7.692133985952292E-006  7.419988828795593E-006  7.223318711086037E-006  6.898306483840604E-006  6.655185629021417E-006  6.523226924155846E-006  6.382714618052117E-006  6.231962214144148E-006  6.068688560177269E-006  5.889671288762883E-006  5.461540443601603E-006  5.186771252774913E-006  4.812303194724177E-006
   1047.50014675152       1.191744543266559E-005  1.151580537467298E-005  1.109486419675768E-005  1.065053085760699E-005  1.017702922922206E-005  9.665706881548423E-006  9.102725999684014E-006  8.794915429528211E-006  8.463635497019991E-006  8.101789404892675E-006  7.865633114646147E-006  7.698232966513398E-006  7.428671166710176E-006  7.233811548977053E-006  6.911648823776204E-006  6.670512494946355E-006  6.539563086267076E-006  6.400063784665887E-006  6.250317101619410E-006  6.088023573297590E-006  5.909931476243243E-006  5.483259379551976E-006  5.208794187001272E-006  4.833890404935575E-006
   1052.50014745201       1.206754388146259E-005  1.166094031174071E-005  1.123471202018699E-005  1.078481475275984E-005  1.030528832021121E-005  9.787329482615797E-006  9.217002214811473E-006  8.905128843506777E-006  8.569455258288203E-006  8.202808560008407E-006  7.963520857510595E-006  7.793900091487932E-006  7.520778233473307E-006  7.323357756669612E-006  6.996997868697863E-006  6.752761171113974E-006  6.620148990009605E-006  6.478896999694584E-006  6.327293704051071E-006  6.163021544837689E-006  5.982807727377485E-006  5.551386543961254E-006  5.274343232825848E-006  4.897019289717510E-006
   1057.50014815249       1.201766275563962E-005  1.161582768991250E-005  1.119449125969419E-005  1.074966587667695E-005  1.027547985402835E-005  9.763216257646408E-006  9.199039794436690E-006  8.890522929264011E-006  8.558439503154922E-006  8.195671367522684E-006  7.958900376183123E-006  7.791053521365131E-006  7.520745417295043E-006  7.325326532439368E-006  7.002185949065945E-006  6.760258756956122E-006  6.628852486559267E-006  6.488840931615183E-006  6.338508562278297E-006  6.175530486796976E-006  5.996614428902830E-006  5.567606614819894E-006  5.291434880251429E-006  4.914205506898332E-006
   1062.50014885298       1.212488649557622E-005  1.172132308920630E-005  1.129799360698537E-005  1.085077337470246E-005  1.037382285975444E-005  9.858378587257731E-006  9.290373849620592E-006  8.979633108621806E-006  8.645011990343462E-006  8.279365315914568E-006  8.040629001628306E-006  7.871359314628020E-006  7.598701904594063E-006  7.401540001908719E-006  7.075459659439578E-006  6.831290465105845E-006  6.698655744545170E-006  6.557326977022946E-006  6.405572336010364E-006  6.241044291457908E-006  6.060422640116368E-006  5.627419224980054E-006  5.348964118434838E-006  4.969383099961906E-006
   1067.50014955346       1.205051751109413E-005  1.165157159477714E-005  1.123320877293892E-005  1.079115841043034E-005  1.031982262921827E-005  9.810391235739692E-006  9.249066718945467E-006  8.942011654555090E-006  8.611386104583187E-006  8.250100598148036E-006  8.014227949460378E-006  7.846977627062746E-006  7.577559662021641E-006  7.382725629642304E-006  7.060429260561699E-006  6.819019890445654E-006  6.687851542943571E-006  6.548050644626545E-006  6.397895902716109E-006  6.235043129495449E-006  6.056174231068174E-006  5.626823027691783E-006  5.350069900010685E-006  4.971691542608593E-006
   1072.50015025395       1.212406428140231E-005  1.172175807120016E-005  1.130003594201005E-005  1.085474374910902E-005  1.038004817864684E-005  9.867232281550750E-006  9.302534094983248E-006  8.993723297572650E-006  8.661333502985762E-006  8.298263028479193E-006  8.061292391911125E-006  7.893291714004139E-006  7.622728228200941E-006  7.427104294994035E-006  7.103579100994010E-006  6.861316317600949E-006  6.729703949477079E-006  6.589449195881384E-006  6.438824436868912E-006  6.275485115232028E-006  6.096109114294430E-006  5.665679820778521E-006  5.388366841438878E-006  5.009438506414925E-006
   1077.50015095443       1.218281529227367E-005  1.178326201393660E-005  1.136390662922349E-005  1.092063883193202E-005  1.044751655696639E-005  9.935843089644190E-006  9.371592327880465E-006  9.062699841671591E-006  8.729932018128453E-006  8.366105561868416E-006  8.128456976937298E-006  7.959893354954644E-006  7.688281004054537E-006  7.491795184938812E-006  7.166657969611961E-006  6.923035661445893E-006  6.790630816437076E-006  6.649488829117465E-006  6.497861508202607E-006  6.333375018046007E-006  6.152669073795024E-006  5.718813666112204E-006  5.439284360403025E-006  5.057630258244836E-006
   1082.50015165492       1.201733303885266E-005  1.163055641526232E-005  1.122430706200487E-005  1.079434470649455E-005  1.033493548764507E-005  9.837351256894130E-006  9.287790147896661E-006  8.986554202566678E-006  8.661785420619634E-006  8.306396029901958E-006  8.074076311906128E-006  7.909224142699039E-006  7.643446592885776E-006  7.451080336856500E-006  7.132581764623625E-006  6.893799476572866E-006  6.763978390329564E-006  6.625554602587761E-006  6.476806520409038E-006  6.315391525259152E-006  6.137981465635007E-006  5.711473434226184E-006  5.435945110465568E-006  5.058353551254437E-006
   1087.50015235540       1.224270426672239E-005  1.184577447041424E-005  1.142894698088731E-005  1.098780834181318E-005  1.051661043617377E-005  1.000633874875075E-005  9.442817074156490E-006  9.134029263868053E-006  8.801083728005563E-006  8.436758086926907E-006  8.198608656378911E-006  8.029613974793660E-006  7.757162782366771E-006  7.559971389267061E-006  7.233492793194928E-006  6.988744477477943E-006  6.855693021495055E-006  6.713839527937989E-006  6.561426617942498E-006  6.396071321690805E-006  6.214395781873172E-006  5.778194275752324E-006  5.497203876741028E-006  5.113769714627268E-006
   1092.50015305588       1.234884643424511E-005  1.194630781067896E-005  1.152374106774326E-005  1.107706258659447E-005  1.060020565682469E-005  1.008424652235405E-005  9.514902028734806E-006  9.203096510963433E-006  8.867070526994950E-006  8.499501971411387E-006  8.259320517165643E-006  8.088915950866390E-006  7.814249701477062E-006  7.615489212511674E-006  7.286466059393304E-006  7.039842455941596E-006  6.905773876908105E-006  6.762836673583517E-006  6.609255153222196E-006  6.442622402532390E-006  6.259528767835724E-006  5.819910697753310E-006  5.536868593421317E-006  5.151090271214506E-006
   1097.50015375637       1.224799921242842E-005  1.186237803128929E-005  1.145653149823691E-005  1.102605750958578E-005  1.056462253466144E-005  1.006324386241723E-005  9.507265931370907E-006  9.201547158988171E-006  8.871121922497008E-006  8.508612374794389E-006  8.271149706107578E-006  8.102409812324209E-006  7.830000640044400E-006  7.632554873430559E-006  7.305176333641635E-006  7.059392507794123E-006  6.925659486627069E-006  6.782996255632863E-006  6.629626096410516E-006  6.463139341482407E-006  6.280132048920646E-006  5.840507771843599E-006  5.557323947423146E-006  5.171220285208651E-006
   1102.50015445685       1.230857771983057E-005  1.191779252006261E-005  1.150695703290984E-005  1.107137461579654E-005  1.060500323395189E-005  1.009851719036410E-005  9.537355752680912E-006  9.228984343943656E-006  8.895851968485950E-006  8.530548692284046E-006  8.291359879850838E-006  8.121447576763948E-006  7.847227190665042E-006  7.648547658252532E-006  7.319270217691537E-006  7.072195177896667E-006  6.937813132157099E-006  6.794503254708502E-006  6.640493998364933E-006  6.473387884368157E-006  6.289789744052411E-006  5.849129284245425E-006  5.565473900445617E-006  5.178628896311836E-006
   1107.50015515734       1.240671621945904E-005  1.200869731942589E-005  1.159032035359087E-005  1.114699722854033E-005  1.067252357942155E-005  1.015761079962264E-005  9.587534441952614E-006  9.274434087475561E-006  8.936363509930868E-006  8.565834112644210E-006  8.323323254506663E-006  8.151102825352667E-006  7.873247071167059E-006  7.672003701149264E-006  7.338636014906897E-006  7.088640290310124E-006  6.952733429380374E-006  6.807854489232637E-006  6.652234292318399E-006  6.483477632403698E-006  6.298201437962735E-006  5.854171791099343E-006  5.568812879817329E-006  5.179864425258525E-006
   1112.50015585782       1.243724788929942E-005  1.204102902112226E-005  1.162445752275376E-005  1.118290623092940E-005  1.071026262604967E-005  1.019718494117873E-005  9.629009168840878E-006  9.316888273209243E-006  8.979808448447479E-006  8.610311661729390E-006  8.368436359226386E-006  8.196642592364421E-006  7.919443959132183E-006  7.718641230900685E-006  7.385930804594226E-006  7.136354741408026E-006  7.000643405914551E-006  6.855940224233397E-006  6.700467500966415E-006  6.531809960562012E-006  6.346555949827586E-006  5.902171089787817E-006  5.616393403108231E-006  5.227036119730030E-006
   1117.50015655831       1.245966267905512E-005  1.206167777018603E-005  1.164318604244232E-005  1.119989519669236E-005  1.072562359710064E-005  1.021111018888607E-005  9.641750467837814E-006  9.329181705810386E-006  8.991808339734384E-006  8.622165881376716E-006  8.380299747033038E-006  8.208560457764355E-006  7.931522587044665E-006  7.730890930365780E-006  7.398547060933906E-006  7.149304807725982E-006  7.013790654507235E-006  6.869308009506941E-006  6.714077465611357E-006  6.545685405481898E-006  6.360720741632949E-006  5.916983796101993E-006  5.631553809373659E-006  5.242509079355314E-006
   1122.50015725879       1.257504400667755E-005  1.217397382645256E-005  1.175224847119198E-005  1.130563160702600E-005  1.082783295933715E-005  1.030967830264460E-005  9.736352739947379E-006  9.421674804672786E-006  9.082056642784188E-006  8.709984679601960E-006  8.466538595864656E-006  8.293671372587475E-006  8.014789382670510E-006  7.812799811654144E-006  7.478113420847002E-006  7.227021656419067E-006  7.090455587138827E-006  6.944811669924164E-006  6.788278600018089E-006  6.618404743397186E-006  6.431722547750498E-006  5.983519600479488E-006  5.695183482412568E-006  5.302871910408170E-006
   1127.50015795928       1.241140152470219E-005  1.202250130374275E-005  1.161329823275260E-005  1.117958114957881E-005  1.071520731254837E-005  1.021115365774544E-005  9.652830168898665E-006  9.346098727396770E-006  9.014783336182798E-006  8.651490761576162E-006  8.413610089136175E-006  8.244606213763952E-006  7.971803742008416E-006  7.774089525922305E-006  7.446256295823215E-006  7.200099294686116E-006  7.066140704653201E-006  6.923213695586306E-006  6.769525659817159E-006  6.602643294658581E-006  6.419121153632523E-006  5.977803459062387E-006  5.693172301606876E-006  5.304693388552833E-006
   1132.50015865976       1.259661901838535E-005  1.219598164750218E-005  1.177490362583214E-005  1.132912997313967E-005  1.085240894591036E-005  1.033574513988116E-005  9.764527186007664E-006  9.451238473589595E-006  9.113222222313998E-006  8.743073169118892E-006  8.500962160237598E-006  8.329085556534755E-006  8.051848149533622E-006  7.851081519109862E-006  7.518459735362130E-006  7.268917426704069E-006  7.133183319967020E-006  6.988412111277270E-006  6.832792733805871E-006  6.663868790256282E-006  6.478163109876079E-006  6.031909298100111E-006  5.744514455485213E-006  5.353217957300416E-006
   1137.50015936025       1.245049038581961E-005  1.205999053217438E-005  1.164952548908448E-005  1.121507241578360E-005  1.075031617089451E-005  1.024647644136443E-005  9.689131093477053E-006  9.383229020677160E-006  9.053101942079484E-006  8.691395832025891E-006  8.454689497897988E-006  8.286589338381693E-006  8.015322615110340E-006  7.818784968429240E-006  7.492998595157564E-006  7.248425228094511E-006  7.115336733978456E-006  6.973336210019025E-006  6.820630153778753E-006  6.654784348482502E-006  6.472336981967461E-006  6.033142774773948E-006  5.749470650474777E-006  5.361984634041432E-006
   1142.50016006073       1.240616007465491E-005  1.201999699835210E-005  1.161417540685107E-005  1.118434576016938E-005  1.072479859250866E-005  1.022650256911250E-005  9.675408390492247E-006  9.372978947834775E-006  9.046502072443375E-006  8.688780306442139E-006  8.454672888449120E-006  8.288384294388586E-006  8.020005460268471E-006  7.825516987036382E-006  7.503018441232999E-006  7.260786788681120E-006  7.128912737099174E-006  6.988148916298562E-006  6.836698904618079E-006  6.672111882334379E-006  6.490911362714818E-006  6.054097301747813E-006  5.771540932188699E-006  5.385026173677064E-006
   1147.50016076122       1.279734103239370E-005  1.239213286785153E-005  1.196638237530158E-005  1.151563694845640E-005  1.103363327424042E-005  1.051129787161594E-005  9.933935918235691E-006  9.617334957197054E-006  9.275724856877634E-006  8.901719791323255E-006  8.657073601137534E-006  8.483384090507919E-006  8.203183974963369E-006  8.000226480934775E-006  7.663869752863485E-006  7.411392952277045E-006  7.274000830077037E-006  7.127401933545014E-006  6.969734590988719E-006  6.798468537526076E-006  6.610020107716478E-006  6.156432134920304E-006  5.864099078866400E-006  5.466856633749449E-006
   1152.50016146170       1.291615928332521E-005  1.250656098330412E-005  1.207607358732752E-005  1.162030307076133E-005  1.113309878788530E-005  1.060517865067279E-005  1.002161823433682E-005  9.701552950415423E-006  9.356411077444845E-006  8.978534022650974E-006  8.731387615891986E-006  8.555941622311057E-006  8.272916555127002E-006  8.067921901150680E-006  7.728174949213119E-006  7.473134430937629E-006  7.334345347450276E-006  7.186240985616580E-006  7.026944014215466E-006  6.853897766007908E-006  6.663478729396779E-006  6.205159618521111E-006  5.909956505059145E-006  5.509551427423630E-006
   1157.50016216218       1.286560658453546E-005  1.246094777120731E-005  1.203552927727370E-005  1.158492619890110E-005  1.110315749832251E-005  1.058081974906548E-005  1.000330587478460E-005  9.686498080441713E-006  9.344727588072278E-006  8.970394506210711E-006  8.725520488727392E-006  8.551645642830139E-006  8.271115204979895E-006  8.067874121435295E-006  7.730967402217912E-006  7.477975663798731E-006  7.340265057639902E-006  7.193282160513894E-006  7.035152929847589E-006  6.863313278150274E-006  6.674136510476063E-006  6.218335732205612E-006  5.924301731734078E-006  5.524741514454179E-006
   1162.50016286267       1.270611957404346E-005  1.231203058728654E-005  1.189759638670862E-005  1.145907825883314E-005  1.098965951857973E-005  1.048054369054648E-005  9.917446110394563E-006  9.608312139750337E-006  9.274601644943626E-006  8.908846156589564E-006  8.669395399641883E-006  8.499272477651793E-006  8.224593795071054E-006  8.025436281641104E-006  7.694951427126619E-006  7.446506640723770E-006  7.311155709155698E-006  7.166610325896395E-006  7.010994281424889E-006  6.841762262150449E-006  6.655288091269198E-006  6.205105234269982E-006  5.913823910300617E-006  5.516769929114631E-006
   1167.50016356315       1.286397624376130E-005  1.246126061619536E-005  1.203805866139832E-005  1.159000188084225E-005  1.111118771039571E-005  1.059219183914338E-005  1.001857618809461E-005  9.704106631180947E-006  9.364812072938363E-006  8.993268689114845E-006  8.750228479336297E-006  8.577616673754815E-006  8.299095198516616E-006  8.097260699857708E-006  7.762532095295484E-006  7.511033842688157E-006  7.374070458823607E-006  7.227831989394498E-006  7.070428722508067E-006  6.899285659574010E-006  6.710746913544285E-006  6.255787540170855E-006  5.961704056485111E-006  5.561484743843955E-006
   1172.50016426364       1.311240460241396E-005  1.269798515473076E-005  1.226238507511009E-005  1.180164785852131E-005  1.130889731552877E-005  1.077535753305036E-005  1.018599044946231E-005  9.862980413964841E-006  9.514688491402056E-006  9.133505007668489E-006  8.884307320914749E-006  8.707399354376682E-006  8.422039389673149E-006  8.215338564942785E-006  7.872686526471556E-006  7.615365462927611E-006  7.475276772305571E-006  7.325730243335500E-006  7.164807001992476E-006  6.989878581460487E-006  6.797225018061673E-006  6.332691196181016E-006  6.033029132740512E-006  5.626866703445138E-006
   1177.50016496412       1.287482270492762E-005  1.247305152633357E-005  1.205089575853704E-005  1.160433006841830E-005  1.112711012504547E-005  1.060988255727344E-005  1.003830713041742E-005  9.725075307599221E-006  9.387179306057642E-006  9.017235209600073E-006  8.775250600289296E-006  8.603427146757205E-006  8.326211926592823E-006  8.125351504049347E-006  7.792255421915870E-006  7.542014690991265E-006  7.405744054805376E-006  7.260250721722034E-006  7.103654016367862E-006  6.933383835921803E-006  6.745785516662083E-006  6.292852028594985E-006  5.999811559379331E-006  5.600763450296664E-006
   1182.50016566461       1.290092769299983E-005  1.250819451749332E-005  1.209503914253873E-005  1.165661222486673E-005  1.118683383881867E-005  1.067675178794931E-005  1.011140940731549E-005  9.800583127809620E-006  9.464713653815767E-006  9.096231500014876E-006  8.854777002798487E-006  8.683120033674216E-006  8.405775701426508E-006  8.204536648477951E-006  7.870277146344585E-006  7.618694459140257E-006  7.481529128601551E-006  7.334938267281776E-006  7.177000169860076E-006  7.005082343499778E-006  6.815445496637349E-006  6.356762959775577E-006  6.059678875616299E-006  5.655429365991922E-006
   1187.50016636509       1.289170169928927E-005  1.249501713967251E-005  1.207771668134589E-005  1.163549788655281E-005  1.116250479706918E-005  1.064962563982705E-005  1.008220534502713E-005  9.770922313076012E-006  9.434824859554854E-006  9.066521098805868E-006  8.825401979148582E-006  8.654104281700539E-006  8.377531054236228E-006  8.176959702424898E-006  7.844061625902916E-006  7.593698663006496E-006  7.457258719543043E-006  7.311494700591160E-006  7.154497736760456E-006  6.983656850143612E-006  6.795255043124108E-006  6.339577663769468E-006  6.044278136056998E-006  5.642015743410622E-006
   1192.50016706558       1.328750644512120E-005  1.286899839169274E-005  1.242935895092445E-005  1.196392153018412E-005  1.146650987538629E-005  1.092758512932352E-005  1.033243401201429E-005  1.000635931697616E-005  9.654720580532452E-006  9.270003812918576E-006  9.018448390337036E-006  8.839895483307214E-006  8.551886852077833E-006  8.343260900761620E-006  7.997384092746456E-006  7.737574955371721E-006  7.596105120002251E-006  7.445069323823689E-006  7.282497952214843E-006  7.105725643782922E-006  6.910956603059403E-006  6.440868136540992E-006  6.137411329526760E-006  5.726579325206998E-006
   1197.50016776606       1.280085560049150E-005  1.241656006610291E-005  1.201210026241477E-005  1.158268019305248E-005  1.112236221658782E-005  1.062214984993425E-005  1.006758931319740E-005  9.762636425378190E-006  9.432921136726096E-006  9.071115513678655E-006  8.833968398398958E-006  8.665339289907509E-006  8.392821899991649E-006  8.195003520458331E-006  7.866325969787426E-006  7.618821745450609E-006  7.483819731599216E-006  7.339491845284195E-006  7.183924046958747E-006  7.014492606390967E-006  6.827466015604886E-006  6.374323461269337E-006  6.080068976238139E-006  5.678407872951811E-006
   1202.50016846655       1.326779445819762E-005  1.285908040894700E-005  1.242892145808294E-005  1.197249957355964E-005  1.148339990292958E-005  1.095288493487084E-005  1.036544728242359E-005  1.004296497934643E-005  9.694821463420953E-006  9.313329652472551E-006  9.063628953880950E-006  8.886224194895631E-006  8.599830110069743E-006  8.392161254162431E-006  8.047553359373801E-006  7.788435134609897E-006  7.647230729476901E-006  7.496396501037791E-006  7.333954330607676E-006  7.157205961878575E-006  6.962320106439839E-006  6.491290931605389E-006  6.186764091782763E-006  5.774273585158576E-006
   1207.50016916703       1.319645490278128E-005  1.279641353849800E-005  1.237460858031535E-005  1.192711066163015E-005  1.144727563112685E-005  1.092579121531187E-005  1.034764488620002E-005  1.002986845544997E-005  9.686452960266848E-006  9.309773943932539E-006  9.062979190350550E-006  8.887579638728679E-006  8.604208524598311E-006  8.398626273856769E-006  8.057219269176810E-006  7.800280276094146E-006  7.660185791251595E-006  7.510460029689255E-006  7.349123662037762E-006  7.173467859250997E-006  6.979641656894446E-006  6.510489229982814E-006  6.206676674844760E-006  5.794630195844388E-006
   1212.50016986752       1.342309104235937E-005  1.300693919877311E-005  1.256921667633624E-005  1.210490656329679E-005  1.160802555726027E-005  1.106920234508825E-005  1.047352487175021E-005  1.014678775113588E-005  9.794380090640309E-006  9.408479303543105E-006  9.156039004188554E-006  8.976774766605023E-006  8.687496163715336E-006  8.477827988934679E-006  8.129995132304877E-006  7.868489913399921E-006  7.725999858466522E-006  7.573780195289703E-006  7.409828526054334E-006  7.231399482927784E-006  7.034591347683900E-006  6.558493485323662E-006  6.250444271932759E-006  5.833449006217531E-006
   1217.50017056800       1.351434378559583E-005  1.309183681382537E-005  1.264745589971855E-005  1.217751940237158E-005  1.167443674864607E-005  1.112971038869686E-005  1.052811618099275E-005  1.019838164945635E-005  9.842904438254458E-006  9.453991981548876E-006  9.199761741371646E-006  9.019315943258827E-006  8.728188934496114E-006  8.517265896539346E-006  8.167464433320173E-006  7.904575685366105E-006  7.761345361973397E-006  7.608357109111331E-006  7.443582631746058E-006  7.264268288623136E-006  7.066475807123150E-006  6.587894059267675E-006  6.278164882516216E-006  5.859048189673975E-006
   1222.50017126848       1.355245368875639E-005  1.312952723711974E-005  1.268446990902793E-005  1.221337659128560E-005  1.170971973956440E-005  1.116408011900235E-005  1.056152447993813E-005  1.023128275618924E-005  9.875281985593473E-006  9.485715817666268E-006  9.231046644201743E-006  9.050276167148052E-006  8.758651803039236E-006  8.547352834698495E-006  8.196916798934301E-006  7.933503454601571E-006  7.789983456816041E-006  7.636665890258546E-006  7.471522578112793E-006  7.291776314944756E-006  7.093472933811570E-006  6.613465954022329E-006  6.302692009612179E-006  5.882218518288609E-006
   1227.50017196897       1.355780000833022E-005  1.313756173922956E-005  1.269509949509579E-005  1.222607183774606E-005  1.172486939800154E-005  1.118128639563506E-005  1.058053378670659E-005  1.025133972390781E-005  9.896168357133413E-006  9.507553255128641E-006  9.253388041712401E-006  9.072918828715338E-006  8.781741419332593E-006  8.570695788952163E-006  8.220591349492529E-006  7.957325115748986E-006  7.813847080631529E-006  7.660544062854701E-006  7.495384440000001E-006  7.315571229185535E-006  7.117136295090118E-006  6.636524724091540E-006  6.325146011289442E-006  5.903745730460157E-006
   1232.50017266945       1.359651270146860E-005  1.317388287382366E-005  1.272882614099990E-005  1.225748356484320E-005  1.175387208874684E-005  1.120792148811501E-005  1.060496844917676E-005  1.027458784161959E-005  9.918413999301501E-006  9.528760676413928E-006  9.273997983695242E-006  9.093180377864925E-006  8.801425599453914E-006  8.590063037306433E-006  8.239475065807649E-006  7.975922038608818E-006  7.832307320722328E-006  7.678874618440423E-006  7.513601271337205E-006  7.333692053590066E-006  7.135167042466817E-006  6.654361236854505E-006  6.342822959464727E-006  5.921201516341243E-006
   1237.50017336994       1.367008912509600E-005  1.324518327666481E-005  1.279814495548826E-005  1.232407846662783E-005  1.181771343143877E-005  1.126871187866554E-005  1.066239260319748E-005  1.033002959540101E-005  9.971833280205436E-006  9.579947008750867E-006  9.323764792276586E-006  9.141888522342157E-006  8.848515408410799E-006  8.635921163559503E-006  8.283283572613638E-006  8.018166272991415E-006  7.873680831761686E-006  7.719308838561870E-006  7.552987300385476E-006  7.371909753908509E-006  7.172050052201007E-006  6.687760596570385E-006  6.373843476974328E-006  5.949254975227221E-006
   1242.50017407042       1.362516771821450E-005  1.320450199259719E-005  1.276179363185763E-005  1.229272036510455E-005  1.179037774849743E-005  1.124600655145911E-005  1.064417421715141E-005  1.031411968660872E-005  9.958115404496081E-006  9.568461913438490E-006  9.313581639583882E-006  9.132615033199338E-006  8.840589206849640E-006  8.628925819189515E-006  8.277697055907978E-006  8.013556358319372E-006  7.869578276619964E-006  7.715727279541083E-006  7.549951848348950E-006  7.369442079920255E-006  7.170179028379801E-006  6.687164232169604E-006  6.373867175384179E-006  5.949659564244741E-006
   1247.50017477091       1.376205194544053E-005  1.333362649158977E-005  1.288319673512559E-005  1.240577437639334E-005  1.189471528170786E-005  1.134128685728375E-005  1.072976858348673E-005  1.039453922568005E-005  1.003326115617161E-005  9.637875737701763E-006  9.379386394214231E-006  9.195913910388718E-006  8.899890045289780E-006  8.685366179487110E-006  8.329484652768233E-006  8.061883884503394E-006  7.916033106056318E-006  7.760187962033709E-006  7.592271107079115E-006  7.409439372978043E-006  7.207622311317368E-006  6.718492729576210E-006  6.401379703627600E-006  5.972551273379917E-006
   1252.50017547139       1.370829073016584E-005  1.328392771294710E-005  1.283812042390910E-005  1.236534776394197E-005  1.185979310323811E-005  1.131167401095709E-005  1.070624986711395E-005  1.037451604622463E-005  1.001690698180268E-005  9.625577658719192E-006  9.369790108589347E-006  9.188182910152008E-006  8.895213042832941E-006  8.682890461597700E-006  8.330598721302330E-006  8.065615415075876E-006  7.921143067333955E-006  7.766735358125041E-006  7.600308505717394E-006  7.419018471192167E-006  7.218777020247586E-006  6.732705669565499E-006  6.416856318613595E-006  5.988882890298288E-006
   1257.50017617188       1.384074147965439E-005  1.341030009492499E-005  1.295782039403740E-005  1.247815397587420E-005  1.196474367992617E-005  1.140860340796656E-005  1.079398691481626E-005  1.045716813404908E-005  1.009404093559515E-005  9.696656995692376E-006  9.436879452144432E-006  9.252460548372085E-006  8.954929024606811E-006  8.739314538004428E-006  8.381572467281685E-006  8.112533868419568E-006  7.965883486801654E-006  7.809165323815770E-006  7.640277011624491E-006  7.456354718372925E-006  7.253282390290700E-006  6.760781212719944E-006  6.441222067159679E-006  6.009166895053170E-006
   1262.50017687236       1.385664866874970E-005  1.342749984051673E-005  1.297561914583735E-005  1.249648848397320E-005  1.198380904669498E-005  1.142828905794039E-005  1.081439252089201E-005  1.047783515527992E-005  1.011493329371979E-005  9.717938245037315E-006  9.458351879312948E-006  9.274063465659482E-006  8.976713620835711E-006  8.761228405346451E-006  8.403658556692754E-006  8.134698735070340E-006  7.988077216576480E-006  7.831364694913874E-006  7.662472502432707E-006  7.478515631291015E-006  7.275359000898739E-006  6.782382849395117E-006  6.462291410194822E-006  6.029454921651193E-006
   1267.50017757285       1.380908869395993E-005  1.338435634508524E-005  1.293738410008754E-005  1.246374793390596E-005  1.195690650365538E-005  1.140715022518576E-005  1.079955916680158E-005  1.046645200893552E-005  1.010719942015234E-005  9.714126365375473E-006  9.457070116226264E-006  9.274534868119257E-006  8.979971461084754E-006  8.766466275936885E-006  8.412086403143162E-006  8.145428918289296E-006  8.000010810166946E-006  7.844544947638225E-006  7.676925281307988E-006  7.494270822445053E-006  7.292433688143731E-006  6.802022394184464E-006  6.483032098065520E-006  6.051011780199221E-006
   1272.50017827333       1.396311087665821E-005  1.353056504528830E-005  1.307551629145625E-005  1.259276897343466E-005  1.207635751747152E-005  1.151670079804379E-005  1.089826410511498E-005  1.055936767255902E-005  1.019403148828300E-005  9.794266598575365E-006  9.532971300119695E-006  9.347486099728260E-006  9.048226887930312E-006  8.831356067603910E-006  8.471498230937463E-006  8.200795471098604E-006  8.053201324000565E-006  7.895429388957277E-006  7.725352598691096E-006  7.540050566215289E-006  7.335322682928228E-006  6.837973774728371E-006  6.514599458417725E-006  6.077371308788805E-006
   1277.50017897382       1.405097176250799E-005  1.361552603739695E-005  1.315665865507698E-005  1.267064338640946E-005  1.215009049162339E-005  1.158613223824170E-005  1.096287865952217E-005  1.062148190892319E-005  1.025352047156462E-005  9.850924873731107E-006  9.587793079645862E-006  9.401019143884164E-006  9.099759161908242E-006  8.881434497142440E-006  8.519189983545559E-006  8.246710283921643E-006  8.098138115967096E-006  7.939318470899877E-006  7.768104334578223E-006  7.581550397487926E-006  7.375418219651552E-006  6.874611422413900E-006  6.549042968093575E-006  6.109367833317879E-006
   1282.50017967430       1.371879347108957E-005  1.330042501790221E-005  1.285928626951604E-005  1.239188407982017E-005  1.189123897309680E-005  1.134875709114035E-005  1.074929071839648E-005  1.042073310584326E-005  1.006661929605757E-005  9.679152659910373E-006  9.425853637356843E-006  9.246049114771480E-006  8.955953343785022E-006  8.745686291587785E-006  8.396727680738593E-006  8.134105591330256E-006  7.990866934252906E-006  7.837690702357283E-006  7.672486933362161E-006  7.492366812552036E-006  7.293169214633179E-006  6.808076284636676E-006  6.491355503142430E-006  6.060663087590444E-006
   1287.50018037478       1.402677230014099E-005  1.359477003764811E-005  1.314014572569722E-005  1.265801783872038E-005  1.214183029847498E-005  1.158219343593034E-005  1.096372629259378E-005  1.062472811040462E-005  1.025946253069436E-005  9.859805545987787E-006  9.598542425084433E-006  9.413123553536855E-006  9.113967170995553E-006  8.897181452811708E-006  8.537399492799240E-006  8.266670768784609E-006  8.119021901350940E-006  7.961137672825416E-006  7.790869691940986E-006  7.605254133810369E-006  7.400018965940216E-006  6.900466973388159E-006  6.574774574421297E-006  6.133805966170368E-006
   1292.50018107527       1.391220896657264E-005  1.348622900862895E-005  1.303853349341957E-005  1.256357795977677E-005  1.205541901263499E-005  1.150440126360972E-005  1.089587044286184E-005  1.056229089527083E-005  1.020273239432902E-005  9.809274771408260E-006  9.552039172321024E-006  9.369460068261436E-006  9.074854338001426E-006  8.861302825672636E-006  8.506804599962248E-006  8.239959504356755E-006  8.094379282449669E-006  7.938681566831067E-006  7.770736902442705E-006  7.587599077820817E-006  7.385028719733437E-006  6.891445515984922E-006  6.569021941033064E-006  6.131412448595151E-006
   1297.50018177575       1.420290705343856E-005  1.376547883640276E-005  1.330435333985924E-005  1.281554526735115E-005  1.229183692267294E-005  1.172450389698010E-005  1.109759124345313E-005  1.075393449318844E-005  1.038354315132352E-005  9.978425700532435E-006  9.713667365409442E-006  9.525726864029994E-006  9.222576070218370E-006  9.002858480289907E-006  8.638242256555422E-006  8.363877560862075E-006  8.214229172742977E-006  8.054195781170152E-006  7.881600015491297E-006  7.693424138464304E-006  7.485322574065549E-006  6.978527282588956E-006  6.647949158807118E-006  6.201158540435683E-006
   1302.50018247624       1.419416661186678E-005  1.375840043758165E-005  1.329901315349568E-005  1.281178061722481E-005  1.228979216056226E-005  1.172385866459583E-005  1.109818418633637E-005  1.075526833058598E-005  1.038566396292153E-005  9.981455052106707E-006  9.717261634615776E-006  9.529735667386966E-006  9.227246249628485E-006  9.008048769141885E-006  8.644301948101045E-006  8.370594629746382E-006  8.221308080110593E-006  8.061662590560277E-006  7.889482687182216E-006  7.701743497157347E-006  7.494104167268908E-006  6.988237490030028E-006  6.658030448473432E-006  6.211352563877911E-006
   1307.50018317672       1.431544411326708E-005  1.387316609980950E-005  1.340785585204483E-005  1.291350598672263E-005  1.238467213422193E-005  1.181107649945406E-005  1.117710577521709E-005  1.082967487038041E-005  1.045550445392896E-005  1.004630652975002E-005  9.778951768298482E-006  9.589219189597434E-006  9.283265744858106E-006  9.061627232253419E-006  8.693922997259311E-006  8.417319961103706E-006  8.266472600802383E-006  8.105184948514814E-006  7.931253090490991E-006  7.741635443773696E-006  7.531958076051473E-006  7.021324181898818E-006  6.688215967975849E-006  6.238375570594562E-006
   1312.50018387721       1.389437126442395E-005  1.347763183796616E-005  1.303842866721084E-005  1.257247617195291E-005  1.207369677791693E-005  1.153232838022384E-005  1.093372829000347E-005  1.060541677616614E-005  1.025120962106183E-005  9.863407132262887E-006  9.609737962340620E-006  9.429492232536550E-006  9.138500691106559E-006  8.927398922418762E-006  8.576663651293392E-006  8.312320468109109E-006  8.167981162579534E-006  8.013508399264747E-006  7.846733422524760E-006  7.664705978085112E-006  7.463128138906301E-006  6.970804562926760E-006  6.648235685577306E-006  6.209897224704142E-006
   1317.50018457769       1.412675157509026E-005  1.370057339669751E-005  1.325037421696757E-005  1.277290868107672E-005  1.226163028486738E-005  1.170619435979411E-005  1.109195317996953E-005  1.075485827299765E-005  1.039146081995483E-005  9.993624040557639E-006  9.733404435005102E-006  9.548610752107873E-006  9.250316458371213E-006  9.033997947569423E-006  8.674705658481201E-006  8.404027336875635E-006  8.256249557891120E-006  8.098125602227755E-006  7.927439882220698E-006  7.741168504359176E-006  7.534926204184289E-006  7.031390810470894E-006  6.701758619131866E-006  6.255037704166465E-006
   1322.50018527818       1.443720156672552E-005  1.399347171388133E-005  1.352491547335229E-005  1.302815175548287E-005  1.249561502518515E-005  1.191811449023030E-005  1.127981318265167E-005  1.092983369580230E-005  1.055287175775570E-005  1.014055908398014E-005  9.871084045872097E-006  9.679896114839698E-006  9.371515993086453E-006  9.148086338064251E-006  8.777385990810453E-006  8.498435164041324E-006  8.346283214979229E-006  8.183559698072155E-006  8.008039824403339E-006  7.816630154365500E-006  7.604881839340905E-006  7.088621342629981E-006  6.751311907724462E-006  6.295910407922611E-006
   1327.50018597866       1.433237579459255E-005  1.389548640139393E-005  1.343461778763837E-005  1.294545637041781E-005  1.242038173665365E-005  1.185095982927396E-005  1.122071386680326E-005  1.087507138989211E-005  1.050247992181560E-005  1.009460724887417E-005  9.827965923748627E-006  9.638712812420560E-006  9.333397829917230E-006  9.112102177206685E-006  8.744800160275142E-006  8.468327061425803E-006  8.317487405157381E-006  8.156160357007254E-006  7.982117500121977E-006  7.792304360799548E-006  7.582304209810086E-006  7.070342362198245E-006  6.735871434602547E-006  6.284048021422323E-006
   1332.50018667915       1.435045434052687E-005  1.390972010978141E-005  1.344452971618010E-005  1.294975853755647E-005  1.241960548772536E-005  1.184407858884984E-005  1.120707495173442E-005  1.085774518098520E-005  1.048105979758066E-005  1.006891059108658E-005  9.799486491315788E-006  9.608305579379018E-006  9.299894162233690E-006  9.076471385930028E-006  8.705942554588086E-006  8.427363693028380E-006  8.275546698271790E-006  8.113336839249925E-006  7.938576041966491E-006  7.748299795327897E-006  7.538258195209139E-006  7.028898243904683E-006  6.698624727621173E-006  6.255515587468212E-006
   1337.50018737963       1.446128629225149E-005  1.401236907149612E-005  1.353753385558203E-005  1.303256238230528E-005  1.249057147727110E-005  1.190087647496460E-005  1.124761699973728E-005  1.088897391390325E-005  1.050190675404021E-005  1.007818109807910E-005  9.801215349713461E-006  9.604659776722464E-006  9.287710756403342E-006  9.058297860700782E-006  8.678254986642167E-006  8.393159296052361E-006  8.238099615455256E-006  8.072705757293678E-006  7.894929487099197E-006  7.701948600690109E-006  7.489759503204387E-006  6.979783811039625E-006  6.653194048595394E-006  6.219588202708737E-006
   1342.50018808012       1.453490014741461E-005  1.407863289246432E-005  1.359605978319928E-005  1.308377212954687E-005  1.253319026058710E-005  1.193543545692012E-005  1.127352247290853E-005  1.091043524282923E-005  1.051891674727636E-005  1.009076282338956E-005  9.811068953245936E-006  9.612725397623459E-006  9.293196617484943E-006  9.062095957142916E-006  8.679695038999224E-006  8.393218391306276E-006  8.237559089625769E-006  8.071667754597991E-006  7.893493590160471E-006  7.700259835423698E-006  7.488011434983611E-006  6.978736544981149E-006  6.653087670835824E-006  6.221190967690753E-006
   1347.50018878060       1.463112765970429E-005  1.417516040649011E-005  1.369471998791687E-005  1.318263498474662E-005  1.263350693880558E-005  1.203652489939811E-005  1.137516002279047E-005  1.101226770280236E-005  1.062088268246452E-005  1.019262545242092E-005  9.912782425560312E-006  9.714226266289049E-006  9.394215974248336E-006  9.162560177579751E-006  8.778880414447550E-006  8.490981567958182E-006  8.334331660410243E-006  8.167183431689238E-006  7.987407396790439E-006  7.792093093704397E-006  7.577079571299633E-006  7.058722460999343E-006  6.725315378828141E-006  6.281838818644603E-006
   1352.50018948108       1.465646096183356E-005  1.419806187814949E-005  1.371324291535825E-005  1.319735919978410E-005  1.264372209713893E-005  1.204210853023547E-005  1.137555582735851E-005  1.100965317426056E-005  1.061516701630315E-005  1.018352520841209E-005  9.901436786515955E-006  9.701336939987496E-006  9.378852321361410E-006  9.145468771781126E-006  8.759033492894839E-006  8.469246740651134E-006  8.311654291819491E-006  8.143601068126049E-006  7.962981864761304E-006  7.766932191515157E-006  7.551393452727710E-006  7.033459078437977E-006  6.701962214555197E-006  6.263102311812448E-006
   1357.50019018157       1.463072858215348E-005  1.418033752935375E-005  1.370286479143840E-005  1.319546674581731E-005  1.264989067476685E-005  1.205579489499747E-005  1.139641724713655E-005  1.103406993307953E-005  1.064265995717156E-005  1.021402291989789E-005  9.933585724905248E-006  9.734492663312576E-006  9.413326347315751E-006  9.180694675610869E-006  8.795034687677824E-006  8.505412128583724E-006  8.347756629643108E-006  8.179490308661589E-006  7.998478933792521E-006  7.801805005838213E-006  7.585319994888628E-006  7.063960028333548E-006  6.729506760355558E-006  6.286521858698043E-006
   1362.50019088205       1.457982302861649E-005  1.412876404570782E-005  1.365058519600122E-005  1.314296993992829E-005  1.259739719628590E-005  1.200408218706354E-005  1.134671690645577E-005  1.098574129451555E-005  1.059625022771044E-005  1.016995828346723E-005  9.891241680674030E-006  9.693466856707680E-006  9.374504096530764E-006  9.143530263450205E-006  8.760755561985525E-006  8.473355037518704E-006  8.316914119827835E-006  8.149943416947095E-006  7.970312942569439E-006  7.775116787640161E-006  7.560213301196833E-006  7.042318253818957E-006  6.709684017142863E-006  6.268412257279641E-006
   1367.50019158254       1.483354579269375E-005  1.437440204547455E-005  1.388877134679494E-005  1.337166929968370E-005  1.281591702605202E-005  1.221093237662002E-005  1.153994387272952E-005  1.117152858219115E-005  1.077365050066355E-005  1.033820767492952E-005  1.005348532013700E-005  9.851387343062224E-006  9.525361719875484E-006  9.289278435555249E-006  8.897846451370805E-006  8.603777072786909E-006  8.443615472349210E-006  8.272597174100332E-006  8.088500946495643E-006  7.888305877352685E-006  7.667693599099184E-006  7.135093369371862E-006  6.792509405696014E-006  6.339023965541857E-006
   1372.50019228302       1.496141301997778E-005  1.449651355820412E-005  1.400588283870762E-005  1.348264252353701E-005  1.291994767739013E-005  1.230794006661365E-005  1.162912936369731E-005  1.125619647220697E-005  1.085397395179790E-005  1.041364905696100E-005  1.012573317237048E-005  9.921437666350241E-006  9.591998202245269E-006  9.353371672975429E-006  8.957735815388616E-006  8.660480068625083E-006  8.498551964442467E-006  8.325610682703213E-006  8.139397063266511E-006  7.936838240533014E-006  7.713532762311961E-006  7.173984163963539E-006  6.826695939354864E-006  6.367461639443033E-006
   1377.50019298351       1.496967203387018E-005  1.450726875645558E-005  1.401775944130419E-005  1.349616456817620E-005  1.293576856385393E-005  1.232554243724746E-005  1.164850733587180E-005  1.127652841130183E-005  1.087523165967092E-005  1.043575060664721E-005  1.014831491008532E-005  9.944315347327917E-006  9.615251819404921E-006  9.376914776810174E-006  8.981629971865763E-006  8.684509149661114E-006  8.522611968137490E-006  8.349659357606680E-006  8.163370835997616E-006  7.960638273308913E-006  7.737021021765311E-006  7.196018001113865E-006  6.847080158562894E-006  6.384911686039007E-006
   1382.50019368399       1.507781415172415E-005  1.461122211635909E-005  1.411798713814483E-005  1.359196788976987E-005  1.302585981906176E-005  1.240954920460308E-005  1.172576645731039E-005  1.135002345767759E-005  1.094444963365112E-005  1.050032214074367E-005  1.020988731488503E-005  1.000379462145670E-005  9.671288142858419E-006  9.430464873786649E-006  9.031084795878639E-006  8.730902364172842E-006  8.567343624149508E-006  8.392614127891856E-006  8.204428659933207E-006  7.999642461299783E-006  7.773770197846489E-006  7.227374156493586E-006  6.875061808072903E-006  6.409003409399976E-006
   1387.50019438448       1.495508480684462E-005  1.449134644132962E-005  1.400103704067884E-005  1.347817244668478E-005  1.291593658858114E-005  1.230387055133254E-005  1.162520778838139E-005  1.125224594840227E-005  1.084979638069862E-005  1.040924478296770E-005  1.012120244977075E-005  9.916784293677150E-006  9.587176494033162E-006  9.348511386690226E-006  8.952877279166100E-006  8.655730872648240E-006  8.493922805513354E-006  8.321154239723182E-006  8.135190930207138E-006  7.932972084487647E-006  7.710154481385599E-006  7.172223987108161E-006  6.826126610551206E-006  6.368368133940777E-006
   1392.50019508496       1.451013189496948E-005  1.403674957843984E-005  1.353734062800490E-005  1.300662175079112E-005  1.243841915879692E-005  1.182370512401737E-005  1.114708555603883E-005  1.077797921542495E-005  1.038219114483842E-005  9.951860056566486E-006  9.672392401298029E-006  9.475014350730619E-006  9.158501934892483E-006  8.930666404485272E-006  8.555717330807144E-006  8.276336812622736E-006  8.125021146902059E-006  7.964093585711280E-006  7.791605698001924E-006  7.604870476878894E-006  7.400045536934126E-006  6.908735582272189E-006  6.593302774656888E-006  6.171327614200752E-006
   1397.50019578545       1.486883134433838E-005  1.439507645233209E-005  1.389439973607277E-005  1.336040714720521E-005  1.278723756868781E-005  1.216503208778864E-005  1.147638609018009E-005  1.109911822932572E-005  1.069294440864812E-005  1.024949200852982E-005  9.960368372324594E-006  9.755604270868901E-006  9.426216958040772E-006  9.188390671497896E-006  8.795572977847275E-006  8.501795282850873E-006  8.342305532874141E-006  8.172431567173841E-006  7.990072587154216E-006  7.792399834132919E-006  7.575359151617380E-006  7.054775438389639E-006  6.721964318444175E-006  6.282020134698954E-006
   1402.50019648593       1.491184159556083E-005  1.444548462312213E-005  1.395198398960216E-005  1.342560301367091E-005  1.285955758353065E-005  1.224317984663448E-005  1.155985361737918E-005  1.118492488847964E-005  1.078056125479458E-005  1.033852042444455E-005  1.004996702158599E-005  9.845358511697907E-006  9.515868614570161E-006  9.277604726396260E-006  8.883393836878709E-006  8.587926932857421E-006  8.427270916778327E-006  8.255927585227258E-006  8.071732084324563E-006  7.871714816955710E-006  7.651660671008326E-006  7.121810140744174E-006  6.781602615519864E-006  6.331299910990514E-006
   1407.50019718641       1.515049409177879E-005  1.467737722402951E-005  1.417451296274237E-005  1.363883837516305E-005  1.306224878292647E-005  1.243382490686187E-005  1.173612326689558E-005  1.135264548982701E-005  1.093855329388617E-005  1.048526524364756E-005  1.018895783120352E-005  9.978790988453422E-006  9.640044423710478E-006  9.394941558158062E-006  8.989170405237469E-006  8.684948959261452E-006  8.519524830115906E-006  8.343127939069090E-006  8.153537645767928E-006  7.947767032582413E-006  7.721563820583821E-006  7.178178185638708E-006  6.830877877507745E-006  6.374596108393402E-006
   1412.50019788690       1.505439010536727E-005  1.458912640823579E-005  1.409558966264056E-005  1.356799768355551E-005  1.299944484079117E-005  1.237841058012653E-005  1.168698379476939E-005  1.130607400483968E-005  1.089428134935948E-005  1.044263474049482E-005  1.014698500246939E-005  9.937081116527434E-006  9.598537911212214E-006  9.353415162782834E-006  8.947488008253749E-006  8.643146514979355E-006  8.477719530587358E-006  8.301401590888150E-006  8.112046816600333E-006  7.906753903679096E-006  7.681442036548178E-006  7.142417302084460E-006  6.799951583882427E-006  6.352030308004563E-006
   1417.50019858738       1.524043830455246E-005  1.476563465123768E-005  1.426190894096159E-005  1.372459479699760E-005  1.314444183508175E-005  1.251167771631386E-005  1.180764958917983E-005  1.141992151360739E-005  1.100062455710751E-005  1.054077910600469E-005  1.023982149499785E-005  1.002609025328950E-005  9.681407007186635E-006  9.431824780857144E-006  9.018522524439421E-006  8.708620261163723E-006  8.540141447397441E-006  8.360547946734852E-006  8.167660628117694E-006  7.958516064081579E-006  7.728943865347528E-006  7.179819323457800E-006  6.831353258059616E-006  6.377128502787854E-006
   1422.50019928787       1.520250965350165E-005  1.474082777163729E-005  1.425057340024977E-005  1.372652813407865E-005  1.315958558103656E-005  1.253942455642473E-005  1.184688390928614E-005  1.146416536167074E-005  1.104952842388107E-005  1.059369954019278E-005  1.029465486829953E-005  1.008198124560237E-005  9.738388993086064E-006  9.489193432348811E-006  9.075678856437701E-006  8.764967770784647E-006  8.595839569517937E-006  8.415365877803640E-006  8.221327020799596E-006  8.010697017021791E-006  7.779203122065938E-006  7.224241166004673E-006  6.871234711874333E-006  6.410919078091617E-006
   1427.50019998835       1.475953457083144E-005  1.432075748973552E-005  1.385443304148941E-005  1.335663109586845E-005  1.281912015342222E-005  1.223034069826906E-005  1.157293684851404E-005  1.120966882433572E-005  1.081585615530192E-005  1.038258466921340E-005  1.009810429384605E-005  9.895631532242484E-006  9.568269548332807E-006  9.330578144594817E-006  8.935667092531231E-006  8.638515408539836E-006  8.476597452076486E-006  8.303703463777598E-006  8.117664958628310E-006  7.915554502476263E-006  7.693241330505963E-006  7.159453230473135E-006  6.819113636634354E-006  6.373379021742534E-006
   1432.50020068884       1.538645971548782E-005  1.491181050625280E-005  1.440844966547223E-005  1.386985617592037E-005  1.328851868841933E-005  1.265248072041766E-005  1.194350388985995E-005  1.155241780519582E-005  1.112912218483395E-005  1.066437713149721E-005  1.035993464690498E-005  1.014367667424762E-005  9.794551340555853E-006  9.541613500720758E-006  9.122331400410540E-006  8.807630083004472E-006  8.636410964272578E-006  8.453792334665489E-006  8.257499473383621E-006  8.044462372850143E-006  7.810360565490540E-006  7.249054897454986E-006  6.891778142856119E-006  6.425888620844059E-006
   1437.50020138932       1.546895505901116E-005  1.498559153149267E-005  1.447209798892652E-005  1.392290146887299E-005  1.333026814775327E-005  1.268177079232869E-005  1.195928220082555E-005  1.156105429616062E-005  1.113037144438381E-005  1.065800650546726E-005  1.034886143660846E-005  1.012940723344343E-005  9.775667198982449E-006  9.519744848952990E-006  9.096322298866510E-006  8.779293788646668E-006  8.607126106280924E-006  8.423743393320087E-006  8.226939742814517E-006  8.013740838107487E-006  7.779940300168908E-006  7.221409675260835E-006  6.867158746172262E-006  6.405475190960927E-006
   1442.50020208981       1.536698306748135E-005  1.490628909976180E-005  1.441545345678514E-005  1.388988325348471E-005  1.332017293962945E-005  1.269576181695514E-005  1.199669341657329E-005  1.160968752270354E-005  1.118993841505899E-005  1.072778689296918E-005  1.042425214075630E-005  1.020823493222683E-005  9.858943558721608E-006  9.605375457590455E-006  9.184224677863137E-006  8.867404567989337E-006  8.694811514181400E-006  8.510528455959979E-006  8.312255836960960E-006  8.096853037026843E-006  7.859914919000223E-006  7.291026699033442E-006  6.928652916768860E-006  6.456722621426891E-006
   1447.50020279029       1.569189190577714E-005  1.520742331421109E-005  1.469193053217939E-005  1.413935692580307E-005  1.354163048076844E-005  1.288684583256215E-005  1.215599420563957E-005  1.175206555954005E-005  1.131481760752213E-005  1.083454539101344E-005  1.051979707173376E-005  1.029622206351168E-005  9.935298398629068E-006  9.673873628022099E-006  9.240716071828063E-006  8.915781489880451E-006  8.739084890772987E-006  8.550677189827591E-006  8.348251025812042E-006  8.128663923714787E-006  7.887518022088847E-006  7.310194035629757E-006  6.943642075339121E-006  6.467710455117230E-006
   1452.50020349078       1.556780925611249E-005  1.509584543146735E-005  1.459413092769331E-005  1.405508866757868E-005  1.347194205710261E-005  1.283150617333521E-005  1.211456440781925E-005  1.171786269008820E-005  1.128748217465648E-005  1.081377456409296E-005  1.050285586577137E-005  1.028162818968698E-005  9.924229663187668E-006  9.664954392555540E-006  9.234671171499539E-006  8.911354689796988E-006  8.735342177990578E-006  8.547525794787212E-006  8.345581706182290E-006  8.126362863297518E-006  7.885451990305452E-006  7.308215550836596E-006  6.941644960258144E-006  6.466051522186942E-006
   1457.00020412121       1.561558163565866E-005  1.514258177213281E-005  1.463846427992939E-005  1.409849944925749E-005  1.351306445122295E-005  1.287083363352688E-005  1.215221731409029E-005  1.175469875702410E-005  1.132341907228969E-005  1.084885020293791E-005  1.053728204978712E-005  1.031559954658049E-005  9.957311753939385E-006  9.697391116133230E-006  9.265937944827882E-006  8.941668840977936E-006  8.765117601319326E-006  8.576700352054690E-006  8.374077626493239E-006  8.154086206444064E-006  7.912266547033736E-006  7.332508745231685E-006  6.963892765618677E-006  6.484976822665394E-006
   1462.00020482170       1.532990150636340E-005  1.484213673531928E-005  1.432366012731244E-005  1.376990212615502E-005  1.317262716994362E-005  1.252065168243043E-005  1.179701119203179E-005  1.139953970154130E-005  1.097117023650863E-005  1.050299307688428E-005  1.019761244617966E-005  9.981342470816234E-006  9.633522212680166E-006  9.382474857201060E-006  8.968249029385750E-006  8.658880681712224E-006  8.491124351933912E-006  8.312602025131465E-006  8.121184338557493E-006  7.913968750878931E-006  7.686867767328904E-006  7.144510211305647E-006  6.800103977537028E-006  6.349624766862537E-006
   1467.50020559223       1.550870351452975E-005  1.502304147138075E-005  1.450660048514965E-005  1.395414310774444E-005  1.335771510543366E-005  1.270497654834343E-005  1.197814706359459E-005  1.157783020974490E-005  1.114486717742060E-005  1.067016852545139E-005  1.035958912819130E-005  1.013913099553227E-005  9.783743767124076E-006  9.526629099457999E-006  9.101198257949950E-006  8.782559159468110E-006  8.609473133226388E-006  8.425057060637927E-006  8.227089615628484E-006  8.012549284977520E-006  7.777197714782856E-006  7.214843177689106E-006  6.858432944031613E-006  6.395250774941529E-006
   1472.50020629271       1.563001401469093E-005  1.515577359122229E-005  1.465029760564358E-005  1.410775512685046E-005  1.351950809520636E-005  1.287360701186323E-005  1.215050461549926E-005  1.175046021816745E-005  1.131670459588025E-005  1.083943783107956E-005  1.052625205517543E-005  1.030354955476399E-005  9.943836210837264E-006  9.682985334444890E-006  9.250312808634157E-006  8.925330453882169E-006  8.748462747457650E-006  8.559750359838665E-006  8.356860792344726E-006  8.136615827007894E-006  7.894560450433252E-006  7.314437311616638E-006  6.945911422185943E-006  6.467982345717426E-006
   1477.50020699320       1.567753077259962E-005  1.519794481158680E-005  1.468687533798661E-005  1.413907379671560E-005  1.354511609320654E-005  1.289331776838843E-005  1.216433109750932E-005  1.176149390568724E-005  1.132480973142800E-005  1.084464954510861E-005  1.052968806082904E-005  1.030578510143907E-005  9.944138719115789E-006  9.681953200560791E-006  9.247152113898702E-006  8.920675732336320E-006  8.743033567062005E-006  8.553523422744210E-006  8.349827925701972E-006  8.128774478699631E-006  7.885942241448241E-006  7.304661812996775E-006  6.936114616155639E-006  6.459107345191150E-006
   1482.50020769368       1.593497183638218E-005  1.545105659710907E-005  1.493555048637242E-005  1.438049346587527E-005  1.377837526710826E-005  1.311605197272955E-005  1.237344654594311E-005  1.196178844664760E-005  1.151479727064842E-005  1.102240730348143E-005  1.069890381462309E-005  1.046861596483153E-005  1.009632870737478E-005  9.826143084279036E-006  9.377665251215358E-006  9.040643017127176E-006  8.857206402091160E-006  8.661503747443953E-006  8.451123194060489E-006  8.222825476637434E-006  7.972088768565958E-006  7.372494939424085E-006  6.993284651640927E-006  6.505111270248736E-006
   1487.50020839417       1.544497996603735E-005  1.500277956831730E-005  1.452919251892161E-005  1.401760949411002E-005  1.346153593807164E-005  1.284695290363920E-005  1.215422297938562E-005  1.176867177951836E-005  1.134865190979275E-005  1.088378279829518E-005  1.057730162353355E-005  1.035858262761962E-005  1.000398392192701E-005  9.745813155094768E-006  9.315665717631130E-006  8.991028444745515E-006  8.813767498350090E-006  8.624224874359430E-006  8.419930356358676E-006  8.197591087728967E-006  7.952556843062411E-006  7.362709986025970E-006  6.986557604646143E-006  6.498624140815332E-006
   1492.50020909465       1.628909547241743E-005  1.579412348182967E-005  1.526494226306889E-005  1.469589362269667E-005  1.407822465802148E-005  1.339818715823672E-005  1.263511837921601E-005  1.221231596255289E-005  1.175299612142947E-005  1.124676143113130E-005  1.091404363876470E-005  1.067720248838603E-005  1.029404291933602E-005  1.001582093767359E-005  9.553622259682541E-006  9.205938772468522E-006  9.016514048041238E-006  8.814257640845340E-006  8.596618247666317E-006  8.360181222597968E-006  8.100119632231661E-006  7.476346477152132E-006  7.080458564491357E-006  6.570521407821542E-006
   1497.50020979514       1.638328765143725E-005  1.589735128940337E-005  1.537788185460636E-005  1.481789420127901E-005  1.420801125545575E-005  1.353516260101458E-005  1.277767034026514E-005  1.235663199640932E-005  1.189815468406389E-005  1.139157746236179E-005  1.105777109063470E-005  1.081962732506645E-005  1.043381863943883E-005  1.015308560037241E-005  9.685533857771415E-006  9.332814544846264E-006  9.140266877185441E-006  8.934361649841474E-006  8.712433886238445E-006  8.470879612542511E-006  8.204614432914583E-006  7.563539772340592E-006  7.155267230176289E-006  6.629762602709372E-006
   1502.50021049562       1.509324105088634E-005  1.468023161194187E-005  1.423942789273896E-005  1.376331434044429E-005  1.324522616768026E-005  1.267162274981794E-005  1.202414977045009E-005  1.166263348664260E-005  1.126775499791517E-005  1.082952952412201E-005  1.053966636993364E-005  1.033223569706855E-005  9.994787617155462E-006  9.748128861428939E-006  9.335115365165661E-006  9.021469273209498E-006  8.849452438612311E-006  8.664851906133860E-006  8.465107933120569E-006  8.246737987285894E-006  8.004818928534565E-006  7.416551388390291E-006  7.036715783106539E-006  6.539307993623518E-006
   1507.50021119611       1.590559804894912E-005  1.545020720014174E-005  1.496253096304423E-005  1.443564372464610E-005  1.386063871416158E-005  1.322434243311384E-005  1.250511548764833E-005  1.210423121354381E-005  1.166673201626714E-005  1.118189823965872E-005  1.086184234232936E-005  1.063329609230596E-005  1.026242981208592E-005  9.992190125763910E-006  9.541595699069744E-006  9.201286225633739E-006  9.015402258290135E-006  8.816559316534765E-006  8.602170791981755E-006  8.368731225786847E-006  8.111298652110228E-006  7.490623455894878E-006  7.094017418335105E-006  6.579999769585143E-006
   1512.50021189659       1.646187740019077E-005  1.596784009991322E-005  1.544024619919911E-005  1.487097911135416E-005  1.425146652844145E-005  1.356854551969126E-005  1.280039159711306E-005  1.237366821661202E-005  1.190972336232727E-005  1.139772842108377E-005  1.106077899752418E-005  1.082073252091677E-005  1.043206595063796E-005  1.014958093013752E-005  9.679896185332633E-006  9.326152453887754E-006  9.133279018109392E-006  8.927199477123819E-006  8.705264795607035E-006  8.463876307754464E-006  8.197958159899758E-006  7.557654266810363E-006  7.148878735963087E-006  6.619704718007169E-006
   1517.50021259708       1.655744229811741E-005  1.606105632210554E-005  1.552992371630426E-005  1.495672424610304E-005  1.433286884267823E-005  1.364471919985759E-005  1.287059010534404E-005  1.244060117093686E-005  1.197303653235965E-005  1.145719167432851E-005  1.111786332670766E-005  1.087612382959894E-005  1.048480468942859E-005  1.020042611493705E-005  9.727572793656560E-006  9.371385651215451E-006  9.177125680633044E-006  8.969515265220392E-006  8.745856272161906E-006  8.502497150845964E-006  8.234277951291184E-006  7.587923661327444E-006  7.175141585199870E-006  6.641496440057321E-006
   1522.50021329756       1.675092884473569E-005  1.626698448492465E-005  1.574698461090345E-005  1.518435459020931E-005  1.456895888773993E-005  1.388788670526165E-005  1.311796337092331E-005  1.268827423600302E-005  1.221946961977128E-005  1.170002630782932E-005  1.135710176814398E-005  1.111213573333874E-005  1.071457219515140E-005  1.042482393660963E-005  9.941301969960381E-006  9.575715419622461E-006  9.375817930900060E-006  9.161777418033849E-006  8.930715651137737E-006  8.678704244155558E-006  8.400185400315733E-006  7.725500682239381E-006  7.291986922023806E-006  6.729936393551036E-006
   1527.50021399805       1.668288903605017E-005  1.618715105662828E-005  1.565533977775433E-005  1.508107332875879E-005  1.445483660924987E-005  1.376285993659097E-005  1.298376946111477E-005  1.255075442759349E-005  1.207948791973657E-005  1.155905646730106E-005  1.121626984992477E-005  1.097199335173341E-005  1.057614634899387E-005  1.028820967401896E-005  9.808828558052299E-006  9.447236134584779E-006  9.249834182143946E-006  9.038681827984798E-006  8.811007551514506E-006  8.563007177007748E-006  8.289315569797325E-006  7.628053591364021E-006  7.204418962155266E-006  6.655748764165071E-006
   1532.50021469853       1.696159531786686E-005  1.646792511173941E-005  1.593707935428420E-005  1.536297894659110E-005  1.473383420424354E-005  1.403619532813810E-005  1.324802823398333E-005  1.280823070831006E-005  1.232828577421443E-005  1.179685770791179E-005  1.144618745797950E-005  1.119575109753603E-005  1.078946152876259E-005  1.049346543048086E-005  9.999897426488916E-006  9.626964788382813E-006  9.423152330494248E-006  9.204992356766502E-006  8.969580007263211E-006  8.712927509227487E-006  8.429417721805383E-006  7.743213537142306E-006  7.302752213678142E-006  6.732446747023446E-006
   1537.50021539901       1.684871221596942E-005  1.634191368298677E-005  1.579703663811284E-005  1.520675410699440E-005  1.456144289208692E-005  1.384643551780573E-005  1.304065732043368E-005  1.259257093645638E-005  1.210535034512933E-005  1.156835380481666E-005  1.121563983063666E-005  1.096471243808353E-005  1.055937734644789E-005  1.026551846103882E-005  9.778454225639510E-006  9.412909885988351E-006  9.214055445967413E-006  9.001927752622247E-006  8.773850487415357E-006  8.526148547963224E-006  8.253651836849322E-006  7.598445370377493E-006  7.180307642548545E-006  6.639048423989751E-006
   1542.50021609950       1.677624676240008E-005  1.626794611638571E-005  1.572236752525391E-005  1.513166988724051E-005  1.448800530462491E-005  1.377623552282060E-005  1.297570926997944E-005  1.253132018910514E-005  1.204837439356897E-005  1.151643152648979E-005  1.116713335438976E-005  1.091857123447909E-005  1.051691530353753E-005  1.022554830697830E-005  9.742152854002553E-006  9.378981832804990E-006  9.181282206181569E-006  8.970265854110201E-006  8.743228598082123E-006  8.496522360612393E-006  8.224933045507765E-006  7.571173392150724E-006  7.153437124285569E-006  6.611825438918961E-006
   1547.50021679998       1.740848243202284E-005  1.690361212509554E-005  1.636020854747600E-005  1.576988482952569E-005  1.512294635164817E-005  1.440241744234231E-005  1.358639575735669E-005  1.313029103109449E-005  1.263218978109498E-005  1.207991621457748E-005  1.171523124326111E-005  1.145464630157673E-005  1.103186039267001E-005  1.072374246824756E-005  1.020976257294233E-005  9.821276132795459E-006  9.608895989749308E-006  9.381538972672998E-006  9.136135413170123E-006  8.868502894079543E-006  8.572706756204849E-006  7.855842436090325E-006  7.394977087452762E-006  6.798578382184509E-006
   1552.50021750047       1.706728754325118E-005  1.657323151887840E-005  1.603921567647662E-005  1.546058287431384E-005  1.482641200914782E-005  1.412220855267293E-005  1.332461357550313E-005  1.287961983269581E-005  1.239406195936737E-005  1.185631553094964E-005  1.150144924839244E-005  1.124819027907053E-005  1.083741593782026E-005  1.053827116940114E-005  1.003964498186502E-005  9.663053404097170E-006  9.457275217674325E-006  9.237018728586075E-006  8.999339755049393E-006  8.740162601815311E-006  8.453728808512103E-006  7.759283010633661E-006  7.312119237289965E-006  6.731067690236393E-006
   1557.50021820095       1.721685208634744E-005  1.672088980795792E-005  1.618653566603327E-005  1.560564082285397E-005  1.496825109769208E-005  1.425842200683885E-005  1.345322795647320E-005  1.300271940499752E-005  1.251035028410297E-005  1.196384019588983E-005  1.160261954929703E-005  1.134442780335171E-005  1.092513916912640E-005  1.061935024152997E-005  1.010891138242180E-005  9.722892464578814E-006  9.511808853452462E-006  9.285804019532979E-006  9.041835122391730E-006  8.775791225904179E-006  8.481820855622863E-006  7.769990568842034E-006  7.313028497417594E-006  6.721635360065295E-006
   1562.50021890144       1.759753868557412E-005  1.709751742354599E-005  1.655721600838345E-005  1.597019650778804E-005  1.532430615522881E-005  1.460427794122494E-005  1.378546324066711E-005  1.332677856885898E-005  1.282452890152448E-005  1.226647717737631E-005  1.189704056258274E-005  1.163276766891511E-005  1.120290606111041E-005  1.088892889591517E-005  1.036371506309870E-005  9.965528755654341E-006  9.747402980935683E-006  9.513521771858164E-006  9.260653930996490E-006  8.984379734463703E-006  8.678425780162008E-006  7.934246088948819E-006  7.453842992210520E-006  6.830264375473079E-006
   1567.50021960192       1.746112553285079E-005  1.697780166824166E-005  1.645507314419833E-005  1.588643447274823E-005  1.526103672879570E-005  1.456196538244781E-005  1.376546569622217E-005  1.331808457993430E-005  1.282733166180310E-005  1.228052221473292E-005  1.191764256871215E-005  1.165750229388591E-005  1.123354323364596E-005  1.092319399559510E-005  1.040275084857533E-005  1.000699317066267E-005  9.789780171509050E-006  9.556539237592277E-006  9.303959178125068E-006  9.027547086483126E-006  8.720875387577928E-006  7.972598338059763E-006  7.488052387585770E-006  6.858574537032404E-006
   1572.50022030241       1.730198637813072E-005  1.681957838043442E-005  1.629878041919398E-005  1.573284895160262E-005  1.511041625259095E-005  1.441717276694270E-005  1.362878532583727E-005  1.318713286623411E-005  1.270371536192323E-005  1.216639400904525E-005  1.181047733468879E-005  1.155570617998195E-005  1.114103332301708E-005  1.083782540745293E-005  1.032993991900414E-005  9.944062084425735E-006  9.732312460031479E-006  9.504937365558180E-006  9.258637889099040E-006  8.988924587300577E-006  8.689355370555305E-006  7.955642834047789E-006  7.476962422317330E-006  6.848287738914454E-006
   1577.50022100289       1.656207284139612E-005  1.613208770081837E-005  1.566843655566125E-005  1.516212891968726E-005  1.460423938070770E-005  1.398042008395793E-005  1.326642304959565E-005  1.286389269370014E-005  1.242108674000333E-005  1.192581933041123E-005  1.159604515792259E-005  1.135899456186121E-005  1.097156729257959E-005  1.068689575123531E-005  1.020737982705263E-005  9.840791010409690E-006  9.638766271700219E-006  9.421157063917170E-006  9.184652084664369E-006  8.924731698090781E-006  8.634915375626271E-006  7.920324524021973E-006  7.450585725844006E-006  6.828551477544350E-006
   1582.50022170338       1.764755032487905E-005  1.717169714774886E-005  1.665815674710546E-005  1.609631216594512E-005  1.547566930280537E-005  1.477989515795137E-005  1.398324178346727E-005  1.353398381991234E-005  1.303972338116417E-005  1.248716362774424E-005  1.211938373955075E-005  1.185524480866704E-005  1.142387032466692E-005  1.110742775897865E-005  1.057550476633440E-005  1.017005830050340E-005  9.947185307165002E-006  9.707598887825666E-006  9.447865056454740E-006  9.163251241263930E-006  8.847028177629419E-006  8.072985729479864E-006  7.569175412174120E-006  6.910208346025250E-006
   1587.50022240386       1.725914248236040E-005  1.680605835395142E-005  1.631615560613689E-005  1.578100900827643E-005  1.519075920123304E-005  1.452862918893372E-005  1.377003402672896E-005  1.334218508417636E-005  1.287130430177221E-005  1.234436172312030E-005  1.199333278128797E-005  1.174105631398378E-005  1.132859424891973E-005  1.102558460264784E-005  1.051512273284458E-005  1.012495260189075E-005  9.909986826627805E-006  9.678472384221169E-006  9.426927105567575E-006  9.150531669594471E-006  8.842393213426762E-006  8.082500452602742E-006  7.582620680309799E-006  6.921621366377715E-006
   1592.50022310435       1.780531307175588E-005  1.733332093427826E-005  1.682106978584770E-005  1.626162468694877E-005  1.564440923562554E-005  1.495262947547523E-005  1.416030319229720E-005  1.371339339276283E-005  1.322151017264832E-005  1.267140345962977E-005  1.230493565172899E-005  1.204152646622944E-005  1.161101799364317E-005  1.129465756349800E-005  1.076170958798336E-005  1.035425516508336E-005  1.012968129848665E-005  9.887761981205223E-006  9.624812373458825E-006  9.335763913743885E-006  9.013334562317659E-006  8.217322220925881E-006  7.693130387949827E-006  7.000930149628819E-006
   1597.50022380483       1.801605756267665E-005  1.754513366648453E-005  1.703308561815241E-005  1.647307876551501E-005  1.585249445201803E-005  1.515501163091294E-005  1.435310180833564E-005  1.389937321298329E-005  1.339896207621243E-005  1.283785847011577E-005  1.246343977421538E-005  1.219401428422613E-005  1.175295250367684E-005  1.142848006671623E-005  1.088127783190040E-005  1.046247753157598E-005  1.023156023709133E-005  9.982739166528155E-006  9.712257705945955E-006  9.414941620674775E-006  9.083362191573146E-006  8.265465424660492E-006  7.727626397959368E-006  7.018001267632723E-006
   1605.00022485556       1.803256136431924E-005  1.755431165049931E-005  1.703451677536095E-005  1.646549040330910E-005  1.583666552531868E-005  1.513053114480047E-005  1.432093254072776E-005  1.386403045375362E-005  1.336149277992511E-005  1.279944269413186E-005  1.242527937857701E-005  1.215647380638640E-005  1.171729270154372E-005  1.139478642505936E-005  1.085192220330675E-005  1.043714400633136E-005  1.020865828219684E-005  9.962580203735578E-006  9.695155186179219E-006  9.401213209641821E-006  9.073295393101636E-006  8.262809505967729E-006  7.727395425401657E-006  7.016349399052742E-006
   1615.00022625653       1.795534670858582E-005  1.749565314296205E-005  1.699304256439850E-005  1.644313805818478E-005  1.583525460358673E-005  1.515167407302839E-005  1.436691951303585E-005  1.392342599710722E-005  1.343469553630440E-005  1.288718261466949E-005  1.252218141357676E-005  1.225953955742613E-005  1.182985223448343E-005  1.151373969972718E-005  1.098038083517897E-005  1.057161617993607E-005  1.034589215625833E-005  1.010231418596912E-005  9.836976748453501E-006  9.544498606630348E-006  9.217035211883270E-006  8.401119935300152E-006  7.855596868783407E-006  7.121359979509358E-006
   1625.00022765749       1.801295500169613E-005  1.753924398552422E-005  1.702441641758741E-005  1.646002525018884E-005  1.583536663855704E-005  1.513276610794129E-005  1.432537032234422E-005  1.386954932691181E-005  1.336737609010092E-005  1.280587436978703E-005  1.243238666524182E-005  1.216413225740724E-005  1.172603061038827E-005  1.140459722649763E-005  1.086423721406969E-005  1.045200048497509E-005  1.022513085082652E-005  9.980957784856587E-006  9.715755395265116E-006  9.424379860017305E-006  9.099378111643572E-006  8.294891793083736E-006  7.760493695911140E-006  7.042642303387134E-006
   1635.00022905846       1.825343482595541E-005  1.779230973653699E-005  1.729065195856891E-005  1.674062235107171E-005  1.612817825454086E-005  1.543779064422757E-005  1.464268191447696E-005  1.419208702729625E-005  1.369489391943420E-005  1.313699387499642E-005  1.276474814343408E-005  1.249669286390407E-005  1.205784045946368E-005  1.173481870192154E-005  1.118971959592141E-005  1.077179568671414E-005  1.054104469599719E-005  1.029195404252672E-005  1.002062559574296E-005  9.721381286525950E-006  9.386108448387904E-006  8.548285137706134E-006  7.984093001312509E-006  7.215062410882599E-006
   1645.00023045943       1.823669331988599E-005  1.777890658392156E-005  1.728108098033627E-005  1.673456389941810E-005  1.612743480055247E-005  1.544330064179312E-005  1.465480871368650E-005  1.420767180990575E-005  1.371295282964834E-005  1.315953840339996E-005  1.279024002277865E-005  1.252397809119008E-005  1.208844723277919E-005  1.176738110718916E-005  1.122553373305385E-005  1.080962939977059E-005  1.057978174664960E-005  1.033158113591477E-005  1.006095321882365E-005  9.762250253187401E-006  9.427218642643780E-006  8.588100398586624E-006  8.020906187547880E-006  7.242609520305543E-006
   1655.00023186040       1.843721284143770E-005  1.798552609607372E-005  1.749059389829722E-005  1.694975734796196E-005  1.634868299217184E-005  1.567260219678138E-005  1.489144194882550E-005  1.444855784024109E-005  1.396008769608628E-005  1.341101922721122E-005  1.304396026446425E-005  1.277951472439601E-005  1.234595803802643E-005  1.202618674091659E-005  1.148500313587062E-005  1.106873975304861E-005  1.083812938750555E-005  1.058865097501711E-005  1.031615354952639E-005  1.001462318844488E-005  9.675329014656497E-006  8.819142395842504E-006  8.233344114003030E-006  7.417102374539840E-006
   1665.00023326137       1.820348332702957E-005  1.775226483680575E-005  1.726630977109270E-005  1.673216720391963E-005  1.613036241114057E-005  1.545826209579411E-005  1.468322605356821E-005  1.424392692265016E-005  1.375948815805670E-005  1.321552607341803E-005  1.285259594439119E-005  1.259142464859951E-005  1.216352504429457E-005  1.184824479732608E-005  1.131529497602010E-005  1.090621769655078E-005  1.067990967616061E-005  1.043529943447194E-005  1.016836880491726E-005  9.873417942864275E-006  9.541994594867435E-006  8.708078811082457E-006  8.139541087425355E-006  7.349032557804825E-006
   1675.00023466234       1.768293177955495E-005  1.725218829927266E-005  1.678593686835150E-005  1.627033239645802E-005  1.569891190006091E-005  1.506152954119206E-005  1.432546324332874E-005  1.391035604184985E-005  1.345219308748828E-005  1.293894260940382E-005  1.259669548849316E-005  1.235089973699855E-005  1.194842609967135E-005  1.165217254461954E-005  1.115186890760341E-005  1.076797860026445E-005  1.055570524334310E-005  1.032620420654615E-005  1.007566066832780E-005  9.798675172431420E-006  9.487043728583985E-006  8.699163623595625E-006  8.156747970748895E-006  7.390117013504762E-006
   1685.00023606331       1.794912723214405E-005  1.751898888297042E-005  1.704346762231539E-005  1.652039165017432E-005  1.594233751233609E-005  1.529440131632061E-005  1.454576527415390E-005  1.412041544314924E-005  1.365089468691794E-005  1.312522808936733E-005  1.277410808451797E-005  1.252069215522878E-005  1.210604868519696E-005  1.180029727445293E-005  1.128324714755825E-005  1.088620512428438E-005  1.066632153169761E-005  1.042865241853852E-005  1.016912136137994E-005  9.882073243633290E-006  9.559107857324588E-006  8.743662364753698E-006  8.184256009627068E-006  7.399094632628144E-006
   1695.00023746428       1.800296319353895E-005  1.756898600751355E-005  1.708907675796444E-005  1.656533566581565E-005  1.598180433537292E-005  1.532798965999006E-005  1.457457018803093E-005  1.414818827223999E-005  1.367638430809589E-005  1.314777087546598E-005  1.279436869327231E-005  1.253966530042311E-005  1.212238058457665E-005  1.181488968996155E-005  1.129518488598464E-005  1.089558253754558E-005  1.067444922085674E-005  1.043544976443234E-005  1.017440107996052E-005  9.885679792014451E-006  9.560967382620973E-006  8.741586011234418E-006  8.180360608076512E-006  7.395289338957892E-006
   1705.00023886525       1.764712662065968E-005  1.722453782829901E-005  1.676391651050595E-005  1.625503749769207E-005  1.569316094387772E-005  1.505816621006911E-005  1.432787066069098E-005  1.391297375021663E-005  1.345410937809940E-005  1.293937041274337E-005  1.259535686385874E-005  1.234705861573866E-005  1.194031739288065E-005  1.164029438278343E-005  1.113255269927240E-005  1.074192928550025E-005  1.052557598907593E-005  1.029146514455411E-005  1.003577623030954E-005  9.752813841734085E-006  9.434495684725872E-006  8.631416908337703E-006  8.082667556976112E-006  7.319461848271151E-006
   1715.00024026622       1.717964625837018E-005  1.675954297518570E-005  1.630939677476147E-005  1.581481588036748E-005  1.526291598549408E-005  1.464202639398020E-005  1.392524160588301E-005  1.351903902048657E-005  1.306972763938996E-005  1.256497293150884E-005  1.222710727076117E-005  1.198380499103562E-005  1.158470806727618E-005  1.129032906146152E-005  1.079227081157494E-005  1.040952619180580E-005  1.019777640896864E-005  9.968966902226167E-006  9.719299263551961E-006  9.443639502051053E-006  9.134347025839309E-006  8.360024391250167E-006  7.838025791954200E-006  7.125815863312327E-006
   1725.00024166719       1.728414254479004E-005  1.686709246182582E-005  1.641233446976949E-005  1.591084520296877E-005  1.535499353842533E-005  1.472874517084529E-005  1.400484527681347E-005  1.359438147119860E-005  1.313845438020741E-005  1.262656476689270E-005  1.228414262633700E-005  1.203724318230330E-005  1.163195545472869E-005  1.133292573694396E-005  1.082702442265614E-005  1.043813701268239E-005  1.022297803437154E-005  9.990487183574919E-006  9.736948076862109E-006  9.457115619032455E-006  9.143389787247154E-006  8.360018124033053E-006  7.834603308811166E-006  7.122997147450293E-006
   1735.00024306816       1.709295818348271E-005  1.667937567024323E-005  1.622938408220227E-005  1.573407489863607E-005  1.518008934314138E-005  1.455451524730566E-005  1.383119850284464E-005  1.342056599624088E-005  1.296612721227749E-005  1.245505719313697E-005  1.211297865193462E-005  1.186639685691825E-005  1.146209589637711E-005  1.116409853836911E-005  1.066012738002854E-005  1.027315605197639E-005  1.005928940716430E-005  9.828431913674105E-006  9.576880497563384E-006  9.299638509003466E-006  8.989455843528036E-006  8.218885416221920E-006  7.706627452695738E-006  7.020883414207752E-006
   1745.00024446913       1.705253110497187E-005  1.664274945723895E-005  1.619634681353899E-005  1.570561605201788E-005  1.516074462491914E-005  1.454485979074345E-005  1.383211756384371E-005  1.342621341571368E-005  1.297712345836001E-005  1.247003389587610E-005  1.213015044436590E-005  1.188460430174833E-005  1.148114682503724E-005  1.118301165487527E-005  1.067757798346064E-005  1.028834166397583E-005  1.007279542560778E-005  9.839884313395189E-006  9.585842766555641E-006  9.305642545949478E-006  8.992036668726564E-006  8.214097972757426E-006  7.699580194331994E-006  7.016615762892091E-006
   1755.00024587009       1.686300289535592E-005  1.644448108302765E-005  1.598925603892000E-005  1.548980603529614E-005  1.493278398288008E-005  1.430415057408208E-005  1.357746659537990E-005  1.316498532616538E-005  1.270815477129451E-005  1.219444046627340E-005  1.185057909949898E-005  1.160264013032995E-005  1.119594380304649E-005  1.089607008573262E-005  1.038905795444532E-005  1.000024025438335E-005  9.785655385580574E-006  9.554370973832330E-006  9.302990431629104E-006  9.026899451127836E-006  8.719607779121735E-006  7.967195429716740E-006  7.479455263950209E-006  6.846833708347646E-006
   1765.00024727106       1.677962865155074E-005  1.636665720005945E-005  1.591598909500270E-005  1.542034462655331E-005  1.486694677517373E-005  1.424095930323500E-005  1.351636904694071E-005  1.310382633085763E-005  1.264672544878116E-005  1.213161914975000E-005  1.178644931792876E-005  1.153725926976779E-005  1.112815352007064E-005  1.082633037191785E-005  1.031603995448078E-005  9.924777989668975E-006  9.708988754839335E-006  9.476633401617616E-006  9.224437130076223E-006  8.947946552497947E-006  8.641026157121632E-006  7.894559560327721E-006  7.415603878444257E-006  6.800319682556174E-006
   1775.00024867203       1.657529670301633E-005  1.616810897347153E-005  1.572373841879054E-005  1.523515689645318E-005  1.469011167697251E-005  1.407267550180378E-005  1.335665341871016E-005  1.294850810227262E-005  1.249565327542895E-005  1.198427421636601E-005  1.164081615400274E-005  1.139270354188995E-005  1.098480392112706E-005  1.068347475727965E-005  1.017338121413320E-005  9.782131874292647E-006  9.566397343610083E-006  9.334210320922556E-006  9.082414932284963E-006  8.806847942412771E-006  8.501776061126353E-006  7.765579564443811E-006  7.299781433834924E-006  6.712354413548416E-006
   1785.00025007300       1.644765459206004E-005  1.603593174538393E-005  1.558450073981833E-005  1.508913840453583E-005  1.453754481190402E-005  1.391222579359857E-005  1.318748907623502E-005  1.277471362604330E-005  1.231741162952961E-005  1.180171887602401E-005  1.145622546277128E-005  1.120698847643755E-005  1.079818624861240E-005  1.049701890406248E-005  9.989024710682121E-006  9.601150177123726E-006  9.388045017573032E-006  9.159363021156011E-006  8.912178991699658E-006  8.642740537153108E-006  8.345816418279397E-006  7.635635100433958E-006  7.190782367613951E-006  6.632864963114053E-006
   1795.00025147397       1.644558965905774E-005  1.603898337395491E-005  1.559629970261421E-005  1.510797741622622E-005  1.456393856661865E-005  1.394543200090482E-005  1.322629712876407E-005  1.281538820210904E-005  1.235879023405941E-005  1.184263947940738E-005  1.149585398359484E-005  1.124528875160668E-005  1.083367133877330E-005  1.052988662128859E-005  1.001684864453337E-005  9.624784318432940E-006  9.409365487355200E-006  9.178175570784654E-006  8.928403060910548E-006  8.656283651094652E-006  8.356711037437876E-006  7.641974831068659E-006  7.195897924146886E-006  6.638582389308645E-006
   1805.00025287494       1.600063270312940E-005  1.559539982949988E-005  1.515432689086829E-005  1.466990840437192E-005  1.413003005424249E-005  1.351926666171739E-005  1.281211012773469E-005  1.240940213433307E-005  1.196333915117221E-005  1.146069435368173E-005  1.112409729947108E-005  1.088136132340540E-005  1.048352929493433E-005  1.019072124814614E-005  9.697496181027767E-006  9.321697906757455E-006  9.115609145877323E-006  8.894802923535110E-006  8.656661375211014E-006  8.397760339823098E-006  8.113485963293696E-006  7.439477275635234E-006  7.023082099420344E-006  6.508434598473379E-006
   1815.00025427591       1.608113184454411E-005  1.568176990194761E-005  1.524569298971377E-005  1.476330156340300E-005  1.422511418755553E-005  1.361282184287921E-005  1.290085257316979E-005  1.249399216839768E-005  1.204192312200749E-005  1.153139523314604E-005  1.118874593370509E-005  1.094131784475333E-005  1.053526100174980E-005  1.023616129636215E-005  9.732009864700364E-006  9.347957517060344E-006  9.137470009136524E-006  8.912093341812795E-006  8.669294496736123E-006  8.405739678711547E-006  8.116983074929906E-006  7.435711349914958E-006  7.017778262412219E-006  6.504766700211277E-006
   1825.00025567688       1.573227966627100E-005  1.533684448941071E-005  1.490432205634381E-005  1.443002616028215E-005  1.389922990296351E-005  1.329891897433881E-005  1.260301206847247E-005  1.220651677332033E-005  1.176720497051197E-005  1.127250411808176E-005  1.094151105397692E-005  1.070284962641014E-005  1.031223309667175E-005  1.002506583170550E-005  9.542305913194230E-006  9.175391921477556E-006  8.974566282550864E-006  8.759724684913536E-006  8.528412860058870E-006  8.277445139144265E-006  8.002480019921343E-006  7.352951276381181E-006  6.952996143306493E-006  6.458555027420353E-006
   1835.00025707785       1.574379682086887E-005  1.535941412410696E-005  1.493861851839048E-005  1.447617079802441E-005  1.395882720031245E-005  1.337235091763974E-005  1.269041158144296E-005  1.230053663066707E-005  1.186719748987668E-005  1.137715454918526E-005  1.104777397189900E-005  1.080964484635012E-005  1.041828163186536E-005  1.012943335716550E-005  9.641631141649856E-006  9.269026579584080E-006  9.064414253540084E-006  8.845012329768836E-006  8.608250507450076E-006  8.350747066570797E-006  8.068021887783960E-006  7.398791610995832E-006  6.987387790961222E-006  6.483180930930750E-006
   1845.00025847882       1.515823919933215E-005  1.478440464765285E-005  1.437600651827749E-005  1.392784362199565E-005  1.342756146700920E-005  1.286017057420832E-005  1.220173970724822E-005  1.182590934533201E-005  1.140870738974640E-005  1.093757534999195E-005  1.062166033707393E-005  1.039366221257929E-005  1.001991004262816E-005  9.744741304910826E-006  9.281710416615334E-006  8.929681245970728E-006  8.737073777180660E-006  8.531171503810069E-006  8.309765465751893E-006  8.070029573791467E-006  7.808226103786094E-006  7.195362889274645E-006  6.823533851785072E-006  6.369845449460951E-006
   1855.00025987979       1.532639609824579E-005  1.493926882771992E-005  1.451562303409995E-005  1.404732422408280E-005  1.352672379876908E-005  1.293516009257329E-005  1.224723455684025E-005  1.185481920828790E-005  1.141910427579615E-005  1.092768068507302E-005  1.059857330789650E-005  1.036142030516095E-005  9.973197302920537E-006  9.688249675327655E-006  9.210568659955479E-006  8.849519193588830E-006  8.652945770848447E-006  8.443615740032275E-006  8.219637546015195E-006  7.978515010296611E-006  7.717031998530965E-006  7.112952095958015E-006  6.751777098663297E-006  6.314742108300807E-006
   1865.00026128076       1.521855370134612E-005  1.484670992460582E-005  1.444042822904532E-005  1.399227866178685E-005  1.349152316094407E-005  1.292155281835237E-005  1.225763822360690E-005  1.187725652306664E-005  1.145359296158500E-005  1.097368369564196E-005  1.065076443763173E-005  1.041727412944152E-005  1.003342080611753E-005  9.750287196731833E-006  9.272949216858251E-006  8.909611259164896E-006  8.710812478389739E-006  8.498462371529770E-006  8.270387805927945E-006  8.024001918735541E-006  7.755911232442683E-006  7.134855141856493E-006  6.764716512222326E-006  6.321689758015464E-006
   1875.00026268172       1.505432335568318E-005  1.469051600341034E-005  1.429287733292953E-005  1.385274566038777E-005  1.335787759267770E-005  1.279323412799801E-005  1.213283004180063E-005  1.175380518534120E-005  1.133185587299161E-005  1.085406632544142E-005  1.053290833307030E-005  1.030096085574660E-005  9.920406216664071E-006  9.640357791875506E-006  9.169488316371686E-006  8.812349037421090E-006  8.617427434882536E-006  8.409564321983750E-006  8.186743272746627E-006  7.946481911109349E-006  7.685545189976520E-006  7.082285579199377E-006  6.722689903465881E-006  6.290736560243891E-006
   1885.00026408269       1.507756578977472E-005  1.471082704851999E-005  1.431257856336789E-005  1.387337198991286E-005  1.338442223226902E-005  1.282841774633780E-005  1.218198979274591E-005  1.181333058153888E-005  1.140353554245134E-005  1.094014679725672E-005  1.062905421033201E-005  1.040426017541038E-005  1.003516612764628E-005  9.762999270954041E-006  9.303834620831794E-006  8.953502825044601E-006  8.761316237099136E-006  8.555400375547337E-006  8.333430361766838E-006  8.092367732012179E-006  7.828191027333160E-006  7.205846482188242E-006  6.825883442296848E-006  6.361730679282457E-006
   1895.00026548366       1.464255183206664E-005  1.429838661813272E-005  1.392460209607381E-005  1.351368811391403E-005  1.305508869759890E-005  1.253397034638425E-005  1.192763202670623E-005  1.158044368098474E-005  1.119355662936429E-005  1.075461249293790E-005  1.045896023046569E-005  1.024489608080109E-005  9.892116689373985E-006  9.631180946934926E-006  9.189206266703018E-006  8.850630214742944E-006  8.664404674288439E-006  8.464538611491571E-006  8.248706130470197E-006  8.013934646488884E-006  7.756333876318269E-006  7.149267884594636E-006  6.779561711276214E-006  6.329737100705075E-006
   1905.00026688463       1.489683728192883E-005  1.453774951871492E-005  1.414576603833776E-005  1.371434724957830E-005  1.323290519846516E-005  1.268800416328996E-005  1.205414058164109E-005  1.169272558778321E-005  1.129120018858103E-005  1.083760932708843E-005  1.053293396131015E-005  1.031287529611722E-005  9.951654569922860E-006  9.685334766687749E-006  9.235904455627798E-006  8.892806986566633E-006  8.704444566310399E-006  8.502551266709770E-006  8.284657571892268E-006  8.047778004658706E-006  7.787787806000948E-006  7.173421578131164E-006  6.797122332641234E-006  6.337354097724103E-006
   1915.00026828560       1.480333163830501E-005  1.445285446767397E-005  1.407092064547485E-005  1.364844000589097E-005  1.317917180326735E-005  1.264562294505940E-005  1.202515674556218E-005  1.167070175668279E-005  1.127613671128253E-005  1.082970464615676E-005  1.052936241268019E-005  1.031210646623075E-005  9.954768979579169E-006  9.690766335366288E-006  9.244164539160363E-006  8.902269726121775E-006  8.714202943097081E-006  8.512256388201274E-006  8.293998223175382E-006  8.056243761738552E-006  7.794754803600174E-006  7.174706412413255E-006  6.794010907140849E-006  6.330050451484765E-006
   1925.00026968657       1.478034217243627E-005  1.443493363819622E-005  1.405610844677153E-005  1.364071699687162E-005  1.317756914234838E-005  1.265021068090957E-005  1.203661286786926E-005  1.168529549587507E-005  1.129392569995447E-005  1.085002185255487E-005  1.055113476083076E-005  1.033472077591788E-005  9.978141740427026E-006  9.714320494956189E-006  9.267408100664183E-006  8.924805782964022E-006  8.736174673480157E-006  8.533533622176189E-006  8.314440112346283E-006  8.075700459773419E-006  7.813087169356327E-006  7.190330450553882E-006  6.807754515041543E-006  6.340477918573458E-006
   1935.00027108754       1.424894509847517E-005  1.390856395824059E-005  1.353972127295864E-005  1.313403268116649E-005  1.268246717368980E-005  1.217147620812593E-005  1.157926763594594E-005  1.124228846006510E-005  1.086846682485183E-005  1.044685961875139E-005  1.016427298685086E-005  9.960541056735283E-006  9.626176342770073E-006  9.380036453388920E-006  8.965047040296371E-006  8.648490317113761E-006  8.474709418881958E-006  8.288408002737697E-006  8.087280074240257E-006  7.868406707001231E-006  7.627816033680219E-006  7.056480194605372E-006  6.703281394788019E-006  6.266387695348838E-006
   1945.00027248851       1.405959176289626E-005  1.372866705480601E-005  1.337077085840110E-005  1.297577620098397E-005  1.253628938689315E-005  1.203710412307346E-005  1.145914741951572E-005  1.112966752091597E-005  1.076463045823830E-005  1.035303429514141E-005  1.007714952240347E-005  9.878057825353097E-006  9.551702961637678E-006  9.311358033768973E-006  8.906352367610040E-006  8.597512482081707E-006  8.428041852690040E-006  8.246334570891554E-006  8.050196045170111E-006  7.836712778884830E-006  7.601961810127077E-006  7.043613946853375E-006  6.697098149033178E-006  6.265446619924561E-006
   1955.00027388948       1.425613094890751E-005  1.391848024518053E-005  1.355504834622355E-005  1.315423958358304E-005  1.270684853804872E-005  1.220124282459658E-005  1.161398335716095E-005  1.127889950339110E-005  1.090750597230809E-005  1.048861474166702E-005  1.020753384676842E-005  1.000464720847976E-005  9.671709165368110E-006  9.426365363683577E-006  9.012576939044808E-006  8.696821777708159E-006  8.523437926047769E-006  8.337501553033417E-006  8.136684018476361E-006  7.917991995533181E-006  7.677279801110080E-006  7.103032175941826E-006  6.744474147755920E-006  6.294929059711455E-006
   1965.00027529045       1.430087586029178E-005  1.397102981445947E-005  1.360997958622945E-005  1.321428264861377E-005  1.277262738073998E-005  1.227211277727621E-005  1.168916760886824E-005  1.135603469730931E-005  1.098525358632665E-005  1.056608859872711E-005  1.028425764148263E-005  1.008032621479858E-005  9.745102562518607E-006  9.497502644763105E-006  9.078643498499683E-006  8.757937392661187E-006  8.581440838785118E-006  8.391741804945181E-006  8.186507312143414E-006  7.962540216449076E-006  7.715528511468661E-006  7.124812640318795E-006  6.756188963183712E-006  6.297151083874878E-006
   1975.00027669142       1.354907835913032E-005  1.322941164367310E-005  1.288270354957083E-005  1.250250561782180E-005  1.207861610533773E-005  1.160218893560871E-005  1.105149120544289E-005  1.073913295423243E-005  1.039349193426684E-005  1.000544739298661E-005  9.746078626108341E-006  9.559397022240746E-006  9.253997445895006E-006  9.029710922148595E-006  8.653062264732903E-006  8.366789462647042E-006  8.210106854012552E-006  8.042346912465201E-006  7.861533887198858E-006  7.665012765939856E-006  7.449069713452040E-006  6.934509871851610E-006  6.612183841813953E-006  6.203011395915173E-006
   1985.00027809239       1.365141500221271E-005  1.332769855118789E-005  1.297735030372787E-005  1.259170105705035E-005  1.216373437251066E-005  1.167977032392402E-005  1.112049612406227E-005  1.080183688339692E-005  1.044887618197294E-005  1.005172656907174E-005  9.785701799277273E-006  9.593952448640423E-006  9.279813040906219E-006  9.048845797452538E-006  8.660243279818167E-006  8.364599799317477E-006  8.202665372979609E-006  8.029342724740651E-006  7.842593698137970E-006  7.639799657405780E-006  7.417415091200441E-006  6.891136880687203E-006  6.566314940687323E-006  6.162621207877084E-006
   1995.00027949336       1.369773868510613E-005  1.337455796105518E-005  1.302369200390999E-005  1.263837486369172E-005  1.220992211962292E-005  1.172277129814130E-005  1.115923945795555E-005  1.083749484073944E-005  1.048102948035369E-005  1.007859772867697E-005  9.809001258360427E-006  9.614513171460341E-006  9.295808529719359E-006  9.061352583773608E-006  8.667022739133747E-006  8.367208878712746E-006  8.203161349239712E-006  8.027750209475452E-006  7.839008801941695E-006  7.634432851343291E-006  7.410591169892341E-006  6.883192862524487E-006  6.558790586758814E-006  6.154764513472292E-006
   2005.00028089432       1.399252891227936E-005  1.366877049632637E-005  1.331395949628540E-005  1.292317413914210E-005  1.248782503337661E-005  1.199289447678316E-005  1.141655282528124E-005  1.108641095870502E-005  1.071952860191589E-005  1.030433381071511E-005  1.002520587273552E-005  9.823236218895749E-006  9.491549298937837E-006  9.246801204596435E-006  8.833666132611749E-006  8.518456197513050E-006  8.345541077389601E-006  8.160322392896010E-006  7.960659632133027E-006  7.743823619706936E-006  7.506163216229229E-006  6.945299512282134E-006  6.601276056008541E-006  6.178212216629336E-006
   2015.00028229529       1.388052420692296E-005  1.355092108868204E-005  1.319661816000485E-005  1.280370860839867E-005  1.236509106366991E-005  1.186818462782541E-005  1.128998818768519E-005  1.095925204116979E-005  1.059166483181573E-005  1.017598657813230E-005  9.896855343016153E-006  9.695347809417887E-006  9.364677023159116E-006  9.121248019900880E-006  8.711458302130577E-006  8.399891411701564E-006  8.229472654749268E-006  8.047306799714082E-006  7.851465849721374E-006  7.639482138195949E-006  7.408004878384048E-006  6.865540236454516E-006  6.535166279153791E-006  6.129542353435112E-006
   2025.00028369626       1.362386420421416E-005  1.330726194058305E-005  1.296000953379383E-005  1.257961828920516E-005  1.215438262610392E-005  1.167193651968838E-005  1.111095985216822E-005  1.079079281796682E-005  1.043460984348198E-005  1.003200144427581E-005  9.761736391132331E-006  9.566470377773586E-006  9.246324878191224E-006  9.010496719837098E-006  8.613382496493204E-006  8.311211464849921E-006  8.145846334585209E-006  7.969020633728378E-006  7.778804879196315E-006  7.572735326403061E-006  7.347546289413442E-006  6.819276535449815E-006  6.497342192093358E-006  6.101419771792490E-006
   2035.00028509723       1.360500665436965E-005  1.329438423708398E-005  1.295819988459980E-005  1.258756225916316E-005  1.217371734919749E-005  1.170219818459147E-005  1.115324044781523E-005  1.083830658897362E-005  1.048733504358940E-005  1.008943292696837E-005  9.821332938480304E-006  9.627468427428683E-006  9.308646511520429E-006  9.073166763158795E-006  8.675514640754341E-006  8.371957368777179E-006  8.205392754877959E-006  8.027016518256119E-006  7.834742706677582E-006  7.626031272463354E-006  7.397360829146614E-006  6.858254553300901E-006  6.527659188514036E-006  6.120093699737448E-006
   2045.00028649820       1.361438989811362E-005  1.330218419240415E-005  1.296109842064176E-005  1.258645013153918E-005  1.216636433007660E-005  1.168938988282607E-005  1.113418940738760E-005  1.081610498244279E-005  1.046196512282269E-005  1.006139205857252E-005  9.791790749022930E-006  9.596871548857092E-006  9.276462734441538E-006  9.040031179585333E-006  8.640863230209712E-006  8.336374504494927E-006  8.169450546260947E-006  7.990756415077928E-006  7.798318566887454E-006  7.589629586047633E-006  7.361336341754023E-006  6.825137175208102E-006  6.498373116300790E-006  6.097732737809863E-006
   2055.00028789917       1.344292896724703E-005  1.313459398404343E-005  1.280045825946273E-005  1.243061729637515E-005  1.201735647873219E-005  1.154967283729221E-005  1.100650401212399E-005  1.069612993223337E-005  1.035089132698830E-005  9.960445766071555E-006  9.698154011978639E-006  9.508538899747614E-006  9.197169075366912E-006  8.967389929109530E-006  8.579681590919535E-006  8.283757860725939E-006  8.121353774116536E-006  7.947276334334897E-006  7.759539490378394E-006  7.555478790743793E-006  7.331578634156691E-006  6.802382042269820E-006  6.477532967245488E-006  6.078151730130543E-006
   2065.00028930014       1.324089243473122E-005  1.294334586985206E-005  1.262255566573021E-005  1.226493785078288E-005  1.186827751547451E-005  1.141616523029184E-005  1.088959644008278E-005  1.058771122729409E-005  1.025127610277119E-005  9.869427501521838E-006  9.612088209299820E-006  9.425857405464489E-006  9.119168952537206E-006  8.892364785212786E-006  8.508729231652875E-006  8.215307111728054E-006  8.054146165754694E-006  7.881387424610515E-006  7.695083920061807E-006  7.492765662179824E-006  7.271147606221312E-006  6.750132785419036E-006  6.433047379767923E-006  6.045659476397973E-006
   2075.00029070111       1.331659424233598E-005  1.301808971901901E-005  1.269408168584157E-005  1.233404784611594E-005  1.193449602789435E-005  1.148059904675273E-005  1.095163747313800E-005  1.064792211097501E-005  1.031030964452946E-005  9.927412441231863E-006  9.669311421640332E-006  9.482495521191430E-006  9.174810007361200E-006  8.947221809627331E-006  8.561839278096128E-006  8.266647190939195E-006  8.104283739646368E-006  7.929983145486783E-006  7.741711871312026E-006  7.536802431681831E-006  7.311723885599781E-006  6.779481787187544E-006  6.453475493686767E-006  6.054932765972227E-006
   2085.00029210208       1.315045392475888E-005  1.285127150022510E-005  1.252712146806729E-005  1.216670422876960E-005  1.176782961629853E-005  1.131548112664960E-005  1.078741838831098E-005  1.048567700251129E-005  1.014990029122257E-005  9.769810333654103E-006  9.514306343548677E-006  9.329439076154531E-006  9.025698069650622E-006  8.801531091284953E-006  8.422996780199813E-006  8.133944534142872E-006  7.975353604106034E-006  7.805420537321331E-006  7.622235632837191E-006  7.423328920156887E-006  7.205461861163773E-006  6.693082292726424E-006  6.381302151100852E-006  6.001270685087389E-006
   2095.00029350305       1.295191834599814E-005  1.266531720391906E-005  1.235416784602490E-005  1.201234965072986E-005  1.163006198802320E-005  1.119755963157933E-005  1.069370734062634E-005  1.040552045703098E-005  1.008471477242634E-005  9.721337973776162E-006  9.476575126536532E-006  9.299273734481644E-006  9.007452879766266E-006  8.791555051587104E-006  8.425920272970441E-006  8.145530887379099E-006  7.991132900724482E-006  7.825224408728630E-006  7.645752903964563E-006  7.450081535018526E-006  7.234662228759840E-006  6.722795509098316E-006  6.407223985883378E-006  6.018828709498313E-006
   2105.00029490402       1.301592964491227E-005  1.272503150415342E-005  1.240997685242944E-005  1.206391775974195E-005  1.167740351346024E-005  1.123798323308677E-005  1.072868979680474E-005  1.043702683744321E-005  1.011260046793730E-005  9.745187889577436E-006  9.497676413461042E-006  9.318617488177057E-006  9.023866305499997E-006  8.805955414544415E-006  8.437035433648742E-006  8.154313692899453E-006  7.998681132223742E-006  7.831465721869528E-006  7.650620634057650E-006  7.453427833765370E-006  7.236374628569061E-006  6.720530344775630E-006  6.402475951872871E-006  6.011436531816698E-006
   2115.00029630499       1.288484750361096E-005  1.260169613795976E-005  1.229530850936765E-005  1.195767096269269E-005  1.158051098448320E-005  1.115357449654987E-005  1.065732627947771E-005  1.037352954323489E-005  1.005796735337782E-005  9.700504772581761E-006  9.459710017871896E-006  9.285513347508179E-006  8.998486050099539E-006  8.786023138192188E-006  8.425673902856578E-006  8.148810128679495E-006  7.996068633844262E-006  7.831636089493633E-006  7.653359673143719E-006  7.458426062615931E-006  7.243050250152513E-006  6.727360577319673E-006  6.406619415939904E-006  6.010573394441859E-006
   2125.00029770596       1.288600301401680E-005  1.260391082917905E-005  1.229646353879832E-005  1.195899174748326E-005  1.158145118898078E-005  1.115459130894078E-005  1.065805117908310E-005  1.037407660318641E-005  1.005844589489511E-005  9.700734010790053E-006  9.459688567411165E-006  9.285150797245339E-006  8.997397205604539E-006  8.784463829795567E-006  8.423351910597577E-006  8.145853023757928E-006  7.992746675488985E-006  7.827935377424426E-006  7.649268718577977E-006  7.453895556771401E-006  7.238038090946474E-006  6.721158388838334E-006  6.399562239836731E-006  6.002308487456974E-006
   2135.00029910692       1.285579713140765E-005  1.257966858016778E-005  1.227569898339709E-005  1.194312650694815E-005  1.157259466117948E-005  1.115137653967385E-005  1.066040742602359E-005  1.037993157009406E-005  1.006748876232160E-005  9.713268805750860E-006  9.474512642770430E-006  9.301573956506847E-006  9.016491128095637E-006  8.805175100564236E-006  8.446419466596169E-006  8.170247086271770E-006  8.017645935679566E-006  7.853153871965882E-006  7.674567254130412E-006  7.478908669757228E-006  7.262191559709336E-006  6.740545726532775E-006  6.413900219355522E-006  6.009088290495238E-006
   2145.00030050789       1.278926524965590E-005  1.251687429465268E-005  1.221727119376097E-005  1.188916653079550E-005  1.152317192597904E-005  1.111004640675298E-005  1.062737087970171E-005  1.035201428034369E-005  1.004555725291722E-005  9.698070007516322E-006  9.463903821621943E-006  9.294273067201891E-006  9.014512077386056E-006  8.807113886827215E-006  8.454583464414742E-006  8.182761962690372E-006  8.032327906669308E-006  7.869905364813802E-006  7.693285190575463E-006  7.499328230554538E-006  7.283842865117210E-006  6.761562237381487E-006  6.431335230530598E-006  6.018718532073896E-006
   2155.00030190886       1.271920847812532E-005  1.244558534540519E-005  1.214766937752618E-005  1.182200224388775E-005  1.145909245336868E-005  1.104916124229858E-005  1.057203180114546E-005  1.029956924774393E-005  9.996496478174092E-006  9.653707329001799E-006  9.422766989563631E-006  9.255634396071196E-006  8.980243794039442E-006  8.776168214874676E-006  8.429730236228358E-006  8.162692345580153E-006  8.014951990577051E-006  7.855456844775167E-006  7.681898159132178E-006  7.491126558956033E-006  7.278861775153280E-006  6.761933728573752E-006  6.432211028883407E-006  6.016070203813433E-006
   2165.00030330983       1.267786072652648E-005  1.241619736047168E-005  1.213075890865395E-005  1.181627802163764E-005  1.146336099336211E-005  1.106382362583847E-005  1.059921863490989E-005  1.033336777810684E-005  1.003682367656460E-005  9.701069561211711E-006  9.474653533977728E-006  9.310476266159220E-006  9.039566288808615E-006  8.838742778063055E-006  8.496643963931622E-006  8.232092797307360E-006  8.085409873523844E-006  7.926649253534537E-006  7.753438237631632E-006  7.562466552097760E-006  7.349097520246041E-006  6.824712332346699E-006  6.485837318866620E-006  6.052847786283723E-006
   2175.00030471080       1.247432498952491E-005  1.221620982872779E-005  1.193435382420506E-005  1.162823074817441E-005  1.128258050489876E-005  1.089367036833856E-005  1.044088965558815E-005  1.018242215165415E-005  9.895042684996018E-006  9.569419196573491E-006  9.350104208436444E-006  9.191348902106404E-006  8.929034111536728E-006  8.734475997204515E-006  8.403358171087391E-006  8.147289940300620E-006  8.005206515499985E-006  7.851403578530200E-006  7.683521246580597E-006  7.498284933886754E-006  7.291137630344518E-006  6.780684241097601E-006  6.449387040955053E-006  6.023756006877666E-006
   2185.00030611177       1.246469408016647E-005  1.221094953839912E-005  1.193274412597530E-005  1.162542635037470E-005  1.128504226883551E-005  1.089985387832502E-005  1.045158071805124E-005  1.019603789616583E-005  9.910605699509884E-006  9.587820322824879E-006  9.370231340242686E-006  9.212230510926186E-006  8.952235170659552E-006  8.759267378150718E-006  8.430767865953707E-006  8.176479848071797E-006  8.035293358940249E-006  7.882484404125397E-006  7.715520825035152E-006  7.531068838555289E-006  7.324481148859948E-006  6.813033930207278E-006  6.478253158663080E-006  6.043626919915128E-006
   2195.00030751274       1.241210627116249E-005  1.215948454819169E-005  1.187960713342807E-005  1.157221262614079E-005  1.123209391410357E-005  1.084860947199859E-005  1.040487052844726E-005  1.015164786251243E-005  9.869871845300476E-006  9.551734509562827E-006  9.337916513474137E-006  9.183235607417355E-006  8.928232063199447E-006  8.739306491123954E-006  8.417602955888939E-006  8.168841106266241E-006  8.030683866503407E-006  7.881087752716538E-006  7.717477798708690E-006  7.536561044862382E-006  7.333449328089410E-006  6.827718438278325E-006  6.493261691194859E-006  6.053582194298674E-006
   2205.00030891371       1.194115807931690E-005  1.169747815184418E-005  1.142925670002313E-005  1.113940322100322E-005  1.081998157067245E-005  1.045970229422007E-005  1.004339290155779E-005  9.807018838974613E-006  9.544205143687221E-006  9.248243079472075E-006  9.049717859319645E-006  8.905951230890433E-006  8.669606831924711E-006  8.494678890831379E-006  8.197478735940921E-006  7.968021756265793E-006  7.840704993829514E-006  7.702795836537057E-006  7.552065568372690E-006  7.385278468086991E-006  7.197944984429782E-006  6.729964433589894E-006  6.418049644909444E-006  6.001982937409402E-006
   2215.00031031468       1.235750984351332E-005  1.211004154075499E-005  1.184420773656258E-005  1.154440058296316E-005  1.121141546493008E-005  1.083959265980918E-005  1.040828233670665E-005  1.016234836155721E-005  9.888674738238273E-006  9.580531670814418E-006  9.372695359216682E-006  9.222114767087622E-006  8.973755436165883E-006  8.789616537408012E-006  8.475655838370871E-006  8.232500309875516E-006  8.097248513983786E-006  7.950411256100213E-006  7.789439969972611E-006  7.610858692473951E-006  7.409563534530938E-006  6.902814112409179E-006  6.561691113184902E-006  6.103330381862093E-006
   2225.00031171565       1.203121663211233E-005  1.178808809591578E-005  1.152266787276672E-005  1.122695516863444E-005  1.090609919569587E-005  1.054445823154498E-005  1.012553118728343E-005  9.887137088853306E-006  9.623817957131754E-006  9.325630765660430E-006  9.126160970491731E-006  8.981781013442051E-006  8.744261998743184E-006  8.568465588256368E-006  8.269732573566841E-006  8.039003760247675E-006  7.910884781343708E-006  7.772026642586145E-006  7.620129787682049E-006  7.451893403705750E-006  7.262556809523640E-006  6.786871680579282E-006  6.466372827539303E-006  6.032274474462286E-006
   2235.00031311662       1.206937667368475E-005  1.182077891040009E-005  1.156227186911815E-005  1.127361234390065E-005  1.095832334494793E-005  1.060095806037957E-005  1.018533893504383E-005  9.948006149790621E-006  9.686512618776273E-006  9.390706137110818E-006  9.192389387499496E-006  9.048393298367371E-006  8.812182608332450E-006  8.637071476923705E-006  8.339362406993439E-006  8.109042135773215E-006  7.980977243378121E-006  7.842089350220589E-006  7.689945703327886E-006  7.521171904723717E-006  7.330926074531436E-006  6.850769218716788E-006  6.524962695148521E-006  6.079761518382246E-006
   2245.00031451759       1.203818405223976E-005  1.179748385604363E-005  1.154289539070977E-005  1.126130156347637E-005  1.094667179572701E-005  1.059194420476660E-005  1.018162732398631E-005  9.949478487434945E-006  9.691095352421958E-006  9.398992495494625E-006  9.202844105283895E-006  9.060966805131900E-006  8.827958431350054E-006  8.654912099429800E-006  8.360797698432145E-006  8.133130317426509E-006  8.006540133260110E-006  7.869155771020639E-006  7.718477468793984E-006  7.551209564587095E-006  7.362252376633702E-006  6.883227868575010E-006  6.555507181466657E-006  6.102640282842818E-006
   2255.00031591855       1.202738574151694E-005  1.179691468529996E-005  1.154413215816942E-005  1.126068107406650E-005  1.095278548434319E-005  1.059964338144713E-005  1.019228801353374E-005  9.961175933277769E-006  9.704453534696178E-006  9.414622032240012E-006  9.219271737120260E-006  9.078501492903419E-006  8.846166123586859E-006  8.673397171700828E-006  8.379953435673188E-006  8.152407734703503E-006  8.025792650471452E-006  7.888301227653941E-006  7.737426850309360E-006  7.569856542200986E-006  7.380381530244899E-006  6.899132118632421E-006  6.568981306734595E-006  6.111222082629762E-006
   2265.00031731952       1.173441506603664E-005  1.149801155326106E-005  1.124851535591299E-005  1.097622563924727E-005  1.067450616147707E-005  1.033044636543199E-005  9.935518696953460E-006  9.709944185155755E-006  9.462190752680202E-006  9.183277362695836E-006  8.995546622845726E-006  8.860154930575483E-006  8.637289486521635E-006  8.472404454347332E-006  8.192414598252941E-006  7.976175489399547E-006  7.856037785554852E-006  7.725817380170023E-006  7.583166716959131E-006  7.424891295107821E-006  7.246285278713883E-006  6.793583597367065E-006  6.483182669736006E-006  6.050712295930008E-006
   2275.00031872049       1.188726815632518E-005  1.165325827635771E-005  1.140385332721241E-005  1.112691003484860E-005  1.082301535360570E-005  1.047984595637592E-005  1.008111407980951E-005  9.854933301962619E-006  9.603835585707918E-006  9.319566955365886E-006  9.128745825915822E-006  8.990879287838636E-006  8.764106253645891E-006  8.595896073615351E-006  8.310028835788168E-006  8.088480585375619E-006  7.965288023039246E-006  7.831594177420756E-006  7.684949259705125E-006  7.522016843429725E-006  7.337847829752639E-006  6.869319021279641E-006  6.546623246464693E-006  6.095392430307681E-006
   2285.00032012146       1.167180415777418E-005  1.144048287044294E-005  1.119471200566158E-005  1.093462214210166E-005  1.064408102889789E-005  1.030957744542386E-005  9.927677643621258E-006  9.710676462199063E-006  9.470821929218774E-006  9.199185776513005E-006  9.015724921804250E-006  8.883287731767150E-006  8.665447606510798E-006  8.504445947657432E-006  8.229737465811652E-006  8.017018421703549E-006  7.898243782135732E-006  7.769581879634040E-006  7.628310880350277E-006  7.471180520501876E-006  7.293268931545818E-006  6.839326894965874E-006  6.524946348016208E-006  6.081727065386683E-006
   2295.00032152243       1.067153168518491E-005  1.045051443103549E-005  1.021964318826416E-005  9.965203887523323E-006  9.683190254917451E-006  9.371876010501413E-006  9.012463893050791E-006  8.811107442802127E-006  8.590082437706237E-006  8.342227146329272E-006  8.176563746814922E-006  8.057980942132980E-006  7.863313763752941E-006  7.720178612567704E-006  7.477923441983252E-006  7.291870195207145E-006  7.188884964427072E-006  7.077345788119617E-006  6.955431108367775E-006  6.820369960047184E-006  6.668102255084004E-006  6.281694152468595E-006  6.014260530731137E-006  5.630882213780382E-006
   2305.00032292340       1.115063368588184E-005  1.093516266449201E-005  1.069390602397067E-005  1.042972352280932E-005  1.014117810201442E-005  9.813234205642551E-006  9.438430946120396E-006  9.226508684807292E-006  8.991938708346888E-006  8.728677192851069E-006  8.552221652254543E-006  8.424957055565467E-006  8.215829856765437E-006  8.061407567949316E-006  7.799488557598146E-006  7.597383862027742E-006  7.485407207530953E-006  7.364097129144563E-006  7.231385080398526E-006  7.084219280447436E-006  6.918328037444046E-006  6.498228951082246E-006  6.209758637594242E-006  5.803894605377642E-006
   2315.00032432437       1.116612667179675E-005  1.093766859919543E-005  1.070026107734685E-005  1.043417452238538E-005  1.014553096872077E-005  9.820442068426132E-006  9.442789474036387E-006  9.229701829647376E-006  8.994379196754262E-006  8.728894245582946E-006  8.551499554828242E-006  8.423251499958148E-006  8.212039666925354E-006  8.056029871831830E-006  7.791417414243158E-006  7.587155261626481E-006  7.473954715479882E-006  7.351258855502659E-006  7.217028824853342E-006  7.068377610447296E-006  6.901007489230177E-006  6.478547808318537E-006  6.190372271501264E-006  5.788985490048054E-006
   2325.00032572534       1.014708311666762E-005  9.933113654782554E-006  9.709947409341986E-006  9.466136319145561E-006  9.203700980545895E-006  8.907828010691166E-006  8.569451122415928E-006  8.379934498213713E-006  8.171980695936548E-006  7.939543960924504E-006  7.784672422492560E-006  7.673579257267865E-006  7.491168815336854E-006  7.357043289633558E-006  7.130879448665069E-006  6.957318119733980E-006  6.861369308263528E-006  6.757637753097147E-006  6.644448375934114E-006  6.519253399185130E-006  6.378416985395969E-006  6.022774683171623E-006  5.778055030645490E-006  5.427747837887016E-006
   2335.00032712631       1.047992328507058E-005  1.026809207738840E-005  1.004566060631264E-005  9.800018190270548E-006  9.527917271837488E-006  9.223623463146693E-006  8.875102918688859E-006  8.678059128028653E-006  8.460838242564155E-006  8.217173040908033E-006  8.054442040293688E-006  7.936792443259973E-006  7.744757305836689E-006  7.602995072808350E-006  7.363175719049018E-006  7.178665098562226E-006  7.076526010992109E-006  6.966059137515111E-006  6.845408107580913E-006  6.711981076689216E-006  6.562091148930449E-006  6.185464685391163E-006  5.929607269459248E-006  5.572397179657570E-006
   2345.00032852728       1.077708420228005E-005  1.055767408955923E-005  1.032898761100599E-005  1.006733668653259E-005  9.778262757544547E-006  9.457249941238412E-006  9.087374612657209E-006  8.877798739990823E-006  8.645542166861759E-006  8.385274819536101E-006  8.211441942211207E-006  8.085955014400687E-006  7.880095485312500E-006  7.728283427420838E-006  7.471386413662568E-006  7.274099964652978E-006  7.165052571838928E-006  7.047218898877295E-006  6.918780899240828E-006  6.777054391491404E-006  6.618348788216201E-006  6.222578612725396E-006  5.956987548266959E-006  5.591545518073627E-006
   2355.00032992825       9.787849025604272E-006  9.585155518585620E-006  9.368912627265367E-006  9.133518470602189E-006  8.874144110188833E-006  8.586752286971218E-006  8.258590022777150E-006  8.074002123954388E-006  7.871227737124091E-006  7.644740977853606E-006  7.494143453087137E-006  7.386050424085485E-006  7.209212286867287E-006  7.079372078591615E-006  6.860735096117644E-006  6.693402678472257E-006  6.601109047879109E-006  6.501592599045831E-006  6.393294546220867E-006  6.273961340633066E-006  6.140435627353175E-006  5.807243997861357E-006  5.581964930745021E-006  5.264341114111049E-006
   2365.00033132922       1.039013681023029E-005  1.017813863960448E-005  9.952380510110092E-006  9.705143537069779E-006  9.428368229752268E-006  9.120106101403663E-006  8.769522464746744E-006  8.569472335196404E-006  8.350392089378898E-006  8.103572693856949E-006  7.938618154555440E-006  7.820272929928029E-006  7.625861356028090E-006  7.482289330010703E-006  7.240083176606439E-006  7.053912574362667E-006  6.950954526693973E-006  6.839816573302752E-006  6.718655882570983E-006  6.584915383638354E-006  6.435112883981299E-006  6.061184285904416E-006  5.809616496293067E-006  5.461709074603244E-006
   2375.00033273019       1.042599378804683E-005  1.021579306314988E-005  9.988857187668716E-006  9.739847799062822E-006  9.469342381636933E-006  9.162358089497507E-006  8.809781222801351E-006  8.609501069338343E-006  8.387477501455508E-006  8.138434602831237E-006  7.971362306116619E-006  7.851255993243711E-006  7.653697285278724E-006  7.507901148249760E-006  7.261177007871536E-006  7.071490060504627E-006  6.966655384569752E-006  6.853359865837873E-006  6.729920179096235E-006  6.593801683039936E-006  6.441474266728032E-006  6.062684675356623E-006  5.809592719825225E-006  5.462620026235995E-006
   2385.00033413115       9.539216328806065E-006  9.344396651692234E-006  9.131071566887232E-006  8.900815574593721E-006  8.651289107253798E-006  8.369384830397047E-006  8.049175106902398E-006  7.869739351800346E-006  7.672456013210510E-006  7.452132209859766E-006  7.305543287308566E-006  7.200308899605290E-006  7.028587268101291E-006  6.902643764850690E-006  6.690870783245183E-006  6.529364787902347E-006  6.440513523139211E-006  6.344903578860997E-006  6.241171154459824E-006  6.127270981531812E-006  6.000326114625179E-006  5.686117277199597E-006  5.475566733075187E-006  5.179917805271823E-006
   2395.00033553212       1.002691260638106E-005  9.820844126935673E-006  9.595602041145234E-006  9.352337211928790E-006  9.082512575184858E-006  8.782327355163089E-006  8.437965170235810E-006  8.243301421183068E-006  8.028111303019014E-006  7.787173356425826E-006  7.626411338503587E-006  7.510754744836569E-006  7.321265597056114E-006  7.181916353432150E-006  6.946980485917319E-006  6.767410143034345E-006  6.668510778415108E-006  6.562057916217032E-006  6.446488516331337E-006  6.319742505408537E-006  6.178723004031853E-006  5.832516686288083E-006  5.604912810556656E-006  5.295718047128427E-006
   2405.00033693309       1.009535543177833E-005  9.881705550702893E-006  9.653010218789430E-006  9.403148171218884E-006  9.124522128750460E-006  8.812420103008194E-006  8.452902439272283E-006  8.248891408727401E-006  8.022873752690477E-006  7.769013424226918E-006  7.599306839029582E-006  7.477147144098567E-006  7.277403331750935E-006  7.130595704295762E-006  6.883960823340908E-006  6.696395215335895E-006  6.593634801041490E-006  6.483539087491483E-006  6.364745508967273E-006  6.235432516812794E-006  6.093008980895188E-006  5.751070756070324E-006  5.533012593728163E-006  5.244706711345457E-006
   2415.00033833406       9.413932340063153E-006  9.214782031034004E-006  9.000554216176900E-006  8.767528484071798E-006  8.511763413026353E-006  8.226320439395905E-006  7.900210363983864E-006  7.716564549787087E-006  7.514960844452534E-006  7.290060007292534E-006  7.140553045615606E-006  7.033443147374406E-006  6.858948367499026E-006  6.731364357200466E-006  6.518117001321257E-006  6.356732522515115E-006  6.268543586223448E-006  6.174208998129903E-006  6.072522257367390E-006  5.961822116403296E-006  5.839731770204818E-006  5.544012433758241E-006  5.351127246895389E-006  5.085470172709254E-006
   2425.00033973503       9.671888850277046E-006  9.465780662484841E-006  9.242999012228498E-006  9.001628082693089E-006  8.735155506740235E-006  8.436379128755024E-006  8.093298400634284E-006  7.899494409056838E-006  7.686480557802187E-006  7.448146543381647E-006  7.289598776489310E-006  7.175868335325132E-006  6.990575184436187E-006  6.855086861105175E-006  6.628572480510796E-006  6.457411838595249E-006  6.363982925729068E-006  6.264181493371548E-006  6.156787493132751E-006  6.040168459480464E-006  5.911983865874982E-006  5.604358152629435E-006  5.406989278761574E-006  5.141788087045014E-006
   2435.00034113600       9.752919830406863E-006  9.545076828892978E-006  9.319411565587281E-006  9.071607424366709E-006  8.798909077204884E-006  8.491534368429765E-006  8.138004398022386E-006  7.937657734640196E-006  7.716622135557500E-006  7.469094015679792E-006  7.304483964151701E-006  7.186373155278005E-006  6.993984046215677E-006  6.853556317987517E-006  6.619342846808701E-006  6.443001593582323E-006  6.347105806733749E-006  6.244922944453884E-006  6.135366874650300E-006  6.016932863116299E-006  5.887491561550402E-006  5.580565668084298E-006  5.386886082746405E-006  5.130591133780138E-006
   2445.00034253697       9.303218556444756E-006  9.099386827555035E-006  8.878604494263255E-006  8.638922345360061E-006  8.375052924172657E-006  8.080375144081244E-006  7.744075051498062E-006  7.554796430334896E-006  7.347312010195561E-006  7.116714937145592E-006  6.964262101842681E-006  6.855381608467652E-006  6.678941531891073E-006  6.550879475976339E-006  6.338718401999906E-006  6.180163819949160E-006  6.094350896206744E-006  6.003245493797227E-006  5.905921977114519E-006  5.801104989726977E-006  5.686933248380666E-006  5.416989754559356E-006  5.245634021930135E-006  5.012931727318452E-006
   2455.00034393794       9.193338365662559E-006  8.993362049020457E-006  8.778192609304960E-006  8.543949933787492E-006  8.285791059669504E-006  7.996311274431167E-006  7.665751985312314E-006  7.479794065184573E-006  7.275611930046642E-006  7.048449712655148E-006  6.898167196539148E-006  6.790867379484632E-006  6.617024613150781E-006  6.490825718613682E-006  6.281931246564603E-006  6.125967620392839E-006  6.041625079832036E-006  5.952181114029920E-006  5.856730131015195E-006  5.754049112528364E-006  5.642364170993016E-006  5.379018499836298E-006  5.212369678986143E-006  4.986369990766207E-006
   2465.00034533891       9.414750955579987E-006  9.204964198037578E-006  8.978041003622169E-006  8.730055297201345E-006  8.455842387841483E-006  8.147785744917465E-006  7.795047885427300E-006  7.596320978752414E-006  7.378104533713297E-006  7.135473313618241E-006  6.975139176402713E-006  6.860808730899334E-006  6.675936515459344E-006  6.542041894760761E-006  6.321242877397145E-006  6.157222565506425E-006  6.068892658451367E-006  5.975547040891512E-006  5.876346464772004E-006  5.770205696234766E-006  5.655548097091772E-006  5.389331218298991E-006  5.224613376690030E-006  5.006312899332508E-006
   2475.00034673988       9.154898888362076E-006  8.950781940785953E-006  8.730266068325452E-006  8.489224328808289E-006  8.223398471311759E-006  7.926011096200808E-006  7.586274739938370E-006  7.395347174702342E-006  7.186209104747124E-006  6.954330356051461E-006  6.801488889697315E-006  6.692806511472628E-006  6.517367764127013E-006  6.390696608024352E-006  6.182457336426855E-006  6.028340934255108E-006  5.945548960182195E-006  5.858177191715456E-006  5.765462765181596E-006  5.666344052199915E-006  5.559292666814550E-006  5.309819968312908E-006  5.153531178186759E-006  4.941750807763358E-006
   2485.00034814085       8.830947432121838E-006  8.636333403321630E-006  8.426623918418266E-006  8.198454873908629E-006  7.947264186989481E-006  7.666835363582799E-006  7.347394207376172E-006  7.168311524317302E-006  6.972685826252730E-006  6.756039384912552E-006  6.613545849846238E-006  6.512269882305412E-006  6.349068850398726E-006  6.231368326447524E-006  6.038245489325840E-006  5.895655146386985E-006  5.819188523032551E-006  5.738612355784776E-006  5.653232248733936E-006  5.562120373494474E-006  5.463893633863136E-006  5.235359334824564E-006  5.091752772721367E-006  4.894488162432341E-006
   2495.00034954182       9.087856617181612E-006  8.880857477893877E-006  8.655960046699449E-006  8.411600473319462E-006  8.142054041632708E-006  7.840437804206621E-006  7.496368460720448E-006  7.303768312728767E-006  7.093287383117435E-006  6.860849439365947E-006  6.708284368475661E-006  6.600034455196406E-006  6.426219327120372E-006  6.301289866949101E-006  6.097180461952637E-006  5.947257332804047E-006  5.867139893880890E-006  5.782936295834941E-006  5.693965313687905E-006  5.599276440634578E-006  5.497483693788163E-006  5.261752825687369E-006  5.114573193539467E-006  4.914721239697225E-006
   2505.00035094278       9.071081714605021E-006  8.863051931432155E-006  8.637202868360366E-006  8.391163011846737E-006  8.119271576612364E-006  7.814407695461169E-006  7.466437879288184E-006  7.271238638350628E-006  7.058049982203007E-006  6.822655603860402E-006  6.668329627434720E-006  6.558988788796149E-006  6.383504621829862E-006  6.257622213128174E-006  6.052449311537094E-006  5.902209030502964E-006  5.822118139245119E-006  5.738104123940039E-006  5.649541869866621E-006  5.555572787918918E-006  5.454933893283499E-006  5.223878080486621E-006  5.081311027270931E-006  4.889187649686909E-006
   2515.00035234375       8.717306713024485E-006  8.513872099325387E-006  8.294707476612478E-006  8.056480445455811E-006  7.794725313548800E-006  7.503572634001587E-006  7.173646568080337E-006  6.989894098833135E-006  6.790334420512227E-006  6.571360746707773E-006  6.428650401762369E-006  6.327901356296003E-006  6.167016975082874E-006  6.052174677331438E-006  5.866097220071692E-006  5.730726393733815E-006  5.658853448184814E-006  5.583667302819424E-006  5.504606940511525E-006  5.420884751517017E-006  5.331293322652153E-006  5.124636822341213E-006  4.994823999166573E-006  4.813973336571016E-006
   2525.00035374472       8.526077806626467E-006  8.323103379544811E-006  8.104919519315717E-006  7.869187325695993E-006  7.611513824055316E-006  7.326793453641247E-006  7.006779352788815E-006  6.829683009168663E-006  6.638124560112555E-006  6.428867356419360E-006  6.292940670373973E-006  6.197218000825569E-006  6.044642321621149E-006  5.935965598592053E-006  5.760224012054656E-006  5.632612194158095E-006  5.564940588545229E-006  5.494205077878312E-006  5.419882742442379E-006  5.341231733254029E-006  5.257107595130214E-006  5.062942287723072E-006  4.940404803076822E-006  4.767747806783069E-006
   2535.00035514569       8.705024467981178E-006  8.500207978590496E-006  8.279108736954975E-006  8.038788711770848E-006  7.774589161167844E-006  7.480444258232086E-006  7.146896901269749E-006  6.961276204559375E-006  6.759791625651589E-006  6.538910977245922E-006  6.395183862598161E-006  6.293843611511807E-006  6.132247764542461E-006  6.017129164873169E-006  5.831021747953341E-006  5.696030542254248E-006  5.624526087426954E-006  5.549861000246757E-006  5.471516482243222E-006  5.388752061153689E-006  5.300440486706053E-006  5.097891459628993E-006  4.971585111424745E-006  4.796924321601195E-006
   2545.00035654666       8.679270804476895E-006  8.479510821629885E-006  8.263671556178446E-006  8.028294341826910E-006  7.768772312848171E-006  7.478634206388745E-006  7.148139099039616E-006  6.963172678509948E-006  6.761660659196786E-006  6.539800382023390E-006  6.394823949553443E-006  6.292354001851174E-006  6.128566183834619E-006  6.011639471280583E-006  5.822371198547477E-006  5.685081256313785E-006  5.612433614626585E-006  5.536683989846335E-006  5.457376654943375E-006  5.373856698512905E-006  5.285121671869196E-006  5.083494668267376E-006  4.959149920216374E-006  4.788302637266707E-006
   2555.00035794763       8.705742040618034E-006  8.506270347031441E-006  8.290633867558882E-006  8.055278292962700E-006  7.795596012051616E-006  7.505324377181325E-006  7.174297553137926E-006  6.989007625300362E-006  6.786957323222018E-006  6.564324895721194E-006  6.418754728838877E-006  6.315789035950287E-006  6.151060374198242E-006  6.033325918420657E-006  5.842504732901989E-006  5.703830553871000E-006  5.630360533776148E-006  5.553667072896198E-006  5.473276001659043E-006  5.388499771021221E-006  5.298294197962313E-006  5.092877200285395E-006  4.966169009509916E-006  4.793078536432619E-006
   2565.00035934860       8.588212525725681E-006  8.386666685932730E-006  8.168259627676549E-006  7.930498795360332E-006  7.668244857059455E-006  7.375730926603224E-006  7.043720640906526E-006  6.858869028471083E-006  6.658323143149916E-006  6.438858850504673E-006  6.296303455754526E-006  6.195983787026604E-006  6.036431049991718E-006  5.923141492378488E-006  5.740772951756520E-006  5.609206082319845E-006  5.539783705653313E-006  5.467505066026707E-006  5.391916465060359E-006  5.312355359878023E-006  5.227808469730933E-006  5.035222263348618E-006  4.915862902687851E-006  4.750921875262902E-006
   2575.00036074957       8.733614060614156E-006  8.531112293791529E-006  8.311980981601915E-006  8.072412398655630E-006  7.807526647188009E-006  7.510893507833019E-006  7.172563284193466E-006  6.983060932071065E-006  6.776655680804776E-006  6.549591850021553E-006  6.401394235817111E-006  6.296757158170104E-006  6.129729101730687E-006  6.010660997982529E-006  5.818259309646006E-006  5.678935704387750E-006  5.605266652737073E-006  5.528475037466552E-006  5.448074025173091E-006  5.363379010267057E-006  5.273335236168567E-006  5.068555090224183E-006  4.942632111186435E-006  4.771712490381557E-006
   2585.00036215054       8.562365986594980E-006  8.370109286322121E-006  8.161904864622947E-006  7.934812910356458E-006  7.684098461632214E-006  7.403386053850323E-006  7.083280533244834E-006  6.903787368240564E-006  6.707920962582470E-006  6.491832075872905E-006  6.350324538580001E-006  6.250112472340899E-006  6.089532331542233E-006  5.974558804171742E-006  5.787723432785893E-006  5.651529021875533E-006  5.579204907192089E-006  5.503592401945823E-006  5.424199530098975E-006  5.340339075296200E-006  5.250977791283425E-006  5.047265500182253E-006  4.921805305842157E-006  4.751140209175635E-006
   2595.00036355151       8.635025510505971E-006  8.440117864001574E-006  8.228763297871828E-006  7.998021622526444E-006  7.742885942844216E-006  7.457033264275137E-006  7.130226972510530E-006  6.946894608943044E-006  6.746604784554350E-006  6.525461253758723E-006  6.380553349224452E-006  6.277930306955851E-006  6.113477109993974E-006  5.995773954100130E-006  5.804591464611447E-006  5.665374666300469E-006  5.591505570482029E-006  5.514331140958368E-006  5.433358936640602E-006  5.347905536349715E-006  5.256941042418791E-006  5.050113191912291E-006  4.923426531766021E-006  4.752638302737965E-006
   2605.00036495248       8.642058973328546E-006  8.447669335992348E-006  8.237065319422400E-006  8.006565961975650E-006  7.752050772515821E-006  7.466756044123401E-006  7.140224270971909E-006  6.956759668371503E-006  6.756066335629378E-006  6.534070250904074E-006  6.388314481228871E-006  6.284939448246003E-006  6.119004953181406E-006  5.999969958461517E-006  5.806271446462720E-006  5.664928562408430E-006  5.589855850912750E-006  5.511384382654831E-006  5.429035671934390E-006  5.342147999974856E-006  5.249729685497323E-006  5.040162447981483E-006  4.912350149137934E-006  4.740837212043683E-006
   2615.00036635345       8.790468120960693E-006  8.600352450956836E-006  8.393680625734649E-006  8.167202854972545E-006  7.915729816497461E-006  7.632192105484040E-006  7.305357822178744E-006  7.120313729403108E-006  6.916672889504978E-006  6.689561694478971E-006  6.539250818904721E-006  6.432016078703895E-006  6.258707063971390E-006  6.133448278306871E-006  5.927760975500263E-006  5.776182163210423E-006  5.695153168411862E-006  5.610098809488784E-006  5.520479415759360E-006  5.425576428632372E-006  5.324364461002024E-006  5.095093842383026E-006  4.956955232935661E-006  4.776487722776061E-006
   2625.00036775442       8.597400459178246E-006  8.414730861427545E-006  8.216504254798565E-006  7.999049287151730E-006  7.758062177270274E-006  7.486599623025116E-006  7.174245739230998E-006  6.997847568796678E-006  6.803798972432313E-006  6.587569383890604E-006  6.444599188923000E-006  6.342605521852784E-006  6.177738588040669E-006  6.058494708598429E-006  5.862385245470030E-006  5.717474945683966E-006  5.639837074916499E-006  5.558168230870527E-006  5.471899047475114E-006  5.380269772673468E-006  5.282208640270019E-006  5.058640584360808E-006  4.922937649148089E-006  4.744335826284826E-006
   2635.00036915538       8.635667532464964E-006  8.451863856495195E-006  8.253749942974171E-006  8.036506644887845E-006  7.795584567507900E-006  7.523773761122877E-006  7.210282217623268E-006  7.032820322229529E-006  6.837364324044182E-006  6.619124675335247E-006  6.474562086067291E-006  6.371315963388979E-006  6.204209245770040E-006  6.083171368653241E-006  5.883857044436673E-006  5.736395994019725E-006  5.657328543089473E-006  5.574120020808717E-006  5.486190711128198E-006  5.392760290502042E-006  5.292737706923041E-006  5.064696372030014E-006  4.926565470839111E-006  4.746080388376902E-006
   2645.00037055635       8.591383609725223E-006  8.410746443137018E-006  8.214991206291102E-006  7.999282778479920E-006  7.760210356167908E-006  7.490364668166756E-006  7.178526385602746E-006  7.001658698184527E-006  6.806585685216608E-006  6.588547241068548E-006  6.443941576148627E-006  6.340642454494131E-006  6.173375279199881E-006  6.052230265806160E-006  5.852783808867916E-006  5.705416377138825E-006  5.626517269218572E-006  5.543596819846446E-006  5.456121506123740E-006  5.363394222047408E-006  5.264419940023547E-006  5.040140559083505E-006  4.905198149132987E-006  4.729427619164783E-006
   2655.00037195732       8.311037358552157E-006  8.135057519694149E-006  7.945934091195268E-006  7.740197914565472E-006  7.513828795096849E-006  7.261274445292343E-006  6.973515894257313E-006  6.811937714038525E-006  6.635059407937951E-006  6.438604865782030E-006  6.308839511341506E-006  6.216244554143644E-006  6.066341436105619E-006  5.957617926870252E-006  5.777777349982490E-006  5.643702811586261E-006  5.571313261318963E-006  5.494664088429428E-006  5.413042405377556E-006  5.325519930558917E-006  5.230780994300171E-006  5.010177155755388E-006  4.873351076160965E-006  4.691774834943594E-006
   2665.00037335829       8.398112008374724E-006  8.224222649237424E-006  8.036263458482682E-006  7.830235143202027E-006  7.602436985767565E-006  7.346013651477634E-006  7.051287144176520E-006  6.884646858110282E-006  6.701320699249095E-006  6.496821210214049E-006  6.361306160917726E-006  6.264473648419934E-006  6.107508308907665E-006  5.993603947069633E-006  5.805329198995954E-006  5.665271296278395E-006  5.589833003430730E-006  5.510128853272414E-006  5.425509342617137E-006  5.335118544431444E-006  5.237747332553312E-006  5.013375176057967E-006  4.876135681899767E-006  4.696285387414329E-006
   2675.00037475926       8.452665307754638E-006  8.273565612527187E-006  8.078770411397078E-006  7.865884007682335E-006  7.630112717316427E-006  7.364992093507716E-006  7.060592744127039E-006  6.888815953210861E-006  6.700152048720618E-006  6.490344300500774E-006  6.351683731632201E-006  6.252805437592821E-006  6.093015880811315E-006  5.977467685699913E-006  5.787265175496448E-006  5.646451302245933E-006  5.570852082349563E-006  5.491167866359937E-006  5.406784522632468E-006  5.316865950015669E-006  5.220250817100392E-006  4.998428630172265E-006  4.863147217440501E-006  4.686235372528389E-006
   2685.00037616023       8.443071372971269E-006  8.265135246218612E-006  8.072447665551327E-006  7.860937608145779E-006  7.626935555995280E-006  7.363767358483598E-006  7.061309184447320E-006  6.890712748525819E-006  6.703335003552666E-006  6.494779166421247E-006  6.356921547255199E-006  6.258570956752338E-006  6.099541946730085E-006  5.984426487311567E-006  5.794641347135066E-006  5.653840129555035E-006  5.578104801760398E-006  5.498161414902687E-006  5.413342742157389E-006  5.322775514783410E-006  5.225216480233840E-006  5.000263982615279E-006  4.862586249066164E-006  4.682628065232979E-006
   2695.00037756120       8.266536171457749E-006  8.087391021105449E-006  7.893681234230404E-006  7.681663963526246E-006  7.447583661475156E-006  7.184697579498502E-006  6.884364286837315E-006  6.715566484422045E-006  6.531003823321977E-006  6.326734471600622E-006  6.192549855712067E-006  6.097233927375091E-006  5.943975913920474E-006  5.833747737609696E-006  5.653515323216614E-006  5.521074418303970E-006  5.450323027792781E-006  5.376014785864498E-006  5.297598413696834E-006  5.214339754252863E-006  5.125164930230603E-006  4.920905064881507E-006  4.795790260682298E-006  4.629599374840427E-006
   2705.00037896217       8.272833928660289E-006  8.097289699142852E-006  7.906795084707980E-006  7.698440738043599E-006  7.467573878615734E-006  7.209057922457616E-006  6.913046931076517E-006  6.746517368001430E-006  6.563994899256248E-006  6.361631509977065E-006  6.228286633415456E-006  6.133433201320604E-006  5.980553798399936E-006  5.870205326908860E-006  5.688997257055513E-006  5.555137077217626E-006  5.483352328468905E-006  5.407718968023175E-006  5.327633731917012E-006  5.242282989082444E-006  5.150502163195417E-006  4.939115138797689E-006  4.809423129820206E-006  4.638562519321359E-006
   2715.00038036314       8.174758668145267E-006  7.997707313639519E-006  7.805361383634935E-006  7.595244890459734E-006  7.363068330125957E-006  7.103002593688960E-006  6.805643951973185E-006  6.638902348523542E-006  6.456799843971723E-006  6.255625635514360E-006  6.123718829936255E-006  6.030185977231413E-006  5.880070634836070E-006  5.772321197970098E-006  5.596578259800205E-006  5.467797016464918E-006  5.399118175609242E-006  5.327064209253334E-006  5.251105538115618E-006  5.170516036964166E-006  5.084231218710012E-006  4.886405457612799E-006  4.764820222654994E-006  4.602596047065031E-006
   2725.00038176411       8.107997876822264E-006  7.930457835528633E-006  7.737365407640617E-006  7.526839409527350E-006  7.294109580137213E-006  7.033182624341123E-006  6.735619370256292E-006  6.568985598826683E-006  6.387313028266775E-006  6.187091673782653E-006  6.056088783169108E-006  5.963376982723675E-006  5.814844402069587E-006  5.708485488840142E-006  5.535482817975170E-006  5.409140838345809E-006  5.341939315511156E-006  5.271578435450985E-006  5.197584923797221E-006  5.119310998437141E-006  5.035807564154304E-006  4.845658389569388E-006  4.729532909503841E-006  4.574560156398444E-006
   2735.00038316508       8.077680550152806E-006  7.899258521232672E-006  7.706232982896910E-006  7.495119405312512E-006  7.261815312752840E-006  7.000630113362024E-006  6.702797535336694E-006  6.536167641306202E-006  6.354679503383366E-006  6.154946586820379E-006  6.024433469693604E-006  5.932165155070031E-006  5.784583499091007E-006  5.679068852125396E-006  5.507802748386420E-006  5.383003340374832E-006  5.316709313178009E-006  5.247356322349910E-006  5.174468176123413E-006  5.097382431557441E-006  5.015134856357336E-006  4.827497161225973E-006  4.712498094633223E-006  4.558547916890948E-006
   2745.00038456605       8.107591318689283E-006  7.932586952456973E-006  7.742399319068164E-006  7.534302685973853E-006  7.303617321275264E-006  7.044050264984731E-006  6.746166643481557E-006  6.578465128481301E-006  6.394791614479922E-006  6.191392839982513E-006  6.057758586147913E-006  5.962939261915554E-006  5.810662595143666E-006  5.701395372308992E-006  5.523446281425632E-006  5.393490511286362E-006  5.324424979990984E-006  5.252201721859629E-006  5.176389706764436E-006  5.096386627332464E-006  5.011314101550934E-006  4.818960238494243E-006  4.702591064038824E-006  4.548488377173904E-006
   2755.00038596701       7.952664526972657E-006  7.776587120685838E-006  7.585216744908983E-006  7.376199820231884E-006  7.145495431604517E-006  6.887393400386400E-006  6.593848483923537E-006  6.430066567098634E-006  6.252014193076613E-006  6.056685217557351E-006  5.929445328590072E-006  5.839710452479385E-006  5.696529394206283E-006  5.594464843866709E-006  5.429298567054680E-006  5.309315884177028E-006  5.245684041316020E-006  5.179179322553247E-006  5.109338192939702E-006  5.035504261286632E-006  4.956709057897736E-006  4.776579459168170E-006  4.665637920910098E-006  4.516099422341970E-006
   2765.00038736798       7.941028905869739E-006  7.766032347811056E-006  7.576042026398984E-006  7.368117652118576E-006  7.138086586998371E-006  6.879910403092826E-006  6.585127159650517E-006  6.420102015235969E-006  6.240227956974185E-006  6.042351864623625E-006  5.913187501926625E-006  5.821988318085864E-006  5.676359377885795E-006  5.572530397950147E-006  5.404688567491482E-006  5.283108844637789E-006  5.218820811643776E-006  5.151817197941672E-006  5.081695452952605E-006  5.007883702720049E-006  4.929519204648519E-006  4.752013564642058E-006  4.643603568957787E-006  4.497724459358185E-006
   2775.00038876895       7.956171816936385E-006  7.783565500163171E-006  7.595531473665022E-006  7.389624284229289E-006  7.161333526909327E-006  6.904709949930598E-006  6.610618695474529E-006  6.445348816133157E-006  6.264765518380793E-006  6.065462973444960E-006  5.935050265727620E-006  5.842777246881427E-006  5.695172009224052E-006  5.589726883404552E-006  5.418945535836030E-006  5.295003835772877E-006  5.229411704124256E-006  5.161013131443491E-006  5.089415843022118E-006  5.014050986937606E-006  4.934074319897479E-006  4.753333765603221E-006  4.643499321342597E-006  4.496772413137401E-006
   2785.00039016992       7.812122537278612E-006  7.638543058286728E-006  7.450330602787691E-006  7.244403180783248E-006  7.016663285592374E-006  6.761623716187597E-006  6.470910645849069E-006  6.308460500975393E-006  6.131829838166606E-006  5.938025998209881E-006  5.811891504428571E-006  5.723025136387101E-006  5.581523384225579E-006  5.480952928118236E-006  5.319003499049053E-006  5.202187876179905E-006  5.140598663699243E-006  5.076538692972149E-006  5.009635814184226E-006  4.939361349630757E-006  4.864897378844621E-006  4.696563931740410E-006  4.593632878741561E-006  4.454124611615580E-006
   2795.00039157089       7.738007154387755E-006  7.568437537288174E-006  7.385090559798684E-006  7.184879474832391E-006  6.963996972499201E-006  6.716989479673851E-006  6.435657331058773E-006  6.278345163508727E-006  6.106993899488581E-006  5.918442029899373E-006  5.795260130147285E-006  5.708214459806957E-006  5.569047973612633E-006  5.469676724180011E-006  5.308747202759192E-006  5.191933244612925E-006  5.130090475674326E-006  5.065590854964846E-006  4.998050688277513E-006  4.926931272980850E-006  4.851418033459603E-006  4.680427165107075E-006  4.575895455615223E-006  4.434312619208046E-006
   2805.00039297186       7.430592648546263E-006  7.263834099666129E-006  7.083889982412881E-006  6.888067848435829E-006  6.673019282762695E-006  6.433894411756651E-006  6.163619290455753E-006  6.013694370621568E-006  5.851566225766072E-006  5.674822501278829E-006  5.560471108616190E-006  5.480246892868630E-006  5.353129436542006E-006  5.263284602757861E-006  5.119560426266750E-006  5.016668254256385E-006  4.962677339314978E-006  4.906692165996079E-006  4.848376801461894E-006  4.787222237712385E-006  4.722400199161248E-006  4.574430312433677E-006  4.481383578247957E-006  4.349482579790636E-006
   2815.00039437283       7.587042670401469E-006  7.419656398849532E-006  7.238210688804062E-006  7.040283088724411E-006  6.821842680649829E-006  6.577671366039636E-006  6.299860842560842E-006  6.144813092762377E-006  5.976289357949134E-006  5.791477062928701E-006  5.671228741707029E-006  5.586531894532075E-006  5.451703960333314E-006  5.355947176228736E-006  5.201934135221790E-006  5.091071615628878E-006  5.032720077530494E-006  4.972117413239946E-006  4.908928289878239E-006  4.842663747122734E-006  4.772548260692663E-006  4.613994186918158E-006  4.516354506745287E-006  4.381933579064938E-006
   2825.00039577380       7.585033791469350E-006  7.415311274829548E-006  7.231457237763554E-006  7.030514977973141E-006  6.808657323247448E-006  6.560757897937056E-006  6.279070867845073E-006  6.122164541253339E-006  5.952026566271936E-006  5.766031575080428E-006  5.645411469195452E-006  5.560665744311077E-006  5.426171078598020E-006  5.330939141107688E-006  5.178275856598297E-006  5.068729231739590E-006  5.011164923867730E-006  4.951426085217070E-006  4.889165919584524E-006  4.823882124981760E-006  4.754776532328703E-006  4.598249722555405E-006  4.501672861387773E-006  4.368602362299705E-006
   2835.00039717477       7.532450175506986E-006  7.365113904394453E-006  7.183792681623363E-006  6.985975433719507E-006  6.768017662834549E-006  6.524670074047482E-006  6.248390778840224E-006  6.094545953946766E-006  5.927671384953387E-006  5.745065505286174E-006  5.626494648913290E-006  5.543083346683200E-006  5.410492105565848E-006  5.316422830775153E-006  5.165250562907493E-006  5.056457521411274E-006  4.999179065562082E-006  4.939661844535329E-006  4.877560321449760E-006  4.812378445875895E-006  4.743336972137476E-006  4.587019951231766E-006  4.490808999053231E-006  4.358753421833676E-006
   2845.00039857574       7.634109379913220E-006  7.469469572360534E-006  7.290399995593494E-006  7.093884515712106E-006  6.875678914559718E-006  6.630016610106339E-006  6.348078801437297E-006  6.189512275923559E-006  6.016154266197887E-006  5.824826449594548E-006  5.699661811097092E-006  5.611202714703221E-006  5.469936702556428E-006  5.369307853542682E-006  5.207105315084611E-006  5.090272865477093E-006  5.028837914533942E-006  4.965133239825627E-006  4.898883878387451E-006  4.829685114957185E-006  4.756887029380984E-006  4.594549101920065E-006  4.496570734948127E-006  4.364356284380064E-006
   2855.00039997671       7.410351737802511E-006  7.247385763083205E-006  7.071045051883562E-006  6.878644270067746E-006  6.666611501462224E-006  6.429838952955560E-006  6.161146371229438E-006  6.011547508766272E-006  5.849269441136343E-006  5.671718708477754E-006  5.556422788099232E-006  5.475316210025546E-006  5.346376898652048E-006  5.254897870598566E-006  5.107859956386145E-006  5.002019616681476E-006  4.946286314602696E-006  4.888365299353217E-006  4.827919889124370E-006  4.764462455821263E-006  4.697226304804491E-006  4.544841787732582E-006  4.450807709965095E-006  4.321138729719151E-006
   2865.00040137768       7.531168776015770E-006  7.370056677118203E-006  7.194881539898100E-006  7.002803645066845E-006  6.789699352459418E-006  6.549747094217516E-006  6.274536697511362E-006  6.119789624908960E-006  5.950591542651409E-006  5.763835838714895E-006  5.641629712978301E-006  5.555222634546640E-006  5.417159394194245E-006  5.318722071240382E-006  5.159857582070347E-006  5.045233083699824E-006  4.984877708818560E-006  4.922224647777738E-006  4.856984372007153E-006  4.788741785843734E-006  4.716828746109745E-006  4.555973904627427E-006  4.458570421344510E-006  4.326830309029857E-006
   2875.00040277864       7.437586017975426E-006  7.277487232436252E-006  7.103960408339725E-006  6.914224710121826E-006  6.704737724281646E-006  6.470033813710045E-006  6.202615445269477E-006  6.053063921071852E-006  5.890231799263806E-006  5.711160373326617E-006  5.594293939658363E-006  5.511761546460862E-006  5.379949318193890E-006  5.285935003294213E-006  5.133873063625351E-006  5.023671581080977E-006  4.965400688400568E-006  4.904683789512451E-006  4.841182659289439E-006  4.774410424851065E-006  4.703641335816210E-006  4.543949571206711E-006  4.446672807418048E-006  4.315160446411133E-006
   2885.00040417961       7.368473760856287E-006  7.209081169726236E-006  7.036314273283312E-006  6.847384187865367E-006  6.638572029487524E-006  6.404820773873034E-006  6.138644033259271E-006  5.989971941304993E-006  5.828291580070561E-006  5.650832464730683E-006  5.535266662943400E-006  5.453788821183929E-006  5.323940503187546E-006  5.231567875957780E-006  5.082680828252833E-006  4.975214792934649E-006  4.918548844283638E-006  4.859620064858066E-006  4.798103481135073E-006  4.733533139286587E-006  4.665182220726138E-006  4.510880331311237E-006  4.416391776388756E-006  4.287324152060160E-006
   2895.00040558058       7.398442748262915E-006  7.240712248975147E-006  7.069970389121465E-006  6.883103314722774E-006  6.676606479477777E-006  6.445023475662109E-006  6.180725835524617E-006  6.032733178785568E-006  5.871386073888272E-006  5.693748143180149E-006  5.577666138776428E-006  5.495613988566778E-006  5.364438524212697E-006  5.270760902933491E-006  5.119037387088691E-006  5.008876394657627E-006  4.950544617062003E-006  4.889700317938397E-006  4.825984262781550E-006  4.758896101975735E-006  4.687684538887966E-006  4.526691727841469E-006  4.428682515262170E-006  4.296949769340773E-006
   2905.00040698155       7.174356288505633E-006  7.017101728704677E-006  6.847327735616985E-006  6.662287789513263E-006  6.458737209385125E-006  6.232211643114581E-006  5.976134026545427E-006  5.834111981755386E-006  5.680518559074725E-006  5.512972652534180E-006  5.404438319449786E-006  5.328189999816222E-006  5.207090519378044E-006  5.121219626631634E-006  4.983177173287685E-006  4.883707609176796E-006  4.831257626682876E-006  4.776688909213711E-006  4.719659787089514E-006  4.659684271899207E-006  4.596012920402114E-006  4.451179346898774E-006  4.361405627199838E-006  4.236979503969504E-006
   2915.00040838252       7.409943375027078E-006  7.254912664265203E-006  7.086477931055320E-006  6.901671772958104E-006  6.696402185999200E-006  6.465086881346627E-006  6.199269609878011E-006  6.049535563595204E-006  5.885543744993357E-006  5.704063515407381E-006  5.584976055999721E-006  5.500580974693733E-006  5.365321020487731E-006  5.268529031897986E-006  5.111537344382742E-006  4.997548804441081E-006  4.937250180130462E-006  4.874433640667082E-006  4.808781797180136E-006  4.739845623749532E-006  4.666945080413146E-006  4.503468282706397E-006  4.404976559597294E-006  4.273695428514620E-006
   2925.00040978349       6.907678030914099E-006  6.755928145971489E-006  6.592196822731419E-006  6.414277476830939E-006  6.219059192716645E-006  6.002499667624521E-006  5.758942482373726E-006  5.624593864327698E-006  5.480036726199675E-006  5.323473922364356E-006  5.222802947691138E-006  5.152493047940347E-006  5.041621331558316E-006  4.963665418721403E-006  4.839627329769749E-006  4.751299303670197E-006  4.705085085214700E-006  4.657249735511252E-006  4.607500146540289E-006  4.555386942957837E-006  4.500175566571406E-006  4.373897285660063E-006  4.293909066639097E-006  4.179307481676509E-006
   2935.00041118446       7.248186236144211E-006  7.098801220885066E-006  6.936592837101507E-006  6.758714784870171E-006  6.561355721284679E-006  6.339160664241533E-006  6.083920713864896E-006  5.940215870375026E-006  5.782818650415498E-006  5.608674496191424E-006  5.494406519586387E-006  5.413442286166332E-006  5.283703642977418E-006  5.190891000825323E-006  5.040406237818732E-006  4.931176916592732E-006  4.873397220085645E-006  4.813198116295921E-006  4.750253246158549E-006  4.684106044651492E-006  4.614048216465376E-006  4.456158867398397E-006  4.360136324246265E-006  4.230691301344651E-006
   2945.00041258543       6.807758949476493E-006  6.652829403893085E-006  6.486159422402145E-006  6.305769175583674E-006  6.108938118170653E-006  5.892193026446667E-006  5.650653130286391E-006  5.518583564016962E-006  5.377481065913445E-006  5.225903641852319E-006  5.129151363631896E-006  5.061897169568581E-006  4.956403116161704E-006  4.882598644083735E-006  4.765697772657310E-006  4.682722910438017E-006  4.639344125768062E-006  4.594427448745819E-006  4.547651265807050E-006  4.498529694171348E-006  4.446278582186787E-006  4.325574154672040E-006  4.248059551833882E-006  4.135453429419541E-006
   2955.00041398640       7.138648232383285E-006  6.986179844644392E-006  6.820688091056635E-006  6.639520845921700E-006  6.439051456080864E-006  6.214262653536513E-006  5.957781209264725E-006  5.814384710510963E-006  5.658337986491484E-006  5.487053616663846E-006  5.375563168380404E-006  5.297013570334931E-006  5.171973535375008E-006  5.083167698809930E-006  4.940368784377259E-006  4.837638731834020E-006  4.783606088318290E-006  4.727529157090949E-006  4.669120081169725E-006  4.607960798810366E-006  4.543386442167530E-006  4.398146225653239E-006  4.309408809203901E-006  4.188160950720994E-006
   2965.00041538737       6.823565498596276E-006  6.675131704706224E-006  6.515279057144173E-006  6.341473795813425E-006  6.150938348970132E-006  5.939585407097636E-006  5.701726787628524E-006  5.570320801715356E-006  5.428730518027155E-006  5.274948721260563E-006  5.175760494568326E-006  5.106310746843988E-006  4.996451932396206E-006  4.918907166059449E-006  4.794928873742880E-006  4.706128721300836E-006  4.659486735728383E-006  4.611068485271781E-006  4.560563039990531E-006  4.507501179252629E-006  4.451135376980045E-006  4.321936567080266E-006  4.240302168730804E-006  4.124152518183683E-006
   2975.00041678834       7.061261834876715E-006  6.912145133316155E-006  6.750087584285674E-006  6.572466833157763E-006  6.375610220687757E-006  6.154472794911913E-006  5.901718056670407E-006  5.760180933089042E-006  5.606101884995058E-006  5.436885845962139E-006  5.326724477539587E-006  5.249128484402965E-006  5.125649022062447E-006  5.037994181298793E-006  4.897159825689208E-006  4.795945570295745E-006  4.742744778277203E-006  4.687552060618194E-006  4.630080719909098E-006  4.569910423897232E-006  4.506368687899717E-006  4.363245426255016E-006  4.275524799576248E-006  4.155258655325236E-006
   2985.00041818931       6.810707676412037E-006  6.660503997796250E-006  6.498385858552069E-006  6.322084285056153E-006  6.128839978245580E-006  5.914629601705864E-006  5.673922876467674E-006  5.541171787066732E-006  5.398425585638215E-006  5.243831962998689E-006  5.144445504633215E-006  5.075025096068787E-006  4.965529839834126E-006  4.888507169342827E-006  4.765827577089776E-006  4.678313501630599E-006  4.632458663902638E-006  4.584937564189737E-006  4.535442788028311E-006  4.483520724745649E-006  4.428445005699505E-006  4.302529328997079E-006  4.223270867877805E-006  4.111092283431480E-006
   2995.00041959028       7.033778434941205E-006  6.888077816168282E-006  6.729579428808696E-006  6.555499588162568E-006  6.362115446066709E-006  6.144205070967998E-006  5.893959015062315E-006  5.753255928652485E-006  5.599474732393740E-006  5.429901691133609E-006  5.319096422672725E-006  5.240840000507515E-006  5.115988359247852E-006  5.027133577252322E-006  4.884028285649237E-006  4.780995629374326E-006  4.726809111572172E-006  4.670599412022579E-006  4.612104513440461E-006  4.550940702433979E-006  4.486494268442380E-006  4.342210386997076E-006  4.254590666332951E-006  4.135582087984357E-006
   3005.00042099124       6.678942525933522E-006  6.533548549794668E-006  6.376491185120099E-006  6.205445538814004E-006  6.017643213089214E-006  5.809119132287648E-006  5.574562538555736E-006  5.445189206662138E-006  5.306121140625664E-006  5.155693614325517E-006  5.059112235814710E-006  4.991736781508749E-006  4.885640934489433E-006  4.811147964285486E-006  4.692780025512761E-006  4.608563059525724E-006  4.564503486078369E-006  4.518883481678999E-006  4.471402755803595E-006  4.421607267577076E-006  4.368757945377101E-006  4.247424405645092E-006  4.170261466618261E-006  4.059382104116232E-006
   3015.00042239221       6.998398289756161E-006  6.855644768704114E-006  6.700330283621589E-006  6.529971418452552E-006  6.340708187459798E-006  6.127374285716433E-006  5.882199634896338E-006  5.744155888299081E-006  5.593072881323357E-006  5.426068898387031E-006  5.316651106747144E-006  5.239209275919799E-006  5.115301550448186E-006  5.026814761312478E-006  4.883663406670234E-006  4.780024211994222E-006  4.725299242759397E-006  4.668353412592356E-006  4.608890107631738E-006  4.546485837076107E-006  4.480484655750345E-006  4.332069749603142E-006  4.242039350803883E-006  4.121051555535663E-006
   3025.00042379318       6.711179373745478E-006  6.564081234729244E-006  6.404956461298380E-006  6.231407594255128E-006  6.040492545971035E-006  5.828216393682513E-006  5.589051407963957E-006  5.457108178517239E-006  5.315279390694662E-006  5.161919808053485E-006  5.063518367421672E-006  4.994913429500631E-006  4.886958351108281E-006  4.811211994326985E-006  4.690939914971089E-006  4.605433672722516E-006  4.560726983211517E-006  4.514462031147175E-006  4.466346746163598E-006  4.415944754926527E-006  4.362551613456546E-006  4.240659859970690E-006  4.163972160442453E-006  4.055421043400978E-006
   3035.00042519415       6.886549878085135E-006  6.744148664709663E-006  6.589295367971893E-006  6.419554649252509E-006  6.231403967774615E-006  6.019884474152179E-006  5.777753396647468E-006  5.641930672722095E-006  5.493799300585959E-006  5.330751825522480E-006  5.224325730557652E-006  5.149200929532585E-006  5.029389690143377E-006  4.944123825025440E-006  4.806762831745354E-006  4.707791838057746E-006  4.655707496121688E-006  4.601646447316868E-006  4.545345237712043E-006  4.486419089879600E-006  4.424255031019549E-006  4.284739311141056E-006  4.199793141266118E-006  4.084357565998263E-006
   3045.00042659512       6.590919103893260E-006  6.452891488103794E-006  6.303447941913224E-006  6.140187177276951E-006  5.960220401238498E-006  5.759477775629278E-006  5.532117000363046E-006  5.405908512898024E-006  5.269511943319059E-006  5.120989200296845E-006  5.025069280439171E-006  4.957875000224201E-006  4.851570457389098E-006  4.776547080695060E-006  4.656676232079709E-006  4.570885973956268E-006  4.525838569274517E-006  4.479088337606151E-006  4.430323645313410E-006  4.379090596466472E-006  4.324658195520101E-006  4.199863506443338E-006  4.121045542761510E-006  4.009032338366169E-006
   3055.00042799609       6.786913653775716E-006  6.646380176604801E-006  6.493732026793998E-006  6.326522184016964E-006  6.141635416085579E-006  5.934254880963862E-006  5.697585742459239E-006  5.565212544009547E-006  5.421113774464509E-006  5.262799163276804E-006  5.159637869960433E-006  5.086896223804107E-006  4.970974615551952E-006  4.888532482197171E-006  4.755758766399831E-006  4.660082827566287E-006  4.609707053840007E-006  4.557384709706890E-006  4.502849789052745E-006  4.445709969841795E-006  4.385345068749260E-006  4.249450367914372E-006  4.166370291401599E-006  4.053096166179741E-006
   3065.00042939706       6.731401210833393E-006  6.593295252626890E-006  6.443271913910857E-006  6.278848429465515E-006  6.096793031831545E-006  5.892311543742339E-006  5.658763431930131E-006  5.528147774958318E-006  5.386013690357260E-006  5.230044573202560E-006  5.128529225941244E-006  5.057037186660538E-006  4.943226250214974E-006  4.862389137594626E-006  4.732295060213613E-006  4.638531785331204E-006  4.589117709966166E-006  4.537739002415883E-006  4.484095040520720E-006  4.427755259649875E-006  4.368051753582656E-006  4.232895361707580E-006  4.149848835701283E-006  4.036333039115755E-006
   3075.00043079803       6.645667632999934E-006  6.507043242922363E-006  6.356970378016943E-006  6.192635200279679E-006  6.011359124428765E-006  5.808766039657933E-006  5.578778836055602E-006  5.450862332808871E-006  5.312205690668188E-006  5.160800477565278E-006  5.062658914905543E-006  4.993707592369247E-006  4.884249577729024E-006  4.806683899955120E-006  4.682124533973963E-006  4.592492669352015E-006  4.545276031195237E-006  4.496177490421291E-006  4.444890425947117E-006  4.390972290163011E-006  4.333734188840565E-006  4.203475008274360E-006  4.122730384031214E-006  4.011296955998810E-006
   3085.00043219900       6.584267650902992E-006  6.448774761409829E-006  6.301502613940918E-006  6.140271405151048E-006  5.961811947821192E-006  5.761683354655418E-006  5.533404308731987E-006  5.405859792863665E-006  5.267331247889503E-006  5.115667263598082E-006  5.017281157641615E-006  4.948161215270268E-006  4.838538778451161E-006  4.761025764469222E-006  4.637048021986894E-006  4.548375940473623E-006  4.501896723549977E-006  4.453750819378271E-006  4.403670969128454E-006  4.351254467244213E-006  4.295849435937695E-006  4.170299826767547E-006  4.092337402898426E-006  3.983672111075567E-006
   3095.00043359997       6.498642592158495E-006  6.363080165659379E-006  6.216139307746732E-006  6.055601175873089E-006  5.878681115889995E-006  5.681061133304634E-006  5.457079854788288E-006  5.332604537012343E-006  5.197889239009859E-006  5.051042774852949E-006  4.956071933034024E-006  4.889455626732045E-006  4.783953452807606E-006  4.709427480035737E-006  4.590279008191970E-006  4.505032141883399E-006  4.460316977274802E-006  4.413969394193771E-006  4.365718893243742E-006  4.315162506552969E-006  4.261647103096653E-006  4.139956083136886E-006  4.063911537125030E-006  3.956950690292925E-006
   3105.00043500094       6.665546469277060E-006  6.531587989061345E-006  6.385518480053550E-006  6.225179058648530E-006  6.046773623540867E-006  5.845493973480602E-006  5.614082561040824E-006  5.483771168691045E-006  5.341298484657295E-006  5.184051896839172E-006  5.081260835842834E-006  5.008658927545154E-006  4.892827098726643E-006  4.810407952394911E-006  4.677753453810777E-006  4.582333310061622E-006  4.532183691400657E-006  4.480182033601266E-006  4.426076353299816E-006  4.369498016790851E-006  4.309846882746751E-006  4.175952216955683E-006  4.094329366560416E-006  3.983353618679026E-006
   3115.00043640191       6.441015464190639E-006  6.310265817172468E-006  6.168211639123333E-006  6.012630157861054E-006  5.840803650831973E-006  5.648323022187306E-006  5.429408374608106E-006  5.307397246078416E-006  5.175077991936493E-006  5.030483239621092E-006  4.936786750325373E-006  4.871004777057297E-006  4.766693865041022E-006  4.692914349488072E-006  4.574806488580919E-006  4.490182496750402E-006  4.445748680552037E-006  4.399661708833736E-006  4.351645072697134E-006  4.301294217241468E-006  4.247958238624025E-006  4.126627502164247E-006  4.050964976488133E-006  3.945256602913101E-006
   3125.00043780287       6.593326526023598E-006  6.460363721998156E-006  6.315901787542884E-006  6.157337692596278E-006  5.981510134178528E-006  5.783665577890260E-006  5.557130729592785E-006  5.430029736218991E-006  5.291326115557181E-006  5.138615364150272E-006  5.038933324503794E-006  4.968583663235542E-006  4.856393261517939E-006  4.776533430262220E-006  4.647828778049093E-006  4.555000489435683E-006  4.506081322219355E-006  4.455242700478543E-006  4.402205378367561E-006  4.346566545125924E-006  4.287700088898977E-006  4.154885062375254E-006  4.073694520778801E-006  3.963564595250500E-006
   3135.00043920384       6.340426928802342E-006  6.212410501164100E-006  6.073789294236907E-006  5.922248170540755E-006  5.754780389420284E-006  5.567575254702522E-006  5.354796441102477E-006  5.236247646008208E-006  5.107745736921733E-006  4.967278738100532E-006  4.876222052836396E-006  4.812262776740313E-006  4.710749611683369E-006  4.638892119147671E-006  4.523656101037367E-006  4.440881299211877E-006  4.397328827877575E-006  4.352067173258230E-006  4.304801098139052E-006  4.255092012758360E-006  4.202245735657220E-006  4.081154351503235E-006  4.004953529462300E-006  3.897478641946291E-006
   3145.00044060481       6.476066727830064E-006  6.346516270991750E-006  6.206030011090561E-006  6.051900137267506E-006  5.881102868495860E-006  5.688984413559888E-006  5.469124086246728E-006  5.345769802584892E-006  5.211250942751128E-006  5.063113700816657E-006  4.966430168706221E-006  4.898179202687059E-006  4.789329183155955E-006  4.711861145367002E-006  4.587051656812925E-006  4.497068396639375E-006  4.449675179173412E-006  4.400442282195985E-006  4.349103253296285E-006  4.295273738758163E-006  4.238339543633092E-006  4.109780937778347E-006  4.030841210813541E-006  3.922802505998800E-006
   3155.00044200578       6.435473127670553E-006  6.307111717248291E-006  6.167548478431317E-006  6.014304031042996E-006  5.844068982959787E-006  5.652275441233838E-006  5.432467944416394E-006  5.309093337773790E-006  5.174532395552612E-006  5.026574834210430E-006  4.930188338819520E-006  4.862275424611511E-006  4.754231832744322E-006  4.677579314055549E-006  4.554548324502514E-006  4.466250874535466E-006  4.419879024012533E-006  4.371796638515767E-006  4.321743635470276E-006  4.269334612667228E-006  4.213949872600753E-006  4.088826188819190E-006  4.011782106567856E-006  3.905975873770934E-006
   3165.00044340675       6.494451290855073E-006  6.366880064978187E-006  6.227832746050918E-006  6.075234910483247E-006  5.905705866654499E-006  5.714487530587044E-006  5.494651585899327E-006  5.370838719962120E-006  5.235362027745945E-006  5.085585414294926E-006  4.987494901394864E-006  4.918080081923697E-006  4.807040648939422E-006  4.727760174060872E-006  4.599540673962188E-006  4.506740135610630E-006  4.457753137765928E-006  4.406788653622192E-006  4.353584263694040E-006  4.297769965437541E-006  4.238755257233927E-006  4.106049417145664E-006  4.025404390418398E-006  3.916661791668306E-006
   3175.00044480772       6.371158488833458E-006  6.245135527616456E-006  6.108317258588924E-006  5.958101386249870E-006  5.791509040056085E-006  5.603816513741758E-006  5.388789344066257E-006  5.268034864535596E-006  5.136244539179464E-006  4.991120860470403E-006  4.896382454768176E-006  4.829550043188036E-006  4.723015617866802E-006  4.647262773889881E-006  4.525339891926644E-006  4.437572657448672E-006  4.391385392527106E-006  4.343430889111727E-006  4.293443036202027E-006  4.241041508389590E-006  4.185600424748051E-006  4.060191807300258E-006  3.982918082977942E-006  3.876730449989004E-006
   3185.00044620869       6.369659602949127E-006  6.246327243064227E-006  6.112838403259299E-006  5.966091182252788E-006  5.803374317227147E-006  5.619836402855838E-006  5.409039079937134E-006  5.290264817245156E-006  5.160294641094390E-006  5.016512652105379E-006  4.922279650068527E-006  4.855523026452215E-006  4.748684221987402E-006  4.672308678712154E-006  4.548589447237741E-006  4.458833033506315E-006  4.411357007169537E-006  4.361884393901557E-006  4.310126969919992E-006  4.255675016443227E-006  4.197894197232881E-006  4.066937054715244E-006  3.986546176174087E-006  3.877226878817966E-006
   3195.00044760966       6.333912169069436E-006  6.210992605276344E-006  6.077557041987022E-006  5.930963355258950E-006  5.768054533614509E-006  5.584329415740701E-006  5.373142458643098E-006  5.254117389914674E-006  5.123776382431255E-006  4.979625173672645E-006  4.885141548959749E-006  4.818265598203270E-006  4.711276688382910E-006  4.634894951803442E-006  4.511459454731496E-006  4.422235308512611E-006  4.375187164780014E-006  4.326284012067376E-006  4.275279901502444E-006  4.221814419019032E-006  4.165312911715100E-006  4.038080425636210E-006  3.960292087050758E-006  3.854299155173694E-006
   3210.00044971111       6.400268133148402E-006  6.278185466367443E-006  6.145302648033213E-006  5.999136998765734E-006  5.836606595164716E-006  5.652664919411431E-006  5.440646528150818E-006  5.320718541814579E-006  5.189052150160720E-006  5.042876889674712E-006  4.946707349995722E-006  4.878412099961794E-006  4.768739859728853E-006  4.690074590276120E-006  4.562153127068224E-006  4.468980424093535E-006  4.419575816532614E-006  4.368008413168594E-006  4.313998054068996E-006  4.257135691183535E-006  4.196818639532074E-006  4.060783787271084E-006  3.978382016500817E-006  3.868661551737469E-006
   3230.00045251305       6.231150144559129E-006  6.115232070377398E-006  5.989209050109864E-006  5.850893753750258E-006  5.697287720168245E-006  5.523742857511062E-006  5.323700490542929E-006  5.210643514332089E-006  5.086442493409142E-006  4.948433457528983E-006  4.857490134701775E-006  4.792866758818809E-006  4.688913807058909E-006  4.614218522522908E-006  4.492437911476124E-006  4.403455742627105E-006  4.356160760353546E-006  4.306711401347139E-006  4.254799228173468E-006  4.200003369089466E-006  4.141687297556120E-006  4.009201626646075E-006  3.928037572638601E-006  3.818409106877874E-006
   3250.00045531499       6.294480831856727E-006  6.178293548731370E-006  6.051372236067146E-006  5.911815442081843E-006  5.756348179362409E-006  5.580101589375945E-006  5.376018653396209E-006  5.260133994540697E-006  5.132468548095842E-006  4.990061914911598E-006  4.895921645005236E-006  4.828902030599149E-006  4.720840871977128E-006  4.643049423685846E-006  4.515978988616206E-006  4.423010477402092E-006  4.373593876456836E-006  4.321942194894341E-006  4.267762814941077E-006  4.210664480085724E-006  4.150061602624735E-006  4.013460393377900E-006  3.930964085492309E-006  3.821701600691142E-006
   3270.00045811693       6.225561615343622E-006  6.111443696986530E-006  5.987642233809454E-006  5.851422089565988E-006  5.699468393985686E-006  5.527384640613239E-006  5.328273232841449E-006  5.215241131094562E-006  5.090553340917512E-006  4.951493662369010E-006  4.859516606683740E-006  4.793928492548727E-006  4.688095715304788E-006  4.611738783251786E-006  4.486777154406423E-006  4.395086719268754E-006  4.346235148838868E-006  4.295079568397253E-006  4.241320177612690E-006  4.184549155802004E-006  4.124164626156435E-006  3.987628765251896E-006  3.905017369947563E-006  3.795673147933928E-006
   3290.00046091887       6.113407575297702E-006  6.004633244716814E-006  5.887186185341050E-006  5.757653929807938E-006  5.613280408089358E-006  5.449683535796664E-006  5.260247521819888E-006  5.152658728088980E-006  5.033857836569320E-006  4.901000962401947E-006  4.812904072355957E-006  4.749955683010175E-006  4.648078296687483E-006  4.574302135845499E-006  4.452963618688132E-006  4.363356771407324E-006  4.315377478395574E-006  4.264948240496688E-006  4.211717911535166E-006  4.155229287263257E-006  4.094809060695148E-006  3.956928578549840E-006  3.872779687041930E-006  3.760963392390438E-006
   3310.00046372080       6.153866323018544E-006  6.045223648378670E-006  5.927244661437039E-006  5.796971383083670E-006  5.651864596436490E-006  5.487174561953148E-006  5.295792493698763E-006  5.186834105606989E-006  5.066240801346309E-006  4.931080328313813E-006  4.841169810199640E-006  4.776808608139676E-006  4.672394305691871E-006  4.596618764564014E-006  4.471639692161178E-006  4.379095951310579E-006  4.329483505693887E-006  4.277301050317026E-006  4.222205645109561E-006  4.163753344538396E-006  4.101304556672173E-006  3.959506104274616E-006  3.873913238315523E-006  3.762096337825345E-006
   3330.00046652274       6.030628018384781E-006  5.926680695932707E-006  5.813816430502384E-006  5.689466098352476E-006  5.550906166909103E-006  5.393736989964904E-006  5.211397583031194E-006  5.107663424961005E-006  4.992803382426806E-006  4.863936641597224E-006  4.778106025519232E-006  4.716591784619212E-006  4.616628049364492E-006  4.543928008103317E-006  4.423578528886454E-006  4.334081828927632E-006  4.285938141025702E-006  4.235158973498452E-006  4.181387017677700E-006  4.124134581018697E-006  4.062729690048093E-006  3.922344718023394E-006  3.836954257417990E-006  3.724663632538246E-006
   3350.00046932468       6.036371944557627E-006  5.932447629415794E-006  5.819309384505856E-006  5.694768828721463E-006  5.556094636320940E-006  5.398684123266239E-006  5.215917682086220E-006  5.111816658548998E-006  4.996435775273157E-006  4.866866853059687E-006  4.780437835764630E-006  4.718429757752560E-006  4.617548770690345E-006  4.544053335767124E-006  4.422188503514649E-006  4.331377334938562E-006  4.282457133809509E-006  4.230816665527525E-006  4.176075328489735E-006  4.117749009980444E-006  4.055162541974030E-006  3.912200645687322E-006  3.825654768367474E-006  3.712889684267994E-006
   3370.00047212662       6.045020200064966E-006  5.942903326543628E-006  5.831004655319858E-006  5.708400729093573E-006  5.571447595086503E-006  5.415410374368751E-006  5.234240207602725E-006  5.130759830191128E-006  5.015790588666583E-006  4.886267674120066E-006  4.799606777488673E-006  4.737285966071773E-006  4.635586746182818E-006  4.561249879804962E-006  4.437501884567694E-006  4.344829468390949E-006  4.294741785759723E-006  4.241737848493342E-006  4.185403779855402E-006  4.125224720932460E-006  4.060488461356340E-006  3.912256215810463E-006  3.822730714849775E-006  3.707366815958509E-006
   3390.00047492856       5.873837009339653E-006  5.777062258439665E-006  5.671593175027598E-006  5.556578338375030E-006  5.427894492410571E-006  5.282138143793427E-006  5.112895460086527E-006  5.016285083061401E-006  4.909111946258117E-006  4.788285671887523E-006  4.707492147442030E-006  4.649325037771197E-006  4.554344991752339E-006  4.484800703936504E-006  4.368726253985669E-006  4.281443878081534E-006  4.234092812281780E-006  4.183829266529022E-006  4.130208477658142E-006  4.072664567975258E-006  4.010401642820686E-006  3.866146040830335E-006  3.777662150339400E-006  3.661884418697464E-006
   3410.00047773050       5.900943144013214E-006  5.803775851987546E-006  5.698073091224542E-006  5.582270898138654E-006  5.453516935987074E-006  5.306893161680893E-006  5.136565719705067E-006  5.039261530677009E-006  4.931091175316181E-006  4.809031622560061E-006  4.727283391499522E-006  4.668410445384548E-006  4.572052771942150E-006  4.501396448897724E-006  4.383243127846709E-006  4.294200023300521E-006  4.245842673931178E-006  4.194452034270571E-006  4.139583266351216E-006  4.080648139962634E-006  4.016849135523284E-006  3.869149411150031E-006  3.778997872434223E-006  3.662496637484663E-006
   3430.00048053244       5.943216539634951E-006  5.847537554278602E-006  5.742866343941304E-006  5.627249706657908E-006  5.498639982588574E-006  5.352353013012113E-006  5.181549297611995E-006  5.083602303713693E-006  4.974754278835427E-006  4.851323863524934E-006  4.768370093671066E-006  4.708482146886312E-006  4.610170141518165E-006  4.537828588709266E-006  4.416274536122919E-006  4.324104466069412E-006  4.273849012644918E-006  4.220279318185838E-006  4.162883809830046E-006  4.101010069226770E-006  4.033790591311071E-006  3.877510641857474E-006  3.782263324916663E-006  3.660776346972503E-006
   3450.00048333437       5.742061232320656E-006  5.649842980414946E-006  5.550248900464912E-006  5.439573066470397E-006  5.317287564946374E-006  5.178557344226520E-006  5.017335208529333E-006  4.925409382128179E-006  4.823261978472314E-006  4.708096341981689E-006  4.630974767854858E-006  4.575356384351366E-006  4.484325256749319E-006  4.417475618797137E-006  4.305400863484824E-006  4.220633826001865E-006  4.174435951076509E-006  4.125208726259085E-006  4.072451657521934E-006  4.015539092750554E-006  3.953598932356285E-006  3.808634005925718E-006  3.718985513013986E-006  3.601926215557378E-006
   3470.00048613631       5.817447250594910E-006  5.726242012915964E-006  5.626160550835363E-006  5.517079520309458E-006  5.394920849258594E-006  5.256584268817600E-006  5.095456573963954E-006  5.003164355461330E-006  4.900253972691692E-006  4.783629493110313E-006  4.705154508745401E-006  4.648465763706653E-006  4.555171318815668E-006  4.486374255515996E-006  4.370200660130810E-006  4.281614434582149E-006  4.233079168667556E-006  4.181114424331329E-006  4.125164072923889E-006  4.064482060266821E-006  3.998067319944667E-006  3.841474294554425E-006  3.744543806005519E-006  3.620133060577596E-006
   3490.00048893825       5.782139572509718E-006  5.691078868941362E-006  5.590822647232745E-006  5.481034248868729E-006  5.359415204766824E-006  5.220660568084929E-006  5.059153228391117E-006  4.966508771524119E-006  4.863408197029772E-006  4.746702720795512E-006  4.668159887023706E-006  4.611468810804518E-006  4.518247754267633E-006  4.449528839956326E-006  4.333774585059661E-006  4.245684482517150E-006  4.197476433133886E-006  4.145939941206469E-006  4.090532443573950E-006  4.030538227351704E-006  3.965001404565454E-006  3.810953093014260E-006  3.715864974460681E-006  3.593925629771753E-006
   3510.00049174019       5.654676577962809E-006  5.567293902248690E-006  5.472200966340428E-006  5.368079331581850E-006  5.252532529515442E-006  5.120821679920642E-006  4.968224603113237E-006  4.881270076632650E-006  4.784322876086184E-006  4.674592870528224E-006  4.600760706078717E-006  4.547483478751879E-006  4.459873363895410E-006  4.395187344018733E-006  4.285904948169704E-006  4.202421096747131E-006  4.156571486990823E-006  4.107410235066944E-006  4.054338391152729E-006  3.996606895201013E-006  3.933151974249086E-006  3.782103112300203E-006  3.687356197662735E-006  3.564258345141649E-006
   3530.00049454213       5.619438201325137E-006  5.534523532947843E-006  5.440046765966148E-006  5.337197224066044E-006  5.222999658884620E-006  5.093009344014612E-006  4.942179948153943E-006  4.855761346668338E-006  4.759725313877270E-006  4.651041823328679E-006  4.577939163424883E-006  4.525069217277926E-006  4.438075915752595E-006  4.373820555012631E-006  4.265154777061513E-006  4.182084493930190E-006  4.136432332389889E-006  4.087423266504525E-006  4.034501545340753E-006  3.976883861681093E-006  3.913496071738835E-006  3.762367211071468E-006  3.667439131787237E-006  3.544164142941603E-006
   3550.00049734407       5.638840632163430E-006  5.553181118961730E-006  5.459687057600140E-006  5.355918594410765E-006  5.241128632337416E-006  5.110443942177848E-006  4.958661933417254E-006  4.871819013595926E-006  4.775007255506293E-006  4.665351890694924E-006  4.591557529938320E-006  4.538080767209725E-006  4.450164602681961E-006  4.385168132770387E-006  4.275089730155682E-006  4.190766985391911E-006  4.144367338165054E-006  4.094534610072016E-006  4.040643725525091E-006  3.981899598164387E-006  3.917189107070824E-006  3.762666373527272E-006  3.665683045739526E-006  3.540642004213173E-006
   3570.00050014600       5.502660280117599E-006  5.420289294907321E-006  5.330516021841146E-006  5.232122270614137E-006  5.122825548609124E-006  4.998897675653880E-006  4.854994264141901E-006  4.772567301129941E-006  4.681294712006301E-006  4.577656253644976E-006  4.508004077727867E-006  4.457618783608871E-006  4.374600083316152E-006  4.313255407879190E-006  4.209333060856488E-006  4.129633746020448E-006  4.085700284385627E-006  4.038447067506471E-006  3.987266496726038E-006  3.931344205962901E-006  3.869565355012573E-006  3.720892380296357E-006  3.626414851747562E-006  3.502804876743833E-006
   3590.00050294794       5.475221761859778E-006  5.393334179462455E-006  5.304498491139444E-006  5.206737370923026E-006  5.099289493058439E-006  4.977070077905844E-006  4.835183829367003E-006  4.754291475686854E-006  4.663805563192303E-006  4.561672605222662E-006  4.492954171103567E-006  4.443143733851704E-006  4.361219082026157E-006  4.300547062062233E-006  4.197663149013701E-006  4.118613988537453E-006  4.074981455970612E-006  4.027968370585504E-006  3.976970682891769E-006  3.921117177140656E-006  3.859249274377013E-006  3.709631574205228E-006  3.614080111599794E-006  3.488971821932054E-006
   3610.00050574988       5.517718527205074E-006  5.436578388098885E-006  5.345857785722001E-006  5.247714963268440E-006  5.139207243591524E-006  5.016847725952427E-006  4.873109059800595E-006  4.790982645367932E-006  4.699585762214929E-006  4.595635651229365E-006  4.525603856854468E-006  4.474865212509419E-006  4.391080320790028E-006  4.329061701594466E-006  4.223688645902642E-006  4.142527716947049E-006  4.097682354961478E-006  4.049306590655215E-006  3.996784985677479E-006  3.939205043037010E-006  3.875335552485841E-006  3.720589070593502E-006  3.621635916378891E-006  3.492702791330316E-006
   3630.00050855182       5.389489298942747E-006  5.310559872876758E-006  5.223620672395079E-006  5.130350392008939E-006  5.025796858042341E-006  4.908051598240737E-006  4.770842113978693E-006  4.692767467244827E-006  4.605613675092699E-006  4.507013623978917E-006  4.440708655495828E-006  4.392635302079560E-006  4.313315169509169E-006  4.254594708490695E-006  4.154787633585630E-006  4.077841722195961E-006  4.035288845325031E-006  3.989377447371291E-006  3.939446514063495E-006  3.884607533014047E-006  3.823648794382398E-006  3.675102107428884E-006  3.579299980402266E-006  3.453142565720223E-006
   3650.00051135376       5.363567154945874E-006  5.284764161007064E-006  5.200270826847309E-006  5.109046738663886E-006  5.005771949614059E-006  4.889165545328837E-006  4.753471513869560E-006  4.676011072467656E-006  4.589659545804864E-006  4.492023930622770E-006  4.426041459505187E-006  4.378313398065944E-006  4.299500048088089E-006  4.241083517278760E-006  4.141714183311663E-006  4.065129268680417E-006  4.022721546938393E-006  3.976923367350809E-006  3.927086128089367E-006  3.872324935679346E-006  3.811385446765511E-006  3.662630782091880E-006  3.566544594179881E-006  3.440113692515379E-006
   3670.00051415570       5.323242272399539E-006  5.249159174472005E-006  5.165836281301295E-006  5.076269620803425E-006  4.975577911994679E-006  4.861596587396919E-006  4.729530676386173E-006  4.654055285184220E-006  4.569400037593751E-006  4.473571110861516E-006  4.408756112903738E-006  4.361930592174384E-006  4.284482037002293E-006  4.226999965004097E-006  4.129049127619320E-006  4.053298839990794E-006  4.011303532207788E-006  3.965904487453987E-006  3.916387884372251E-006  3.861873504999348E-006  3.801093945301323E-006  3.652016356524575E-006  3.555157307229187E-006  3.427243817878524E-006
   3690.00051695763       5.274899010544929E-006  5.199885606501875E-006  5.119359181696559E-006  5.031892136556686E-006  4.932741368654365E-006  4.821225787462600E-006  4.691212045709433E-006  4.616872889210018E-006  4.534103702661747E-006  4.439972852492426E-006  4.376438903997089E-006  4.330355750022202E-006  4.254169141255459E-006  4.197699225129744E-006  4.101357157360006E-006  4.026801604036015E-006  3.985415710799543E-006  3.940655199692120E-006  3.891832976281323E-006  3.838013585335677E-006  3.777943532701190E-006  3.630299914982109E-006  3.534111223432320E-006  3.406834175712552E-006
   3710.00051975957       5.186315037144407E-006  5.113396535202113E-006  5.033816605322201E-006  4.946625052744763E-006  4.850451260901810E-006  4.742636541414174E-006  4.616960738667053E-006  4.544750953985379E-006  4.464813473222775E-006  4.374386477238096E-006  4.313292413322967E-006  4.269125037823551E-006  4.196256242591072E-006  4.142132911433353E-006  4.050003372424553E-006  3.978774271354218E-006  3.939202635380026E-006  3.896394718016357E-006  3.849657283441489E-006  3.798085297304902E-006  3.740409191061992E-006  3.597813482695985E-006  3.503963527731591E-006  3.378200761784192E-006
   3730.00052256151       5.173701970282699E-006  5.102505996439315E-006  5.024340721181445E-006  4.936759613044899E-006  4.841500231250431E-006  4.732964455635533E-006  4.608041298674491E-006  4.535479494168016E-006  4.456189765937573E-006  4.365866808391498E-006  4.305015877420083E-006  4.260555805221990E-006  4.187793684113269E-006  4.133780776397478E-006  4.041658262344123E-006  3.970298520935020E-006  3.930643626774544E-006  3.887741054809338E-006  3.840859067367449E-006  3.789087715879112E-006  3.731139999428349E-006  3.587574695255700E-006  3.492900270724096E-006  3.366030922764835E-006
   3750.00052536345       5.183457274579940E-006  5.114561996449229E-006  5.033015361453463E-006  4.948957264481582E-006  4.854737386766900E-006  4.747766456587490E-006  4.622987573552022E-006  4.551843729465953E-006  4.472557293762066E-006  4.382303534787358E-006  4.321280714172720E-006  4.276787686760403E-006  4.203708913736231E-006  4.149302070418221E-006  4.056316736199131E-006  3.984158567198566E-006  3.943973681477010E-006  3.900451229481021E-006  3.852805553964762E-006  3.800095194094062E-006  3.740948492303292E-006  3.593890391297429E-006  3.496552796452111E-006  3.366211201249956E-006
   3770.00052816539       5.052476796797592E-006  4.983907454380547E-006  4.907090926835950E-006  4.823586170701267E-006  4.731358856237599E-006  4.628702469131543E-006  4.506982895390797E-006  4.438614021412480E-006  4.362525487268269E-006  4.276206247100127E-006  4.218056656565486E-006  4.175916868430244E-006  4.106447501846483E-006  4.054943394418739E-006  3.967224868128079E-006  3.899325398481537E-006  3.861626998365401E-006  3.820798617738500E-006  3.776116198846904E-006  3.726758025303211E-006  3.671407784042819E-006  3.533683550747401E-006  3.442080771433547E-006  3.317998651828363E-006
   3790.00053096733       5.095106060907139E-006  5.029661736005715E-006  4.953571117558361E-006  4.868998317083312E-006  4.775899193817063E-006  4.671082068767966E-006  4.551023541498470E-006  4.482131292624524E-006  4.404823150289670E-006  4.317885653629964E-006  4.259168075811556E-006  4.216660821787402E-006  4.146035666144273E-006  4.093659561461757E-006  4.004376608598021E-006  3.934981916016505E-006  3.896323276742990E-006  3.854378866889945E-006  3.808439028310261E-006  3.757537411120980E-006  3.700275020108449E-006  3.556952570022153E-006  3.461074263243126E-006  3.331179088591725E-006
   3810.00053376926       5.002142967732019E-006  4.935872903538976E-006  4.861423506605219E-006  4.780714373320675E-006  4.689178243159613E-006  4.584963975292154E-006  4.467968923062874E-006  4.401235640325790E-006  4.326339269239790E-006  4.241789067344295E-006  4.184812821353946E-006  4.143253594245000E-006  4.075264343573770E-006  4.024662884768366E-006  3.938428010754154E-006  3.871629677769930E-006  3.834396220599277E-006  3.794096836927472E-006  3.749959137868659E-006  3.701072921224886E-006  3.646172795218923E-006  3.508868161520513E-006  3.416934512750468E-006  3.291755063173823E-006
   3830.00053657120       4.967904115785958E-006  4.899200671021850E-006  4.827500251760144E-006  4.746605653747249E-006  4.658716132900469E-006  4.555949036472412E-006  4.438764293179588E-006  4.372217737867352E-006  4.297601601477240E-006  4.213610206753591E-006  4.156909237502646E-006  4.115497072502005E-006  4.047937327465850E-006  3.997622686161690E-006  3.911740914737035E-006  3.845249362428230E-006  3.808243588709833E-006  3.768097487007566E-006  3.724195733276132E-006  3.675602758047516E-006  3.621010530385172E-006  3.484653845601722E-006  3.393561623592969E-006  3.269926857712833E-006
   3850.00053937314       4.926904433638591E-006  4.860923457110646E-006  4.787837058867160E-006  4.707032583401710E-006  4.618793030649682E-006  4.520494866144333E-006  4.406867403210403E-006  4.341279455056775E-006  4.268357349734965E-006  4.185979402607617E-006  4.130748796007778E-006  4.090331349247471E-006  4.024168977313815E-006  3.974954591335396E-006  3.891300535456969E-006  3.826335219626685E-006  3.790154900470467E-006  3.750885846740663E-006  3.707891935203711E-006  3.660184296705899E-006  3.606498021805760E-006  3.471677444298626E-006  3.380810946516352E-006  3.256331319080963E-006
   3870.00054217508       4.895931877824390E-006  4.833106155472521E-006  4.763814448714827E-006  4.686861726346272E-006  4.601008163094202E-006  4.501452841289961E-006  4.388535543109750E-006  4.324036258868980E-006  4.252958050998378E-006  4.171973582796766E-006  4.117164095239246E-006  4.077487702650993E-006  4.011824968425765E-006  3.963195378779167E-006  3.879987550649089E-006  3.815347670677152E-006  3.779294724221313E-006  3.740177889650340E-006  3.697331732048184E-006  3.649786685185414E-006  3.596201610515463E-006  3.461504520351094E-006  3.370634564233389E-006  3.246101634349148E-006
   3890.00054497702       4.834044779139331E-006  4.768044086372883E-006  4.699803931346334E-006  4.623186914975595E-006  4.538342091396048E-006  4.441969359684765E-006  4.331057840412819E-006  4.267583642431346E-006  4.197465264106178E-006  4.117463613651812E-006  4.063468874982045E-006  4.024382431441848E-006  3.960334511410927E-006  3.912406984063402E-006  3.830714733989400E-006  3.767392009275418E-006  3.732167211424553E-006  3.693858583249367E-006  3.651941645498229E-006  3.605462471416180E-006  3.553124162991628E-006  3.421669539342969E-006  3.333060042028612E-006  3.211572621591467E-006
   3910.00054777896       4.803092911152399E-006  4.738290356108157E-006  4.666091898731711E-006  4.593358475262612E-006  4.507026612890661E-006  4.412016906001074E-006  4.300390332085536E-006  4.237635415260877E-006  4.167730808116384E-006  4.088894270674215E-006  4.035932384697027E-006  3.997491391465502E-006  3.933944586783404E-006  3.886610235976415E-006  3.806065284380439E-006  3.743544584637161E-006  3.708773775270533E-006  3.670989802804884E-006  3.629635963350407E-006  3.583750641472267E-006  3.532069288036995E-006  3.402049668672686E-006  3.314187910766908E-006  3.193370656840336E-006
   3930.00055058090       4.762258695739872E-006  4.696920741337951E-006  4.629106885981890E-006  4.552739798876573E-006  4.469344488474828E-006  4.377601566162987E-006  4.268649590328395E-006  4.206185310438828E-006  4.137664336635652E-006  4.059406059267245E-006  4.006833735674247E-006  3.968669154240904E-006  3.905655265096151E-006  3.859025583034806E-006  3.779307953498940E-006  3.717484149992144E-006  3.683099253042334E-006  3.645793599872818E-006  3.604833472800526E-006  3.559462546403586E-006  3.508295840848257E-006  3.379586106299307E-006  3.292539086444385E-006  3.172712548776842E-006
   3950.00055338283       4.742318277540274E-006  4.681202123119861E-006  4.612719583414752E-006  4.539911728614393E-006  4.455729730665086E-006  4.362067837021651E-006  4.254800617843707E-006  4.193510709884432E-006  4.125369644938573E-006  4.047903722642670E-006  3.995574703206084E-006  3.957822247890391E-006  3.895219622832755E-006  3.848717716513948E-006  3.769128584714985E-006  3.707280002244852E-006  3.672880813466357E-006  3.635453567233870E-006  3.594392027921270E-006  3.548877485189014E-006  3.497536238457849E-006  3.368301459046550E-006  3.281009844950887E-006  3.161390046957642E-006
   3970.00055618477       4.690167268855512E-006  4.628899033608334E-006  4.568872156584233E-006  4.493728939674314E-006  4.411934955695848E-006  4.319942296577256E-006  4.213136042827763E-006  4.152417011612657E-006  4.084019590722840E-006  4.006749004479439E-006  3.954937869572890E-006  3.917393472059127E-006  3.855121496681132E-006  3.808828873646459E-006  3.729965210804479E-006  3.668716894419550E-006  3.634596896474680E-006  3.597525503673939E-006  3.556940875192268E-006  3.511919805821388E-006  3.461215683598029E-006  3.333848995534002E-006  3.248076177422504E-006  3.130725863202240E-006
   3990.00055898671       4.554780566431226E-006  4.495268733557448E-006  4.428414676887955E-006  4.357927496603008E-006  4.280496838022725E-006  4.191492364703148E-006  4.088856217244027E-006  4.030175569170734E-006  3.966057022986160E-006  3.892772958357148E-006  3.843487899908881E-006  3.807895461028662E-006  3.749137345710980E-006  3.705373082384014E-006  3.631002361609277E-006  3.573463521588924E-006  3.541484625162141E-006  3.506860134767694E-006  3.468994172474243E-006  3.427080415523753E-006  3.380009308198031E-006  3.262332239941405E-006  3.183398472882140E-006  3.075151739794835E-006
   4010.00056178865       4.588642020790914E-006  4.527944403535907E-006  4.459321217395487E-006  4.387480141405335E-006  4.305143204041989E-006  4.212463431356615E-006  4.104619867467005E-006  4.042483629195725E-006  3.974019640034954E-006  3.896813698553240E-006  3.844492391473498E-006  3.806704116622416E-006  3.744162908768271E-006  3.697785913633274E-006  3.618842660971213E-006  3.557828260410090E-006  3.523965039194964E-006  3.487321731424614E-006  3.447358828426631E-006  3.403262811504197E-006  3.353898880474529E-006  3.231330929037055E-006  3.149627441617397E-006  3.037231075880289E-006
   4030.00056459059       4.555536073855349E-006  4.496376162361466E-006  4.429667178074854E-006  4.359458281377173E-006  4.279181710722536E-006  4.189067236315608E-006  4.084555692892652E-006  4.024501434784470E-006  3.957859036579058E-006  3.882145684055196E-006  3.830917574796067E-006  3.793901885349485E-006  3.732846684360825E-006  3.687368684891705E-006  3.609953267024957E-006  3.549975663437204E-006  3.516629037048986E-006  3.480489903725735E-006  3.440955082312745E-006  3.397271775538287E-006  3.348268304365701E-006  3.226103454296447E-006  3.144459035257448E-006  3.032574033846017E-006
   4050.00056739253       4.451246313492135E-006  4.390709093690796E-006  4.325582176476578E-006  4.252253764552731E-006  4.171596547654714E-006  4.079922340603407E-006  3.973895844808466E-006  3.913211463120816E-006  3.845703233784237E-006  3.769266995856660E-006  3.717858791416218E-006  3.680645495260997E-006  3.619562947520868E-006  3.574285886901955E-006  3.497607478119142E-006  3.438598212008066E-006  3.406031094328014E-006  3.370896391731595E-006  3.332705952290403E-006  3.290755069462219E-006  3.244034535609741E-006  3.128956139926856E-006  3.052647036166190E-006  2.946547000394815E-006
   4070.00057019446       4.408510152594058E-006  4.349451646347204E-006  4.283788124037033E-006  4.214456404187121E-006  4.136977447407688E-006  4.048362210163321E-006  3.945896243562685E-006  3.887089958977286E-006  3.822177201704274E-006  3.748423938322164E-006  3.698905655769791E-006  3.663072249894111E-006  3.603995945941313E-006  3.560238385607494E-006  3.485982382338336E-006  3.428796955975758E-006  3.397116533001167E-006  3.362929881391829E-006  3.325694101765090E-006  3.284724205412086E-006  3.238982914314246E-006  3.126008712257903E-006  3.051080090882769E-006  2.947808601423490E-006
   4090.00057299640       4.397085421312980E-006  4.335904480834580E-006  4.268343356640932E-006  4.194409031788129E-006  4.112637657543571E-006  4.019530562329530E-006  3.910593808126623E-006  3.848633013113181E-006  3.779440448534159E-006  3.701543459137425E-006  3.649171222671635E-006  3.611313096713427E-006  3.549195331344368E-006  3.503391766110813E-006  3.426118299137045E-006  3.367062273624443E-006  3.334610425622484E-006  3.299742152243530E-006  3.261993734658385E-006  3.220717806756855E-006  3.174994882870613E-006  3.063476295380342E-006  2.990224767760789E-006  2.888485844589072E-006
   4110.00057579834       4.360999832134143E-006  4.302582659881831E-006  4.239271402436291E-006  4.169351432969385E-006  4.091833113564045E-006  4.003681404768982E-006  3.901339205694795E-006  3.842728444221193E-006  3.777446864575578E-006  3.703713525580556E-006  3.654052911499666E-006  3.618067160373377E-006  3.558767808002232E-006  3.514788522960736E-006  3.440182636502168E-006  3.382711257276252E-006  3.350930076370110E-006  3.316629708858241E-006  3.279295274275370E-006  3.238248346107485E-006  3.192508626860478E-006  3.079963390763341E-006  3.005737249022325E-006  2.903811826767512E-006
   4130.00057860028       4.305695169736490E-006  4.245277138628873E-006  4.180274950440033E-006  4.107166147682093E-006  4.026750802598501E-006  3.935718932547748E-006  3.829966053980184E-006  3.769549183821784E-006  3.702658359019962E-006  3.627200387840675E-006  3.576564887024734E-006  3.540044027214308E-006  3.480118465701494E-006  3.436004633371420E-006  3.361628937274300E-006  3.304870191259242E-006  3.273659767645895E-006  3.240174188378807E-006  3.203906401135938E-006  3.164248868010377E-006  3.120300780452890E-006  3.012903517572498E-006  2.942079624325682E-006  2.843053048985174E-006
   4150.00058140222       4.290571879273288E-006  4.232745882371190E-006  4.169331713003149E-006  4.100233641663302E-006  4.023509659701254E-006  3.936233171149712E-006  3.834855939311452E-006  3.776867486431832E-006  3.712332219377590E-006  3.639268869199548E-006  3.590083194786551E-006  3.554522090047377E-006  3.495916248571772E-006  3.452555482935397E-006  3.379050925900588E-006  3.322537056651187E-006  3.291330553317003E-006  3.257695787882723E-006  3.221145842664688E-006  3.181028385756956E-006  3.136398174909872E-006  3.026899409382621E-006  2.954808192782873E-006  2.855486972698609E-006
   4170.00058420416       4.200717930500539E-006  4.142314360553645E-006  4.078342886866238E-006  4.008613379459057E-006  3.931017257126589E-006  3.843131250760482E-006  3.741080550264817E-006  3.682986728190804E-006  3.618428993089569E-006  3.545646229366777E-006  3.496868612607740E-006  3.461653014695064E-006  3.403906000221493E-006  3.361418512870777E-006  3.289805407589297E-006  3.235183625992173E-006  3.205182749880317E-006  3.172989242335222E-006  3.138163548557216E-006  3.100122180570598E-006  3.058019273829190E-006  2.955432976819208E-006  2.887963876591840E-006  2.793458430936022E-006
   4190.00058700609       4.211322559143522E-006  4.154839743925788E-006  4.093630802204222E-006  4.026436088798111E-006  3.951503242424580E-006  3.866447315611583E-006  3.767457856664371E-006  3.710697161369092E-006  3.647601166627622E-006  3.576061188701435E-006  3.527881731932142E-006  3.493030604454181E-006  3.435611126843706E-006  3.393114660802426E-006  3.321104203381204E-006  3.265820945001722E-006  3.235311257464620E-006  3.202457470999019E-006  3.166789848592892E-006  3.127680926439828E-006  3.084228453399414E-006  2.977856775461544E-006  2.907941701828256E-006  2.811476059515293E-006
   4210.00058980803       4.113134639957843E-006  4.058305155451126E-006  3.998512514587889E-006  3.932630199983045E-006  3.858723658255291E-006  3.775451523117455E-006  3.678757789041843E-006  3.623416300283712E-006  3.561886995177800E-006  3.492471550056756E-006  3.445845079553903E-006  3.412156539782998E-006  3.356865444215679E-006  3.316106515907026E-006  3.247322846937215E-006  3.194772412195787E-006  3.165873718538707E-006  3.134810072482199E-006  3.101175583409450E-006  3.064380696072388E-006  3.023583167990902E-006  2.923830916399860E-006  2.857992723101233E-006  2.765732666406018E-006
   4230.00059260997       4.153734803521021E-006  4.097400818838509E-006  4.036439925199073E-006  3.968942085143740E-006  3.894109628554822E-006  3.809265996232026E-006  3.710729651380763E-006  3.654404959872097E-006  3.591732739999876E-006  3.520825332993893E-006  3.473115065887224E-006  3.438621506306656E-006  3.381861436686527E-006  3.339919427680594E-006  3.268961550866329E-006  3.214532888865858E-006  3.184527718159789E-006  3.152229610901311E-006  3.117193668787082E-006  3.078800131348590E-006  3.036164763967534E-006  2.931820548184854E-006  2.863178523636208E-006  2.768129892964059E-006
   4250.00059541191       4.080014233326045E-006  4.024428048196550E-006  3.963508033959615E-006  3.896774717883687E-006  3.822338799331698E-006  3.738088946704113E-006  3.640346151539050E-006  3.584499429041494E-006  3.522451265031451E-006  3.452403642269311E-006  3.405398735889820E-006  3.371492505681448E-006  3.315858782959763E-006  3.274889013586302E-006  3.205831905713031E-006  3.153152445779189E-006  3.124227880039516E-006  3.093190455949603E-006  3.059630242369651E-006  3.022990254831578E-006  2.982465693536517E-006  2.883912343142611E-006  2.819323397437771E-006  2.729349691960237E-006
   4270.00059821385       4.059830738980330E-006  4.004909494877919E-006  3.945277190493471E-006  3.879740300955699E-006  3.806764560359667E-006  3.724067331311893E-006  3.627930145618658E-006  3.572990074207652E-006  3.511961966615889E-006  3.442890771006833E-006  3.396486877751454E-006  3.362957441863869E-006  3.307843701363216E-006  3.267168517224212E-006  3.198435335703879E-006  3.145836848059890E-006  3.116891810368209E-006  3.085778580572481E-006  3.052079379435726E-006  3.015221607521265E-006  2.974385943343099E-006  2.874901952649405E-006  2.809762935219084E-006  2.719541094185261E-006
   4290.00060101579       3.889458144764975E-006  3.840056273534936E-006  3.785549776977013E-006  3.726193680302915E-006  3.660424351098765E-006  3.586015036848087E-006  3.499670082335752E-006  3.450330342801648E-006  3.395489685526464E-006  3.333452198594898E-006  3.291723736262584E-006  3.261508859424629E-006  3.211814694094803E-006  3.175064436250997E-006  3.112739594562666E-006  3.064844549715687E-006  3.038391540402743E-006  3.009872856252340E-006  2.978867438095208E-006  2.944792529969722E-006  2.906818162563190E-006  2.813003391478044E-006  2.750200440079932E-006  2.660499507029034E-006
   4310.00060381773       3.661648845573576E-006  3.615823564797675E-006  3.566010126887465E-006  3.511861351725263E-006  3.451993414088573E-006  3.384782799831805E-006  3.307498944525440E-006  3.263721077217182E-006  3.215311817579254E-006  3.160925894074884E-006  3.124547988959179E-006  3.098351868402476E-006  3.055396404008207E-006  3.023777291163740E-006  2.970426909345763E-006  2.929587428741425E-006  2.907067598039980E-006  2.882799540564338E-006  2.856405617827244E-006  2.827348018700624E-006  2.794828536940549E-006  2.713064940938248E-006  2.655926255141637E-006  2.567288200613608E-006
   4330.00060661966       3.729972967878146E-006  3.682740839835179E-006  3.631456005529610E-006  3.575685152723582E-006  3.514106648086999E-006  3.444783462817048E-006  3.364611411571831E-006  3.319068394053140E-006  3.268637786928855E-006  3.211803488588612E-006  3.173679022645399E-006  3.146167160449011E-006  3.100985441811222E-006  3.067628944303088E-006  3.011192367120354E-006  2.967840590282759E-006  2.943885571559600E-006  2.918025595296481E-006  2.889849036023811E-006  2.858768445405791E-006  2.823910715508916E-006  2.736095500203350E-006  2.674969123506395E-006  2.582505147848195E-006
   4350.00060942160       3.535329753465102E-006  3.492562855370063E-006  3.446414884893197E-006  3.396082797452703E-006  3.340536064808520E-006  3.278100016691013E-006  3.206160910237419E-006  3.165301780503012E-006  3.120136648533648E-006  3.069249916307581E-006  3.035153036573449E-006  3.010543468301994E-006  2.970139062302950E-006  2.940303035002937E-006  2.889779968822206E-006  2.850913825391858E-006  2.829396208455447E-006  2.806125926385903E-006  2.780705366169595E-006  2.752566739093371E-006  2.720854515849422E-006  2.639947699764918E-006  2.582537058413963E-006  2.494094243012849E-006
   4370.00061222354       3.446257548155802E-006  3.405728850003183E-006  3.362013973070154E-006  3.314399007574133E-006  3.261947853563503E-006  3.203004512268009E-006  3.135286233847259E-006  3.096862146631676E-006  3.054320758125331E-006  3.006427141300319E-006  2.974303265009511E-006  2.951102941572486E-006  2.912945089387712E-006  2.884720996729747E-006  2.836772811661113E-006  2.799718850452542E-006  2.779127609280204E-006  2.756785502385913E-006  2.732281116680049E-006  2.705029221985899E-006  2.674142904151031E-006  2.594499402433827E-006  2.537332454034371E-006  2.447816251227917E-006
   4390.00061502548       3.411626587266555E-006  3.371007675166066E-006  3.327136158667198E-006  3.279415495774679E-006  3.226945486586953E-006  3.168097761548829E-006  3.100481557307277E-006  3.062225386806278E-006  3.019933077939518E-006  2.972348894101567E-006  2.940469991934078E-006  2.917459659503640E-006  2.879639412991831E-006  2.851679921794575E-006  2.804203709510046E-006  2.767526664924352E-006  2.747146365454889E-006  2.725039763198664E-006  2.700799672541938E-006  2.673852373676921E-006  2.643332612062326E-006  2.564835565482738E-006  2.508741350589888E-006  2.421181527207640E-006
   4410.00061782742       3.270924958492888E-006  3.234723847965638E-006  3.195775585927049E-006  3.153414070371749E-006  3.106795687767789E-006  3.054548957670192E-006  2.994494651730356E-006  2.960465669257430E-006  2.922790866938577E-006  2.880318628556701E-006  2.851793622212314E-006  2.831160584676175E-006  2.797155040982432E-006  2.771918517870941E-006  2.728838229563124E-006  2.695324423842826E-006  2.676599482557390E-006  2.656196648505140E-006  2.633710668272432E-006  2.608564712201230E-006  2.579886532001149E-006  2.505108383605052E-006  2.450720912073644E-006  2.364490410962195E-006
   4430.00062062936       3.244196962293273E-006  3.207637704460522E-006  3.168389683769558E-006  3.125690018043889E-006  3.078690617733558E-006  3.026018829186475E-006  2.965561390717044E-006  2.931302226138146E-006  2.893405183966746E-006  2.850696147651992E-006  2.822030595149989E-006  2.801306443121702E-006  2.767179593631973E-006  2.741879097551684E-006  2.698750236977593E-006  2.665265541486263E-006  2.646588857485565E-006  2.626266054385271E-006  2.603907491097076E-006  2.578957123517458E-006  2.550573106809756E-006  2.476836017950635E-006  2.423167117903231E-006  2.337466151778991E-006
   4450.00062343129       3.216891182358953E-006  3.180458727186628E-006  3.141281824978861E-006  3.098745127729718E-006  3.051959640278617E-006  2.999597902359310E-006  2.939447731016532E-006  2.905361861526659E-006  2.867636231106357E-006  2.825093931614574E-006  2.796508825685723E-006  2.775822803550826E-006  2.741705945719007E-006  2.716369204515202E-006  2.673072788918931E-006  2.639353298536338E-006  2.620502726561219E-006  2.599955308727103E-006  2.577306125358800E-006  2.551977924353593E-006  2.523098860225787E-006  2.447758078380755E-006  2.392681565432697E-006  2.305114087337472E-006
   4470.00062623323       3.107460720279685E-006  3.074258505432233E-006  3.038577047334105E-006  2.999817369103077E-006  2.957241199753528E-006  2.909480064203536E-006  2.854598008585818E-006  2.823489590762935E-006  2.789004887567046E-006  2.750067278204588E-006  2.723850194504835E-006  2.704862610321575E-006  2.673500839960244E-006  2.650174479476154E-006  2.610243016979148E-006  2.579079728178597E-006  2.561635674303881E-006  2.542601154677355E-006  2.521595370194856E-006  2.498068472925507E-006  2.471177432201887E-006  2.400450062353076E-006  2.347869150230637E-006  2.262666028996300E-006
   4490.00062903517       3.121535766189070E-006  3.086981467367006E-006  3.049838294728607E-006  3.009665357943450E-006  2.965469423042438E-006  2.916034798652907E-006  2.859375448894092E-006  2.827282627374393E-006  2.791776187996880E-006  2.751750853454988E-006  2.724860201392793E-006  2.705395304533550E-006  2.673286212579693E-006  2.649436619515244E-006  2.608661118297234E-006  2.576893859281804E-006  2.559130107819773E-006  2.539763883707821E-006  2.518409896826602E-006  2.494516348146152E-006  2.467244540780869E-006  2.395794614924653E-006  2.343106651345673E-006  2.258566853056944E-006
   4510.00063183711       3.057265962202192E-006  3.024423322075237E-006  2.989009953376954E-006  2.950658165004612E-006  2.908450354213861E-006  2.861192290629943E-006  2.806885919577879E-006  2.776035976683879E-006  2.741825078155092E-006  2.703126486854447E-006  2.677038159584226E-006  2.658106179543579E-006  2.626774697438400E-006  2.603417580005190E-006  2.563316694742798E-006  2.531916780880602E-006  2.514300143228626E-006  2.495045477582725E-006  2.473759085707519E-006  2.449876713679618E-006  2.422540181207540E-006  2.350644766811542E-006  2.297659713495359E-006  2.213063972698088E-006
   4530.00063463905       3.005496314561436E-006  2.974216603735499E-006  2.940575266049935E-006  2.904069681252041E-006  2.863894663066407E-006  2.818837897278429E-006  2.767012576915500E-006  2.737574536885652E-006  2.704920940750986E-006  2.667969053256903E-006  2.643055347262659E-006  2.624974067382631E-006  2.595056948107160E-006  2.572750045021810E-006  2.534441536433010E-006  2.504429995634058E-006  2.487580989932989E-006  2.469152872664232E-006  2.448760627673278E-006  2.425847908888164E-006  2.399560575665690E-006  2.329893182758938E-006  2.277733141719025E-006  2.192961125944281E-006
   4550.00063744099       3.023010069128689E-006  2.991173659009647E-006  2.956688115501550E-006  2.919171909419167E-006  2.877888730806923E-006  2.831670808294007E-006  2.778460819607672E-006  2.748254390757244E-006  2.714716389583127E-006  2.676783882326842E-006  2.651207917148154E-006  2.632637815295169E-006  2.601927004609395E-006  2.579020657229611E-006  2.539690495328115E-006  2.508876309508873E-006  2.491576059118433E-006  2.472655567193196E-006  2.451718877753202E-006  2.428201451189888E-006  2.401240877886599E-006  2.330061424403536E-006  2.277178785505829E-006  2.191801861387097E-006
   4570.00064024292       3.026788851734968E-006  2.993741873248955E-006  2.958275354437481E-006  2.919730910638758E-006  2.877363382619315E-006  2.829936647532257E-006  2.775497662445260E-006  2.744637922287070E-006  2.710465188072868E-006  2.671904474351890E-006  2.645967885275198E-006  2.627181679647612E-006  2.596157177601770E-006  2.573076685177819E-006  2.533540164646415E-006  2.502645267841131E-006  2.485325196961515E-006  2.466398980719440E-006  2.445473378683888E-006  2.421982222906627E-006  2.395064657829055E-006  2.324072190320769E-006  2.271440459292353E-006  2.186390170616661E-006
   4590.00064304486       2.937632993914754E-006  2.907234100297986E-006  2.874587370932585E-006  2.839138058363335E-006  2.800075806630146E-006  2.756248743542523E-006  2.705785604776500E-006  2.677101768883619E-006  2.645260621034816E-006  2.609214731694948E-006  2.584885868759415E-006  2.567215260277001E-006  2.537936105839775E-006  2.516068331036959E-006  2.478404918791620E-006  2.448765649761749E-006  2.432058770362414E-006  2.413722175641127E-006  2.393343362527962E-006  2.370326535056463E-006  2.343760392222038E-006  2.272651141493467E-006  2.218955848737495E-006  2.130512017797336E-006
   4610.00064584680       2.973465853623730E-006  2.941790471337627E-006  2.907776629167093E-006  2.870774143365867E-006  2.830091289797931E-006  2.784418110957159E-006  2.731945222959182E-006  2.702150716291741E-006  2.669136246609785E-006  2.631782205922617E-006  2.606614716872921E-006  2.588358449985571E-006  2.558146473476259E-006  2.535617320022009E-006  2.496883010207287E-006  2.466467724356726E-006  2.449348108179244E-006  2.430578087624162E-006  2.409742631438935E-006  2.386242083114503E-006  2.359166336617662E-006  2.287134548024722E-006  2.233546997515635E-006  2.147427584247522E-006
   4630.00064864874       2.944447046112327E-006  2.913201537483795E-006  2.879627303671805E-006  2.843161294441951E-006  2.803028807210203E-006  2.758039209524627E-006  2.706358417177458E-006  2.677038994857148E-006  2.644516970594406E-006  2.607763609689769E-006  2.583011555281168E-006  2.565051365473801E-006  2.535341438455682E-006  2.513177483493227E-006  2.475060978688364E-006  2.445084455856691E-006  2.428184140739290E-006  2.409622739913191E-006  2.388968270955765E-006  2.365590244217095E-006  2.338525382017984E-006  2.265655125444443E-006  2.210596722141747E-006  2.121045915906509E-006
   4650.00065145068       2.967202986625894E-006  2.935285698596033E-006  2.901097538003747E-006  2.863793037772688E-006  2.822819947010680E-006  2.776904432065784E-006  2.724228021220894E-006  2.694360085897126E-006  2.661317709941433E-006  2.624052105389525E-006  2.599012936147210E-006  2.580890996911632E-006  2.550995471192149E-006  2.528777021904634E-006  2.490750749097948E-006  2.461033357220891E-006  2.444356171650243E-006  2.426107433329502E-006  2.405879804166533E-006  2.383076705738381E-006  2.356779192482654E-006  2.286209888480330E-006  2.232687690220318E-006  2.144615868049617E-006
   4670.00065425262       2.970680453997416E-006  2.938022070247811E-006  2.902928115220533E-006  2.864800758876102E-006  2.822876874887322E-006  2.775921932749885E-006  2.722008398202375E-006  2.691489568233460E-006  2.657749648279467E-006  2.619771008115296E-006  2.594298386719234E-006  2.575893119996098E-006  2.545589372588321E-006  2.523122225526889E-006  2.484797260685434E-006  2.454980596543215E-006  2.438300967803807E-006  2.420096301348914E-006  2.399972480678435E-006  2.377355978670386E-006  2.351354764131924E-006  2.281848096304567E-006  2.229119332558616E-006  2.141953705113680E-006
   4690.00065705455       2.944121731413159E-006  2.911837064080862E-006  2.877152017487795E-006  2.839467269120586E-006  2.797932180826648E-006  2.751458282472496E-006  2.698106394129803E-006  2.667869133105108E-006  2.634439322037148E-006  2.596778412628740E-006  2.571499840312532E-006  2.553220070920079E-006  2.523096903912702E-006  2.500737605124130E-006  2.462520943828109E-006  2.432698901287213E-006  2.415977674845269E-006  2.397683958270659E-006  2.377405287354729E-006  2.354533484971193E-006  2.328118782763267E-006  2.256830833048666E-006  2.202219580907818E-006  2.112110011086285E-006
   4710.00065985649       2.922177078056708E-006  2.890649405516164E-006  2.856633226385694E-006  2.819758950826523E-006  2.779201302450363E-006  2.733757861864755E-006  2.681680166366894E-006  2.652219798908421E-006  2.619668815661592E-006  2.583055309255339E-006  2.558520290296539E-006  2.540797462460093E-006  2.511631105768662E-006  2.490023429253848E-006  2.453167273799391E-006  2.424485100363872E-006  2.408434528561609E-006  2.390904484323791E-006  2.371508692769098E-006  2.349680734132481E-006  2.324535960470593E-006  2.256965978782125E-006  2.205273918457140E-006  2.118786042286327E-006
   4730.00066265843       2.954819080725682E-006  2.921478487126960E-006  2.885644457750204E-006  2.846749143048680E-006  2.803965251910701E-006  2.756091116876992E-006  2.701250675284192E-006  2.670283623373623E-006  2.636144261191503E-006  2.597828640835215E-006  2.572216216800046E-006  2.553758242693224E-006  2.523472410464827E-006  2.501114274933141E-006  2.463180508685633E-006  2.433866189068020E-006  2.417554855362061E-006  2.399825562582219E-006  2.380324955139362E-006  2.358540182337556E-006  2.333677319845537E-006  2.268244170906219E-006  2.219590298182840E-006  2.140251558812562E-006
   4750.00066546037       2.907845840048243E-006  2.876227900259430E-006  2.842131372260795E-006  2.805036634844615E-006  2.764274365074148E-006  2.718556731043620E-006  2.666050343089220E-006  2.636338683187116E-006  2.603475168210345E-006  2.566461182311736E-006  2.541637043367267E-006  2.523696429033100E-006  2.494161480522373E-006  2.472261539660779E-006  2.434899187424372E-006  2.405828312372757E-006  2.389569439644328E-006  2.371824517584553E-006  2.352213988656359E-006  2.330186071663510E-006  2.304882379288416E-006  2.237447239621888E-006  2.186566274470964E-006  2.102625928564151E-006
   4770.00066826231       2.886139194573516E-006  2.854339546922777E-006  2.820014422034454E-006  2.782772953335606E-006  2.741745302796501E-006  2.695948319344885E-006  2.643393918652762E-006  2.613687468408486E-006  2.580908054191070E-006  2.544113225614278E-006  2.519512658409072E-006  2.501767699610481E-006  2.472654276487904E-006  2.451151134298242E-006  2.414663609323616E-006  2.386459175413488E-006  2.370764258936048E-006  2.353706636173363E-006  2.334947770456262E-006  2.314000574778166E-006  2.290112722183007E-006  2.227445327475255E-006  2.181066531163047E-006  2.104783524792308E-006
   4790.00067106425       2.898354111619878E-006  2.866171870930822E-006  2.831601710780165E-006  2.794061791772292E-006  2.752591250777080E-006  2.706127579448609E-006  2.652736870914202E-006  2.622536240931134E-006  2.589156759087510E-006  2.551689678065735E-006  2.526607009628359E-006  2.508511331884512E-006  2.478808036720261E-006  2.456878899786755E-006  2.419657605192360E-006  2.390916777075959E-006  2.374944572931972E-006  2.357611312209840E-006  2.338590159032302E-006  2.317421228972399E-006  2.293403608302463E-006  2.231309924090761E-006  2.186400989740459E-006  2.113843227787486E-006
   4810.00067386619       2.827001449462020E-006  2.796138810741552E-006  2.763073453468913E-006  2.726977391378698E-006  2.687302709187152E-006  2.642873005578152E-006  2.591912670855030E-006  2.563083258533593E-006  2.531256131838885E-006  2.495473492109231E-006  2.471520091949054E-006  2.454242463333060E-006  2.425843009347179E-006  2.404844644919648E-006  2.369150584952378E-006  2.341513350348030E-006  2.326120755273500E-006  2.309382089931920E-006  2.290970505320443E-006  2.270414421912541E-006  2.246991917659828E-006  2.185720115431403E-006  2.140358912687079E-006  2.064343445944171E-006
   4830.00067666812       2.891534049140532E-006  2.859225741559857E-006  2.824425919740455E-006  2.786425587394581E-006  2.744631874905680E-006  2.697628106705475E-006  2.643585345215847E-006  2.612946614027506E-006  2.579016092543531E-006  2.540783810238316E-006  2.515165295284612E-006  2.496660112711396E-006  2.466227165631032E-006  2.443717513952873E-006  2.405484221199220E-006  2.375951932225028E-006  2.359546645193691E-006  2.341765563820599E-006  2.322292232475460E-006  2.300688281400349E-006  2.276291604379000E-006  2.213932390029620E-006  2.169351108199205E-006  2.097406626826320E-006
   4850.00067947006       2.849681188672484E-006  2.817323416333798E-006  2.782548630480304E-006  2.744682922036847E-006  2.702951941706275E-006  2.656175001436679E-006  2.602513333740616E-006  2.572177717841521E-006  2.538697018615748E-006  2.501129477038211E-006  2.476027169221802E-006  2.457947521162889E-006  2.428318015695402E-006  2.406482138718259E-006  2.369555734594238E-006  2.341161887942403E-006  2.325435590173900E-006  2.308418429414834E-006  2.289810683117885E-006  2.269188042633631E-006  2.245910531451025E-006  2.186264478251536E-006  2.143276608281721E-006  2.073181555340372E-006
   4870.00068227200       2.797274505382892E-006  2.766353728382839E-006  2.733192172545505E-006  2.697055333263192E-006  2.657324254894208E-006  2.612766708519948E-006  2.561822697977133E-006  2.533011843388907E-006  2.501221535971992E-006  2.465558040825935E-006  2.441713675222303E-006  2.424522740704804E-006  2.396306464621315E-006  2.375472300065971E-006  2.340129346645971E-006  2.312840682100075E-006  2.297677390560909E-006  2.281224639165506E-006  2.263177430417604E-006  2.243102114399194E-006  2.220343832018958E-006  2.161513915360093E-006  2.118613144206103E-006  2.047808629169862E-006
   4890.00068507394       2.778831292712755E-006  2.747761192918306E-006  2.714605130923127E-006  2.678398108520385E-006  2.638611155034603E-006  2.594163632740571E-006  2.543354652194762E-006  2.514599828151585E-006  2.482945700814443E-006  2.447469458613462E-006  2.423778902435030E-006  2.406710426799055E-006  2.378737293169474E-006  2.358114986054282E-006  2.323185554725736E-006  2.296266227485194E-006  2.281329590612728E-006  2.265134747165136E-006  2.247386979526098E-006  2.227660083896343E-006  2.205310372906779E-006  2.147537230654400E-006  2.105371870653254E-006  2.036277080795341E-006
   4910.00068787588       2.797896374775195E-006  2.767060427663391E-006  2.733857836283229E-006  2.697557379997555E-006  2.657821138171992E-006  2.613205638536652E-006  2.562019329337420E-006  2.533091681926949E-006  2.501108264470745E-006  2.465163227246487E-006  2.441108657754693E-006  2.423747429676285E-006  2.395249286287851E-006  2.374196112896680E-006  2.338462888001264E-006  2.310871068489933E-006  2.295537374713938E-006  2.278900659612330E-006  2.260655262945939E-006  2.240366507576513E-006  2.217383021895978E-006  2.158199177507214E-006  2.115621054062841E-006  2.047171196498703E-006
   4930.00069067782       2.746012544375409E-006  2.715497691720046E-006  2.682751603027507E-006  2.647116846800586E-006  2.607905039067597E-006  2.564076256333306E-006  2.513895445511738E-006  2.485564154658193E-006  2.454318009056676E-006  2.419303351862593E-006  2.395928034787163E-006  2.379083985476002E-006  2.351459848988531E-006  2.331085766085105E-006  2.296555565922351E-006  2.269915275551388E-006  2.255119605637535E-006  2.239064193070169E-006  2.221452555920375E-006  2.201856198810756E-006  2.179625628779212E-006  2.122048731332693E-006  2.080023027168545E-006  2.011736917932580E-006
   4950.00069347975       2.731345834108455E-006  2.701727739157011E-006  2.669801181185218E-006  2.635127603099518E-006  2.597024066405882E-006  2.554361271337923E-006  2.505442752157769E-006  2.477755068342553E-006  2.447214239502962E-006  2.412907579420034E-006  2.389966708412788E-006  2.373429290800791E-006  2.346277750945754E-006  2.326221524639765E-006  2.292194972683528E-006  2.265911984608298E-006  2.251303606353361E-006  2.235447404962226E-006  2.218047743302848E-006  2.198682973839971E-006  2.176714961976053E-006  2.119889920495337E-006  2.078599282705277E-006  2.011345000656717E-006
   4970.00069628169       2.729060082112902E-006  2.698940162986982E-006  2.666472777034883E-006  2.631130345055098E-006  2.592190364278391E-006  2.548644389856360E-006  2.498607267966978E-006  2.470276740017096E-006  2.439008451698958E-006  2.403886594492275E-006  2.380386030111271E-006  2.363440715679050E-006  2.335615823834639E-006  2.315060555054723E-006  2.280173919719600E-006  2.253224441835190E-006  2.238245835865689E-006  2.221990496456258E-006  2.204159892316043E-006  2.184327940974465E-006  2.161854348167785E-006  2.103906813674164E-006  2.062061288786163E-006  1.995352647478767E-006
   4990.00069908363       2.721939773972052E-006  2.692059636108461E-006  2.659860245174649E-006  2.624805181649799E-006  2.586199797463257E-006  2.543018146571003E-006  2.493591892276286E-006  2.465624709501045E-006  2.434843451606979E-006  2.400351474854618E-006  2.377316528469479E-006  2.360731916632900E-006  2.333572123582141E-006  2.313561588585797E-006  2.279706581428413E-006  2.253633166728000E-006  2.239169786045526E-006  2.223489018360171E-006  2.206303055023601E-006  2.187192853432455E-006  2.165531140648365E-006  2.109602338601162E-006  2.069259102821760E-006  2.004610665554405E-006
   5010.00070188557       2.650452971404031E-006  2.621990374560021E-006  2.591371065423039E-006  2.558103848070667E-006  2.521568534687491E-006  2.480768873963133E-006  2.434066610758941E-006  2.407698710726640E-006  2.378660462945875E-006  2.346097055854685E-006  2.324357898039960E-006  2.308698191664498E-006  2.283021308203867E-006  2.264071230244713E-006  2.231945631854459E-006  2.207132073774569E-006  2.193334428857306E-006  2.178345557834966E-006  2.161877655761410E-006  2.143512350221634E-006  2.122614191527640E-006  2.068121882731393E-006  2.028116706810270E-006  1.963095708132229E-006
   5030.00070468751       2.675173641744705E-006  2.645232253082592E-006  2.612979843425024E-006  2.578076580989944E-006  2.539644677784111E-006  2.496784212508173E-006  2.447899481931433E-006  2.420390436690321E-006  2.390199799313792E-006  2.356527695851298E-006  2.334149655760558E-006  2.318093043299696E-006  2.291897750723107E-006  2.272678790245652E-006  2.240310897304830E-006  2.215510716191891E-006  2.201789849801998E-006  2.186939242499842E-006  2.170680352225398E-006  2.152608821901795E-006  2.132101875543744E-006  2.078763956970059E-006  2.039740012546752E-006  1.976794301383959E-006
   5050.00070748945       2.644307611273827E-006  2.615360854895632E-006  2.584448422745878E-006  2.550726477513433E-006  2.513767747447533E-006  2.472238256303609E-006  2.424708972946799E-006  2.397824289571134E-006  2.368161900163195E-006  2.334881509436921E-006  2.312637321707923E-006  2.296603200679154E-006  2.270292343420761E-006  2.250861247093753E-006  2.217871000505401E-006  2.192351381202156E-006  2.178141177749832E-006  2.162691812788075E-006  2.145696206054959E-006  2.126715729572572E-006  2.105084288961126E-006  2.048586027970801E-006  2.007286329611820E-006  1.941561972472727E-006
   5070.00071029138       2.650180470507390E-006  2.621137816107328E-006  2.589750644839150E-006  2.555622594770477E-006  2.518024675332217E-006  2.475796304394037E-006  2.427377503128353E-006  2.399992955040607E-006  2.369756029280873E-006  2.335806058561914E-006  2.313111812936409E-006  2.296761513166427E-006  2.269947617226455E-006  2.250165933023759E-006  2.216654661172220E-006  2.190822575286870E-006  2.176482731008882E-006  2.160927291164100E-006  2.143868388212024E-006  2.124886566400577E-006  2.103347751293682E-006  2.047558598637604E-006  2.007073566071458E-006  1.942258674825145E-006
   5090.00071309332       2.625438465363075E-006  2.596545641085848E-006  2.565382494937228E-006  2.531544361759394E-006  2.494466401820493E-006  2.453045012963175E-006  2.405815653282559E-006  2.379293670725327E-006  2.350149460702516E-006  2.317620120649940E-006  2.296005319845739E-006  2.280494870945389E-006  2.255162714979663E-006  2.236570547574702E-006  2.205243629831873E-006  2.181234120283746E-006  2.167946673484758E-006  2.153564341374229E-006  2.137817356946306E-006  2.120311591804625E-006  2.100441473249226E-006  2.048683866425213E-006  2.010715676746467E-006  1.949548764454396E-006
   5110.00071589526       2.602576806724701E-006  2.574478319549045E-006  2.544348944940319E-006  2.511586572902869E-006  2.475385499701899E-006  2.434874443160155E-006  2.388377847153010E-006  2.362093062361697E-006  2.333097872143843E-006  2.300569037225554E-006  2.278850673039011E-006  2.263203011220948E-006  2.237573068345164E-006  2.218684996962287E-006  2.186721530158884E-006  2.162107313554290E-006  2.148448572430483E-006  2.133637383837276E-006  2.117390134470618E-006  2.099302316987549E-006  2.078749053897276E-006  2.025265304341147E-006  1.986199784420637E-006  1.923568977210714E-006
   5130.00071869720       2.613616839802938E-006  2.584333709808385E-006  2.552870574517050E-006  2.518692568658129E-006  2.481026612081386E-006  2.439008749349926E-006  2.390960325972194E-006  2.363904621897981E-006  2.334136435385681E-006  2.300905199767793E-006  2.278808048070757E-006  2.262942215083149E-006  2.237038958441769E-006  2.218025913360351E-006  2.185998886140519E-006  2.161469083934364E-006  2.147902505004489E-006  2.133225417078666E-006  2.117163923906913E-006  2.099318391350538E-006  2.079068490371908E-006  2.026277486537359E-006  1.987387825142781E-006  1.924600454211462E-006
   5150.00072149914       2.592898503489906E-006  2.564974091240521E-006  2.534907919722022E-006  2.502064011403370E-006  2.465987942056497E-006  2.425496069542428E-006  2.379060720519980E-006  2.352810706050486E-006  2.323840638237000E-006  2.291351392873939E-006  2.269648201013916E-006  2.254022117443699E-006  2.228428484473246E-006  2.209569837240098E-006  2.177666564550241E-006  2.153111832715094E-006  2.139489195136224E-006  2.124719495226554E-006  2.108518417372321E-006  2.090478084211328E-006  2.069970363650125E-006  2.016468945005968E-006  1.977189313544475E-006  1.914138046807424E-006
   5170.00072430108       2.576714043302998E-006  2.547676503453750E-006  2.516476028316268E-006  2.482566599974216E-006  2.445361309093107E-006  2.403873668302717E-006  2.356668362057813E-006  2.330182406346154E-006  2.301147666863507E-006  2.268846279647311E-006  2.247454981774803E-006  2.232142386561596E-006  2.207233953640665E-006  2.189027183664192E-006  2.158526241587254E-006  2.135320807574876E-006  2.122550744103943E-006  2.108791161097811E-006  2.093803172915271E-006  2.077242205318452E-006  2.058577221213019E-006  2.010645867414876E-006  1.976139668905712E-006  1.921814939591075E-006
   5190.00072710301       2.559393354312018E-006  2.531172408418610E-006  2.501029169360604E-006  2.468249292031535E-006  2.432038183457905E-006  2.391610035213930E-006  2.345334257336355E-006  2.319212581439298E-006  2.290522880064943E-006  2.258394732965930E-006  2.237021944778237E-006  2.221664835243966E-006  2.196571850651256E-006  2.178138570605763E-006  2.147075386527987E-006  2.123261259054439E-006  2.110089318391889E-006  2.095833482352411E-006  2.080233236831454E-006  2.062899025991406E-006  2.043228566918990E-006  1.991910740884602E-006  1.953997709072112E-006  1.892560695162863E-006
   5210.00072990495       2.562614614057127E-006  2.534509508848627E-006  2.504201372952347E-006  2.471149304083086E-006  2.434936992407843E-006  2.394229795991167E-006  2.347657423990439E-006  2.321345535305522E-006  2.292340892469391E-006  2.259874473057590E-006  2.238243181818548E-006  2.222683892800722E-006  2.197248008143291E-006  2.178547110569677E-006  2.147000390931182E-006  2.122808696981160E-006  2.109424218657823E-006  2.094941298825678E-006  2.079093702134826E-006  2.061493567678333E-006  2.041535116988400E-006  1.989577498791215E-006  1.951312147288714E-006  1.889538161067736E-006
   5230.00073270689       2.531482845937248E-006  2.504057154389264E-006  2.474579644843652E-006  2.442516609842959E-006  2.407190835044268E-006  2.367668750746605E-006  2.322396694868554E-006  2.296871547125168E-006  2.268765736297684E-006  2.237352223635148E-006  2.216458796434093E-006  2.201450976461809E-006  2.176948659954516E-006  2.158976013744864E-006  2.128748975916205E-006  2.105643257897349E-006  2.092889755785874E-006  2.079116666554612E-006  2.064074262193021E-006  2.047396938339508E-006  2.028515398135702E-006  1.979370173030279E-006  1.942954438192560E-006  1.883253094061186E-006
   5250.00073550883       2.521449480343203E-006  2.493345646120798E-006  2.463271078170305E-006  2.430657028481816E-006  2.394832350783728E-006  2.354800307021008E-006  2.309206627671284E-006  2.283589294918759E-006  2.255496503625429E-006  2.224222725519788E-006  2.203480286303706E-006  2.188632366484998E-006  2.164457516458958E-006  2.146780397078934E-006  2.117137067247915E-006  2.094551762712740E-006  2.082110978086070E-006  2.068690736004434E-006  2.054051886171450E-006  2.037843040055152E-006  2.019516967146915E-006  1.971962520229952E-006  1.936914674655269E-006  1.879925809695724E-006
   5270.00073831077       2.541081392304290E-006  2.512917894421462E-006  2.482593687873576E-006  2.449400961311575E-006  2.412853751031284E-006  2.371900571653000E-006  2.324894148619198E-006  2.298359330202717E-006  2.269104774764657E-006  2.236438032007908E-006  2.214717851313275E-006  2.199129165798025E-006  2.173731261661457E-006  2.155138452771379E-006  2.123976744016624E-006  2.100289766412859E-006  2.087277400567629E-006  2.073280373611357E-006  2.058065743910342E-006  2.041297320078068E-006  2.022452239645519E-006  1.974176170360919E-006  1.939161433495506E-006  1.883021803103927E-006
   5290.00074111271       2.482770742010612E-006  2.455841296191259E-006  2.426714366958087E-006  2.395026981182681E-006  2.360181060928838E-006  2.321253415517985E-006  2.276746616867048E-006  2.251735528455504E-006  2.224260887793421E-006  2.193644752943458E-006  2.173327948492954E-006  2.158788590434673E-006  2.135118418749364E-006  2.117803163936430E-006  2.088791585143127E-006  2.066708848368961E-006  2.054548273618980E-006  2.041436600385110E-006  2.027135546089191E-006  2.011300689647069E-006  1.993388049486089E-006  1.946722005494302E-006  1.911920380854006E-006  1.853884434683249E-006
   5310.00074391464       2.490223811805368E-006  2.463052024727742E-006  2.433707266377014E-006  2.401851466917709E-006  2.366649326335738E-006  2.327282181709871E-006  2.282172224951975E-006  2.256729955265900E-006  2.228742130306648E-006  2.197497097635700E-006  2.176744082299148E-006  2.161861384966261E-006  2.137624357699916E-006  2.119890888896133E-006  2.090181844424703E-006  2.067603551110591E-006  2.055198139995032E-006  2.041849001699984E-006  2.027332622452682E-006  2.011323490938855E-006  1.993309907416811E-006  1.946987736699385E-006  1.913087285675035E-006  1.857781405814536E-006
   5330.00074671658       2.463921552337382E-006  2.436567007405796E-006  2.407096805821981E-006  2.375144012776765E-006  2.339884262771999E-006  2.300657644209497E-006  2.255913694957887E-006  2.230829700995133E-006  2.203337807941947E-006  2.172760990430950E-006  2.152530012686071E-006  2.138051980392595E-006  2.114539504643459E-006  2.097376109625187E-006  2.068679135250455E-006  2.046895826475828E-006  2.034931480641346E-006  2.022052692320823E-006  2.008041458955724E-006  1.992571974314693E-006  1.975135135775572E-006  1.930018630285325E-006  1.896589467579404E-006  1.840929198401841E-006
   5350.00074951852       2.469193419258530E-006  2.441643701840876E-006  2.412232170721704E-006  2.380129394130531E-006  2.344791090436220E-006  2.305234617142116E-006  2.259996446297824E-006  2.234482016287281E-006  2.206506779142278E-006  2.175335797882772E-006  2.154665993740325E-006  2.139861075568296E-006  2.115811812552915E-006  2.098252001868572E-006  2.068918502176718E-006  2.046703213931899E-006  2.034530040176450E-006  2.021458781362386E-006  2.007282400465932E-006  1.991696798599259E-006  1.974227534478211E-006  1.929641739654875E-006  1.897250290957562E-006  1.844278262770074E-006
   5370.00075232046       2.452102010315979E-006  2.424910091476012E-006  2.395565991109843E-006  2.363682661273129E-006  2.328444610746062E-006  2.289179284987537E-006  2.244417143677629E-006  2.219285844221444E-006  2.191720128427285E-006  2.161073023196463E-006  2.140783188781567E-006  2.126285234167610E-006  2.102751867078959E-006  2.085597570817012E-006  2.056982211617652E-006  2.035332120563870E-006  2.023471591121963E-006  2.010738138476136E-006  1.996921880117887E-006  1.981720350601256E-006  1.964660191482952E-006  1.920972752962483E-006  1.889098349679183E-006  1.836774381134131E-006
   5390.00075512240       2.459027377024597E-006  2.431905330985828E-006  2.402768992719321E-006  2.370840548911770E-006  2.335646129881030E-006  2.296262852177102E-006  2.251130215734139E-006  2.225616307695557E-006  2.197560156982367E-006  2.166259798647727E-006  2.145487011970046E-006  2.130599214944802E-006  2.106378895696145E-006  2.088696748871915E-006  2.059160381111941E-006  2.036806975996832E-006  2.024573354805221E-006  2.011451768971520E-006  1.997244908856623E-006  1.981660223381182E-006  1.964244649912323E-006  1.920123039957320E-006  1.888417377140062E-006  1.837046935466445E-006
   5410.00075792434       2.440728735296218E-006  2.413777154573162E-006  2.384479869472440E-006  2.352615491687690E-006  2.317409724358823E-006  2.277967337808697E-006  2.232770857374294E-006  2.207314815876461E-006  2.179365374386911E-006  2.148210605518726E-006  2.127578061093253E-006  2.112812740093030E-006  2.088830182130294E-006  2.071354696043974E-006  2.042238379905342E-006  2.020266105245981E-006  2.008263015954781E-006  1.995407685669723E-006  1.981509465817635E-006  1.966288857352815E-006  1.949309010150146E-006  1.906410000207273E-006  1.875642742520616E-006  1.825699199641577E-006
   5430.00076072628       2.380941172924527E-006  2.354524177623766E-006  2.326157199158752E-006  2.295266481444525E-006  2.261264819819507E-006  2.223377289086090E-006  2.180227633330013E-006  2.156086553592696E-006  2.129692038346464E-006  2.100476451608703E-006  2.081229926591407E-006  2.067523608894839E-006  2.045356484103138E-006  2.029282779880660E-006  2.002624758987881E-006  1.982580806020658E-006  1.971647239171726E-006  1.959937334222062E-006  1.947267080960045E-006  1.933358660742220E-006  1.917775688826136E-006  1.877848976372978E-006  1.848490705179806E-006  1.799290314521790E-006
   5450.00076352821       2.419163492517700E-006  2.392612437916964E-006  2.363674003821106E-006  2.332437052990525E-006  2.297932365575065E-006  2.259266505695740E-006  2.214938405674123E-006  2.189975192447191E-006  2.162602047005999E-006  2.132036960966817E-006  2.111774481035871E-006  2.097280436240501E-006  2.073707686479142E-006  2.056515253632828E-006  2.027835722415338E-006  2.006167053813224E-006  1.994322139205611E-006  1.981632260961294E-006  1.967911528078446E-006  1.952885779526144E-006  1.936135352575504E-006  1.893964550963179E-006  1.863958182706836E-006  1.815718495216350E-006
   5470.00076633015       2.399205184832202E-006  2.372633668798282E-006  2.344013241345203E-006  2.312786703801083E-006  2.278280951200867E-006  2.239702794019559E-006  2.195568162993500E-006  2.170714800350139E-006  2.143449924816586E-006  2.113083152373788E-006  2.092973230408522E-006  2.078595206586039E-006  2.055264354224372E-006  2.038276868775305E-006  2.009997827816785E-006  1.988696560369171E-006  1.977074705431586E-006  1.964643169386995E-006  1.951224123341362E-006  1.936554145455765E-006  1.920225503049259E-006  1.879157564703258E-006  1.849882713573208E-006  1.802625416217635E-006
   5490.00076913209       2.393467264084580E-006  2.367234668337871E-006  2.339035968854561E-006  2.308217886395403E-006  2.274060421435850E-006  2.235795761304052E-006  2.191854384371124E-006  2.167042050493004E-006  2.139746220852375E-006  2.109284933716610E-006  2.089079892839944E-006  2.074613816047354E-006  2.051100175048426E-006  2.033958677262971E-006  2.005389674127657E-006  1.983846500134136E-006  1.972083746801913E-006  1.959499684826324E-006  1.945909928400337E-006  1.931052576384319E-006  1.914520713938950E-006  1.873048399263983E-006  1.843663994071878E-006  1.796553027700061E-006
   5510.00077193403       2.377268654147159E-006  2.351132770915031E-006  2.322676062048949E-006  2.291719064859789E-006  2.257564396052113E-006  2.219278946398036E-006  2.175482277061973E-006  2.150826194810034E-006  2.123787196021820E-006  2.093679449153608E-006  2.073744309862435E-006  2.059507961054207E-006  2.036410392403060E-006  2.019604159290853E-006  1.991667846869868E-006  1.970657814225921E-006  1.959213809054659E-006  1.946983530491603E-006  1.933799224159039E-006  1.919410050461009E-006  1.903427074523085E-006  1.863451010020998E-006  1.835228896170678E-006  1.790181708908123E-006
   5530.00077473597       2.401457995893266E-006  2.374413757242865E-006  2.345142632946689E-006  2.312942480110893E-006  2.277443915749096E-006  2.237488460660734E-006  2.191620806430855E-006  2.165728311567541E-006  2.137234607697145E-006  2.105462506248724E-006  2.084408633493436E-006  2.069349636837452E-006  2.044943219832565E-006  2.027190356072963E-006  1.997722201071450E-006  1.975620298439720E-006  1.963610987129114E-006  1.950813433223360E-006  1.937062485667657E-006  1.922124616790450E-006  1.905639186508317E-006  1.865051390093301E-006  1.837065338575589E-006  1.793575336690366E-006
   5550.00077753791       2.340065456840674E-006  2.314177426730003E-006  2.286333349622148E-006  2.255892481239377E-006  2.222476776110810E-006  2.185012732887593E-006  2.142149033217881E-006  2.118036459795337E-006  2.091568263273709E-006  2.062132354524518E-006  2.042672033069512E-006  2.028764345262124E-006  2.006226603014960E-006  1.989843693076188E-006  1.962635153210462E-006  1.942199017333082E-006  1.931074235327342E-006  1.919197468002239E-006  1.906403212438237E-006  1.892453820062554E-006  1.876976945643690E-006  1.838339861195145E-006  1.811094755083819E-006  1.767579116924829E-006
   5570.00078033984       2.358039646802494E-006  2.331439730601667E-006  2.302954424766894E-006  2.271759750054491E-006  2.237354510159870E-006  2.198743982401216E-006  2.154634417151410E-006  2.129825493081302E-006  2.102630367430404E-006  2.072357171868657E-006  2.052343664862392E-006  2.038060297709562E-006  2.014904945655539E-006  1.998072069088624E-006  1.970127664853096E-006  1.949152202162508E-006  1.937745298827194E-006  1.925579791578979E-006  1.912491744968160E-006  1.898254966623349E-006  1.882516677202780E-006  1.843617914524033E-006  1.816671753811828E-006  1.774708809354372E-006
   5590.00078314178       2.350186551304395E-006  2.324517157862299E-006  2.296509333921329E-006  2.265975719824183E-006  2.232291450149835E-006  2.194385922600544E-006  2.150850353225178E-006  2.126220912199487E-006  2.099120383309279E-006  2.068862230904670E-006  2.048792396603671E-006  2.034424666465706E-006  2.011073643603724E-006  1.994054914968837E-006  1.965725418610737E-006  1.944379695100127E-006  1.932746210894617E-006  1.920318879909024E-006  1.906930035718298E-006  1.892339421749765E-006  1.876185760724819E-006  1.836207135533393E-006  1.808527788633617E-006  1.765508943946192E-006
   5610.00078594372       2.330416059458760E-006  2.304475318781013E-006  2.276645664294436E-006  2.246168124491394E-006  2.212549968212354E-006  2.174811272083771E-006  2.131648494404218E-006  2.107257773788622E-006  2.080444021390219E-006  2.050572798490819E-006  2.030776773186694E-006  2.016622667507308E-006  1.993632727995720E-006  1.976899501159056E-006  1.949065674083634E-006  1.928138816961528E-006  1.916747511811658E-006  1.904592681554795E-006  1.891515816717529E-006  1.877290803717713E-006  1.861568106835010E-006  1.822780061127210E-006  1.796005909023671E-006  1.754487014464003E-006
   5630.00078874566       2.306571035399122E-006  2.280961154873521E-006  2.253347050444839E-006  2.223328048500999E-006  2.190136475099124E-006  2.152993952252282E-006  2.110521552857979E-006  2.086662842234324E-006  2.060503839161705E-006  2.031433181438847E-006  2.012222981920639E-006  1.998512612864543E-006  1.976300118498786E-006  1.960166398420968E-006  1.933372025793498E-006  1.913246092660231E-006  1.902290374260952E-006  1.890595734216211E-006  1.878000640169527E-006  1.864275272630721E-006  1.849069455776032E-006  1.811340509188886E-006  1.785118136081391E-006  1.744267076989533E-006
   5650.00079154760       2.320805149696316E-006  2.295035847547714E-006  2.267180406452385E-006  2.236768533898205E-006  2.202933084526584E-006  2.165065139019729E-006  2.121569889285193E-006  2.097028298530534E-006  2.070008268550770E-006  2.039886454884304E-006  2.019935484866160E-006  2.005683746713599E-006  1.982541847573103E-006  1.965709734964719E-006  1.937745946845421E-006  1.916758510648097E-006  1.905353386999603E-006  1.893198108891169E-006  1.880140334135453E-006  1.865960545945671E-006  1.850328733307836E-006  1.812024602599835E-006  1.785903008355993E-006  1.746156764621338E-006
   5670.00079434954       2.304720133447115E-006  2.278790104675888E-006  2.250854254571247E-006  2.220201378580528E-006  2.186381377220692E-006  2.148396532700987E-006  2.104816262479411E-006  2.080253984660674E-006  2.053273350652236E-006  2.023219939079889E-006  2.003337128249980E-006  1.989136067262797E-006  1.966126665244509E-006  1.949412959827878E-006  1.921712170016304E-006  1.900981311961223E-006  1.889736932322091E-006  1.877770720359092E-006  1.864937413556352E-006  1.851026385702741E-006  1.835717870137578E-006  1.798279180375792E-006  1.772754792677357E-006  1.733842958647811E-006
   5690.00079715147       2.270925062511915E-006  2.245378304704602E-006  2.217933585251553E-006  2.187959323505132E-006  2.154671494631940E-006  2.117455963951677E-006  2.074838587781003E-006  2.050874226573684E-006  2.024641250393670E-006  1.995501780383115E-006  1.976294640668143E-006  1.962613391923255E-006  1.940513764818232E-006  1.924517447780290E-006  1.898110775409202E-006  1.878417646732013E-006  1.867753746135204E-006  1.856416150918541E-006  1.844262279421647E-006  1.831084044713179E-006  1.816560419847072E-006  1.780820791115493E-006  1.756169929090829E-006  1.718041981284188E-006
   5710.00079995341       2.294397456637963E-006  2.268824931683794E-006  2.241173864172605E-006  2.210951238878857E-006  2.177570393011413E-006  2.139904265642150E-006  2.096678228211814E-006  2.072167076846312E-006  2.045278285812853E-006  2.015272983284940E-006  1.995395619997185E-006  1.981183761058955E-006  1.958118890134636E-006  1.941351289526728E-006  1.913491644721241E-006  1.892597803146925E-006  1.881248488109470E-006  1.869158094460894E-006  1.856177247427058E-006  1.842094325736488E-006  1.826586936933120E-006  1.788716787246365E-006  1.763074019588859E-006  1.724535183291308E-006
   5730.00080275535       2.261170463921803E-006  2.235491687296471E-006  2.207739792056965E-006  2.177411191282223E-006  2.143812310992562E-006  2.106171499194222E-006  2.063142305631234E-006  2.038948098873551E-006  2.012413752497502E-006  1.983003025697426E-006  1.963625210620766E-006  1.949821610472472E-006  1.927529124185869E-006  1.911401283879324E-006  1.884797359171768E-006  1.864981135935837E-006  1.854264600823034E-006  1.842882297607370E-006  1.830699262710324E-006  1.817517926072520E-006  1.803035348033785E-006  1.767677871658574E-006  1.743593588425686E-006  1.706924191621647E-006
   5750.00080555729       2.282555744699132E-006  2.257609163457621E-006  2.230661885176615E-006  2.201168475955459E-006  2.168422420228962E-006  2.131556213843100E-006  2.088946926672808E-006  2.064849406097396E-006  2.038181041120506E-006  2.008329524794510E-006  1.988449151376220E-006  1.974204456450313E-006  1.951001811983963E-006  1.934058653553190E-006  1.905793282786673E-006  1.884488298179924E-006  1.872879068491875E-006  1.860488251761555E-006  1.847157823103664E-006  1.832672644220454E-006  1.816703586924037E-006  1.777740723966581E-006  1.751523255255019E-006  1.712620298269033E-006
   5770.00080835923       2.249527814719945E-006  2.224546960964005E-006  2.197521865571528E-006  2.168001996499705E-006  2.135373433589918E-006  2.098737651810505E-006  2.056683588589530E-006  2.032957254839837E-006  2.006861552012384E-006  1.977791863502187E-006  1.958533813306082E-006  1.944768974063019E-006  1.922445786415279E-006  1.906216894255438E-006  1.879289554548173E-006  1.859103629287811E-006  1.848146405241995E-006  1.836477865828429E-006  1.823958545520639E-006  1.810384100610156E-006  1.795450923073592E-006  1.759035150527982E-006  1.734415134205355E-006  1.697517934743195E-006
   5790.00081116117       2.245769120449322E-006  2.220129477051119E-006  2.192441793541072E-006  2.162213008656499E-006  2.128723785297791E-006  2.091077099437619E-006  2.047867782315836E-006  2.023457328762339E-006  1.996655074292176E-006  1.966851860523074E-006  1.947154582258338E-006  1.933109327146021E-006  1.910408859667684E-006  1.893966973978614E-006  1.866822263147990E-006  1.846613121135683E-006  1.835694838643199E-006  1.824112346312751E-006  1.811734966677632E-006  1.798376292543860E-006  1.783746403815413E-006  1.748330513894637E-006  1.724534039167710E-006  1.688957373064397E-006
   5810.00081396311       2.240252221473245E-006  2.215657720042276E-006  2.189226805183598E-006  2.160229326921825E-006  2.127993147787101E-006  2.091731501757258E-006  2.049905349609865E-006  2.026234644513197E-006  2.000094472014207E-006  1.970856984047260E-006  1.951431313898476E-006  1.937509628473581E-006  1.914880924715363E-006  1.898380990253159E-006  1.870925673060408E-006  1.850290299945185E-006  1.839072496487233E-006  1.827116230952490E-006  1.814282121021110E-006  1.800364718332973E-006  1.785059715284468E-006  1.747865918503389E-006  1.722941122474461E-006  1.686128609798170E-006
   5830.00081676504       2.216466752541975E-006  2.191683907291626E-006  2.164794682527890E-006  2.135701264542562E-006  2.103242999492482E-006  2.066836427770976E-006  2.025104937289638E-006  2.001546141895691E-006  1.975704835410458E-006  1.946907734220965E-006  1.927866432653697E-006  1.914281538937005E-006  1.892256917584856E-006  1.876284980635168E-006  1.849826650947243E-006  1.830042157037838E-006  1.819318247917918E-006  1.807910689513805E-006  1.795684803149500E-006  1.782445264442602E-006  1.767900901350421E-006  1.732523025125295E-006  1.708690103555808E-006  1.673146699919248E-006
   5850.00081956698       2.215952892612909E-006  2.191045366008278E-006  2.164115654390541E-006  2.134589104779602E-006  2.101899219479987E-006  2.065140370196079E-006  2.022809658925672E-006  1.998874959857878E-006  1.972578508026955E-006  1.943240738534790E-006  1.923836588344128E-006  1.909986030597717E-006  1.887562056244134E-006  1.871301423835167E-006  1.844421509021161E-006  1.824380163635083E-006  1.813544403416852E-006  1.802047174311977E-006  1.789757178780901E-006  1.776489308090799E-006  1.761963473213932E-006  1.726852481890098E-006  1.703362127944697E-006  1.668572102994213E-006
   5870.00082236892       2.201598611153754E-006  2.177243993727523E-006  2.150864755666078E-006  2.122150295075228E-006  2.090321036346566E-006  2.054421832890548E-006  2.013070568927041E-006  1.989685443791988E-006  1.963909633500320E-006  1.935189148132906E-006  1.916141384764811E-006  1.902517419110645E-006  1.880417674939121E-006  1.864350134321225E-006  1.837706456648801E-006  1.817744497990876E-006  1.806916992109077E-006  1.795396030832692E-006  1.783046212598598E-006  1.769672133281154E-006  1.754982621535815E-006  1.719326396838258E-006  1.695429159204101E-006  1.660093051438280E-006
   5890.00082517086       2.194618652925494E-006  2.170675127346969E-006  2.144659215295594E-006  2.116132031642116E-006  2.084483955588825E-006  2.048890954186315E-006  2.007840417779203E-006  1.984607698563726E-006  1.958996559197456E-006  1.930387577409974E-006  1.911390272399343E-006  1.897781006259030E-006  1.875690102773338E-006  1.859606847959422E-006  1.832874236907071E-006  1.812805277281435E-006  1.801905093074108E-006  1.790297859873279E-006  1.777841855307684E-006  1.764345380219562E-006  1.749515924477823E-006  1.713544829780067E-006  1.689515472124176E-006  1.654205056103306E-006
   5910.00082797280       2.182539158902105E-006  2.158290846502314E-006  2.131909074014788E-006  2.103066276643351E-006  2.071208317338485E-006  2.035310848043778E-006  1.994065301038661E-006  1.970756609224007E-006  1.945146218849019E-006  1.916586778423870E-006  1.897692213456957E-006  1.884177164155072E-006  1.862292269600973E-006  1.846392749695792E-006  1.820061527142209E-006  1.800348125005635E-006  1.789661406738569E-006  1.778295035551464E-006  1.766114066220570E-006  1.752929372326538E-006  1.738457630356643E-006  1.703390641818891E-006  1.679965343402667E-006  1.645516033725751E-006
   5930.00083077473       2.180689076307418E-006  2.156854544932177E-006  2.131149340958124E-006  2.102912097279336E-006  2.071587501704445E-006  2.036119190636130E-006  1.995306594823761E-006  1.972133908228170E-006  1.946538991018687E-006  1.917955223819785E-006  1.898920646385864E-006  1.885277964024670E-006  1.863101363346563E-006  1.846928394296945E-006  1.820017039523363E-006  1.799795331807161E-006  1.788804489787179E-006  1.777098658476489E-006  1.764536061491074E-006  1.750930539799066E-006  1.735993844590397E-006  1.699876780979939E-006  1.675892949331952E-006  1.640944203610476E-006
   5950.00083357667       2.167602949904917E-006  2.144032955172162E-006  2.118436626998874E-006  2.090427012380709E-006  2.059317497893938E-006  2.024209205285544E-006  1.983600015745238E-006  1.960604306152220E-006  1.935215953429471E-006  1.906785007079809E-006  1.887888177841991E-006  1.874332691763240E-006  1.852304038637258E-006  1.836234772319129E-006  1.809519225940921E-006  1.789469001593171E-006  1.778576814178587E-006  1.766986962462594E-006  1.754561267225963E-006  1.741110067763154E-006  1.726357681377000E-006  1.690716004131134E-006  1.667044240912590E-006  1.632500430265953E-006
   5970.00083637861       2.156494565987528E-006  2.132702836510513E-006  2.107049032680007E-006  2.078865139046755E-006  2.047770699996500E-006  2.012616944024341E-006  1.972224218738684E-006  1.949363386506495E-006  1.924182442372238E-006  1.896012462762420E-006  1.877316791005105E-006  1.863938221096965E-006  1.842205212921708E-006  1.826365635150702E-006  1.800063122629075E-006  1.780313649102124E-006  1.769587515979487E-006  1.758166046454935E-006  1.745916545406097E-006  1.732649460466567E-006  1.718085565412935E-006  1.682859500310884E-006  1.659462288806066E-006  1.625405658385567E-006
   5990.00083918055       2.154431215352067E-006  2.130809586242923E-006  2.105094688130969E-006  2.077091808776142E-006  2.045900687935754E-006  2.010682814003514E-006  1.969945917447368E-006  1.946831444918406E-006  1.921277423521365E-006  1.892648572262567E-006  1.873602727230459E-006  1.859960568167034E-006  1.837773282395104E-006  1.821612720294655E-006  1.794753117840107E-006  1.774624588122321E-006  1.763705700011011E-006  1.752096937034013E-006  1.739666989249249E-006  1.726235156067385E-006  1.711532952023924E-006  1.676187168219032E-006  1.652879460170511E-006  1.619160897069247E-006
   6010.00084198249       2.152029721872738E-006  2.129427361170263E-006  2.104233935700909E-006  2.076726889132229E-006  2.046215253142931E-006  2.011777068922306E-006  1.971749788480207E-006  1.949058845577188E-006  1.923885761774479E-006  1.895604211773475E-006  1.876733270221277E-006  1.863175616999130E-006  1.841045855223827E-006  1.824858927278614E-006  1.797804840721297E-006  1.777390140211006E-006  1.766261245551309E-006  1.754388193109279E-006  1.741622757279101E-006  1.727774088134961E-006  1.712554435631399E-006  1.675799180409018E-006  1.651588052788228E-006  1.616900710355560E-006
   6030.00084478443       2.122933580378193E-006  2.099642447024887E-006  2.074186967093690E-006  2.046643642947470E-006  2.015915759927362E-006  1.981224219028064E-006  1.941200607309778E-006  1.918523697164853E-006  1.893554993920952E-006  1.865634077562978E-006  1.847099743298088E-006  1.833829163817667E-006  1.812305520103440E-006  1.796635482007047E-006  1.770646111957331E-006  1.751186466272255E-006  1.740641030390793E-006  1.729430727029982E-006  1.717434588073151E-006  1.704473294347136E-006  1.690284552310831E-006  1.656127687267074E-006  1.633537573386448E-006  1.600718257828602E-006
   6050.00084758637       2.103620012265357E-006  2.080301887495339E-006  2.055193115598264E-006  2.027701192995984E-006  1.997155441863620E-006  1.962789720177861E-006  1.923194092298900E-006  1.900776493788663E-006  1.876092477069994E-006  1.848547018084702E-006  1.830280125534871E-006  1.817220645528466E-006  1.796044996050361E-006  1.780657317098202E-006  1.755162502073357E-006  1.736101342433527E-006  1.725776551557166E-006  1.714809129916556E-006  1.703074752880215E-006  1.690401529345590E-006  1.676529968396812E-006  1.643119794827396E-006  1.620964217078042E-006  1.588605226358394E-006
   6070.00085038830       2.108963832724515E-006  2.086580160069216E-006  2.062046105638069E-006  2.035093583244643E-006  2.005271806157165E-006  1.971610738013490E-006  1.932701097829551E-006  1.910596250092054E-006  1.886182094656108E-006  1.858783480874824E-006  1.840528578329471E-006  1.827418140258513E-006  1.806078548402746E-006  1.790477934805932E-006  1.764467939835217E-006  1.744864427199168E-006  1.734187845982499E-006  1.722802241787283E-006  1.710571606790203E-006  1.697309728074942E-006  1.682736647916509E-006  1.647518490957417E-006  1.624241359867481E-006  1.590702706699315E-006
   6090.00085319024       2.100658057277985E-006  2.078558354061971E-006  2.054390235412100E-006  2.027980015037358E-006  1.998392828780951E-006  1.965063657836037E-006  1.926584929326585E-006  1.904659998868669E-006  1.880368815025781E-006  1.853094746009903E-006  1.834906327166505E-006  1.821857989722722E-006  1.800560228972016E-006  1.784982462228633E-006  1.758964153263188E-006  1.739335778924923E-006  1.728639012136323E-006  1.717225138275064E-006  1.704953520478042E-006  1.691641495961111E-006  1.677004666247159E-006  1.641626187702596E-006  1.618282505062017E-006  1.584790742515538E-006
   6110.00085599218       2.075015454765134E-006  2.052388012922511E-006  2.028060805486873E-006  2.001340848425970E-006  1.971626635893877E-006  1.938168468461939E-006  1.899497162417029E-006  1.877535413223113E-006  1.853339291567778E-006  1.826304130140418E-006  1.808348760684856E-006  1.795502884036909E-006  1.774637031173443E-006  1.759459978287848E-006  1.734285738527571E-006  1.715435352625593E-006  1.705212928960421E-006  1.694346543320996E-006  1.682712589086712E-006  1.670134230221684E-006  1.656355541849374E-006  1.623144350061916E-006  1.601151973787009E-006  1.569211752545570E-006
   6130.00085879412       2.089968612994160E-006  2.068020161944632E-006  2.044533535632227E-006  2.018315521533634E-006  1.989436917362007E-006  1.956791312071628E-006  1.918850401315341E-006  1.897281608639747E-006  1.873305720922520E-006  1.846237468517635E-006  1.828151337663351E-006  1.815137218375428E-006  1.793821701094253E-006  1.778184625759408E-006  1.751945052096740E-006  1.732037603487688E-006  1.721153816431642E-006  1.709511229031475E-006  1.696965106659442E-006  1.683318424125751E-006  1.668289980937693E-006  1.631942070302942E-006  1.608058731314204E-006  1.574144455549759E-006
   6150.00086159606       2.067073480752102E-006  2.045004492706335E-006  2.020859093674828E-006  1.994727694418244E-006  1.965418478817161E-006  1.932412096187619E-006  1.894188143543164E-006  1.872519890998436E-006  1.848576943707280E-006  1.821753109140120E-006  1.803887923229211E-006  1.791062855167093E-006  1.770161684217988E-006  1.754902375476532E-006  1.729453058554579E-006  1.710285139896611E-006  1.699853377039074E-006  1.688732926981023E-006  1.676791634405051E-006  1.663848076536850E-006  1.649641345537150E-006  1.615396544970648E-006  1.592863090470918E-006  1.560584238471664E-006
   6170.00086439800       2.062503516967815E-006  2.040782535803283E-006  2.016975774105584E-006  1.990920352783561E-006  1.961903168277513E-006  1.928989293168211E-006  1.890999916186074E-006  1.869389047329761E-006  1.845454348386444E-006  1.818563080192614E-006  1.800614543418866E-006  1.787718402528344E-006  1.766700748121402E-006  1.751324714288869E-006  1.725665121997043E-006  1.706312215363039E-006  1.695772884422164E-006  1.684530263182904E-006  1.672451020960646E-006  1.659351850238791E-006  1.644962889030993E-006  1.610254967427164E-006  1.587435953317090E-006  1.554870942752192E-006
   6190.00086719993       2.053814177220970E-006  2.032062540758853E-006  2.008545162302795E-006  1.982504729327173E-006  1.953794429257146E-006  1.921087765416350E-006  1.883334108596221E-006  1.861843810076240E-006  1.838026016138475E-006  1.811239756306226E-006  1.793362153802796E-006  1.780514704651168E-006  1.759553425512454E-006  1.744219214188994E-006  1.718591863945086E-006  1.699264412186886E-006  1.688735428588548E-006  1.677505521785748E-006  1.665444216136027E-006  1.652371768027448E-006  1.638025405699076E-006  1.603505568976609E-006  1.580887688694326E-006  1.548719628577503E-006
   6210.00087000187       2.043582627555043E-006  2.022195244755453E-006  1.998757470551049E-006  1.973157773584467E-006  1.944764466679682E-006  1.912497108904554E-006  1.875180113662006E-006  1.853936025413902E-006  1.830407048126423E-006  1.803924822090213E-006  1.786235593246368E-006  1.773520634090697E-006  1.752740325786593E-006  1.737521416861760E-006  1.712061938915645E-006  1.692807135078477E-006  1.682299533768919E-006  1.671079314620159E-006  1.659011445661337E-006  1.645914357529738E-006  1.631521940125487E-006  1.596834739620017E-006  1.574104370067294E-006  1.541841729806235E-006
   6230.00087280381       2.038354258630850E-006  2.017327779987404E-006  1.994440896798734E-006  1.969533762285222E-006  1.941555203884446E-006  1.909825108509464E-006  1.872957805284078E-006  1.851895873151078E-006  1.828540069496263E-006  1.802171836407194E-006  1.784514752353754E-006  1.771775376987314E-006  1.750949341964721E-006  1.735644057689486E-006  1.709998311872715E-006  1.690555957887263E-006  1.679931649137809E-006  1.668579713659291E-006  1.656357794511903E-006  1.643082115217296E-006  1.628479463337933E-006  1.593271568566887E-006  1.570233680738464E-006  1.537678631870520E-006
   6250.00087560575       2.015410541781276E-006  1.994274937652406E-006  1.971404984704002E-006  1.946196871712792E-006  1.918238771610047E-006  1.886548133670172E-006  1.849844138713736E-006  1.828956541229900E-006  1.805816131581570E-006  1.779751112985425E-006  1.762346087825126E-006  1.749856340524567E-006  1.729456519991910E-006  1.714533521074819E-006  1.689595642906343E-006  1.670789079217671E-006  1.660545540801777E-006  1.649622324163741E-006  1.637891455256863E-006  1.625181402318593E-006  1.611235612498665E-006  1.577677560777624E-006  1.555671230965480E-006  1.524315711452119E-006
   6270.00087840769       2.000603439889048E-006  1.979778326259860E-006  1.956974505742413E-006  1.931991472444367E-006  1.904302532659385E-006  1.872847598096903E-006  1.836507728027966E-006  1.815738594476389E-006  1.792737172500190E-006  1.766884231295263E-006  1.749615154609866E-006  1.737210207887997E-006  1.716980063144561E-006  1.702183658425414E-006  1.677484666344095E-006  1.658883535797515E-006  1.648763241031831E-006  1.637984030003911E-006  1.626422555393072E-006  1.613913742958613E-006  1.600213325467927E-006  1.567344453780966E-006  1.545831012138737E-006  1.515162226249934E-006
   6290.00088120963       2.002645476817207E-006  1.981705439627126E-006  1.959100423168322E-006  1.934303491277270E-006  1.906711360525789E-006  1.875375196562966E-006  1.838958739054865E-006  1.818245635925700E-006  1.795200169258353E-006  1.769292769502348E-006  1.751948899469396E-006  1.739472729185976E-006  1.719065811086132E-006  1.704108287797733E-006  1.679074416676262E-006  1.660143195568574E-006  1.649819955023132E-006  1.638797614215970E-006  1.626948970449949E-006  1.614099523727880E-006  1.599992138080184E-006  1.566067875000320E-006  1.543895751812719E-006  1.512512841900731E-006
   6310.00088401157       1.983757625268940E-006  1.963027000750767E-006  1.940381613712519E-006  1.915653285699728E-006  1.888077194627674E-006  1.856852296295028E-006  1.820637122068251E-006  1.800074879975073E-006  1.777279775514125E-006  1.751723173478247E-006  1.734651450312786E-006  1.722390854491545E-006  1.702403671183638E-006  1.687794084921180E-006  1.663417204076227E-006  1.645045740406517E-006  1.635044911628773E-006  1.624381735714618E-006  1.612932581102912E-006  1.600525648618022E-006  1.586907589742992E-006  1.554112158287312E-006  1.532581476034339E-006  1.501899295936080E-006
   6330.00088681350       1.983425916807138E-006  1.962779131739004E-006  1.940375150373898E-006  1.915646891996199E-006  1.888181583143257E-006  1.857049208936956E-006  1.820816694222355E-006  1.800153535582280E-006  1.777272231515564E-006  1.751426949257578E-006  1.734176014598607E-006  1.721759753032146E-006  1.701482058160057E-006  1.686623881002279E-006  1.661785440260113E-006  1.643030543610613E-006  1.632813230704186E-006  1.621915276590252E-006  1.610214447732226E-006  1.597539065294891E-006  1.583641010131590E-006  1.550294748826083E-006  1.528555483794018E-006  1.497856664315141E-006
   6350.00088961544       1.956809779733590E-006  1.936114152454565E-006  1.913466210775086E-006  1.888632465962424E-006  1.860977394242806E-006  1.829693470741626E-006  1.793518772479369E-006  1.772975855915096E-006  1.750286366654642E-006  1.724839568859747E-006  1.707933576872309E-006  1.695825680735571E-006  1.676143472693104E-006  1.661814266182572E-006  1.638012898162564E-006  1.620181130809600E-006  1.610512949548501E-006  1.600236854565468E-006  1.589238451045047E-006  1.577360275929134E-006  1.564368865968164E-006  1.533207149114009E-006  1.512758084743209E-006  1.483460404064730E-006
   6370.00089241738       1.960695039322083E-006  1.940346353106476E-006  1.918000744858682E-006  1.893579928772878E-006  1.866552364151797E-006  1.835738585664292E-006  1.800027879211510E-006  1.779695564743835E-006  1.757116591389144E-006  1.731716769753841E-006  1.714745931138453E-006  1.702540697355845E-006  1.682625826716299E-006  1.668058409357806E-006  1.643724715586263E-006  1.625372745331285E-006  1.615376289025640E-006  1.604722736365640E-006  1.593283865979891E-006  1.580891404869795E-006  1.567301940684074E-006  1.534649204505634E-006  1.513317804895606E-006  1.483143915123873E-006
   6390.00089521932       1.939080793494306E-006  1.918688776702860E-006  1.896683618214022E-006  1.872253947640411E-006  1.845229732778423E-006  1.814621925523169E-006  1.779199931296050E-006  1.759055291444410E-006  1.736787923216560E-006  1.711737387538134E-006  1.695085811995584E-006  1.683145610070232E-006  1.663686840009370E-006  1.649490715451835E-006  1.625843790989411E-006  1.608068068381901E-006  1.598409533429928E-006  1.588124479465755E-006  1.577097437478496E-006  1.565166098975320E-006  1.552095115380076E-006  1.520689487320143E-006  1.500093948334389E-006  1.470707675855013E-006
   6420.00089942223       1.917500993750854E-006  1.897117292967590E-006  1.874920754799795E-006  1.850646550259537E-006  1.823478104563663E-006  1.792918449997635E-006  1.757606742168684E-006  1.737566959032615E-006  1.715466158874656E-006  1.690737819388048E-006  1.674307764113727E-006  1.662537146566641E-006  1.643438367755274E-006  1.629530803198722E-006  1.606449662097932E-006  1.589166248480151E-006  1.579800067313171E-006  1.569847170205158E-006  1.559197963747149E-006  1.547705015004003E-006  1.535142256983265E-006  1.505037175518371E-006  1.485293494774948E-006  1.457008619311743E-006
   6460.00090502610       1.862777400770837E-006  1.842140458796821E-006  1.819653625272452E-006  1.795197991073133E-006  1.768152117706172E-006  1.737972057803410E-006  1.703536739770215E-006  1.684250978846983E-006  1.663196208944597E-006  1.639937476630571E-006  1.624674732710196E-006  1.613853583083800E-006  1.596443100777197E-006  1.583898980695153E-006  1.563312630305874E-006  1.548069926471468E-006  1.539860915723153E-006  1.531171576110116E-006  1.521904914772586E-006  1.511921946627486E-006  1.501008324455259E-006  1.474655925242417E-006  1.457024610900885E-006  1.430966729948638E-006
   6500.00091062998       1.831603212643031E-006  1.811148691881357E-006  1.788877538359106E-006  1.764806708425394E-006  1.738169776044034E-006  1.708444517318086E-006  1.674690519718292E-006  1.655846660706372E-006  1.635351560960517E-006  1.612834400138324E-006  1.598102304376737E-006  1.587671802448078E-006  1.570948712183335E-006  1.558945985754049E-006  1.539318039230798E-006  1.524843670159285E-006  1.517066294435455E-006  1.508846117510951E-006  1.500089974887384E-006  1.490662413908602E-006  1.480356153449169E-006  1.455395027647610E-006  1.438567181840239E-006  1.413428362200349E-006
   6540.00091623386       1.805861869800587E-006  1.785255192636852E-006  1.762911336439913E-006  1.738601310212947E-006  1.711902748297667E-006  1.682139194988725E-006  1.648389788950345E-006  1.629626417177692E-006  1.609279218224610E-006  1.587004522873918E-006  1.572508640631495E-006  1.562291043193229E-006  1.545981175041330E-006  1.534335114214959E-006  1.515416911981326E-006  1.501562603542927E-006  1.494153147104253E-006  1.486346750486305E-006  1.478056264798836E-006  1.469152457984263E-006  1.459437112309269E-006  1.435903742972727E-006  1.419957165175125E-006  1.395889545117501E-006
   6580.00092183773       1.759557115052670E-006  1.739060794518607E-006  1.716907828849193E-006  1.692989611704659E-006  1.666872437271143E-006  1.638121373495993E-006  1.605947221272226E-006  1.588286900760358E-006  1.569327374240786E-006  1.548792520294240E-006  1.535551771779508E-006  1.526271739385960E-006  1.511535673226256E-006  1.501067869960335E-006  1.484126789101658E-006  1.471744798429665E-006  1.465119362273628E-006  1.458127060816557E-006  1.450681104982207E-006  1.442653323140091E-006  1.433841335931143E-006  1.412177561493988E-006  1.397169401330692E-006  1.373920413746450E-006
   6620.00092744161       1.733406670576420E-006  1.713318085308705E-006  1.691711136541648E-006  1.668325892335560E-006  1.642867602421248E-006  1.614866306224443E-006  1.583617961126203E-006  1.566471039445304E-006  1.548084778962691E-006  1.528188086997393E-006  1.515365935064518E-006  1.506379958010478E-006  1.492117853352666E-006  1.481991152283327E-006  1.465601569998300E-006  1.453621287510338E-006  1.447209654498712E-006  1.440440819836647E-006  1.433228567178180E-006  1.425445578093131E-006  1.416891399110516E-006  1.395790583962893E-006  1.381095712894851E-006  1.358185238685245E-006
   6660.00093304549       1.724842148986413E-006  1.704810368943040E-006  1.683224132490835E-006  1.659862057802434E-006  1.634308741040918E-006  1.606046650200897E-006  1.574387127812490E-006  1.556964308138065E-006  1.538233437768600E-006  1.517938972101979E-006  1.504859357819119E-006  1.495690377355726E-006  1.481150944069033E-006  1.470836186086882E-006  1.454171468839820E-006  1.442024749803418E-006  1.435538792994124E-006  1.428704200580556E-006  1.421437886717097E-006  1.413615858143861E-006  1.405043619939292E-006  1.384022185927463E-006  1.369490706272987E-006  1.346990052782105E-006
   6700.00093864936       1.696316492645233E-006  1.676611483405366E-006  1.655463470830281E-006  1.632590536382388E-006  1.607643531043077E-006  1.580146169133312E-006  1.549472800290880E-006  1.532656752125878E-006  1.514630429706988E-006  1.495167252779990E-006  1.482658789030233E-006  1.473909940692805E-006  1.460066230795020E-006  1.450264684764204E-006  1.434463982034715E-006  1.422961803838648E-006  1.416821527220433E-006  1.410349779205583E-006  1.403464957035153E-006  1.396044540411698E-006  1.387895903233719E-006  1.367803853769447E-006  1.353802944529597E-006  1.331935594720279E-006
   6740.00094425324       1.688594950951741E-006  1.669235883232772E-006  1.648408006026591E-006  1.625808890702197E-006  1.601080561925338E-006  1.573753722263052E-006  1.543137737391769E-006  1.526292399007644E-006  1.508173813953772E-006  1.488524292108296E-006  1.475851319174217E-006  1.466965437894720E-006  1.452862804593796E-006  1.442849167695242E-006  1.426659882748205E-006  1.414848133310548E-006  1.408537538470435E-006  1.401884901376016E-006  1.394810059160740E-006  1.387192848852800E-006  1.378843689267094E-006  1.358370427731532E-006  1.344234006026135E-006  1.322408521872604E-006
   6780.00094985712       1.652210067544297E-006  1.632899947340314E-006  1.612255725746889E-006  1.589916240178326E-006  1.565658330576786E-006  1.539075896587323E-006  1.509626016316535E-006  1.493571855571154E-006  1.476453765479465E-006  1.458058224672195E-006  1.446282023957082E-006  1.438065450875508E-006  1.425090486835830E-006  1.415916537174543E-006  1.401139287005244E-006  1.390377845034928E-006  1.384626461242825E-006  1.378556704910317E-006  1.372087967240845E-006  1.365100380468368E-006  1.357403174290905E-006  1.338297242878299E-006  1.324863848924363E-006  1.303678903913667E-006
   6820.00095546099       1.630132904485014E-006  1.611503608650687E-006  1.591594885207930E-006  1.570129061484290E-006  1.546823731693528E-006  1.521288097702370E-006  1.492979288050877E-006  1.477526197355193E-006  1.461019579360857E-006  1.443231439110328E-006  1.431815481014634E-006  1.423833282375905E-006  1.411198005989849E-006  1.402247203872010E-006  1.387787563086092E-006  1.377226182318275E-006  1.371571721145168E-006  1.365597382857875E-006  1.359222432989722E-006  1.352326060274360E-006  1.344719769052849E-006  1.325801323862641E-006  1.312480357503678E-006  1.291474427504742E-006
   6860.00096106487       1.636641516993238E-006  1.618100858912311E-006  1.598135740421691E-006  1.576479332874249E-006  1.552807721011356E-006  1.526645832041506E-006  1.497324449650930E-006  1.481174727982559E-006  1.463809779275208E-006  1.444971785692135E-006  1.432815754142014E-006  1.424287196518233E-006  1.410745347780326E-006  1.401128077245697E-006  1.385570486185843E-006  1.374213706398480E-006  1.368145162158614E-006  1.361746086809956E-006  1.354938462936120E-006  1.347606305214509E-006  1.339565772816340E-006  1.319833434577036E-006  1.306199328230867E-006  1.285142400756818E-006
   6900.00096666875       1.612127382379346E-006  1.593735068468869E-006  1.573982894364466E-006  1.552574210348096E-006  1.529188437776255E-006  1.503384495268546E-006  1.474551888299489E-006  1.458737731279093E-006  1.441773899857676E-006  1.423447096102880E-006  1.411665035805070E-006  1.403424358490593E-006  1.390388397317124E-006  1.381158780771741E-006  1.366286151993544E-006  1.355464019169447E-006  1.349688638033545E-006  1.343602982434660E-006  1.337130333698304E-006  1.330155438351706E-006  1.322497052413887E-006  1.303622014965224E-006  1.290477658939866E-006  1.269957066877194E-006
   6940.00097227262       1.587794483951077E-006  1.569736476707308E-006  1.550315053772172E-006  1.529359801285034E-006  1.506551771791479E-006  1.481487827619957E-006  1.453623436374873E-006  1.438390751065856E-006  1.422111968547323E-006  1.404576548537446E-006  1.393326818811611E-006  1.385465221812240E-006  1.373034618283596E-006  1.364237134387287E-006  1.350052200114694E-006  1.339718728945968E-006  1.334197075009144E-006  1.328371021710897E-006  1.322165141863770E-006  1.315464889885403E-006  1.308090587446206E-006  1.289822570717653E-006  1.277023462191898E-006  1.256933328510450E-006
   6980.00097787650       1.592411284527615E-006  1.574674171673027E-006  1.555549361090354E-006  1.534753020215859E-006  1.511961653215211E-006  1.486731428351780E-006  1.458352352815975E-006  1.442682596021136E-006  1.425790008535490E-006  1.407419546870654E-006  1.395541936047102E-006  1.387199718567046E-006  1.373940156822760E-006  1.364511354678181E-006  1.349245883630673E-006  1.338097062335245E-006  1.332139242844682E-006  1.325859967473845E-006  1.319182890522388E-006  1.311998274672613E-006  1.304131169325862E-006  1.284896061111232E-006  1.271682986959320E-006  1.251418447019658E-006
   7020.00098348038       1.558890552597158E-006  1.541512768594693E-006  1.522863008945715E-006  1.502681415048635E-006  1.480688270447952E-006  1.456484328924765E-006  1.429476289787685E-006  1.414670701820200E-006  1.398791781094607E-006  1.381626056528791E-006  1.370573029727808E-006  1.362832373762215E-006  1.350558631700076E-006  1.341848159663563E-006  1.327760388647221E-006  1.317468450018272E-006  1.311961002939382E-006  1.306146368691194E-006  1.299948781409533E-006  1.293256946653748E-006  1.285894886696088E-006  1.267697621613478E-006  1.255000363795631E-006  1.235181983605270E-006
   7060.00098908425       1.548690088379954E-006  1.531489291354943E-006  1.512974589196708E-006  1.492932654890022E-006  1.471056682712743E-006  1.446910860776031E-006  1.419895209454540E-006  1.405040466895243E-006  1.389071128398525E-006  1.371763706428327E-006  1.360602755384806E-006  1.352779568379837E-006  1.340363419053685E-006  1.331547591302983E-006  1.317291882194377E-006  1.306886926037173E-006  1.301324739020076E-006  1.295457656352964E-006  1.289212419492515E-006  1.282479082622607E-006  1.275084227223933E-006  1.256865954176978E-006  1.244208231762451E-006  1.224534131299479E-006
   7100.00099468813       1.532677164314105E-006  1.515584880445079E-006  1.497186218359669E-006  1.477268768519375E-006  1.455487120239903E-006  1.431447670235469E-006  1.404583116365182E-006  1.389825307283350E-006  1.373985512647633E-006  1.356846341787114E-006  1.345809816958352E-006  1.338085647263275E-006  1.325843035964493E-006  1.317165405107723E-006  1.303163115327508E-006  1.292963743960138E-006  1.287518783849042E-006  1.281779542903792E-006  1.275674996957826E-006  1.269096542674162E-006  1.261874231129191E-006  1.244076898546711E-006  1.231691735426822E-006  1.212374481904461E-006
   7140.00100029201       1.522428115516207E-006  1.505575957099671E-006  1.487384673061578E-006  1.467651063948712E-006  1.446073799309089E-006  1.422170468931555E-006  1.395399601646882E-006  1.380661896883216E-006  1.364823450909788E-006  1.347667332460722E-006  1.336606711638403E-006  1.328859947783429E-006  1.316575880203454E-006  1.307861281063204E-006  1.293788781260932E-006  1.283532283634844E-006  1.278055077422169E-006  1.272281778680208E-006  1.266141133277153E-006  1.259525790371452E-006  1.252268129990815E-006  1.234423499589540E-006  1.222054746955695E-006  1.202867982632970E-006
   7180.00100589589       1.513898249469221E-006  1.497515795395693E-006  1.479877186248713E-006  1.460657304041948E-006  1.439585934842637E-006  1.416211253654616E-006  1.389840671259959E-006  1.375240360497258E-006  1.359474003418577E-006  1.342281480124298E-006  1.331137583284796E-006  1.323297177151878E-006  1.310815985501250E-006  1.301922998295965E-006  1.287500450420344E-006  1.276950818598500E-006  1.271307862653176E-006  1.265356927776430E-006  1.259027014065489E-006  1.252212681584329E-006  1.244748713975474E-006  1.226492905586373E-006  1.213951779249230E-006  1.194726533722519E-006
   7220.00101149976       1.482824408622274E-006  1.466448295638330E-006  1.448876630484083E-006  1.429835862156020E-006  1.409069900470149E-006  1.386249552110067E-006  1.360823552940589E-006  1.346908167091061E-006  1.332015165344871E-006  1.315945386021806E-006  1.305620112087021E-006  1.298402815745458E-006  1.286971281182688E-006  1.278869664139230E-006  1.265782806272246E-006  1.256229450264923E-006  1.251116590036754E-006  1.245716449066416E-006  1.239958131475423E-006  1.233734744830424E-006  1.226879767187437E-006  1.209889838306059E-006  1.197996771612583E-006  1.179383009340274E-006
   7260.00101710364       1.472198142295779E-006  1.456135241575428E-006  1.438896760234184E-006  1.420181117530236E-006  1.399776291416013E-006  1.377271528396429E-006  1.352120964843486E-006  1.338304218669966E-006  1.323476725717066E-006  1.307420925923573E-006  1.297072808331157E-006  1.289818741380548E-006  1.278307790222377E-006  1.270134055686809E-006  1.256907840903840E-006  1.247242130056133E-006  1.242069113543827E-006  1.236608655901360E-006  1.230789767937057E-006  1.224508250162310E-006  1.217600515510218E-006  1.200545386275709E-006  1.188673142631572E-006  1.170207724915566E-006
   7300.00102270752       1.470340528401274E-006  1.454400067929085E-006  1.437225154712800E-006  1.418516468077004E-006  1.397982929909363E-006  1.375180335252991E-006  1.349480958495911E-006  1.335265251874994E-006  1.319923751122792E-006  1.303224468024000E-006  1.292423943656026E-006  1.284837114128208E-006  1.272783725931211E-006  1.264213888341416E-006  1.250351457640783E-006  1.240236844961584E-006  1.234834836170856E-006  1.229143635345535E-006  1.223094880480709E-006  1.216586876154589E-006  1.209460350167016E-006  1.192022982492170E-006  1.180022000435573E-006  1.161554220759058E-006
   7340.00102831139       1.444709146174708E-006  1.429258742777553E-006  1.412686192722049E-006  1.394770729932705E-006  1.375164221173801E-006  1.353516849054600E-006  1.329257334259957E-006  1.315889262385480E-006  1.301509348321102E-006  1.285875972662355E-006  1.275762305396663E-006  1.268652590411546E-006  1.257331817017029E-006  1.249263437200566E-006  1.236153717972428E-006  1.226529842346407E-006  1.221366437225402E-006  1.215907214924625E-006  1.210081402531682E-006  1.203786147020623E-006  1.196860321979550E-006  1.179774809083674E-006  1.167911555579136E-006  1.149534115951898E-006
   7380.00103391527       1.440008716696537E-006  1.424680724540197E-006  1.408154323014679E-006  1.390188193036556E-006  1.370478377343950E-006  1.348625504909657E-006  1.324004615885769E-006  1.310393960278494E-006  1.295692580301356E-006  1.279682419458739E-006  1.269306543030108E-006  1.262010448038786E-006  1.250390417866453E-006  1.242109776882976E-006  1.228673000909315E-006  1.218833112034622E-006  1.213564642331194E-006  1.208004780355709E-006  1.202085011822921E-006  1.195704803847783E-006  1.188706188318842E-006  1.171541711923879E-006  1.159713762229417E-006  1.141538719696738E-006
   7420.00103951915       1.414710162962641E-006  1.399606433422859E-006  1.383328425856638E-006  1.365702539486780E-006  1.346427155572974E-006  1.325162792543428E-006  1.301385432921840E-006  1.288316778362037E-006  1.274274971682695E-006  1.259065766619643E-006  1.249258917736847E-006  1.242383637992632E-006  1.231462047206473E-006  1.223703292458162E-006  1.211136132666753E-006  1.201942642202188E-006  1.197018679895841E-006  1.191817384609924E-006  1.186270964316473E-006  1.180279176696166E-006  1.173684393098581E-006  1.157379227125946E-006  1.146010631082970E-006  1.128300317729813E-006
   7460.00104512302       1.411348968304580E-006  1.396695973988938E-006  1.380884894395659E-006  1.363694143186596E-006  1.344844528850353E-006  1.323896155609515E-006  1.300280197729226E-006  1.287202163053054E-006  1.273045290617779E-006  1.257581657250175E-006  1.247536409575648E-006  1.240462072426925E-006  1.229162895997148E-006  1.221095281267621E-006  1.207961966644177E-006  1.198313177463510E-006  1.193137077208490E-006  1.187666861036291E-006  1.181835158907550E-006  1.175542421733575E-006  1.168633807897146E-006  1.151677197165518E-006  1.139999395917548E-006  1.122099875405619E-006
   7500.00105072690       1.397638116165877E-006  1.382864736525212E-006  1.367007585827295E-006  1.349651262487744E-006  1.330659613842110E-006  1.309585411895317E-006  1.285860173240615E-006  1.272744820141148E-006  1.258589385692645E-006  1.243183517115095E-006  1.233212624484044E-006  1.226204735627767E-006  1.215053328243345E-006  1.207112652355787E-006  1.194234571408729E-006  1.184807467081916E-006  1.179760640502160E-006  1.174432320770576E-006  1.168758216355656E-006  1.162639720683522E-006  1.155924425840711E-006  1.139431061676274E-006  1.128039319285673E-006  1.110474580632338E-006
   7540.00105633078       1.378902670511264E-006  1.364481909256565E-006  1.348859186268535E-006  1.331943073569375E-006  1.313447747325265E-006  1.292966451573625E-006  1.269953661991360E-006  1.257252894053959E-006  1.243552014907727E-006  1.228637083527223E-006  1.218975731077071E-006  1.212179511948419E-006  1.201351930681370E-006  1.193625666834702E-006  1.181061778977547E-006  1.171829461992292E-006  1.166870890564719E-006  1.161623552365361E-006  1.156018953755044E-006  1.149954120858320E-006  1.143269174347092E-006  1.126704794767868E-006  1.115124184221411E-006  1.097019855428050E-006
   7580.00106193465       1.343012247544390E-006  1.329061970405213E-006  1.314150843620217E-006  1.298060455623535E-006  1.280566073994129E-006  1.261364274883404E-006  1.239959939693488E-006  1.228211381562766E-006  1.215585874407266E-006  1.201885231541553E-006  1.193016987273420E-006  1.186778039942738E-006  1.176826596356303E-006  1.169710349467101E-006  1.158080249197390E-006  1.149466981443404E-006  1.144809079766096E-006  1.139849855576092E-006  1.134511761728120E-006  1.128680255468727E-006  1.122174840301494E-006  1.105620619803143E-006  1.093600260462625E-006  1.073917481090525E-006
   7620.00106753853       1.322518940174198E-006  1.308692787882464E-006  1.293868624378855E-006  1.277876633756724E-006  1.260502639080737E-006  1.241434177327180E-006  1.220229408201202E-006  1.208623786560072E-006  1.196189462895131E-006  1.182742938882262E-006  1.174076739592381E-006  1.167996473626477E-006  1.158324998445928E-006  1.151428209938414E-006  1.140185932192472E-006  1.131869042484664E-006  1.127368417562568E-006  1.122569635159463E-006  1.117391747684834E-006  1.111714020988092E-006  1.105344432354811E-006  1.088902106009080E-006  1.076684816522855E-006  1.056022670688628E-006
   7660.00107314241       1.302712033043399E-006  1.289451028685048E-006  1.275249095385009E-006  1.259949610638487E-006  1.243320843367030E-006  1.225082024478005E-006  1.204755938527741E-006  1.193600994551030E-006  1.181605327643147E-006  1.168569262134292E-006  1.160121403451307E-006  1.154169080819291E-006  1.144650883160847E-006  1.137820805300881E-006  1.126601634907625E-006  1.118228344178183E-006  1.113669261670999E-006  1.108785803369736E-006  1.103490466728685E-006  1.097651358833854E-006  1.091059177974128E-006  1.073821520463054E-006  1.060782389547419E-006  1.038197995773048E-006
   7700.00107874628       1.293707146751223E-006  1.280785466060697E-006  1.266927843301761E-006  1.251942186549496E-006  1.235592203127303E-006  1.217551748448421E-006  1.197327080099742E-006  1.186149323814352E-006  1.174085599214406E-006  1.160905989845462E-006  1.152329131390196E-006  1.146266756397756E-006  1.136547653471254E-006  1.129552209069438E-006  1.118025881418817E-006  1.109397208725899E-006  1.104691073704484E-006  1.099644161492713E-006  1.094164665895777E-006  1.088115245303034E-006  1.081275282299163E-006  1.063324941917791E-006  1.049652209500267E-006  1.025689427510084E-006
   7740.00108435016       1.259716418095225E-006  1.247211413723201E-006  1.233843623033811E-006  1.219503050752365E-006  1.203972103462702E-006  1.186992617120306E-006  1.168143201120638E-006  1.157818489936736E-006  1.146733201210850E-006  1.134687466442759E-006  1.126872199133376E-006  1.121354255145924E-006  1.112506644508536E-006  1.106127952330412E-006  1.095569908701334E-006  1.087599491020680E-006  1.083218512269252E-006  1.078487892813922E-006  1.073308068058871E-006  1.067528778551487E-006  1.060909407466900E-006  1.043052142534168E-006  1.028946855638064E-006  1.003236042153942E-006
   7780.00108995404       1.252458047912791E-006  1.240130810068758E-006  1.226942217470752E-006  1.212728395155076E-006  1.197294739964482E-006  1.180347142567677E-006  1.161427370133388E-006  1.151017069475703E-006  1.139791419363488E-006  1.127536026609977E-006  1.119550257578202E-006  1.113898946983507E-006  1.104808305215055E-006  1.098236831515583E-006  1.087330885505484E-006  1.079079309164985E-006  1.074538876141766E-006  1.069632870285959E-006  1.064257806225092E-006  1.058257642052677E-006  1.051380408137546E-006  1.032790866898260E-006  1.018045593748447E-006  9.909839046521696E-007
   7820.00109555791       1.232099879438147E-006  1.220073540652700E-006  1.207226239251449E-006  1.193434925973709E-006  1.178500123843421E-006  1.162148425146012E-006  1.143964223422859E-006  1.133984708406915E-006  1.123238566249989E-006  1.111520137353290E-006  1.103886406676980E-006  1.098480398039758E-006  1.089776006997220E-006  1.083471092253389E-006  1.072972229986272E-006  1.064987563880019E-006  1.060575137438003E-006  1.055790890889294E-006  1.050527912418677E-006  1.044625129126200E-006  1.037822599750418E-006  1.019234288859931E-006  1.004291065548361E-006  9.765135786002607E-007
   7860.00110116179       1.216790725307380E-006  1.205128751958830E-006  1.192663339428380E-006  1.179273009117993E-006  1.164759390247906E-006  1.148828273265252E-006  1.131051732933128E-006  1.121259518973726E-006  1.110680878152632E-006  1.099103506615432E-006  1.091537731031312E-006  1.086167408794562E-006  1.077498186003910E-006  1.071201422055843E-006  1.060683840272619E-006  1.052657415490683E-006  1.048211196146738E-006  1.043381075753088E-006  1.038055722636558E-006  1.032066186149129E-006  1.025139688495468E-006  1.006064690921119E-006  9.905647851126458E-007  9.614042546550919E-007
   7900.00110676567       1.199385058836371E-006  1.187810840960964E-006  1.175484599966103E-006  1.162293076545296E-006  1.148059580993611E-006  1.132538612342358E-006  1.115350043639460E-006  1.105945553851042E-006  1.095838822981947E-006  1.084831922700159E-006  1.077666218959952E-006  1.072591105211435E-006  1.064412744214185E-006  1.058479414331433E-006  1.048570070946454E-006  1.040997977600993E-006  1.036796078246966E-006  1.032223177981114E-006  1.027169925345878E-006  1.021470466453608E-006  1.014856848111065E-006  9.965245611589243E-007  9.815307144317387E-007  9.532520072046485E-007
   7940.00111236954       1.192032032918862E-006  1.180683168702892E-006  1.168570692461629E-006  1.155549758403719E-006  1.141422843846624E-006  1.125918557726833E-006  1.108606626300592E-006  1.099066967050179E-006  1.088759464783979E-006  1.077466558788999E-006  1.070079000228827E-006  1.064831111427572E-006  1.056348503283992E-006  1.050177607254454E-006  1.039846472460107E-006  1.031938113476773E-006  1.027546281673488E-006  1.022765154014353E-006  1.017480435903609E-006  1.011518787174957E-006  1.004599361233592E-006  9.854011309198890E-007  9.696541532197138E-007  9.397103415361592E-007
   7980.00111797342       1.172359591856882E-006  1.161213617174235E-006  1.149370619227530E-006  1.136702719293028E-006  1.123042432586561E-006  1.108160388270774E-006  1.091691091879320E-006  1.082680966781553E-006  1.072993547674301E-006  1.062431764155400E-006  1.055545587929438E-006  1.050661864645483E-006  1.042776151850995E-006  1.037039868075853E-006  1.027424980374654E-006  1.020043780199585E-006  1.015933597038270E-006  1.011448237966814E-006  1.006476605058073E-006  1.000849946421033E-006  9.942955219725288E-007  9.759927572232196E-007  9.608854219148597E-007  9.320483969074348E-007
   8020.00112357730       1.169964957713599E-006  1.158969193710520E-006  1.147248820770898E-006  1.134655808842064E-006  1.121016446293433E-006  1.106057219062482E-006  1.089372728289235E-006  1.080179930744039E-006  1.070246988573024E-006  1.059361462466288E-006  1.052237236024809E-006  1.047174497153090E-006  1.038989262323329E-006  1.033032698654353E-006  1.023059348428608E-006  1.015426015020084E-006  1.011188628234017E-006  1.006577717679099E-006  1.001484591393061E-006  9.957446488316345E-007  9.890915245576193E-007  9.706952008385169E-007  9.556817204796525E-007  9.272687658398934E-007
   8060.00112918117       1.154614420387612E-006  1.143588237196172E-006  1.131864700338778E-006  1.119309613098226E-006  1.105760878459544E-006  1.090988895594793E-006  1.074631744315681E-006  1.065682717053991E-006  1.056066288033793E-006  1.045593418794681E-006  1.038774350425854E-006  1.033944021994097E-006  1.026156033946175E-006  1.020501271591210E-006  1.011044823986016E-006  1.003804374345394E-006  9.997799128735272E-007  9.953941605782271E-007  9.905402446835401E-007  9.850562297013329E-007  9.786807037906983E-007  9.609529374278034E-007  9.464032953448382E-007  9.187755007267680E-007
   8100.00113478505       1.144342649280361E-006  1.133522463161062E-006  1.122007157736904E-006  1.109688138926833E-006  1.096406242830511E-006  1.081933990796069E-006  1.065917924807135E-006  1.057158149459560E-006  1.047746574884218E-006  1.037496864165590E-006  1.030821117740931E-006  1.026090905944849E-006  1.018462736771184E-006  1.012922685324313E-006  1.003655896499981E-006  9.965607574777496E-007  9.926181745948116E-007  9.883231691380831E-007  9.835721907527030E-007  9.782087587957222E-007  9.719807052682638E-007  9.547164167671730E-007  9.406160952507773E-007  9.139942282654569E-007
   8140.00114038893       1.139870054151199E-006  1.129028895657820E-006  1.117498479753249E-006  1.105149127894254E-006  1.091827813782213E-006  1.077298554706834E-006  1.061213867147322E-006  1.052415192804061E-006  1.042963007077403E-006  1.032674471495330E-006  1.025980737919106E-006  1.021242554613444E-006  1.013612856426117E-006  1.008083550755533E-006  9.988639588515358E-007  9.918356215331161E-007  9.879435825239765E-007  9.837155598649280E-007  9.790541731488226E-007  9.738123706299730E-007  9.677538782818257E-007  9.511248824391666E-007  9.377235924548855E-007  9.128198193217973E-007
   8180.00114599281       1.131234074138096E-006  1.120515351396085E-006  1.109112108880095E-006  1.096893569419824E-006  1.083701170235340E-006  1.069296266630225E-006  1.053309918755451E-006  1.044545151721711E-006  1.035109744924376E-006  1.024815868761038E-006  1.018105540542376E-006  1.013349291448554E-006  1.005680860326745E-006  1.000116656747243E-006  9.908293642011899E-007  9.837443832696628E-007  9.798200052309340E-007  9.755567054215310E-007  9.708568360441192E-007  9.655729123480390E-007  9.594681439891643E-007  9.427320462345335E-007  9.292732259888251E-007  9.043246881194322E-007
   8220.00115159668       1.118210877315060E-006  1.107575515353679E-006  1.096280639726350E-006  1.084213400447710E-006  1.071227757421881E-006  1.057110034214342E-006  1.041539817252111E-006  1.033048772829520E-006  1.023948791031075E-006  1.014068212839799E-006  1.007652537604370E-006  1.003117088024538E-006  9.958229397476317E-007  9.905421509918596E-007  9.817448276444082E-007  9.750425930629257E-007  9.713317625407417E-007  9.673008810449691E-007  9.628570296802138E-007  9.578601913643041E-007  9.520859880623686E-007  9.362554757642389E-007  9.235368396437784E-007  9.000391049203687E-007
   8260.00115720056       1.118734031306703E-006  1.108083493060115E-006  1.096732201675596E-006  1.084540728746946E-006  1.071358111172383E-006  1.056930191348928E-006  1.040896793858486E-006  1.032100287380193E-006  1.022629674422492E-006  1.012310181513630E-006  1.005592329110071E-006  1.000837462625160E-006  9.931864317483122E-007  9.876493071248115E-007  9.784382702315048E-007  9.714433795768384E-007  9.675821963329088E-007  9.633996260433694E-007  9.588036214979973E-007  9.536564190382449E-007  9.477367238038564E-007  9.316572476974254E-007  9.188762920464194E-007  8.954992216635682E-007
   8300.00116280444       1.102090807521109E-006  1.091566203655584E-006  1.080367381102240E-006  1.068381880928799E-006  1.055456362793099E-006  1.041373091471913E-006  1.025808162234057E-006  1.017311053715726E-006  1.008201846192599E-006  9.983126811000610E-007  9.918958611008551E-007  9.873630756593153E-007  9.800808887135715E-007  9.748162900509513E-007  9.660610717718997E-007  9.594043894342020E-007  9.557235437997736E-007  9.517287632733312E-007  9.473284943135132E-007  9.423845657301162E-007  9.366752704882485E-007  9.210277925120403E-007  9.084418358801803E-007  8.851358270386883E-007
   8340.00116840831       1.092234669745008E-006  1.081894387119007E-006  1.070902859344925E-006  1.059152974891174E-006  1.046495925190365E-006  1.032726064266952E-006  1.017526903930377E-006  1.009235520758553E-006  1.000349754293554E-006  9.907030618401890E-007  9.844415861294081E-007  9.800166642569526E-007  9.729045491378043E-007  9.677596564264360E-007  9.591983629001585E-007  9.526854576941938E-007  9.490833227191343E-007  9.451738804028180E-007  9.408679879694453E-007  9.360312766675987E-007  9.304484178575932E-007  9.151719517871222E-007  9.029229422938422E-007  8.803526302290904E-007
   8380.00117401219       1.079270115031512E-006  1.069042386326221E-006  1.058185305745226E-006  1.046600408970850E-006  1.034148792531494E-006  1.020639928833021E-006  1.005788773816867E-006  9.977162419773491E-007  9.890889295560449E-007  9.797513926699770E-007  9.737053018266097E-007  9.694388948144555E-007  9.625894547017894E-007  9.576391620778050E-007  9.494031157356702E-007  9.431332660874565E-007  9.396620160851019E-007  9.358905638268032E-007  9.317308468995915E-007  9.270501342999798E-007  9.216353927801830E-007  9.067475812126041E-007  8.947354758000842E-007  8.724896877071597E-007
   8420.00117961607       1.082899112530288E-006  1.072730407147113E-006  1.061868066288907E-006  1.050186367694728E-006  1.037513904416132E-006  1.023611629154508E-006  1.008108780032095E-006  9.995791633829572E-007  9.903779449671478E-007  9.803245780080813E-007  9.737673901100427E-007  9.691209566303720E-007  9.616357757793439E-007  9.562131277091228E-007  9.471865902584180E-007  9.403283755271825E-007  9.365417947902894E-007  9.324389444213256E-007  9.279291992768046E-007  9.228755937189456E-007  9.170577670375202E-007  9.012029825278933E-007  8.885208412019827E-007  8.651362514190175E-007
   8460.00118521994       1.068238135028409E-006  1.058186004278842E-006  1.047478777101090E-006  1.036004250647194E-006  1.023605976470211E-006  1.010073668948151E-006  9.950783871703466E-007  9.868728058266029E-007  9.780589881141907E-007  9.684710328785280E-007  9.622393479891140E-007  9.578329486037575E-007  9.507477965198469E-007  9.456224140966000E-007  9.370969220592939E-007  9.306171644275004E-007  9.270362458814855E-007  9.231522270899396E-007  9.188771347163769E-007  9.140782034642509E-007  9.085421057506431E-007  8.933963601428153E-007  8.812343280498210E-007  8.587751139776072E-007
   8500.00119082382       1.057278482208500E-006  1.047454672243068E-006  1.036998179323060E-006  1.025809633664790E-006  1.013734133464503E-006  1.000567189881931E-006  9.859998149665914E-007  9.780349606907685E-007  9.694814098998925E-007  9.601741412628831E-007  9.541199279359446E-007  9.498359476485527E-007  9.429387621265537E-007  9.379417336396757E-007  9.296133051916658E-007  9.232687690718701E-007  9.197571804891549E-007  9.159442873017740E-007  9.117427994468862E-007  9.070210000502545E-007  9.015668983017480E-007  8.866062686553410E-007  8.745497857327154E-007  8.521974619323601E-007
   8540.00119642770       1.055169028657663E-006  1.045329380798346E-006  1.034830821046322E-006  1.023548728375892E-006  1.011320890456173E-006  9.979322788894011E-007  9.830391208889401E-007  9.748611252926568E-007  9.660551782795501E-007  9.564501770225456E-007  9.501943296679748E-007  9.457650365130528E-007  9.386343647305863E-007  9.334710608388651E-007  9.248792788142106E-007  9.183508802249383E-007  9.147456802119681E-007  9.108383229236523E-007  9.065421169271296E-007  9.017259438317111E-007  8.961788925226374E-007  8.810478299366439E-007  8.689309624685327E-007  8.465918800931455E-007
   8580.00120203157       1.043848445607681E-006  1.034067108257178E-006  1.023632980103571E-006  1.012436419859697E-006  1.000326761393798E-006  9.870931161226977E-007  9.724203126895079E-007  9.643878523314546E-007  9.557594842129335E-007  9.463732702883251E-007  9.402721184413351E-007  9.359573365596248E-007  9.290185421530804E-007  9.239979762625616E-007  9.156441646435086E-007  9.092928163313231E-007  9.057822094706676E-007  9.019738816794871E-007  8.977814717537428E-007  8.930744032469054E-007  8.876423808193477E-007  8.727633429166643E-007  8.607873610828742E-007  8.386069440751654E-007
   8620.00120763545       1.039273114285879E-006  1.029571382541981E-006  1.019195826182470E-006  1.008026801622073E-006  9.959077049054770E-007  9.826154670953478E-007  9.678128031623248E-007  9.596836350223766E-007  9.509325416772780E-007  9.413964168533746E-007  9.351924710592299E-007  9.308052978570579E-007  9.237522860481059E-007  9.186544202164069E-007  9.101888740477053E-007  9.037719160534387E-007  9.002334741704084E-007  8.964024295525240E-007  8.921941222323008E-007  8.874806656898582E-007  8.820560259883236E-007  8.672689553801707E-007  8.554237957089263E-007  8.335418067230684E-007
   8660.00121323933       1.027624782532308E-006  1.018125209195803E-006  1.007974822295403E-006  9.970539620355911E-007  9.852070917210922E-007  9.722116416498182E-007  9.577389248969119E-007  9.497868432125244E-007  9.412212324997066E-007  9.318770223715485E-007  9.257902330217690E-007  9.214805358100665E-007  9.145424454123968E-007  9.095182634907120E-007  9.011545709673216E-007  8.947946684238593E-007  8.912794576313245E-007  8.874664240753880E-007  8.832691101717815E-007  8.785565982526908E-007  8.731179713329306E-007  8.582105607560722E-007  8.461824597814333E-007  8.237712033623159E-007
   8700.00121884320       1.027309604752450E-006  1.017954357464634E-006  1.007925097081116E-006  9.970993388889040E-007  9.853036469689269E-007  9.722941626869776E-007  9.577010673620400E-007  9.496306326070263E-007  9.408939145729226E-007  9.313110373397206E-007  9.250411648752738E-007  9.205901741748025E-007  9.134071856138252E-007  9.081965312318492E-007  8.995173965263773E-007  8.929262526735023E-007  8.892913925728867E-007  8.853580720311856E-007  8.810424984235772E-007  8.762181267848161E-007  8.706812880474788E-007  8.556854094212573E-007  8.437691161888223E-007  8.218943708729230E-007
   8740.00122444708       1.012325570603130E-006  1.002943826503474E-006  9.929125652500808E-007  9.821215933495840E-007  9.704209823065151E-007  9.576008308747529E-007  9.433504968862212E-007  9.355406565891453E-007  9.271510735639461E-007  9.180319871721184E-007  9.121149524043063E-007  9.079379810309253E-007  9.012380719245169E-007  8.964065684879533E-007  8.884035041847852E-007  8.823519341733460E-007  8.790196888375754E-007  8.754150158097540E-007  8.714588581632728E-007  8.670317218446025E-007  8.619418817122388E-007  8.480985374082888E-007  8.370386949657861E-007  8.166408533294025E-007
   8780.00123005096       1.003734389026329E-006  9.945298478866971E-007  9.846802647925859E-007  9.740756500299696E-007  9.625529809693422E-007  9.499025501515487E-007  9.357967728497932E-007  9.280432047993764E-007  9.196898013095677E-007  9.105789044936120E-007  9.046469677464124E-007  9.004492026433578E-007  8.936958957662194E-007  8.888100479447513E-007  8.806867449331717E-007  8.745193407819793E-007  8.711143539755924E-007  8.674242343518382E-007  8.633663952031139E-007  8.588159429837270E-007  8.535718300173430E-007  8.392391363436697E-007  8.277131652038262E-007  8.062816453180441E-007
   8820.00123565483       9.953752780824095E-007  9.863009808078525E-007  9.765918122287758E-007  9.661340978580696E-007  9.547751340963135E-007  9.422982618562582E-007  9.283875413332866E-007  9.207393674890373E-007  9.125004580106133E-007  9.035129551474170E-007  8.976608485196468E-007  8.935187250096938E-007  8.868543988731271E-007  8.820324200426912E-007  8.740142864015467E-007  8.679261364279355E-007  8.645649683849808E-007  8.609223615519559E-007  8.569170735351295E-007  8.524261189067762E-007  8.472515304410031E-007  8.331157428162691E-007  8.217557878477702E-007  8.006414560770479E-007
   8860.00124125871       9.907182651105352E-007  9.817477983272410E-007  9.721423249172992E-007  9.617869815088008E-007  9.505249523383971E-007  9.381382583964820E-007  9.242996829300871E-007  9.166782673730195E-007  9.084556549976067E-007  8.994728006776596E-007  8.936175429539682E-007  8.894711589740629E-007  8.827974237495593E-007  8.779682007059465E-007  8.699424779506036E-007  8.638572590671731E-007  8.605027415574242E-007  8.568725961889594E-007  8.528883475319859E-007  8.484313965990816E-007  8.433112637229176E-007  8.294180686037400E-007  8.183617611462419E-007  7.980691413377563E-007
   8900.00124686259       9.844305574941173E-007  9.754713281174356E-007  9.658652462351985E-007  9.554990933427722E-007  9.442075908572026E-007  9.317742938041742E-007  9.178690438971929E-007  9.102080007321955E-007  9.019438718457998E-007  8.929222325224786E-007  8.870465047941065E-007  8.828900179506891E-007  8.762075676971793E-007  8.713798051790783E-007  8.633733246160848E-007  8.573183881416314E-007  8.539868197832174E-007  8.503865657690284E-007  8.464412073354366E-007  8.420353440901886E-007  8.369837020861426E-007  8.233289043741379E-007  8.125100301810404E-007  7.926998917434888E-007
   8940.00125246647       9.766844357882115E-007  9.679278938427109E-007  9.585320065026589E-007  9.483805863689969E-007  9.373042936801777E-007  9.250840504761276E-007  9.113756556256857E-007  9.038022656018897E-007  8.956125370354261E-007  8.866486743699337E-007  8.807984420750478E-007  8.766537125656297E-007  8.699832428053427E-007  8.651581939016721E-007  8.571493411054652E-007  8.510888975282224E-007  8.477538076271099E-007  8.441498090603431E-007  8.402006864970014E-007  8.357915262083060E-007  8.307378225946354E-007  8.170882117143280E-007  8.062811515298771E-007  7.864732462920516E-007
   8980.00125807034       9.656279585709132E-007  9.569767464760084E-007  9.477109967725543E-007  9.377165630143534E-007  9.268429078901070E-007  9.148816623619312E-007  9.015157784815029E-007  8.941569758540516E-007  8.862197414694877E-007  8.775555383355813E-007  8.719115999768691E-007  8.679178737622710E-007  8.614947925187303E-007  8.568515767357686E-007  8.491436593140171E-007  8.433066494365306E-007  8.400914223086900E-007  8.366139327231362E-007  8.327993224712861E-007  8.285350919367915E-007  8.236405466251683E-007  8.103890864455558E-007  7.998759231269425E-007  7.805976179207377E-007
   9020.00126367422       9.652055814190620E-007  9.565704194377541E-007  9.473026085399807E-007  9.372855921683381E-007  9.263609568536937E-007  9.142935035043519E-007  9.007510621741806E-007  8.932618873021802E-007  8.851632337404800E-007  8.762925926732921E-007  8.705000058890979E-007  8.663952289704907E-007  8.597868451936669E-007  8.550069001045748E-007  8.470766383543918E-007  8.410836507911519E-007  8.377905969373107E-007  8.342375118687293E-007  8.303520872089915E-007  8.260254321829244E-007  8.210834225909780E-007  8.078425077595075E-007  7.974867316124163E-007  7.788113054039715E-007
   9060.00126927809       9.595192237571406E-007  9.509700723745121E-007  9.417867565290549E-007  9.318431615859038E-007  9.209708567905433E-007  9.089444555370523E-007  8.954194471761138E-007  8.879292596382363E-007  8.798248712351845E-007  8.709474185814050E-007  8.651540037451397E-007  8.610521298358047E-007  8.544569156387593E-007  8.496954295933570E-007  8.418164818619171E-007  8.358827325274116E-007  8.326304225787542E-007  8.291281623776167E-007  8.253064680934180E-007  8.210610986422639E-007  8.162254719670932E-007  8.033437211559310E-007  7.933404185230665E-007  7.754120698580533E-007
   9100.00127488197       9.500635950029918E-007  9.417581495911416E-007  9.328488513717560E-007  9.232061070497533E-007  9.126850929828916E-007  9.010419028085771E-007  8.879396094008970E-007  8.806790926398906E-007  8.728117330473731E-007  8.641745126384494E-007  8.585237221071449E-007  8.545141264799077E-007  8.480516663404371E-007  8.433724668503058E-007  8.356034899379967E-007  8.297311940107356E-007  8.265055994294479E-007  8.230269170029070E-007  8.192258749236837E-007  8.149983305033374E-007  8.101781310809635E-007  7.973238943141114E-007  7.873429098796424E-007  7.694800950587882E-007
   9140.00128048585       9.398172696802166E-007  9.316392757678136E-007  9.228733082496984E-007  9.133888649455398E-007  9.030373709921444E-007  8.915983634383600E-007  8.787415266776657E-007  8.716255428866751E-007  8.639173647573908E-007  8.554631364646283E-007  8.499343190094925E-007  8.460125977023582E-007  8.396923796612381E-007  8.351165945953404E-007  8.275169441835263E-007  8.217684005777830E-007  8.186081745042210E-007  8.151974526911213E-007  8.114668925481980E-007  8.073125893078010E-007  8.025685636718540E-007  7.898781748725423E-007  7.799854057306975E-007  7.622051777205112E-007
   9180.00128608973       9.351667886424106E-007  9.269761208362732E-007  9.181886719922384E-007  9.086881505675380E-007  8.983142564708797E-007  8.868671824383276E-007  8.740167086723357E-007  8.669092420585125E-007  8.592214822835669E-007  8.508024611355992E-007  8.453055558671549E-007  8.414114862226565E-007  8.351433853818997E-007  8.306126281245131E-007  8.231027335873761E-007  8.174362140341745E-007  8.143269221628877E-007  8.109764421105531E-007  8.073187295159777E-007  8.032548254493695E-007  7.986272692214812E-007  7.863284061020312E-007  7.768340273288086E-007  7.599954878094064E-007
   9220.00129169360       9.271054871659317E-007  9.189767955851147E-007  9.102482728531248E-007  9.008071042270197E-007  8.904977965693877E-007  8.790951810572772E-007  8.662797384694388E-007  8.591869194938172E-007  8.515074655319933E-007  8.430921334427056E-007  8.375968400381097E-007  8.337031956217250E-007  8.274384089967720E-007  8.229107677776391E-007  8.154091710419738E-007  8.097514542822556E-007  8.066473405119747E-007  8.033022455121872E-007  7.996496929449707E-007  7.955899910184353E-007  7.909641718944069E-007  7.786462637449793E-007  7.691046662050560E-007  7.521039502005858E-007
   9260.00129729748       9.204043535948663E-007  9.123264904539738E-007  9.036584056198307E-007  8.942825696868836E-007  8.840461917263577E-007  8.727442875004285E-007  8.600621566371641E-007  8.530566891510699E-007  8.454860559878543E-007  8.372100583972824E-007  8.318180623536825E-007  8.280037562178313E-007  8.218779661343345E-007  8.174596601939428E-007  8.101551613095076E-007  8.046594917602750E-007  8.016494757421534E-007  7.984096581004755E-007  7.948772439795474E-007  7.909575916400474E-007  7.865004183281167E-007  7.746836887976216E-007  7.655890076480982E-007  7.495179861691533E-007
   9300.00130290136       9.169572276519494E-007  9.089506509403384E-007  9.003401847576815E-007  8.910131673827969E-007  8.808146402353573E-007  8.695280269284104E-007  8.568228258427057E-007  8.497854105423513E-007  8.421660124114682E-007  8.338186709147384E-007  8.283699632021216E-007  8.245116847765188E-007  8.183094195441551E-007  8.138329439977251E-007  8.064308965333127E-007  8.008643116406659E-007  7.978175087646539E-007  7.945409079789058E-007  7.909719024253133E-007  7.870171024511400E-007  7.825280333940945E-007  7.706788218412264E-007  7.616194348336514E-007  7.457270314502809E-007
   9340.00130850523       9.080418300440381E-007  9.002167643885267E-007  8.918142168326339E-007  8.827245220875205E-007  8.727984127839455E-007  8.618185364861727E-007  8.494687643121645E-007  8.426307557315425E-007  8.352250957805451E-007  8.271040047015902E-007  8.217975274515761E-007  8.180365219462829E-007  8.119823606852401E-007  8.076061179314097E-007  8.003570176921815E-007  7.948954815253970E-007  7.919033134105131E-007  7.886838986866996E-007  7.851761036568746E-007  7.812886166038423E-007  7.768766747487161E-007  7.652432126444627E-007  7.563712038012544E-007  7.408874215652336E-007
   9380.00131410911       8.990818905134811E-007  8.913514741068176E-007  8.830460557355322E-007  8.740587155366810E-007  8.642445243482613E-007  8.533910083863415E-007  8.411844913335292E-007  8.344250122145248E-007  8.271075010410035E-007  8.190874703261509E-007  8.138500744643311E-007  8.101392758034551E-007  8.041694050249779E-007  7.998562727993881E-007  7.927152780179335E-007  7.873355672764401E-007  7.843871237010730E-007  7.812130592061748E-007  7.777518798344826E-007  7.739116677700473E-007  7.695467633566369E-007  7.579990507071317E-007  7.491521970586447E-007  7.336351924566544E-007
   9420.00131971299       8.942865260566030E-007  8.864698467870585E-007  8.780825982694815E-007  8.690091161191206E-007  8.591107771518270E-007  8.481859185959590E-007  8.359371528485233E-007  8.291752092195941E-007  8.218701985085183E-007  8.138890122033074E-007  8.086911713581359E-007  8.050157420527906E-007  7.991142874673004E-007  7.948598530667780E-007  7.878314120446573E-007  7.825491852647847E-007  7.796587975079901E-007  7.765508432195712E-007  7.731661115521009E-007  7.694162992801558E-007  7.651613962440755E-007  7.539432464601446E-007  7.453908405817598E-007  7.305015795514358E-007
   9460.00132531686       8.835824139232536E-007  8.760462716241761E-007  8.679700998135413E-007  8.592596016127826E-007  8.497732433993495E-007  8.393185627993659E-007  8.276092298205681E-007  8.211469713177571E-007  8.141648574171217E-007  8.065284287758261E-007  8.015475483481622E-007  7.980203333679731E-007  7.923472491918174E-007  7.882482776206703E-007  7.814580318163468E-007  7.763379868789341E-007  7.735302216356944E-007  7.705062682717226E-007  7.672076673812395E-007  7.635472691654963E-007  7.593871329813604E-007  7.483969352789867E-007  7.400146156833227E-007  7.254586273639212E-007
   9500.00133092074       8.824388350118267E-007  8.748163161812599E-007  8.666261585467896E-007  8.577618959670772E-007  8.480849960801496E-007  8.373857724594201E-007  8.253681320464398E-007  8.187234438051056E-007  8.115393862198320E-007  8.036818738190414E-007  7.985617908728566E-007  7.949407687780280E-007  7.891280391924505E-007  7.849403396918408E-007  7.780314830028306E-007  7.728500265055241E-007  7.700199508238125E-007  7.669813957158916E-007  7.636783414311128E-007  7.600272352828381E-007  7.558960435657835E-007  7.450769726480416E-007  7.369091554775462E-007  7.228490352898738E-007
   9540.00133652462       8.821622802372918E-007  8.745611095243275E-007  8.663787190082832E-007  8.574990206597208E-007  8.477726839063516E-007  8.369800889155854E-007  8.248006902870112E-007  8.180376948932029E-007  8.107012363996104E-007  8.026488529729800E-007  7.973864216880937E-007  7.936577968283443E-007  7.876619882801600E-007  7.833362454589233E-007  7.761948665899683E-007  7.708419585135839E-007  7.679219887188333E-007  7.647916010275369E-007  7.613958483035802E-007  7.576529314600818E-007  7.534336836687698E-007  7.424783949492911E-007  7.343144070402239E-007  7.204923879946468E-007
   9580.00134212849       8.650011795587658E-007  8.576876821340928E-007  8.498462643216495E-007  8.413727707924974E-007  8.321357795512104E-007  8.219479544016492E-007  8.105262697613018E-007  8.042186042551519E-007  7.974044308589012E-007  7.899553030151941E-007  7.851013538124372E-007  7.816674009906944E-007  7.761514824390089E-007  7.721734646540952E-007  7.655995459246625E-007  7.606578571433623E-007  7.579539590358193E-007  7.550469582890985E-007  7.518823056521046E-007  7.483787157858662E-007  7.444082019613159E-007  7.339858452432905E-007  7.261096357146326E-007  7.125949459532008E-007
   9620.00134773237       8.626703073704499E-007  8.552123114872858E-007  8.472095670898330E-007  8.385532803398343E-007  8.291154385681749E-007  8.187036259632536E-007  8.070330019408368E-007  8.005939893930583E-007  7.936453821779874E-007  7.860605784100547E-007  7.811267753084676E-007  7.776416168029499E-007  7.720542773081534E-007  7.680336138747802E-007  7.614088486194402E-007  7.564466238288900E-007  7.537383813579962E-007  7.508323887334579E-007  7.476754989072283E-007  7.441887487961883E-007  7.402475872935011E-007  7.299519930224380E-007  7.222143592710073E-007  7.090096974952770E-007
   9660.00135333625       8.520606254954328E-007  8.448786683732137E-007  8.371771779861530E-007  8.288520156498980E-007  8.197777954275316E-007  8.097668570706011E-007  7.985506284933245E-007  7.923609941095725E-007  7.856781274980191E-007  7.783794265162045E-007  7.736279953233329E-007  7.702691404159253E-007  7.648791386146702E-007  7.609960047712809E-007  7.545873775205344E-007  7.497771621235567E-007  7.471479808180077E-007  7.443236004178980E-007  7.412515999790137E-007  7.378540693741468E-007  7.340082699279675E-007  7.239368940478298E-007  7.163481981547185E-007  7.033795671108697E-007
   9700.00135894012       8.504848718544011E-007  8.432086605472299E-007  8.353987091459581E-007  8.269562187797965E-007  8.177465651546011E-007  8.075800611914612E-007  7.961801147952168E-007  7.898862013467326E-007  7.830910689144347E-007  7.756696452764736E-007  7.708404179765603E-007  7.674283236272781E-007  7.619574077038432E-007  7.580210228364286E-007  7.515375397547451E-007  7.466855258199428E-007  7.440400430250030E-007  7.412040411727182E-007  7.381269121920596E-007  7.347337164122096E-007  7.309063154941265E-007  7.209571886142580E-007  7.135357075313232E-007  7.009943674615797E-007
   9740.00136454400       8.450022183611129E-007  8.378574610446147E-007  8.301810904604715E-007  8.218707230882311E-007  8.127919261746723E-007  8.027510052175561E-007  7.914593518738489E-007  7.852074272752404E-007  7.784420980989078E-007  7.710349135483971E-007  7.662035977067555E-007  7.627846625533028E-007  7.572949849893162E-007  7.533389945659084E-007  7.468143123089341E-007  7.419260707414994E-007  7.392594371380117E-007  7.363999805489488E-007  7.332969143960902E-007  7.298747526394892E-007  7.260147937509397E-007  7.159866823316500E-007  7.085167413151123E-007  6.959181180046490E-007
   9780.00137014788       8.351854589883181E-007  8.282451780320415E-007  8.207882174506471E-007  8.127243801801105E-007  8.039223460417332E-007  7.941980876318787E-007  7.832809648570465E-007  7.772454186454598E-007  7.707210523416999E-007  7.635849626439981E-007  7.589348779705688E-007  7.556458831636115E-007  7.503658326291478E-007  7.465615728055100E-007  7.402854986278024E-007  7.355804286914355E-007  7.330120026549906E-007  7.302563303896987E-007  7.272640123771272E-007  7.239617217251078E-007  7.202343636050150E-007  7.105408734957027E-007  7.033173200710142E-007  6.911603389395395E-007
   9820.00137575175       8.328602865293379E-007  8.258252923096307E-007  8.182758486145725E-007  8.101150174706505E-007  8.012094014240914E-007  7.913783576836276E-007  7.803438582935285E-007  7.742446569874992E-007  7.676521313322270E-007  7.604404107973144E-007  7.557406097124582E-007  7.524162994874483E-007  7.470792016108787E-007  7.432341354946185E-007  7.368933126817666E-007  7.321433365142292E-007  7.295524429600062E-007  7.267749154358549E-007  7.237618833150169E-007  7.204411113466035E-007  7.166991684256031E-007  7.070025324714019E-007  6.998105156787490E-007  6.877647347959899E-007
   9860.00138135563       8.274532488995288E-007  8.205038598266105E-007  8.130411022699243E-007  8.049666438448417E-007  7.961479318370786E-007  7.863986978831522E-007  7.754386079537375E-007  7.693719336192294E-007  7.628065954692491E-007  7.556170366452996E-007  7.509275278208563E-007  7.476090432993249E-007  7.422809828119098E-007  7.384428310511568E-007  7.321172690804346E-007  7.273846974198006E-007  7.248063789691503E-007  7.220449580144838E-007  7.190529078507783E-007  7.157596703691742E-007  7.120547044434791E-007  7.024879365905222E-007  6.954275960271095E-007  6.836647880736129E-007
   9900.00138695951       8.085178965902376E-007  8.018119391341589E-007  7.946623305870901E-007  7.869850854902717E-007  7.786798488914289E-007  7.696001425825479E-007  7.595286271048136E-007  7.540147280576226E-007  7.480941068497527E-007  7.416615286360451E-007  7.374894000414812E-007  7.345458697660733E-007  7.298292701563496E-007  7.264341527105453E-007  7.208304796073326E-007  7.166196787562875E-007  7.143151578261377E-007  7.118366232727369E-007  7.091372120721954E-007  7.061474196390280E-007  7.027580850861086E-007  6.938641255021807E-007  6.871605867745700E-007  6.757701174171543E-007
   9940.00139256338       8.104165851612437E-007  8.037571609492227E-007  7.966162887207030E-007  7.888998453880938E-007  7.804889809203349E-007  7.712088251064675E-007  7.608001791591633E-007  7.550504961872679E-007  7.488365321328881E-007  7.420408598674767E-007  7.376121231424971E-007  7.344796981990857E-007  7.294502867831448E-007  7.258261080997310E-007  7.198469006207123E-007  7.153641958065363E-007  7.129173201173183E-007  7.102922097903586E-007  7.074419991592737E-007  7.042973025075191E-007  7.007494385915719E-007  6.915371716901237E-007  6.846919037387519E-007  6.732244956055245E-007
   9980.00139816726       8.060138772778213E-007  7.992489208456742E-007  7.920049196782802E-007  7.841882943764044E-007  7.756883460543779E-007  7.663380390564143E-007  7.558909527631049E-007  7.501397479543677E-007  7.439409550927418E-007  7.371826089568262E-007  7.327902250081465E-007  7.296885572170371E-007  7.247183585993223E-007  7.211436211701901E-007  7.152576348207076E-007  7.108537450843033E-007  7.084529067343140E-007  7.058795376811530E-007  7.030882243532865E-007  7.000117876936147E-007  6.965450406445686E-007  6.875634884537014E-007  6.809084940819031E-007  6.698011336108904E-007
   10020.0014037711       8.000467312728371E-007  7.933528934368083E-007  7.861821717531147E-007  7.784465009996779E-007  7.700320144804839E-007  7.607758528451090E-007  7.504329784844650E-007  7.447391174026305E-007  7.386010777436315E-007  7.319083737112168E-007  7.275581970938971E-007  7.244860520199727E-007  7.195626188927962E-007  7.160211721248979E-007  7.101891412465280E-007  7.058249477994473E-007  7.034454373118086E-007  7.008947477278411E-007  6.981277603671467E-007  6.950778238488074E-007  6.916405858297825E-007  6.827339360823429E-007  6.761331741998531E-007  6.651143817013402E-007
   20000.0028019384       2.136007686141945E-007  2.124864129901095E-007  2.112878339899907E-007  2.099871384715745E-007  2.085621384943424E-007  2.069795776504047E-007  2.051886186811885E-007  2.041900789707002E-007  2.031010925001189E-007  2.018952800499580E-007  2.010986654838967E-007  2.005287321756232E-007  1.996002911248968E-007  1.989191844665263E-007  1.977694118876493E-007  1.968836405803671E-007  1.963910495180479E-007  1.958553791999706E-007  1.952653906964004E-007  1.946044153170240E-007  1.938461092197671E-007  1.918131361446816E-007  1.902434726782613E-007  1.875287507821747E-007
   40000.0056038768       5.427994917607294E-008  5.409686932100716E-008  5.389996397370510E-008  5.368621157149586E-008  5.345113848483231E-008  5.318793985215225E-008  5.288542031528686E-008  5.271368708567462E-008  5.252332671189166E-008  5.230826002945624E-008  5.216348237687345E-008  5.205852748096787E-008  5.188496679496952E-008  5.175549654483828E-008  5.153237575557135E-008  5.135604475543440E-008  5.125608605975281E-008  5.114570207897565E-008  5.102196739260799E-008  5.088053593945784E-008  5.071455629214528E-008  5.025124063955218E-008  4.987878550521228E-008  4.921526504396991E-008
   60000.0084058152       2.412007333878252E-008  2.405640453323409E-008  2.398746841057334E-008  2.391203234149995E-008  2.382831756980418E-008  2.373369153489259E-008  2.362386355307786E-008  2.356101537853802E-008  2.349085096956512E-008  2.341075585384524E-008  2.335619430007833E-008  2.331624581328283E-008  2.324935095570665E-008  2.319871300172368E-008  2.310989481937968E-008  2.303833152507720E-008  2.299725441888417E-008  2.295149284466387E-008  2.289973141563531E-008  2.284001910246321E-008  2.276928450716318E-008  2.256887630740440E-008  2.240532386621532E-008  2.210980440649409E-008
   80000.0112077536       1.353591644273841E-008  1.350517144257003E-008  1.347180130885695E-008  1.343518726077182E-008  1.339442977010069E-008  1.334811797207506E-008  1.329383684182805E-008  1.326241126878911E-008  1.322694236995474E-008  1.318591082398624E-008  1.315762142803196E-008  1.313673844198834E-008  1.310146071064009E-008  1.307451338391852E-008  1.302678900708111E-008  1.298795941633367E-008  1.296553916564128E-008  1.294046135416912E-008  1.291198015056461E-008  1.287898686992614E-008  1.283972922865913E-008  1.272754736483280E-008  1.263506399458034E-008  1.246697187862085E-008
   100000.014009692       8.640348272334230E-009  8.622773580115736E-009  8.603644674419476E-009  8.582562969217939E-009  8.558933676281964E-009  8.531820078639507E-009  8.499629832530406E-009  8.480783968849312E-009  8.459334320100215E-009  8.434297411820785E-009  8.416906117367335E-009  8.404005402299515E-009  8.382101581666190E-009  8.365285601461583E-009  8.335349125215877E-009  8.310865950962698E-009  8.296683303220047E-009  8.280781630266393E-009  8.262674207342094E-009  8.241634947672561E-009  8.216513031703760E-009  8.144257044897287E-009  8.084376509402376E-009  7.975602662186919E-009
   120000.016811630       5.985344039232389E-009  5.974099242904439E-009  5.961795594919791E-009  5.948147073387939E-009  5.932731362458459E-009  5.914887404895146E-009  5.893496516804537E-009  5.880876605956715E-009  5.866433682864739E-009  5.849478528045938E-009  5.837646663228859E-009  5.828844278613314E-009  5.813854252487990E-009  5.802311602749033E-009  5.781695345191428E-009  5.764772605833581E-009  5.754943986323361E-009  5.743901537420431E-009  5.731298550530683E-009  5.716617964494866E-009  5.699041936727377E-009  5.648309648945314E-009  5.606229833228388E-009  5.529983376683617E-009
   140000.019613569       4.387243435882319E-009  4.379430148243813E-009  4.370837521688266E-009  4.361252820745817E-009  4.350362480145371E-009  4.337676262324808E-009  4.322364391182442E-009  4.313283352360551E-009  4.302852540552161E-009  4.290562271426485E-009  4.281960424014026E-009  4.275548771132438E-009  4.264607308128726E-009  4.256163032035709E-009  4.241038936720170E-009  4.228583573264852E-009  4.221332858205489E-009  4.213172799146832E-009  4.203843234013565E-009  4.192957271649444E-009  4.179905290652109E-009  4.142196175494120E-009  4.110958414680998E-009  4.054476203260454E-009
   160000.022415507       3.351737643824641E-009  3.345976532977334E-009  3.339615474523079E-009  3.332490195860437E-009  3.324358463304916E-009  3.314841665405736E-009  3.303299768052592E-009  3.296429980101325E-009  3.288519591872457E-009  3.279175116340162E-009  3.272620599522946E-009  3.267727402566096E-009  3.259362003651814E-009  3.252892468728873E-009  3.241275777873160E-009  3.231681862327399E-009  3.226086957622872E-009  3.219783052097596E-009  3.212568163348856E-009  3.204142830994634E-009  3.194036683694049E-009  3.164855128625015E-009  3.140723300571359E-009  3.097142312521143E-009
